{"type":"FeatureCollection","source":"https://services5.arcgis.com/ROBnTHSNjoZ2Wm1P/arcgis/rest/services/Parcels/FeatureServer/0","retrieved":"2026-09-25","features":[{"type":"Feature","geometry":{"type":"Polygon","coordinates":[[[-122.244309,37.875396],[-122.24373,37.875172],[-122.243408,37.874913],[-122.243635,37.874762],[-122.24363,37.874719],[-122.245194,37.874609],[-122.245172,37.874709],[-122.245038,37.874848],[-122.244772,37.875063],[-122.244571,37.875295],[-122.24444,37.87548],[-122.244309,37.875396]]]},"properties":{"APN":"48H-7753-39-1","SitusAddress":" SPRING AVE OAKLAND 94704"}},{"type":"Feature","geometry":{"type":"Polygon","coordinates":[[[-122.239688,37.876016],[-122.240248,37.875986],[-122.240595,37.875727],[-122.240767,37.875463],[-122.241012,37.875356],[-122.241094,37.875295],[-122.241251,37.875179],[-122.241287,37.874966],[-122.241388,37.874825],[-122.241555,37.874721],[-122.241603,37.874677],[-122.241728,37.874558],[-122.241826,37.87452],[-122.242093,37.874973],[-122.242358,37.875117],[-122.242667,37.875087],[-122.242861,37.875171],[-122.243193,37.875535],[-122.243604,37.87572],[-122.243793,37.875729],[-122.244002,37.875738],[-122.244367,37.875806],[-122.244689,37.875353],[-122.244879,37.875133],[-122.245142,37.87492],[-122.245303,37.874754],[-122.245337,37.874599],[-122.24571,37.874572],[-122.245879,37.876085],[-122.23973,37.876405],[-122.239688,37.876016]]]},"properties":{"APN":"48H-7755-29-1","SitusAddress":" BAILEY AVE OAKLAND 94704"}},{"type":"Feature","geometry":{"type":"Polygon","coordinates":[[[-122.239535,37.874602],[-122.239835,37.874559],[-122.239967,37.874442],[-122.240284,37.874597],[-122.240594,37.874476],[-122.240767,37.874296],[-122.240737,37.874055],[-122.240832,37.873851],[-122.241172,37.873531],[-122.241482,37.873402],[-122.241574,37.873863],[-122.241388,37.874008],[-122.241394,37.874199],[-122.241621,37.874489],[-122.241496,37.874606],[-122.241459,37.874642],[-122.241282,37.874751],[-122.241153,37.87493],[-122.24112,37.875125],[-122.240999,37.875215],[-122.24093,37.875267],[-122.240664,37.875383],[-122.240483,37.87566],[-122.240189,37.875879],[-122.239676,37.875907],[-122.239535,37.874602]]]},"properties":{"APN":"48H-7755-29-1","SitusAddress":" BAILEY AVE OAKLAND 94704"}},{"type":"Feature","geometry":{"type":"Polygon","coordinates":[[[-122.241574,37.873863],[-122.241482,37.873402],[-122.242322,37.873536],[-122.242499,37.873644],[-122.24249,37.874599],[-122.242957,37.874772],[-122.243234,37.874939],[-122.242977,37.87511],[-122.242955,37.875087],[-122.242694,37.874973],[-122.242393,37.875003],[-122.242203,37.874899],[-122.241934,37.874443],[-122.242133,37.874352],[-122.2422,37.874112],[-122.24211,37.873911],[-122.242014,37.873841],[-122.24181,37.87381],[-122.241574,37.873863]]]},"properties":{"APN":"48H-7756-17-1","SitusAddress":" BAILEY AVE OAKLAND 94704"}},{"type":"Feature","geometry":{"type":"Polygon","coordinates":[[[-122.243301,37.874984],[-122.243648,37.875263],[-122.244234,37.875489],[-122.244371,37.875577],[-122.244297,37.87568],[-122.244021,37.875629],[-122.243801,37.87562],[-122.243645,37.875612],[-122.243287,37.875451],[-122.243028,37.875166],[-122.243301,37.874984]]]},"properties":{"APN":"48H-7756-17-1","SitusAddress":" BAILEY AVE OAKLAND 94704"}},{"type":"Feature","geometry":{"type":"Polygon","coordinates":[[[-122.239676,37.875907],[-122.240189,37.875879],[-122.240483,37.87566],[-122.240664,37.875383],[-122.24093,37.875267],[-122.240999,37.875215],[-122.24112,37.875125],[-122.241153,37.87493],[-122.241282,37.874751],[-122.241459,37.874642],[-122.241496,37.874606],[-122.241621,37.874489],[-122.241394,37.874199],[-122.241388,37.874008],[-122.241574,37.873863],[-122.24181,37.87381],[-122.242014,37.873841],[-122.24211,37.873911],[-122.2422,37.874112],[-122.242133,37.874352],[-122.241934,37.874443],[-122.242203,37.874899],[-122.242393,37.875003],[-122.242694,37.874973],[-122.242955,37.875087],[-122.242977,37.87511],[-122.243234,37.874939],[-122.242957,37.874772],[-122.24249,37.874599],[-122.242499,37.873644],[-122.242322,37.873536],[-122.241482,37.873402],[-122.241172,37.873531],[-122.240832,37.873851],[-122.240737,37.874055],[-122.240767,37.874296],[-122.240594,37.874476],[-122.240284,37.874597],[-122.239967,37.874442],[-122.239835,37.874559],[-122.239535,37.874602],[-122.239505,37.874321],[-122.239573,37.874347],[-122.239771,37.874138],[-122.239938,37.874038],[-122.240224,37.874056],[-122.240416,37.873571],[-122.240829,37.872822],[-122.240632,37.872824],[-122.239973,37.872509],[-122.24017,37.872475],[-122.24067,37.872714],[-122.241158,37.872709],[-122.24145,37.872625],[-122.241796,37.872608],[-122.242125,37.872519],[-122.242678,37.872498],[-122.243287,37.872675],[-122.243301,37.872796],[-122.242657,37.872608],[-122.242151,37.872628],[-122.241823,37.872717],[-122.24165,37.872726],[-122.241671,37.87332],[-122.242381,37.873433],[-122.242638,37.87359],[-122.24263,37.874529],[-122.243029,37.874678],[-122.243343,37.874867],[-122.243523,37.874747],[-122.243521,37.874727],[-122.24363,37.874719],[-122.243635,37.874762],[-122.243408,37.874913],[-122.24373,37.875172],[-122.244309,37.875396],[-122.24444,37.87548],[-122.244571,37.875295],[-122.244772,37.875063],[-122.245038,37.874848],[-122.245172,37.874709],[-122.245194,37.874609],[-122.245337,37.874599],[-122.245303,37.874754],[-122.245142,37.87492],[-122.244879,37.875133],[-122.244689,37.875353],[-122.244367,37.875806],[-122.244002,37.875738],[-122.243793,37.875729],[-122.243604,37.87572],[-122.243193,37.875535],[-122.242861,37.875171],[-122.242667,37.875087],[-122.242358,37.875117],[-122.242093,37.874973],[-122.241826,37.87452],[-122.241728,37.874558],[-122.241603,37.874677],[-122.241555,37.874721],[-122.241388,37.874825],[-122.241287,37.874966],[-122.241251,37.875179],[-122.241094,37.875295],[-122.241012,37.875356],[-122.240767,37.875463],[-122.240595,37.875727],[-122.240248,37.875986],[-122.239688,37.876016],[-122.239676,37.875907]],[[-122.239665,37.874432],[-122.239668,37.874471],[-122.239764,37.874458],[-122.239941,37.874301],[-122.240291,37.874472],[-122.240504,37.874389],[-122.240624,37.874264],[-122.240596,37.87404],[-122.24071,37.873795],[-122.241084,37.873444],[-122.241461,37.873286],[-122.241618,37.873311],[-122.241598,37.872728],[-122.241478,37.872734],[-122.240945,37.872886],[-122.240546,37.873609],[-122.240323,37.874172],[-122.23998,37.874151],[-122.23987,37.874216],[-122.239665,37.874432]],[[-122.243301,37.874984],[-122.243028,37.875166],[-122.243287,37.875451],[-122.243645,37.875612],[-122.243801,37.87562],[-122.244021,37.875629],[-122.244297,37.87568],[-122.244371,37.875577],[-122.244234,37.875489],[-122.243648,37.875263],[-122.243301,37.874984]],[[-122.241814,37.873867],[-122.24161,37.873912],[-122.241458,37.87403],[-122.241463,37.874183],[-122.241677,37.874456],[-122.241827,37.874397],[-122.241894,37.874366],[-122.241911,37.87439],[-122.242072,37.874317],[-122.242128,37.874115],[-122.242051,37.873942],[-122.241981,37.873892],[-122.241814,37.873867]]]},"properties":{"APN":"48H-7756-999-99","SitusAddress":null}},{"type":"Feature","geometry":{"type":"Polygon","coordinates":[[[-122.24669,37.883313],[-122.246713,37.883558],[-122.246745,37.883813],[-122.245068,37.883926],[-122.242569,37.882129],[-122.241714,37.882496],[-122.241727,37.882479],[-122.241734,37.882468],[-122.241741,37.882458],[-122.241747,37.882447],[-122.241754,37.882436],[-122.24176,37.882425],[-122.241766,37.882414],[-122.241772,37.882403],[-122.241777,37.882392],[-122.241782,37.882381],[-122.241787,37.88237],[-122.241792,37.882359],[-122.241796,37.882347],[-122.241801,37.882336],[-122.241805,37.882325],[-122.241808,37.882313],[-122.241812,37.882301],[-122.241815,37.88229],[-122.241818,37.882278],[-122.24182,37.882266],[-122.241823,37.882255],[-122.241825,37.882243],[-122.241827,37.882231],[-122.241829,37.88222],[-122.24183,37.882211],[-122.241833,37.882201],[-122.241835,37.882191],[-122.241837,37.882181],[-122.24184,37.882171],[-122.241843,37.882162],[-122.241846,37.882152],[-122.241849,37.882142],[-122.241853,37.882133],[-122.241857,37.882123],[-122.241861,37.882114],[-122.241865,37.882104],[-122.241869,37.882095],[-122.241874,37.882086],[-122.241878,37.882077],[-122.241883,37.882067],[-122.241889,37.882058],[-122.241894,37.882049],[-122.2419,37.88204],[-122.241905,37.882032],[-122.241911,37.882023],[-122.241918,37.882014],[-122.241924,37.882006],[-122.24193,37.881997],[-122.241937,37.881989],[-122.241944,37.88198],[-122.241951,37.881972],[-122.241958,37.881964],[-122.241966,37.881956],[-122.241974,37.881948],[-122.241981,37.88194],[-122.241989,37.881932],[-122.241997,37.881925],[-122.242006,37.881917],[-122.242014,37.88191],[-122.242023,37.881903],[-122.242032,37.881896],[-122.242041,37.881889],[-122.24205,37.881882],[-122.242059,37.881875],[-122.242068,37.881868],[-122.242078,37.881862],[-122.242088,37.881856],[-122.242097,37.881849],[-122.242107,37.881843],[-122.242118,37.881837],[-122.242128,37.881831],[-122.242138,37.881826],[-122.242149,37.88182],[-122.242159,37.881815],[-122.24217,37.88181],[-122.242181,37.881805],[-122.242192,37.8818],[-122.242203,37.881795],[-122.242214,37.88179],[-122.242225,37.881786],[-122.242236,37.881781],[-122.242248,37.881777],[-122.242259,37.881773],[-122.242271,37.88177],[-122.242283,37.881766],[-122.242294,37.881762],[-122.242309,37.881758],[-122.242323,37.881753],[-122.242336,37.881748],[-122.24235,37.881742],[-122.242364,37.881737],[-122.242377,37.881731],[-122.24239,37.881726],[-122.242404,37.88172],[-122.242417,37.881713],[-122.24243,37.881707],[-122.242442,37.881701],[-122.242455,37.881694],[-122.242468,37.881687],[-122.24248,37.88168],[-122.242492,37.881673],[-122.242504,37.881665],[-122.242516,37.881658],[-122.242528,37.88165],[-122.242539,37.881642],[-122.242551,37.881634],[-122.242562,37.881626],[-122.242573,37.881618],[-122.242583,37.881609],[-122.242594,37.881601],[-122.242604,37.881592],[-122.242615,37.881583],[-122.242625,37.881574],[-122.242635,37.881565],[-122.242644,37.881555],[-122.242654,37.881546],[-122.242663,37.881536],[-122.242672,37.881527],[-122.242681,37.881517],[-122.242689,37.881507],[-122.242697,37.881497],[-122.242706,37.881486],[-122.242713,37.881476],[-122.242721,37.881466],[-122.242728,37.881455],[-122.242736,37.881445],[-122.242743,37.881434],[-122.242749,37.881423],[-122.242756,37.881412],[-122.242762,37.881401],[-122.242768,37.88139],[-122.242774,37.881379],[-122.242841,37.881245],[-122.242845,37.881239],[-122.242848,37.881235],[-122.242851,37.88123],[-122.242855,37.881226],[-122.242858,37.881221],[-122.242861,37.881217],[-122.242865,37.881212],[-122.242869,37.881208],[-122.242872,37.881204],[-122.242876,37.8812],[-122.24288,37.881195],[-122.242884,37.881191],[-122.242888,37.881187],[-122.242893,37.881183],[-122.242897,37.881179],[-122.242901,37.881176],[-122.242906,37.881172],[-122.24291,37.881168],[-122.242915,37.881164],[-122.24292,37.881161],[-122.242925,37.881157],[-122.24293,37.881154],[-122.242934,37.88115],[-122.24294,37.881147],[-122.242945,37.881144],[-122.24295,37.881141],[-122.242955,37.881138],[-122.24296,37.881134],[-122.242966,37.881132],[-122.242971,37.881129],[-122.242977,37.881126],[-122.242982,37.881123],[-122.242988,37.88112],[-122.242994,37.881118],[-122.242999,37.881115],[-122.243005,37.881113],[-122.243011,37.881111],[-122.243017,37.881108],[-122.243023,37.881106],[-122.243029,37.881104],[-122.243035,37.881102],[-122.243041,37.8811],[-122.243047,37.881098],[-122.243053,37.881096],[-122.243059,37.881095],[-122.243066,37.881093],[-122.243072,37.881092],[-122.243078,37.88109],[-122.243085,37.881089],[-122.243091,37.881088],[-122.243097,37.881086],[-122.243104,37.881085],[-122.24311,37.881084],[-122.243117,37.881084],[-122.243123,37.881083],[-122.24313,37.881082],[-122.243136,37.881081],[-122.243143,37.881081],[-122.243149,37.88108],[-122.243156,37.88108],[-122.243162,37.88108],[-122.243169,37.88108],[-122.243175,37.88108],[-122.243182,37.88108],[-122.243188,37.88108],[-122.243195,37.88108],[-122.243202,37.88108],[-122.243208,37.881081],[-122.243215,37.881081],[-122.243221,37.881082],[-122.243228,37.881082],[-122.243234,37.881083],[-122.243241,37.881084],[-122.243247,37.881085],[-122.243253,37.881086],[-122.24326,37.881087],[-122.243266,37.881088],[-122.243273,37.881089],[-122.243279,37.881091],[-122.24353,37.881146],[-122.243533,37.881147],[-122.243536,37.881148],[-122.243539,37.881148],[-122.243541,37.881149],[-122.243544,37.88115],[-122.243547,37.881151],[-122.24355,37.881152],[-122.243552,37.881153],[-122.243555,37.881154],[-122.243558,37.881154],[-122.24356,37.881155],[-122.243563,37.881157],[-122.243565,37.881158],[-122.243568,37.881159],[-122.24357,37.88116],[-122.243573,37.881161],[-122.243575,37.881162],[-122.243578,37.881164],[-122.24358,37.881165],[-122.243583,37.881166],[-122.243585,37.881168],[-122.243587,37.881169],[-122.24359,37.88117],[-122.243592,37.881172],[-122.243594,37.881173],[-122.243596,37.881175],[-122.243599,37.881176],[-122.243601,37.881178],[-122.243603,37.88118],[-122.243605,37.881181],[-122.243607,37.881183],[-122.243609,37.881185],[-122.243611,37.881186],[-122.243613,37.881188],[-122.243615,37.88119],[-122.243616,37.881192],[-122.243618,37.881193],[-122.24362,37.881195],[-122.243622,37.881197],[-122.243623,37.881199],[-122.243625,37.881201],[-122.243626,37.881203],[-122.243628,37.881205],[-122.24363,37.881207],[-122.243631,37.881209],[-122.243632,37.881211],[-122.243634,37.881213],[-122.243635,37.881215],[-122.243636,37.881217],[-122.243638,37.881219],[-122.243639,37.881221],[-122.24364,37.881223],[-122.243641,37.881226],[-122.243642,37.881228],[-122.243643,37.88123],[-122.243644,37.881232],[-122.243645,37.881234],[-122.243646,37.881237],[-122.243647,37.881239],[-122.243647,37.881241],[-122.243648,37.881243],[-122.243649,37.881245],[-122.243649,37.881248],[-122.24365,37.88125],[-122.24365,37.881252],[-122.243651,37.881255],[-122.243651,37.881257],[-122.243651,37.881259],[-122.243652,37.881261],[-122.243652,37.881264],[-122.243652,37.881266],[-122.243652,37.881268],[-122.243652,37.881271],[-122.243652,37.881273],[-122.243652,37.881275],[-122.243652,37.881278],[-122.243652,37.88128],[-122.243652,37.881282],[-122.243652,37.881285],[-122.243652,37.881287],[-122.243651,37.881289],[-122.243651,37.881291],[-122.243651,37.881294],[-122.24365,37.881296],[-122.24365,37.881298],[-122.243649,37.881301],[-122.243648,37.881303],[-122.243648,37.881305],[-122.243542,37.881652],[-122.24354,37.88167],[-122.243539,37.881681],[-122.243539,37.881692],[-122.243539,37.881703],[-122.243539,37.881714],[-122.243539,37.881725],[-122.243539,37.881735],[-122.24354,37.881746],[-122.243541,37.881757],[-122.243542,37.881768],[-122.243543,37.881779],[-122.243545,37.88179],[-122.243547,37.881801],[-122.243549,37.881812],[-122.243551,37.881823],[-122.243554,37.881833],[-122.243557,37.881844],[-122.24356,37.881855],[-122.243563,37.881865],[-122.243567,37.881876],[-122.243571,37.881887],[-122.243575,37.881897],[-122.243579,37.881908],[-122.243583,37.881918],[-122.243588,37.881928],[-122.243593,37.881938],[-122.243598,37.881949],[-122.243604,37.881959],[-122.243609,37.881969],[-122.243615,37.881979],[-122.243621,37.881989],[-122.243627,37.881998],[-122.243634,37.882008],[-122.24364,37.882018],[-122.243647,37.882027],[-122.243654,37.882037],[-122.243662,37.882046],[-122.243669,37.882055],[-122.243677,37.882064],[-122.243685,37.882073],[-122.243693,37.882082],[-122.243701,37.882091],[-122.24371,37.8821],[-122.243718,37.882108],[-122.243727,37.882117],[-122.243736,37.882125],[-122.243746,37.882133],[-122.243755,37.882141],[-122.243765,37.882149],[-122.243774,37.882157],[-122.243784,37.882164],[-122.243794,37.882172],[-122.243805,37.882179],[-122.243815,37.882186],[-122.243826,37.882194],[-122.243836,37.8822],[-122.243847,37.882207],[-122.243858,37.882214],[-122.243869,37.88222],[-122.243881,37.882227],[-122.243892,37.882233],[-122.243904,37.882239],[-122.244883,37.882736],[-122.244943,37.882764],[-122.244974,37.882777],[-122.245005,37.88279],[-122.245036,37.882802],[-122.245067,37.882814],[-122.245099,37.882826],[-122.245131,37.882837],[-122.245164,37.882848],[-122.245196,37.882858],[-122.245229,37.882868],[-122.245262,37.882877],[-122.245295,37.882886],[-122.245328,37.882895],[-122.245362,37.882903],[-122.245396,37.88291],[-122.24669,37.883313]]]},"properties":{"APN":"48H-7800-1-2","SitusAddress":" GRIZZLY PEAK BLVD OAKLAND 94704"}},{"type":"Feature","geometry":{"type":"Polygon","coordinates":[[[-122.23856,37.882438],[-122.238227,37.882417],[-122.238215,37.882418],[-122.238204,37.882419],[-122.238192,37.88242],[-122.238181,37.882422],[-122.238169,37.882423],[-122.238158,37.882425],[-122.238146,37.882426],[-122.238135,37.882428],[-122.238123,37.88243],[-122.238112,37.882432],[-122.238101,37.882435],[-122.238089,37.882437],[-122.238078,37.88244],[-122.238067,37.882443],[-122.238056,37.882446],[-122.238045,37.882449],[-122.238034,37.882452],[-122.238023,37.882456],[-122.238013,37.882459],[-122.238002,37.882463],[-122.237991,37.882467],[-122.237981,37.882471],[-122.23797,37.882475],[-122.23796,37.882479],[-122.23795,37.882484],[-122.23794,37.882488],[-122.23793,37.882493],[-122.23792,37.882498],[-122.23791,37.882503],[-122.2379,37.882508],[-122.237891,37.882514],[-122.237881,37.882519],[-122.237872,37.882525],[-122.237863,37.88253],[-122.237853,37.882536],[-122.237844,37.882542],[-122.237836,37.882548],[-122.237827,37.882554],[-122.237818,37.88256],[-122.23781,37.882567],[-122.237802,37.882573],[-122.237793,37.88258],[-122.237785,37.882587],[-122.237778,37.882594],[-122.23777,37.882601],[-122.237762,37.882608],[-122.237755,37.882615],[-122.237748,37.882622],[-122.237741,37.882629],[-122.237734,37.882637],[-122.237727,37.882645],[-122.237721,37.882652],[-122.237714,37.88266],[-122.237708,37.882668],[-122.237702,37.882676],[-122.237696,37.882684],[-122.23769,37.882692],[-122.237685,37.8827],[-122.237678,37.88271],[-122.237674,37.882717],[-122.23767,37.882724],[-122.237666,37.882731],[-122.237662,37.882738],[-122.237659,37.882745],[-122.237655,37.882752],[-122.237652,37.882759],[-122.237649,37.882767],[-122.237646,37.882774],[-122.237643,37.882781],[-122.23764,37.882789],[-122.237638,37.882796],[-122.237635,37.882807],[-122.237632,37.882815],[-122.237629,37.882824],[-122.237626,37.882832],[-122.237623,37.882841],[-122.23762,37.882849],[-122.237616,37.882858],[-122.237612,37.882866],[-122.237608,37.882874],[-122.237604,37.882882],[-122.2376,37.882891],[-122.237596,37.882898],[-122.236701,37.882799],[-122.236141,37.882648],[-122.23614,37.882639],[-122.23614,37.882629],[-122.236139,37.88262],[-122.23614,37.882611],[-122.23614,37.882602],[-122.23614,37.882592],[-122.236141,37.882583],[-122.236142,37.882574],[-122.236143,37.882565],[-122.236144,37.882555],[-122.236146,37.882546],[-122.236147,37.882537],[-122.236149,37.882528],[-122.236151,37.882519],[-122.236154,37.88251],[-122.236156,37.882501],[-122.236159,37.882492],[-122.236162,37.882483],[-122.236165,37.882474],[-122.236168,37.882465],[-122.236171,37.882456],[-122.236175,37.882447],[-122.236179,37.882438],[-122.236183,37.88243],[-122.236187,37.882421],[-122.236192,37.882412],[-122.236196,37.882404],[-122.236201,37.882395],[-122.236206,37.882387],[-122.236211,37.882379],[-122.236217,37.882371],[-122.236225,37.882359],[-122.236228,37.882353],[-122.236232,37.882347],[-122.236235,37.882341],[-122.236239,37.882335],[-122.236242,37.882329],[-122.236245,37.882323],[-122.236248,37.882317],[-122.23625,37.882311],[-122.236253,37.882305],[-122.236255,37.882299],[-122.236258,37.882292],[-122.23626,37.882286],[-122.236262,37.88228],[-122.236264,37.882273],[-122.236266,37.882267],[-122.236267,37.882261],[-122.236269,37.882254],[-122.23627,37.882248],[-122.236271,37.882241],[-122.236272,37.882235],[-122.236273,37.882229],[-122.236274,37.882222],[-122.236275,37.882216],[-122.236275,37.882209],[-122.236276,37.882203],[-122.236276,37.882196],[-122.236276,37.88219],[-122.236276,37.882183],[-122.236276,37.882177],[-122.236275,37.88217],[-122.236275,37.882164],[-122.236274,37.882157],[-122.236273,37.882151],[-122.236272,37.882144],[-122.236271,37.882138],[-122.23627,37.882131],[-122.236269,37.882125],[-122.236267,37.882119],[-122.236266,37.882112],[-122.236264,37.882106],[-122.236262,37.8821],[-122.23626,37.882093],[-122.236258,37.882087],[-122.236255,37.882081],[-122.236253,37.882075],[-122.23625,37.882068],[-122.236247,37.882062],[-122.236245,37.882056],[-122.236242,37.88205],[-122.236238,37.882044],[-122.236235,37.882038],[-122.236232,37.882032],[-122.236228,37.882026],[-122.236225,37.882021],[-122.236221,37.882015],[-122.236217,37.882009],[-122.236213,37.882004],[-122.236209,37.881998],[-122.236204,37.881992],[-122.2362,37.881987],[-122.236195,37.881981],[-122.236191,37.881976],[-122.236186,37.881971],[-122.236181,37.881966],[-122.236176,37.88196],[-122.236171,37.881955],[-122.236166,37.88195],[-122.236161,37.881945],[-122.236155,37.881941],[-122.23615,37.881936],[-122.236144,37.881931],[-122.236138,37.881926],[-122.236132,37.881922],[-122.236126,37.881917],[-122.23612,37.881913],[-122.236114,37.881909],[-122.236108,37.881904],[-122.236102,37.8819],[-122.236095,37.881896],[-122.236089,37.881892],[-122.236082,37.881888],[-122.236075,37.881885],[-122.236069,37.881881],[-122.236062,37.881877],[-122.236055,37.881874],[-122.236048,37.881871],[-122.236041,37.881867],[-122.236034,37.881864],[-122.236026,37.881861],[-122.236019,37.881858],[-122.236012,37.881855],[-122.236004,37.881852],[-122.235997,37.88185],[-122.235989,37.881847],[-122.235982,37.881845],[-122.235974,37.881842],[-122.235967,37.88184],[-122.235959,37.881838],[-122.235951,37.881836],[-122.235943,37.881834],[-122.235935,37.881832],[-122.235927,37.88183],[-122.23592,37.881829],[-122.235912,37.881827],[-122.235904,37.881826],[-122.235896,37.881824],[-122.235887,37.881823],[-122.235879,37.881822],[-122.235871,37.881821],[-122.235863,37.88182],[-122.235855,37.88182],[-122.235847,37.881819],[-122.235839,37.881818],[-122.23583,37.881818],[-122.235822,37.881818],[-122.235814,37.881818],[-122.235806,37.881817],[-122.235798,37.881818],[-122.235789,37.881818],[-122.235781,37.881818],[-122.235773,37.881818],[-122.235765,37.881819],[-122.235757,37.88182],[-122.235749,37.88182],[-122.235741,37.881821],[-122.235732,37.881822],[-122.235724,37.881823],[-122.235716,37.881824],[-122.235708,37.881826],[-122.2357,37.881827],[-122.235692,37.881829],[-122.235684,37.88183],[-122.235674,37.881833],[-122.235634,37.881842],[-122.235595,37.881852],[-122.235556,37.881863],[-122.235518,37.881874],[-122.23548,37.881885],[-122.235442,37.881897],[-122.235404,37.88191],[-122.235366,37.881923],[-122.235317,37.881941],[-122.235313,37.881943],[-122.235309,37.881944],[-122.235304,37.881946],[-122.2353,37.881947],[-122.235296,37.881949],[-122.235291,37.88195],[-122.235287,37.881951],[-122.235282,37.881952],[-122.235278,37.881954],[-122.235273,37.881955],[-122.235268,37.881956],[-122.235264,37.881957],[-122.235259,37.881957],[-122.235254,37.881958],[-122.23525,37.881959],[-122.235245,37.88196],[-122.23524,37.88196],[-122.235236,37.881961],[-122.235231,37.881961],[-122.235226,37.881962],[-122.235222,37.881962],[-122.235217,37.881962],[-122.235212,37.881962],[-122.235207,37.881963],[-122.235203,37.881963],[-122.235198,37.881963],[-122.235193,37.881963],[-122.235188,37.881962],[-122.235184,37.881962],[-122.235179,37.881962],[-122.235174,37.881962],[-122.235169,37.881961],[-122.235165,37.881961],[-122.23516,37.88196],[-122.235155,37.88196],[-122.235151,37.881959],[-122.235146,37.881958],[-122.235141,37.881958],[-122.235137,37.881957],[-122.235132,37.881956],[-122.235127,37.881955],[-122.235123,37.881954],[-122.235118,37.881953],[-122.235114,37.881952],[-122.235109,37.881951],[-122.235105,37.881949],[-122.2351,37.881948],[-122.235096,37.881947],[-122.235092,37.881945],[-122.235087,37.881944],[-122.235083,37.881942],[-122.235079,37.88194],[-122.235074,37.881939],[-122.23507,37.881937],[-122.235066,37.881935],[-122.235062,37.881933],[-122.235058,37.881931],[-122.235054,37.881929],[-122.23505,37.881927],[-122.235046,37.881925],[-122.235042,37.881923],[-122.235038,37.881921],[-122.235034,37.881919],[-122.235031,37.881916],[-122.235027,37.881914],[-122.235023,37.881911],[-122.23502,37.881909],[-122.235016,37.881906],[-122.235013,37.881904],[-122.235009,37.881901],[-122.235006,37.881899],[-122.235002,37.881896],[-122.234996,37.88189],[-122.234991,37.881886],[-122.234987,37.881882],[-122.234982,37.881878],[-122.234978,37.881873],[-122.234973,37.881869],[-122.234969,37.881865],[-122.234965,37.88186],[-122.234961,37.881855],[-122.234957,37.881851],[-122.234953,37.881846],[-122.23495,37.881841],[-122.234946,37.881836],[-122.234943,37.881832],[-122.234939,37.881827],[-122.234936,37.881822],[-122.234933,37.881817],[-122.23493,37.881812],[-122.234927,37.881807],[-122.234924,37.881802],[-122.234921,37.881796],[-122.234919,37.881791],[-122.234916,37.881786],[-122.234914,37.881781],[-122.234911,37.881775],[-122.234909,37.88177],[-122.234907,37.881765],[-122.234905,37.881759],[-122.234904,37.881754],[-122.234902,37.881748],[-122.2349,37.881743],[-122.234899,37.881738],[-122.234898,37.881732],[-122.234896,37.881727],[-122.234895,37.881721],[-122.234894,37.881711],[-122.234893,37.881705],[-122.234891,37.8817],[-122.23489,37.881694],[-122.234889,37.881689],[-122.234887,37.881683],[-122.234885,37.881678],[-122.234883,37.881672],[-122.234881,37.881667],[-122.234879,37.881661],[-122.234877,37.881656],[-122.234875,37.88165],[-122.234872,37.881645],[-122.23487,37.88164],[-122.234867,37.881635],[-122.234864,37.881629],[-122.234861,37.881624],[-122.234858,37.881619],[-122.234855,37.881614],[-122.234852,37.881609],[-122.234849,37.881604],[-122.234845,37.881599],[-122.234842,37.881594],[-122.234838,37.881589],[-122.234834,37.881584],[-122.23483,37.88158],[-122.234826,37.881575],[-122.234822,37.88157],[-122.234818,37.881566],[-122.234814,37.881561],[-122.234809,37.881557],[-122.234805,37.881552],[-122.2348,37.881548],[-122.234796,37.881544],[-122.234791,37.881539],[-122.234786,37.881535],[-122.234781,37.881531],[-122.234776,37.881527],[-122.234771,37.881523],[-122.234766,37.881519],[-122.23476,37.881516],[-122.234755,37.881512],[-122.234749,37.881508],[-122.234744,37.881505],[-122.234738,37.881501],[-122.234732,37.881498],[-122.234727,37.881494],[-122.234721,37.881491],[-122.234715,37.881488],[-122.234709,37.881485],[-122.234703,37.881482],[-122.234697,37.881479],[-122.234691,37.881476],[-122.234684,37.881473],[-122.234678,37.881471],[-122.234672,37.881468],[-122.234665,37.881466],[-122.234659,37.881463],[-122.234652,37.881461],[-122.234646,37.881459],[-122.234639,37.881457],[-122.234632,37.881455],[-122.234626,37.881453],[-122.234619,37.881451],[-122.234612,37.881449],[-122.234605,37.881447],[-122.234589,37.881444],[-122.234574,37.88144],[-122.234559,37.881435],[-122.234544,37.881431],[-122.234529,37.881427],[-122.234514,37.881422],[-122.2345,37.881417],[-122.234485,37.881412],[-122.23447,37.881406],[-122.234456,37.881401],[-122.234442,37.881395],[-122.234428,37.881389],[-122.234414,37.881383],[-122.2344,37.881376],[-122.234386,37.88137],[-122.234373,37.881363],[-122.234355,37.881354],[-122.234349,37.881351],[-122.234342,37.881348],[-122.234336,37.881344],[-122.234329,37.881341],[-122.234322,37.881338],[-122.234316,37.881335],[-122.234309,37.881333],[-122.234302,37.88133],[-122.234295,37.881327],[-122.234288,37.881325],[-122.234281,37.881322],[-122.234274,37.88132],[-122.234266,37.881318],[-122.234259,37.881316],[-122.234252,37.881314],[-122.234244,37.881312],[-122.234237,37.88131],[-122.23423,37.881308],[-122.234222,37.881306],[-122.234215,37.881305],[-122.234207,37.881303],[-122.2342,37.881302],[-122.234192,37.881301],[-122.234184,37.8813],[-122.234177,37.881299],[-122.234169,37.881298],[-122.234162,37.881297],[-122.234154,37.881297],[-122.234146,37.881296],[-122.234138,37.881295],[-122.234131,37.881295],[-122.234123,37.881295],[-122.234115,37.881295],[-122.234108,37.881295],[-122.2341,37.881295],[-122.234092,37.881295],[-122.234084,37.881295],[-122.234077,37.881296],[-122.234069,37.881296],[-122.234061,37.881297],[-122.234054,37.881297],[-122.234046,37.881298],[-122.234038,37.881299],[-122.234031,37.8813],[-122.234023,37.881301],[-122.234016,37.881303],[-122.234008,37.881304],[-122.234001,37.881305],[-122.233993,37.881307],[-122.233986,37.881309],[-122.233978,37.88131],[-122.233971,37.881312],[-122.233964,37.881314],[-122.233956,37.881316],[-122.233949,37.881318],[-122.233942,37.881321],[-122.23393,37.881324],[-122.233926,37.881326],[-122.233922,37.881327],[-122.233919,37.881328],[-122.233915,37.881329],[-122.233911,37.881331],[-122.233906,37.881332],[-122.233902,37.881333],[-122.233898,37.881334],[-122.233894,37.881334],[-122.23389,37.881335],[-122.233886,37.881336],[-122.233882,37.881337],[-122.233878,37.881337],[-122.233874,37.881338],[-122.233869,37.881339],[-122.233865,37.881339],[-122.233861,37.881339],[-122.233857,37.88134],[-122.233852,37.88134],[-122.233848,37.88134],[-122.233844,37.881341],[-122.23384,37.881341],[-122.233835,37.881341],[-122.233831,37.881341],[-122.233827,37.881341],[-122.233823,37.881341],[-122.233818,37.88134],[-122.233814,37.88134],[-122.23381,37.88134],[-122.233806,37.88134],[-122.233802,37.881339],[-122.233797,37.881339],[-122.233793,37.881338],[-122.233789,37.881338],[-122.233785,37.881337],[-122.23337,37.881277],[-122.233365,37.881276],[-122.23336,37.881275],[-122.233355,37.881275],[-122.23335,37.881274],[-122.233345,37.881273],[-122.23334,37.881271],[-122.233336,37.88127],[-122.233331,37.881269],[-122.233326,37.881268],[-122.233321,37.881266],[-122.233316,37.881265],[-122.233312,37.881264],[-122.233307,37.881262],[-122.233302,37.88126],[-122.233298,37.881259],[-122.233293,37.881257],[-122.233289,37.881255],[-122.233284,37.881253],[-122.23328,37.881251],[-122.233275,37.881249],[-122.233271,37.881247],[-122.233267,37.881245],[-122.233262,37.881243],[-122.233258,37.881241],[-122.233254,37.881238],[-122.23325,37.881236],[-122.233246,37.881234],[-122.233242,37.881231],[-122.233238,37.881229],[-122.233234,37.881226],[-122.23323,37.881223],[-122.233226,37.881221],[-122.23322,37.881216],[-122.233214,37.881212],[-122.233207,37.881207],[-122.233201,37.881203],[-122.233194,37.881199],[-122.233188,37.881195],[-122.233181,37.881191],[-122.233174,37.881188],[-122.233167,37.881184],[-122.23316,37.88118],[-122.233153,37.881177],[-122.233146,37.881173],[-122.233139,37.88117],[-122.233131,37.881167],[-122.233124,37.881164],[-122.233117,37.881161],[-122.233109,37.881158],[-122.233102,37.881155],[-122.233094,37.881152],[-122.233086,37.88115],[-122.233078,37.881147],[-122.233071,37.881145],[-122.233063,37.881142],[-122.233055,37.88114],[-122.233047,37.881138],[-122.233039,37.881136],[-122.233031,37.881134],[-122.233023,37.881133],[-122.233015,37.881131],[-122.233007,37.88113],[-122.232999,37.881128],[-122.23299,37.881127],[-122.232982,37.881126],[-122.232974,37.881125],[-122.232966,37.881124],[-122.232957,37.881123],[-122.232949,37.881122],[-122.232941,37.881122],[-122.232932,37.881121],[-122.232924,37.881121],[-122.232916,37.881121],[-122.232907,37.88112],[-122.232899,37.88112],[-122.232891,37.881121],[-122.232882,37.881121],[-122.232874,37.881121],[-122.232866,37.881122],[-122.232857,37.881122],[-122.232849,37.881123],[-122.232841,37.881124],[-122.232833,37.881124],[-122.232824,37.881125],[-122.232816,37.881127],[-122.232808,37.881128],[-122.2328,37.881129],[-122.232792,37.881131],[-122.232783,37.881132],[-122.232775,37.881134],[-122.232767,37.881136],[-122.232759,37.881138],[-122.232751,37.88114],[-122.232743,37.881142],[-122.232736,37.881144],[-122.232728,37.881146],[-122.23272,37.881149],[-122.232712,37.881152],[-122.232705,37.881154],[-122.232697,37.881157],[-122.23269,37.88116],[-122.232682,37.881163],[-122.232675,37.881166],[-122.232668,37.881169],[-122.23266,37.881172],[-122.232653,37.881176],[-122.232646,37.881179],[-122.232639,37.881183],[-122.232632,37.881187],[-122.232625,37.88119],[-122.232618,37.881194],[-122.232612,37.881198],[-122.232605,37.881202],[-122.232599,37.881206],[-122.232592,37.881211],[-122.232586,37.881215],[-122.23258,37.881219],[-122.232572,37.881225],[-122.232566,37.881231],[-122.232559,37.881236],[-122.232552,37.881242],[-122.232545,37.881247],[-122.232538,37.881253],[-122.232531,37.881258],[-122.232524,37.881263],[-122.232517,37.881268],[-122.23251,37.881273],[-122.232502,37.881278],[-122.232494,37.881282],[-122.232487,37.881287],[-122.232479,37.881291],[-122.232471,37.881296],[-122.232463,37.8813],[-122.232455,37.881304],[-122.232447,37.881308],[-122.232438,37.881312],[-122.23243,37.881316],[-122.232422,37.88132],[-122.232413,37.881323],[-122.232404,37.881327],[-122.232396,37.88133],[-122.232387,37.881333],[-122.232378,37.881336],[-122.232369,37.881339],[-122.23236,37.881342],[-122.232351,37.881345],[-122.232342,37.881348],[-122.232333,37.88135],[-122.232324,37.881352],[-122.232308,37.881356],[-122.232233,37.881372],[-122.232197,37.881099],[-122.232178,37.880957],[-122.231638,37.876857],[-122.231212,37.873193],[-122.231702,37.872822],[-122.232406,37.872395],[-122.233989,37.872396],[-122.235738,37.872209],[-122.239365,37.872736],[-122.239505,37.874321],[-122.239535,37.874602],[-122.239676,37.875907],[-122.239688,37.876016],[-122.23973,37.876405],[-122.245879,37.876085],[-122.24647,37.881375],[-122.246496,37.881605],[-122.246542,37.881975],[-122.246575,37.882283],[-122.246579,37.882317],[-122.246591,37.882427],[-122.246613,37.882623],[-122.246627,37.882748],[-122.246627,37.882756],[-122.246628,37.882763],[-122.246667,37.883105],[-122.245461,37.882725],[-122.245432,37.882718],[-122.245402,37.882711],[-122.245373,37.882704],[-122.245344,37.882696],[-122.245315,37.882688],[-122.245286,37.882679],[-122.245257,37.88267],[-122.245229,37.882661],[-122.245201,37.882651],[-122.245173,37.882641],[-122.245145,37.882631],[-122.245117,37.88262],[-122.24509,37.882608],[-122.245063,37.882597],[-122.245011,37.882573],[-122.244035,37.882077],[-122.244027,37.882073],[-122.244019,37.882068],[-122.244011,37.882064],[-122.244003,37.88206],[-122.243995,37.882055],[-122.243988,37.88205],[-122.24398,37.882045],[-122.243973,37.882041],[-122.243966,37.882036],[-122.243959,37.88203],[-122.243952,37.882025],[-122.243945,37.88202],[-122.243938,37.882015],[-122.243931,37.882009],[-122.243925,37.882003],[-122.243918,37.881998],[-122.243912,37.881992],[-122.243906,37.881986],[-122.2439,37.88198],[-122.243894,37.881974],[-122.243888,37.881968],[-122.243883,37.881962],[-122.243877,37.881956],[-122.243872,37.881949],[-122.243867,37.881943],[-122.243861,37.881937],[-122.243857,37.88193],[-122.243852,37.881923],[-122.243847,37.881917],[-122.243843,37.88191],[-122.243838,37.881903],[-122.243834,37.881896],[-122.24383,37.88189],[-122.243826,37.881883],[-122.243822,37.881876],[-122.243819,37.881868],[-122.243815,37.881861],[-122.243812,37.881854],[-122.243809,37.881847],[-122.243806,37.88184],[-122.243803,37.881832],[-122.243801,37.881825],[-122.243798,37.881818],[-122.243796,37.88181],[-122.243794,37.881803],[-122.243792,37.881796],[-122.24379,37.881788],[-122.243788,37.881781],[-122.243787,37.881773],[-122.243786,37.881765],[-122.243784,37.881758],[-122.243784,37.88175],[-122.243783,37.881743],[-122.243782,37.881735],[-122.243782,37.881728],[-122.243781,37.88172],[-122.243781,37.881712],[-122.243781,37.881705],[-122.243781,37.881697],[-122.243782,37.881682],[-122.243884,37.88135],[-122.243885,37.881345],[-122.243887,37.881339],[-122.243888,37.881334],[-122.243889,37.881328],[-122.24389,37.881322],[-122.243891,37.881317],[-122.243892,37.881311],[-122.243893,37.881306],[-122.243894,37.8813],[-122.243894,37.881294],[-122.243895,37.881289],[-122.243895,37.881283],[-122.243895,37.881277],[-122.243895,37.881272],[-122.243895,37.881266],[-122.243895,37.88126],[-122.243894,37.881255],[-122.243894,37.881249],[-122.243893,37.881243],[-122.243892,37.881238],[-122.243892,37.881232],[-122.243891,37.881227],[-122.24389,37.881221],[-122.243888,37.881215],[-122.243887,37.88121],[-122.243885,37.881204],[-122.243884,37.881199],[-122.243882,37.881193],[-122.24388,37.881188],[-122.243878,37.881182],[-122.243876,37.881177],[-122.243874,37.881171],[-122.243872,37.881166],[-122.243869,37.881161],[-122.243867,37.881155],[-122.243864,37.88115],[-122.243861,37.881145],[-122.243858,37.88114],[-122.243855,37.881135],[-122.243852,37.88113],[-122.243849,37.881125],[-122.243846,37.88112],[-122.243842,37.881115],[-122.243839,37.88111],[-122.243835,37.881105],[-122.243831,37.8811],[-122.243827,37.881095],[-122.243823,37.88109],[-122.243819,37.881086],[-122.243815,37.881081],[-122.243811,37.881077],[-122.243806,37.881072],[-122.243802,37.881068],[-122.243797,37.881063],[-122.243793,37.881059],[-122.243788,37.881055],[-122.243783,37.881051],[-122.243778,37.881047],[-122.243773,37.881043],[-122.243768,37.881039],[-122.243763,37.881035],[-122.243757,37.881031],[-122.243752,37.881027],[-122.243747,37.881024],[-122.243741,37.88102],[-122.243735,37.881017],[-122.24373,37.881013],[-122.243724,37.88101],[-122.243718,37.881007],[-122.243712,37.881003],[-122.243706,37.881],[-122.2437,37.880997],[-122.243694,37.880994],[-122.243688,37.880992],[-122.243681,37.880989],[-122.243675,37.880986],[-122.243669,37.880984],[-122.243662,37.880981],[-122.243656,37.880979],[-122.243649,37.880976],[-122.243643,37.880974],[-122.243636,37.880972],[-122.24363,37.88097],[-122.243623,37.880968],[-122.243616,37.880966],[-122.243609,37.880964],[-122.243602,37.880963],[-122.243595,37.880961],[-122.243344,37.880905],[-122.243334,37.880903],[-122.243323,37.880901],[-122.243313,37.880899],[-122.243302,37.880897],[-122.243292,37.880896],[-122.243281,37.880894],[-122.243271,37.880893],[-122.24326,37.880892],[-122.243249,37.880891],[-122.243238,37.88089],[-122.243228,37.880889],[-122.243217,37.880888],[-122.243206,37.880888],[-122.243195,37.880888],[-122.243185,37.880887],[-122.243174,37.880887],[-122.243163,37.880887],[-122.243152,37.880888],[-122.243141,37.880888],[-122.243131,37.880889],[-122.24312,37.880889],[-122.243109,37.88089],[-122.243098,37.880891],[-122.243088,37.880893],[-122.243077,37.880894],[-122.243066,37.880895],[-122.243056,37.880897],[-122.243045,37.880899],[-122.243035,37.880901],[-122.243024,37.880903],[-122.243014,37.880905],[-122.243004,37.880907],[-122.242993,37.88091],[-122.242983,37.880912],[-122.242973,37.880915],[-122.242963,37.880918],[-122.242953,37.880921],[-122.242943,37.880924],[-122.242933,37.880928],[-122.242923,37.880931],[-122.242913,37.880935],[-122.242903,37.880938],[-122.242894,37.880942],[-122.242884,37.880946],[-122.242875,37.88095],[-122.242865,37.880955],[-122.242856,37.880959],[-122.242847,37.880963],[-122.242838,37.880968],[-122.242829,37.880973],[-122.24282,37.880978],[-122.242811,37.880983],[-122.242803,37.880988],[-122.242794,37.880993],[-122.242786,37.880998],[-122.242777,37.881004],[-122.242769,37.88101],[-122.242761,37.881015],[-122.242753,37.881021],[-122.242746,37.881027],[-122.242738,37.881033],[-122.24273,37.881039],[-122.242723,37.881045],[-122.242716,37.881052],[-122.242709,37.881058],[-122.242702,37.881065],[-122.242695,37.881071],[-122.242688,37.881078],[-122.242682,37.881085],[-122.242675,37.881092],[-122.242669,37.881099],[-122.242663,37.881106],[-122.242657,37.881113],[-122.242651,37.88112],[-122.242646,37.881128],[-122.24264,37.881135],[-122.242635,37.881142],[-122.24263,37.88115],[-122.242625,37.881158],[-122.242619,37.881167],[-122.242549,37.881308],[-122.242544,37.881316],[-122.24254,37.881324],[-122.242536,37.881332],[-122.242531,37.88134],[-122.242526,37.881347],[-122.242521,37.881355],[-122.242516,37.881363],[-122.24251,37.88137],[-122.242505,37.881378],[-122.242499,37.881385],[-122.242493,37.881393],[-122.242487,37.8814],[-122.242481,37.881407],[-122.242475,37.881414],[-122.242468,37.881421],[-122.242462,37.881428],[-122.242455,37.881435],[-122.242448,37.881442],[-122.242441,37.881448],[-122.242434,37.881455],[-122.242426,37.881461],[-122.242419,37.881468],[-122.242411,37.881474],[-122.242403,37.88148],[-122.242395,37.881486],[-122.242387,37.881492],[-122.242379,37.881498],[-122.242371,37.881503],[-122.242362,37.881509],[-122.242354,37.881514],[-122.242345,37.88152],[-122.242336,37.881525],[-122.242328,37.88153],[-122.242319,37.881535],[-122.242309,37.88154],[-122.2423,37.881545],[-122.242291,37.881549],[-122.242281,37.881554],[-122.242272,37.881558],[-122.242262,37.881562],[-122.242253,37.881566],[-122.242243,37.88157],[-122.242233,37.881574],[-122.242223,37.881577],[-122.242206,37.881583],[-122.24219,37.881588],[-122.242175,37.881593],[-122.242159,37.881598],[-122.242144,37.881604],[-122.242129,37.881609],[-122.242114,37.881615],[-122.242099,37.881621],[-122.242084,37.881627],[-122.242069,37.881634],[-122.242054,37.88164],[-122.24204,37.881647],[-122.242026,37.881654],[-122.242012,37.881662],[-122.241998,37.881669],[-122.241984,37.881677],[-122.24197,37.881684],[-122.241957,37.881692],[-122.241944,37.881701],[-122.241931,37.881709],[-122.241918,37.881718],[-122.241905,37.881726],[-122.241892,37.881735],[-122.24188,37.881744],[-122.241868,37.881754],[-122.241856,37.881763],[-122.241844,37.881773],[-122.241833,37.881782],[-122.241822,37.881792],[-122.241811,37.881802],[-122.2418,37.881812],[-122.241789,37.881823],[-122.241779,37.881833],[-122.241769,37.881844],[-122.241759,37.881855],[-122.241749,37.881866],[-122.24174,37.881877],[-122.241731,37.881888],[-122.241722,37.881899],[-122.241713,37.88191],[-122.241705,37.881922],[-122.241697,37.881934],[-122.241689,37.881945],[-122.241681,37.881957],[-122.241674,37.881969],[-122.241666,37.881981],[-122.24166,37.881993],[-122.241653,37.882006],[-122.241647,37.882018],[-122.241641,37.88203],[-122.241635,37.882043],[-122.241629,37.882056],[-122.241624,37.882068],[-122.241619,37.882081],[-122.241615,37.882094],[-122.24161,37.882107],[-122.241606,37.88212],[-122.241602,37.882133],[-122.241599,37.882146],[-122.241596,37.882159],[-122.241593,37.882172],[-122.24159,37.882185],[-122.241586,37.882209],[-122.241585,37.882217],[-122.241583,37.882225],[-122.241581,37.882234],[-122.241579,37.882242],[-122.241577,37.882251],[-122.241575,37.882259],[-122.241573,37.882267],[-122.24157,37.882276],[-122.241567,37.882284],[-122.241564,37.882292],[-122.241561,37.8823],[-122.241558,37.882308],[-122.241554,37.882316],[-122.24155,37.882324],[-122.241546,37.882332],[-122.241542,37.88234],[-122.241538,37.882348],[-122.241534,37.882356],[-122.241529,37.882363],[-122.241524,37.882371],[-122.241519,37.882379],[-122.241514,37.882386],[-122.241509,37.882394],[-122.241504,37.882401],[-122.241498,37.882408],[-122.241492,37.882415],[-122.241486,37.882423],[-122.24148,37.88243],[-122.241474,37.882437],[-122.241468,37.882444],[-122.241461,37.88245],[-122.241454,37.882457],[-122.241448,37.882464],[-122.241441,37.88247],[-122.241434,37.882477],[-122.241426,37.882483],[-122.241419,37.882489],[-122.241411,37.882495],[-122.241404,37.882501],[-122.241396,37.882507],[-122.241388,37.882513],[-122.24138,37.882519],[-122.241372,37.882524],[-122.241364,37.88253],[-122.241355,37.882535],[-122.241347,37.88254],[-122.241338,37.882545],[-122.241329,37.88255],[-122.241321,37.882555],[-122.241312,37.88256],[-122.241303,37.882564],[-122.241293,37.882569],[-122.241284,37.882573],[-122.241275,37.882577],[-122.241265,37.882582],[-122.241256,37.882586],[-122.241246,37.882589],[-122.241236,37.882593],[-122.241226,37.882597],[-122.240757,37.882723],[-122.240741,37.882727],[-122.240725,37.882732],[-122.24071,37.882737],[-122.240694,37.882742],[-122.240679,37.882747],[-122.240663,37.882752],[-122.240648,37.882758],[-122.240633,37.882764],[-122.240618,37.88277],[-122.240603,37.882776],[-122.240589,37.882783],[-122.240574,37.882789],[-122.24056,37.882796],[-122.240546,37.882803],[-122.240532,37.882811],[-122.240518,37.882818],[-122.240504,37.882826],[-122.24049,37.882834],[-122.240477,37.882842],[-122.240464,37.88285],[-122.240451,37.882858],[-122.240438,37.882867],[-122.240425,37.882876],[-122.240413,37.882885],[-122.240401,37.882894],[-122.240389,37.882903],[-122.240377,37.882913],[-122.240365,37.882922],[-122.240354,37.882932],[-122.240343,37.882942],[-122.240332,37.882952],[-122.240321,37.882962],[-122.24031,37.882973],[-122.2403,37.882983],[-122.24029,37.882994],[-122.24028,37.883005],[-122.240271,37.883015],[-122.240261,37.883027],[-122.240252,37.883038],[-122.240243,37.883049],[-122.240235,37.88306],[-122.240226,37.883072],[-122.240218,37.883084],[-122.24021,37.883095],[-122.240203,37.883107],[-122.240196,37.883119],[-122.240189,37.883131],[-122.240182,37.883144],[-122.240174,37.883158],[-122.239623,37.883395],[-122.239625,37.883389],[-122.239627,37.883382],[-122.239628,37.883376],[-122.23963,37.883369],[-122.239631,37.883363],[-122.239632,37.883356],[-122.239633,37.88335],[-122.239634,37.883343],[-122.239634,37.883336],[-122.239635,37.88333],[-122.239635,37.883323],[-122.239635,37.883317],[-122.239635,37.88331],[-122.239635,37.883303],[-122.239635,37.883297],[-122.239635,37.88329],[-122.239634,37.883284],[-122.239634,37.883277],[-122.239633,37.883271],[-122.239632,37.883264],[-122.239631,37.883257],[-122.23963,37.883251],[-122.239628,37.883244],[-122.239627,37.883238],[-122.239625,37.883231],[-122.239623,37.883225],[-122.239621,37.883219],[-122.239619,37.883212],[-122.239617,37.883206],[-122.239614,37.883199],[-122.239612,37.883193],[-122.239609,37.883187],[-122.239607,37.883181],[-122.239604,37.883175],[-122.239601,37.883168],[-122.239597,37.883162],[-122.239591,37.883152],[-122.239583,37.883133],[-122.239575,37.883115],[-122.239566,37.883097],[-122.239556,37.883079],[-122.239546,37.883061],[-122.239536,37.883044],[-122.239526,37.883026],[-122.239515,37.883009],[-122.239503,37.882992],[-122.239492,37.882975],[-122.239479,37.882958],[-122.239467,37.882941],[-122.239454,37.882924],[-122.239441,37.882908],[-122.239427,37.882892],[-122.239414,37.882876],[-122.239399,37.88286],[-122.239385,37.882845],[-122.23937,37.882829],[-122.239354,37.882814],[-122.239339,37.882799],[-122.239323,37.882784],[-122.239307,37.88277],[-122.23929,37.882755],[-122.239273,37.882741],[-122.239256,37.882728],[-122.239236,37.882712],[-122.239215,37.882697],[-122.239194,37.882681],[-122.239172,37.882666],[-122.23915,37.882651],[-122.239127,37.882636],[-122.239104,37.882622],[-122.239081,37.882608],[-122.239058,37.882594],[-122.239034,37.882581],[-122.238987,37.882556],[-122.238973,37.882549],[-122.238959,37.882542],[-122.238944,37.882535],[-122.238929,37.882529],[-122.238914,37.882522],[-122.238899,37.882516],[-122.238884,37.88251],[-122.238869,37.882505],[-122.238854,37.882499],[-122.238838,37.882494],[-122.238823,37.882489],[-122.238807,37.882484],[-122.238791,37.882479],[-122.238775,37.882475],[-122.238759,37.882471],[-122.238743,37.882467],[-122.238727,37.882463],[-122.238711,37.882459],[-122.238694,37.882456],[-122.238678,37.882453],[-122.238662,37.88245],[-122.238645,37.882447],[-122.238628,37.882445],[-122.238612,37.882443],[-122.238595,37.882441],[-122.238578,37.882439],[-122.23856,37.882438]]]},"properties":{"APN":"48H-7800-2-1","SitusAddress":" GRIZZLY PEAK BLVD OAKLAND 94704"}},{"type":"Feature","geometry":{"type":"Polygon","coordinates":[[[-122.245068,37.883926],[-122.246745,37.883813],[-122.246772,37.884008],[-122.24677,37.884016],[-122.246767,37.884024],[-122.246763,37.884039],[-122.246758,37.884055],[-122.246754,37.884071],[-122.246751,37.884087],[-122.246748,37.884102],[-122.246745,37.884118],[-122.246742,37.884134],[-122.24674,37.88415],[-122.246738,37.884166],[-122.246737,37.884182],[-122.246736,37.884198],[-122.246735,37.884214],[-122.246734,37.88423],[-122.246734,37.884246],[-122.246735,37.884262],[-122.246735,37.884279],[-122.246736,37.884295],[-122.246738,37.884311],[-122.246739,37.884327],[-122.246741,37.884343],[-122.246744,37.884359],[-122.246747,37.884374],[-122.24675,37.88439],[-122.246753,37.884406],[-122.246757,37.884422],[-122.246761,37.884438],[-122.246766,37.884453],[-122.24677,37.884469],[-122.246776,37.884484],[-122.246781,37.8845],[-122.246787,37.884515],[-122.246793,37.88453],[-122.2468,37.884546],[-122.246807,37.884561],[-122.246814,37.884576],[-122.246821,37.884591],[-122.246829,37.884605],[-122.246842,37.884628],[-122.246854,37.884734],[-122.246923,37.88535],[-122.246926,37.885373],[-122.245068,37.883926]]]},"properties":{"APN":"48H-7800-3-2","SitusAddress":" SUMMIT RD OAKLAND 94704"}},{"type":"Feature","geometry":{"type":"Polygon","coordinates":[[[-122.280644,37.874755],[-122.280751,37.874741],[-122.280784,37.875014],[-122.280676,37.875029],[-122.280674,37.875017],[-122.280644,37.874755]]]},"properties":{"APN":"58-2152-3","SitusAddress":"1536 VIRGINIA ST BERKELEY 94703"}},{"type":"Feature","geometry":{"type":"Polygon","coordinates":[[[-122.280543,37.874769],[-122.280644,37.874755],[-122.280674,37.875017],[-122.280676,37.875029],[-122.280579,37.875042],[-122.280577,37.87503],[-122.280543,37.874769]]]},"properties":{"APN":"58-2152-4","SitusAddress":"1542 VIRGINIA ST BERKELEY 94703"}},{"type":"Feature","geometry":{"type":"Polygon","coordinates":[[[-122.280441,37.874783],[-122.280543,37.874769],[-122.280577,37.87503],[-122.280579,37.875042],[-122.280475,37.875056],[-122.280474,37.875043],[-122.280441,37.874783]]]},"properties":{"APN":"58-2152-5","SitusAddress":"1544 VIRGINIA ST BERKELEY 94703"}},{"type":"Feature","geometry":{"type":"Polygon","coordinates":[[[-122.280346,37.874795],[-122.280441,37.874783],[-122.280474,37.875043],[-122.280475,37.875056],[-122.28038,37.875069],[-122.280346,37.874795]]]},"properties":{"APN":"58-2152-6","SitusAddress":"1546 VIRGINIA ST BERKELEY 94703"}},{"type":"Feature","geometry":{"type":"Polygon","coordinates":[[[-122.280922,37.874718],[-122.280955,37.874991],[-122.280784,37.875014],[-122.280751,37.874741],[-122.280922,37.874718]]]},"properties":{"APN":"58-2152-21","SitusAddress":"1532 VIRGINIA ST BERKELEY 94703"}},{"type":"Feature","geometry":{"type":"Polygon","coordinates":[[[-122.280451,37.875746],[-122.280521,37.875736],[-122.280609,37.875725],[-122.280636,37.875944],[-122.280477,37.87596],[-122.280451,37.875746]]]},"properties":{"APN":"58-2153-1","SitusAddress":"1628 CALIFORNIA ST BERKELEY 94703"}},{"type":"Feature","geometry":{"type":"Polygon","coordinates":[[[-122.280439,37.875632],[-122.280845,37.875582],[-122.280857,37.875696],[-122.280734,37.87571],[-122.280609,37.875725],[-122.280521,37.875736],[-122.280451,37.875746],[-122.280439,37.875632]]]},"properties":{"APN":"58-2153-2","SitusAddress":"1634 CALIFORNIA ST BERKELEY 94703"}},{"type":"Feature","geometry":{"type":"Polygon","coordinates":[[[-122.28042,37.875492],[-122.280581,37.875474],[-122.280702,37.875461],[-122.280832,37.875447],[-122.28084,37.875527],[-122.280845,37.875582],[-122.280439,37.875632],[-122.28042,37.875492]]]},"properties":{"APN":"58-2153-3","SitusAddress":"1636 CALIFORNIA ST BERKELEY 94703"}},{"type":"Feature","geometry":{"type":"Polygon","coordinates":[[[-122.280547,37.8752],[-122.280673,37.875184],[-122.280702,37.875461],[-122.280581,37.875474],[-122.280547,37.8752]]]},"properties":{"APN":"58-2153-5","SitusAddress":"1543 VIRGINIA ST BERKELEY 94703"}},{"type":"Feature","geometry":{"type":"Polygon","coordinates":[[[-122.280673,37.875184],[-122.280806,37.875168],[-122.280832,37.875447],[-122.280702,37.875461],[-122.280673,37.875184]]]},"properties":{"APN":"58-2153-6","SitusAddress":"1541 VIRGINIA ST BERKELEY 94703"}},{"type":"Feature","geometry":{"type":"Polygon","coordinates":[[[-122.280832,37.875447],[-122.280806,37.875168],[-122.280935,37.875153],[-122.280972,37.875513],[-122.28084,37.875527],[-122.280832,37.875447]]]},"properties":{"APN":"58-2153-7","SitusAddress":"1537 VIRGINIA ST BERKELEY 94703"}},{"type":"Feature","geometry":{"type":"Polygon","coordinates":[[[-122.280935,37.875153],[-122.281079,37.87513],[-122.281117,37.875493],[-122.280972,37.875513],[-122.280935,37.875153]]]},"properties":{"APN":"58-2153-8","SitusAddress":"1535 VIRGINIA ST BERKELEY 94703"}},{"type":"Feature","geometry":{"type":"Polygon","coordinates":[[[-122.281079,37.87513],[-122.281217,37.875116],[-122.281252,37.875479],[-122.281117,37.875493],[-122.281079,37.87513]]]},"properties":{"APN":"58-2153-9","SitusAddress":"1533 VIRGINIA ST BERKELEY 94703"}},{"type":"Feature","geometry":{"type":"Polygon","coordinates":[[[-122.281217,37.875116],[-122.281346,37.8751],[-122.281386,37.875462],[-122.281252,37.875479],[-122.281217,37.875116]]]},"properties":{"APN":"58-2153-10","SitusAddress":"1527 VIRGINIA ST BERKELEY 94703"}},{"type":"Feature","geometry":{"type":"Polygon","coordinates":[[[-122.281346,37.8751],[-122.281483,37.87508],[-122.281524,37.875441],[-122.281386,37.875462],[-122.281346,37.8751]]]},"properties":{"APN":"58-2153-11","SitusAddress":"1519 VIRGINIA ST BERKELEY 94703"}},{"type":"Feature","geometry":{"type":"Polygon","coordinates":[[[-122.281483,37.87508],[-122.281616,37.875062],[-122.281661,37.875427],[-122.281524,37.875441],[-122.281483,37.87508]]]},"properties":{"APN":"58-2153-12","SitusAddress":"1517 VIRGINIA ST BERKELEY 94703"}},{"type":"Feature","geometry":{"type":"Polygon","coordinates":[[[-122.281616,37.875062],[-122.281764,37.875041],[-122.281816,37.875405],[-122.281794,37.875407],[-122.281661,37.875427],[-122.281616,37.875062]]]},"properties":{"APN":"58-2153-13","SitusAddress":"1511 VIRGINIA ST BERKELEY 94703"}},{"type":"Feature","geometry":{"type":"Polygon","coordinates":[[[-122.281927,37.875025],[-122.282027,37.87501],[-122.282067,37.87538],[-122.281968,37.87539],[-122.281927,37.875025]]]},"properties":{"APN":"58-2153-15","SitusAddress":"1505 VIRGINIA ST BERKELEY 94703"}},{"type":"Feature","geometry":{"type":"Polygon","coordinates":[[[-122.281922,37.875396],[-122.281968,37.87539],[-122.282067,37.87538],[-122.282082,37.87551],[-122.282095,37.875628],[-122.2821,37.875651],[-122.282111,37.875752],[-122.281969,37.875773],[-122.281922,37.875396]]]},"properties":{"APN":"58-2153-21","SitusAddress":"1510 LINCOLN ST BERKELEY 94703"}},{"type":"Feature","geometry":{"type":"Polygon","coordinates":[[[-122.281794,37.875407],[-122.281816,37.875405],[-122.281922,37.875396],[-122.281969,37.875773],[-122.281834,37.875791],[-122.281794,37.875407]]]},"properties":{"APN":"58-2153-22","SitusAddress":"1514 LINCOLN ST BERKELEY 94703"}},{"type":"Feature","geometry":{"type":"Polygon","coordinates":[[[-122.281661,37.875427],[-122.281794,37.875407],[-122.281834,37.875791],[-122.281705,37.875806],[-122.281661,37.875427]]]},"properties":{"APN":"58-2153-23","SitusAddress":"1516 LINCOLN ST BERKELEY 94703"}},{"type":"Feature","geometry":{"type":"Polygon","coordinates":[[[-122.281524,37.875441],[-122.281661,37.875427],[-122.281705,37.875806],[-122.28157,37.875825],[-122.281524,37.875441]]]},"properties":{"APN":"58-2153-24","SitusAddress":"1520 LINCOLN ST BERKELEY 94703"}},{"type":"Feature","geometry":{"type":"Polygon","coordinates":[[[-122.281386,37.875462],[-122.281524,37.875441],[-122.28157,37.875825],[-122.28143,37.875843],[-122.281386,37.875462]]]},"properties":{"APN":"58-2153-25","SitusAddress":"1526 LINCOLN ST BERKELEY 94703"}},{"type":"Feature","geometry":{"type":"Polygon","coordinates":[[[-122.281252,37.875479],[-122.281386,37.875462],[-122.28143,37.875843],[-122.281292,37.875861],[-122.281252,37.875479]]]},"properties":{"APN":"58-2153-26","SitusAddress":"1530 LINCOLN ST BERKELEY 94703"}},{"type":"Feature","geometry":{"type":"Polygon","coordinates":[[[-122.281117,37.875493],[-122.281252,37.875479],[-122.281292,37.875861],[-122.281155,37.875874],[-122.281117,37.875493]]]},"properties":{"APN":"58-2153-27","SitusAddress":"1532 LINCOLN ST BERKELEY 94703"}},{"type":"Feature","geometry":{"type":"Polygon","coordinates":[[[-122.280972,37.875513],[-122.281117,37.875493],[-122.281155,37.875874],[-122.281017,37.875895],[-122.280976,37.875539],[-122.280972,37.875513]]]},"properties":{"APN":"58-2153-28","SitusAddress":"1536 LINCOLN ST BERKELEY 94703"}},{"type":"Feature","geometry":{"type":"Polygon","coordinates":[[[-122.280857,37.875696],[-122.280845,37.875582],[-122.28084,37.875527],[-122.280972,37.875513],[-122.280976,37.875539],[-122.281017,37.875895],[-122.280879,37.875909],[-122.280857,37.875696]]]},"properties":{"APN":"58-2153-29","SitusAddress":"1540 LINCOLN ST BERKELEY 94703"}},{"type":"Feature","geometry":{"type":"Polygon","coordinates":[[[-122.280734,37.87571],[-122.280857,37.875696],[-122.280879,37.875909],[-122.280756,37.875928],[-122.280754,37.875913],[-122.280734,37.87571]]]},"properties":{"APN":"58-2153-30","SitusAddress":"1542 LINCOLN ST BERKELEY 94703"}},{"type":"Feature","geometry":{"type":"Polygon","coordinates":[[[-122.280609,37.875725],[-122.280734,37.87571],[-122.280754,37.875913],[-122.280756,37.875928],[-122.280636,37.875944],[-122.280609,37.875725]]]},"properties":{"APN":"58-2153-31","SitusAddress":"1544 LINCOLN ST BERKELEY 94703"}},{"type":"Feature","geometry":{"type":"Polygon","coordinates":[[[-122.280547,37.8752],[-122.280581,37.875474],[-122.28042,37.875492],[-122.280391,37.875223],[-122.280547,37.8752]]]},"properties":{"APN":"58-2153-34","SitusAddress":"1656 CALIFORNIA ST BERKELEY 94703"}},{"type":"Feature","geometry":{"type":"Polygon","coordinates":[[[-122.281764,37.875041],[-122.281927,37.875025],[-122.281968,37.87539],[-122.281922,37.875396],[-122.281816,37.875405],[-122.281764,37.875041]]]},"properties":{"APN":"58-2153-37","SitusAddress":" VIRGINIA ST BERKELEY 94703"}},{"type":"Feature","geometry":{"type":"Polygon","coordinates":[[[-122.280563,37.876747],[-122.280976,37.876695],[-122.280987,37.876805],[-122.280583,37.876852],[-122.280563,37.876747]]]},"properties":{"APN":"58-2154-1","SitusAddress":"1600 CALIFORNIA ST BERKELEY 94703"}},{"type":"Feature","geometry":{"type":"Polygon","coordinates":[[[-122.280555,37.876642],[-122.280965,37.87659],[-122.280976,37.876695],[-122.280563,37.876747],[-122.280555,37.876642]]]},"properties":{"APN":"58-2154-2","SitusAddress":"1604 CALIFORNIA ST BERKELEY 94703"}},{"type":"Feature","geometry":{"type":"Polygon","coordinates":[[[-122.280544,37.876537],[-122.280955,37.876487],[-122.280965,37.87659],[-122.280555,37.876642],[-122.280544,37.876537]]]},"properties":{"APN":"58-2154-3","SitusAddress":"1608 CALIFORNIA ST BERKELEY 94703"}},{"type":"Feature","geometry":{"type":"Polygon","coordinates":[[[-122.280532,37.876447],[-122.280946,37.87639],[-122.280949,37.876434],[-122.280955,37.876487],[-122.280544,37.876537],[-122.280532,37.876447]]]},"properties":{"APN":"58-2154-4","SitusAddress":"1612 CALIFORNIA ST BERKELEY 94703"}},{"type":"Feature","geometry":{"type":"Polygon","coordinates":[[[-122.280522,37.876344],[-122.280821,37.876305],[-122.280829,37.876363],[-122.280942,37.876351],[-122.280946,37.87639],[-122.280532,37.876447],[-122.280522,37.876344]]]},"properties":{"APN":"58-2154-5","SitusAddress":"1616 CALIFORNIA ST BERKELEY 94703"}},{"type":"Feature","geometry":{"type":"Polygon","coordinates":[[[-122.280511,37.876246],[-122.280808,37.87621],[-122.280821,37.876305],[-122.280522,37.876344],[-122.280511,37.876246]]]},"properties":{"APN":"58-2154-6","SitusAddress":"1618 CALIFORNIA ST BERKELEY 94703"}},{"type":"Feature","geometry":{"type":"Polygon","coordinates":[[[-122.280795,37.876091],[-122.280808,37.87621],[-122.280511,37.876246],[-122.280496,37.876127],[-122.280795,37.876091]]]},"properties":{"APN":"58-2154-7","SitusAddress":"1620 CALIFORNIA ST BERKELEY 94703"}},{"type":"Feature","geometry":{"type":"Polygon","coordinates":[[[-122.280821,37.876305],[-122.280808,37.87621],[-122.280795,37.876091],[-122.280909,37.876075],[-122.280942,37.876351],[-122.280829,37.876363],[-122.280821,37.876305]]]},"properties":{"APN":"58-2154-8","SitusAddress":"1539 LINCOLN ST BERKELEY 94703"}},{"type":"Feature","geometry":{"type":"Polygon","coordinates":[[[-122.280946,37.87639],[-122.280942,37.876351],[-122.280909,37.876075],[-122.281033,37.87606],[-122.281077,37.876422],[-122.280949,37.876434],[-122.280946,37.87639]]]},"properties":{"APN":"58-2154-9","SitusAddress":"1535 LINCOLN ST BERKELEY 94703"}},{"type":"Feature","geometry":{"type":"Polygon","coordinates":[[[-122.281033,37.87606],[-122.281171,37.87604],[-122.281208,37.876405],[-122.281092,37.87642],[-122.281077,37.876422],[-122.281033,37.87606]]]},"properties":{"APN":"58-2154-10","SitusAddress":"1531 LINCOLN ST BERKELEY 94703"}},{"type":"Feature","geometry":{"type":"Polygon","coordinates":[[[-122.281171,37.87604],[-122.281308,37.876022],[-122.281344,37.876387],[-122.281225,37.876403],[-122.281208,37.876405],[-122.281171,37.87604]]]},"properties":{"APN":"58-2154-11","SitusAddress":"1527 LINCOLN ST BERKELEY 94703"}},{"type":"Feature","geometry":{"type":"Polygon","coordinates":[[[-122.281308,37.876022],[-122.28142,37.87601],[-122.281464,37.876373],[-122.281362,37.876384],[-122.281344,37.876387],[-122.281308,37.876022]]]},"properties":{"APN":"58-2154-12","SitusAddress":"1525 LINCOLN ST BERKELEY 94703"}},{"type":"Feature","geometry":{"type":"Polygon","coordinates":[[[-122.28142,37.87601],[-122.281546,37.875994],[-122.281598,37.876356],[-122.281477,37.876369],[-122.281464,37.876373],[-122.28142,37.87601]]]},"properties":{"APN":"58-2154-13","SitusAddress":"1521 LINCOLN ST BERKELEY 94703"}},{"type":"Feature","geometry":{"type":"Polygon","coordinates":[[[-122.281546,37.875994],[-122.281664,37.875979],[-122.281705,37.876342],[-122.281598,37.876356],[-122.281546,37.875994]]]},"properties":{"APN":"58-2154-14","SitusAddress":"1517 LINCOLN ST BERKELEY 94703"}},{"type":"Feature","geometry":{"type":"Polygon","coordinates":[[[-122.281664,37.875979],[-122.281785,37.875962],[-122.281832,37.876328],[-122.281733,37.876339],[-122.281716,37.87634],[-122.281705,37.876342],[-122.281664,37.875979]]]},"properties":{"APN":"58-2154-15","SitusAddress":"1515 LINCOLN ST BERKELEY 94703"}},{"type":"Feature","geometry":{"type":"Polygon","coordinates":[[[-122.281785,37.875962],[-122.281926,37.875945],[-122.281966,37.876311],[-122.281844,37.876327],[-122.281832,37.876328],[-122.281785,37.875962]]]},"properties":{"APN":"58-2154-16","SitusAddress":"1511 LINCOLN ST BERKELEY 94703"}},{"type":"Feature","geometry":{"type":"Polygon","coordinates":[[[-122.281926,37.875945],[-122.282106,37.875926],[-122.282118,37.87604],[-122.282129,37.876159],[-122.28214,37.876267],[-122.282143,37.876289],[-122.281966,37.876311],[-122.281926,37.875945]]]},"properties":{"APN":"58-2154-17","SitusAddress":"1507 LINCOLN ST BERKELEY 94703"}},{"type":"Feature","geometry":{"type":"Polygon","coordinates":[[[-122.255121,37.875813],[-122.255121,37.875817],[-122.25515,37.876085],[-122.255194,37.876489],[-122.255227,37.876789],[-122.255245,37.876946],[-122.255282,37.877269],[-122.255313,37.877552],[-122.255323,37.877646],[-122.25533,37.877715],[-122.255259,37.87774],[-122.255268,37.877787],[-122.255297,37.878061],[-122.255333,37.878404],[-122.255402,37.878395],[-122.255425,37.878564],[-122.254942,37.878624],[-122.254976,37.878971],[-122.25501,37.879318],[-122.255031,37.879548],[-122.255058,37.879826],[-122.255074,37.879975],[-122.255101,37.880256],[-122.253625,37.880449],[-122.253051,37.880523],[-122.252503,37.880594],[-122.252457,37.8806],[-122.252113,37.880645],[-122.251825,37.880683],[-122.251669,37.880703],[-122.251503,37.880724],[-122.251336,37.880746],[-122.251189,37.880765],[-122.251028,37.880786],[-122.250866,37.880807],[-122.250702,37.880828],[-122.250394,37.880868],[-122.250254,37.880886],[-122.249788,37.880944],[-122.249323,37.881011],[-122.249185,37.881025],[-122.248769,37.881079],[-122.248363,37.88113],[-122.248126,37.881161],[-122.247884,37.881192],[-122.247594,37.88123],[-122.247309,37.881267],[-122.247069,37.881298],[-122.246484,37.881373],[-122.24647,37.881375],[-122.245879,37.876085],[-122.24571,37.874572],[-122.245198,37.869984],[-122.245199,37.869984],[-122.245259,37.869979],[-122.245998,37.869916],[-122.246,37.869929],[-122.246007,37.869968],[-122.246078,37.870012],[-122.246091,37.870007],[-122.246128,37.869996],[-122.24616,37.869983],[-122.246162,37.869985],[-122.246426,37.870239],[-122.246447,37.870259],[-122.246489,37.870303],[-122.246496,37.870309],[-122.246819,37.870419],[-122.246984,37.870427],[-122.247524,37.870452],[-122.247565,37.870663],[-122.247648,37.871081],[-122.247663,37.87116],[-122.247795,37.871105],[-122.248202,37.870854],[-122.248556,37.870722],[-122.248787,37.870602],[-122.249061,37.870412],[-122.249394,37.870348],[-122.249815,37.870179],[-122.249833,37.870018],[-122.249871,37.869615],[-122.249909,37.869569],[-122.249961,37.86955],[-122.250308,37.869504],[-122.250333,37.869607],[-122.250354,37.869685],[-122.250358,37.869703],[-122.250376,37.869752],[-122.250391,37.869792],[-122.250407,37.869826],[-122.250431,37.869853],[-122.25048,37.869907],[-122.250905,37.869846],[-122.250871,37.869636],[-122.250835,37.869445],[-122.252027,37.869288],[-122.252048,37.869681],[-122.252098,37.869958],[-122.252197,37.870274],[-122.252387,37.870699],[-122.252466,37.870957],[-122.252492,37.871171],[-122.252503,37.871258],[-122.252476,37.871522],[-122.25273,37.871556],[-122.252788,37.871134],[-122.25278,37.870815],[-122.252717,37.870568],[-122.252608,37.870359],[-122.252472,37.869968],[-122.252417,37.869666],[-122.258382,37.868885],[-122.258384,37.86894],[-122.260251,37.868702],[-122.260237,37.868656],[-122.261332,37.868503],[-122.261644,37.868507],[-122.265579,37.868008],[-122.265673,37.868016],[-122.265718,37.868052],[-122.265766,37.868097],[-122.266069,37.868734],[-122.266072,37.868844],[-122.265663,37.869594],[-122.265619,37.869713],[-122.266107,37.874106],[-122.264645,37.874281],[-122.26453,37.87432],[-122.264434,37.874354],[-122.264354,37.874428],[-122.264251,37.874466],[-122.264148,37.874517],[-122.255102,37.87565],[-122.255121,37.875813]]]},"properties":{"APN":"57-2042-4-10","SitusAddress":"2594 HEARST AVE BERKELEY 94720"}},{"type":"Feature","geometry":{"type":"Polygon","coordinates":[[[-122.254529,37.881624],[-122.254567,37.881412],[-122.254897,37.881439],[-122.254844,37.881513],[-122.254806,37.881605],[-122.254795,37.881672],[-122.254797,37.881739],[-122.254823,37.881836],[-122.25486,37.881918],[-122.254926,37.882],[-122.254817,37.881931],[-122.254805,37.881924],[-122.254759,37.881894],[-122.254677,37.881811],[-122.254622,37.881739],[-122.254588,37.881683],[-122.254552,37.881624],[-122.254529,37.881624]]]},"properties":{"APN":"58-2232-30","SitusAddress":"3079 BUENA VISTA WAY BERKELEY 94708"}},{"type":"Feature","geometry":{"type":"Polygon","coordinates":[[[-122.263603,37.88226],[-122.263629,37.882459],[-122.263343,37.882479],[-122.263307,37.88243],[-122.263301,37.882391],[-122.263314,37.882364],[-122.263336,37.882341],[-122.263371,37.882327],[-122.263603,37.88226]]]},"properties":{"APN":"59-2253-15","SitusAddress":"1422 SCENIC AVE BERKELEY 94708"}},{"type":"Feature","geometry":{"type":"Polygon","coordinates":[[[-122.254178,37.881508],[-122.254229,37.881472],[-122.254249,37.88144],[-122.254254,37.88141],[-122.254333,37.881409],[-122.254419,37.881433],[-122.254488,37.881427],[-122.254526,37.881408],[-122.254567,37.881412],[-122.254529,37.881624],[-122.254373,37.881637],[-122.254292,37.881585],[-122.254178,37.881508]]]},"properties":{"APN":"58-2232-31","SitusAddress":"8 W PARNASSUS CT BERKELEY 94708"}},{"type":"Feature","geometry":{"type":"Polygon","coordinates":[[[-122.263603,37.88226],[-122.263658,37.882236],[-122.263718,37.8822],[-122.263789,37.882117],[-122.263828,37.882444],[-122.263629,37.882459],[-122.263603,37.88226]]]},"properties":{"APN":"59-2253-16","SitusAddress":"1444 SCENIC AVE BERKELEY 94708"}},{"type":"Feature","geometry":{"type":"Polygon","coordinates":[[[-122.254165,37.881315],[-122.254567,37.881112],[-122.254565,37.881167],[-122.254741,37.881141],[-122.254737,37.881275],[-122.254736,37.881283],[-122.254692,37.88139],[-122.254562,37.881387],[-122.254508,37.881388],[-122.254453,37.881402],[-122.254389,37.881399],[-122.254357,37.881386],[-122.25425,37.881388],[-122.254226,37.88134],[-122.254165,37.881315]]]},"properties":{"APN":"58-2232-32","SitusAddress":"9 W PARNASSUS CT BERKELEY 94708"}},{"type":"Feature","geometry":{"type":"Polygon","coordinates":[[[-122.254692,37.88139],[-122.254736,37.881283],[-122.254737,37.881275],[-122.254741,37.881141],[-122.255092,37.88109],[-122.255098,37.881138],[-122.25509,37.881182],[-122.255079,37.881214],[-122.25501,37.881306],[-122.254916,37.881414],[-122.254692,37.88139]]]},"properties":{"APN":"58-2232-33","SitusAddress":"3085 BUENA VISTA WAY BERKELEY 94708"}},{"type":"Feature","geometry":{"type":"Polygon","coordinates":[[[-122.263635,37.882583],[-122.263843,37.88257],[-122.263855,37.88267],[-122.263857,37.882682],[-122.263646,37.882693],[-122.263635,37.882583]]]},"properties":{"APN":"59-2253-17","SitusAddress":"1405 SPRING WAY BERKELEY 94708"}},{"type":"Feature","geometry":{"type":"Polygon","coordinates":[[[-122.252608,37.881041],[-122.252561,37.88084],[-122.252578,37.880829],[-122.253005,37.880778],[-122.252944,37.881128],[-122.252889,37.881131],[-122.252832,37.881151],[-122.252758,37.881186],[-122.252712,37.881211],[-122.252686,37.881219],[-122.252661,37.881025],[-122.252608,37.881041]]]},"properties":{"APN":"58-2232-34","SitusAddress":"96 PARNASSUS RD BERKELEY 94708"}},{"type":"Feature","geometry":{"type":"Polygon","coordinates":[[[-122.263917,37.882569],[-122.264251,37.882547],[-122.264257,37.882582],[-122.264266,37.882646],[-122.263925,37.882666],[-122.263917,37.882569]]]},"properties":{"APN":"59-2253-19","SitusAddress":"1404 SPRING WAY BERKELEY 94708"}},{"type":"Feature","geometry":{"type":"Polygon","coordinates":[[[-122.252503,37.880594],[-122.253051,37.880523],[-122.253005,37.880778],[-122.252578,37.880829],[-122.252503,37.880594]]]},"properties":{"APN":"58-2232-35","SitusAddress":" PARNASSUS RD BERKELEY 94708"}},{"type":"Feature","geometry":{"type":"Polygon","coordinates":[[[-122.263906,37.882452],[-122.264317,37.882422],[-122.264332,37.882542],[-122.264251,37.882547],[-122.263917,37.882569],[-122.263906,37.882452]]]},"properties":{"APN":"59-2253-20-3","SitusAddress":"1408 SPRING WAY BERKELEY 94708"}},{"type":"Feature","geometry":{"type":"Polygon","coordinates":[[[-122.271228,37.875181],[-122.271513,37.875145],[-122.271542,37.875265],[-122.271236,37.875302],[-122.271228,37.875181]]]},"properties":{"APN":"58-2169-1","SitusAddress":"1728 MILVIA ST BERKELEY 94709"}},{"type":"Feature","geometry":{"type":"Polygon","coordinates":[[[-122.271217,37.875069],[-122.271484,37.875032],[-122.271513,37.875145],[-122.271228,37.875181],[-122.271217,37.875069]]]},"properties":{"APN":"58-2169-2","SitusAddress":"1730 MILVIA ST BERKELEY 94709"}},{"type":"Feature","geometry":{"type":"Polygon","coordinates":[[[-122.265073,37.878328],[-122.265056,37.878231],[-122.265575,37.878193],[-122.265585,37.878319],[-122.265077,37.878353],[-122.265073,37.878328]]]},"properties":{"APN":"58-2184-19","SitusAddress":"1617 SPRUCE ST BERKELEY 94709"}},{"type":"Feature","geometry":{"type":"Polygon","coordinates":[[[-122.271202,37.874966],[-122.271617,37.874911],[-122.271638,37.875012],[-122.271484,37.875032],[-122.271217,37.875069],[-122.271202,37.874966]]]},"properties":{"APN":"58-2169-3","SitusAddress":"1732 MILVIA ST BERKELEY 94709"}},{"type":"Feature","geometry":{"type":"Polygon","coordinates":[[[-122.273076,37.874947],[-122.273287,37.874918],[-122.273299,37.875039],[-122.2731,37.875061],[-122.273076,37.874947]]]},"properties":{"APN":"58-2169-22","SitusAddress":"1729 M L KING JR WAY BERKELEY 94709"}},{"type":"Feature","geometry":{"type":"Polygon","coordinates":[[[-122.272867,37.874973],[-122.273076,37.874947],[-122.2731,37.875061],[-122.272889,37.875093],[-122.272867,37.874973]]]},"properties":{"APN":"58-2169-23","SitusAddress":"1908 FRANCISCO ST BERKELEY 94709"}},{"type":"Feature","geometry":{"type":"Polygon","coordinates":[[[-122.272663,37.874744],[-122.272818,37.874723],[-122.272842,37.874849],[-122.272867,37.874973],[-122.272889,37.875093],[-122.272744,37.875116],[-122.272663,37.874744]]]},"properties":{"APN":"58-2169-24","SitusAddress":"1910 FRANCISCO ST BERKELEY 94709"}},{"type":"Feature","geometry":{"type":"Polygon","coordinates":[[[-122.272279,37.874791],[-122.2723,37.874788],[-122.272476,37.874766],[-122.272645,37.874747],[-122.272663,37.874744],[-122.272744,37.875116],[-122.272354,37.875158],[-122.272279,37.874791]]]},"properties":{"APN":"58-2169-28-1","SitusAddress":"1920 FRANCISCO ST BERKELEY 94709"}},{"type":"Feature","geometry":{"type":"Polygon","coordinates":[[[-122.272127,37.874808],[-122.272279,37.874791],[-122.272354,37.875158],[-122.272202,37.87518],[-122.272127,37.874808]]]},"properties":{"APN":"58-2169-29","SitusAddress":"1922 FRANCISCO ST BERKELEY 94709"}},{"type":"Feature","geometry":{"type":"Polygon","coordinates":[[[-122.271782,37.874849],[-122.271863,37.874842],[-122.271954,37.874833],[-122.272029,37.875201],[-122.271862,37.875224],[-122.271782,37.874849]]]},"properties":{"APN":"58-2169-31","SitusAddress":"1930 FRANCISCO ST BERKELEY 94709"}},{"type":"Feature","geometry":{"type":"Polygon","coordinates":[[[-122.271638,37.875012],[-122.271617,37.874911],[-122.271609,37.874869],[-122.271782,37.874849],[-122.271862,37.875224],[-122.271691,37.875249],[-122.271638,37.875012]]]},"properties":{"APN":"58-2169-32","SitusAddress":"1936 FRANCISCO ST BERKELEY 94709"}},{"type":"Feature","geometry":{"type":"Polygon","coordinates":[[[-122.271513,37.875145],[-122.271484,37.875032],[-122.271638,37.875012],[-122.271691,37.875249],[-122.271542,37.875265],[-122.271513,37.875145]]]},"properties":{"APN":"58-2169-33","SitusAddress":"1940 FRANCISCO ST BERKELEY 94709"}},{"type":"Feature","geometry":{"type":"Polygon","coordinates":[[[-122.271954,37.874833],[-122.272127,37.874808],[-122.272202,37.87518],[-122.272029,37.875201],[-122.271954,37.874833]]]},"properties":{"APN":"58-2169-36","SitusAddress":"1926 FRANCISCO ST BERKELEY 94709"}},{"type":"Feature","geometry":{"type":"Polygon","coordinates":[[[-122.27131,37.875939],[-122.271735,37.875888],[-122.271728,37.875792],[-122.271868,37.875775],[-122.272039,37.875756],[-122.272073,37.875749],[-122.272144,37.876114],[-122.271338,37.876221],[-122.27131,37.875939]]]},"properties":{"APN":"58-2170-1-1","SitusAddress":"1940 VIRGINIA ST BERKELEY 94709"}},{"type":"Feature","geometry":{"type":"Polygon","coordinates":[[[-122.271301,37.875841],[-122.271728,37.875792],[-122.271735,37.875888],[-122.27131,37.875939],[-122.271301,37.875841]]]},"properties":{"APN":"58-2170-2","SitusAddress":"1708 MILVIA ST BERKELEY 94709"}},{"type":"Feature","geometry":{"type":"Polygon","coordinates":[[[-122.271576,37.8757],[-122.271712,37.875684],[-122.271713,37.875695],[-122.271728,37.875792],[-122.271301,37.875841],[-122.271288,37.875734],[-122.271439,37.875717],[-122.271439,37.875717],[-122.271576,37.8757]]]},"properties":{"APN":"58-2170-3","SitusAddress":"1710 MILVIA ST BERKELEY 94709"}},{"type":"Feature","geometry":{"type":"Polygon","coordinates":[[[-122.271269,37.875606],[-122.271425,37.875588],[-122.271439,37.875717],[-122.271288,37.875734],[-122.271269,37.875606]]]},"properties":{"APN":"58-2170-4","SitusAddress":"1712 MILVIA ST BERKELEY 94709"}},{"type":"Feature","geometry":{"type":"Polygon","coordinates":[[[-122.271258,37.875471],[-122.271411,37.875457],[-122.271425,37.875588],[-122.271269,37.875606],[-122.271258,37.875471]]]},"properties":{"APN":"58-2170-5","SitusAddress":"1716 MILVIA ST BERKELEY 94709"}},{"type":"Feature","geometry":{"type":"Polygon","coordinates":[[[-122.271547,37.87544],[-122.27168,37.875422],[-122.271712,37.875684],[-122.271576,37.8757],[-122.271547,37.87544]]]},"properties":{"APN":"58-2170-7","SitusAddress":"1939 FRANCISCO ST BERKELEY 94709"}},{"type":"Feature","geometry":{"type":"Polygon","coordinates":[[[-122.27168,37.875422],[-122.271797,37.875403],[-122.271868,37.875775],[-122.271728,37.875792],[-122.271713,37.875695],[-122.271712,37.875684],[-122.27168,37.875422]]]},"properties":{"APN":"58-2170-8","SitusAddress":"1937 FRANCISCO ST BERKELEY 94709"}},{"type":"Feature","geometry":{"type":"Polygon","coordinates":[[[-122.271797,37.875403],[-122.271969,37.87538],[-122.272039,37.875756],[-122.271868,37.875775],[-122.271797,37.875403]]]},"properties":{"APN":"58-2170-9","SitusAddress":"1933 FRANCISCO ST BERKELEY 94709"}},{"type":"Feature","geometry":{"type":"Polygon","coordinates":[[[-122.271969,37.87538],[-122.272166,37.875354],[-122.272243,37.875728],[-122.272222,37.875731],[-122.272073,37.875749],[-122.272039,37.875756],[-122.271969,37.87538]]]},"properties":{"APN":"58-2170-10","SitusAddress":"1927 FRANCISCO ST BERKELEY 94709"}},{"type":"Feature","geometry":{"type":"Polygon","coordinates":[[[-122.272166,37.875354],[-122.272503,37.875312],[-122.272579,37.875686],[-122.272419,37.875704],[-122.272243,37.875728],[-122.272166,37.875354]]]},"properties":{"APN":"58-2170-12-1","SitusAddress":"1921 FRANCISCO ST BERKELEY 94709"}},{"type":"Feature","geometry":{"type":"Polygon","coordinates":[[[-122.27269,37.875286],[-122.272847,37.875263],[-122.272899,37.87551],[-122.272905,37.875539],[-122.272923,37.875641],[-122.272892,37.875646],[-122.272794,37.875658],[-122.272765,37.875662],[-122.272761,37.875642],[-122.272745,37.87556],[-122.272743,37.87556],[-122.272693,37.875306],[-122.27269,37.875286]]]},"properties":{"APN":"58-2170-14-2","SitusAddress":"1913 FRANCISCO ST BERKELEY 94709"}},{"type":"Feature","geometry":{"type":"Polygon","coordinates":[[[-122.272847,37.875263],[-122.273057,37.875235],[-122.273081,37.87536],[-122.273103,37.875485],[-122.272899,37.87551],[-122.272847,37.875263]]]},"properties":{"APN":"58-2170-15","SitusAddress":"1909 FRANCISCO ST BERKELEY 94709"}},{"type":"Feature","geometry":{"type":"Polygon","coordinates":[[[-122.273057,37.875235],[-122.273315,37.875203],[-122.273347,37.875454],[-122.273103,37.875485],[-122.273081,37.87536],[-122.273057,37.875235]]]},"properties":{"APN":"58-2170-16","SitusAddress":"1717 M L KING JR WAY BERKELEY 94709"}},{"type":"Feature","geometry":{"type":"Polygon","coordinates":[[[-122.272905,37.875539],[-122.272899,37.87551],[-122.273103,37.875485],[-122.273347,37.875454],[-122.273358,37.87558],[-122.272994,37.875632],[-122.272923,37.875641],[-122.272905,37.875539]]]},"properties":{"APN":"58-2170-17","SitusAddress":"1711 M L KING JR WAY BERKELEY 94709"}},{"type":"Feature","geometry":{"type":"Polygon","coordinates":[[[-122.272994,37.875632],[-122.273358,37.87558],[-122.273369,37.875672],[-122.273039,37.875712],[-122.273015,37.875714],[-122.272994,37.875632]]]},"properties":{"APN":"58-2170-18","SitusAddress":"1709 M L KING JR WAY BERKELEY 94709"}},{"type":"Feature","geometry":{"type":"Polygon","coordinates":[[[-122.273039,37.875712],[-122.273369,37.875672],[-122.273377,37.87577],[-122.27319,37.875789],[-122.273059,37.875803],[-122.273039,37.875712]]]},"properties":{"APN":"58-2170-19","SitusAddress":"1707 M L KING JR WAY BERKELEY 94709"}},{"type":"Feature","geometry":{"type":"Polygon","coordinates":[[[-122.27319,37.875789],[-122.273377,37.87577],[-122.273397,37.87595],[-122.273222,37.875971],[-122.27319,37.875789]]]},"properties":{"APN":"58-2170-20","SitusAddress":"1902 VIRGINIA ST BERKELEY 94709"}},{"type":"Feature","geometry":{"type":"Polygon","coordinates":[[[-122.273059,37.875803],[-122.27319,37.875789],[-122.273222,37.875971],[-122.273093,37.87599],[-122.273059,37.875803]]]},"properties":{"APN":"58-2170-21","SitusAddress":"1904 VIRGINIA ST BERKELEY 94709"}},{"type":"Feature","geometry":{"type":"Polygon","coordinates":[[[-122.272892,37.875646],[-122.272923,37.875641],[-122.272994,37.875632],[-122.273015,37.875714],[-122.273039,37.875712],[-122.273059,37.875803],[-122.273093,37.87599],[-122.272963,37.876008],[-122.272892,37.875646]]]},"properties":{"APN":"58-2170-22","SitusAddress":"1908 VIRGINIA ST BERKELEY 94709"}},{"type":"Feature","geometry":{"type":"Polygon","coordinates":[[[-122.272794,37.875658],[-122.272892,37.875646],[-122.272963,37.876008],[-122.272865,37.87602],[-122.272794,37.875658]]]},"properties":{"APN":"58-2170-23","SitusAddress":"1910 VIRGINIA ST BERKELEY 94709"}},{"type":"Feature","geometry":{"type":"Polygon","coordinates":[[[-122.272685,37.875672],[-122.272765,37.875662],[-122.272794,37.875658],[-122.272865,37.87602],[-122.272759,37.876035],[-122.272685,37.875672]]]},"properties":{"APN":"58-2170-24","SitusAddress":"1912 VIRGINIA ST BERKELEY 94709"}},{"type":"Feature","geometry":{"type":"Polygon","coordinates":[[[-122.272579,37.875686],[-122.272685,37.875672],[-122.272759,37.876035],[-122.272657,37.876048],[-122.272579,37.875686]]]},"properties":{"APN":"58-2170-25","SitusAddress":"1914 VIRGINIA ST BERKELEY 94709"}},{"type":"Feature","geometry":{"type":"Polygon","coordinates":[[[-122.272419,37.875704],[-122.272579,37.875686],[-122.272657,37.876048],[-122.272493,37.876069],[-122.272429,37.875753],[-122.272419,37.875704]]]},"properties":{"APN":"58-2170-26","SitusAddress":"1918 VIRGINIA ST BERKELEY 94709"}},{"type":"Feature","geometry":{"type":"Polygon","coordinates":[[[-122.272222,37.875731],[-122.272243,37.875728],[-122.272419,37.875704],[-122.272429,37.875753],[-122.272493,37.876069],[-122.272295,37.876093],[-122.272222,37.875731]]]},"properties":{"APN":"58-2170-27","SitusAddress":"1922 VIRGINIA ST BERKELEY 94709"}},{"type":"Feature","geometry":{"type":"Polygon","coordinates":[[[-122.272073,37.875749],[-122.272222,37.875731],[-122.272295,37.876093],[-122.272144,37.876114],[-122.272073,37.875749]]]},"properties":{"APN":"58-2170-28","SitusAddress":"1926 VIRGINIA ST BERKELEY 94709"}},{"type":"Feature","geometry":{"type":"Polygon","coordinates":[[[-122.272503,37.875312],[-122.27269,37.875286],[-122.272693,37.875306],[-122.272743,37.87556],[-122.272745,37.87556],[-122.272761,37.875642],[-122.272765,37.875662],[-122.272685,37.875672],[-122.272579,37.875686],[-122.272503,37.875312]]]},"properties":{"APN":"58-2170-32","SitusAddress":"1519 FRANCISCO ST BERKELEY 94703"}},{"type":"Feature","geometry":{"type":"Polygon","coordinates":[[[-122.271411,37.875457],[-122.271547,37.87544],[-122.271576,37.8757],[-122.271439,37.875717],[-122.271439,37.875717],[-122.271425,37.875588],[-122.271411,37.875457]]]},"properties":{"APN":"58-2170-36","SitusAddress":" FRANCISCO ST BERKELEY 94709"}},{"type":"Feature","geometry":{"type":"Polygon","coordinates":[[[-122.273243,37.877694],[-122.273602,37.877649],[-122.273617,37.877764],[-122.273254,37.87781],[-122.273243,37.877694]]]},"properties":{"APN":"58-2171-1","SitusAddress":"1601 M L KING JR WAY BERKELEY 94709"}},{"type":"Feature","geometry":{"type":"Polygon","coordinates":[[[-122.273084,37.877493],[-122.273218,37.877475],[-122.273231,37.877584],[-122.273243,37.877694],[-122.273254,37.87781],[-122.273125,37.877828],[-122.273084,37.877493]]]},"properties":{"APN":"58-2171-2","SitusAddress":"1908 CEDAR ST BERKELEY 94709"}},{"type":"Feature","geometry":{"type":"Polygon","coordinates":[[[-122.272974,37.877563],[-122.27296,37.877454],[-122.273077,37.877441],[-122.273084,37.877493],[-122.273125,37.877828],[-122.273009,37.877844],[-122.272974,37.877563]]]},"properties":{"APN":"58-2171-3","SitusAddress":"1916 CEDAR ST BERKELEY 94709"}},{"type":"Feature","geometry":{"type":"Polygon","coordinates":[[[-122.272879,37.877686],[-122.272867,37.877577],[-122.272974,37.877563],[-122.273009,37.877844],[-122.2729,37.877859],[-122.272879,37.877686]]]},"properties":{"APN":"58-2171-4","SitusAddress":"1920 CEDAR ST BERKELEY 94709"}},{"type":"Feature","geometry":{"type":"Polygon","coordinates":[[[-122.272628,37.877714],[-122.272879,37.877686],[-122.2729,37.877859],[-122.272648,37.877885],[-122.272628,37.877714]]]},"properties":{"APN":"58-2171-5","SitusAddress":"1924 CEDAR ST BERKELEY 94709"}},{"type":"Feature","geometry":{"type":"Polygon","coordinates":[[[-122.272617,37.877609],[-122.272867,37.877577],[-122.272879,37.877686],[-122.272628,37.877714],[-122.272617,37.877609]]]},"properties":{"APN":"58-2171-6","SitusAddress":"1604 BONITA AVE BERKELEY 94709"}},{"type":"Feature","geometry":{"type":"Polygon","coordinates":[[[-122.272605,37.877497],[-122.27296,37.877454],[-122.272974,37.877563],[-122.272867,37.877577],[-122.272617,37.877609],[-122.272605,37.877497]]]},"properties":{"APN":"58-2171-7","SitusAddress":"1606 BONITA AVE BERKELEY 94709"}},{"type":"Feature","geometry":{"type":"Polygon","coordinates":[[[-122.272591,37.877383],[-122.273062,37.877326],[-122.273077,37.877441],[-122.27296,37.877454],[-122.272605,37.877497],[-122.272591,37.877383]]]},"properties":{"APN":"58-2171-8","SitusAddress":"1608 BONITA AVE BERKELEY 94709"}},{"type":"Feature","geometry":{"type":"Polygon","coordinates":[[[-122.272579,37.877275],[-122.273049,37.877219],[-122.273058,37.87728],[-122.273062,37.877326],[-122.272591,37.877383],[-122.272579,37.877275]]]},"properties":{"APN":"58-2171-9","SitusAddress":"1612 BONITA AVE BERKELEY 94709"}},{"type":"Feature","geometry":{"type":"Polygon","coordinates":[[[-122.272569,37.877191],[-122.273039,37.877137],[-122.273049,37.877219],[-122.272579,37.877275],[-122.272569,37.877191]]]},"properties":{"APN":"58-2171-10","SitusAddress":"1614 BONITA AVE BERKELEY 94709"}},{"type":"Feature","geometry":{"type":"Polygon","coordinates":[[[-122.272556,37.877091],[-122.273026,37.877036],[-122.273039,37.877137],[-122.272569,37.877191],[-122.272556,37.877091]]]},"properties":{"APN":"58-2171-11","SitusAddress":"1620 BONITA AVE BERKELEY 94709"}},{"type":"Feature","geometry":{"type":"Polygon","coordinates":[[[-122.272547,37.876991],[-122.273011,37.876931],[-122.273023,37.876999],[-122.273026,37.877036],[-122.272556,37.877091],[-122.272547,37.876991]]]},"properties":{"APN":"58-2171-12","SitusAddress":"1624 BONITA AVE BERKELEY 94709"}},{"type":"Feature","geometry":{"type":"Polygon","coordinates":[[[-122.272534,37.876888],[-122.273002,37.87683],[-122.273006,37.876862],[-122.273011,37.876931],[-122.272547,37.876991],[-122.272534,37.876888]]]},"properties":{"APN":"58-2171-13","SitusAddress":"1626 BONITA AVE BERKELEY 94709"}},{"type":"Feature","geometry":{"type":"Polygon","coordinates":[[[-122.272523,37.876785],[-122.272987,37.876727],[-122.273002,37.87683],[-122.272534,37.876888],[-122.272523,37.876785]]]},"properties":{"APN":"58-2171-14","SitusAddress":"1628 BONITA AVE BERKELEY 94709"}},{"type":"Feature","geometry":{"type":"Polygon","coordinates":[[[-122.272504,37.876653],[-122.272974,37.876593],[-122.272987,37.876727],[-122.272523,37.876785],[-122.272504,37.876653]]]},"properties":{"APN":"58-2171-15","SitusAddress":"1632 BONITA AVE BERKELEY 94709"}},{"type":"Feature","geometry":{"type":"Polygon","coordinates":[[[-122.272488,37.876511],[-122.272606,37.876498],[-122.272744,37.876483],[-122.272872,37.876469],[-122.272955,37.876457],[-122.272974,37.876593],[-122.272504,37.876653],[-122.272488,37.876511]]]},"properties":{"APN":"58-2171-16","SitusAddress":"1636 BONITA AVE BERKELEY 94709"}},{"type":"Feature","geometry":{"type":"Polygon","coordinates":[[[-122.272575,37.876221],[-122.272606,37.876498],[-122.272488,37.876511],[-122.272454,37.876237],[-122.272575,37.876221]]]},"properties":{"APN":"58-2171-17","SitusAddress":"1919 VIRGINIA ST BERKELEY 94709"}},{"type":"Feature","geometry":{"type":"Polygon","coordinates":[[[-122.272575,37.876221],[-122.27271,37.876204],[-122.272744,37.876483],[-122.272606,37.876498],[-122.272575,37.876221]]]},"properties":{"APN":"58-2171-18","SitusAddress":"1917 VIRGINIA ST BERKELEY 94709"}},{"type":"Feature","geometry":{"type":"Polygon","coordinates":[[[-122.27271,37.876204],[-122.272838,37.876191],[-122.272872,37.876469],[-122.272744,37.876483],[-122.27271,37.876204]]]},"properties":{"APN":"58-2171-19","SitusAddress":"1915 VIRGINIA ST BERKELEY 94709"}},{"type":"Feature","geometry":{"type":"Polygon","coordinates":[[[-122.272838,37.876191],[-122.272969,37.876171],[-122.273003,37.876453],[-122.272955,37.876457],[-122.272872,37.876469],[-122.272838,37.876191]]]},"properties":{"APN":"58-2171-20","SitusAddress":"1907 VIRGINIA ST BERKELEY 94709"}},{"type":"Feature","geometry":{"type":"Polygon","coordinates":[[[-122.272969,37.876171],[-122.273098,37.876156],[-122.273143,37.876435],[-122.273003,37.876453],[-122.272969,37.876171]]]},"properties":{"APN":"58-2171-21","SitusAddress":"1905 VIRGINIA ST BERKELEY 94709"}},{"type":"Feature","geometry":{"type":"Polygon","coordinates":[[[-122.273098,37.876156],[-122.273261,37.876133],[-122.273294,37.876416],[-122.273143,37.876435],[-122.273098,37.876156]]]},"properties":{"APN":"58-2171-22-1","SitusAddress":"1903 VIRGINIA ST BERKELEY 94709"}},{"type":"Feature","geometry":{"type":"Polygon","coordinates":[[[-122.273261,37.876133],[-122.273418,37.876115],[-122.273454,37.876395],[-122.273294,37.876416],[-122.273261,37.876133]]]},"properties":{"APN":"58-2171-23-2","SitusAddress":"1649 M L KING JR WAY BERKELEY 94709"}},{"type":"Feature","geometry":{"type":"Polygon","coordinates":[[[-122.272955,37.876457],[-122.273003,37.876453],[-122.273143,37.876435],[-122.273294,37.876416],[-122.273454,37.876395],[-122.273468,37.876526],[-122.272974,37.876593],[-122.272955,37.876457]]]},"properties":{"APN":"58-2171-24","SitusAddress":"1641 M L KING JR WAY BERKELEY 94709"}},{"type":"Feature","geometry":{"type":"Polygon","coordinates":[[[-122.272974,37.876593],[-122.273468,37.876526],[-122.273485,37.876661],[-122.272987,37.876727],[-122.272974,37.876593]]]},"properties":{"APN":"58-2171-25","SitusAddress":"1635 M L KING JR WAY BERKELEY 94709"}},{"type":"Feature","geometry":{"type":"Polygon","coordinates":[[[-122.273002,37.87683],[-122.272987,37.876727],[-122.273485,37.876661],[-122.273497,37.876799],[-122.273006,37.876862],[-122.273002,37.87683]]]},"properties":{"APN":"58-2171-26","SitusAddress":"1633 M L KING JR WAY BERKELEY 94709"}},{"type":"Feature","geometry":{"type":"Polygon","coordinates":[[[-122.273011,37.876931],[-122.273006,37.876862],[-122.273497,37.876799],[-122.273517,37.876937],[-122.273023,37.876999],[-122.273011,37.876931]]]},"properties":{"APN":"58-2171-27","SitusAddress":"1625 M L KING JR WAY BERKELEY 94709"}},{"type":"Feature","geometry":{"type":"Polygon","coordinates":[[[-122.273049,37.877219],[-122.273039,37.877137],[-122.273534,37.877071],[-122.273547,37.877215],[-122.273382,37.877237],[-122.273058,37.87728],[-122.273049,37.877219]]]},"properties":{"APN":"58-2171-29","SitusAddress":"1621 M L KING JR WAY BERKELEY 94709"}},{"type":"Feature","geometry":{"type":"Polygon","coordinates":[[[-122.273077,37.877441],[-122.273062,37.877326],[-122.273058,37.87728],[-122.273382,37.877237],[-122.273547,37.877215],[-122.273574,37.877428],[-122.273218,37.877475],[-122.273084,37.877493],[-122.273077,37.877441]]]},"properties":{"APN":"58-2171-31-1","SitusAddress":"1615 M L KING JR WAY BERKELEY 94709"}},{"type":"Feature","geometry":{"type":"Polygon","coordinates":[[[-122.273218,37.877475],[-122.273574,37.877428],[-122.273591,37.877537],[-122.273231,37.877584],[-122.273218,37.877475]]]},"properties":{"APN":"58-2171-32","SitusAddress":"1607 M L KING JR WAY BERKELEY 94709"}},{"type":"Feature","geometry":{"type":"Polygon","coordinates":[[[-122.273231,37.877584],[-122.273591,37.877537],[-122.273602,37.877649],[-122.273243,37.877694],[-122.273231,37.877584]]]},"properties":{"APN":"58-2171-33","SitusAddress":"1605 M L KING JR WAY BERKELEY 94709"}},{"type":"Feature","geometry":{"type":"Polygon","coordinates":[[[-122.273026,37.877036],[-122.273023,37.876999],[-122.273517,37.876937],[-122.273534,37.877071],[-122.273039,37.877137],[-122.273026,37.877036]]]},"properties":{"APN":"58-2171-37","SitusAddress":"1623 M L KING JR WAY  AB BERKELEY 94709"}},{"type":"Feature","geometry":{"type":"Polygon","coordinates":[[[-122.271967,37.877827],[-122.272435,37.877765],[-122.272454,37.877914],[-122.271984,37.877976],[-122.271967,37.877827]]]},"properties":{"APN":"58-2172-1","SitusAddress":"1930 CEDAR ST BERKELEY 94709"}},{"type":"Feature","geometry":{"type":"Polygon","coordinates":[[[-122.27181,37.877853],[-122.271793,37.877714],[-122.271952,37.877697],[-122.271967,37.877827],[-122.271984,37.877976],[-122.271826,37.877997],[-122.27181,37.877853]]]},"properties":{"APN":"58-2172-2","SitusAddress":"1940 CEDAR ST BERKELEY 94709"}},{"type":"Feature","geometry":{"type":"Polygon","coordinates":[[[-122.271518,37.877887],[-122.27181,37.877853],[-122.271826,37.877997],[-122.271535,37.878033],[-122.271518,37.877887]]]},"properties":{"APN":"58-2172-3-1","SitusAddress":"1600 MILVIA ST BERKELEY 94709"}},{"type":"Feature","geometry":{"type":"Polygon","coordinates":[[[-122.271499,37.877753],[-122.271793,37.877714],[-122.27181,37.877853],[-122.271518,37.877887],[-122.271499,37.877753]]]},"properties":{"APN":"58-2172-3-2","SitusAddress":"1604 MILVIA ST BERKELEY 94709"}},{"type":"Feature","geometry":{"type":"Polygon","coordinates":[[[-122.271482,37.877613],[-122.271936,37.877556],[-122.271952,37.877697],[-122.271793,37.877714],[-122.271499,37.877753],[-122.271482,37.877613]]]},"properties":{"APN":"58-2172-4","SitusAddress":"1610 MILVIA ST BERKELEY 94709"}},{"type":"Feature","geometry":{"type":"Polygon","coordinates":[[[-122.271465,37.877483],[-122.271919,37.877424],[-122.271922,37.877457],[-122.271936,37.877556],[-122.271482,37.877613],[-122.271465,37.877483]]]},"properties":{"APN":"58-2172-5","SitusAddress":"1614 MILVIA ST BERKELEY 94709"}},{"type":"Feature","geometry":{"type":"Polygon","coordinates":[[[-122.271458,37.877387],[-122.271905,37.877326],[-122.271911,37.877364],[-122.271919,37.877424],[-122.271465,37.877483],[-122.271458,37.877387]]]},"properties":{"APN":"58-2172-6","SitusAddress":"1618 MILVIA ST BERKELEY 94709"}},{"type":"Feature","geometry":{"type":"Polygon","coordinates":[[[-122.271443,37.877287],[-122.271894,37.877229],[-122.271898,37.87727],[-122.271905,37.877326],[-122.271458,37.877387],[-122.271443,37.877287]]]},"properties":{"APN":"58-2172-7","SitusAddress":"1620 MILVIA ST BERKELEY 94709"}},{"type":"Feature","geometry":{"type":"Polygon","coordinates":[[[-122.271435,37.877177],[-122.271884,37.877117],[-122.271887,37.877143],[-122.271894,37.877229],[-122.271443,37.877287],[-122.271435,37.877177]]]},"properties":{"APN":"58-2172-8","SitusAddress":"1622 MILVIA ST BERKELEY 94709"}},{"type":"Feature","geometry":{"type":"Polygon","coordinates":[[[-122.271421,37.877069],[-122.271873,37.87701],[-122.271884,37.877117],[-122.271435,37.877177],[-122.271421,37.877069]]]},"properties":{"APN":"58-2172-9","SitusAddress":"1624 MILVIA ST BERKELEY 94709"}},{"type":"Feature","geometry":{"type":"Polygon","coordinates":[[[-122.271405,37.876933],[-122.271851,37.876876],[-122.271873,37.87701],[-122.271421,37.877069],[-122.271405,37.876933]]]},"properties":{"APN":"58-2172-10","SitusAddress":"1634 MILVIA ST BERKELEY 94709"}},{"type":"Feature","geometry":{"type":"Polygon","coordinates":[[[-122.27139,37.876792],[-122.271835,37.876736],[-122.271851,37.876876],[-122.271405,37.876933],[-122.27139,37.876792]]]},"properties":{"APN":"58-2172-11","SitusAddress":"1636 MILVIA ST BERKELEY 94709"}},{"type":"Feature","geometry":{"type":"Polygon","coordinates":[[[-122.271374,37.876664],[-122.27182,37.876603],[-122.271831,37.876709],[-122.271835,37.876736],[-122.27139,37.876792],[-122.271374,37.876664]]]},"properties":{"APN":"58-2172-12","SitusAddress":"1640 MILVIA ST BERKELEY 94709"}},{"type":"Feature","geometry":{"type":"Polygon","coordinates":[[[-122.271618,37.876349],[-122.271635,37.876494],[-122.271354,37.876529],[-122.271336,37.876381],[-122.271618,37.876349]]]},"properties":{"APN":"58-2172-14","SitusAddress":"1947 VIRGINIA ST BERKELEY 94709"}},{"type":"Feature","geometry":{"type":"Polygon","coordinates":[[[-122.271618,37.876349],[-122.271782,37.876328],[-122.271803,37.876477],[-122.271635,37.876494],[-122.271618,37.876349]]]},"properties":{"APN":"58-2172-15","SitusAddress":"1939 VIRGINIA ST BERKELEY 94709"}},{"type":"Feature","geometry":{"type":"Polygon","coordinates":[[[-122.271803,37.876477],[-122.271782,37.876328],[-122.271934,37.876307],[-122.271969,37.876583],[-122.27182,37.876603],[-122.271803,37.876477]]]},"properties":{"APN":"58-2172-16","SitusAddress":"1935 VIRGINIA ST BERKELEY 94709"}},{"type":"Feature","geometry":{"type":"Polygon","coordinates":[[[-122.271934,37.876307],[-122.272093,37.876288],[-122.272129,37.876562],[-122.271969,37.876583],[-122.271934,37.876307]]]},"properties":{"APN":"58-2172-17","SitusAddress":"1933 VIRGINIA ST BERKELEY 94709"}},{"type":"Feature","geometry":{"type":"Polygon","coordinates":[[[-122.272093,37.876288],[-122.272255,37.876265],[-122.272288,37.876539],[-122.272129,37.876562],[-122.272093,37.876288]]]},"properties":{"APN":"58-2172-18","SitusAddress":"1929 VIRGINIA ST BERKELEY 94709"}},{"type":"Feature","geometry":{"type":"Polygon","coordinates":[[[-122.27182,37.876603],[-122.271969,37.876583],[-122.272129,37.876562],[-122.272288,37.876539],[-122.272301,37.876649],[-122.271831,37.876709],[-122.27182,37.876603]]]},"properties":{"APN":"58-2172-19","SitusAddress":"1635 BONITA AVE BERKELEY 94709"}},{"type":"Feature","geometry":{"type":"Polygon","coordinates":[[[-122.271835,37.876736],[-122.271831,37.876709],[-122.272301,37.876649],[-122.27232,37.876809],[-122.271851,37.876876],[-122.271835,37.876736]]]},"properties":{"APN":"58-2172-20","SitusAddress":"1633 BONITA AVE BERKELEY 94709"}},{"type":"Feature","geometry":{"type":"Polygon","coordinates":[[[-122.271851,37.876876],[-122.27232,37.876809],[-122.272339,37.876948],[-122.271873,37.87701],[-122.271851,37.876876]]]},"properties":{"APN":"58-2172-21","SitusAddress":"1631 BONITA AVE BERKELEY 94709"}},{"type":"Feature","geometry":{"type":"Polygon","coordinates":[[[-122.271894,37.877229],[-122.271887,37.877143],[-122.272355,37.877085],[-122.272366,37.877209],[-122.272306,37.877217],[-122.271898,37.87727],[-122.271894,37.877229]]]},"properties":{"APN":"58-2172-23","SitusAddress":"1621 BONITA AVE BERKELEY 94709"}},{"type":"Feature","geometry":{"type":"Polygon","coordinates":[[[-122.271905,37.877326],[-122.271898,37.87727],[-122.272306,37.877217],[-122.272366,37.877209],[-122.272379,37.877306],[-122.271911,37.877364],[-122.271905,37.877326]]]},"properties":{"APN":"58-2172-24","SitusAddress":"1615 BONITA AVE BERKELEY 94709"}},{"type":"Feature","geometry":{"type":"Polygon","coordinates":[[[-122.271919,37.877424],[-122.271911,37.877364],[-122.272379,37.877306],[-122.27239,37.877398],[-122.271922,37.877457],[-122.271919,37.877424]]]},"properties":{"APN":"58-2172-25","SitusAddress":"1613 BONITA AVE BERKELEY 94709"}},{"type":"Feature","geometry":{"type":"Polygon","coordinates":[[[-122.271922,37.877457],[-122.27239,37.877398],[-122.272403,37.877494],[-122.271936,37.877556],[-122.271922,37.877457]]]},"properties":{"APN":"58-2172-26","SitusAddress":"1611 BONITA AVE BERKELEY 94709"}},{"type":"Feature","geometry":{"type":"Polygon","coordinates":[[[-122.271936,37.877556],[-122.272403,37.877494],[-122.272418,37.877631],[-122.271952,37.877697],[-122.271936,37.877556]]]},"properties":{"APN":"58-2172-27","SitusAddress":"1609 BONITA AVE BERKELEY 94709"}},{"type":"Feature","geometry":{"type":"Polygon","coordinates":[[[-122.271952,37.877697],[-122.272418,37.877631],[-122.272435,37.877765],[-122.271967,37.877827],[-122.271952,37.877697]]]},"properties":{"APN":"58-2172-28","SitusAddress":"1605 BONITA AVE BERKELEY 94709"}},{"type":"Feature","geometry":{"type":"Polygon","coordinates":[[[-122.271884,37.877117],[-122.271873,37.87701],[-122.272339,37.876948],[-122.272355,37.877085],[-122.271887,37.877143],[-122.271884,37.877117]]]},"properties":{"APN":"58-2172-32","SitusAddress":"1623 BONITA AVE BERKELEY 94709"}},{"type":"Feature","geometry":{"type":"Polygon","coordinates":[[[-122.271354,37.876529],[-122.271635,37.876494],[-122.271803,37.876477],[-122.27182,37.876603],[-122.271374,37.876664],[-122.271354,37.876529]]]},"properties":{"APN":"58-2172-37","SitusAddress":"1642 MILVIA ST BERKELEY 94709"}},{"type":"Feature","geometry":{"type":"Polygon","coordinates":[[[-122.269232,37.877948],[-122.269396,37.877925],[-122.2694,37.877932],[-122.269531,37.877916],[-122.269517,37.877843],[-122.269664,37.877827],[-122.26968,37.8779],[-122.269765,37.877887],[-122.269846,37.878254],[-122.269274,37.878327],[-122.269232,37.877948]]]},"properties":{"APN":"58-2173-2-3","SitusAddress":"1600 SHATTUCK AVE  1010 BERKELEY 94709"}},{"type":"Feature","geometry":{"type":"Polygon","coordinates":[[[-122.269216,37.87785],[-122.269375,37.877829],[-122.269396,37.877925],[-122.269232,37.877948],[-122.269216,37.87785]]]},"properties":{"APN":"58-2173-4","SitusAddress":"1620 SHATTUCK AVE BERKELEY 94709"}},{"type":"Feature","geometry":{"type":"Polygon","coordinates":[[[-122.269315,37.877556],[-122.269375,37.877829],[-122.269216,37.87785],[-122.269189,37.877576],[-122.269315,37.877556]]]},"properties":{"APN":"58-2173-5","SitusAddress":"1650 SHATTUCK AVE BERKELEY 94709"}},{"type":"Feature","geometry":{"type":"Polygon","coordinates":[[[-122.269396,37.877925],[-122.269375,37.877829],[-122.269315,37.877556],[-122.269453,37.877535],[-122.269517,37.877843],[-122.269531,37.877916],[-122.2694,37.877932],[-122.269396,37.877925]]]},"properties":{"APN":"58-2173-6","SitusAddress":"2043 LINCOLN ST BERKELEY 94709"}},{"type":"Feature","geometry":{"type":"Polygon","coordinates":[[[-122.269453,37.877535],[-122.269598,37.877514],[-122.269598,37.877522],[-122.269664,37.877827],[-122.269517,37.877843],[-122.269453,37.877535]]]},"properties":{"APN":"58-2173-7-1","SitusAddress":"2041 LINCOLN ST BERKELEY 94709"}},{"type":"Feature","geometry":{"type":"Polygon","coordinates":[[[-122.269664,37.877827],[-122.269598,37.877522],[-122.269845,37.877486],[-122.269927,37.877864],[-122.269884,37.87787],[-122.269765,37.877887],[-122.26968,37.8779],[-122.269664,37.877827]]]},"properties":{"APN":"58-2173-8","SitusAddress":"2037 LINCOLN ST BERKELEY 94709"}},{"type":"Feature","geometry":{"type":"Polygon","coordinates":[[[-122.269845,37.877486],[-122.270049,37.877459],[-122.270132,37.877835],[-122.269996,37.877854],[-122.269927,37.877864],[-122.269845,37.877486]]]},"properties":{"APN":"58-2173-9","SitusAddress":"2031 LINCOLN ST BERKELEY 94709"}},{"type":"Feature","geometry":{"type":"Polygon","coordinates":[[[-122.270049,37.877459],[-122.270239,37.877434],[-122.270317,37.877814],[-122.270167,37.877831],[-122.270132,37.877835],[-122.270049,37.877459]]]},"properties":{"APN":"58-2173-10","SitusAddress":"2025 LINCOLN ST BERKELEY 94709"}},{"type":"Feature","geometry":{"type":"Polygon","coordinates":[[[-122.270403,37.877413],[-122.2706,37.877389],[-122.270682,37.877765],[-122.270663,37.877768],[-122.270509,37.877788],[-122.270486,37.877791],[-122.270403,37.877413]]]},"properties":{"APN":"58-2173-12","SitusAddress":"2017 LINCOLN ST BERKELEY 94709"}},{"type":"Feature","geometry":{"type":"Polygon","coordinates":[[[-122.2706,37.877389],[-122.270773,37.877366],[-122.270846,37.877744],[-122.270682,37.877765],[-122.2706,37.877389]]]},"properties":{"APN":"58-2173-13","SitusAddress":"2013 LINCOLN ST BERKELEY 94709"}},{"type":"Feature","geometry":{"type":"Polygon","coordinates":[[[-122.270919,37.877345],[-122.271054,37.877329],[-122.271134,37.877706],[-122.271,37.877724],[-122.270919,37.877345]]]},"properties":{"APN":"58-2173-15","SitusAddress":"2005 LINCOLN ST BERKELEY 94709"}},{"type":"Feature","geometry":{"type":"Polygon","coordinates":[[[-122.271054,37.877329],[-122.271236,37.877306],[-122.271278,37.877688],[-122.271134,37.877706],[-122.271054,37.877329]]]},"properties":{"APN":"58-2173-16","SitusAddress":"2001 LINCOLN ST BERKELEY 94709"}},{"type":"Feature","geometry":{"type":"Polygon","coordinates":[[[-122.270853,37.877774],[-122.270846,37.877744],[-122.271,37.877724],[-122.271134,37.877706],[-122.271278,37.877688],[-122.271293,37.87782],[-122.270875,37.877874],[-122.270853,37.877774]]]},"properties":{"APN":"58-2173-17","SitusAddress":"1607 MILVIA ST BERKELEY 94709"}},{"type":"Feature","geometry":{"type":"Polygon","coordinates":[[[-122.270875,37.877874],[-122.271293,37.87782],[-122.271308,37.877925],[-122.271059,37.877959],[-122.270896,37.877982],[-122.270875,37.877874]]]},"properties":{"APN":"58-2173-18","SitusAddress":"1605 MILVIA ST BERKELEY 94709"}},{"type":"Feature","geometry":{"type":"Polygon","coordinates":[[[-122.271059,37.877959],[-122.271308,37.877925],[-122.271325,37.878059],[-122.27109,37.878095],[-122.271059,37.877959]]]},"properties":{"APN":"58-2173-19","SitusAddress":"1601 MILVIA ST BERKELEY 94709"}},{"type":"Feature","geometry":{"type":"Polygon","coordinates":[[[-122.270896,37.877982],[-122.271059,37.877959],[-122.27109,37.878095],[-122.270924,37.878116],[-122.270896,37.877982]]]},"properties":{"APN":"58-2173-20","SitusAddress":"2004 CEDAR ST BERKELEY 94709"}},{"type":"Feature","geometry":{"type":"Polygon","coordinates":[[[-122.270853,37.877774],[-122.270875,37.877874],[-122.270896,37.877982],[-122.270924,37.878116],[-122.270803,37.878131],[-122.270774,37.877986],[-122.270823,37.87788],[-122.270798,37.877782],[-122.270853,37.877774]]]},"properties":{"APN":"58-2173-21","SitusAddress":"2008 CEDAR ST BERKELEY 94709"}},{"type":"Feature","geometry":{"type":"Polygon","coordinates":[[[-122.270663,37.877768],[-122.270682,37.877765],[-122.270846,37.877744],[-122.270853,37.877774],[-122.270798,37.877782],[-122.270823,37.87788],[-122.270774,37.877986],[-122.270803,37.878131],[-122.27076,37.878139],[-122.270724,37.877962],[-122.270704,37.877964],[-122.270671,37.877812],[-122.270663,37.877768]]]},"properties":{"APN":"58-2173-22","SitusAddress":"2010 CEDAR ST BERKELEY 94709"}},{"type":"Feature","geometry":{"type":"Polygon","coordinates":[[[-122.270509,37.877788],[-122.270663,37.877768],[-122.270671,37.877812],[-122.270704,37.877964],[-122.270724,37.877962],[-122.27076,37.878139],[-122.270587,37.87816],[-122.270509,37.877788]]]},"properties":{"APN":"58-2173-23","SitusAddress":"2014 CEDAR ST BERKELEY 94709"}},{"type":"Feature","geometry":{"type":"Polygon","coordinates":[[[-122.270336,37.877812],[-122.270486,37.877791],[-122.270509,37.877788],[-122.270587,37.87816],[-122.270413,37.878186],[-122.270336,37.877812]]]},"properties":{"APN":"58-2173-24","SitusAddress":"2016 CEDAR ST BERKELEY 94709"}},{"type":"Feature","geometry":{"type":"Polygon","coordinates":[[[-122.270167,37.877831],[-122.270317,37.877814],[-122.270336,37.877812],[-122.270413,37.878186],[-122.270242,37.878204],[-122.270204,37.878015],[-122.270167,37.877831]]]},"properties":{"APN":"58-2173-25","SitusAddress":"2020 CEDAR ST BERKELEY 94709"}},{"type":"Feature","geometry":{"type":"Polygon","coordinates":[[[-122.269884,37.87787],[-122.269927,37.877864],[-122.269996,37.877854],[-122.270078,37.87823],[-122.26996,37.878244],[-122.269884,37.87787]]]},"properties":{"APN":"58-2173-27","SitusAddress":"2030 CEDAR ST BERKELEY 94709"}},{"type":"Feature","geometry":{"type":"Polygon","coordinates":[[[-122.269765,37.877887],[-122.269884,37.87787],[-122.26996,37.878244],[-122.269846,37.878254],[-122.269765,37.877887]]]},"properties":{"APN":"58-2173-28","SitusAddress":"2032 CEDAR ST BERKELEY 94709"}},{"type":"Feature","geometry":{"type":"Polygon","coordinates":[[[-122.270239,37.877434],[-122.270403,37.877413],[-122.270486,37.877791],[-122.270336,37.877812],[-122.270317,37.877814],[-122.270239,37.877434]]]},"properties":{"APN":"58-2173-35","SitusAddress":"2021 LINCOLN ST BERKELEY 94709"}},{"type":"Feature","geometry":{"type":"Polygon","coordinates":[[[-122.270773,37.877366],[-122.270919,37.877345],[-122.271,37.877724],[-122.270846,37.877744],[-122.270773,37.877366]]]},"properties":{"APN":"58-2173-39","SitusAddress":"2011 LINCOLN ST BERKELEY 94709"}},{"type":"Feature","geometry":{"type":"Polygon","coordinates":[[[-122.269996,37.877854],[-122.270132,37.877835],[-122.270167,37.877831],[-122.270204,37.878015],[-122.270242,37.878204],[-122.270078,37.87823],[-122.269996,37.877854]]]},"properties":{"APN":"58-2173-44","SitusAddress":"2022 CEDAR ST BERKELEY 94709"}},{"type":"Feature","geometry":{"type":"Polygon","coordinates":[[[-122.269151,37.877295],[-122.269479,37.877253],[-122.269492,37.877368],[-122.269169,37.877407],[-122.269151,37.877295]]]},"properties":{"APN":"58-2174-1","SitusAddress":"1652 SHATTUCK AVE BERKELEY 94709"}},{"type":"Feature","geometry":{"type":"Polygon","coordinates":[[[-122.269143,37.877199],[-122.269466,37.87716],[-122.269479,37.877253],[-122.269151,37.877295],[-122.269143,37.877199]]]},"properties":{"APN":"58-2174-2","SitusAddress":"1654 SHATTUCK AVE BERKELEY 94709"}},{"type":"Feature","geometry":{"type":"Polygon","coordinates":[[[-122.269135,37.877117],[-122.269458,37.87708],[-122.269466,37.87716],[-122.269143,37.877199],[-122.269135,37.877117]]]},"properties":{"APN":"58-2174-3","SitusAddress":"1662 SHATTUCK AVE BERKELEY 94709"}},{"type":"Feature","geometry":{"type":"Polygon","coordinates":[[[-122.269123,37.877018],[-122.269443,37.876979],[-122.269445,37.876995],[-122.269458,37.87708],[-122.269135,37.877117],[-122.269123,37.877018]]]},"properties":{"APN":"58-2174-4-1","SitusAddress":"1670 SHATTUCK AVE BERKELEY 94709"}},{"type":"Feature","geometry":{"type":"Polygon","coordinates":[[[-122.269473,37.876615],[-122.269549,37.876982],[-122.269445,37.876995],[-122.269443,37.876979],[-122.269123,37.877018],[-122.269087,37.87667],[-122.269473,37.876615]]]},"properties":{"APN":"58-2174-6-2","SitusAddress":"1690 SHATTUCK AVE BERKELEY 94709"}},{"type":"Feature","geometry":{"type":"Polygon","coordinates":[[[-122.269549,37.876982],[-122.269473,37.876615],[-122.271133,37.876412],[-122.271218,37.877147],[-122.269629,37.877347],[-122.269549,37.876982]]]},"properties":{"APN":"58-2174-8","SitusAddress":"2015 VIRGINIA ST BERKELEY 94709"}},{"type":"Feature","geometry":{"type":"Polygon","coordinates":[[[-122.269479,37.877253],[-122.269466,37.87716],[-122.269458,37.87708],[-122.269445,37.876995],[-122.269549,37.876982],[-122.269629,37.877347],[-122.269492,37.877368],[-122.269479,37.877253]]]},"properties":{"APN":"58-2174-9","SitusAddress":"2038 LINCOLN ST BERKELEY 94709"}},{"type":"Feature","geometry":{"type":"Polygon","coordinates":[[[-122.269031,37.876265],[-122.269478,37.87621],[-122.269524,37.87645],[-122.269058,37.876505],[-122.269031,37.876265]]]},"properties":{"APN":"58-2175-1-1","SitusAddress":"1700 SHATTUCK AVE BERKELEY 94709"}},{"type":"Feature","geometry":{"type":"Polygon","coordinates":[[[-122.269019,37.876139],[-122.269064,37.876134],[-122.269217,37.876116],[-122.269218,37.876116],[-122.269396,37.876095],[-122.269455,37.876086],[-122.269478,37.87621],[-122.269031,37.876265],[-122.269019,37.876139]]]},"properties":{"APN":"58-2175-3","SitusAddress":"1708 SHATTUCK AVE BERKELEY 94709"}},{"type":"Feature","geometry":{"type":"Polygon","coordinates":[[[-122.269003,37.876044],[-122.269196,37.876018],[-122.2692,37.876036],[-122.269213,37.876097],[-122.269217,37.876116],[-122.269064,37.876134],[-122.269019,37.876139],[-122.269003,37.876044]]]},"properties":{"APN":"58-2175-4","SitusAddress":"1720 SHATTUCK AVE BERKELEY 94709"}},{"type":"Feature","geometry":{"type":"Polygon","coordinates":[[[-122.268986,37.875902],[-122.269167,37.875879],[-122.269198,37.876018],[-122.269196,37.876018],[-122.269003,37.876044],[-122.268986,37.875902]]]},"properties":{"APN":"58-2175-5","SitusAddress":"1730 SHATTUCK AVE BERKELEY 94709"}},{"type":"Feature","geometry":{"type":"Polygon","coordinates":[[[-122.269138,37.87574],[-122.269167,37.875879],[-122.268986,37.875902],[-122.268974,37.875763],[-122.269138,37.87574]]]},"properties":{"APN":"58-2175-6","SitusAddress":"1748 SHATTUCK AVE BERKELEY 94709"}},{"type":"Feature","geometry":{"type":"Polygon","coordinates":[[[-122.269196,37.876018],[-122.269198,37.876018],[-122.269167,37.875879],[-122.269138,37.87574],[-122.269314,37.875721],[-122.269382,37.876029],[-122.269396,37.876095],[-122.269218,37.876116],[-122.269217,37.876116],[-122.269213,37.876097],[-122.2692,37.876036],[-122.269196,37.876018]]]},"properties":{"APN":"58-2175-7","SitusAddress":"2043 FRANCISCO ST BERKELEY 94709"}},{"type":"Feature","geometry":{"type":"Polygon","coordinates":[[[-122.269314,37.875721],[-122.269523,37.875695],[-122.269584,37.875973],[-122.269737,37.875953],[-122.269881,37.875934],[-122.2699,37.876026],[-122.26981,37.876037],[-122.269455,37.876086],[-122.269396,37.876095],[-122.269382,37.876029],[-122.269314,37.875721]]]},"properties":{"APN":"58-2175-8","SitusAddress":"2041 FRANCISCO ST BERKELEY 94709"}},{"type":"Feature","geometry":{"type":"Polygon","coordinates":[[[-122.269523,37.875695],[-122.269679,37.875674],[-122.269737,37.875953],[-122.269584,37.875973],[-122.269523,37.875695]]]},"properties":{"APN":"58-2175-9","SitusAddress":"2039 FRANCISCO ST BERKELEY 94709"}},{"type":"Feature","geometry":{"type":"Polygon","coordinates":[[[-122.269679,37.875674],[-122.269824,37.875653],[-122.269881,37.875934],[-122.269737,37.875953],[-122.269679,37.875674]]]},"properties":{"APN":"58-2175-10","SitusAddress":"2035 FRANCISCO ST BERKELEY 94709"}},{"type":"Feature","geometry":{"type":"Polygon","coordinates":[[[-122.269881,37.875934],[-122.269824,37.875653],[-122.269976,37.875628],[-122.270059,37.876005],[-122.269978,37.876014],[-122.2699,37.876026],[-122.269881,37.875934]]]},"properties":{"APN":"58-2175-11","SitusAddress":"2027 FRANCISCO ST BERKELEY 94709"}},{"type":"Feature","geometry":{"type":"Polygon","coordinates":[[[-122.269976,37.875628],[-122.270136,37.875608],[-122.270215,37.875983],[-122.270156,37.87599],[-122.270059,37.876005],[-122.269976,37.875628]]]},"properties":{"APN":"58-2175-12","SitusAddress":"2025 FRANCISCO ST BERKELEY 94709"}},{"type":"Feature","geometry":{"type":"Polygon","coordinates":[[[-122.270136,37.875608],[-122.27029,37.875589],[-122.27036,37.875964],[-122.270313,37.87597],[-122.270215,37.875983],[-122.270136,37.875608]]]},"properties":{"APN":"58-2175-13","SitusAddress":"2021 FRANCISCO ST BERKELEY 94709"}},{"type":"Feature","geometry":{"type":"Polygon","coordinates":[[[-122.27029,37.875589],[-122.27042,37.875574],[-122.270501,37.875946],[-122.270486,37.875947],[-122.27036,37.875964],[-122.27029,37.875589]]]},"properties":{"APN":"58-2175-14","SitusAddress":"2017 FRANCISCO ST BERKELEY 94709"}},{"type":"Feature","geometry":{"type":"Polygon","coordinates":[[[-122.27042,37.875574],[-122.270568,37.875553],[-122.270636,37.875932],[-122.270501,37.875946],[-122.27042,37.875574]]]},"properties":{"APN":"58-2175-15-1","SitusAddress":"2011 FRANCISCO ST BERKELEY 94709"}},{"type":"Feature","geometry":{"type":"Polygon","coordinates":[[[-122.270568,37.875553],[-122.270743,37.875535],[-122.270796,37.875815],[-122.270814,37.875908],[-122.270636,37.875932],[-122.270568,37.875553]]]},"properties":{"APN":"58-2175-16-2","SitusAddress":"2009 FRANCISCO ST BERKELEY 94709"}},{"type":"Feature","geometry":{"type":"Polygon","coordinates":[[[-122.270743,37.875535],[-122.2709,37.875516],[-122.270959,37.875795],[-122.270796,37.875815],[-122.270743,37.875535]]]},"properties":{"APN":"58-2175-17-1","SitusAddress":"2005 FRANCISCO ST BERKELEY 94709"}},{"type":"Feature","geometry":{"type":"Polygon","coordinates":[[[-122.2709,37.875516],[-122.271049,37.875495],[-122.271078,37.875781],[-122.270959,37.875795],[-122.2709,37.875516]]]},"properties":{"APN":"58-2175-18-1","SitusAddress":"2001 FRANCISCO ST BERKELEY 94709"}},{"type":"Feature","geometry":{"type":"Polygon","coordinates":[[[-122.270796,37.875815],[-122.270959,37.875795],[-122.271078,37.875781],[-122.271092,37.875872],[-122.270814,37.875908],[-122.270796,37.875815]]]},"properties":{"APN":"58-2175-18-2","SitusAddress":"1713 MILVIA ST BERKELEY 94709"}},{"type":"Feature","geometry":{"type":"Polygon","coordinates":[[[-122.270861,37.876046],[-122.271097,37.876014],[-122.271119,37.876141],[-122.270947,37.876165],[-122.270884,37.876172],[-122.270861,37.876046]]]},"properties":{"APN":"58-2175-20-1","SitusAddress":"1705 MILVIA ST BERKELEY 94709"}},{"type":"Feature","geometry":{"type":"Polygon","coordinates":[[[-122.270947,37.876165],[-122.271119,37.876141],[-122.271127,37.876248],[-122.270961,37.876269],[-122.270947,37.876165]]]},"properties":{"APN":"58-2175-20-2","SitusAddress":"2002 VIRGINIA ST BERKELEY 94709"}},{"type":"Feature","geometry":{"type":"Polygon","coordinates":[[[-122.270884,37.876172],[-122.270947,37.876165],[-122.270961,37.876269],[-122.270806,37.876292],[-122.270786,37.876186],[-122.270884,37.876172]]]},"properties":{"APN":"58-2175-20-4","SitusAddress":"2006 VIRGINIA ST BERKELEY 94709"}},{"type":"Feature","geometry":{"type":"Polygon","coordinates":[[[-122.270665,37.876057],[-122.270826,37.876031],[-122.270835,37.87605],[-122.270861,37.876046],[-122.270884,37.876172],[-122.270786,37.876186],[-122.270806,37.876292],[-122.270716,37.876301],[-122.270665,37.876057]]]},"properties":{"APN":"58-2175-20-5","SitusAddress":"2008 VIRGINIA ST BERKELEY 94709"}},{"type":"Feature","geometry":{"type":"Polygon","coordinates":[[[-122.270486,37.875947],[-122.270501,37.875946],[-122.270636,37.875932],[-122.270665,37.876057],[-122.270716,37.876301],[-122.270566,37.876317],[-122.270486,37.875947]]]},"properties":{"APN":"58-2175-21","SitusAddress":"2010 VIRGINIA ST BERKELEY 94709"}},{"type":"Feature","geometry":{"type":"Polygon","coordinates":[[[-122.270313,37.87597],[-122.27036,37.875964],[-122.270486,37.875947],[-122.270566,37.876317],[-122.270396,37.87634],[-122.270325,37.876017],[-122.270313,37.87597]]]},"properties":{"APN":"58-2175-22","SitusAddress":"2014 VIRGINIA ST BERKELEY 94709"}},{"type":"Feature","geometry":{"type":"Polygon","coordinates":[[[-122.270156,37.87599],[-122.270215,37.875983],[-122.270313,37.87597],[-122.270325,37.876017],[-122.270396,37.87634],[-122.270229,37.876362],[-122.270156,37.87599]]]},"properties":{"APN":"58-2175-23","SitusAddress":"2018 VIRGINIA ST BERKELEY 94709"}},{"type":"Feature","geometry":{"type":"Polygon","coordinates":[[[-122.269978,37.876014],[-122.270059,37.876005],[-122.270156,37.87599],[-122.270229,37.876362],[-122.270053,37.876383],[-122.269978,37.876014]]]},"properties":{"APN":"58-2175-24","SitusAddress":"2022 VIRGINIA ST BERKELEY 94709"}},{"type":"Feature","geometry":{"type":"Polygon","coordinates":[[[-122.26981,37.876037],[-122.2699,37.876026],[-122.269978,37.876014],[-122.270053,37.876383],[-122.26988,37.876403],[-122.26981,37.876037]]]},"properties":{"APN":"58-2175-25","SitusAddress":" VIRGINIA ST BERKELEY 94709"}},{"type":"Feature","geometry":{"type":"Polygon","coordinates":[[[-122.269478,37.87621],[-122.269455,37.876086],[-122.26981,37.876037],[-122.26988,37.876403],[-122.269524,37.87645],[-122.269478,37.87621]]]},"properties":{"APN":"58-2175-26","SitusAddress":"2034 VIRGINIA ST BERKELEY 94709"}},{"type":"Feature","geometry":{"type":"Polygon","coordinates":[[[-122.270636,37.875932],[-122.270814,37.875908],[-122.271092,37.875872],[-122.271097,37.876014],[-122.270861,37.876046],[-122.270835,37.87605],[-122.270826,37.876031],[-122.270665,37.876057],[-122.270636,37.875932]]]},"properties":{"APN":"58-2175-30","SitusAddress":" MILVIA ST BERKELEY 94709"}},{"type":"Feature","geometry":{"type":"Polygon","coordinates":[[[-122.26892,37.875295],[-122.269265,37.875244],[-122.26927,37.875296],[-122.269272,37.875311],[-122.26922,37.875318],[-122.269246,37.875562],[-122.268956,37.875596],[-122.26892,37.875295]]]},"properties":{"APN":"58-2176-1-1","SitusAddress":"1752 SHATTUCK AVE BERKELEY 94709"}},{"type":"Feature","geometry":{"type":"Polygon","coordinates":[[[-122.269268,37.874809],[-122.269345,37.875174],[-122.269356,37.875231],[-122.269265,37.875244],[-122.26892,37.875295],[-122.268868,37.87486],[-122.269268,37.874809]]]},"properties":{"APN":"58-2176-3-1","SitusAddress":"2083 DELAWARE ST BERKELEY 94709"}},{"type":"Feature","geometry":{"type":"Polygon","coordinates":[[[-122.269268,37.874809],[-122.269424,37.87479],[-122.269493,37.875156],[-122.269345,37.875174],[-122.269268,37.874809]]]},"properties":{"APN":"58-2176-5","SitusAddress":"2033 DELAWARE ST BERKELEY 94709"}},{"type":"Feature","geometry":{"type":"Polygon","coordinates":[[[-122.269424,37.87479],[-122.269571,37.874769],[-122.269647,37.875137],[-122.269493,37.875156],[-122.269424,37.87479]]]},"properties":{"APN":"58-2176-6","SitusAddress":"2031 DELAWARE ST BERKELEY 94709"}},{"type":"Feature","geometry":{"type":"Polygon","coordinates":[[[-122.269571,37.874769],[-122.269724,37.874749],[-122.269802,37.875116],[-122.269647,37.875137],[-122.269571,37.874769]]]},"properties":{"APN":"58-2176-7","SitusAddress":"2029 DELAWARE ST BERKELEY 94709"}},{"type":"Feature","geometry":{"type":"Polygon","coordinates":[[[-122.269724,37.874749],[-122.269868,37.874726],[-122.269949,37.875091],[-122.269802,37.875116],[-122.269724,37.874749]]]},"properties":{"APN":"58-2176-8","SitusAddress":"2027 DELAWARE ST BERKELEY 94709"}},{"type":"Feature","geometry":{"type":"Polygon","coordinates":[[[-122.269868,37.874726],[-122.270032,37.874705],[-122.270104,37.875068],[-122.269949,37.875091],[-122.269868,37.874726]]]},"properties":{"APN":"58-2176-9","SitusAddress":"2023 DELAWARE ST BERKELEY 94709"}},{"type":"Feature","geometry":{"type":"Polygon","coordinates":[[[-122.270032,37.874705],[-122.270173,37.87469],[-122.270248,37.875048],[-122.270104,37.875068],[-122.270032,37.874705]]]},"properties":{"APN":"58-2176-10","SitusAddress":"2019 DELAWARE ST BERKELEY 94709"}},{"type":"Feature","geometry":{"type":"Polygon","coordinates":[[[-122.270173,37.87469],[-122.270337,37.874666],[-122.270415,37.875029],[-122.270248,37.875048],[-122.270173,37.87469]]]},"properties":{"APN":"58-2176-11","SitusAddress":"2017 DELAWARE ST BERKELEY 94709"}},{"type":"Feature","geometry":{"type":"Polygon","coordinates":[[[-122.270484,37.874651],[-122.270635,37.874628],[-122.270691,37.874884],[-122.270714,37.874993],[-122.27055,37.875014],[-122.270484,37.874651]]]},"properties":{"APN":"58-2176-13","SitusAddress":"2009 DELAWARE ST BERKELEY 94709"}},{"type":"Feature","geometry":{"type":"Polygon","coordinates":[[[-122.27055,37.875014],[-122.270714,37.874993],[-122.270982,37.874958],[-122.270997,37.875082],[-122.270679,37.875124],[-122.270577,37.875139],[-122.27055,37.875014]]]},"properties":{"APN":"58-2176-17","SitusAddress":"1733 MILVIA ST BERKELEY 94709"}},{"type":"Feature","geometry":{"type":"Polygon","coordinates":[[[-122.270679,37.875124],[-122.270997,37.875082],[-122.271009,37.875208],[-122.270691,37.875247],[-122.270679,37.875124]]]},"properties":{"APN":"58-2176-18","SitusAddress":"1731 MILVIA ST BERKELEY 94709"}},{"type":"Feature","geometry":{"type":"Polygon","coordinates":[[[-122.270691,37.875247],[-122.271009,37.875208],[-122.271024,37.875331],[-122.270703,37.875372],[-122.270691,37.875247]]]},"properties":{"APN":"58-2176-19","SitusAddress":"1729 MILVIA ST BERKELEY 94709"}},{"type":"Feature","geometry":{"type":"Polygon","coordinates":[[[-122.270577,37.875139],[-122.270679,37.875124],[-122.270691,37.875247],[-122.270703,37.875372],[-122.270628,37.875385],[-122.270577,37.875139]]]},"properties":{"APN":"58-2176-20","SitusAddress":"2008 FRANCISCO ST BERKELEY 94709"}},{"type":"Feature","geometry":{"type":"Polygon","coordinates":[[[-122.270415,37.875029],[-122.27055,37.875014],[-122.270577,37.875139],[-122.270628,37.875385],[-122.27049,37.875399],[-122.270415,37.875029]]]},"properties":{"APN":"58-2176-21","SitusAddress":"2010 FRANCISCO ST BERKELEY 94709"}},{"type":"Feature","geometry":{"type":"Polygon","coordinates":[[[-122.270248,37.875048],[-122.270415,37.875029],[-122.27049,37.875399],[-122.270322,37.875419],[-122.270248,37.875048]]]},"properties":{"APN":"58-2176-22","SitusAddress":"2012 FRANCISCO ST BERKELEY 94709"}},{"type":"Feature","geometry":{"type":"Polygon","coordinates":[[[-122.270104,37.875068],[-122.270248,37.875048],[-122.270322,37.875419],[-122.270184,37.875438],[-122.270104,37.875068]]]},"properties":{"APN":"58-2176-23","SitusAddress":"2018 FRANCISCO ST BERKELEY 94709"}},{"type":"Feature","geometry":{"type":"Polygon","coordinates":[[[-122.269949,37.875091],[-122.270104,37.875068],[-122.270184,37.875438],[-122.27002,37.875461],[-122.269949,37.875091]]]},"properties":{"APN":"58-2176-24","SitusAddress":"2022 FRANCISCO ST BERKELEY 94709"}},{"type":"Feature","geometry":{"type":"Polygon","coordinates":[[[-122.269802,37.875116],[-122.269949,37.875091],[-122.27002,37.875461],[-122.26988,37.875484],[-122.269802,37.875116]]]},"properties":{"APN":"58-2176-25","SitusAddress":"2026 FRANCISCO ST BERKELEY 94709"}},{"type":"Feature","geometry":{"type":"Polygon","coordinates":[[[-122.269272,37.875311],[-122.26927,37.875296],[-122.269265,37.875244],[-122.269356,37.875231],[-122.269345,37.875174],[-122.269493,37.875156],[-122.269647,37.875137],[-122.269718,37.875502],[-122.269423,37.875543],[-122.26937,37.875297],[-122.269272,37.875311]]]},"properties":{"APN":"58-2176-27","SitusAddress":"2032 FRANCISCO ST BERKELEY 94709"}},{"type":"Feature","geometry":{"type":"Polygon","coordinates":[[[-122.269272,37.875311],[-122.26937,37.875297],[-122.269423,37.875543],[-122.269246,37.875562],[-122.26922,37.875318],[-122.269272,37.875311]]]},"properties":{"APN":"58-2176-28","SitusAddress":"2038 FRANCISCO ST BERKELEY 94709"}},{"type":"Feature","geometry":{"type":"Polygon","coordinates":[[[-122.269647,37.875137],[-122.269802,37.875116],[-122.26988,37.875484],[-122.269718,37.875502],[-122.269647,37.875137]]]},"properties":{"APN":"58-2176-32","SitusAddress":"2028 FRANCISCO ST  1 BERKELEY 94709"}},{"type":"Feature","geometry":{"type":"Polygon","coordinates":[[[-122.270337,37.874666],[-122.270484,37.874651],[-122.27055,37.875014],[-122.270415,37.875029],[-122.270337,37.874666]]]},"properties":{"APN":"58-2176-35","SitusAddress":"2015 DELAWARE ST BERKELEY 94709"}},{"type":"Feature","geometry":{"type":"Polygon","coordinates":[[[-122.268293,37.876399],[-122.268281,37.876288],[-122.268264,37.876158],[-122.268251,37.876037],[-122.268217,37.875765],[-122.268217,37.875754],[-122.268632,37.875725],[-122.268731,37.876549],[-122.268317,37.876601],[-122.268293,37.876399]]]},"properties":{"APN":"58-2177-1","SitusAddress":"1709 SHATTUCK AVE BERKELEY 94709"}},{"type":"Feature","geometry":{"type":"Polygon","coordinates":[[[-122.268174,37.876523],[-122.268165,37.876404],[-122.268293,37.876399],[-122.268317,37.876601],[-122.268182,37.876617],[-122.268174,37.876523]]]},"properties":{"APN":"58-2177-2","SitusAddress":"2112 VIRGINIA ST BERKELEY 94709"}},{"type":"Feature","geometry":{"type":"Polygon","coordinates":[[[-122.26788,37.876544],[-122.268174,37.876523],[-122.268182,37.876617],[-122.267893,37.876655],[-122.26788,37.876544]]]},"properties":{"APN":"58-2177-3","SitusAddress":"1700 WALNUT ST BERKELEY 94709"}},{"type":"Feature","geometry":{"type":"Polygon","coordinates":[[[-122.267869,37.876425],[-122.268165,37.876404],[-122.268174,37.876523],[-122.26788,37.876544],[-122.267869,37.876425]]]},"properties":{"APN":"58-2177-4","SitusAddress":"1704 WALNUT ST BERKELEY 94709"}},{"type":"Feature","geometry":{"type":"Polygon","coordinates":[[[-122.267857,37.876313],[-122.268281,37.876288],[-122.268293,37.876399],[-122.268165,37.876404],[-122.267869,37.876425],[-122.267857,37.876313]]]},"properties":{"APN":"58-2177-5","SitusAddress":"1710 WALNUT ST BERKELEY 94709"}},{"type":"Feature","geometry":{"type":"Polygon","coordinates":[[[-122.267844,37.87619],[-122.268264,37.876158],[-122.268281,37.876288],[-122.267857,37.876313],[-122.267844,37.87619]]]},"properties":{"APN":"58-2177-6","SitusAddress":"1722 WALNUT ST BERKELEY 94709"}},{"type":"Feature","geometry":{"type":"Polygon","coordinates":[[[-122.267824,37.876067],[-122.268251,37.876037],[-122.268264,37.876158],[-122.267844,37.87619],[-122.267824,37.876067]]]},"properties":{"APN":"58-2177-7-7","SitusAddress":"1728 WALNUT ST BERKELEY 94709"}},{"type":"Feature","geometry":{"type":"Polygon","coordinates":[[[-122.2678,37.875792],[-122.268217,37.875765],[-122.268251,37.876037],[-122.267824,37.876067],[-122.2678,37.875792]]]},"properties":{"APN":"58-2177-7-8","SitusAddress":"1740 WALNUT ST BERKELEY 94709"}},{"type":"Feature","geometry":{"type":"Polygon","coordinates":[[[-122.26779,37.875643],[-122.268198,37.875615],[-122.268217,37.875754],[-122.268217,37.875765],[-122.2678,37.875792],[-122.26779,37.875643]]]},"properties":{"APN":"58-2177-8","SitusAddress":"1750 WALNUT ST BERKELEY 94709"}},{"type":"Feature","geometry":{"type":"Polygon","coordinates":[[[-122.267769,37.875506],[-122.268179,37.875475],[-122.268198,37.875615],[-122.26779,37.875643],[-122.267769,37.875506]]]},"properties":{"APN":"58-2177-9","SitusAddress":"1760 WALNUT ST BERKELEY 94709"}},{"type":"Feature","geometry":{"type":"Polygon","coordinates":[[[-122.267757,37.875365],[-122.26793,37.87535],[-122.268103,37.875335],[-122.26817,37.875329],[-122.268179,37.875475],[-122.267769,37.875506],[-122.267757,37.875365]]]},"properties":{"APN":"58-2177-10","SitusAddress":"1766 WALNUT ST BERKELEY 94709"}},{"type":"Feature","geometry":{"type":"Polygon","coordinates":[[[-122.267749,37.875248],[-122.267832,37.875242],[-122.267915,37.875236],[-122.26793,37.87535],[-122.267757,37.875365],[-122.267749,37.875248]]]},"properties":{"APN":"58-2177-11","SitusAddress":"1772 WALNUT ST BERKELEY 94709"}},{"type":"Feature","geometry":{"type":"Polygon","coordinates":[[[-122.267883,37.874983],[-122.267915,37.875236],[-122.267832,37.875242],[-122.267749,37.875248],[-122.267717,37.875009],[-122.267883,37.874983]]]},"properties":{"APN":"58-2177-12","SitusAddress":"1798 WALNUT ST BERKELEY 94709"}},{"type":"Feature","geometry":{"type":"Polygon","coordinates":[[[-122.267915,37.875236],[-122.267883,37.874983],[-122.268056,37.874962],[-122.268103,37.875335],[-122.26793,37.87535],[-122.267915,37.875236]]]},"properties":{"APN":"58-2177-13","SitusAddress":"2125 DELAWARE ST BERKELEY 94709"}},{"type":"Feature","geometry":{"type":"Polygon","coordinates":[[[-122.26817,37.875329],[-122.268279,37.875322],[-122.268228,37.874939],[-122.268543,37.874899],[-122.268608,37.875444],[-122.268179,37.875475],[-122.26817,37.875329]]]},"properties":{"APN":"58-2177-15-1","SitusAddress":"1797 SHATTUCK AVE BERKELEY 94709"}},{"type":"Feature","geometry":{"type":"Polygon","coordinates":[[[-122.268198,37.875615],[-122.268179,37.875475],[-122.268608,37.875444],[-122.268632,37.875725],[-122.268217,37.875754],[-122.268198,37.875615]]]},"properties":{"APN":"58-2177-18-1","SitusAddress":"1725 SHATTUCK AVE BERKELEY 94709"}},{"type":"Feature","geometry":{"type":"Polygon","coordinates":[[[-122.268056,37.874962],[-122.268228,37.874939],[-122.268279,37.875322],[-122.26817,37.875329],[-122.268103,37.875335],[-122.268056,37.874962]]]},"properties":{"APN":"58-2177-28","SitusAddress":"2113 DELAWARE ST BERKELEY 94709"}},{"type":"Feature","geometry":{"type":"Polygon","coordinates":[[[-122.268375,37.878332],[-122.268364,37.87824],[-122.268527,37.878229],[-122.26855,37.87841],[-122.268386,37.878433],[-122.268375,37.878332]]]},"properties":{"APN":"58-2178-2","SitusAddress":"2110 CEDAR ST BERKELEY 94709"}},{"type":"Feature","geometry":{"type":"Polygon","coordinates":[[[-122.2681,37.878352],[-122.268375,37.878332],[-122.268386,37.878433],[-122.268111,37.878466],[-122.2681,37.878352]]]},"properties":{"APN":"58-2178-3","SitusAddress":"1600 WALNUT ST BERKELEY 94709"}},{"type":"Feature","geometry":{"type":"Polygon","coordinates":[[[-122.268089,37.878261],[-122.268364,37.87824],[-122.268375,37.878332],[-122.2681,37.878352],[-122.268089,37.878261]]]},"properties":{"APN":"58-2178-4","SitusAddress":"1602 WALNUT ST BERKELEY 94709"}},{"type":"Feature","geometry":{"type":"Polygon","coordinates":[[[-122.26807,37.878126],[-122.268512,37.878096],[-122.268527,37.878229],[-122.268364,37.87824],[-122.268089,37.878261],[-122.26807,37.878126]]]},"properties":{"APN":"58-2178-5","SitusAddress":"1608 WALNUT ST BERKELEY 94709"}},{"type":"Feature","geometry":{"type":"Polygon","coordinates":[[[-122.268053,37.877989],[-122.268493,37.877955],[-122.268512,37.878096],[-122.26807,37.878126],[-122.268053,37.877989]]]},"properties":{"APN":"58-2178-6","SitusAddress":"1612 WALNUT ST BERKELEY 94709"}},{"type":"Feature","geometry":{"type":"Polygon","coordinates":[[[-122.268042,37.877877],[-122.268478,37.877846],[-122.268493,37.877955],[-122.268053,37.877989],[-122.268042,37.877877]]]},"properties":{"APN":"58-2178-7","SitusAddress":"1614 WALNUT ST BERKELEY 94709"}},{"type":"Feature","geometry":{"type":"Polygon","coordinates":[[[-122.268027,37.877765],[-122.268465,37.877735],[-122.268478,37.877846],[-122.268042,37.877877],[-122.268027,37.877765]]]},"properties":{"APN":"58-2178-8","SitusAddress":"1618 WALNUT ST BERKELEY 94709"}},{"type":"Feature","geometry":{"type":"Polygon","coordinates":[[[-122.268019,37.877655],[-122.268452,37.877624],[-122.26846,37.877692],[-122.268465,37.877735],[-122.268027,37.877765],[-122.268019,37.877655]]]},"properties":{"APN":"58-2178-9","SitusAddress":"1620 WALNUT ST BERKELEY 94709"}},{"type":"Feature","geometry":{"type":"Polygon","coordinates":[[[-122.268001,37.877546],[-122.268437,37.877516],[-122.268443,37.877558],[-122.268452,37.877624],[-122.268019,37.877655],[-122.268001,37.877546]]]},"properties":{"APN":"58-2178-10","SitusAddress":"1624 WALNUT ST BERKELEY 94709"}},{"type":"Feature","geometry":{"type":"Polygon","coordinates":[[[-122.267988,37.877439],[-122.268424,37.87741],[-122.268437,37.877516],[-122.268001,37.877546],[-122.267988,37.877439]]]},"properties":{"APN":"58-2178-11","SitusAddress":"1628 WALNUT ST BERKELEY 94709"}},{"type":"Feature","geometry":{"type":"Polygon","coordinates":[[[-122.267969,37.8773],[-122.268405,37.877266],[-122.268407,37.877278],[-122.268424,37.87741],[-122.267988,37.877439],[-122.267969,37.8773]]]},"properties":{"APN":"58-2178-12","SitusAddress":"1632 WALNUT ST BERKELEY 94709"}},{"type":"Feature","geometry":{"type":"Polygon","coordinates":[[[-122.267958,37.877186],[-122.26839,37.877154],[-122.268405,37.877266],[-122.267969,37.8773],[-122.267958,37.877186]]]},"properties":{"APN":"58-2178-13","SitusAddress":"1634 WALNUT ST BERKELEY 94709"}},{"type":"Feature","geometry":{"type":"Polygon","coordinates":[[[-122.267945,37.877078],[-122.268261,37.877052],[-122.268377,37.877042],[-122.26839,37.877154],[-122.267958,37.877186],[-122.267945,37.877078]]]},"properties":{"APN":"58-2178-14","SitusAddress":"1636 WALNUT ST BERKELEY 94709"}},{"type":"Feature","geometry":{"type":"Polygon","coordinates":[[[-122.26822,37.876779],[-122.268243,37.87693],[-122.26793,37.876955],[-122.267913,37.876816],[-122.26822,37.876779]]]},"properties":{"APN":"58-2178-16","SitusAddress":"1650 WALNUT ST BERKELEY 94709"}},{"type":"Feature","geometry":{"type":"Polygon","coordinates":[[[-122.268243,37.87693],[-122.26822,37.876779],[-122.268341,37.876763],[-122.268377,37.877042],[-122.268261,37.877052],[-122.268243,37.87693]]]},"properties":{"APN":"58-2178-17","SitusAddress":"2111 VIRGINIA ST BERKELEY 94709"}},{"type":"Feature","geometry":{"type":"Polygon","coordinates":[[[-122.268405,37.877266],[-122.26839,37.877154],[-122.268377,37.877042],[-122.268341,37.876763],[-122.268751,37.876713],[-122.268812,37.877248],[-122.268407,37.877278],[-122.268405,37.877266]]]},"properties":{"APN":"58-2178-18","SitusAddress":"2109 VIRGINIA ST BERKELEY 94709"}},{"type":"Feature","geometry":{"type":"Polygon","coordinates":[[[-122.268452,37.877624],[-122.268443,37.877558],[-122.268848,37.877531],[-122.268863,37.877667],[-122.26846,37.877692],[-122.268452,37.877624]]]},"properties":{"APN":"58-2178-23","SitusAddress":"1619 SHATTUCK AVE BERKELEY 94709"}},{"type":"Feature","geometry":{"type":"Polygon","coordinates":[[[-122.268527,37.878229],[-122.268512,37.878096],[-122.268493,37.877955],[-122.268478,37.877846],[-122.268465,37.877735],[-122.26846,37.877692],[-122.268863,37.877667],[-122.268944,37.878358],[-122.26855,37.87841],[-122.268527,37.878229]]]},"properties":{"APN":"58-2178-24-1","SitusAddress":"1607 SHATTUCK AVE BERKELEY 94709"}},{"type":"Feature","geometry":{"type":"Polygon","coordinates":[[[-122.268437,37.877516],[-122.268424,37.87741],[-122.268407,37.877278],[-122.268812,37.877248],[-122.268848,37.877531],[-122.268443,37.877558],[-122.268437,37.877516]]]},"properties":{"APN":"58-2178-29","SitusAddress":"1625 SHATTUCK AVE BERKELEY 94709"}},{"type":"Feature","geometry":{"type":"Polygon","coordinates":[[[-122.26793,37.876955],[-122.268243,37.87693],[-122.268261,37.877052],[-122.267945,37.877078],[-122.26793,37.876955]]]},"properties":{"APN":"58-2178-35","SitusAddress":"1640a WALNUT ST BERKELEY 94709"}},{"type":"Feature","geometry":{"type":"Polygon","coordinates":[[[-122.26719,37.878484],[-122.267181,37.878405],[-122.267411,37.878384],[-122.267403,37.878322],[-122.267875,37.878288],[-122.267899,37.878496],[-122.267203,37.878591],[-122.26719,37.878484]]]},"properties":{"APN":"58-2179-1","SitusAddress":"2138 CEDAR ST BERKELEY 94709"}},{"type":"Feature","geometry":{"type":"Polygon","coordinates":[[[-122.26695,37.878503],[-122.26719,37.878484],[-122.267203,37.878591],[-122.266966,37.878617],[-122.26695,37.878503]]]},"properties":{"APN":"58-2179-2","SitusAddress":"1600 OXFORD ST BERKELEY 94709"}},{"type":"Feature","geometry":{"type":"Polygon","coordinates":[[[-122.266941,37.878426],[-122.267181,37.878405],[-122.26719,37.878484],[-122.26695,37.878503],[-122.266941,37.878426]]]},"properties":{"APN":"58-2179-3","SitusAddress":"1608 OXFORD ST BERKELEY 94709"}},{"type":"Feature","geometry":{"type":"Polygon","coordinates":[[[-122.266927,37.878288],[-122.267394,37.878252],[-122.267403,37.878322],[-122.267411,37.878384],[-122.267181,37.878405],[-122.266941,37.878426],[-122.266927,37.878288]]]},"properties":{"APN":"58-2179-4","SitusAddress":"1612 OXFORD ST BERKELEY 94709"}},{"type":"Feature","geometry":{"type":"Polygon","coordinates":[[[-122.266895,37.878017],[-122.267362,37.877988],[-122.267377,37.878115],[-122.266912,37.878151],[-122.266895,37.878017]]]},"properties":{"APN":"58-2179-6","SitusAddress":"1634 OXFORD ST BERKELEY 94709"}},{"type":"Feature","geometry":{"type":"Polygon","coordinates":[[[-122.266878,37.877875],[-122.267348,37.877837],[-122.267362,37.877988],[-122.266895,37.878017],[-122.266878,37.877875]]]},"properties":{"APN":"58-2179-7","SitusAddress":"1644 OXFORD ST BERKELEY 94709"}},{"type":"Feature","geometry":{"type":"Polygon","coordinates":[[[-122.266866,37.877743],[-122.267324,37.877708],[-122.267348,37.877837],[-122.266878,37.877875],[-122.266866,37.877743]]]},"properties":{"APN":"58-2179-8","SitusAddress":"1650 OXFORD ST BERKELEY 94709"}},{"type":"Feature","geometry":{"type":"Polygon","coordinates":[[[-122.266857,37.877605],[-122.267082,37.877586],[-122.267307,37.877566],[-122.267324,37.877708],[-122.266866,37.877743],[-122.266857,37.877605]]]},"properties":{"APN":"58-2179-9","SitusAddress":"1652 OXFORD ST BERKELEY 94709"}},{"type":"Feature","geometry":{"type":"Polygon","coordinates":[[[-122.266838,37.877468],[-122.267295,37.877434],[-122.267307,37.877566],[-122.267082,37.877586],[-122.266857,37.877605],[-122.266838,37.877468]]]},"properties":{"APN":"58-2179-10","SitusAddress":"1660 OXFORD ST BERKELEY 94709"}},{"type":"Feature","geometry":{"type":"Polygon","coordinates":[[[-122.266825,37.877333],[-122.26728,37.877294],[-122.267295,37.877434],[-122.266838,37.877468],[-122.266825,37.877333]]]},"properties":{"APN":"58-2179-11","SitusAddress":"1672 OXFORD ST BERKELEY 94709"}},{"type":"Feature","geometry":{"type":"Polygon","coordinates":[[[-122.266813,37.877215],[-122.266978,37.877203],[-122.26712,37.877193],[-122.267268,37.877183],[-122.26727,37.877203],[-122.26728,37.877294],[-122.266825,37.877333],[-122.266813,37.877215]]]},"properties":{"APN":"58-2179-12","SitusAddress":"1682 OXFORD ST BERKELEY 94709"}},{"type":"Feature","geometry":{"type":"Polygon","coordinates":[[[-122.266947,37.87694],[-122.266978,37.877203],[-122.266813,37.877215],[-122.266781,37.876963],[-122.266947,37.87694]]]},"properties":{"APN":"58-2179-13","SitusAddress":"1694 OXFORD ST BERKELEY 94709"}},{"type":"Feature","geometry":{"type":"Polygon","coordinates":[[[-122.266947,37.87694],[-122.267084,37.876922],[-122.26712,37.877193],[-122.266978,37.877203],[-122.266947,37.87694]]]},"properties":{"APN":"58-2179-14","SitusAddress":"2161 VIRGINIA ST BERKELEY 94709"}},{"type":"Feature","geometry":{"type":"Polygon","coordinates":[[[-122.267084,37.876922],[-122.267232,37.876904],[-122.267247,37.877025],[-122.267258,37.877117],[-122.267268,37.877183],[-122.26712,37.877193],[-122.267084,37.876922]]]},"properties":{"APN":"58-2179-15","SitusAddress":"2151 VIRGINIA ST BERKELEY 94709"}},{"type":"Feature","geometry":{"type":"Polygon","coordinates":[[[-122.267232,37.876904],[-122.267379,37.876886],[-122.267398,37.877014],[-122.267247,37.877025],[-122.267232,37.876904]]]},"properties":{"APN":"58-2179-16","SitusAddress":"2143 VIRGINIA ST BERKELEY 94709"}},{"type":"Feature","geometry":{"type":"Polygon","coordinates":[[[-122.267379,37.876886],[-122.267702,37.876844],[-122.267723,37.876991],[-122.267398,37.877014],[-122.267379,37.876886]]]},"properties":{"APN":"58-2179-17","SitusAddress":"1647 WALNUT ST BERKELEY 94709"}},{"type":"Feature","geometry":{"type":"Polygon","coordinates":[[[-122.267247,37.877025],[-122.267398,37.877014],[-122.267723,37.876991],[-122.267734,37.877079],[-122.267258,37.877117],[-122.267247,37.877025]]]},"properties":{"APN":"58-2179-18","SitusAddress":"1643 WALNUT ST BERKELEY 94709"}},{"type":"Feature","geometry":{"type":"Polygon","coordinates":[[[-122.267268,37.877183],[-122.267258,37.877117],[-122.267734,37.877079],[-122.267741,37.877173],[-122.26727,37.877203],[-122.267268,37.877183]]]},"properties":{"APN":"58-2179-19","SitusAddress":"1641 WALNUT ST BERKELEY 94709"}},{"type":"Feature","geometry":{"type":"Polygon","coordinates":[[[-122.26727,37.877203],[-122.267741,37.877173],[-122.267752,37.87726],[-122.26728,37.877294],[-122.26727,37.877203]]]},"properties":{"APN":"58-2179-20","SitusAddress":"1637 WALNUT ST BERKELEY 94709"}},{"type":"Feature","geometry":{"type":"Polygon","coordinates":[[[-122.26728,37.877294],[-122.267752,37.87726],[-122.267771,37.877395],[-122.267295,37.877434],[-122.26728,37.877294]]]},"properties":{"APN":"58-2179-21","SitusAddress":"1631 WALNUT ST BERKELEY 94709"}},{"type":"Feature","geometry":{"type":"Polygon","coordinates":[[[-122.267295,37.877434],[-122.267771,37.877395],[-122.267784,37.877528],[-122.267307,37.877566],[-122.267295,37.877434]]]},"properties":{"APN":"58-2179-22","SitusAddress":"1629 WALNUT ST BERKELEY 94709"}},{"type":"Feature","geometry":{"type":"Polygon","coordinates":[[[-122.267307,37.877566],[-122.267784,37.877528],[-122.267803,37.877668],[-122.267324,37.877708],[-122.267307,37.877566]]]},"properties":{"APN":"58-2179-23","SitusAddress":"1625 WALNUT ST BERKELEY 94709"}},{"type":"Feature","geometry":{"type":"Polygon","coordinates":[[[-122.267324,37.877708],[-122.267803,37.877668],[-122.267815,37.877803],[-122.267348,37.877837],[-122.267324,37.877708]]]},"properties":{"APN":"58-2179-24","SitusAddress":"1623 WALNUT ST BERKELEY 94709"}},{"type":"Feature","geometry":{"type":"Polygon","coordinates":[[[-122.267348,37.877837],[-122.267815,37.877803],[-122.267832,37.877942],[-122.267362,37.877988],[-122.267348,37.877837]]]},"properties":{"APN":"58-2179-25","SitusAddress":"1619 WALNUT ST BERKELEY 94709"}},{"type":"Feature","geometry":{"type":"Polygon","coordinates":[[[-122.267377,37.878115],[-122.267362,37.877988],[-122.267832,37.877942],[-122.267854,37.878123],[-122.267383,37.878157],[-122.267377,37.878115]]]},"properties":{"APN":"58-2179-26","SitusAddress":"1609 WALNUT ST BERKELEY 94709"}},{"type":"Feature","geometry":{"type":"Polygon","coordinates":[[[-122.267394,37.878252],[-122.267383,37.878157],[-122.267854,37.878123],[-122.267875,37.878288],[-122.267403,37.878322],[-122.267394,37.878252]]]},"properties":{"APN":"58-2179-27","SitusAddress":"1607 WALNUT ST BERKELEY 94709"}},{"type":"Feature","geometry":{"type":"Polygon","coordinates":[[[-122.266912,37.878151],[-122.267377,37.878115],[-122.267383,37.878157],[-122.267394,37.878252],[-122.266927,37.878288],[-122.266912,37.878151]]]},"properties":{"APN":"58-2179-33","SitusAddress":"1622 OXFORD ST BERKELEY 94709"}},{"type":"Feature","geometry":{"type":"Polygon","coordinates":[[[-122.26736,37.876717],[-122.266767,37.876791],[-122.26676,37.876735],[-122.266747,37.876618],[-122.267335,37.876545],[-122.267354,37.876676],[-122.26736,37.876717]]]},"properties":{"APN":"58-2180-1-1","SitusAddress":" OXFORD ST BERKELEY 94709"}},{"type":"Feature","geometry":{"type":"Polygon","coordinates":[[[-122.267411,37.874138],[-122.267693,37.876676],[-122.26736,37.876717],[-122.267354,37.876676],[-122.267335,37.876545],[-122.266747,37.876618],[-122.26676,37.876735],[-122.266767,37.876791],[-122.266744,37.876794],[-122.266466,37.874256],[-122.267411,37.874138]]]},"properties":{"APN":"58-2180-1-2","SitusAddress":" OXFORD ST BERKELEY 94709"}},{"type":"Feature","geometry":{"type":"Polygon","coordinates":[[[-122.26624,37.876717],[-122.266541,37.876695],[-122.266558,37.876823],[-122.266259,37.876861],[-122.26624,37.876717]]]},"properties":{"APN":"58-2181-1","SitusAddress":"1701 OXFORD ST BERKELEY 94709"}},{"type":"Feature","geometry":{"type":"Polygon","coordinates":[[[-122.266067,37.876729],[-122.26624,37.876717],[-122.266259,37.876861],[-122.266083,37.876882],[-122.266067,37.876729]]]},"properties":{"APN":"58-2181-2","SitusAddress":"2210 VIRGINIA ST BERKELEY 94709"}},{"type":"Feature","geometry":{"type":"Polygon","coordinates":[[[-122.2656,37.87676],[-122.266067,37.876729],[-122.266083,37.876882],[-122.265732,37.876926],[-122.265699,37.876922],[-122.265673,37.876913],[-122.2656,37.87676]]]},"properties":{"APN":"58-2181-3","SitusAddress":"1700 SPRUCE ST BERKELEY 94709"}},{"type":"Feature","geometry":{"type":"Polygon","coordinates":[[[-122.265554,37.876626],[-122.26605,37.876591],[-122.266067,37.876729],[-122.2656,37.87676],[-122.265576,37.876694],[-122.265554,37.876626]]]},"properties":{"APN":"58-2181-4","SitusAddress":"1720 SPRUCE ST BERKELEY 94709"}},{"type":"Feature","geometry":{"type":"Polygon","coordinates":[[[-122.265522,37.876393],[-122.26602,37.876359],[-122.266035,37.876477],[-122.26605,37.876591],[-122.265554,37.876626],[-122.265549,37.876601],[-122.265544,37.876574],[-122.265534,37.876523],[-122.265529,37.876489],[-122.265523,37.876446],[-122.265522,37.876393]]]},"properties":{"APN":"58-2181-5","SitusAddress":"1730 SPRUCE ST BERKELEY 94709"}},{"type":"Feature","geometry":{"type":"Polygon","coordinates":[[[-122.265527,37.876258],[-122.265738,37.876242],[-122.265738,37.876221],[-122.265856,37.87621],[-122.265859,37.876231],[-122.266003,37.876225],[-122.26602,37.876359],[-122.265522,37.876393],[-122.265517,37.876322],[-122.265527,37.876258]]]},"properties":{"APN":"58-2181-6","SitusAddress":"1734 SPRUCE ST BERKELEY 94709"}},{"type":"Feature","geometry":{"type":"Polygon","coordinates":[[[-122.265559,37.876116],[-122.266017,37.876084],[-122.266033,37.876222],[-122.266003,37.876225],[-122.265859,37.876231],[-122.265856,37.87621],[-122.265738,37.876221],[-122.265738,37.876242],[-122.265527,37.876258],[-122.265536,37.876191],[-122.265559,37.876116]]]},"properties":{"APN":"58-2181-7","SitusAddress":"1738 SPRUCE ST BERKELEY 94709"}},{"type":"Feature","geometry":{"type":"Polygon","coordinates":[[[-122.265599,37.875969],[-122.266,37.87594],[-122.266013,37.876059],[-122.266017,37.876084],[-122.265559,37.876116],[-122.265586,37.876029],[-122.265599,37.875969]]]},"properties":{"APN":"58-2181-8","SitusAddress":"1742 SPRUCE ST BERKELEY 94709"}},{"type":"Feature","geometry":{"type":"Polygon","coordinates":[[[-122.265626,37.875827],[-122.266017,37.8758],[-122.266029,37.875913],[-122.266031,37.875938],[-122.266,37.87594],[-122.265599,37.875969],[-122.265611,37.875912],[-122.265617,37.875882],[-122.265626,37.875827]]]},"properties":{"APN":"58-2181-9","SitusAddress":"1762 SPRUCE ST BERKELEY 94709"}},{"type":"Feature","geometry":{"type":"Polygon","coordinates":[[[-122.265623,37.875525],[-122.266015,37.875498],[-122.266037,37.875666],[-122.265999,37.875668],[-122.265635,37.875694],[-122.265634,37.875619],[-122.265623,37.875525]]]},"properties":{"APN":"58-2181-11","SitusAddress":"1780 SPRUCE ST BERKELEY 94709"}},{"type":"Feature","geometry":{"type":"Polygon","coordinates":[[[-122.265585,37.87518],[-122.265974,37.875154],[-122.265983,37.875248],[-122.265998,37.875366],[-122.266015,37.875498],[-122.265623,37.875525],[-122.265585,37.87518]]]},"properties":{"APN":"58-2181-12","SitusAddress":"1786 SPRUCE ST BERKELEY 94709"}},{"type":"Feature","geometry":{"type":"Polygon","coordinates":[[[-122.265552,37.874908],[-122.265936,37.87488],[-122.265955,37.875017],[-122.26597,37.875129],[-122.265974,37.875154],[-122.265585,37.87518],[-122.265552,37.874908]]]},"properties":{"APN":"58-2181-13","SitusAddress":"1800 SPRUCE ST BERKELEY 94709"}},{"type":"Feature","geometry":{"type":"Polygon","coordinates":[[[-122.265936,37.87488],[-122.266324,37.874854],[-122.266336,37.874991],[-122.265955,37.875017],[-122.265936,37.87488]]]},"properties":{"APN":"58-2181-22","SitusAddress":"1817 OXFORD ST BERKELEY 94709"}},{"type":"Feature","geometry":{"type":"Polygon","coordinates":[[[-122.265955,37.875017],[-122.266336,37.874991],[-122.266352,37.875102],[-122.26597,37.875129],[-122.265955,37.875017]]]},"properties":{"APN":"58-2181-23","SitusAddress":"1803 OXFORD ST BERKELEY 94709"}},{"type":"Feature","geometry":{"type":"Polygon","coordinates":[[[-122.265974,37.875154],[-122.26597,37.875129],[-122.266352,37.875102],[-122.266369,37.875219],[-122.265983,37.875248],[-122.265974,37.875154]]]},"properties":{"APN":"58-2181-24","SitusAddress":"1793 OXFORD ST BERKELEY 94709"}},{"type":"Feature","geometry":{"type":"Polygon","coordinates":[[[-122.266015,37.875498],[-122.266397,37.875468],[-122.266419,37.875639],[-122.266037,37.875666],[-122.266015,37.875498]]]},"properties":{"APN":"58-2181-27","SitusAddress":"1773 OXFORD ST BERKELEY 94709"}},{"type":"Feature","geometry":{"type":"Polygon","coordinates":[[[-122.265999,37.875668],[-122.266037,37.875666],[-122.266419,37.875639],[-122.266432,37.875763],[-122.266015,37.875789],[-122.265999,37.875668]]]},"properties":{"APN":"58-2181-28","SitusAddress":"1765 OXFORD ST BERKELEY 94709"}},{"type":"Feature","geometry":{"type":"Polygon","coordinates":[[[-122.266017,37.8758],[-122.266015,37.875789],[-122.266432,37.875763],[-122.266446,37.875884],[-122.266029,37.875913],[-122.266017,37.8758]]]},"properties":{"APN":"58-2181-29","SitusAddress":"1757 OXFORD ST BERKELEY 94709"}},{"type":"Feature","geometry":{"type":"Polygon","coordinates":[[[-122.266,37.87594],[-122.266031,37.875938],[-122.266029,37.875913],[-122.266446,37.875884],[-122.266465,37.87603],[-122.266013,37.876059],[-122.266,37.87594]]]},"properties":{"APN":"58-2181-30","SitusAddress":"1749 OXFORD ST BERKELEY 94709"}},{"type":"Feature","geometry":{"type":"Polygon","coordinates":[[[-122.266017,37.876084],[-122.266013,37.876059],[-122.266465,37.87603],[-122.266482,37.87619],[-122.266033,37.876222],[-122.266017,37.876084]]]},"properties":{"APN":"58-2181-31","SitusAddress":"1739 OXFORD ST BERKELEY 94709"}},{"type":"Feature","geometry":{"type":"Polygon","coordinates":[[[-122.26602,37.876359],[-122.266003,37.876225],[-122.266033,37.876222],[-122.266482,37.87619],[-122.266518,37.876448],[-122.266035,37.876477],[-122.26602,37.876359]]]},"properties":{"APN":"58-2181-32","SitusAddress":"1725 OXFORD ST BERKELEY 94709"}},{"type":"Feature","geometry":{"type":"Polygon","coordinates":[[[-122.26605,37.876591],[-122.266035,37.876477],[-122.266518,37.876448],[-122.266541,37.876695],[-122.26624,37.876717],[-122.266067,37.876729],[-122.26605,37.876591]]]},"properties":{"APN":"58-2181-33","SitusAddress":"1717 OXFORD ST BERKELEY 94709"}},{"type":"Feature","geometry":{"type":"Polygon","coordinates":[[[-122.265998,37.875366],[-122.266381,37.87534],[-122.266397,37.875468],[-122.266015,37.875498],[-122.265998,37.875366]]]},"properties":{"APN":"58-2181-38","SitusAddress":"1777 OXFORD ST BERKELEY 94709"}},{"type":"Feature","geometry":{"type":"Polygon","coordinates":[[[-122.266381,37.87534],[-122.265998,37.875366],[-122.265983,37.875248],[-122.266369,37.875219],[-122.266381,37.87534]]]},"properties":{"APN":"58-2181-43","SitusAddress":"1785 OXFORD ST BERKELEY 94709"}},{"type":"Feature","geometry":{"type":"Polygon","coordinates":[[[-122.265635,37.875694],[-122.265999,37.875668],[-122.266015,37.875789],[-122.266017,37.8758],[-122.265626,37.875827],[-122.265628,37.875749],[-122.265635,37.875694]]]},"properties":{"APN":"58-2181-46","SitusAddress":"1770 SPRUCE ST BERKELEY 94709"}},{"type":"Feature","geometry":{"type":"Polygon","coordinates":[[[-122.265153,37.877355],[-122.265506,37.877329],[-122.265468,37.8774],[-122.265406,37.877475],[-122.265355,37.877524],[-122.265266,37.877586],[-122.26518,37.877622],[-122.265153,37.877355]]]},"properties":{"APN":"58-2182-1","SitusAddress":"2250 VIRGINIA ST BERKELEY 94709"}},{"type":"Feature","geometry":{"type":"Polygon","coordinates":[[[-122.264996,37.877367],[-122.265153,37.877355],[-122.26518,37.877622],[-122.265112,37.877648],[-122.265032,37.877666],[-122.264996,37.877367]]]},"properties":{"APN":"58-2182-2","SitusAddress":"2270 VIRGINIA ST BERKELEY 94709"}},{"type":"Feature","geometry":{"type":"Polygon","coordinates":[[[-122.264804,37.877675],[-122.264773,37.877381],[-122.264963,37.877369],[-122.264996,37.877367],[-122.265032,37.877666],[-122.264983,37.877677],[-122.264844,37.87768],[-122.264804,37.877675]]]},"properties":{"APN":"58-2182-3","SitusAddress":"2274 VIRGINIA ST BERKELEY 94709"}},{"type":"Feature","geometry":{"type":"Polygon","coordinates":[[[-122.264656,37.877645],[-122.264629,37.87739],[-122.264773,37.877381],[-122.264804,37.877675],[-122.264656,37.877645]]]},"properties":{"APN":"58-2182-4","SitusAddress":"2280 VIRGINIA ST BERKELEY 94709"}},{"type":"Feature","geometry":{"type":"Polygon","coordinates":[[[-122.264396,37.877407],[-122.264629,37.87739],[-122.264656,37.877645],[-122.264535,37.877596],[-122.264406,37.877496],[-122.264396,37.877407]]]},"properties":{"APN":"58-2182-5","SitusAddress":"2296 VIRGINIA ST BERKELEY 94709"}},{"type":"Feature","geometry":{"type":"Polygon","coordinates":[[[-122.26438,37.877274],[-122.264949,37.87723],[-122.264963,37.877369],[-122.264773,37.877381],[-122.264629,37.87739],[-122.264396,37.877407],[-122.26438,37.877274]]]},"properties":{"APN":"58-2182-6","SitusAddress":"1702 ARCH ST BERKELEY 94709"}},{"type":"Feature","geometry":{"type":"Polygon","coordinates":[[[-122.264363,37.877137],[-122.264934,37.87709],[-122.264949,37.87723],[-122.26438,37.877274],[-122.264363,37.877137]]]},"properties":{"APN":"58-2182-7","SitusAddress":"1710 ARCH ST BERKELEY 94709"}},{"type":"Feature","geometry":{"type":"Polygon","coordinates":[[[-122.264352,37.877022],[-122.264924,37.876976],[-122.264934,37.87709],[-122.264363,37.877137],[-122.264352,37.877022]]]},"properties":{"APN":"58-2182-8","SitusAddress":"1720 ARCH ST BERKELEY 94709"}},{"type":"Feature","geometry":{"type":"Polygon","coordinates":[[[-122.264337,37.876892],[-122.264909,37.87685],[-122.264922,37.876953],[-122.264924,37.876976],[-122.264352,37.877022],[-122.264337,37.876892]]]},"properties":{"APN":"58-2182-9","SitusAddress":"1730 ARCH ST BERKELEY 94709"}},{"type":"Feature","geometry":{"type":"Polygon","coordinates":[[[-122.26432,37.876756],[-122.264892,37.876713],[-122.264895,37.876746],[-122.264909,37.87685],[-122.264337,37.876892],[-122.26432,37.876756]]]},"properties":{"APN":"58-2182-10","SitusAddress":"1740 ARCH ST BERKELEY 94709"}},{"type":"Feature","geometry":{"type":"Polygon","coordinates":[[[-122.264286,37.876445],[-122.264857,37.8764],[-122.264866,37.876475],[-122.264881,37.876606],[-122.264892,37.876713],[-122.26432,37.876756],[-122.264286,37.876445]]]},"properties":{"APN":"58-2182-11","SitusAddress":"1750 ARCH ST BERKELEY 94709"}},{"type":"Feature","geometry":{"type":"Polygon","coordinates":[[[-122.264269,37.876308],[-122.264838,37.876266],[-122.264838,37.876275],[-122.264855,37.876386],[-122.264857,37.8764],[-122.264286,37.876445],[-122.264269,37.876308]]]},"properties":{"APN":"58-2182-12","SitusAddress":"1770 ARCH ST BERKELEY 94709"}},{"type":"Feature","geometry":{"type":"Polygon","coordinates":[[[-122.264252,37.876191],[-122.264825,37.876149],[-122.264838,37.876266],[-122.264269,37.876308],[-122.264252,37.876191]]]},"properties":{"APN":"58-2182-13","SitusAddress":"1780 ARCH ST BERKELEY 94709"}},{"type":"Feature","geometry":{"type":"Polygon","coordinates":[[[-122.264237,37.876054],[-122.264273,37.876052],[-122.264811,37.876014],[-122.264825,37.876149],[-122.264252,37.876191],[-122.264237,37.876054]]]},"properties":{"APN":"58-2182-14","SitusAddress":"1790 ARCH ST BERKELEY 94709"}},{"type":"Feature","geometry":{"type":"Polygon","coordinates":[[[-122.264223,37.875919],[-122.264792,37.875875],[-122.264799,37.87593],[-122.264811,37.876014],[-122.264273,37.876052],[-122.264237,37.876054],[-122.264223,37.875919]]]},"properties":{"APN":"58-2182-15","SitusAddress":"1800 ARCH ST BERKELEY 94709"}},{"type":"Feature","geometry":{"type":"Polygon","coordinates":[[[-122.264143,37.875232],[-122.264599,37.875194],[-122.264623,37.875388],[-122.264165,37.87543],[-122.264143,37.875232]]]},"properties":{"APN":"58-2182-18-1","SitusAddress":"1850 ARCH ST BERKELEY 94709"}},{"type":"Feature","geometry":{"type":"Polygon","coordinates":[[[-122.264117,37.875015],[-122.264392,37.87499],[-122.264573,37.874972],[-122.264599,37.875194],[-122.264143,37.875232],[-122.264117,37.875015]]]},"properties":{"APN":"58-2182-19-1","SitusAddress":"1862 ARCH ST BERKELEY 94709"}},{"type":"Feature","geometry":{"type":"Polygon","coordinates":[[[-122.2641,37.874885],[-122.264373,37.874863],[-122.264392,37.87499],[-122.264117,37.875015],[-122.2641,37.874885]]]},"properties":{"APN":"58-2182-20","SitusAddress":"1876 ARCH ST BERKELEY 94709"}},{"type":"Feature","geometry":{"type":"Polygon","coordinates":[[[-122.264623,37.875388],[-122.264599,37.875194],[-122.264573,37.874972],[-122.264569,37.874933],[-122.264678,37.874927],[-122.264834,37.874919],[-122.264842,37.874975],[-122.265375,37.874941],[-122.265406,37.875141],[-122.264848,37.875176],[-122.264872,37.875438],[-122.264872,37.875447],[-122.264632,37.875467],[-122.264623,37.875388]]]},"properties":{"APN":"58-2182-27","SitusAddress":"1829 SPRUCE ST BERKELEY 94709"}},{"type":"Feature","geometry":{"type":"Polygon","coordinates":[[[-122.265406,37.875141],[-122.265425,37.875395],[-122.265135,37.875417],[-122.264872,37.875438],[-122.264848,37.875176],[-122.265406,37.875141]]]},"properties":{"APN":"58-2182-28-1","SitusAddress":"1815 SPRUCE ST BERKELEY 94709"}},{"type":"Feature","geometry":{"type":"Polygon","coordinates":[[[-122.265135,37.875417],[-122.265425,37.875395],[-122.265445,37.875544],[-122.265151,37.875565],[-122.265135,37.875417]]]},"properties":{"APN":"58-2182-30","SitusAddress":"1783 SPRUCE ST BERKELEY 94709"}},{"type":"Feature","geometry":{"type":"Polygon","coordinates":[[[-122.264632,37.875467],[-122.264872,37.875447],[-122.264872,37.875438],[-122.265135,37.875417],[-122.265151,37.875565],[-122.264758,37.875594],[-122.264649,37.875602],[-122.264632,37.875467]]]},"properties":{"APN":"58-2182-31","SitusAddress":"1785 SPRUCE ST  2 BERKELEY 94709"}},{"type":"Feature","geometry":{"type":"Polygon","coordinates":[[[-122.264792,37.875875],[-122.264758,37.875594],[-122.265151,37.875565],[-122.265445,37.875544],[-122.265452,37.875637],[-122.265449,37.875719],[-122.265442,37.875779],[-122.265428,37.87585],[-122.26542,37.875882],[-122.264799,37.87593],[-122.264792,37.875875]]]},"properties":{"APN":"58-2182-32","SitusAddress":"1771 SPRUCE ST BERKELEY 94709"}},{"type":"Feature","geometry":{"type":"Polygon","coordinates":[[[-122.264838,37.876266],[-122.264825,37.876149],[-122.264811,37.876014],[-122.264799,37.87593],[-122.26542,37.875882],[-122.265369,37.876026],[-122.265339,37.876137],[-122.265319,37.876238],[-122.264838,37.876275],[-122.264838,37.876266]]]},"properties":{"APN":"58-2182-33-1","SitusAddress":"1739 SPRUCE ST BERKELEY 94709"}},{"type":"Feature","geometry":{"type":"Polygon","coordinates":[[[-122.264838,37.876275],[-122.265319,37.876238],[-122.265312,37.876293],[-122.26531,37.876357],[-122.264855,37.876386],[-122.264838,37.876275]]]},"properties":{"APN":"58-2182-35-2","SitusAddress":"1731 SPRUCE ST BERKELEY 94709"}},{"type":"Feature","geometry":{"type":"Polygon","coordinates":[[[-122.264866,37.876475],[-122.265319,37.876446],[-122.265322,37.876506],[-122.265332,37.876574],[-122.264881,37.876606],[-122.264866,37.876475]]]},"properties":{"APN":"58-2182-36","SitusAddress":"1729 SPRUCE ST BERKELEY 94709"}},{"type":"Feature","geometry":{"type":"Polygon","coordinates":[[[-122.264892,37.876713],[-122.264881,37.876606],[-122.265332,37.876574],[-122.265346,37.876638],[-122.265362,37.876714],[-122.264895,37.876746],[-122.264892,37.876713]]]},"properties":{"APN":"58-2182-37","SitusAddress":"1721 SPRUCE ST BERKELEY 94709"}},{"type":"Feature","geometry":{"type":"Polygon","coordinates":[[[-122.264909,37.87685],[-122.264895,37.876746],[-122.265362,37.876714],[-122.26538,37.876755],[-122.265393,37.876796],[-122.265408,37.876827],[-122.265417,37.876857],[-122.265435,37.876887],[-122.265448,37.876914],[-122.264922,37.876953],[-122.264909,37.87685]]]},"properties":{"APN":"58-2182-38-3","SitusAddress":"1715 SPRUCE ST BERKELEY 94709"}},{"type":"Feature","geometry":{"type":"Polygon","coordinates":[[[-122.264924,37.876976],[-122.264922,37.876953],[-122.265448,37.876914],[-122.265475,37.876959],[-122.265488,37.876987],[-122.2655,37.877014],[-122.265512,37.877045],[-122.265121,37.877075],[-122.264934,37.87709],[-122.264924,37.876976]]]},"properties":{"APN":"58-2182-39","SitusAddress":"1701 SPRUCE ST BERKELEY 94709"}},{"type":"Feature","geometry":{"type":"Polygon","coordinates":[[[-122.265121,37.877075],[-122.265512,37.877045],[-122.265521,37.877078],[-122.265529,37.877112],[-122.265529,37.877139],[-122.265532,37.877169],[-122.265532,37.877182],[-122.265138,37.877208],[-122.265121,37.877075]]]},"properties":{"APN":"58-2182-40-2","SitusAddress":"2230 VIRGINIA ST BERKELEY 94709"}},{"type":"Feature","geometry":{"type":"Polygon","coordinates":[[[-122.264949,37.87723],[-122.264934,37.87709],[-122.265121,37.877075],[-122.265138,37.877208],[-122.265153,37.877355],[-122.264996,37.877367],[-122.264963,37.877369],[-122.264949,37.87723]]]},"properties":{"APN":"58-2182-40-3","SitusAddress":" SPRUCE ST BERKELEY 94709"}},{"type":"Feature","geometry":{"type":"Polygon","coordinates":[[[-122.265138,37.877208],[-122.265532,37.877182],[-122.265528,37.87721],[-122.265525,37.877233],[-122.265523,37.877251],[-122.265517,37.877272],[-122.265511,37.877297],[-122.265506,37.877329],[-122.265153,37.877355],[-122.265138,37.877208]]]},"properties":{"APN":"58-2182-41-1","SitusAddress":"2240 VIRGINIA ST BERKELEY 94709"}},{"type":"Feature","geometry":{"type":"Polygon","coordinates":[[[-122.264165,37.87543],[-122.264623,37.875388],[-122.264632,37.875467],[-122.264649,37.875602],[-122.264758,37.875594],[-122.264792,37.875875],[-122.264223,37.875919],[-122.264165,37.87543]]]},"properties":{"APN":"58-2182-56","SitusAddress":" ARCH ST BERKELEY 94709"}},{"type":"Feature","geometry":{"type":"Polygon","coordinates":[[[-122.264857,37.8764],[-122.264855,37.876386],[-122.26531,37.876357],[-122.265319,37.876446],[-122.264866,37.876475],[-122.264857,37.8764]]]},"properties":{"APN":"58-2182-71","SitusAddress":" SPRUCE ST BERKELEY 94709"}},{"type":"Feature","geometry":{"type":"Polygon","coordinates":[[[-122.266736,37.878386],[-122.266761,37.87866],[-122.266297,37.878713],[-122.266282,37.87855],[-122.266269,37.878413],[-122.266736,37.878386]]]},"properties":{"APN":"58-2183-1-1","SitusAddress":"2220 CEDAR ST BERKELEY 94709"}},{"type":"Feature","geometry":{"type":"Polygon","coordinates":[[[-122.265805,37.878377],[-122.266263,37.878351],[-122.266268,37.878401],[-122.266269,37.878413],[-122.266282,37.87855],[-122.266297,37.878713],[-122.265833,37.878766],[-122.265797,37.878378],[-122.265805,37.878377]]]},"properties":{"APN":"58-2183-2-3","SitusAddress":"2220 CEDAR ST BERKELEY 94709"}},{"type":"Feature","geometry":{"type":"Polygon","coordinates":[[[-122.265793,37.878254],[-122.266253,37.878225],[-122.266258,37.878266],[-122.266263,37.878351],[-122.265805,37.878377],[-122.265797,37.878378],[-122.265784,37.878254],[-122.265793,37.878254]]]},"properties":{"APN":"58-2183-3","SitusAddress":"1612 SPRUCE ST BERKELEY 94709"}},{"type":"Feature","geometry":{"type":"Polygon","coordinates":[[[-122.265782,37.878128],[-122.266238,37.878102],[-122.266241,37.878122],[-122.266253,37.878225],[-122.265793,37.878254],[-122.265784,37.878254],[-122.265771,37.878129],[-122.265782,37.878128]]]},"properties":{"APN":"58-2183-4","SitusAddress":"1614 SPRUCE ST BERKELEY 94709"}},{"type":"Feature","geometry":{"type":"Polygon","coordinates":[[[-122.26576,37.878017],[-122.265765,37.878017],[-122.266229,37.877992],[-122.266238,37.878102],[-122.265782,37.878128],[-122.265771,37.878129],[-122.26576,37.878017]]]},"properties":{"APN":"58-2183-5","SitusAddress":"1620 SPRUCE ST BERKELEY 94709"}},{"type":"Feature","geometry":{"type":"Polygon","coordinates":[[[-122.265749,37.877907],[-122.265754,37.877907],[-122.266214,37.87788],[-122.266225,37.877971],[-122.266229,37.877992],[-122.265765,37.878017],[-122.26576,37.878017],[-122.265749,37.877907]]]},"properties":{"APN":"58-2183-6","SitusAddress":"1622 SPRUCE ST BERKELEY 94709"}},{"type":"Feature","geometry":{"type":"Polygon","coordinates":[[[-122.265743,37.877799],[-122.266203,37.87777],[-122.266212,37.877855],[-122.266214,37.87788],[-122.265754,37.877907],[-122.265749,37.877907],[-122.265738,37.8778],[-122.265743,37.877799]]]},"properties":{"APN":"58-2183-7","SitusAddress":"1626 SPRUCE ST BERKELEY 94709"}},{"type":"Feature","geometry":{"type":"Polygon","coordinates":[[[-122.265726,37.877688],[-122.266188,37.877658],[-122.266194,37.877711],[-122.266203,37.87777],[-122.265743,37.877799],[-122.265738,37.8778],[-122.265726,37.877688]]]},"properties":{"APN":"58-2183-8","SitusAddress":"1628 SPRUCE ST BERKELEY 94709"}},{"type":"Feature","geometry":{"type":"Polygon","coordinates":[[[-122.265715,37.877566],[-122.266175,37.877533],[-122.266179,37.877576],[-122.266188,37.877658],[-122.265726,37.877688],[-122.265715,37.877566]]]},"properties":{"APN":"58-2183-9","SitusAddress":"1632 SPRUCE ST BERKELEY 94709"}},{"type":"Feature","geometry":{"type":"Polygon","coordinates":[[[-122.265704,37.877415],[-122.266008,37.877395],[-122.266159,37.877384],[-122.266164,37.877437],[-122.266175,37.877533],[-122.265715,37.877566],[-122.265704,37.877415]]]},"properties":{"APN":"58-2183-10","SitusAddress":"1636 SPRUCE ST BERKELEY 94709"}},{"type":"Feature","geometry":{"type":"Polygon","coordinates":[[[-122.265728,37.877271],[-122.265984,37.877258],[-122.266008,37.877395],[-122.265704,37.877415],[-122.265701,37.877381],[-122.265709,37.877353],[-122.265717,37.877319],[-122.265728,37.877271]]]},"properties":{"APN":"58-2183-11","SitusAddress":"1640 SPRUCE ST BERKELEY 94709"}},{"type":"Feature","geometry":{"type":"Polygon","coordinates":[[[-122.265995,37.877059],[-122.266022,37.877256],[-122.265984,37.877258],[-122.265728,37.877271],[-122.265732,37.877228],[-122.265739,37.877199],[-122.265739,37.877131],[-122.265745,37.877111],[-122.265779,37.877085],[-122.265995,37.877059]]]},"properties":{"APN":"58-2183-12","SitusAddress":"1650 SPRUCE ST BERKELEY 94709"}},{"type":"Feature","geometry":{"type":"Polygon","coordinates":[[[-122.265984,37.877258],[-122.266022,37.877256],[-122.265995,37.877059],[-122.266126,37.877039],[-122.266136,37.877167],[-122.266148,37.877302],[-122.266159,37.877384],[-122.266008,37.877395],[-122.265984,37.877258]]]},"properties":{"APN":"58-2183-13","SitusAddress":" VIRGINIA ST BERKELEY 94709"}},{"type":"Feature","geometry":{"type":"Polygon","coordinates":[[[-122.266136,37.877167],[-122.266591,37.877138],[-122.266609,37.877275],[-122.266148,37.877302],[-122.266136,37.877167]]]},"properties":{"APN":"58-2183-15","SitusAddress":"1683 OXFORD ST BERKELEY 94709"}},{"type":"Feature","geometry":{"type":"Polygon","coordinates":[[[-122.266159,37.877384],[-122.266148,37.877302],[-122.266609,37.877275],[-122.26662,37.877408],[-122.266164,37.877437],[-122.266159,37.877384]]]},"properties":{"APN":"58-2183-16","SitusAddress":"1673 OXFORD ST BERKELEY 94709"}},{"type":"Feature","geometry":{"type":"Polygon","coordinates":[[[-122.266175,37.877533],[-122.266164,37.877437],[-122.26662,37.877408],[-122.266639,37.877542],[-122.266179,37.877576],[-122.266175,37.877533]]]},"properties":{"APN":"58-2183-17","SitusAddress":"1669 OXFORD ST BERKELEY 94709"}},{"type":"Feature","geometry":{"type":"Polygon","coordinates":[[[-122.266188,37.877658],[-122.266179,37.877576],[-122.266639,37.877542],[-122.266653,37.877682],[-122.266194,37.877711],[-122.266188,37.877658]]]},"properties":{"APN":"58-2183-18","SitusAddress":"1661 OXFORD ST BERKELEY 94709"}},{"type":"Feature","geometry":{"type":"Polygon","coordinates":[[[-122.266203,37.87777],[-122.266194,37.877711],[-122.266653,37.877682],[-122.266672,37.877826],[-122.266212,37.877855],[-122.266203,37.87777]]]},"properties":{"APN":"58-2183-19","SitusAddress":"1651 OXFORD ST BERKELEY 94709"}},{"type":"Feature","geometry":{"type":"Polygon","coordinates":[[[-122.266214,37.87788],[-122.266212,37.877855],[-122.266672,37.877826],[-122.266685,37.877945],[-122.266225,37.877971],[-122.266214,37.87788]]]},"properties":{"APN":"58-2183-20-2","SitusAddress":"1643 OXFORD ST BERKELEY 94709"}},{"type":"Feature","geometry":{"type":"Polygon","coordinates":[[[-122.266238,37.878102],[-122.266229,37.877992],[-122.266225,37.877971],[-122.266685,37.877945],[-122.266699,37.878097],[-122.266241,37.878122],[-122.266238,37.878102]]]},"properties":{"APN":"58-2183-21-2","SitusAddress":"1639 OXFORD ST BERKELEY 94709"}},{"type":"Feature","geometry":{"type":"Polygon","coordinates":[[[-122.266253,37.878225],[-122.266241,37.878122],[-122.266699,37.878097],[-122.266718,37.878241],[-122.266258,37.878266],[-122.266253,37.878225]]]},"properties":{"APN":"58-2183-22","SitusAddress":"1625 OXFORD ST BERKELEY 94709"}},{"type":"Feature","geometry":{"type":"Polygon","coordinates":[[[-122.266263,37.878351],[-122.266258,37.878266],[-122.266718,37.878241],[-122.266736,37.878386],[-122.266269,37.878413],[-122.266268,37.878401],[-122.266263,37.878351]]]},"properties":{"APN":"58-2183-23","SitusAddress":"1617 OXFORD ST BERKELEY 94709"}},{"type":"Feature","geometry":{"type":"Polygon","coordinates":[[[-122.266126,37.877039],[-122.266576,37.876989],[-122.266591,37.877138],[-122.266136,37.877167],[-122.266126,37.877039]]]},"properties":{"APN":"58-2183-39","SitusAddress":"2201 VIRGINIA ST BERKELEY 94709"}},{"type":"Feature","geometry":{"type":"Polygon","coordinates":[[[-122.265422,37.87866],[-122.265512,37.878652],[-122.265514,37.87866],[-122.265624,37.878657],[-122.265633,37.87879],[-122.265443,37.878811],[-122.265422,37.87866]]]},"properties":{"APN":"58-2184-1","SitusAddress":"1601 SPRUCE ST BERKELEY 94709"}},{"type":"Feature","geometry":{"type":"Polygon","coordinates":[[[-122.265259,37.878588],[-122.265411,37.878575],[-122.265422,37.87866],[-122.265443,37.878811],[-122.265287,37.878831],[-122.265259,37.878588]]]},"properties":{"APN":"58-2184-2","SitusAddress":"2268 CEDAR ST BERKELEY 94709"}},{"type":"Feature","geometry":{"type":"Polygon","coordinates":[[[-122.26511,37.878658],[-122.265103,37.878601],[-122.265259,37.878588],[-122.265287,37.878831],[-122.265135,37.878856],[-122.26511,37.878658]]]},"properties":{"APN":"58-2184-3","SitusAddress":"2274 CEDAR ST BERKELEY 94709"}},{"type":"Feature","geometry":{"type":"Polygon","coordinates":[[[-122.264721,37.878684],[-122.26511,37.878658],[-122.265135,37.878856],[-122.264747,37.878907],[-122.264721,37.878684]]]},"properties":{"APN":"58-2184-4","SitusAddress":"2286 CEDAR ST BERKELEY 94709"}},{"type":"Feature","geometry":{"type":"Polygon","coordinates":[[[-122.264534,37.878696],[-122.264721,37.878684],[-122.264747,37.878907],[-122.264562,37.878931],[-122.264534,37.878696]]]},"properties":{"APN":"58-2184-5","SitusAddress":"1600 ARCH ST BERKELEY 94709"}},{"type":"Feature","geometry":{"type":"Polygon","coordinates":[[[-122.264522,37.878587],[-122.265097,37.878541],[-122.265103,37.878601],[-122.26511,37.878658],[-122.264721,37.878684],[-122.264534,37.878696],[-122.264522,37.878587]]]},"properties":{"APN":"58-2184-6","SitusAddress":"1620 ARCH ST BERKELEY 94709"}},{"type":"Feature","geometry":{"type":"Polygon","coordinates":[[[-122.264511,37.878473],[-122.265084,37.878431],[-122.26509,37.878477],[-122.265097,37.878541],[-122.264522,37.878587],[-122.264511,37.878473]]]},"properties":{"APN":"58-2184-7","SitusAddress":"1624 ARCH ST BERKELEY 94709"}},{"type":"Feature","geometry":{"type":"Polygon","coordinates":[[[-122.264502,37.878365],[-122.265073,37.878328],[-122.265077,37.878353],[-122.265084,37.878431],[-122.264511,37.878473],[-122.264502,37.878365]]]},"properties":{"APN":"58-2184-8","SitusAddress":"1630 ARCH ST BERKELEY 94709"}},{"type":"Feature","geometry":{"type":"Polygon","coordinates":[[[-122.264485,37.878251],[-122.265056,37.87821],[-122.265056,37.878231],[-122.265073,37.878328],[-122.264502,37.878365],[-122.264485,37.878251]]]},"properties":{"APN":"58-2184-9","SitusAddress":"1642 ARCH ST BERKELEY 94709"}},{"type":"Feature","geometry":{"type":"Polygon","coordinates":[[[-122.264483,37.878146],[-122.264621,37.878135],[-122.264777,37.878123],[-122.264936,37.878111],[-122.265048,37.878103],[-122.265056,37.87821],[-122.264485,37.878251],[-122.264483,37.878146]]]},"properties":{"APN":"58-2184-10","SitusAddress":"1646 ARCH ST BERKELEY 94709"}},{"type":"Feature","geometry":{"type":"Polygon","coordinates":[[[-122.264587,37.877797],[-122.264621,37.878135],[-122.264483,37.878146],[-122.264436,37.877774],[-122.264444,37.87776],[-122.26447,37.87775],[-122.264587,37.877797]]]},"properties":{"APN":"58-2184-11","SitusAddress":"1668 ARCH ST BERKELEY 94709"}},{"type":"Feature","geometry":{"type":"Polygon","coordinates":[[[-122.264587,37.877797],[-122.264665,37.877819],[-122.264747,37.877831],[-122.264777,37.878123],[-122.264621,37.878135],[-122.264587,37.877797]]]},"properties":{"APN":"58-2184-12","SitusAddress":"2285 VIRGINIA ST BERKELEY 94709"}},{"type":"Feature","geometry":{"type":"Polygon","coordinates":[[[-122.264747,37.877831],[-122.264796,37.877838],[-122.264915,37.877846],[-122.264936,37.878111],[-122.264777,37.878123],[-122.264747,37.877831]]]},"properties":{"APN":"58-2184-13","SitusAddress":"2275 VIRGINIA ST BERKELEY 94709"}},{"type":"Feature","geometry":{"type":"Polygon","coordinates":[[[-122.264915,37.877846],[-122.26499,37.877837],[-122.265071,37.877825],[-122.2651,37.878099],[-122.265048,37.878103],[-122.264936,37.878111],[-122.264915,37.877846]]]},"properties":{"APN":"58-2184-14","SitusAddress":"2271 VIRGINIA ST BERKELEY 94709"}},{"type":"Feature","geometry":{"type":"Polygon","coordinates":[[[-122.265071,37.877825],[-122.265219,37.877791],[-122.265252,37.878087],[-122.2651,37.878099],[-122.265071,37.877825]]]},"properties":{"APN":"58-2184-15","SitusAddress":"2265 VIRGINIA ST BERKELEY 94709"}},{"type":"Feature","geometry":{"type":"Polygon","coordinates":[[[-122.265219,37.877791],[-122.265296,37.87776],[-122.265372,37.877722],[-122.265411,37.878075],[-122.265252,37.878087],[-122.265219,37.877791]]]},"properties":{"APN":"58-2184-16","SitusAddress":"2257 VIRGINIA ST BERKELEY 94709"}},{"type":"Feature","geometry":{"type":"Polygon","coordinates":[[[-122.265372,37.877722],[-122.265474,37.877661],[-122.265505,37.877661],[-122.265518,37.877676],[-122.265558,37.878063],[-122.265411,37.878075],[-122.265372,37.877722]]]},"properties":{"APN":"58-2184-17","SitusAddress":"2251 VIRGINIA ST BERKELEY 94709"}},{"type":"Feature","geometry":{"type":"Polygon","coordinates":[[[-122.265056,37.87821],[-122.265048,37.878103],[-122.2651,37.878099],[-122.265252,37.878087],[-122.265411,37.878075],[-122.265558,37.878063],[-122.265575,37.878193],[-122.265056,37.878231],[-122.265056,37.87821]]]},"properties":{"APN":"58-2184-18","SitusAddress":"1627 SPRUCE ST BERKELEY 94709"}},{"type":"Feature","geometry":{"type":"Polygon","coordinates":[[[-122.263859,37.882073],[-122.264061,37.882059],[-122.26408,37.88226],[-122.263888,37.882273],[-122.263859,37.882073]]]},"properties":{"APN":"59-2253-22-1","SitusAddress":"1418 SPRING WAY BERKELEY 94708"}},{"type":"Feature","geometry":{"type":"Polygon","coordinates":[[[-122.264061,37.882059],[-122.264186,37.882051],[-122.264199,37.88225],[-122.26408,37.88226],[-122.264061,37.882059]]]},"properties":{"APN":"59-2253-22-2","SitusAddress":"1417 ARCH ST BERKELEY 94708"}},{"type":"Feature","geometry":{"type":"Polygon","coordinates":[[[-122.265084,37.878431],[-122.265077,37.878353],[-122.265585,37.878319],[-122.265602,37.878438],[-122.26509,37.878477],[-122.265084,37.878431]]]},"properties":{"APN":"58-2184-20","SitusAddress":"1611 SPRUCE ST BERKELEY 94709"}},{"type":"Feature","geometry":{"type":"Polygon","coordinates":[[[-122.264186,37.882051],[-122.264307,37.882042],[-122.264325,37.882241],[-122.264199,37.88225],[-122.264186,37.882051]]]},"properties":{"APN":"59-2253-22-3","SitusAddress":"1419 ARCH ST BERKELEY 94708"}},{"type":"Feature","geometry":{"type":"Polygon","coordinates":[[[-122.25739,37.883402],[-122.257526,37.883214],[-122.258023,37.883415],[-122.257981,37.883457],[-122.257897,37.883497],[-122.257824,37.88351],[-122.257645,37.883537],[-122.25737,37.883428],[-122.25739,37.883402]]]},"properties":{"APN":"58-2242-1-2","SitusAddress":"1401 LA LOMA AVE BERKELEY 94708"}},{"type":"Feature","geometry":{"type":"Polygon","coordinates":[[[-122.263845,37.881959],[-122.264337,37.881925],[-122.264344,37.882],[-122.26435,37.882039],[-122.264307,37.882042],[-122.264186,37.882051],[-122.264061,37.882059],[-122.263859,37.882073],[-122.263845,37.881959]]]},"properties":{"APN":"59-2253-23","SitusAddress":"1446 SCENIC AVE BERKELEY 94708"}},{"type":"Feature","geometry":{"type":"Polygon","coordinates":[[[-122.257112,37.883262],[-122.257141,37.883272],[-122.257176,37.883257],[-122.257193,37.883247],[-122.25739,37.883402],[-122.25737,37.883428],[-122.257645,37.883537],[-122.257362,37.883588],[-122.257162,37.883642],[-122.257086,37.883364],[-122.25709,37.883318],[-122.257102,37.88329],[-122.257112,37.883262]]]},"properties":{"APN":"58-2242-2-1","SitusAddress":"1397 LA LOMA AVE BERKELEY 94708"}},{"type":"Feature","geometry":{"type":"Polygon","coordinates":[[[-122.281966,37.876311],[-122.282143,37.876289],[-122.28215,37.876376],[-122.282167,37.876493],[-122.282184,37.876657],[-122.28201,37.876677],[-122.281966,37.876311]]]},"properties":{"APN":"58-2154-24-1","SitusAddress":"1502 CEDAR ST BERKELEY 94703"}},{"type":"Feature","geometry":{"type":"Polygon","coordinates":[[[-122.265097,37.878541],[-122.26509,37.878477],[-122.265602,37.878438],[-122.265615,37.878561],[-122.265411,37.878575],[-122.265259,37.878588],[-122.265103,37.878601],[-122.265097,37.878541]]]},"properties":{"APN":"58-2184-21","SitusAddress":"1609 SPRUCE ST BERKELEY 94709"}},{"type":"Feature","geometry":{"type":"Polygon","coordinates":[[[-122.263834,37.881837],[-122.264322,37.881803],[-122.264322,37.881815],[-122.264337,37.881925],[-122.263845,37.881959],[-122.263834,37.881837]]]},"properties":{"APN":"59-2253-24","SitusAddress":"1452 SCENIC AVE BERKELEY 94708"}},{"type":"Feature","geometry":{"type":"Polygon","coordinates":[[[-122.257112,37.883262],[-122.25715,37.883211],[-122.257236,37.883094],[-122.257526,37.883214],[-122.25739,37.883402],[-122.257193,37.883247],[-122.257176,37.883257],[-122.257141,37.883272],[-122.257112,37.883262]]]},"properties":{"APN":"58-2242-2-2","SitusAddress":" LA LOMA AVE BERKELEY 94708"}},{"type":"Feature","geometry":{"type":"Polygon","coordinates":[[[-122.263819,37.881731],[-122.264312,37.88169],[-122.264322,37.881803],[-122.263834,37.881837],[-122.263819,37.881731]]]},"properties":{"APN":"59-2253-25","SitusAddress":"1458 SCENIC AVE BERKELEY 94708"}},{"type":"Feature","geometry":{"type":"Polygon","coordinates":[[[-122.257015,37.883424],[-122.256999,37.883346],[-122.257083,37.883226],[-122.25715,37.883211],[-122.257112,37.883262],[-122.257102,37.88329],[-122.25709,37.883318],[-122.257086,37.883364],[-122.257162,37.883642],[-122.25707,37.88368],[-122.257015,37.883424]]]},"properties":{"APN":"58-2242-3","SitusAddress":" LA LOMA AVE BERKELEY 94708"}},{"type":"Feature","geometry":{"type":"Polygon","coordinates":[[[-122.281844,37.876327],[-122.281966,37.876311],[-122.28201,37.876677],[-122.281891,37.876695],[-122.281844,37.876327]]]},"properties":{"APN":"58-2154-25","SitusAddress":"1510 CEDAR ST BERKELEY 94703"}},{"type":"Feature","geometry":{"type":"Polygon","coordinates":[[[-122.265422,37.87866],[-122.265411,37.878575],[-122.265615,37.878561],[-122.265624,37.878657],[-122.265514,37.87866],[-122.265512,37.878652],[-122.265422,37.87866]]]},"properties":{"APN":"58-2184-22","SitusAddress":"1605 SPRUCE ST BERKELEY 94709"}},{"type":"Feature","geometry":{"type":"Polygon","coordinates":[[[-122.256742,37.883527],[-122.257015,37.883424],[-122.25707,37.88368],[-122.25695,37.883757],[-122.256742,37.883527]]]},"properties":{"APN":"58-2242-4-1","SitusAddress":" LA LOMA AVE BERKELEY 94708"}},{"type":"Feature","geometry":{"type":"Polygon","coordinates":[[[-122.263808,37.881624],[-122.264292,37.881583],[-122.264332,37.88158],[-122.264343,37.881688],[-122.264312,37.88169],[-122.263819,37.881731],[-122.263808,37.881624]]]},"properties":{"APN":"59-2253-26","SitusAddress":"1462 SCENIC AVE BERKELEY 94708"}},{"type":"Feature","geometry":{"type":"Polygon","coordinates":[[[-122.281716,37.87634],[-122.281733,37.876339],[-122.281832,37.876328],[-122.281844,37.876327],[-122.281891,37.876695],[-122.281761,37.876708],[-122.281716,37.87634]]]},"properties":{"APN":"58-2154-26","SitusAddress":"1514 CEDAR ST BERKELEY 94703"}},{"type":"Feature","geometry":{"type":"Polygon","coordinates":[[[-122.26379,37.881468],[-122.264104,37.881443],[-122.264273,37.88143],[-122.264292,37.881583],[-122.263808,37.881624],[-122.26379,37.881468]]]},"properties":{"APN":"59-2253-27","SitusAddress":"1466 SCENIC AVE BERKELEY 94708"}},{"type":"Feature","geometry":{"type":"Polygon","coordinates":[[[-122.256655,37.883727],[-122.256651,37.883562],[-122.256678,37.883553],[-122.256742,37.883527],[-122.25695,37.883757],[-122.256886,37.883847],[-122.256815,37.883923],[-122.256655,37.883727]]]},"properties":{"APN":"58-2242-5-1","SitusAddress":" LA LOMA AVE BERKELEY 94708"}},{"type":"Feature","geometry":{"type":"Polygon","coordinates":[[[-122.263285,37.878923],[-122.263321,37.879099],[-122.26315,37.879121],[-122.263114,37.878945],[-122.263285,37.878923]]]},"properties":{"APN":"58-2186-1","SitusAddress":"1608 SCENIC AVE BERKELEY 94709"}},{"type":"Feature","geometry":{"type":"Polygon","coordinates":[[[-122.263775,37.881347],[-122.263992,37.881333],[-122.264089,37.881324],[-122.264104,37.881443],[-122.26379,37.881468],[-122.263775,37.881347]]]},"properties":{"APN":"59-2253-28-1","SitusAddress":"1476 SCENIC AVE BERKELEY 94708"}},{"type":"Feature","geometry":{"type":"Polygon","coordinates":[[[-122.256792,37.883363],[-122.256877,37.883321],[-122.256906,37.88338],[-122.256999,37.883346],[-122.257015,37.883424],[-122.256742,37.883527],[-122.256678,37.883553],[-122.256677,37.88342],[-122.256792,37.883363]]]},"properties":{"APN":"58-2242-6-2","SitusAddress":"1383 LA LOMA AVE BERKELEY 94708"}},{"type":"Feature","geometry":{"type":"Polygon","coordinates":[[[-122.281598,37.876356],[-122.281705,37.876342],[-122.281716,37.87634],[-122.281761,37.876708],[-122.281647,37.876721],[-122.281598,37.876356]]]},"properties":{"APN":"58-2154-27","SitusAddress":"1516 CEDAR ST BERKELEY 94703"}},{"type":"Feature","geometry":{"type":"Polygon","coordinates":[[[-122.256073,37.883513],[-122.256185,37.883446],[-122.256344,37.883768],[-122.25624,37.883783],[-122.256178,37.883791],[-122.256073,37.883513]]]},"properties":{"APN":"58-2242-8","SitusAddress":" BUENA VISTA WAY BERKELEY 94708"}},{"type":"Feature","geometry":{"type":"Polygon","coordinates":[[[-122.263951,37.881003],[-122.263992,37.881333],[-122.263775,37.881347],[-122.263739,37.881034],[-122.263951,37.881003]]]},"properties":{"APN":"59-2253-29-3","SitusAddress":"1492 SCENIC AVE BERKELEY 94708"}},{"type":"Feature","geometry":{"type":"Polygon","coordinates":[[[-122.263252,37.878761],[-122.263285,37.878923],[-122.263114,37.878945],[-122.263081,37.878783],[-122.263252,37.878761]]]},"properties":{"APN":"58-2186-2","SitusAddress":"1622 SCENIC AVE BERKELEY 94709"}},{"type":"Feature","geometry":{"type":"Polygon","coordinates":[[[-122.263951,37.881003],[-122.264075,37.880991],[-122.264125,37.881322],[-122.264089,37.881324],[-122.263992,37.881333],[-122.263951,37.881003]]]},"properties":{"APN":"59-2253-31","SitusAddress":" VINE ST BERKELEY 94708"}},{"type":"Feature","geometry":{"type":"Polygon","coordinates":[[[-122.255909,37.883606],[-122.256073,37.883513],[-122.256178,37.883791],[-122.25605,37.883805],[-122.255927,37.883821],[-122.255909,37.883606]]]},"properties":{"APN":"58-2242-9","SitusAddress":"2905 BUENA VISTA WAY BERKELEY 94708"}},{"type":"Feature","geometry":{"type":"Polygon","coordinates":[[[-122.281477,37.876369],[-122.281598,37.876356],[-122.281647,37.876721],[-122.281526,37.876739],[-122.281477,37.876369]]]},"properties":{"APN":"58-2154-28","SitusAddress":"1520 CEDAR ST BERKELEY 94703"}},{"type":"Feature","geometry":{"type":"Polygon","coordinates":[[[-122.264089,37.881324],[-122.264125,37.881322],[-122.264075,37.880991],[-122.264214,37.880971],[-122.264273,37.88143],[-122.264104,37.881443],[-122.264089,37.881324]]]},"properties":{"APN":"59-2253-32","SitusAddress":"2333 VINE ST BERKELEY 94708"}},{"type":"Feature","geometry":{"type":"Polygon","coordinates":[[[-122.263229,37.878653],[-122.2634,37.878631],[-122.263423,37.878739],[-122.263252,37.878761],[-122.263081,37.878783],[-122.263058,37.878675],[-122.263229,37.878653]]]},"properties":{"APN":"58-2186-3","SitusAddress":"1632 SCENIC AVE BERKELEY 94709"}},{"type":"Feature","geometry":{"type":"Polygon","coordinates":[[[-122.256792,37.883363],[-122.25665,37.883238],[-122.256909,37.883179],[-122.256948,37.88316],[-122.257083,37.883226],[-122.256999,37.883346],[-122.256906,37.88338],[-122.256877,37.883321],[-122.256792,37.883363]]]},"properties":{"APN":"58-2242-11-1","SitusAddress":"2895 BUENA VISTA WAY BERKELEY 94708"}},{"type":"Feature","geometry":{"type":"Polygon","coordinates":[[[-122.264273,37.88143],[-122.264214,37.880971],[-122.264738,37.880892],[-122.264797,37.881329],[-122.264431,37.881361],[-122.264444,37.881459],[-122.264457,37.881571],[-122.264332,37.88158],[-122.264292,37.881583],[-122.264273,37.88143]]]},"properties":{"APN":"59-2253-34-2","SitusAddress":"2301 VINE ST BERKELEY 94708"}},{"type":"Feature","geometry":{"type":"Polygon","coordinates":[[[-122.281362,37.876384],[-122.281464,37.876373],[-122.281477,37.876369],[-122.281526,37.876739],[-122.281405,37.876752],[-122.281362,37.876384]]]},"properties":{"APN":"58-2154-29","SitusAddress":"1522 CEDAR ST BERKELEY 94703"}},{"type":"Feature","geometry":{"type":"Polygon","coordinates":[[[-122.256948,37.88316],[-122.256999,37.883127],[-122.25705,37.883081],[-122.257078,37.883029],[-122.257236,37.883094],[-122.25715,37.883211],[-122.257083,37.883226],[-122.256948,37.88316]]]},"properties":{"APN":"58-2242-12","SitusAddress":"2893 BUENA VISTA WAY BERKELEY 94708"}},{"type":"Feature","geometry":{"type":"Polygon","coordinates":[[[-122.264797,37.881329],[-122.2648,37.881434],[-122.264444,37.881459],[-122.264431,37.881361],[-122.264797,37.881329]]]},"properties":{"APN":"59-2253-36","SitusAddress":"1455 ARCH ST BERKELEY 94708"}},{"type":"Feature","geometry":{"type":"Polygon","coordinates":[[[-122.263229,37.878653],[-122.263058,37.878675],[-122.263011,37.878445],[-122.263182,37.878422],[-122.263229,37.878653]]]},"properties":{"APN":"58-2186-4","SitusAddress":"1640 SCENIC AVE BERKELEY 94709"}},{"type":"Feature","geometry":{"type":"Polygon","coordinates":[[[-122.257421,37.882872],[-122.257321,37.882671],[-122.257343,37.882661],[-122.257638,37.882535],[-122.2577,37.882739],[-122.257513,37.882887],[-122.257464,37.88287],[-122.257421,37.882872]]]},"properties":{"APN":"58-2242-16-8","SitusAddress":" MAYBECK TWIN DR BERKELEY 94708"}},{"type":"Feature","geometry":{"type":"Polygon","coordinates":[[[-122.281225,37.876403],[-122.281344,37.876387],[-122.281362,37.876384],[-122.281405,37.876752],[-122.281267,37.87677],[-122.281225,37.876403]]]},"properties":{"APN":"58-2154-30","SitusAddress":"1526 CEDAR ST BERKELEY 94703"}},{"type":"Feature","geometry":{"type":"Polygon","coordinates":[[[-122.263594,37.878717],[-122.263457,37.878735],[-122.263423,37.878739],[-122.2634,37.878631],[-122.263353,37.8784],[-122.263524,37.878378],[-122.263594,37.878717]]]},"properties":{"APN":"58-2186-6","SitusAddress":"2369 HILGARD AVE BERKELEY 94709"}},{"type":"Feature","geometry":{"type":"Polygon","coordinates":[[[-122.257513,37.882887],[-122.2577,37.882739],[-122.257766,37.88295],[-122.257768,37.883027],[-122.257768,37.883036],[-122.257758,37.883059],[-122.257727,37.883117],[-122.257684,37.883134],[-122.25767,37.883139],[-122.257635,37.883133],[-122.257627,37.883128],[-122.257593,37.88311],[-122.257586,37.883101],[-122.257531,37.883032],[-122.257537,37.883018],[-122.257555,37.88298],[-122.257563,37.882939],[-122.257545,37.882905],[-122.257531,37.882894],[-122.257513,37.882887]]]},"properties":{"APN":"58-2242-16-11","SitusAddress":"14 MAYBECK TWIN DR BERKELEY 94708"}},{"type":"Feature","geometry":{"type":"Polygon","coordinates":[[[-122.281092,37.87642],[-122.281208,37.876405],[-122.281225,37.876403],[-122.281267,37.87677],[-122.281134,37.876789],[-122.281092,37.87642]]]},"properties":{"APN":"58-2154-31","SitusAddress":"1528 CEDAR ST BERKELEY 94703"}},{"type":"Feature","geometry":{"type":"Polygon","coordinates":[[[-122.264444,37.881459],[-122.2648,37.881434],[-122.264816,37.881545],[-122.264457,37.881571],[-122.264444,37.881459]]]},"properties":{"APN":"59-2253-37","SitusAddress":"1435 ARCH ST BERKELEY 94708"}},{"type":"Feature","geometry":{"type":"Polygon","coordinates":[[[-122.256912,37.882723],[-122.25698,37.882604],[-122.257025,37.882526],[-122.257113,37.882564],[-122.257185,37.882594],[-122.257343,37.882661],[-122.257321,37.882671],[-122.257038,37.882805],[-122.257008,37.882769],[-122.256959,37.882745],[-122.256912,37.882723]]]},"properties":{"APN":"58-2242-16-18","SitusAddress":"2885 BUENA VISTA WAY BERKELEY 94708"}},{"type":"Feature","geometry":{"type":"Polygon","coordinates":[[[-122.263524,37.878378],[-122.263695,37.878356],[-122.263765,37.878695],[-122.263594,37.878717],[-122.263524,37.878378]]]},"properties":{"APN":"58-2186-7","SitusAddress":"2355 HILGARD AVE BERKELEY 94709"}},{"type":"Feature","geometry":{"type":"Polygon","coordinates":[[[-122.280976,37.876695],[-122.280965,37.87659],[-122.280955,37.876487],[-122.280949,37.876434],[-122.281077,37.876422],[-122.281092,37.87642],[-122.281134,37.876789],[-122.280987,37.876805],[-122.280976,37.876695]]]},"properties":{"APN":"58-2154-32","SitusAddress":"1530 CEDAR ST BERKELEY 94703"}},{"type":"Feature","geometry":{"type":"Polygon","coordinates":[[[-122.264332,37.88158],[-122.264457,37.881571],[-122.264816,37.881545],[-122.264828,37.881653],[-122.264343,37.881688],[-122.264332,37.88158]]]},"properties":{"APN":"59-2253-38","SitusAddress":"1431 ARCH ST BERKELEY 94708"}},{"type":"Feature","geometry":{"type":"Polygon","coordinates":[[[-122.257236,37.883094],[-122.257078,37.883029],[-122.257099,37.882964],[-122.257089,37.88291],[-122.257074,37.882841],[-122.257038,37.882805],[-122.257321,37.882671],[-122.257421,37.882872],[-122.257375,37.882905],[-122.257362,37.882939],[-122.257357,37.882952],[-122.257359,37.882972],[-122.257367,37.883002],[-122.257399,37.883022],[-122.257448,37.883035],[-122.257457,37.883064],[-122.257459,37.883072],[-122.257496,37.883119],[-122.257557,37.883173],[-122.257526,37.883214],[-122.257236,37.883094]]]},"properties":{"APN":"58-2242-16-21","SitusAddress":"2887 BUENA VISTA WAY BERKELEY 94708"}},{"type":"Feature","geometry":{"type":"Polygon","coordinates":[[[-122.264322,37.881803],[-122.264312,37.88169],[-122.264343,37.881688],[-122.264828,37.881653],[-122.264843,37.881778],[-122.264497,37.881801],[-122.264322,37.881815],[-122.264322,37.881803]]]},"properties":{"APN":"59-2253-39","SitusAddress":"1425 ARCH ST BERKELEY 94708"}},{"type":"Feature","geometry":{"type":"Polygon","coordinates":[[[-122.263695,37.878356],[-122.263865,37.878334],[-122.263921,37.878605],[-122.263935,37.878673],[-122.263792,37.878691],[-122.263765,37.878695],[-122.263695,37.878356]]]},"properties":{"APN":"58-2186-8","SitusAddress":"2339 HILGARD AVE BERKELEY 94709"}},{"type":"Feature","geometry":{"type":"Polygon","coordinates":[[[-122.27832,37.876988],[-122.278467,37.876975],[-122.278486,37.877129],[-122.278341,37.877146],[-122.27832,37.876988]]]},"properties":{"APN":"58-2155-1","SitusAddress":"1648 CEDAR ST BERKELEY 94703"}},{"type":"Feature","geometry":{"type":"Polygon","coordinates":[[[-122.264497,37.881801],[-122.264843,37.881778],[-122.264857,37.881887],[-122.26451,37.881913],[-122.264497,37.881801]]]},"properties":{"APN":"59-2253-40-1","SitusAddress":"1423 ARCH ST BERKELEY 94708"}},{"type":"Feature","geometry":{"type":"Polygon","coordinates":[[[-122.257185,37.882594],[-122.257379,37.882343],[-122.257419,37.88236],[-122.257444,37.882369],[-122.257519,37.882394],[-122.257599,37.882473],[-122.257615,37.882488],[-122.257638,37.882535],[-122.257343,37.882661],[-122.257185,37.882594]]]},"properties":{"APN":"58-2242-16-23","SitusAddress":"10 MAYBECK TWIN DR BERKELEY 94708"}},{"type":"Feature","geometry":{"type":"Polygon","coordinates":[[[-122.264344,37.882],[-122.264518,37.881987],[-122.26451,37.881913],[-122.264857,37.881887],[-122.264865,37.882002],[-122.264551,37.882025],[-122.26435,37.882039],[-122.264344,37.882]]]},"properties":{"APN":"59-2253-41-1","SitusAddress":"1421 ARCH ST BERKELEY 94708"}},{"type":"Feature","geometry":{"type":"Polygon","coordinates":[[[-122.263865,37.878334],[-122.264002,37.878316],[-122.264033,37.878465],[-122.264058,37.878587],[-122.263921,37.878605],[-122.263865,37.878334]]]},"properties":{"APN":"58-2186-9","SitusAddress":"2329 HILGARD AVE BERKELEY 94709"}},{"type":"Feature","geometry":{"type":"Polygon","coordinates":[[[-122.257025,37.882526],[-122.257071,37.88226],[-122.257195,37.882245],[-122.257228,37.882266],[-122.257262,37.882286],[-122.257289,37.882302],[-122.257113,37.882564],[-122.257025,37.882526]]]},"properties":{"APN":"58-2242-16-24","SitusAddress":"8 MAYBECK TWIN DR BERKELEY 94708"}},{"type":"Feature","geometry":{"type":"Polygon","coordinates":[[[-122.264337,37.881925],[-122.264322,37.881815],[-122.264497,37.881801],[-122.26451,37.881913],[-122.264518,37.881987],[-122.264344,37.882],[-122.264337,37.881925]]]},"properties":{"APN":"59-2253-42","SitusAddress":"1421A ARCH ST BERKELEY 94708"}},{"type":"Feature","geometry":{"type":"Polygon","coordinates":[[[-122.278308,37.876869],[-122.278452,37.876853],[-122.278467,37.876975],[-122.27832,37.876988],[-122.278308,37.876869]]]},"properties":{"APN":"58-2155-2","SitusAddress":"1604 MCGEE AVE BERKELEY 94703"}},{"type":"Feature","geometry":{"type":"Polygon","coordinates":[[[-122.257113,37.882564],[-122.257289,37.882302],[-122.257321,37.882319],[-122.257335,37.882326],[-122.257379,37.882343],[-122.257185,37.882594],[-122.257113,37.882564]]]},"properties":{"APN":"58-2242-16-25","SitusAddress":" MAYBECK TWIN DR BERKELEY 94708"}},{"type":"Feature","geometry":{"type":"Polygon","coordinates":[[[-122.264033,37.878465],[-122.264002,37.878316],[-122.264284,37.878279],[-122.264301,37.87843],[-122.264033,37.878465]]]},"properties":{"APN":"58-2186-10","SitusAddress":"1643 ARCH ST BERKELEY 94709"}},{"type":"Feature","geometry":{"type":"Polygon","coordinates":[[[-122.264551,37.882025],[-122.264865,37.882002],[-122.264887,37.882198],[-122.264564,37.882223],[-122.264557,37.882156],[-122.264569,37.882155],[-122.264551,37.882025]]]},"properties":{"APN":"59-2253-43-4","SitusAddress":"1415 ARCH ST BERKELEY 94708"}},{"type":"Feature","geometry":{"type":"Polygon","coordinates":[[[-122.256643,37.882585],[-122.256828,37.882426],[-122.257036,37.882251],[-122.257071,37.88226],[-122.257025,37.882526],[-122.25698,37.882604],[-122.256912,37.882723],[-122.256842,37.882692],[-122.256742,37.882645],[-122.256643,37.882585]]]},"properties":{"APN":"58-2242-19-1","SitusAddress":"2881 BUENA VISTA WAY BERKELEY 94708"}},{"type":"Feature","geometry":{"type":"Polygon","coordinates":[[[-122.264307,37.882042],[-122.26435,37.882039],[-122.264551,37.882025],[-122.264569,37.882155],[-122.264557,37.882156],[-122.264564,37.882223],[-122.264325,37.882241],[-122.264307,37.882042]]]},"properties":{"APN":"59-2253-43-5","SitusAddress":"1417 ARCH ST BERKELEY 94708"}},{"type":"Feature","geometry":{"type":"Polygon","coordinates":[[[-122.264033,37.878465],[-122.264301,37.87843],[-122.264318,37.878581],[-122.264064,37.878614],[-122.264058,37.878587],[-122.264033,37.878465]]]},"properties":{"APN":"58-2186-11","SitusAddress":"1635 ARCH ST BERKELEY 94709"}},{"type":"Feature","geometry":{"type":"Polygon","coordinates":[[[-122.256462,37.882388],[-122.256706,37.882293],[-122.25674,37.88235],[-122.256747,37.882361],[-122.25679,37.882398],[-122.256828,37.882426],[-122.256643,37.882585],[-122.256582,37.882538],[-122.256507,37.882461],[-122.256462,37.882388]]]},"properties":{"APN":"58-2242-20","SitusAddress":"2877 BUENA VISTA WAY BERKELEY 94708"}},{"type":"Feature","geometry":{"type":"Polygon","coordinates":[[[-122.278289,37.876781],[-122.278691,37.876733],[-122.278719,37.876729],[-122.27873,37.876821],[-122.278588,37.876837],[-122.278452,37.876853],[-122.278308,37.876869],[-122.278289,37.876781]]]},"properties":{"APN":"58-2155-3","SitusAddress":"1608 MCGEE AVE BERKELEY 94703"}},{"type":"Feature","geometry":{"type":"Polygon","coordinates":[[[-122.264251,37.882547],[-122.264332,37.882542],[-122.264317,37.882422],[-122.264413,37.882415],[-122.264904,37.882379],[-122.264921,37.882509],[-122.264615,37.882531],[-122.264618,37.882547],[-122.264563,37.882552],[-122.264257,37.882582],[-122.264251,37.882547]]]},"properties":{"APN":"59-2253-45-2","SitusAddress":"1409 ARCH ST BERKELEY 94708"}},{"type":"Feature","geometry":{"type":"Polygon","coordinates":[[[-122.256391,37.882121],[-122.256656,37.882102],[-122.256655,37.882111],[-122.256671,37.882218],[-122.256693,37.882266],[-122.256444,37.882361],[-122.256418,37.882309],[-122.25639,37.882214],[-122.256391,37.882121]]]},"properties":{"APN":"58-2242-22-2","SitusAddress":"2861 BUENA VISTA WAY BERKELEY 94708"}},{"type":"Feature","geometry":{"type":"Polygon","coordinates":[[[-122.264475,37.882699],[-122.264544,37.882689],[-122.264936,37.882635],[-122.264954,37.882804],[-122.264603,37.882831],[-122.264492,37.882842],[-122.264475,37.882699]]]},"properties":{"APN":"59-2253-47","SitusAddress":"1349 ARCH ST BERKELEY 94708"}},{"type":"Feature","geometry":{"type":"Polygon","coordinates":[[[-122.263935,37.878673],[-122.263921,37.878605],[-122.264058,37.878587],[-122.264064,37.878614],[-122.264318,37.878581],[-122.26433,37.878691],[-122.263949,37.87874],[-122.263935,37.878673]]]},"properties":{"APN":"58-2186-12","SitusAddress":"1615 ARCH ST BERKELEY 94709"}},{"type":"Feature","geometry":{"type":"Polygon","coordinates":[[[-122.256944,37.881839],[-122.256939,37.881822],[-122.256926,37.881776],[-122.256962,37.881556],[-122.256994,37.881533],[-122.257126,37.881617],[-122.257111,37.881624],[-122.257059,37.881628],[-122.257059,37.881683],[-122.257057,37.881701],[-122.257087,37.881852],[-122.257099,37.881911],[-122.257101,37.881919],[-122.257124,37.881974],[-122.257135,37.881997],[-122.257184,37.88207],[-122.257205,37.882102],[-122.257279,37.882155],[-122.257294,37.882164],[-122.257195,37.882245],[-122.257147,37.882202],[-122.25709,37.882149],[-122.257071,37.882126],[-122.257047,37.882086],[-122.257002,37.882013],[-122.256986,37.881973],[-122.256969,37.881921],[-122.25696,37.881893],[-122.256944,37.881839]]]},"properties":{"APN":"58-2242-25-13","SitusAddress":" MAYBECK TWIN DR BERKELEY 94708"}},{"type":"Feature","geometry":{"type":"Polygon","coordinates":[[[-122.27828,37.876696],[-122.278539,37.87666],[-122.278682,37.876641],[-122.278691,37.876733],[-122.278289,37.876781],[-122.27828,37.876696]]]},"properties":{"APN":"58-2155-4","SitusAddress":"1610 MCGEE AVE BERKELEY 94703"}},{"type":"Feature","geometry":{"type":"Polygon","coordinates":[[[-122.263888,37.882273],[-122.26408,37.88226],[-122.264199,37.88225],[-122.264325,37.882241],[-122.264564,37.882223],[-122.264887,37.882198],[-122.264891,37.882219],[-122.264395,37.882258],[-122.264413,37.882415],[-122.264317,37.882422],[-122.263906,37.882452],[-122.263888,37.882273]]]},"properties":{"APN":"59-2253-52","SitusAddress":" SPRING WAY BERKELEY 94708"}},{"type":"Feature","geometry":{"type":"Polygon","coordinates":[[[-122.256462,37.882388],[-122.256444,37.882361],[-122.256693,37.882266],[-122.256671,37.882218],[-122.256655,37.882111],[-122.256879,37.882082],[-122.256904,37.882112],[-122.256988,37.882211],[-122.256828,37.882426],[-122.25679,37.882398],[-122.256747,37.882361],[-122.25674,37.88235],[-122.256706,37.882293],[-122.256462,37.882388]]]},"properties":{"APN":"58-2242-25-14","SitusAddress":"4 MAYBECK TWIN DR BERKELEY 94708"}},{"type":"Feature","geometry":{"type":"Polygon","coordinates":[[[-122.264563,37.882552],[-122.264618,37.882547],[-122.264615,37.882531],[-122.264921,37.882509],[-122.264936,37.882635],[-122.264544,37.882689],[-122.264543,37.882635],[-122.264568,37.882612],[-122.264563,37.882552]]]},"properties":{"APN":"59-2253-53","SitusAddress":"1401 ARCH ST BERKELEY 94708"}},{"type":"Feature","geometry":{"type":"Polygon","coordinates":[[[-122.278506,37.876381],[-122.278539,37.87666],[-122.27828,37.876696],[-122.278249,37.876415],[-122.278506,37.876381]]]},"properties":{"APN":"58-2155-5","SitusAddress":"1641 LINCOLN ST BERKELEY 94703"}},{"type":"Feature","geometry":{"type":"Polygon","coordinates":[[[-122.26433,37.878691],[-122.264343,37.878815],[-122.26411,37.878845],[-122.263975,37.878862],[-122.263949,37.87874],[-122.26433,37.878691]]]},"properties":{"APN":"58-2186-13","SitusAddress":"1605 ARCH ST BERKELEY 94709"}},{"type":"Feature","geometry":{"type":"Polygon","coordinates":[[[-122.256988,37.882211],[-122.257036,37.882251],[-122.256828,37.882426],[-122.256988,37.882211]]]},"properties":{"APN":"58-2242-25-22","SitusAddress":"4 MAYBECK TWIN DR BERKELEY 94708"}},{"type":"Feature","geometry":{"type":"Polygon","coordinates":[[[-122.264266,37.882646],[-122.264257,37.882582],[-122.264563,37.882552],[-122.264568,37.882612],[-122.264543,37.882635],[-122.264544,37.882689],[-122.264475,37.882699],[-122.264331,37.882721],[-122.26428,37.882728],[-122.264224,37.882736],[-122.264274,37.882696],[-122.264266,37.882646]]]},"properties":{"APN":"59-2253-54-1","SitusAddress":"1403 ARCH ST BERKELEY 94708"}},{"type":"Feature","geometry":{"type":"Polygon","coordinates":[[[-122.257124,37.881974],[-122.257101,37.881919],[-122.257099,37.881911],[-122.257087,37.881852],[-122.257304,37.881867],[-122.257515,37.882004],[-122.257562,37.882035],[-122.257234,37.88201],[-122.257198,37.881946],[-122.257124,37.881974]]]},"properties":{"APN":"58-2242-25-25","SitusAddress":" MAYBECK TWIN DR BERKELEY 94708"}},{"type":"Feature","geometry":{"type":"Polygon","coordinates":[[[-122.278506,37.876381],[-122.278657,37.876363],[-122.278682,37.876641],[-122.278539,37.87666],[-122.278506,37.876381]]]},"properties":{"APN":"58-2155-6","SitusAddress":"1639 LINCOLN ST BERKELEY 94703"}},{"type":"Feature","geometry":{"type":"Polygon","coordinates":[[[-122.26379,37.882817],[-122.263786,37.882791],[-122.263867,37.88278],[-122.263857,37.882682],[-122.263855,37.88267],[-122.263925,37.882666],[-122.264266,37.882646],[-122.264274,37.882696],[-122.264224,37.882736],[-122.264212,37.882738],[-122.26409,37.882753],[-122.264094,37.882797],[-122.263909,37.882818],[-122.263909,37.882804],[-122.26379,37.882817]]]},"properties":{"APN":"59-2253-56-1","SitusAddress":"1402 SPRING WAY BERKELEY 94708"}},{"type":"Feature","geometry":{"type":"Polygon","coordinates":[[[-122.264343,37.878815],[-122.26436,37.878965],[-122.264141,37.878993],[-122.26411,37.878845],[-122.264343,37.878815]]]},"properties":{"APN":"58-2186-14","SitusAddress":"1601 ARCH ST BERKELEY 94709"}},{"type":"Feature","geometry":{"type":"Polygon","coordinates":[[[-122.257036,37.882251],[-122.256988,37.882211],[-122.256904,37.882112],[-122.256879,37.882082],[-122.256655,37.882111],[-122.256656,37.882102],[-122.256667,37.882061],[-122.256686,37.881985],[-122.256702,37.88191],[-122.256702,37.881901],[-122.256702,37.881858],[-122.256704,37.881798],[-122.256926,37.881776],[-122.256939,37.881822],[-122.256944,37.881839],[-122.25696,37.881893],[-122.256969,37.881921],[-122.256986,37.881973],[-122.257002,37.882013],[-122.257047,37.882086],[-122.257071,37.882126],[-122.25709,37.882149],[-122.257147,37.882202],[-122.257195,37.882245],[-122.257071,37.88226],[-122.257036,37.882251]]]},"properties":{"APN":"58-2242-25-34","SitusAddress":"2 MAYBECK TWIN DR BERKELEY 94708"}},{"type":"Feature","geometry":{"type":"Polygon","coordinates":[[[-122.264891,37.882219],[-122.264904,37.882379],[-122.264413,37.882415],[-122.264395,37.882258],[-122.264891,37.882219]]]},"properties":{"APN":"59-2253-59","SitusAddress":" ARCH ST BERKELEY 94708"}},{"type":"Feature","geometry":{"type":"Polygon","coordinates":[[[-122.256378,37.881501],[-122.256475,37.881493],[-122.256485,37.881547],[-122.256655,37.881557],[-122.256673,37.881657],[-122.256426,37.881766],[-122.256399,37.881569],[-122.256378,37.881501]]]},"properties":{"APN":"58-2242-27","SitusAddress":"2835 BUENA VISTA WAY BERKELEY 94708"}},{"type":"Feature","geometry":{"type":"Polygon","coordinates":[[[-122.278682,37.876641],[-122.278657,37.876363],[-122.278788,37.876348],[-122.27883,37.876716],[-122.278719,37.876729],[-122.278691,37.876733],[-122.278682,37.876641]]]},"properties":{"APN":"58-2155-7","SitusAddress":"1635 LINCOLN ST BERKELEY 94703"}},{"type":"Feature","geometry":{"type":"Polygon","coordinates":[[[-122.265715,37.882319],[-122.266036,37.88228],[-122.266048,37.882394],[-122.265728,37.882435],[-122.265715,37.882319]]]},"properties":{"APN":"59-2254-1","SitusAddress":"2224 ROSE ST BERKELEY 94709"}},{"type":"Feature","geometry":{"type":"Polygon","coordinates":[[[-122.256378,37.881501],[-122.256356,37.881428],[-122.256369,37.881422],[-122.256574,37.881332],[-122.256576,37.881338],[-122.256638,37.881475],[-122.256641,37.881485],[-122.256651,37.881533],[-122.256655,37.881557],[-122.256485,37.881547],[-122.256475,37.881493],[-122.256378,37.881501]]]},"properties":{"APN":"58-2242-28","SitusAddress":"2829 BUENA VISTA WAY BERKELEY 94708"}},{"type":"Feature","geometry":{"type":"Polygon","coordinates":[[[-122.26411,37.878845],[-122.264141,37.878993],[-122.264005,37.879011],[-122.263975,37.878862],[-122.26411,37.878845]]]},"properties":{"APN":"58-2186-15","SitusAddress":"2320 CEDAR ST BERKELEY 94708"}},{"type":"Feature","geometry":{"type":"Polygon","coordinates":[[[-122.265571,37.882228],[-122.265561,37.882125],[-122.265691,37.882108],[-122.265704,37.882226],[-122.265715,37.882319],[-122.265728,37.882435],[-122.265599,37.882451],[-122.265571,37.882228]]]},"properties":{"APN":"59-2254-2","SitusAddress":"2238 ROSE ST BERKELEY 94709"}},{"type":"Feature","geometry":{"type":"Polygon","coordinates":[[[-122.256303,37.88126],[-122.256323,37.88125],[-122.256497,37.881161],[-122.256529,37.881232],[-122.256664,37.881143],[-122.256686,37.881129],[-122.256745,37.881255],[-122.256724,37.881265],[-122.256594,37.881329],[-122.256576,37.881338],[-122.256574,37.881332],[-122.256369,37.881422],[-122.256356,37.881428],[-122.256323,37.881344],[-122.256303,37.88126]]]},"properties":{"APN":"58-2242-29-1","SitusAddress":"2825 BUENA VISTA WAY BERKELEY 94708"}},{"type":"Feature","geometry":{"type":"Polygon","coordinates":[[[-122.263792,37.878691],[-122.263935,37.878673],[-122.263949,37.87874],[-122.263975,37.878862],[-122.264005,37.879011],[-122.263862,37.879029],[-122.263792,37.878691]]]},"properties":{"APN":"58-2186-16-1","SitusAddress":"2334 CEDAR ST BERKELEY 94708"}},{"type":"Feature","geometry":{"type":"Polygon","coordinates":[[[-122.278788,37.876348],[-122.278923,37.876332],[-122.278976,37.876698],[-122.278855,37.876713],[-122.27883,37.876716],[-122.278788,37.876348]]]},"properties":{"APN":"58-2155-8","SitusAddress":"1631 LINCOLN ST BERKELEY 94703"}},{"type":"Feature","geometry":{"type":"Polygon","coordinates":[[[-122.256641,37.881032],[-122.256686,37.881129],[-122.256664,37.881143],[-122.256529,37.881232],[-122.256497,37.881161],[-122.256323,37.88125],[-122.256303,37.88126],[-122.256294,37.881164],[-122.256308,37.881081],[-122.256324,37.881013],[-122.256379,37.880933],[-122.256416,37.880905],[-122.256482,37.880906],[-122.256627,37.881],[-122.256641,37.881032]]]},"properties":{"APN":"58-2242-30-1","SitusAddress":"2785 BUENA VISTA WAY BERKELEY 94708"}},{"type":"Feature","geometry":{"type":"Polygon","coordinates":[[[-122.265413,37.882386],[-122.265402,37.882267],[-122.2654,37.882246],[-122.265571,37.882228],[-122.265599,37.882451],[-122.265423,37.882477],[-122.265413,37.882386]]]},"properties":{"APN":"59-2254-3","SitusAddress":"2240 ROSE ST BERKELEY 94709"}},{"type":"Feature","geometry":{"type":"Polygon","coordinates":[[[-122.256655,37.881557],[-122.256651,37.881533],[-122.256641,37.881485],[-122.256638,37.881475],[-122.256576,37.881338],[-122.256594,37.881329],[-122.256724,37.881265],[-122.256745,37.881255],[-122.256782,37.881335],[-122.256826,37.881389],[-122.256897,37.881464],[-122.256964,37.881515],[-122.256673,37.881657],[-122.256655,37.881557]]]},"properties":{"APN":"58-2242-32-1","SitusAddress":"2753 BUENA VISTA WAY BERKELEY 94708"}},{"type":"Feature","geometry":{"type":"Polygon","coordinates":[[[-122.263457,37.878735],[-122.263594,37.878717],[-122.263663,37.879055],[-122.263526,37.879072],[-122.263457,37.878735]]]},"properties":{"APN":"58-2186-18","SitusAddress":"2360 CEDAR ST BERKELEY 94708"}},{"type":"Feature","geometry":{"type":"Polygon","coordinates":[[[-122.265123,37.882419],[-122.265413,37.882386],[-122.265423,37.882477],[-122.265134,37.882513],[-122.265123,37.882419]]]},"properties":{"APN":"59-2254-4","SitusAddress":"1400 ARCH ST BERKELEY 94708"}},{"type":"Feature","geometry":{"type":"Polygon","coordinates":[[[-122.278923,37.876332],[-122.279092,37.876311],[-122.279128,37.876681],[-122.279002,37.876695],[-122.278976,37.876698],[-122.278923,37.876332]]]},"properties":{"APN":"58-2155-9","SitusAddress":"1629 LINCOLN ST BERKELEY 94703"}},{"type":"Feature","geometry":{"type":"Polygon","coordinates":[[[-122.256673,37.881657],[-122.256964,37.881515],[-122.256994,37.881533],[-122.256962,37.881556],[-122.256926,37.881776],[-122.256704,37.881798],[-122.256673,37.881657]]]},"properties":{"APN":"58-2242-33-1","SitusAddress":"2751 BUENA VISTA WAY BERKELEY 94708"}},{"type":"Feature","geometry":{"type":"Polygon","coordinates":[[[-122.26511,37.8823],[-122.265402,37.882267],[-122.265413,37.882386],[-122.265123,37.882419],[-122.26511,37.8823]]]},"properties":{"APN":"59-2254-5","SitusAddress":"1406 ARCH ST BERKELEY 94708"}},{"type":"Feature","geometry":{"type":"Polygon","coordinates":[[[-122.263182,37.878422],[-122.263353,37.8784],[-122.2634,37.878631],[-122.263229,37.878653],[-122.263182,37.878422]]]},"properties":{"APN":"58-2186-22","SitusAddress":" HILGARD AVE BERKELEY 94709"}},{"type":"Feature","geometry":{"type":"Polygon","coordinates":[[[-122.257087,37.881852],[-122.257057,37.881701],[-122.257059,37.881683],[-122.257059,37.881628],[-122.257111,37.881624],[-122.257126,37.881617],[-122.257154,37.881606],[-122.257244,37.881627],[-122.257363,37.881641],[-122.257329,37.881775],[-122.257298,37.881821],[-122.257304,37.881867],[-122.257087,37.881852]]]},"properties":{"APN":"58-2242-38-3","SitusAddress":"2733 BUENA VISTA WAY BERKELEY 94708"}},{"type":"Feature","geometry":{"type":"Polygon","coordinates":[[[-122.265095,37.882184],[-122.265561,37.882125],[-122.265571,37.882228],[-122.2654,37.882246],[-122.265402,37.882267],[-122.26511,37.8823],[-122.265095,37.882184]]]},"properties":{"APN":"59-2254-6","SitusAddress":"1408 ARCH ST BERKELEY 94708"}},{"type":"Feature","geometry":{"type":"Polygon","coordinates":[[[-122.279092,37.876311],[-122.279221,37.876293],[-122.279267,37.876661],[-122.279141,37.876679],[-122.279128,37.876681],[-122.279092,37.876311]]]},"properties":{"APN":"58-2155-10","SitusAddress":"1625 LINCOLN ST BERKELEY 94703"}},{"type":"Feature","geometry":{"type":"Polygon","coordinates":[[[-122.257294,37.882164],[-122.257279,37.882155],[-122.257205,37.882102],[-122.257184,37.88207],[-122.257135,37.881997],[-122.257124,37.881974],[-122.257198,37.881946],[-122.257234,37.88201],[-122.257562,37.882035],[-122.257726,37.882135],[-122.257385,37.882221],[-122.257294,37.882164]]]},"properties":{"APN":"58-2242-43-24","SitusAddress":"1 MAYBECK TWIN DR BERKELEY 94708"}},{"type":"Feature","geometry":{"type":"Polygon","coordinates":[[[-122.265082,37.882024],[-122.26554,37.881969],[-122.265561,37.882125],[-122.265095,37.882184],[-122.265082,37.882024]]]},"properties":{"APN":"59-2254-7-4","SitusAddress":"1410 ARCH ST BERKELEY 94708"}},{"type":"Feature","geometry":{"type":"Polygon","coordinates":[[[-122.263423,37.878739],[-122.263457,37.878735],[-122.263526,37.879072],[-122.263321,37.879099],[-122.263285,37.878923],[-122.263252,37.878761],[-122.263423,37.878739]]]},"properties":{"APN":"58-2186-27","SitusAddress":"2366 CEDAR ST BERKELEY 94708"}},{"type":"Feature","geometry":{"type":"Polygon","coordinates":[[[-122.257726,37.882135],[-122.257888,37.88202],[-122.258,37.881996],[-122.25801,37.882037],[-122.258071,37.882206],[-122.257775,37.882212],[-122.257726,37.882135]]]},"properties":{"APN":"58-2242-43-27","SitusAddress":"1471 LA LOMA AVE BERKELEY 94708"}},{"type":"Feature","geometry":{"type":"Polygon","coordinates":[[[-122.265061,37.881843],[-122.26552,37.881785],[-122.26554,37.881969],[-122.265082,37.882024],[-122.265061,37.881843]]]},"properties":{"APN":"59-2254-8","SitusAddress":"1416 ARCH ST BERKELEY 94708"}},{"type":"Feature","geometry":{"type":"Polygon","coordinates":[[[-122.257582,37.881896],[-122.257538,37.881879],[-122.257495,37.881809],[-122.257502,37.881766],[-122.257613,37.881689],[-122.257692,37.881719],[-122.257846,37.881808],[-122.257708,37.881941],[-122.257582,37.881896]]]},"properties":{"APN":"58-2242-43-29","SitusAddress":"2711 BUENA VISTA WAY BERKELEY 94708"}},{"type":"Feature","geometry":{"type":"Polygon","coordinates":[[[-122.279221,37.876293],[-122.279368,37.876278],[-122.279408,37.876644],[-122.27928,37.876657],[-122.279267,37.876661],[-122.279221,37.876293]]]},"properties":{"APN":"58-2155-11","SitusAddress":"1623 LINCOLN ST BERKELEY 94703"}},{"type":"Feature","geometry":{"type":"Polygon","coordinates":[[[-122.265045,37.881697],[-122.265503,37.881639],[-122.265511,37.881698],[-122.26552,37.881785],[-122.265061,37.881843],[-122.265045,37.881697]]]},"properties":{"APN":"59-2254-9","SitusAddress":"1422 ARCH ST BERKELEY 94708"}},{"type":"Feature","geometry":{"type":"Polygon","coordinates":[[[-122.263765,37.878695],[-122.263792,37.878691],[-122.263862,37.879029],[-122.263663,37.879055],[-122.263594,37.878717],[-122.263765,37.878695]]]},"properties":{"APN":"58-2186-32","SitusAddress":"2346 CEDAR ST BERKELEY 94708"}},{"type":"Feature","geometry":{"type":"Polygon","coordinates":[[[-122.265035,37.881615],[-122.265491,37.881557],[-122.265495,37.881584],[-122.265503,37.881639],[-122.265045,37.881697],[-122.265035,37.881615]]]},"properties":{"APN":"59-2254-10","SitusAddress":"1428 ARCH ST BERKELEY 94708"}},{"type":"Feature","geometry":{"type":"Polygon","coordinates":[[[-122.257562,37.882035],[-122.257515,37.882004],[-122.257582,37.881896],[-122.257708,37.881941],[-122.257846,37.881808],[-122.258009,37.881884],[-122.258002,37.881948],[-122.258,37.881996],[-122.257888,37.88202],[-122.257726,37.882135],[-122.257562,37.882035]]]},"properties":{"APN":"58-2242-43-31","SitusAddress":"2701 BUENA VISTA WAY BERKELEY 94708"}},{"type":"Feature","geometry":{"type":"Polygon","coordinates":[[[-122.279368,37.876278],[-122.279506,37.87626],[-122.279543,37.876627],[-122.279419,37.876641],[-122.279408,37.876644],[-122.279368,37.876278]]]},"properties":{"APN":"58-2155-12","SitusAddress":"1619 LINCOLN ST BERKELEY 94703"}},{"type":"Feature","geometry":{"type":"Polygon","coordinates":[[[-122.265028,37.881535],[-122.265482,37.881476],[-122.265491,37.881557],[-122.265035,37.881615],[-122.265028,37.881535]]]},"properties":{"APN":"59-2254-11","SitusAddress":"1430 ARCH ST BERKELEY 94708"}},{"type":"Feature","geometry":{"type":"Polygon","coordinates":[[[-122.257304,37.881867],[-122.257298,37.881821],[-122.257329,37.881775],[-122.257363,37.881641],[-122.257482,37.881651],[-122.257613,37.881689],[-122.257502,37.881766],[-122.257495,37.881809],[-122.257538,37.881879],[-122.257582,37.881896],[-122.257515,37.882004],[-122.257304,37.881867]]]},"properties":{"APN":"58-2242-43-35","SitusAddress":"2717 BUENA VISTA WAY BERKELEY 94708"}},{"type":"Feature","geometry":{"type":"Polygon","coordinates":[[[-122.263977,37.878021],[-122.264253,37.877987],[-122.264265,37.878117],[-122.264003,37.878151],[-122.263977,37.878021]]]},"properties":{"APN":"58-2187-1","SitusAddress":"1657 ARCH ST BERKELEY 94709"}},{"type":"Feature","geometry":{"type":"Polygon","coordinates":[[[-122.265006,37.881339],[-122.265052,37.881333],[-122.265334,37.881298],[-122.265331,37.88133],[-122.265462,37.88131],[-122.265465,37.881339],[-122.265482,37.881476],[-122.265028,37.881535],[-122.265006,37.881339]]]},"properties":{"APN":"59-2254-12","SitusAddress":"1432 ARCH ST BERKELEY 94708"}},{"type":"Feature","geometry":{"type":"Polygon","coordinates":[[[-122.257379,37.882343],[-122.257335,37.882326],[-122.257321,37.882319],[-122.257289,37.882302],[-122.257262,37.882286],[-122.257228,37.882266],[-122.257195,37.882245],[-122.257294,37.882164],[-122.257385,37.882221],[-122.257469,37.88225],[-122.257502,37.882262],[-122.257569,37.882291],[-122.257653,37.882346],[-122.257669,37.882356],[-122.25771,37.882404],[-122.257731,37.882427],[-122.257751,37.882462],[-122.257776,37.882505],[-122.257638,37.882535],[-122.257615,37.882488],[-122.257599,37.882473],[-122.257519,37.882394],[-122.257444,37.882369],[-122.257419,37.88236],[-122.257379,37.882343]]]},"properties":{"APN":"58-2242-48-9","SitusAddress":" MAYBECK TWIN DR BERKELEY 94708"}},{"type":"Feature","geometry":{"type":"Polygon","coordinates":[[[-122.279506,37.87626],[-122.279657,37.876239],[-122.27969,37.876609],[-122.27956,37.876625],[-122.279543,37.876627],[-122.279506,37.87626]]]},"properties":{"APN":"58-2155-13","SitusAddress":"1617 LINCOLN ST BERKELEY 94703"}},{"type":"Feature","geometry":{"type":"Polygon","coordinates":[[[-122.264995,37.881245],[-122.26534,37.881204],[-122.26532,37.88108],[-122.265434,37.881063],[-122.265451,37.881216],[-122.265462,37.88131],[-122.265331,37.88133],[-122.265334,37.881298],[-122.265052,37.881333],[-122.265006,37.881339],[-122.264995,37.881245]]]},"properties":{"APN":"59-2254-13-1","SitusAddress":"1436 ARCH ST BERKELEY 94708"}},{"type":"Feature","geometry":{"type":"Polygon","coordinates":[[[-122.263811,37.878041],[-122.263977,37.878021],[-122.264003,37.878151],[-122.263839,37.878171],[-122.263811,37.878041]]]},"properties":{"APN":"58-2187-2","SitusAddress":"2326 HILGARD AVE BERKELEY 94709"}},{"type":"Feature","geometry":{"type":"Polygon","coordinates":[[[-122.257557,37.883173],[-122.257496,37.883119],[-122.257459,37.883072],[-122.257457,37.883064],[-122.257448,37.883035],[-122.257399,37.883022],[-122.257367,37.883002],[-122.257359,37.882972],[-122.257357,37.882952],[-122.257362,37.882939],[-122.257375,37.882905],[-122.257421,37.882872],[-122.257464,37.88287],[-122.257513,37.882887],[-122.257531,37.882894],[-122.257545,37.882905],[-122.257563,37.882939],[-122.257555,37.88298],[-122.257537,37.883018],[-122.257531,37.883032],[-122.257586,37.883101],[-122.257593,37.88311],[-122.257627,37.883128],[-122.257635,37.883133],[-122.25767,37.883139],[-122.257684,37.883134],[-122.257727,37.883117],[-122.257758,37.883059],[-122.257768,37.883036],[-122.257768,37.883027],[-122.257766,37.88295],[-122.2577,37.882739],[-122.257638,37.882535],[-122.257776,37.882505],[-122.25784,37.882694],[-122.257912,37.882908],[-122.257931,37.882961],[-122.25792,37.883022],[-122.257914,37.883056],[-122.257895,37.883122],[-122.257851,37.88318],[-122.257821,37.883219],[-122.257777,37.883247],[-122.257722,37.883229],[-122.257649,37.883205],[-122.257557,37.883173]]]},"properties":{"APN":"58-2242-48-19","SitusAddress":" MAYBECK TWIN DR BERKELEY 94708"}},{"type":"Feature","geometry":{"type":"Polygon","coordinates":[[[-122.264985,37.881121],[-122.26513,37.881103],[-122.265296,37.881083],[-122.26532,37.88108],[-122.26534,37.881204],[-122.264995,37.881245],[-122.264985,37.881121]]]},"properties":{"APN":"59-2254-13-2","SitusAddress":"1438 ARCH ST BERKELEY 94708"}},{"type":"Feature","geometry":{"type":"Polygon","coordinates":[[[-122.279657,37.876239],[-122.2798,37.876223],[-122.279844,37.876586],[-122.279704,37.876607],[-122.27969,37.876609],[-122.279657,37.876239]]]},"properties":{"APN":"58-2155-14","SitusAddress":"1615 LINCOLN ST BERKELEY 94703"}},{"type":"Feature","geometry":{"type":"Polygon","coordinates":[[[-122.25784,37.882694],[-122.258237,37.882647],[-122.258251,37.882724],[-122.258256,37.882793],[-122.258253,37.882874],[-122.257912,37.882908],[-122.25784,37.882694]]]},"properties":{"APN":"58-2242-48-21","SitusAddress":"9 MAYBECK TWIN DR BERKELEY 94708"}},{"type":"Feature","geometry":{"type":"Polygon","coordinates":[[[-122.265077,37.880855],[-122.26513,37.881103],[-122.264985,37.881121],[-122.264974,37.881122],[-122.264946,37.880869],[-122.265077,37.880855]]]},"properties":{"APN":"59-2254-14","SitusAddress":"1490 ARCH ST BERKELEY 94708"}},{"type":"Feature","geometry":{"type":"Polygon","coordinates":[[[-122.263592,37.877854],[-122.263768,37.877834],[-122.263782,37.877902],[-122.263811,37.878041],[-122.263839,37.878171],[-122.263661,37.878192],[-122.263592,37.877854]]]},"properties":{"APN":"58-2187-3","SitusAddress":"2340 HILGARD AVE BERKELEY 94709"}},{"type":"Feature","geometry":{"type":"Polygon","coordinates":[[[-122.257895,37.883122],[-122.257914,37.883056],[-122.25792,37.883022],[-122.257931,37.882961],[-122.257912,37.882908],[-122.258253,37.882874],[-122.258251,37.882937],[-122.258231,37.883036],[-122.2582,37.883137],[-122.258179,37.883195],[-122.257895,37.883122]]]},"properties":{"APN":"58-2242-48-23","SitusAddress":"11 MAYBECK TWIN DR BERKELEY 94708"}},{"type":"Feature","geometry":{"type":"Polygon","coordinates":[[[-122.265077,37.880855],[-122.265253,37.880832],[-122.265296,37.881083],[-122.26513,37.881103],[-122.265077,37.880855]]]},"properties":{"APN":"59-2254-15-1","SitusAddress":"2289 VINE ST BERKELEY 94709"}},{"type":"Feature","geometry":{"type":"Polygon","coordinates":[[[-122.265253,37.880832],[-122.265393,37.880816],[-122.265453,37.881061],[-122.265434,37.881063],[-122.26532,37.88108],[-122.265296,37.881083],[-122.265253,37.880832]]]},"properties":{"APN":"59-2254-15-2","SitusAddress":"2277 VINE ST BERKELEY 94709"}},{"type":"Feature","geometry":{"type":"Polygon","coordinates":[[[-122.257776,37.882505],[-122.258161,37.882414],[-122.258175,37.882453],[-122.258209,37.882542],[-122.258225,37.882592],[-122.258237,37.882647],[-122.25784,37.882694],[-122.257776,37.882505]]]},"properties":{"APN":"58-2242-48-25","SitusAddress":"7 MAYBECK TWIN DR BERKELEY 94708"}},{"type":"Feature","geometry":{"type":"Polygon","coordinates":[[[-122.2798,37.876223],[-122.27995,37.876202],[-122.279981,37.876477],[-122.27999,37.876559],[-122.279992,37.87657],[-122.279844,37.876586],[-122.2798,37.876223]]]},"properties":{"APN":"58-2155-15","SitusAddress":"1611 LINCOLN ST BERKELEY 94703"}},{"type":"Feature","geometry":{"type":"Polygon","coordinates":[[[-122.263337,37.878043],[-122.263327,37.878002],[-122.263443,37.877987],[-122.263491,37.878215],[-122.263377,37.87823],[-122.263337,37.878043]]]},"properties":{"APN":"58-2187-5","SitusAddress":"2360 HILGARD AVE BERKELEY 94709"}},{"type":"Feature","geometry":{"type":"Polygon","coordinates":[[[-122.265393,37.880816],[-122.265549,37.880799],[-122.26557,37.880975],[-122.265548,37.880989],[-122.265553,37.881048],[-122.265453,37.881061],[-122.265393,37.880816]]]},"properties":{"APN":"59-2254-16","SitusAddress":"2273 VINE ST BERKELEY 94709"}},{"type":"Feature","geometry":{"type":"Polygon","coordinates":[[[-122.257669,37.882356],[-122.257815,37.882244],[-122.258084,37.882237],[-122.258161,37.882414],[-122.257776,37.882505],[-122.257751,37.882462],[-122.257731,37.882427],[-122.25771,37.882404],[-122.257669,37.882356]]]},"properties":{"APN":"58-2242-48-29","SitusAddress":"5 MAYBECK TWIN DR BERKELEY 94708"}},{"type":"Feature","geometry":{"type":"Polygon","coordinates":[[[-122.27995,37.876202],[-122.280172,37.876176],[-122.280187,37.876315],[-122.280158,37.87632],[-122.280178,37.876449],[-122.279981,37.876477],[-122.27995,37.876202]]]},"properties":{"APN":"58-2155-16","SitusAddress":"1607 LINCOLN ST BERKELEY 94703"}},{"type":"Feature","geometry":{"type":"Polygon","coordinates":[[[-122.265549,37.880799],[-122.265697,37.880776],[-122.265733,37.881028],[-122.265627,37.88104],[-122.265553,37.881048],[-122.265548,37.880989],[-122.26557,37.880975],[-122.265549,37.880799]]]},"properties":{"APN":"59-2254-17","SitusAddress":"2265 VINE ST BERKELEY 94709"}},{"type":"Feature","geometry":{"type":"Polygon","coordinates":[[[-122.257385,37.882221],[-122.257726,37.882135],[-122.257775,37.882212],[-122.258071,37.882206],[-122.258084,37.882237],[-122.257815,37.882244],[-122.257669,37.882356],[-122.257653,37.882346],[-122.257569,37.882291],[-122.257502,37.882262],[-122.257469,37.88225],[-122.257385,37.882221]]]},"properties":{"APN":"58-2242-48-32","SitusAddress":"3 MAYBECK TWIN DR BERKELEY 94708"}},{"type":"Feature","geometry":{"type":"Polygon","coordinates":[[[-122.263195,37.877905],[-122.26325,37.877898],[-122.263419,37.877877],[-122.263443,37.877987],[-122.263327,37.878002],[-122.263337,37.878043],[-122.263226,37.878057],[-122.263195,37.877905]]]},"properties":{"APN":"58-2187-7","SitusAddress":"2370 HILGARD AVE BERKELEY 94709"}},{"type":"Feature","geometry":{"type":"Polygon","coordinates":[[[-122.265697,37.880776],[-122.26586,37.880757],[-122.265892,37.881008],[-122.265733,37.881028],[-122.265697,37.880776]]]},"properties":{"APN":"59-2254-18","SitusAddress":"2229 VINE ST BERKELEY 94709"}},{"type":"Feature","geometry":{"type":"Polygon","coordinates":[[[-122.257526,37.883214],[-122.257557,37.883173],[-122.257649,37.883205],[-122.257722,37.883229],[-122.257777,37.883247],[-122.257821,37.883219],[-122.257851,37.88318],[-122.257895,37.883122],[-122.258179,37.883195],[-122.258162,37.883218],[-122.258113,37.883311],[-122.258037,37.883404],[-122.258023,37.883415],[-122.257526,37.883214]]]},"properties":{"APN":"58-2242-52-3","SitusAddress":"15 MAYBECK TWIN DR BERKELEY 94708"}},{"type":"Feature","geometry":{"type":"Polygon","coordinates":[[[-122.280172,37.876176],[-122.280298,37.876157],[-122.280328,37.876431],[-122.280178,37.876449],[-122.280158,37.87632],[-122.280187,37.876315],[-122.280172,37.876176]]]},"properties":{"APN":"58-2155-17-1","SitusAddress":"1601 LINCOLN ST BERKELEY 94703"}},{"type":"Feature","geometry":{"type":"Polygon","coordinates":[[[-122.257708,37.881605],[-122.257744,37.881524],[-122.258123,37.881645],[-122.258062,37.881777],[-122.257954,37.881736],[-122.257803,37.881651],[-122.257752,37.881625],[-122.257708,37.881605]]]},"properties":{"APN":"58-2242-53-3","SitusAddress":"1509 LA LOMA AVE BERKELEY 94708"}},{"type":"Feature","geometry":{"type":"Polygon","coordinates":[[[-122.26311,37.878076],[-122.263079,37.877918],[-122.263195,37.877905],[-122.263226,37.878057],[-122.263265,37.878246],[-122.263148,37.878262],[-122.26311,37.878076]]]},"properties":{"APN":"58-2187-8","SitusAddress":"2380 HILGARD AVE BERKELEY 94709"}},{"type":"Feature","geometry":{"type":"Polygon","coordinates":[[[-122.265434,37.881063],[-122.265453,37.881061],[-122.265553,37.881048],[-122.265627,37.88104],[-122.265733,37.881028],[-122.265892,37.881008],[-122.265906,37.881152],[-122.265562,37.8812],[-122.265451,37.881216],[-122.265434,37.881063]]]},"properties":{"APN":"59-2254-19","SitusAddress":"1433 SPRUCE ST BERKELEY 94709"}},{"type":"Feature","geometry":{"type":"Polygon","coordinates":[[[-122.257744,37.881524],[-122.257848,37.88129],[-122.258239,37.881399],[-122.258123,37.881645],[-122.257744,37.881524]]]},"properties":{"APN":"58-2242-53-5","SitusAddress":"2704 BUENA VISTA WAY BERKELEY 94708"}},{"type":"Feature","geometry":{"type":"Polygon","coordinates":[[[-122.265462,37.88131],[-122.265451,37.881216],[-122.265562,37.8812],[-122.265577,37.881324],[-122.265465,37.881339],[-122.265462,37.88131]]]},"properties":{"APN":"59-2254-20-1","SitusAddress":" SPRUCE ST BERKELEY 94709"}},{"type":"Feature","geometry":{"type":"Polygon","coordinates":[[[-122.279981,37.876477],[-122.280178,37.876449],[-122.280328,37.876431],[-122.28033,37.876515],[-122.27999,37.876559],[-122.279981,37.876477]]]},"properties":{"APN":"58-2155-19","SitusAddress":"1617 CALIFORNIA ST BERKELEY 94703"}},{"type":"Feature","geometry":{"type":"Polygon","coordinates":[[[-122.257381,37.881536],[-122.257423,37.881395],[-122.257433,37.881358],[-122.257447,37.881311],[-122.25748,37.8812],[-122.257606,37.881228],[-122.257686,37.881245],[-122.257848,37.88129],[-122.257744,37.881524],[-122.257708,37.881605],[-122.257656,37.881587],[-122.257628,37.881574],[-122.257598,37.881567],[-122.257534,37.88155],[-122.257506,37.881546],[-122.257459,37.88154],[-122.257412,37.881536],[-122.257381,37.881536]]]},"properties":{"APN":"58-2242-54-1","SitusAddress":"2718 BUENA VISTA WAY BERKELEY 94708"}},{"type":"Feature","geometry":{"type":"Polygon","coordinates":[[[-122.262936,37.878097],[-122.26311,37.878076],[-122.263148,37.878262],[-122.262971,37.878284],[-122.262936,37.878097]]]},"properties":{"APN":"58-2187-9","SitusAddress":"2396 HILGARD AVE BERKELEY 94709"}},{"type":"Feature","geometry":{"type":"Polygon","coordinates":[[[-122.265562,37.8812],[-122.265906,37.881152],[-122.265921,37.881275],[-122.265577,37.881324],[-122.265562,37.8812]]]},"properties":{"APN":"59-2254-20-2","SitusAddress":"1431 SPRUCE ST BERKELEY 94709"}},{"type":"Feature","geometry":{"type":"Polygon","coordinates":[[[-122.279992,37.87657],[-122.27999,37.876559],[-122.28033,37.876515],[-122.280341,37.876599],[-122.279999,37.876649],[-122.279992,37.87657]]]},"properties":{"APN":"58-2155-20","SitusAddress":"1615 CALIFORNIA ST BERKELEY 94703"}},{"type":"Feature","geometry":{"type":"Polygon","coordinates":[[[-122.257149,37.881483],[-122.257227,37.88135],[-122.257295,37.881374],[-122.257386,37.881345],[-122.257433,37.881358],[-122.257423,37.881395],[-122.257381,37.881536],[-122.257277,37.881522],[-122.257189,37.8815],[-122.257149,37.881483]]]},"properties":{"APN":"58-2242-56-1","SitusAddress":"2730 BUENA VISTA WAY BERKELEY 94708"}},{"type":"Feature","geometry":{"type":"Polygon","coordinates":[[[-122.265577,37.881324],[-122.265921,37.881275],[-122.265938,37.881418],[-122.265594,37.881462],[-122.265577,37.881324]]]},"properties":{"APN":"59-2254-21","SitusAddress":"1429 SPRUCE ST BERKELEY 94709"}},{"type":"Feature","geometry":{"type":"Polygon","coordinates":[[[-122.257121,37.881469],[-122.257081,37.881454],[-122.257042,37.881429],[-122.257007,37.881402],[-122.257157,37.881155],[-122.257119,37.8811],[-122.257433,37.880961],[-122.257262,37.88068],[-122.257296,37.880665],[-122.257527,37.881039],[-122.25748,37.8812],[-122.257447,37.881311],[-122.257433,37.881358],[-122.257386,37.881345],[-122.257295,37.881374],[-122.257227,37.88135],[-122.257149,37.881483],[-122.257121,37.881469]]]},"properties":{"APN":"58-2242-58-1","SitusAddress":"2750 BUENA VISTA WAY BERKELEY 94708"}},{"type":"Feature","geometry":{"type":"Polygon","coordinates":[[[-122.262906,37.877944],[-122.263079,37.877918],[-122.26311,37.878076],[-122.262936,37.878097],[-122.262906,37.877944]]]},"properties":{"APN":"58-2187-10","SitusAddress":"1668 SCENIC AVE BERKELEY 94709"}},{"type":"Feature","geometry":{"type":"Polygon","coordinates":[[[-122.265465,37.881339],[-122.265577,37.881324],[-122.265594,37.881462],[-122.265482,37.881476],[-122.265465,37.881339]]]},"properties":{"APN":"59-2254-22","SitusAddress":" SPRUCE ST BERKELEY 94709"}},{"type":"Feature","geometry":{"type":"Polygon","coordinates":[[[-122.279999,37.876649],[-122.280341,37.876599],[-122.280348,37.876689],[-122.28001,37.876738],[-122.279999,37.876649]]]},"properties":{"APN":"58-2155-21","SitusAddress":"1611 CALIFORNIA ST BERKELEY 94703"}},{"type":"Feature","geometry":{"type":"Polygon","coordinates":[[[-122.256835,37.881151],[-122.257076,37.881039],[-122.257119,37.8811],[-122.257157,37.881155],[-122.257007,37.881402],[-122.256963,37.881364],[-122.256907,37.881299],[-122.256867,37.881219],[-122.256835,37.881151]]]},"properties":{"APN":"58-2242-59","SitusAddress":"2760 BUENA VISTA WAY BERKELEY 94708"}},{"type":"Feature","geometry":{"type":"Polygon","coordinates":[[[-122.265491,37.881557],[-122.265482,37.881476],[-122.265594,37.881462],[-122.265938,37.881418],[-122.265954,37.881526],[-122.265495,37.881584],[-122.265491,37.881557]]]},"properties":{"APN":"59-2254-23","SitusAddress":"1427 SPRUCE ST BERKELEY 94709"}},{"type":"Feature","geometry":{"type":"Polygon","coordinates":[[[-122.263008,37.877581],[-122.263079,37.877918],[-122.262906,37.877944],[-122.262832,37.877602],[-122.263008,37.877581]]]},"properties":{"APN":"58-2187-11-1","SitusAddress":"1682 SCENIC AVE BERKELEY 94709"}},{"type":"Feature","geometry":{"type":"Polygon","coordinates":[[[-122.265503,37.881639],[-122.265495,37.881584],[-122.265954,37.881526],[-122.265966,37.881641],[-122.265511,37.881698],[-122.265503,37.881639]]]},"properties":{"APN":"59-2254-24","SitusAddress":"1425 SPRUCE ST BERKELEY 94709"}},{"type":"Feature","geometry":{"type":"Polygon","coordinates":[[[-122.28001,37.876738],[-122.280348,37.876689],[-122.280358,37.87678],[-122.280019,37.876829],[-122.28001,37.876738]]]},"properties":{"APN":"58-2155-22","SitusAddress":"1609 CALIFORNIA ST BERKELEY 94703"}},{"type":"Feature","geometry":{"type":"Polygon","coordinates":[[[-122.256716,37.8809],[-122.257196,37.88068],[-122.257209,37.880706],[-122.256974,37.880821],[-122.257076,37.881039],[-122.256835,37.881151],[-122.256716,37.8809]]]},"properties":{"APN":"58-2242-60","SitusAddress":"2780 BUENA VISTA WAY BERKELEY 94708"}},{"type":"Feature","geometry":{"type":"Polygon","coordinates":[[[-122.265704,37.882226],[-122.266025,37.882184],[-122.266036,37.88228],[-122.265715,37.882319],[-122.265704,37.882226]]]},"properties":{"APN":"59-2254-28","SitusAddress":"1405 SPRUCE ST BERKELEY 94709"}},{"type":"Feature","geometry":{"type":"Polygon","coordinates":[[[-122.263008,37.877581],[-122.263178,37.877558],[-122.26325,37.877898],[-122.263195,37.877905],[-122.263079,37.877918],[-122.263008,37.877581]]]},"properties":{"APN":"58-2187-13","SitusAddress":"2377 VIRGINIA ST BERKELEY 94709"}},{"type":"Feature","geometry":{"type":"Polygon","coordinates":[[[-122.280019,37.876829],[-122.280358,37.87678],[-122.280376,37.876889],[-122.28003,37.876934],[-122.280019,37.876829]]]},"properties":{"APN":"58-2155-23","SitusAddress":"1601 CALIFORNIA ST BERKELEY 94703"}},{"type":"Feature","geometry":{"type":"Polygon","coordinates":[[[-122.256193,37.882713],[-122.256552,37.882667],[-122.256599,37.8827],[-122.25674,37.882776],[-122.256885,37.882833],[-122.256938,37.882876],[-122.256963,37.882928],[-122.256953,37.88299],[-122.256919,37.883046],[-122.256856,37.883075],[-122.256656,37.883116],[-122.256475,37.883165],[-122.25636,37.883219],[-122.256244,37.883084],[-122.256193,37.882713]]]},"properties":{"APN":"58-2242-67-1","SitusAddress":"2900 BUENA VISTA WAY BERKELEY 94708"}},{"type":"Feature","geometry":{"type":"Polygon","coordinates":[[[-122.26554,37.881969],[-122.265998,37.88191],[-122.266011,37.882067],[-122.265691,37.882108],[-122.265561,37.882125],[-122.26554,37.881969]]]},"properties":{"APN":"59-2254-35","SitusAddress":"1411 SPRUCE ST BERKELEY 94709"}},{"type":"Feature","geometry":{"type":"Polygon","coordinates":[[[-122.26335,37.877535],[-122.26352,37.877514],[-122.263592,37.877854],[-122.263419,37.877877],[-122.26335,37.877535]]]},"properties":{"APN":"58-2187-15","SitusAddress":"2355 VIRGINIA ST BERKELEY 94709"}},{"type":"Feature","geometry":{"type":"Polygon","coordinates":[[[-122.26552,37.881785],[-122.265511,37.881698],[-122.265966,37.881641],[-122.265998,37.88191],[-122.26554,37.881969],[-122.26552,37.881785]]]},"properties":{"APN":"59-2254-43","SitusAddress":"1417 SPRUCE ST BERKELEY 94709"}},{"type":"Feature","geometry":{"type":"Polygon","coordinates":[[[-122.279844,37.876586],[-122.279992,37.87657],[-122.279999,37.876649],[-122.28001,37.876738],[-122.280019,37.876829],[-122.28003,37.876934],[-122.279887,37.876953],[-122.279844,37.876586]]]},"properties":{"APN":"58-2155-24","SitusAddress":"1608 CEDAR ST BERKELEY 94703"}},{"type":"Feature","geometry":{"type":"Polygon","coordinates":[[[-122.265691,37.882108],[-122.266011,37.882067],[-122.266025,37.882184],[-122.265704,37.882226],[-122.265691,37.882108]]]},"properties":{"APN":"59-2254-47","SitusAddress":" SPRUCE ST BERKELEY 94709"}},{"type":"Feature","geometry":{"type":"Polygon","coordinates":[[[-122.255923,37.882747],[-122.256193,37.882713],[-122.256244,37.883084],[-122.25636,37.883219],[-122.256206,37.883301],[-122.255978,37.883117],[-122.255923,37.882747]]]},"properties":{"APN":"58-2242-67-2","SitusAddress":"2902 BUENA VISTA WAY BERKELEY 94708"}},{"type":"Feature","geometry":{"type":"Polygon","coordinates":[[[-122.26352,37.877514],[-122.263696,37.877491],[-122.263725,37.877635],[-122.263755,37.87777],[-122.263768,37.877834],[-122.263592,37.877854],[-122.26352,37.877514]]]},"properties":{"APN":"58-2187-16","SitusAddress":"2309 VIRGINIA ST BERKELEY 94709"}},{"type":"Feature","geometry":{"type":"Polygon","coordinates":[[[-122.279704,37.876607],[-122.279844,37.876586],[-122.279887,37.876953],[-122.279745,37.87697],[-122.279704,37.876607]]]},"properties":{"APN":"58-2155-25","SitusAddress":"1610 CEDAR ST BERKELEY 94703"}},{"type":"Feature","geometry":{"type":"Polygon","coordinates":[[[-122.265426,37.880528],[-122.265827,37.880479],[-122.26584,37.880591],[-122.265443,37.880645],[-122.265426,37.880528]]]},"properties":{"APN":"59-2255-1","SitusAddress":"1501 SPRUCE ST BERKELEY 94709"}},{"type":"Feature","geometry":{"type":"Polygon","coordinates":[[[-122.255865,37.882754],[-122.255923,37.882747],[-122.255978,37.883117],[-122.256206,37.883301],[-122.255881,37.883478],[-122.255857,37.883273],[-122.255853,37.883243],[-122.255836,37.883142],[-122.255836,37.883142],[-122.255821,37.883026],[-122.255821,37.883026],[-122.255799,37.882857],[-122.255787,37.882764],[-122.25579,37.882764],[-122.255865,37.882754]]]},"properties":{"APN":"58-2242-68","SitusAddress":" BUENA VISTA WAY BERKELEY 94708"}},{"type":"Feature","geometry":{"type":"Polygon","coordinates":[[[-122.265243,37.880535],[-122.265236,37.880412],[-122.265225,37.880286],[-122.265258,37.880281],[-122.265346,37.880266],[-122.26535,37.880316],[-122.26536,37.880429],[-122.265412,37.880425],[-122.265426,37.880528],[-122.265443,37.880645],[-122.265253,37.880667],[-122.265243,37.880535]]]},"properties":{"APN":"59-2255-2-1","SitusAddress":"2200 VINE ST BERKELEY 94709"}},{"type":"Feature","geometry":{"type":"Polygon","coordinates":[[[-122.263725,37.877635],[-122.264206,37.877574],[-122.264221,37.877711],[-122.263755,37.87777],[-122.263725,37.877635]]]},"properties":{"APN":"58-2187-18","SitusAddress":"1685 ARCH ST BERKELEY 94709"}},{"type":"Feature","geometry":{"type":"Polygon","coordinates":[[[-122.255767,37.882578],[-122.255765,37.882564],[-122.255766,37.882564],[-122.256367,37.882489],[-122.256407,37.882538],[-122.256452,37.882584],[-122.256501,37.882627],[-122.256555,37.882667],[-122.256552,37.882667],[-122.256193,37.882713],[-122.255923,37.882747],[-122.255865,37.882754],[-122.25579,37.882764],[-122.255787,37.882764],[-122.255767,37.882578]]]},"properties":{"APN":"58-2242-75-5","SitusAddress":"2870 BUENA VISTA WAY BERKELEY 94708"}},{"type":"Feature","geometry":{"type":"Polygon","coordinates":[[[-122.27956,37.876625],[-122.27969,37.876609],[-122.279704,37.876607],[-122.279745,37.87697],[-122.2796,37.876988],[-122.27956,37.876625]]]},"properties":{"APN":"58-2155-26","SitusAddress":"1612 CEDAR ST BERKELEY 94703"}},{"type":"Feature","geometry":{"type":"Polygon","coordinates":[[[-122.264913,37.880577],[-122.265243,37.880535],[-122.265253,37.880667],[-122.26493,37.880707],[-122.264913,37.880577]]]},"properties":{"APN":"59-2255-2-2","SitusAddress":"1500 ARCH ST BERKELEY 94708"}},{"type":"Feature","geometry":{"type":"Polygon","coordinates":[[[-122.255743,37.882364],[-122.255749,37.882363],[-122.256149,37.882313],[-122.256149,37.882313],[-122.256149,37.882313],[-122.256268,37.882298],[-122.256286,37.882348],[-122.256309,37.882396],[-122.256336,37.882444],[-122.256367,37.882489],[-122.255766,37.882564],[-122.255765,37.882564],[-122.255743,37.882364],[-122.255743,37.882364]]]},"properties":{"APN":"58-2242-75-6","SitusAddress":" BUENA VISTA WAY BERKELEY 94708"}},{"type":"Feature","geometry":{"type":"Polygon","coordinates":[[[-122.263768,37.877834],[-122.263755,37.87777],[-122.264221,37.877711],[-122.264236,37.87785],[-122.263782,37.877902],[-122.263768,37.877834]]]},"properties":{"APN":"58-2187-19","SitusAddress":"1677 ARCH ST BERKELEY 94709"}},{"type":"Feature","geometry":{"type":"Polygon","coordinates":[[[-122.264898,37.880454],[-122.265236,37.880412],[-122.265243,37.880535],[-122.264913,37.880577],[-122.264898,37.880454]]]},"properties":{"APN":"59-2255-2-3","SitusAddress":" ARCH ST BERKELEY 94708"}},{"type":"Feature","geometry":{"type":"Polygon","coordinates":[[[-122.255736,37.882294],[-122.2557,37.881962],[-122.255704,37.881961],[-122.255742,37.881957],[-122.255813,37.881948],[-122.255821,37.881957],[-122.255952,37.8821],[-122.256012,37.882211],[-122.256051,37.882206],[-122.256125,37.882287],[-122.256149,37.882313],[-122.256149,37.882313],[-122.255749,37.882363],[-122.255743,37.882364],[-122.255736,37.882294]]]},"properties":{"APN":"58-2242-75-8","SitusAddress":" BUENA VISTA WAY BERKELEY 94708"}},{"type":"Feature","geometry":{"type":"Polygon","coordinates":[[[-122.279419,37.876641],[-122.279543,37.876627],[-122.27956,37.876625],[-122.2796,37.876988],[-122.27946,37.877006],[-122.279439,37.876824],[-122.279419,37.876641]]]},"properties":{"APN":"58-2155-27","SitusAddress":"1616 CEDAR ST BERKELEY 94703"}},{"type":"Feature","geometry":{"type":"Polygon","coordinates":[[[-122.264883,37.88033],[-122.265225,37.880286],[-122.265236,37.880412],[-122.264898,37.880454],[-122.264883,37.88033]]]},"properties":{"APN":"59-2255-3","SitusAddress":"1508 ARCH ST BERKELEY 94708"}},{"type":"Feature","geometry":{"type":"MultiPolygon","coordinates":[[[[-122.256149,37.882313],[-122.256125,37.882287],[-122.256051,37.882206],[-122.256012,37.882211],[-122.255952,37.8821],[-122.255821,37.881957],[-122.255813,37.881948],[-122.256129,37.881908],[-122.256269,37.881891],[-122.256263,37.881952],[-122.256252,37.882013],[-122.256244,37.88207],[-122.256241,37.882127],[-122.256245,37.882185],[-122.256254,37.882242],[-122.256268,37.882298],[-122.256149,37.882313]]],[[[-122.256149,37.882313],[-122.256149,37.882313],[-122.256149,37.882313],[-122.256149,37.882313]]]]},"properties":{"APN":"58-2242-75-9","SitusAddress":"2850 BUENA VISTA WAY BERKELEY 94708"}},{"type":"Feature","geometry":{"type":"Polygon","coordinates":[[[-122.263782,37.877902],[-122.264236,37.87785],[-122.264253,37.877987],[-122.263977,37.878021],[-122.263811,37.878041],[-122.263782,37.877902]]]},"properties":{"APN":"58-2187-20","SitusAddress":"1671 ARCH ST BERKELEY 94709"}},{"type":"Feature","geometry":{"type":"Polygon","coordinates":[[[-122.26487,37.880223],[-122.265245,37.880172],[-122.265258,37.880281],[-122.265225,37.880286],[-122.264883,37.88033],[-122.26487,37.880223]]]},"properties":{"APN":"59-2255-4","SitusAddress":"1512 ARCH ST BERKELEY 94708"}},{"type":"Feature","geometry":{"type":"Polygon","coordinates":[[[-122.27928,37.876657],[-122.279408,37.876644],[-122.279419,37.876641],[-122.279439,37.876824],[-122.27946,37.877006],[-122.279324,37.877025],[-122.27928,37.876657]]]},"properties":{"APN":"58-2155-28","SitusAddress":"1620 CEDAR ST BERKELEY 94703"}},{"type":"Feature","geometry":{"type":"Polygon","coordinates":[[[-122.256102,37.881675],[-122.256136,37.881665],[-122.256201,37.881673],[-122.256284,37.881701],[-122.256269,37.881891],[-122.256129,37.881908],[-122.255813,37.881948],[-122.255742,37.881957],[-122.255704,37.881961],[-122.2557,37.881962],[-122.255693,37.881901],[-122.255678,37.881776],[-122.256069,37.88173],[-122.25608,37.881702],[-122.256102,37.881675]]]},"properties":{"APN":"58-2242-76-1","SitusAddress":"2838 BUENA VISTA WAY BERKELEY 94708"}},{"type":"Feature","geometry":{"type":"Polygon","coordinates":[[[-122.264865,37.880113],[-122.26523,37.880062],[-122.265245,37.880172],[-122.26487,37.880223],[-122.264865,37.880113]]]},"properties":{"APN":"59-2255-5","SitusAddress":"1514 ARCH ST BERKELEY 94708"}},{"type":"Feature","geometry":{"type":"Polygon","coordinates":[[[-122.264847,37.880003],[-122.265217,37.879957],[-122.26523,37.880062],[-122.264865,37.880113],[-122.264847,37.880003]]]},"properties":{"APN":"59-2255-6","SitusAddress":"1518 ARCH ST BERKELEY 94708"}},{"type":"Feature","geometry":{"type":"Polygon","coordinates":[[[-122.263443,37.877987],[-122.263419,37.877877],[-122.263592,37.877854],[-122.263661,37.878192],[-122.263491,37.878215],[-122.263443,37.877987]]]},"properties":{"APN":"58-2187-28","SitusAddress":" HILGARD AVE BERKELEY 94709"}},{"type":"Feature","geometry":{"type":"Polygon","coordinates":[[[-122.255663,37.881634],[-122.25566,37.88161],[-122.256251,37.88154],[-122.256284,37.881701],[-122.256201,37.881673],[-122.256136,37.881665],[-122.256102,37.881675],[-122.25608,37.881702],[-122.256069,37.88173],[-122.255678,37.881776],[-122.255663,37.881634]]]},"properties":{"APN":"58-2242-77-2","SitusAddress":"2830 BUENA VISTA WAY BERKELEY 94708"}},{"type":"Feature","geometry":{"type":"Polygon","coordinates":[[[-122.279141,37.876679],[-122.279267,37.876661],[-122.27928,37.876657],[-122.279324,37.877025],[-122.279186,37.877041],[-122.279141,37.876679]]]},"properties":{"APN":"58-2155-29","SitusAddress":"1624 CEDAR ST BERKELEY 94703"}},{"type":"Feature","geometry":{"type":"Polygon","coordinates":[[[-122.264836,37.879892],[-122.265202,37.87984],[-122.265217,37.879957],[-122.264847,37.880003],[-122.264836,37.879892]]]},"properties":{"APN":"59-2255-7","SitusAddress":"1524 ARCH ST BERKELEY 94708"}},{"type":"Feature","geometry":{"type":"Polygon","coordinates":[[[-122.255651,37.881533],[-122.255641,37.881444],[-122.25619,37.881376],[-122.256223,37.88146],[-122.256251,37.88154],[-122.25566,37.88161],[-122.255651,37.881533]]]},"properties":{"APN":"58-2242-78","SitusAddress":"2820 BUENA VISTA WAY BERKELEY 94708"}},{"type":"Feature","geometry":{"type":"Polygon","coordinates":[[[-122.264815,37.879729],[-122.265272,37.879666],[-122.265288,37.879831],[-122.265202,37.87984],[-122.264836,37.879892],[-122.264815,37.879729]]]},"properties":{"APN":"59-2255-8","SitusAddress":"1526 ARCH ST BERKELEY 94708"}},{"type":"Feature","geometry":{"type":"Polygon","coordinates":[[[-122.263178,37.877558],[-122.26335,37.877535],[-122.263419,37.877877],[-122.26325,37.877898],[-122.263178,37.877558]]]},"properties":{"APN":"58-2187-37","SitusAddress":"2365 VIRGINIA ST BERKELEY 94709"}},{"type":"Feature","geometry":{"type":"Polygon","coordinates":[[[-122.255597,37.881048],[-122.256045,37.881014],[-122.256185,37.881003],[-122.256162,37.881076],[-122.256155,37.881147],[-122.255614,37.881204],[-122.255597,37.881048]]]},"properties":{"APN":"58-2242-82-4","SitusAddress":"2810 BUENA VISTA WAY BERKELEY 94708"}},{"type":"Feature","geometry":{"type":"Polygon","coordinates":[[[-122.264799,37.879569],[-122.265255,37.879508],[-122.26526,37.879563],[-122.265272,37.879666],[-122.264815,37.879729],[-122.264799,37.879569]]]},"properties":{"APN":"59-2255-9","SitusAddress":"1530 ARCH ST BERKELEY 94708"}},{"type":"Feature","geometry":{"type":"Polygon","coordinates":[[[-122.279002,37.876695],[-122.279128,37.876681],[-122.279141,37.876679],[-122.279186,37.877041],[-122.279041,37.877059],[-122.279002,37.876695]]]},"properties":{"APN":"58-2155-30","SitusAddress":"1628 CEDAR ST BERKELEY 94703"}},{"type":"Feature","geometry":{"type":"Polygon","coordinates":[[[-122.255623,37.881286],[-122.255614,37.881204],[-122.256155,37.881147],[-122.256166,37.881296],[-122.25619,37.881376],[-122.255641,37.881444],[-122.255623,37.881286]]]},"properties":{"APN":"58-2242-82-5","SitusAddress":"2812 BUENA VISTA WAY BERKELEY 94708"}},{"type":"Feature","geometry":{"type":"Polygon","coordinates":[[[-122.264778,37.879403],[-122.26523,37.879339],[-122.265245,37.879456],[-122.265255,37.879508],[-122.264799,37.879569],[-122.264778,37.879403]]]},"properties":{"APN":"59-2255-10","SitusAddress":"1534 ARCH ST BERKELEY 94708"}},{"type":"Feature","geometry":{"type":"Polygon","coordinates":[[[-122.263696,37.877491],[-122.264028,37.877448],[-122.264106,37.877456],[-122.264167,37.877491],[-122.264199,37.877532],[-122.264206,37.877574],[-122.263725,37.877635],[-122.263696,37.877491]]]},"properties":{"APN":"58-2187-45","SitusAddress":"2301 VIRGINIA ST BERKELEY 94709"}},{"type":"Feature","geometry":{"type":"Polygon","coordinates":[[[-122.25597,37.880509],[-122.256325,37.880466],[-122.256431,37.880708],[-122.256261,37.880868],[-122.256211,37.88094],[-122.256185,37.881003],[-122.256045,37.881014],[-122.255839,37.880602],[-122.25597,37.880509]]]},"properties":{"APN":"58-2242-83-1","SitusAddress":"2800 BUENA VISTA WAY BERKELEY 94708"}},{"type":"Feature","geometry":{"type":"Polygon","coordinates":[[[-122.278855,37.876713],[-122.278976,37.876698],[-122.279002,37.876695],[-122.279041,37.877059],[-122.278901,37.877077],[-122.278855,37.876713]]]},"properties":{"APN":"58-2155-31","SitusAddress":"1632 CEDAR ST BERKELEY 94703"}},{"type":"Feature","geometry":{"type":"Polygon","coordinates":[[[-122.264763,37.879238],[-122.265041,37.879199],[-122.265214,37.879174],[-122.26523,37.879339],[-122.264778,37.879403],[-122.264763,37.879238]]]},"properties":{"APN":"59-2255-11","SitusAddress":"1538 ARCH ST BERKELEY 94708"}},{"type":"Feature","geometry":{"type":"Polygon","coordinates":[[[-122.255581,37.880911],[-122.255542,37.880575],[-122.255882,37.880432],[-122.255914,37.880478],[-122.25597,37.880509],[-122.255839,37.880602],[-122.256045,37.881014],[-122.255597,37.881048],[-122.255581,37.880911]]]},"properties":{"APN":"58-2242-83-2","SitusAddress":"2804 BUENA VISTA WAY BERKELEY 94708"}},{"type":"Feature","geometry":{"type":"Polygon","coordinates":[[[-122.27873,37.876821],[-122.278719,37.876729],[-122.27883,37.876716],[-122.278855,37.876713],[-122.278901,37.877077],[-122.278764,37.877095],[-122.27873,37.876821]]]},"properties":{"APN":"58-2155-32","SitusAddress":"1636 CEDAR ST BERKELEY 94703"}},{"type":"Feature","geometry":{"type":"Polygon","coordinates":[[[-122.265214,37.879174],[-122.2652,37.879013],[-122.265357,37.87899],[-122.265376,37.879214],[-122.265385,37.87932],[-122.26523,37.879339],[-122.265214,37.879174]]]},"properties":{"APN":"59-2255-14","SitusAddress":"2267 CEDAR ST BERKELEY 94709"}},{"type":"Feature","geometry":{"type":"Polygon","coordinates":[[[-122.263226,37.878057],[-122.263337,37.878043],[-122.263377,37.87823],[-122.263265,37.878246],[-122.263226,37.878057]]]},"properties":{"APN":"58-2187-48","SitusAddress":" HILGARD AVE BERKELEY 94709"}},{"type":"Feature","geometry":{"type":"Polygon","coordinates":[[[-122.255542,37.880575],[-122.255495,37.880203],[-122.255614,37.880188],[-122.255582,37.879911],[-122.255566,37.879769],[-122.255766,37.879742],[-122.255766,37.879742],[-122.255942,37.879718],[-122.255943,37.879718],[-122.255944,37.879724],[-122.256016,37.880057],[-122.256031,37.880135],[-122.256337,37.880096],[-122.256292,37.880181],[-122.256276,37.880248],[-122.256225,37.880278],[-122.256214,37.880315],[-122.256228,37.88034],[-122.256275,37.880358],[-122.256276,37.88036],[-122.256325,37.880466],[-122.25597,37.880509],[-122.255914,37.880478],[-122.255882,37.880432],[-122.255542,37.880575]]]},"properties":{"APN":"58-2242-89-1","SitusAddress":"2798 BUENA VISTA WAY BERKELEY 94708"}},{"type":"Feature","geometry":{"type":"Polygon","coordinates":[[[-122.265357,37.87899],[-122.265654,37.878949],[-122.265677,37.879175],[-122.265376,37.879214],[-122.265357,37.87899]]]},"properties":{"APN":"59-2255-15","SitusAddress":"1569 SPRUCE ST BERKELEY 94709"}},{"type":"Feature","geometry":{"type":"Polygon","coordinates":[[[-122.256337,37.880096],[-122.256381,37.88009],[-122.256335,37.880162],[-122.256311,37.880249],[-122.256346,37.880281],[-122.256352,37.880311],[-122.256334,37.880338],[-122.256314,37.880352],[-122.256309,37.880353],[-122.256281,37.880359],[-122.256276,37.88036],[-122.256275,37.880358],[-122.256228,37.88034],[-122.256214,37.880315],[-122.256225,37.880278],[-122.256276,37.880248],[-122.256292,37.880181],[-122.256337,37.880096]]]},"properties":{"APN":"58-2242-90-1","SitusAddress":" CEDAR ST BERKELEY 94708"}},{"type":"Feature","geometry":{"type":"Polygon","coordinates":[[[-122.278588,37.876837],[-122.27873,37.876821],[-122.278764,37.877095],[-122.278621,37.877113],[-122.278588,37.876837]]]},"properties":{"APN":"58-2155-33","SitusAddress":"1640 CEDAR ST BERKELEY 94703"}},{"type":"Feature","geometry":{"type":"Polygon","coordinates":[[[-122.265376,37.879214],[-122.265677,37.879175],[-122.265691,37.87928],[-122.265385,37.87932],[-122.265376,37.879214]]]},"properties":{"APN":"59-2255-16","SitusAddress":"1543 SPRUCE ST BERKELEY 94709"}},{"type":"Feature","geometry":{"type":"Polygon","coordinates":[[[-122.263966,37.877062],[-122.264147,37.877038],[-122.264159,37.877134],[-122.264156,37.877172],[-122.264133,37.877213],[-122.264095,37.877243],[-122.264055,37.877258],[-122.26401,37.877265],[-122.263966,37.877062]]]},"properties":{"APN":"58-2188-1","SitusAddress":"1717 ARCH ST BERKELEY 94709"}},{"type":"Feature","geometry":{"type":"Polygon","coordinates":[[[-122.256588,37.880815],[-122.256774,37.88063],[-122.256931,37.880774],[-122.25719,37.880655],[-122.257196,37.88068],[-122.256716,37.8809],[-122.256588,37.880815]]]},"properties":{"APN":"58-2242-93-1","SitusAddress":"2790 BUENA VISTA WAY BERKELEY 94708"}},{"type":"Feature","geometry":{"type":"Polygon","coordinates":[[[-122.26523,37.879339],[-122.265385,37.87932],[-122.265691,37.87928],[-122.265706,37.87939],[-122.265245,37.879456],[-122.26523,37.879339]]]},"properties":{"APN":"59-2255-17","SitusAddress":"1535 SPRUCE ST BERKELEY 94709"}},{"type":"Feature","geometry":{"type":"Polygon","coordinates":[[[-122.256476,37.880732],[-122.256431,37.880708],[-122.256325,37.880466],[-122.256276,37.88036],[-122.256281,37.880359],[-122.256309,37.880353],[-122.256314,37.880352],[-122.25631,37.880355],[-122.256613,37.880364],[-122.256889,37.880303],[-122.256914,37.880343],[-122.25663,37.880401],[-122.256774,37.88063],[-122.256588,37.880815],[-122.256482,37.880744],[-122.256476,37.880732]]]},"properties":{"APN":"58-2242-94-6","SitusAddress":"1589 LA VEREDA RD BERKELEY 94708"}},{"type":"Feature","geometry":{"type":"Polygon","coordinates":[[[-122.278467,37.876975],[-122.278452,37.876853],[-122.278588,37.876837],[-122.278621,37.877113],[-122.278486,37.877129],[-122.278467,37.876975]]]},"properties":{"APN":"58-2155-34","SitusAddress":"1642 CEDAR ST BERKELEY 94703"}},{"type":"Feature","geometry":{"type":"Polygon","coordinates":[[[-122.26526,37.879563],[-122.265717,37.879504],[-122.265728,37.879607],[-122.265272,37.879666],[-122.26526,37.879563]]]},"properties":{"APN":"59-2255-19","SitusAddress":"1529 SPRUCE ST BERKELEY 94709"}},{"type":"Feature","geometry":{"type":"Polygon","coordinates":[[[-122.25631,37.880355],[-122.256314,37.880352],[-122.256334,37.880338],[-122.256352,37.880311],[-122.256346,37.880281],[-122.256311,37.880249],[-122.256335,37.880162],[-122.256381,37.88009],[-122.256684,37.880049],[-122.256717,37.880063],[-122.256763,37.880122],[-122.256658,37.880114],[-122.256637,37.880113],[-122.256607,37.880114],[-122.256597,37.880115],[-122.256554,37.880125],[-122.256613,37.880364],[-122.25631,37.880355]]]},"properties":{"APN":"58-2242-97","SitusAddress":"1595 LA VEREDA RD BERKELEY 94708"}},{"type":"Feature","geometry":{"type":"Polygon","coordinates":[[[-122.26374,37.877121],[-122.263719,37.877124],[-122.263713,37.877096],[-122.263966,37.877062],[-122.26401,37.877265],[-122.263897,37.877281],[-122.263859,37.877105],[-122.26374,37.877121]]]},"properties":{"APN":"58-2188-2","SitusAddress":"2306 VIRGINIA ST BERKELEY 94709"}},{"type":"Feature","geometry":{"type":"Polygon","coordinates":[[[-122.265272,37.879666],[-122.265728,37.879607],[-122.265746,37.879771],[-122.265288,37.879831],[-122.265272,37.879666]]]},"properties":{"APN":"59-2255-20","SitusAddress":"1525 SPRUCE ST BERKELEY 94709"}},{"type":"Feature","geometry":{"type":"Polygon","coordinates":[[[-122.256763,37.880122],[-122.256889,37.880303],[-122.256613,37.880364],[-122.256554,37.880125],[-122.256597,37.880115],[-122.256607,37.880114],[-122.256637,37.880113],[-122.256658,37.880114],[-122.256763,37.880122]]]},"properties":{"APN":"58-2242-98","SitusAddress":"1591 LA VEREDA RD BERKELEY 94708"}},{"type":"Feature","geometry":{"type":"Polygon","coordinates":[[[-122.278219,37.876175],[-122.278542,37.876135],[-122.278561,37.876215],[-122.278231,37.876257],[-122.278219,37.876175]]]},"properties":{"APN":"58-2156-1","SitusAddress":"1630 MCGEE AVE BERKELEY 94703"}},{"type":"Feature","geometry":{"type":"Polygon","coordinates":[[[-122.256914,37.880343],[-122.257019,37.880514],[-122.256774,37.88063],[-122.25663,37.880401],[-122.256914,37.880343]]]},"properties":{"APN":"58-2242-99","SitusAddress":"1585 LA VEREDA RD BERKELEY 94708"}},{"type":"Feature","geometry":{"type":"Polygon","coordinates":[[[-122.265258,37.880281],[-122.265245,37.880172],[-122.26523,37.880062],[-122.265217,37.879957],[-122.265202,37.87984],[-122.265288,37.879831],[-122.265746,37.879771],[-122.265801,37.880258],[-122.26535,37.880316],[-122.265346,37.880266],[-122.265258,37.880281]]]},"properties":{"APN":"59-2255-21-1","SitusAddress":"1517 SPRUCE ST BERKELEY 94709"}},{"type":"Feature","geometry":{"type":"Polygon","coordinates":[[[-122.26374,37.877121],[-122.263859,37.877105],[-122.263897,37.877281],[-122.263778,37.877297],[-122.26374,37.877121]]]},"properties":{"APN":"58-2188-3","SitusAddress":"2324 VIRGINIA ST BERKELEY 94709"}},{"type":"Feature","geometry":{"type":"Polygon","coordinates":[[[-122.256774,37.88063],[-122.257019,37.880514],[-122.257067,37.880566],[-122.257113,37.880601],[-122.257169,37.880621],[-122.25719,37.880655],[-122.256931,37.880774],[-122.256774,37.88063]]]},"properties":{"APN":"58-2242-100","SitusAddress":"1575 LA VEREDA RD BERKELEY 94708"}},{"type":"Feature","geometry":{"type":"Polygon","coordinates":[[[-122.265412,37.880425],[-122.265816,37.880372],[-122.265827,37.880479],[-122.265426,37.880528],[-122.265412,37.880425]]]},"properties":{"APN":"59-2255-24","SitusAddress":"1505 SPRUCE ST BERKELEY 94709"}},{"type":"Feature","geometry":{"type":"Polygon","coordinates":[[[-122.257076,37.881039],[-122.256974,37.880821],[-122.257209,37.880706],[-122.257262,37.88068],[-122.257433,37.880961],[-122.257119,37.8811],[-122.257076,37.881039]]]},"properties":{"APN":"58-2242-101","SitusAddress":"1565 LA VEREDA RD BERKELEY 94708"}},{"type":"Feature","geometry":{"type":"Polygon","coordinates":[[[-122.278212,37.876095],[-122.278545,37.876048],[-122.278544,37.876071],[-122.278544,37.876087],[-122.278543,37.876101],[-122.278542,37.876135],[-122.278219,37.876175],[-122.278212,37.876095]]]},"properties":{"APN":"58-2156-2","SitusAddress":"1632 MCGEE AVE BERKELEY 94703"}},{"type":"Feature","geometry":{"type":"Polygon","coordinates":[[[-122.265006,37.879042],[-122.265041,37.879199],[-122.264763,37.879238],[-122.264744,37.879078],[-122.265006,37.879042]]]},"properties":{"APN":"59-2255-29","SitusAddress":" CEDAR ST BERKELEY 94709"}},{"type":"Feature","geometry":{"type":"Polygon","coordinates":[[[-122.263568,37.876977],[-122.263684,37.876961],[-122.263713,37.877096],[-122.263719,37.877124],[-122.26374,37.877121],[-122.263778,37.877297],[-122.263641,37.877316],[-122.263568,37.876977]]]},"properties":{"APN":"58-2188-4","SitusAddress":"2332 VIRGINIA ST BERKELEY 94709"}},{"type":"Feature","geometry":{"type":"Polygon","coordinates":[[[-122.25748,37.8812],[-122.257527,37.881039],[-122.257296,37.880665],[-122.257413,37.880613],[-122.257543,37.880839],[-122.257642,37.880802],[-122.257665,37.880872],[-122.257708,37.880851],[-122.257727,37.881027],[-122.257741,37.88115],[-122.257686,37.881245],[-122.257606,37.881228],[-122.25748,37.8812]]]},"properties":{"APN":"58-2242-103","SitusAddress":"1555 LA VEREDA RD BERKELEY 94708"}},{"type":"Feature","geometry":{"type":"Polygon","coordinates":[[[-122.265006,37.879042],[-122.2652,37.879013],[-122.265214,37.879174],[-122.265041,37.879199],[-122.265006,37.879042]]]},"properties":{"APN":"59-2255-34","SitusAddress":"2271 CEDAR ST BERKELEY 94709"}},{"type":"Feature","geometry":{"type":"Polygon","coordinates":[[[-122.278201,37.875994],[-122.278522,37.87595],[-122.278533,37.875996],[-122.278545,37.876048],[-122.278212,37.876095],[-122.278201,37.875994]]]},"properties":{"APN":"58-2156-3","SitusAddress":"1634 MCGEE AVE BERKELEY 94703"}},{"type":"Feature","geometry":{"type":"Polygon","coordinates":[[[-122.26535,37.880316],[-122.265801,37.880258],[-122.265816,37.880372],[-122.265412,37.880425],[-122.26536,37.880429],[-122.26535,37.880316]]]},"properties":{"APN":"59-2255-39","SitusAddress":"1507 SPRUCE ST BERKELEY 94709"}},{"type":"Feature","geometry":{"type":"Polygon","coordinates":[[[-122.263415,37.876998],[-122.263568,37.876977],[-122.263641,37.877316],[-122.263488,37.877336],[-122.263415,37.876998]]]},"properties":{"APN":"58-2188-5","SitusAddress":"2340 VIRGINIA ST BERKELEY 94709"}},{"type":"Feature","geometry":{"type":"Polygon","coordinates":[[[-122.257413,37.880613],[-122.257558,37.880545],[-122.257642,37.880802],[-122.257543,37.880839],[-122.257413,37.880613]]]},"properties":{"APN":"58-2242-104","SitusAddress":"1553 LA VEREDA RD BERKELEY 94708"}},{"type":"Feature","geometry":{"type":"Polygon","coordinates":[[[-122.265255,37.879508],[-122.265245,37.879456],[-122.265706,37.87939],[-122.265717,37.879504],[-122.26526,37.879563],[-122.265255,37.879508]]]},"properties":{"APN":"59-2255-44","SitusAddress":"1531 SPRUCE ST BERKELEY 94709"}},{"type":"Feature","geometry":{"type":"Polygon","coordinates":[[[-122.278186,37.875883],[-122.278298,37.875867],[-122.278345,37.875861],[-122.278457,37.875845],[-122.278571,37.87583],[-122.278583,37.875828],[-122.278605,37.875942],[-122.278522,37.87595],[-122.278201,37.875994],[-122.278186,37.875883]]]},"properties":{"APN":"58-2156-4","SitusAddress":"1636 MCGEE AVE BERKELEY 94703"}},{"type":"Feature","geometry":{"type":"Polygon","coordinates":[[[-122.257642,37.880802],[-122.257558,37.880545],[-122.257591,37.88053],[-122.257655,37.880518],[-122.257729,37.880519],[-122.257799,37.880536],[-122.257838,37.880845],[-122.257708,37.880851],[-122.257665,37.880872],[-122.257642,37.880802]]]},"properties":{"APN":"58-2242-105","SitusAddress":"1551 LA VEREDA RD BERKELEY 94708"}},{"type":"Feature","geometry":{"type":"Polygon","coordinates":[[[-122.263244,37.877021],[-122.263415,37.876998],[-122.263488,37.877336],[-122.263317,37.87736],[-122.263244,37.877021]]]},"properties":{"APN":"58-2188-6","SitusAddress":"2352 VIRGINIA ST BERKELEY 94709"}},{"type":"Feature","geometry":{"type":"Polygon","coordinates":[[[-122.266471,37.880343],[-122.266459,37.880234],[-122.266596,37.880216],[-122.266611,37.880353],[-122.266627,37.88049],[-122.26649,37.880507],[-122.266471,37.880343]]]},"properties":{"APN":"59-2256-2","SitusAddress":"2210 VINE ST BERKELEY 94709"}},{"type":"Feature","geometry":{"type":"Polygon","coordinates":[[[-122.257799,37.880536],[-122.258055,37.880608],[-122.258104,37.880831],[-122.257838,37.880845],[-122.257799,37.880536]]]},"properties":{"APN":"58-2242-106-2","SitusAddress":"1525 LA LOMA AVE BERKELEY 94708"}},{"type":"Feature","geometry":{"type":"Polygon","coordinates":[[[-122.278267,37.875497],[-122.278345,37.875861],[-122.278298,37.875867],[-122.278186,37.875883],[-122.278144,37.875513],[-122.278267,37.875497]]]},"properties":{"APN":"58-2156-5","SitusAddress":"1647 VIRGINIA ST BERKELEY 94703"}},{"type":"Feature","geometry":{"type":"Polygon","coordinates":[[[-122.2663,37.880365],[-122.266471,37.880343],[-122.26649,37.880507],[-122.266318,37.880529],[-122.2663,37.880365]]]},"properties":{"APN":"59-2256-3","SitusAddress":"2214 VINE ST BERKELEY 94709"}},{"type":"Feature","geometry":{"type":"Polygon","coordinates":[[[-122.257708,37.880851],[-122.257838,37.880845],[-122.258104,37.880831],[-122.258119,37.88087],[-122.258134,37.880911],[-122.258155,37.880952],[-122.258186,37.880993],[-122.257727,37.881027],[-122.257708,37.880851]]]},"properties":{"APN":"58-2242-107","SitusAddress":"1521 LA LOMA AVE BERKELEY 94708"}},{"type":"Feature","geometry":{"type":"Polygon","coordinates":[[[-122.263093,37.877139],[-122.263073,37.877044],[-122.263244,37.877021],[-122.263317,37.87736],[-122.263146,37.877383],[-122.263093,37.877139]]]},"properties":{"APN":"58-2188-7","SitusAddress":"2366 VIRGINIA ST BERKELEY 94709"}},{"type":"Feature","geometry":{"type":"Polygon","coordinates":[[[-122.26603,37.880399],[-122.2663,37.880365],[-122.266318,37.880529],[-122.266048,37.880563],[-122.26603,37.880399]]]},"properties":{"APN":"59-2256-4","SitusAddress":"1500 SPRUCE ST BERKELEY 94709"}},{"type":"Feature","geometry":{"type":"Polygon","coordinates":[[[-122.257848,37.88129],[-122.257686,37.881245],[-122.257741,37.88115],[-122.257727,37.881027],[-122.258186,37.880993],[-122.258299,37.881149],[-122.258307,37.881201],[-122.2583,37.88127],[-122.258239,37.881399],[-122.257848,37.88129]]]},"properties":{"APN":"58-2242-108-2","SitusAddress":"1515 LA LOMA AVE BERKELEY 94708"}},{"type":"Feature","geometry":{"type":"Polygon","coordinates":[[[-122.278267,37.875497],[-122.278382,37.875481],[-122.278457,37.875845],[-122.278345,37.875861],[-122.278267,37.875497]]]},"properties":{"APN":"58-2156-6","SitusAddress":"1645 VIRGINIA ST BERKELEY 94703"}},{"type":"Feature","geometry":{"type":"Polygon","coordinates":[[[-122.266014,37.880263],[-122.266456,37.880206],[-122.266459,37.880234],[-122.266471,37.880343],[-122.2663,37.880365],[-122.26603,37.880399],[-122.266014,37.880263]]]},"properties":{"APN":"59-2256-5","SitusAddress":"1508 SPRUCE ST BERKELEY 94709"}},{"type":"Feature","geometry":{"type":"Polygon","coordinates":[[[-122.262923,37.877162],[-122.263093,37.877139],[-122.263146,37.877383],[-122.262975,37.877406],[-122.262923,37.877162]]]},"properties":{"APN":"58-2188-8","SitusAddress":"2378 VIRGINIA ST BERKELEY 94709"}},{"type":"Feature","geometry":{"type":"Polygon","coordinates":[[[-122.26644,37.880069],[-122.266447,37.880124],[-122.266456,37.880206],[-122.266014,37.880263],[-122.265999,37.880126],[-122.26644,37.880069]]]},"properties":{"APN":"59-2256-6","SitusAddress":"1510 SPRUCE ST BERKELEY 94709"}},{"type":"Feature","geometry":{"type":"Polygon","coordinates":[[[-122.278382,37.875481],[-122.2785,37.875467],[-122.278571,37.87583],[-122.278457,37.875845],[-122.278382,37.875481]]]},"properties":{"APN":"58-2156-7","SitusAddress":"1643 VIRGINIA ST BERKELEY 94703"}},{"type":"Feature","geometry":{"type":"Polygon","coordinates":[[[-122.266429,37.879969],[-122.26644,37.880069],[-122.265999,37.880126],[-122.265987,37.880026],[-122.266429,37.879969]]]},"properties":{"APN":"59-2256-7","SitusAddress":"1512 SPRUCE ST BERKELEY 94709"}},{"type":"Feature","geometry":{"type":"Polygon","coordinates":[[[-122.262752,37.877185],[-122.262923,37.877162],[-122.262975,37.877406],[-122.262805,37.877429],[-122.262752,37.877185]]]},"properties":{"APN":"58-2188-9","SitusAddress":"1700 SCENIC AVE BERKELEY 94709"}},{"type":"Feature","geometry":{"type":"Polygon","coordinates":[[[-122.266418,37.879869],[-122.266429,37.879969],[-122.265987,37.880026],[-122.265976,37.879925],[-122.266418,37.879869]]]},"properties":{"APN":"59-2256-8","SitusAddress":"1516 SPRUCE ST BERKELEY 94709"}},{"type":"Feature","geometry":{"type":"Polygon","coordinates":[[[-122.2785,37.875467],[-122.278671,37.875444],[-122.27874,37.875809],[-122.278718,37.875812],[-122.278583,37.875828],[-122.278571,37.87583],[-122.2785,37.875467]]]},"properties":{"APN":"58-2156-8","SitusAddress":"1641 VIRGINIA ST BERKELEY 94703"}},{"type":"Feature","geometry":{"type":"Polygon","coordinates":[[[-122.265964,37.879825],[-122.266425,37.879766],[-122.266425,37.879766],[-122.266434,37.879848],[-122.266434,37.879848],[-122.266416,37.879851],[-122.266418,37.879869],[-122.265976,37.879925],[-122.265964,37.879825]]]},"properties":{"APN":"59-2256-9","SitusAddress":"1520 SPRUCE ST BERKELEY 94709"}},{"type":"Feature","geometry":{"type":"Polygon","coordinates":[[[-122.262731,37.877091],[-122.263073,37.877044],[-122.263093,37.877139],[-122.262923,37.877162],[-122.262752,37.877185],[-122.262731,37.877091]]]},"properties":{"APN":"58-2188-10","SitusAddress":"1730 SCENIC AVE BERKELEY 94709"}},{"type":"Feature","geometry":{"type":"Polygon","coordinates":[[[-122.278671,37.875444],[-122.278811,37.875426],[-122.278887,37.875789],[-122.27874,37.875809],[-122.278671,37.875444]]]},"properties":{"APN":"58-2156-9","SitusAddress":"1639 VIRGINIA ST BERKELEY 94703"}},{"type":"Feature","geometry":{"type":"Polygon","coordinates":[[[-122.265946,37.879661],[-122.266406,37.879602],[-122.266425,37.879766],[-122.266425,37.879766],[-122.265964,37.879825],[-122.265946,37.879661]]]},"properties":{"APN":"59-2256-10","SitusAddress":"1522 SPRUCE ST BERKELEY 94709"}},{"type":"Feature","geometry":{"type":"Polygon","coordinates":[[[-122.262585,37.876414],[-122.263217,37.876472],[-122.26322,37.876449],[-122.263479,37.876474],[-122.263444,37.876707],[-122.264102,37.876658],[-122.264131,37.876901],[-122.263684,37.876961],[-122.263568,37.876977],[-122.263415,37.876998],[-122.263244,37.877021],[-122.263073,37.877044],[-122.262731,37.877091],[-122.262585,37.876414]]]},"properties":{"APN":"58-2188-11-4","SitusAddress":"1798 SCENIC AVE BERKELEY 94709"}},{"type":"Feature","geometry":{"type":"Polygon","coordinates":[[[-122.266375,37.879329],[-122.266391,37.879465],[-122.26593,37.879524],[-122.265915,37.879387],[-122.266375,37.879329]]]},"properties":{"APN":"59-2256-12","SitusAddress":"1532 SPRUCE ST BERKELEY 94709"}},{"type":"Feature","geometry":{"type":"Polygon","coordinates":[[[-122.278811,37.875426],[-122.278999,37.875403],[-122.279039,37.87577],[-122.278906,37.875786],[-122.278887,37.875789],[-122.278811,37.875426]]]},"properties":{"APN":"58-2156-10","SitusAddress":"1635 VIRGINIA ST BERKELEY 94703"}},{"type":"Feature","geometry":{"type":"Polygon","coordinates":[[[-122.265899,37.879251],[-122.266171,37.879216],[-122.26636,37.879192],[-122.26636,37.879192],[-122.266375,37.879329],[-122.265915,37.879387],[-122.265899,37.879251]]]},"properties":{"APN":"59-2256-13","SitusAddress":"1540 SPRUCE ST BERKELEY 94709"}},{"type":"Feature","geometry":{"type":"Polygon","coordinates":[[[-122.263684,37.876961],[-122.264131,37.876901],[-122.264147,37.877038],[-122.263966,37.877062],[-122.263713,37.877096],[-122.263684,37.876961]]]},"properties":{"APN":"58-2188-12","SitusAddress":"1729 ARCH ST BERKELEY 94709"}},{"type":"Feature","geometry":{"type":"Polygon","coordinates":[[[-122.265883,37.879103],[-122.266148,37.879069],[-122.266148,37.879069],[-122.266171,37.879216],[-122.265899,37.879251],[-122.265883,37.879103]]]},"properties":{"APN":"59-2256-14","SitusAddress":"1544 SPRUCE ST BERKELEY 94709"}},{"type":"Feature","geometry":{"type":"Polygon","coordinates":[[[-122.278999,37.875403],[-122.279134,37.875384],[-122.279177,37.87575],[-122.279039,37.87577],[-122.278999,37.875403]]]},"properties":{"APN":"58-2156-11","SitusAddress":"1625 VIRGINIA ST BERKELEY 94703"}},{"type":"Feature","geometry":{"type":"Polygon","coordinates":[[[-122.266117,37.87889],[-122.266148,37.879069],[-122.266148,37.879069],[-122.265883,37.879103],[-122.265862,37.878922],[-122.266117,37.87889]]]},"properties":{"APN":"59-2256-15","SitusAddress":"2231 CEDAR ST BERKELEY 94709"}},{"type":"Feature","geometry":{"type":"Polygon","coordinates":[[[-122.262585,37.876414],[-122.262576,37.876372],[-122.262616,37.87621],[-122.262975,37.875808],[-122.263328,37.876006],[-122.263487,37.87596],[-122.264013,37.875921],[-122.264102,37.876658],[-122.263444,37.876707],[-122.263479,37.876474],[-122.26322,37.876449],[-122.263217,37.876472],[-122.262585,37.876414]]]},"properties":{"APN":"58-2189-1-4","SitusAddress":"1807 ARCH ST BERKELEY 94709"}},{"type":"Feature","geometry":{"type":"Polygon","coordinates":[[[-122.279134,37.875384],[-122.279263,37.875367],[-122.27931,37.875734],[-122.279177,37.87575],[-122.279134,37.875384]]]},"properties":{"APN":"58-2156-12","SitusAddress":"1623 VIRGINIA ST BERKELEY 94703"}},{"type":"Feature","geometry":{"type":"Polygon","coordinates":[[[-122.266148,37.879069],[-122.266148,37.879069],[-122.266148,37.879069],[-122.266117,37.87889],[-122.266322,37.878864],[-122.266344,37.879055],[-122.266356,37.879158],[-122.26636,37.879192],[-122.26636,37.879192],[-122.266171,37.879216],[-122.266148,37.879069]]]},"properties":{"APN":"59-2256-16","SitusAddress":"2215 CEDAR ST BERKELEY 94709"}},{"type":"Feature","geometry":{"type":"Polygon","coordinates":[[[-122.257488,37.880488],[-122.257429,37.880264],[-122.257416,37.880219],[-122.257744,37.880182],[-122.257754,37.880235],[-122.257802,37.88031],[-122.257873,37.880388],[-122.257992,37.880474],[-122.258003,37.880496],[-122.257989,37.880508],[-122.257766,37.880443],[-122.257684,37.88044],[-122.257584,37.88045],[-122.257488,37.880488]]]},"properties":{"APN":"58-2242-110","SitusAddress":"1550 LA VEREDA RD BERKELEY 94708"}},{"type":"Feature","geometry":{"type":"Polygon","coordinates":[[[-122.266442,37.878848],[-122.266464,37.87904],[-122.266344,37.879055],[-122.266322,37.878864],[-122.266442,37.878848]]]},"properties":{"APN":"59-2256-17","SitusAddress":"2209 CEDAR ST BERKELEY 94709"}},{"type":"Feature","geometry":{"type":"Polygon","coordinates":[[[-122.279263,37.875367],[-122.279484,37.87534],[-122.279526,37.875708],[-122.279454,37.875715],[-122.27931,37.875734],[-122.279263,37.875367]]]},"properties":{"APN":"58-2156-13","SitusAddress":"1619 VIRGINIA ST BERKELEY 94703"}},{"type":"Feature","geometry":{"type":"Polygon","coordinates":[[[-122.257005,37.880315],[-122.257429,37.880264],[-122.257488,37.880488],[-122.257359,37.880541],[-122.257309,37.880557],[-122.25725,37.880553],[-122.257184,37.880539],[-122.257128,37.880503],[-122.257005,37.880315]]]},"properties":{"APN":"58-2242-113","SitusAddress":"1570 LA VEREDA RD BERKELEY 94708"}},{"type":"Feature","geometry":{"type":"Polygon","coordinates":[[[-122.262975,37.875808],[-122.263053,37.875731],[-122.263487,37.87596],[-122.263328,37.876006],[-122.262975,37.875808]]]},"properties":{"APN":"58-2189-2","SitusAddress":"2369 LE CONTE AVE BERKELEY 94709"}},{"type":"Feature","geometry":{"type":"Polygon","coordinates":[[[-122.266344,37.879055],[-122.266464,37.87904],[-122.266442,37.878848],[-122.266783,37.878805],[-122.266816,37.879099],[-122.266356,37.879158],[-122.266344,37.879055]]]},"properties":{"APN":"59-2256-18-1","SitusAddress":"1555 OXFORD ST BERKELEY 94709"}},{"type":"Feature","geometry":{"type":"Polygon","coordinates":[[[-122.279484,37.87534],[-122.279692,37.875313],[-122.279737,37.875677],[-122.279592,37.875698],[-122.279526,37.875708],[-122.279484,37.87534]]]},"properties":{"APN":"58-2156-14","SitusAddress":"1615 VIRGINIA ST BERKELEY 94703"}},{"type":"Feature","geometry":{"type":"Polygon","coordinates":[[[-122.257409,37.879939],[-122.257639,37.87991],[-122.257685,37.879903],[-122.257744,37.880182],[-122.257416,37.880219],[-122.257429,37.880264],[-122.257005,37.880315],[-122.25684,37.880062],[-122.256834,37.880045],[-122.256846,37.880024],[-122.256877,37.88001],[-122.257409,37.879939]]]},"properties":{"APN":"58-2242-114","SitusAddress":"1590 LA VEREDA RD BERKELEY 94708"}},{"type":"Feature","geometry":{"type":"Polygon","coordinates":[[[-122.263053,37.875731],[-122.263142,37.87563],[-122.263522,37.875848],[-122.263487,37.87596],[-122.263053,37.875731]]]},"properties":{"APN":"58-2189-3","SitusAddress":"2365 LE CONTE AVE BERKELEY 94709"}},{"type":"Feature","geometry":{"type":"Polygon","coordinates":[[[-122.256425,37.881835],[-122.25654,37.881826],[-122.256611,37.881866],[-122.256702,37.881858],[-122.256702,37.881901],[-122.256702,37.88191],[-122.256686,37.881985],[-122.256667,37.882061],[-122.256656,37.882102],[-122.256391,37.882121],[-122.256404,37.882046],[-122.256419,37.881956],[-122.256425,37.881835]]]},"properties":{"APN":"58-2242-115-1","SitusAddress":"2851 BUENA VISTA WAY BERKELEY 94708"}},{"type":"Feature","geometry":{"type":"Polygon","coordinates":[[[-122.266375,37.879329],[-122.26636,37.879192],[-122.26636,37.879192],[-122.26636,37.879192],[-122.266356,37.879158],[-122.266816,37.879099],[-122.266851,37.879407],[-122.266391,37.879465],[-122.266375,37.879329]]]},"properties":{"APN":"59-2256-22-1","SitusAddress":"1541 OXFORD ST BERKELEY 94709"}},{"type":"Feature","geometry":{"type":"Polygon","coordinates":[[[-122.279692,37.875313],[-122.279835,37.875293],[-122.279874,37.875622],[-122.279878,37.875659],[-122.279737,37.875677],[-122.279692,37.875313]]]},"properties":{"APN":"58-2156-15","SitusAddress":"1613 VIRGINIA ST BERKELEY 94703"}},{"type":"Feature","geometry":{"type":"Polygon","coordinates":[[[-122.256425,37.881835],[-122.256426,37.881766],[-122.256673,37.881657],[-122.256704,37.881798],[-122.256702,37.881858],[-122.256611,37.881866],[-122.25654,37.881826],[-122.256425,37.881835]]]},"properties":{"APN":"58-2242-116","SitusAddress":"2845 BUENA VISTA WAY BERKELEY 94708"}},{"type":"Feature","geometry":{"type":"Polygon","coordinates":[[[-122.263142,37.87563],[-122.263301,37.875454],[-122.263601,37.875626],[-122.263557,37.87574],[-122.263522,37.875848],[-122.263142,37.87563]]]},"properties":{"APN":"58-2189-4","SitusAddress":"2357 LE CONTE AVE BERKELEY 94709"}},{"type":"Feature","geometry":{"type":"Polygon","coordinates":[[[-122.256185,37.883446],[-122.256446,37.883309],[-122.256651,37.883562],[-122.256655,37.883727],[-122.256396,37.883761],[-122.256352,37.883767],[-122.256344,37.883768],[-122.256185,37.883446]]]},"properties":{"APN":"58-2242-117","SitusAddress":"2901 BUENA VISTA WAY BERKELEY 94708"}},{"type":"Feature","geometry":{"type":"Polygon","coordinates":[[[-122.279835,37.875293],[-122.279972,37.875276],[-122.279993,37.875444],[-122.280012,37.875576],[-122.279977,37.87558],[-122.279979,37.875606],[-122.279874,37.875622],[-122.279835,37.875293]]]},"properties":{"APN":"58-2156-16","SitusAddress":"1609 VIRGINIA ST BERKELEY 94703"}},{"type":"Feature","geometry":{"type":"Polygon","coordinates":[[[-122.266456,37.880206],[-122.266447,37.880124],[-122.266926,37.880063],[-122.266938,37.880173],[-122.266596,37.880216],[-122.266459,37.880234],[-122.266456,37.880206]]]},"properties":{"APN":"59-2256-25","SitusAddress":"1505 OXFORD ST BERKELEY 94709"}},{"type":"Feature","geometry":{"type":"Polygon","coordinates":[[[-122.256446,37.883309],[-122.256549,37.883267],[-122.25665,37.883238],[-122.256792,37.883363],[-122.256677,37.88342],[-122.256678,37.883553],[-122.256651,37.883562],[-122.256446,37.883309]]]},"properties":{"APN":"58-2242-118","SitusAddress":"2899 BUENA VISTA WAY BERKELEY 94708"}},{"type":"Feature","geometry":{"type":"Polygon","coordinates":[[[-122.263301,37.875454],[-122.263402,37.875342],[-122.263652,37.875488],[-122.263642,37.875513],[-122.263601,37.875626],[-122.263301,37.875454]]]},"properties":{"APN":"58-2189-5","SitusAddress":"2321 LE CONTE AVE BERKELEY 94709"}},{"type":"Feature","geometry":{"type":"Polygon","coordinates":[[[-122.266938,37.880173],[-122.266954,37.880309],[-122.266611,37.880353],[-122.266596,37.880216],[-122.266938,37.880173]]]},"properties":{"APN":"59-2256-26","SitusAddress":"1503 OXFORD ST BERKELEY 94709"}},{"type":"Feature","geometry":{"type":"Polygon","coordinates":[[[-122.258297,37.883259],[-122.258559,37.883303],[-122.258581,37.88347],[-122.258097,37.883533],[-122.258213,37.883398],[-122.258297,37.883259]]]},"properties":{"APN":"58-2243-1-3","SitusAddress":"1401 GREENWOOD TER BERKELEY 94708"}},{"type":"Feature","geometry":{"type":"Polygon","coordinates":[[[-122.279972,37.875276],[-122.280189,37.875249],[-122.280207,37.875416],[-122.279993,37.875444],[-122.279972,37.875276]]]},"properties":{"APN":"58-2156-17","SitusAddress":"1651 CALIFORNIA ST BERKELEY 94703"}},{"type":"Feature","geometry":{"type":"Polygon","coordinates":[[[-122.26644,37.880069],[-122.266429,37.879969],[-122.266418,37.879869],[-122.266416,37.879851],[-122.266434,37.879848],[-122.266434,37.879848],[-122.266434,37.879848],[-122.266895,37.87979],[-122.266926,37.880063],[-122.266447,37.880124],[-122.26644,37.880069]]]},"properties":{"APN":"59-2256-39","SitusAddress":"1515 OXFORD ST BERKELEY 94709"}},{"type":"Feature","geometry":{"type":"Polygon","coordinates":[[[-122.258367,37.882588],[-122.258385,37.882586],[-122.258666,37.882549],[-122.258693,37.882718],[-122.258394,37.882752],[-122.258388,37.88267],[-122.258367,37.882588]]]},"properties":{"APN":"58-2243-1-4","SitusAddress":"1410 LA LOMA AVE BERKELEY 94708"}},{"type":"Feature","geometry":{"type":"Polygon","coordinates":[[[-122.263402,37.875342],[-122.263546,37.875185],[-122.26372,37.87529],[-122.263687,37.875381],[-122.263652,37.875488],[-122.263402,37.875342]]]},"properties":{"APN":"58-2189-6","SitusAddress":"2317 LE CONTE AVE BERKELEY 94709"}},{"type":"Feature","geometry":{"type":"Polygon","coordinates":[[[-122.26593,37.879524],[-122.266391,37.879465],[-122.266406,37.879602],[-122.266406,37.879602],[-122.265946,37.879661],[-122.26593,37.879524]]]},"properties":{"APN":"59-2256-53","SitusAddress":"1528 SPRUCE ST BERKELEY 94709"}},{"type":"Feature","geometry":{"type":"Polygon","coordinates":[[[-122.258693,37.882718],[-122.258666,37.882549],[-122.258692,37.882545],[-122.259115,37.882489],[-122.259074,37.882567],[-122.259041,37.88265],[-122.259031,37.882721],[-122.258701,37.882761],[-122.258693,37.882718]]]},"properties":{"APN":"58-2243-1-6","SitusAddress":"1471 GREENWOOD TER BERKELEY 94708"}},{"type":"Feature","geometry":{"type":"Polygon","coordinates":[[[-122.279993,37.875444],[-122.280207,37.875416],[-122.280222,37.875553],[-122.280012,37.875576],[-122.279993,37.875444]]]},"properties":{"APN":"58-2156-18","SitusAddress":"1643 CALIFORNIA ST BERKELEY 94703"}},{"type":"Feature","geometry":{"type":"Polygon","coordinates":[[[-122.266954,37.880309],[-122.266969,37.880446],[-122.266627,37.88049],[-122.266611,37.880353],[-122.266954,37.880309]]]},"properties":{"APN":"59-2256-60","SitusAddress":"1501 OXFORD ST BERKELEY 94709"}},{"type":"Feature","geometry":{"type":"Polygon","coordinates":[[[-122.25889,37.883266],[-122.258881,37.883213],[-122.25908,37.883194],[-122.259109,37.883399],[-122.258907,37.883426],[-122.25889,37.883266]]]},"properties":{"APN":"58-2243-1-7","SitusAddress":"1425 GREENWOOD TER BERKELEY 94708"}},{"type":"Feature","geometry":{"type":"Polygon","coordinates":[[[-122.263687,37.875381],[-122.26372,37.87529],[-122.263546,37.875185],[-122.263883,37.874805],[-122.263949,37.875367],[-122.263791,37.875376],[-122.263787,37.875349],[-122.263721,37.875354],[-122.263722,37.875381],[-122.263687,37.875381]]]},"properties":{"APN":"58-2189-7","SitusAddress":"2311 LE CONTE AVE BERKELEY 94709"}},{"type":"Feature","geometry":{"type":"Polygon","coordinates":[[[-122.266425,37.879766],[-122.266425,37.879766],[-122.266425,37.879766],[-122.266406,37.879602],[-122.266406,37.879602],[-122.266391,37.879465],[-122.266851,37.879407],[-122.266851,37.879407],[-122.266895,37.87979],[-122.266434,37.879848],[-122.266434,37.879848],[-122.266425,37.879766]]]},"properties":{"APN":"59-2256-61","SitusAddress":"1519 OXFORD ST BERKELEY 94709"}},{"type":"Feature","geometry":{"type":"Polygon","coordinates":[[[-122.259053,37.882986],[-122.25908,37.883194],[-122.258881,37.883213],[-122.258852,37.883014],[-122.259053,37.882986]]]},"properties":{"APN":"58-2243-1-9","SitusAddress":"1437 GREENWOOD TER BERKELEY 94708"}},{"type":"Feature","geometry":{"type":"Polygon","coordinates":[[[-122.279878,37.875659],[-122.279874,37.875622],[-122.279979,37.875606],[-122.279977,37.87558],[-122.280012,37.875576],[-122.280222,37.875553],[-122.280239,37.875655],[-122.279885,37.875698],[-122.279878,37.875659]]]},"properties":{"APN":"58-2156-19","SitusAddress":"1639 CALIFORNIA ST BERKELEY 94703"}},{"type":"Feature","geometry":{"type":"Polygon","coordinates":[[[-122.267042,37.882068],[-122.267154,37.882055],[-122.267176,37.882244],[-122.267063,37.882258],[-122.267042,37.882068]]]},"properties":{"APN":"59-2257-1","SitusAddress":"2200 ROSE ST BERKELEY 94709"}},{"type":"Feature","geometry":{"type":"Polygon","coordinates":[[[-122.258559,37.883303],[-122.25889,37.883266],[-122.258907,37.883426],[-122.258581,37.88347],[-122.258559,37.883303]]]},"properties":{"APN":"58-2243-1-11","SitusAddress":"1409 GREENWOOD TER BERKELEY 94708"}},{"type":"Feature","geometry":{"type":"Polygon","coordinates":[[[-122.263601,37.875626],[-122.263642,37.875513],[-122.26396,37.875495],[-122.26399,37.87571],[-122.263557,37.87574],[-122.263601,37.875626]]]},"properties":{"APN":"58-2189-9","SitusAddress":"1831 ARCH ST BERKELEY 94709"}},{"type":"Feature","geometry":{"type":"Polygon","coordinates":[[[-122.266928,37.882081],[-122.267042,37.882068],[-122.267063,37.882258],[-122.266951,37.882276],[-122.266928,37.882081]]]},"properties":{"APN":"59-2257-2","SitusAddress":"2206 ROSE ST BERKELEY 94709"}},{"type":"Feature","geometry":{"type":"Polygon","coordinates":[[[-122.258297,37.883259],[-122.258362,37.883096],[-122.258398,37.882935],[-122.258394,37.882752],[-122.258693,37.882718],[-122.258701,37.882761],[-122.259031,37.882721],[-122.25903,37.882753],[-122.259053,37.882986],[-122.258852,37.883014],[-122.258881,37.883213],[-122.25889,37.883266],[-122.258559,37.883303],[-122.258297,37.883259]]]},"properties":{"APN":"58-2243-1-12","SitusAddress":"1459 GREENWOOD TER BERKELEY 94708"}},{"type":"Feature","geometry":{"type":"Polygon","coordinates":[[[-122.266815,37.882092],[-122.266928,37.882081],[-122.266951,37.882276],[-122.266842,37.882289],[-122.266815,37.882092]]]},"properties":{"APN":"59-2257-3","SitusAddress":"2208 ROSE ST BERKELEY 94709"}},{"type":"Feature","geometry":{"type":"Polygon","coordinates":[[[-122.279885,37.875698],[-122.280239,37.875655],[-122.280247,37.875765],[-122.279898,37.875812],[-122.279885,37.875698]]]},"properties":{"APN":"58-2156-20","SitusAddress":"1635 CALIFORNIA ST BERKELEY 94703"}},{"type":"Feature","geometry":{"type":"Polygon","coordinates":[[[-122.258258,37.882299],[-122.258609,37.88224],[-122.258654,37.882406],[-122.258692,37.882545],[-122.258666,37.882549],[-122.258385,37.882586],[-122.258367,37.882588],[-122.258343,37.88251],[-122.258258,37.882299]]]},"properties":{"APN":"58-2243-2","SitusAddress":"1420 LA LOMA AVE BERKELEY 94708"}},{"type":"Feature","geometry":{"type":"Polygon","coordinates":[[[-122.263522,37.875848],[-122.263557,37.87574],[-122.26399,37.87571],[-122.264013,37.875921],[-122.263487,37.87596],[-122.263522,37.875848]]]},"properties":{"APN":"58-2189-10","SitusAddress":"1811 ARCH ST BERKELEY 94709"}},{"type":"Feature","geometry":{"type":"Polygon","coordinates":[[[-122.26671,37.882123],[-122.266708,37.882106],[-122.266815,37.882092],[-122.266842,37.882289],[-122.26673,37.882304],[-122.26671,37.882123]]]},"properties":{"APN":"59-2257-4","SitusAddress":"2210 ROSE ST BERKELEY 94709"}},{"type":"Feature","geometry":{"type":"Polygon","coordinates":[[[-122.258573,37.881959],[-122.258521,37.88204],[-122.258603,37.882227],[-122.258609,37.88224],[-122.258258,37.882299],[-122.258157,37.88204],[-122.258145,37.881994],[-122.258145,37.881964],[-122.258182,37.881938],[-122.2582,37.881936],[-122.258278,37.881948],[-122.258394,37.881962],[-122.25849,37.881967],[-122.258573,37.881959]]]},"properties":{"APN":"58-2243-3-1","SitusAddress":"2683 BUENA VISTA WAY BERKELEY 94708"}},{"type":"Feature","geometry":{"type":"Polygon","coordinates":[[[-122.279898,37.875812],[-122.280247,37.875765],[-122.280261,37.875879],[-122.279911,37.875921],[-122.279898,37.875812]]]},"properties":{"APN":"58-2156-21","SitusAddress":"1631 CALIFORNIA ST BERKELEY 94703"}},{"type":"Feature","geometry":{"type":"Polygon","coordinates":[[[-122.266496,37.882153],[-122.26671,37.882123],[-122.26673,37.882304],[-122.266518,37.882333],[-122.266496,37.882153]]]},"properties":{"APN":"59-2257-5","SitusAddress":"2212 ROSE ST BERKELEY 94709"}},{"type":"Feature","geometry":{"type":"Polygon","coordinates":[[[-122.263652,37.875488],[-122.263687,37.875381],[-122.263722,37.875381],[-122.263721,37.875354],[-122.263787,37.875349],[-122.263791,37.875376],[-122.263949,37.875367],[-122.26396,37.875495],[-122.263642,37.875513],[-122.263652,37.875488]]]},"properties":{"APN":"58-2189-14","SitusAddress":"1849 ARCH ST BERKELEY 94709"}},{"type":"Feature","geometry":{"type":"Polygon","coordinates":[[[-122.258573,37.881959],[-122.258694,37.881959],[-122.258784,37.881967],[-122.258868,37.881982],[-122.258964,37.882004],[-122.259063,37.882052],[-122.259125,37.882106],[-122.259156,37.882152],[-122.258603,37.882227],[-122.258521,37.88204],[-122.258573,37.881959]]]},"properties":{"APN":"58-2243-5","SitusAddress":"2655 BUENA VISTA WAY BERKELEY 94708"}},{"type":"Feature","geometry":{"type":"Polygon","coordinates":[[[-122.266237,37.882186],[-122.266496,37.882153],[-122.266518,37.882333],[-122.26626,37.882368],[-122.266237,37.882186]]]},"properties":{"APN":"59-2257-6","SitusAddress":"2220 ROSE ST BERKELEY 94709"}},{"type":"Feature","geometry":{"type":"Polygon","coordinates":[[[-122.258609,37.88224],[-122.258603,37.882227],[-122.259156,37.882152],[-122.259183,37.882193],[-122.259199,37.882273],[-122.259188,37.882344],[-122.258654,37.882406],[-122.258609,37.88224]]]},"properties":{"APN":"58-2243-6","SitusAddress":"1491 GREENWOOD TER BERKELEY 94708"}},{"type":"Feature","geometry":{"type":"Polygon","coordinates":[[[-122.262428,37.875685],[-122.262658,37.875654],[-122.262798,37.875737],[-122.262506,37.876059],[-122.262428,37.875685]]]},"properties":{"APN":"58-2190-1-2","SitusAddress":" SCENIC AVE BERKELEY 94709"}},{"type":"Feature","geometry":{"type":"Polygon","coordinates":[[[-122.279911,37.875921],[-122.280261,37.875879],[-122.280273,37.875992],[-122.279924,37.876036],[-122.279911,37.875921]]]},"properties":{"APN":"58-2156-22","SitusAddress":"1600 LINCOLN ST BERKELEY 94703"}},{"type":"Feature","geometry":{"type":"Polygon","coordinates":[[[-122.258654,37.882406],[-122.259188,37.882344],[-122.259176,37.882399],[-122.259147,37.882449],[-122.259115,37.882489],[-122.258692,37.882545],[-122.258654,37.882406]]]},"properties":{"APN":"58-2243-7","SitusAddress":" GREENWOOD TER BERKELEY 94708"}},{"type":"Feature","geometry":{"type":"Polygon","coordinates":[[[-122.266222,37.882058],[-122.266697,37.881994],[-122.266708,37.882106],[-122.26671,37.882123],[-122.266496,37.882153],[-122.266237,37.882186],[-122.266222,37.882058]]]},"properties":{"APN":"59-2257-7","SitusAddress":"1404 SPRUCE ST BERKELEY 94709"}},{"type":"Feature","geometry":{"type":"Polygon","coordinates":[[[-122.260041,37.882943],[-122.260032,37.882865],[-122.260214,37.882857],[-122.260576,37.882841],[-122.260623,37.883003],[-122.260619,37.883069],[-122.260583,37.883125],[-122.260525,37.883162],[-122.260447,37.883189],[-122.260448,37.883211],[-122.260081,37.883256],[-122.260041,37.882943]]]},"properties":{"APN":"58-2244-1","SitusAddress":"1401 LE ROY AVE BERKELEY 94708"}},{"type":"Feature","geometry":{"type":"Polygon","coordinates":[[[-122.262376,37.875445],[-122.262695,37.875408],[-122.262631,37.875639],[-122.262658,37.875654],[-122.262428,37.875685],[-122.262376,37.875445]]]},"properties":{"APN":"58-2190-2-1","SitusAddress":"1816 SCENIC AVE BERKELEY 94709"}},{"type":"Feature","geometry":{"type":"Polygon","coordinates":[[[-122.279737,37.875677],[-122.279878,37.875659],[-122.279885,37.875698],[-122.279898,37.875812],[-122.279911,37.875921],[-122.279924,37.876036],[-122.279781,37.876054],[-122.279737,37.875677]]]},"properties":{"APN":"58-2156-23","SitusAddress":"1620 LINCOLN ST BERKELEY 94703"}},{"type":"Feature","geometry":{"type":"Polygon","coordinates":[[[-122.266214,37.881962],[-122.266681,37.881903],[-122.266697,37.881994],[-122.266222,37.882058],[-122.266214,37.881962]]]},"properties":{"APN":"59-2257-8","SitusAddress":"1410 SPRUCE ST BERKELEY 94709"}},{"type":"Feature","geometry":{"type":"Polygon","coordinates":[[[-122.259633,37.882996],[-122.25983,37.882969],[-122.259871,37.883299],[-122.259659,37.883323],[-122.259633,37.882996]]]},"properties":{"APN":"58-2244-2-3","SitusAddress":"3 GREENWOOD CMN BERKELEY 94708"}},{"type":"Feature","geometry":{"type":"Polygon","coordinates":[[[-122.2662,37.88188],[-122.266668,37.881818],[-122.266681,37.881903],[-122.266214,37.881962],[-122.2662,37.88188]]]},"properties":{"APN":"59-2257-9","SitusAddress":"1412 SPRUCE ST BERKELEY 94709"}},{"type":"Feature","geometry":{"type":"Polygon","coordinates":[[[-122.259426,37.883025],[-122.259633,37.882996],[-122.259659,37.883323],[-122.259463,37.883341],[-122.259426,37.883025]]]},"properties":{"APN":"58-2244-2-4","SitusAddress":"2 GREENWOOD CMN BERKELEY 94708"}},{"type":"Feature","geometry":{"type":"Polygon","coordinates":[[[-122.262778,37.874827],[-122.26296,37.8748],[-122.263014,37.875046],[-122.262846,37.875129],[-122.262786,37.874869],[-122.262778,37.874827]]]},"properties":{"APN":"58-2190-4","SitusAddress":"2323 HEARST AVE BERKELEY 94709"}},{"type":"Feature","geometry":{"type":"Polygon","coordinates":[[[-122.279592,37.875698],[-122.279737,37.875677],[-122.279781,37.876054],[-122.279635,37.876074],[-122.279592,37.875698]]]},"properties":{"APN":"58-2156-24","SitusAddress":"1626 LINCOLN ST BERKELEY 94703"}},{"type":"Feature","geometry":{"type":"Polygon","coordinates":[[[-122.266173,37.881632],[-122.266636,37.881572],[-122.266651,37.881693],[-122.266668,37.881818],[-122.2662,37.88188],[-122.266173,37.881632]]]},"properties":{"APN":"59-2257-10","SitusAddress":"1418 SPRUCE ST BERKELEY 94709"}},{"type":"Feature","geometry":{"type":"Polygon","coordinates":[[[-122.259236,37.88305],[-122.259426,37.883025],[-122.259463,37.883341],[-122.259273,37.883363],[-122.259236,37.88305]]]},"properties":{"APN":"58-2244-2-5","SitusAddress":"1 GREENWOOD CMN BERKELEY 94708"}},{"type":"Feature","geometry":{"type":"Polygon","coordinates":[[[-122.26296,37.8748],[-122.263124,37.874779],[-122.263165,37.874971],[-122.263146,37.87498],[-122.263014,37.875046],[-122.26296,37.8748]]]},"properties":{"APN":"58-2190-5","SitusAddress":"2317 HEARST AVE BERKELEY 94709"}},{"type":"Feature","geometry":{"type":"Polygon","coordinates":[[[-122.266155,37.881508],[-122.266621,37.88145],[-122.266636,37.881572],[-122.266173,37.881632],[-122.266155,37.881508]]]},"properties":{"APN":"59-2257-11","SitusAddress":"1424 SPRUCE ST BERKELEY 94709"}},{"type":"Feature","geometry":{"type":"Polygon","coordinates":[[[-122.259619,37.882471],[-122.259623,37.882471],[-122.259615,37.882421],[-122.259658,37.882416],[-122.260019,37.882374],[-122.260055,37.882372],[-122.260073,37.882472],[-122.260083,37.882532],[-122.259642,37.88259],[-122.259638,37.882569],[-122.259624,37.882497],[-122.259619,37.882471]]]},"properties":{"APN":"58-2244-2-9","SitusAddress":"10 GREENWOOD CMN BERKELEY 94708"}},{"type":"Feature","geometry":{"type":"Polygon","coordinates":[[[-122.279454,37.875715],[-122.279526,37.875708],[-122.279592,37.875698],[-122.279635,37.876074],[-122.279502,37.876088],[-122.279454,37.875715]]]},"properties":{"APN":"58-2156-25","SitusAddress":"1636 LINCOLN ST BERKELEY 94703"}},{"type":"Feature","geometry":{"type":"Polygon","coordinates":[[[-122.26614,37.881383],[-122.266605,37.881325],[-122.266617,37.881426],[-122.266621,37.88145],[-122.266155,37.881508],[-122.26614,37.881383]]]},"properties":{"APN":"59-2257-12","SitusAddress":"1426 SPRUCE ST BERKELEY 94709"}},{"type":"Feature","geometry":{"type":"Polygon","coordinates":[[[-122.259405,37.8825],[-122.259619,37.882471],[-122.259624,37.882497],[-122.259638,37.882569],[-122.259642,37.88259],[-122.259638,37.88259],[-122.25965,37.882679],[-122.259436,37.882707],[-122.259405,37.8825]]]},"properties":{"APN":"58-2244-2-10","SitusAddress":"9 GREENWOOD CMN BERKELEY 94708"}},{"type":"Feature","geometry":{"type":"Polygon","coordinates":[[[-122.266126,37.881241],[-122.266482,37.8812],[-122.266591,37.881188],[-122.266605,37.881325],[-122.26614,37.881383],[-122.266126,37.881241]]]},"properties":{"APN":"59-2257-13","SitusAddress":"1428 SPRUCE ST BERKELEY 94709"}},{"type":"Feature","geometry":{"type":"Polygon","coordinates":[[[-122.259253,37.882521],[-122.259405,37.8825],[-122.259436,37.882707],[-122.259199,37.882737],[-122.259198,37.882668],[-122.259212,37.882599],[-122.259253,37.882521]]]},"properties":{"APN":"58-2244-2-11","SitusAddress":"8 GREENWOOD CMN BERKELEY 94708"}},{"type":"Feature","geometry":{"type":"Polygon","coordinates":[[[-122.27931,37.875734],[-122.279454,37.875715],[-122.279502,37.876088],[-122.279356,37.876109],[-122.27931,37.875734]]]},"properties":{"APN":"58-2156-26","SitusAddress":"1640 LINCOLN ST BERKELEY 94703"}},{"type":"Feature","geometry":{"type":"Polygon","coordinates":[[[-122.259295,37.882461],[-122.259615,37.882421],[-122.259623,37.882471],[-122.259619,37.882471],[-122.259405,37.8825],[-122.259253,37.882521],[-122.259295,37.882461]]]},"properties":{"APN":"58-2244-2-12","SitusAddress":"1400 GREENWOOD TER BERKELEY 94708"}},{"type":"Feature","geometry":{"type":"Polygon","coordinates":[[[-122.266107,37.881106],[-122.266413,37.88107],[-122.266456,37.881066],[-122.266482,37.8812],[-122.266126,37.881241],[-122.266107,37.881106]]]},"properties":{"APN":"59-2257-14","SitusAddress":"1430 SPRUCE ST BERKELEY 94709"}},{"type":"Feature","geometry":{"type":"Polygon","coordinates":[[[-122.25983,37.882969],[-122.259867,37.882964],[-122.260041,37.882943],[-122.260081,37.883256],[-122.260007,37.883269],[-122.259921,37.883291],[-122.259871,37.883299],[-122.25983,37.882969]]]},"properties":{"APN":"58-2244-2-13","SitusAddress":"4 GREENWOOD CMN BERKELEY 94708"}},{"type":"Feature","geometry":{"type":"Polygon","coordinates":[[[-122.2661,37.88101],[-122.266224,37.880995],[-122.266373,37.880978],[-122.266399,37.880974],[-122.266413,37.88107],[-122.266107,37.881106],[-122.2661,37.88101]]]},"properties":{"APN":"59-2257-15","SitusAddress":"1432 SPRUCE ST BERKELEY 94709"}},{"type":"Feature","geometry":{"type":"Polygon","coordinates":[[[-122.279177,37.87575],[-122.27931,37.875734],[-122.279356,37.876109],[-122.279223,37.876127],[-122.279177,37.87575]]]},"properties":{"APN":"58-2156-27","SitusAddress":"1644 LINCOLN ST BERKELEY 94703"}},{"type":"Feature","geometry":{"type":"Polygon","coordinates":[[[-122.259199,37.882737],[-122.259436,37.882707],[-122.25965,37.882679],[-122.259638,37.88259],[-122.259642,37.88259],[-122.260083,37.882532],[-122.260094,37.882531],[-122.260173,37.882526],[-122.260426,37.882512],[-122.260432,37.882544],[-122.260086,37.88256],[-122.260116,37.882722],[-122.259848,37.882752],[-122.259867,37.882964],[-122.25983,37.882969],[-122.259633,37.882996],[-122.259426,37.883025],[-122.259236,37.88305],[-122.259199,37.882737]]]},"properties":{"APN":"58-2244-2-14","SitusAddress":" GREENWOOD CM BERKELEY 94708"}},{"type":"Feature","geometry":{"type":"Polygon","coordinates":[[[-122.266197,37.880714],[-122.266224,37.880995],[-122.2661,37.88101],[-122.266067,37.880732],[-122.266197,37.880714]]]},"properties":{"APN":"59-2257-16","SitusAddress":"2221 VINE ST BERKELEY 94709"}},{"type":"Feature","geometry":{"type":"Polygon","coordinates":[[[-122.259339,37.882325],[-122.259661,37.882276],[-122.259658,37.882416],[-122.259615,37.882421],[-122.259295,37.882461],[-122.259326,37.882394],[-122.259339,37.882325]]]},"properties":{"APN":"58-2244-3","SitusAddress":"1476 GREENWOOD TER BERKELEY 94708"}},{"type":"Feature","geometry":{"type":"Polygon","coordinates":[[[-122.279039,37.87577],[-122.279177,37.87575],[-122.279223,37.876127],[-122.279084,37.876143],[-122.279039,37.87577]]]},"properties":{"APN":"58-2156-28","SitusAddress":"1654 LINCOLN ST BERKELEY 94703"}},{"type":"Feature","geometry":{"type":"Polygon","coordinates":[[[-122.266197,37.880714],[-122.266337,37.880694],[-122.266373,37.880978],[-122.266224,37.880995],[-122.266197,37.880714]]]},"properties":{"APN":"59-2257-17","SitusAddress":"2217 VINE ST BERKELEY 94709"}},{"type":"Feature","geometry":{"type":"Polygon","coordinates":[[[-122.259545,37.882127],[-122.259662,37.882223],[-122.259661,37.882276],[-122.259339,37.882325],[-122.259336,37.882218],[-122.259303,37.882134],[-122.259304,37.882122],[-122.25932,37.882117],[-122.25943,37.882145],[-122.25949,37.882144],[-122.259545,37.882127]]]},"properties":{"APN":"58-2244-4","SitusAddress":"1486 GREENWOOD TER BERKELEY 94708"}},{"type":"Feature","geometry":{"type":"Polygon","coordinates":[[[-122.266373,37.880978],[-122.266337,37.880694],[-122.26653,37.88067],[-122.266564,37.88094],[-122.266577,37.881051],[-122.266456,37.881066],[-122.266413,37.88107],[-122.266399,37.880974],[-122.266373,37.880978]]]},"properties":{"APN":"59-2257-18","SitusAddress":"2213 VINE ST BERKELEY 94709"}},{"type":"Feature","geometry":{"type":"Polygon","coordinates":[[[-122.259661,37.882276],[-122.259662,37.882223],[-122.259545,37.882127],[-122.259571,37.882111],[-122.259596,37.88209],[-122.259615,37.882064],[-122.259693,37.882085],[-122.259775,37.882107],[-122.259984,37.882088],[-122.259989,37.882141],[-122.260004,37.882262],[-122.260019,37.882374],[-122.259658,37.882416],[-122.259661,37.882276]]]},"properties":{"APN":"58-2244-5","SitusAddress":"2599 BUENA VISTA WAY BERKELEY 94708"}},{"type":"Feature","geometry":{"type":"Polygon","coordinates":[[[-122.278906,37.875786],[-122.279039,37.87577],[-122.279084,37.876143],[-122.278932,37.876165],[-122.278906,37.875786]]]},"properties":{"APN":"58-2156-29","SitusAddress":"1660 LINCOLN ST BERKELEY 94703"}},{"type":"Feature","geometry":{"type":"Polygon","coordinates":[[[-122.26653,37.88067],[-122.26666,37.880653],[-122.266675,37.880787],[-122.26669,37.880924],[-122.266564,37.88094],[-122.26653,37.88067]]]},"properties":{"APN":"59-2257-19","SitusAddress":"2209 VINE ST BERKELEY 94709"}},{"type":"Feature","geometry":{"type":"Polygon","coordinates":[[[-122.263269,37.874921],[-122.263403,37.874855],[-122.263522,37.874926],[-122.263441,37.875019],[-122.263269,37.874921]]]},"properties":{"APN":"58-2190-10","SitusAddress":"2320 LE CONTE AVE BERKELEY 94709"}},{"type":"Feature","geometry":{"type":"Polygon","coordinates":[[[-122.259615,37.882064],[-122.259626,37.882025],[-122.259628,37.881972],[-122.259967,37.881951],[-122.259976,37.88201],[-122.259984,37.882088],[-122.259775,37.882107],[-122.259693,37.882085],[-122.259615,37.882064]]]},"properties":{"APN":"58-2244-6","SitusAddress":"2597 BUENA VISTA WAY BERKELEY 94708"}},{"type":"Feature","geometry":{"type":"Polygon","coordinates":[[[-122.26666,37.880653],[-122.266986,37.880609],[-122.267003,37.880741],[-122.266675,37.880787],[-122.26666,37.880653]]]},"properties":{"APN":"59-2257-20","SitusAddress":"1449 OXFORD ST BERKELEY 94709"}},{"type":"Feature","geometry":{"type":"Polygon","coordinates":[[[-122.278718,37.875812],[-122.27874,37.875809],[-122.278887,37.875789],[-122.278906,37.875786],[-122.278932,37.876165],[-122.278791,37.876184],[-122.278718,37.875812]]]},"properties":{"APN":"58-2156-30","SitusAddress":"1668 LINCOLN ST BERKELEY 94703"}},{"type":"Feature","geometry":{"type":"Polygon","coordinates":[[[-122.266675,37.880787],[-122.267003,37.880741],[-122.26702,37.880883],[-122.26669,37.880924],[-122.266675,37.880787]]]},"properties":{"APN":"59-2257-21","SitusAddress":"1447 OXFORD ST BERKELEY 94709"}},{"type":"Feature","geometry":{"type":"Polygon","coordinates":[[[-122.259617,37.881847],[-122.259921,37.881821],[-122.259929,37.881876],[-122.259936,37.881929],[-122.259624,37.88195],[-122.259617,37.881847]]]},"properties":{"APN":"58-2244-7","SitusAddress":"2593 BUENA VISTA WAY BERKELEY 94708"}},{"type":"Feature","geometry":{"type":"Polygon","coordinates":[[[-122.262802,37.875152],[-122.262846,37.875129],[-122.263014,37.875046],[-122.263146,37.87498],[-122.26336,37.875105],[-122.263143,37.87535],[-122.262802,37.875152]]]},"properties":{"APN":"58-2190-12-1","SitusAddress":"2340 LE CONTE AVE BERKELEY 94709"}},{"type":"Feature","geometry":{"type":"Polygon","coordinates":[[[-122.266564,37.88094],[-122.26669,37.880924],[-122.26702,37.880883],[-122.26703,37.880992],[-122.266577,37.881051],[-122.266564,37.88094]]]},"properties":{"APN":"59-2257-22","SitusAddress":"1441 OXFORD ST BERKELEY 94709"}},{"type":"Feature","geometry":{"type":"Polygon","coordinates":[[[-122.259617,37.881847],[-122.259602,37.881726],[-122.259939,37.8817],[-122.259957,37.881873],[-122.259929,37.881876],[-122.259921,37.881821],[-122.259617,37.881847]]]},"properties":{"APN":"58-2244-8","SitusAddress":"2587 BUENA VISTA WAY BERKELEY 94708"}},{"type":"Feature","geometry":{"type":"Polygon","coordinates":[[[-122.278605,37.875942],[-122.278583,37.875828],[-122.278718,37.875812],[-122.278791,37.876184],[-122.278656,37.876202],[-122.278605,37.875942]]]},"properties":{"APN":"58-2156-31","SitusAddress":"1672 LINCOLN ST BERKELEY 94703"}},{"type":"Feature","geometry":{"type":"Polygon","coordinates":[[[-122.266456,37.881066],[-122.266577,37.881051],[-122.26703,37.880992],[-122.267043,37.881106],[-122.266589,37.881163],[-122.266591,37.881188],[-122.266482,37.8812],[-122.266456,37.881066]]]},"properties":{"APN":"59-2257-23","SitusAddress":"1437 OXFORD ST BERKELEY 94709"}},{"type":"Feature","geometry":{"type":"Polygon","coordinates":[[[-122.262658,37.875654],[-122.262631,37.875639],[-122.262695,37.875408],[-122.262759,37.875175],[-122.262783,37.875163],[-122.262802,37.875152],[-122.263143,37.87535],[-122.262798,37.875737],[-122.262658,37.875654]]]},"properties":{"APN":"58-2190-14-1","SitusAddress":"2368 LE CONTE AVE BERKELEY 94709"}},{"type":"Feature","geometry":{"type":"Polygon","coordinates":[[[-122.259587,37.881616],[-122.259928,37.881592],[-122.259939,37.8817],[-122.259602,37.881726],[-122.259587,37.881616]]]},"properties":{"APN":"58-2244-9","SitusAddress":"2583 BUENA VISTA WAY BERKELEY 94708"}},{"type":"Feature","geometry":{"type":"Polygon","coordinates":[[[-122.266591,37.881188],[-122.266589,37.881163],[-122.267043,37.881106],[-122.267062,37.881267],[-122.266605,37.881325],[-122.266591,37.881188]]]},"properties":{"APN":"59-2257-24","SitusAddress":"1433 OXFORD ST BERKELEY 94709"}},{"type":"Feature","geometry":{"type":"Polygon","coordinates":[[[-122.278542,37.876135],[-122.278543,37.876101],[-122.278544,37.876087],[-122.278544,37.876071],[-122.278545,37.876048],[-122.278533,37.875996],[-122.278522,37.87595],[-122.278605,37.875942],[-122.278656,37.876202],[-122.278561,37.876215],[-122.278542,37.876135]]]},"properties":{"APN":"58-2156-32","SitusAddress":"1676 LINCOLN ST BERKELEY 94703"}},{"type":"Feature","geometry":{"type":"Polygon","coordinates":[[[-122.266605,37.881325],[-122.267062,37.881267],[-122.267073,37.881367],[-122.266617,37.881426],[-122.266605,37.881325]]]},"properties":{"APN":"59-2257-25","SitusAddress":"1427 OXFORD ST BERKELEY 94709"}},{"type":"Feature","geometry":{"type":"Polygon","coordinates":[[[-122.259575,37.881497],[-122.259885,37.881463],[-122.259911,37.881461],[-122.259928,37.881592],[-122.259587,37.881616],[-122.259575,37.881497]]]},"properties":{"APN":"58-2244-10","SitusAddress":"2577 BUENA VISTA WAY BERKELEY 94708"}},{"type":"Feature","geometry":{"type":"Polygon","coordinates":[[[-122.262311,37.875148],[-122.262506,37.875121],[-122.262497,37.87508],[-122.262733,37.875049],[-122.262758,37.87506],[-122.262783,37.875163],[-122.262759,37.875175],[-122.262695,37.875408],[-122.262376,37.875445],[-122.262311,37.875148]]]},"properties":{"APN":"58-2190-15","SitusAddress":"1820 SCENIC AVE BERKELEY 94709"}},{"type":"Feature","geometry":{"type":"Polygon","coordinates":[[[-122.266621,37.88145],[-122.266617,37.881426],[-122.267073,37.881367],[-122.267091,37.881515],[-122.266636,37.881572],[-122.266621,37.88145]]]},"properties":{"APN":"59-2257-26","SitusAddress":"1423 OXFORD ST BERKELEY 94709"}},{"type":"Feature","geometry":{"type":"Polygon","coordinates":[[[-122.259561,37.881408],[-122.25972,37.881376],[-122.25987,37.881346],[-122.259885,37.881463],[-122.259575,37.881497],[-122.259561,37.881408]]]},"properties":{"APN":"58-2244-11","SitusAddress":"2573 BUENA VISTA WAY BERKELEY 94708"}},{"type":"Feature","geometry":{"type":"Polygon","coordinates":[[[-122.278084,37.874973],[-122.278485,37.874925],[-122.278537,37.875293],[-122.278128,37.875345],[-122.278084,37.874973]]]},"properties":{"APN":"58-2157-1","SitusAddress":" MCGEE AVE BERKELEY 94703"}},{"type":"Feature","geometry":{"type":"Polygon","coordinates":[[[-122.262311,37.875148],[-122.26229,37.875053],[-122.262284,37.875009],[-122.262288,37.874981],[-122.262312,37.87494],[-122.262337,37.87491],[-122.262368,37.874889],[-122.26241,37.87487],[-122.262778,37.874827],[-122.262786,37.874869],[-122.262846,37.875129],[-122.262802,37.875152],[-122.262783,37.875163],[-122.262758,37.87506],[-122.262733,37.875049],[-122.262497,37.87508],[-122.262506,37.875121],[-122.262311,37.875148]]]},"properties":{"APN":"58-2190-16","SitusAddress":"1850 SCENIC AVE BERKELEY 94709"}},{"type":"Feature","geometry":{"type":"Polygon","coordinates":[[[-122.259553,37.881294],[-122.259712,37.881255],[-122.25972,37.881376],[-122.259561,37.881408],[-122.259553,37.881294]]]},"properties":{"APN":"58-2244-12","SitusAddress":"2565 BUENA VISTA WAY BERKELEY 94708"}},{"type":"Feature","geometry":{"type":"Polygon","coordinates":[[[-122.266636,37.881572],[-122.267091,37.881515],[-122.267109,37.881638],[-122.266651,37.881693],[-122.266636,37.881572]]]},"properties":{"APN":"59-2257-27","SitusAddress":"1419 OXFORD ST BERKELEY 94709"}},{"type":"Feature","geometry":{"type":"Polygon","coordinates":[[[-122.263146,37.87498],[-122.263165,37.874971],[-122.263269,37.874921],[-122.263441,37.875019],[-122.26336,37.875105],[-122.263146,37.87498]]]},"properties":{"APN":"58-2190-19","SitusAddress":" LE CONTE AVE BERKELEY 94709"}},{"type":"Feature","geometry":{"type":"Polygon","coordinates":[[[-122.259699,37.881095],[-122.259712,37.881255],[-122.259553,37.881294],[-122.259532,37.881141],[-122.259699,37.881095]]]},"properties":{"APN":"58-2244-13","SitusAddress":"2555 BUENA VISTA WAY BERKELEY 94708"}},{"type":"Feature","geometry":{"type":"Polygon","coordinates":[[[-122.266668,37.881818],[-122.267121,37.881759],[-122.26713,37.881851],[-122.266681,37.881903],[-122.266668,37.881818]]]},"properties":{"APN":"59-2257-29","SitusAddress":"1415 OXFORD ST BERKELEY 94709"}},{"type":"Feature","geometry":{"type":"Polygon","coordinates":[[[-122.259712,37.881255],[-122.259699,37.881095],[-122.259837,37.881056],[-122.25985,37.881184],[-122.259866,37.881323],[-122.25987,37.881346],[-122.25972,37.881376],[-122.259712,37.881255]]]},"properties":{"APN":"58-2244-14","SitusAddress":"2545 BUENA VISTA WAY BERKELEY 94708"}},{"type":"Feature","geometry":{"type":"Polygon","coordinates":[[[-122.266697,37.881994],[-122.266681,37.881903],[-122.26713,37.881851],[-122.267154,37.882055],[-122.267042,37.882068],[-122.266928,37.882081],[-122.266815,37.882092],[-122.266708,37.882106],[-122.266697,37.881994]]]},"properties":{"APN":"59-2257-40","SitusAddress":"1409 OXFORD ST BERKELEY 94709"}},{"type":"Feature","geometry":{"type":"Polygon","coordinates":[[[-122.260386,37.875734],[-122.260789,37.875682],[-122.260832,37.875883],[-122.26042,37.875936],[-122.260379,37.875735],[-122.260386,37.875734]]]},"properties":{"APN":"58-2191-1-3","SitusAddress":"1804 EUCLID AVE BERKELEY 94709"}},{"type":"Feature","geometry":{"type":"Polygon","coordinates":[[[-122.259837,37.881056],[-122.260159,37.880976],[-122.260193,37.880966],[-122.260221,37.880975],[-122.260239,37.88099],[-122.260255,37.881008],[-122.260267,37.881161],[-122.25985,37.881184],[-122.259837,37.881056]]]},"properties":{"APN":"58-2244-15","SitusAddress":"2535 BUENA VISTA WAY BERKELEY 94708"}},{"type":"Feature","geometry":{"type":"Polygon","coordinates":[[[-122.266651,37.881693],[-122.267109,37.881638],[-122.267121,37.881759],[-122.266668,37.881818],[-122.266651,37.881693]]]},"properties":{"APN":"59-2257-43","SitusAddress":"1417 OXFORD ST BERKELEY 94709"}},{"type":"Feature","geometry":{"type":"Polygon","coordinates":[[[-122.25985,37.881184],[-122.260267,37.881161],[-122.260284,37.881294],[-122.259866,37.881323],[-122.25985,37.881184]]]},"properties":{"APN":"58-2244-16","SitusAddress":"1521 LE ROY AVE BERKELEY 94708"}},{"type":"Feature","geometry":{"type":"Polygon","coordinates":[[[-122.260317,37.875438],[-122.260324,37.875437],[-122.260505,37.875415],[-122.260623,37.8754],[-122.260725,37.875387],[-122.260728,37.875387],[-122.26073,37.875395],[-122.260748,37.875484],[-122.260789,37.875682],[-122.260386,37.875734],[-122.260379,37.875735],[-122.260317,37.875438]]]},"properties":{"APN":"58-2191-2","SitusAddress":"1820 EUCLID AVE BERKELEY 94709"}},{"type":"Feature","geometry":{"type":"Polygon","coordinates":[[[-122.267842,37.882163],[-122.267705,37.88218],[-122.267682,37.881961],[-122.267678,37.881919],[-122.267814,37.881902],[-122.267842,37.882163]]]},"properties":{"APN":"59-2258-2","SitusAddress":"2136 ROSE ST BERKELEY 94709"}},{"type":"Feature","geometry":{"type":"Polygon","coordinates":[[[-122.25987,37.881346],[-122.259866,37.881323],[-122.260284,37.881294],[-122.260302,37.881431],[-122.259911,37.881461],[-122.259885,37.881463],[-122.25987,37.881346]]]},"properties":{"APN":"58-2244-17","SitusAddress":"1517 LE ROY AVE BERKELEY 94708"}},{"type":"Feature","geometry":{"type":"Polygon","coordinates":[[[-122.267535,37.88203],[-122.267612,37.88202],[-122.267607,37.881971],[-122.267682,37.881961],[-122.267705,37.88218],[-122.267553,37.882199],[-122.267535,37.88203]]]},"properties":{"APN":"59-2258-3","SitusAddress":"2140 ROSE ST BERKELEY 94709"}},{"type":"Feature","geometry":{"type":"Polygon","coordinates":[[[-122.261861,37.874944],[-122.261923,37.874941],[-122.26197,37.874943],[-122.262009,37.874961],[-122.262035,37.874981],[-122.262058,37.875008],[-122.26208,37.875049],[-122.262082,37.875072],[-122.262129,37.875293],[-122.261431,37.875374],[-122.261437,37.875401],[-122.260748,37.875484],[-122.26073,37.875395],[-122.260728,37.875387],[-122.260669,37.875089],[-122.261861,37.874944]]]},"properties":{"APN":"58-2191-6-1","SitusAddress":"2451 HEARST AVE BERKELEY 94709"}},{"type":"Feature","geometry":{"type":"Polygon","coordinates":[[[-122.259911,37.881461],[-122.260302,37.881431],[-122.260317,37.881561],[-122.259928,37.881592],[-122.259911,37.881461]]]},"properties":{"APN":"58-2244-18","SitusAddress":"1509 LE ROY AVE BERKELEY 94708"}},{"type":"Feature","geometry":{"type":"Polygon","coordinates":[[[-122.267364,37.882051],[-122.267535,37.88203],[-122.267553,37.882199],[-122.267382,37.882221],[-122.267364,37.882051]]]},"properties":{"APN":"59-2258-4","SitusAddress":"1400 OXFORD ST BERKELEY 94709"}},{"type":"Feature","geometry":{"type":"Polygon","coordinates":[[[-122.259928,37.881592],[-122.260317,37.881561],[-122.260328,37.881669],[-122.259939,37.8817],[-122.259928,37.881592]]]},"properties":{"APN":"58-2244-19","SitusAddress":"1505 LE ROY AVE BERKELEY 94708"}},{"type":"Feature","geometry":{"type":"Polygon","coordinates":[[[-122.261514,37.8758],[-122.261437,37.875401],[-122.261431,37.875374],[-122.262129,37.875293],[-122.26228,37.876023],[-122.262118,37.875929],[-122.262031,37.875881],[-122.261957,37.875844],[-122.261861,37.875814],[-122.261771,37.875797],[-122.26164,37.875792],[-122.261514,37.8758]]]},"properties":{"APN":"58-2191-10-2","SitusAddress":"2400 RIDGE RD BERKELEY 94709"}},{"type":"Feature","geometry":{"type":"Polygon","coordinates":[[[-122.267678,37.881919],[-122.267682,37.881961],[-122.267607,37.881971],[-122.267612,37.88202],[-122.267535,37.88203],[-122.267364,37.882051],[-122.267354,37.88196],[-122.267678,37.881919]]]},"properties":{"APN":"59-2258-5","SitusAddress":"1404 OXFORD ST BERKELEY 94709"}},{"type":"Feature","geometry":{"type":"Polygon","coordinates":[[[-122.259939,37.8817],[-122.260328,37.881669],[-122.260349,37.881842],[-122.259957,37.881873],[-122.259939,37.8817]]]},"properties":{"APN":"58-2244-20","SitusAddress":"1501 LE ROY AVE BERKELEY 94708"}},{"type":"Feature","geometry":{"type":"Polygon","coordinates":[[[-122.2678,37.881765],[-122.267814,37.881902],[-122.267678,37.881919],[-122.267354,37.88196],[-122.267339,37.881823],[-122.2678,37.881765]]]},"properties":{"APN":"59-2258-6","SitusAddress":"1408 OXFORD ST BERKELEY 94709"}},{"type":"Feature","geometry":{"type":"Polygon","coordinates":[[[-122.260789,37.875682],[-122.260748,37.875484],[-122.261437,37.875401],[-122.261514,37.8758],[-122.260832,37.875883],[-122.260789,37.875682]]]},"properties":{"APN":"58-2191-12-1","SitusAddress":"2424 RIDGE RD BERKELEY 94709"}},{"type":"Feature","geometry":{"type":"Polygon","coordinates":[[[-122.259967,37.881951],[-122.259984,37.881944],[-122.25998,37.881892],[-122.260355,37.881867],[-122.260367,37.881979],[-122.259976,37.88201],[-122.259967,37.881951]]]},"properties":{"APN":"58-2244-21","SitusAddress":"1497 LE ROY AVE BERKELEY 94708"}},{"type":"Feature","geometry":{"type":"Polygon","coordinates":[[[-122.267312,37.881564],[-122.267772,37.881506],[-122.267772,37.881506],[-122.267772,37.881506],[-122.267785,37.881628],[-122.267325,37.881686],[-122.267312,37.881564]]]},"properties":{"APN":"59-2258-8","SitusAddress":"1416 OXFORD ST BERKELEY 94709"}},{"type":"Feature","geometry":{"type":"Polygon","coordinates":[[[-122.259984,37.882088],[-122.259976,37.88201],[-122.260367,37.881979],[-122.260382,37.882119],[-122.259989,37.882141],[-122.259984,37.882088]]]},"properties":{"APN":"58-2244-22","SitusAddress":"1485 LE ROY AVE BERKELEY 94708"}},{"type":"Feature","geometry":{"type":"Polygon","coordinates":[[[-122.2673,37.881454],[-122.26776,37.881395],[-122.26776,37.881396],[-122.26776,37.881396],[-122.267771,37.881492],[-122.267772,37.881503],[-122.267772,37.881506],[-122.267772,37.881506],[-122.267312,37.881564],[-122.2673,37.881454]]]},"properties":{"APN":"59-2258-9","SitusAddress":"1422 OXFORD ST BERKELEY 94709"}},{"type":"Feature","geometry":{"type":"Polygon","coordinates":[[[-122.260446,37.875116],[-122.260669,37.875089],[-122.260728,37.875387],[-122.260725,37.875387],[-122.260623,37.8754],[-122.260505,37.875415],[-122.260505,37.875414],[-122.260446,37.875116]]]},"properties":{"APN":"58-2191-13","SitusAddress":"2483 HEARST AVE BERKELEY 94709"}},{"type":"Feature","geometry":{"type":"Polygon","coordinates":[[[-122.259989,37.882141],[-122.260382,37.882119],[-122.260393,37.882235],[-122.260004,37.882262],[-122.259989,37.882141]]]},"properties":{"APN":"58-2244-23","SitusAddress":"1475 LE ROY AVE BERKELEY 94708"}},{"type":"Feature","geometry":{"type":"Polygon","coordinates":[[[-122.267286,37.88133],[-122.267747,37.881272],[-122.267756,37.881354],[-122.267757,37.881354],[-122.267756,37.881354],[-122.26776,37.881395],[-122.26776,37.881395],[-122.2673,37.881454],[-122.267286,37.88133]]]},"properties":{"APN":"59-2258-10","SitusAddress":"1426 OXFORD ST BERKELEY 94709"}},{"type":"Feature","geometry":{"type":"Polygon","coordinates":[[[-122.260317,37.875132],[-122.260446,37.875116],[-122.260505,37.875414],[-122.260505,37.875415],[-122.260324,37.875437],[-122.260317,37.875438],[-122.260267,37.875186],[-122.260267,37.875176],[-122.260268,37.875167],[-122.260272,37.875159],[-122.260278,37.875151],[-122.260286,37.875144],[-122.260295,37.875139],[-122.260305,37.875135],[-122.260317,37.875132]]]},"properties":{"APN":"58-2191-14","SitusAddress":"1860 EUCLID AVE BERKELEY 94709"}},{"type":"Feature","geometry":{"type":"Polygon","coordinates":[[[-122.260004,37.882262],[-122.260393,37.882235],[-122.260402,37.882359],[-122.260055,37.882372],[-122.260019,37.882374],[-122.260004,37.882262]]]},"properties":{"APN":"58-2244-24","SitusAddress":"1473 LE ROY AVE BERKELEY 94708"}},{"type":"Feature","geometry":{"type":"Polygon","coordinates":[[[-122.267273,37.881208],[-122.267734,37.88115],[-122.267736,37.881171],[-122.267746,37.881261],[-122.267747,37.881272],[-122.267286,37.88133],[-122.267273,37.881208]]]},"properties":{"APN":"59-2258-11","SitusAddress":"1428 OXFORD ST BERKELEY 94709"}},{"type":"Feature","geometry":{"type":"Polygon","coordinates":[[[-122.260055,37.882372],[-122.260402,37.882359],[-122.260426,37.882512],[-122.260173,37.882526],[-122.260094,37.882531],[-122.260083,37.882532],[-122.260073,37.882472],[-122.260055,37.882372]]]},"properties":{"APN":"58-2244-25-1","SitusAddress":" LE ROY AVE BERKELEY 94708"}},{"type":"Feature","geometry":{"type":"Polygon","coordinates":[[[-122.267259,37.881071],[-122.267709,37.881014],[-122.267716,37.881082],[-122.267726,37.881081],[-122.267734,37.88115],[-122.267273,37.881208],[-122.267259,37.881071]]]},"properties":{"APN":"59-2258-12","SitusAddress":"1430 OXFORD ST BERKELEY 94709"}},{"type":"Feature","geometry":{"type":"Polygon","coordinates":[[[-122.260744,37.877495],[-122.261065,37.877452],[-122.261108,37.877657],[-122.260788,37.877698],[-122.260744,37.877495]]]},"properties":{"APN":"58-2193-1-1","SitusAddress":"2480 VIRGINIA ST BERKELEY 94709"}},{"type":"Feature","geometry":{"type":"Polygon","coordinates":[[[-122.260432,37.882544],[-122.260465,37.882628],[-122.260508,37.882703],[-122.260202,37.882718],[-122.260116,37.882722],[-122.260086,37.88256],[-122.260432,37.882544]]]},"properties":{"APN":"58-2244-26-1","SitusAddress":"1439 LE ROY AVE BERKELEY 94708"}},{"type":"Feature","geometry":{"type":"Polygon","coordinates":[[[-122.267259,37.881071],[-122.267241,37.880907],[-122.267446,37.880881],[-122.267566,37.880866],[-122.267702,37.880849],[-122.267719,37.881013],[-122.267709,37.881014],[-122.267259,37.881071]]]},"properties":{"APN":"59-2258-13","SitusAddress":"1436 OXFORD ST BERKELEY 94709"}},{"type":"Feature","geometry":{"type":"Polygon","coordinates":[[[-122.260202,37.882718],[-122.260508,37.882703],[-122.260527,37.882734],[-122.260545,37.882768],[-122.260559,37.882807],[-122.260576,37.882841],[-122.260214,37.882857],[-122.260202,37.882718]]]},"properties":{"APN":"58-2244-27-7","SitusAddress":"1429 LE ROY AVE BERKELEY 94708"}},{"type":"Feature","geometry":{"type":"Polygon","coordinates":[[[-122.260714,37.877361],[-122.261037,37.877313],[-122.261043,37.877343],[-122.261065,37.877452],[-122.260744,37.877495],[-122.260714,37.877361]]]},"properties":{"APN":"58-2193-1-2","SitusAddress":"1708 EUCLID AVE BERKELEY 94709"}},{"type":"Feature","geometry":{"type":"Polygon","coordinates":[[[-122.267241,37.880907],[-122.267228,37.880787],[-122.267433,37.880761],[-122.267446,37.880881],[-122.267241,37.880907]]]},"properties":{"APN":"59-2258-14","SitusAddress":"1438 OXFORD ST BERKELEY 94709"}},{"type":"Feature","geometry":{"type":"Polygon","coordinates":[[[-122.260116,37.882722],[-122.260202,37.882718],[-122.260214,37.882857],[-122.260032,37.882865],[-122.260041,37.882943],[-122.259867,37.882964],[-122.259848,37.882752],[-122.260116,37.882722]]]},"properties":{"APN":"58-2244-27-8","SitusAddress":"7 GREENWOOD CMN BERKELEY 94708"}},{"type":"Feature","geometry":{"type":"Polygon","coordinates":[[[-122.267411,37.880553],[-122.267433,37.880761],[-122.267228,37.880787],[-122.267206,37.880579],[-122.267411,37.880553]]]},"properties":{"APN":"59-2258-15","SitusAddress":"2163 VINE ST BERKELEY 94709"}},{"type":"Feature","geometry":{"type":"Polygon","coordinates":[[[-122.259275,37.88198],[-122.259256,37.881822],[-122.259292,37.881817],[-122.259282,37.881749],[-122.259456,37.881741],[-122.259483,37.882007],[-122.259475,37.882025],[-122.259462,37.882032],[-122.259441,37.88203],[-122.259275,37.88198]]]},"properties":{"APN":"58-2245-1-2","SitusAddress":"2600 BUENA VISTA WAY BERKELEY 94708"}},{"type":"Feature","geometry":{"type":"Polygon","coordinates":[[[-122.26097,37.876975],[-122.261037,37.877313],[-122.260714,37.877361],[-122.260646,37.877016],[-122.26097,37.876975]]]},"properties":{"APN":"58-2193-2","SitusAddress":"1712 EUCLID AVE BERKELEY 94709"}},{"type":"Feature","geometry":{"type":"Polygon","coordinates":[[[-122.267566,37.880866],[-122.267446,37.880881],[-122.267433,37.880761],[-122.267411,37.880553],[-122.267531,37.880538],[-122.267566,37.880866]]]},"properties":{"APN":"59-2258-16","SitusAddress":"2157 VINE ST BERKELEY 94709"}},{"type":"Feature","geometry":{"type":"Polygon","coordinates":[[[-122.259008,37.881905],[-122.258989,37.881759],[-122.259451,37.881723],[-122.259456,37.881741],[-122.259282,37.881749],[-122.259292,37.881817],[-122.259256,37.881822],[-122.259275,37.88198],[-122.259008,37.881905]]]},"properties":{"APN":"58-2245-2","SitusAddress":"2626 BUENA VISTA WAY BERKELEY 94708"}},{"type":"Feature","geometry":{"type":"Polygon","coordinates":[[[-122.267531,37.880538],[-122.267666,37.880521],[-122.267684,37.880685],[-122.267702,37.880849],[-122.267566,37.880866],[-122.267531,37.880538]]]},"properties":{"APN":"59-2258-17","SitusAddress":"2155 VINE ST BERKELEY 94709"}},{"type":"Feature","geometry":{"type":"Polygon","coordinates":[[[-122.258648,37.881843],[-122.258627,37.881616],[-122.258967,37.881574],[-122.258989,37.881759],[-122.259008,37.881905],[-122.258975,37.881891],[-122.258936,37.881883],[-122.258903,37.881877],[-122.25887,37.881866],[-122.258822,37.881861],[-122.258783,37.881855],[-122.258728,37.881847],[-122.258688,37.881848],[-122.258648,37.881843]]]},"properties":{"APN":"58-2245-3","SitusAddress":"2660 BUENA VISTA WAY BERKELEY 94708"}},{"type":"Feature","geometry":{"type":"Polygon","coordinates":[[[-122.267684,37.880685],[-122.267666,37.880521],[-122.268127,37.880462],[-122.268144,37.880627],[-122.267684,37.880685]]]},"properties":{"APN":"59-2258-19-1","SitusAddress":"2153 VINE ST BERKELEY 94709"}},{"type":"Feature","geometry":{"type":"Polygon","coordinates":[[[-122.258262,37.881662],[-122.258627,37.881616],[-122.258648,37.881843],[-122.25857,37.881849],[-122.258471,37.881853],[-122.258372,37.881848],[-122.258284,37.881838],[-122.25819,37.881819],[-122.258262,37.881662]]]},"properties":{"APN":"58-2245-4-2","SitusAddress":"2678 BUENA VISTA WAY BERKELEY 94708"}},{"type":"Feature","geometry":{"type":"Polygon","coordinates":[[[-122.261037,37.877313],[-122.26097,37.876975],[-122.261157,37.876952],[-122.261229,37.877287],[-122.261235,37.877317],[-122.261043,37.877343],[-122.261037,37.877313]]]},"properties":{"APN":"58-2193-3","SitusAddress":"2479 LE CONTE AVE BERKELEY 94709"}},{"type":"Feature","geometry":{"type":"Polygon","coordinates":[[[-122.268144,37.880627],[-122.268162,37.880791],[-122.267702,37.880849],[-122.267684,37.880685],[-122.268144,37.880627]]]},"properties":{"APN":"59-2258-20","SitusAddress":"1441 WALNUT ST BERKELEY 94709"}},{"type":"Feature","geometry":{"type":"Polygon","coordinates":[[[-122.267726,37.881081],[-122.267716,37.881082],[-122.267709,37.881014],[-122.267719,37.881013],[-122.267702,37.880849],[-122.268162,37.880791],[-122.268187,37.881022],[-122.267726,37.881081]]]},"properties":{"APN":"59-2258-21","SitusAddress":"1433 WALNUT ST BERKELEY 94709"}},{"type":"Feature","geometry":{"type":"Polygon","coordinates":[[[-122.261157,37.876952],[-122.261501,37.876908],[-122.261569,37.877248],[-122.261405,37.877267],[-122.261229,37.877287],[-122.261157,37.876952]]]},"properties":{"APN":"58-2193-4","SitusAddress":"2465 LE CONTE AVE BERKELEY 94709"}},{"type":"Feature","geometry":{"type":"Polygon","coordinates":[[[-122.267734,37.88115],[-122.267726,37.881081],[-122.268187,37.881022],[-122.268197,37.881113],[-122.267736,37.881171],[-122.267734,37.88115]]]},"properties":{"APN":"59-2258-22","SitusAddress":"1431 WALNUT ST BERKELEY 94709"}},{"type":"Feature","geometry":{"type":"Polygon","coordinates":[[[-122.258355,37.881466],[-122.258944,37.881393],[-122.258948,37.881432],[-122.258967,37.881574],[-122.258627,37.881616],[-122.258262,37.881662],[-122.258355,37.881466]]]},"properties":{"APN":"58-2245-5-3","SitusAddress":"1508 LA LOMA AVE BERKELEY 94708"}},{"type":"Feature","geometry":{"type":"Polygon","coordinates":[[[-122.267746,37.881261],[-122.267736,37.881171],[-122.268197,37.881113],[-122.268206,37.881203],[-122.267746,37.881261]]]},"properties":{"APN":"59-2258-23","SitusAddress":"1427 WALNUT ST BERKELEY 94709"}},{"type":"Feature","geometry":{"type":"Polygon","coordinates":[[[-122.261501,37.876908],[-122.261673,37.876883],[-122.261746,37.877225],[-122.261569,37.877248],[-122.261501,37.876908]]]},"properties":{"APN":"58-2193-5","SitusAddress":"2451 LE CONTE AVE BERKELEY 94709"}},{"type":"Feature","geometry":{"type":"Polygon","coordinates":[[[-122.258411,37.881344],[-122.258927,37.881286],[-122.258933,37.881306],[-122.258944,37.881393],[-122.258355,37.881466],[-122.258411,37.881344]]]},"properties":{"APN":"58-2245-7-2","SitusAddress":"1512 LA LOMA AVE BERKELEY 94708"}},{"type":"Feature","geometry":{"type":"Polygon","coordinates":[[[-122.267746,37.881261],[-122.268206,37.881203],[-122.268217,37.881296],[-122.267792,37.88135],[-122.267757,37.881354],[-122.267757,37.881354],[-122.267756,37.881354],[-122.267747,37.881272],[-122.267746,37.881261]]]},"properties":{"APN":"59-2258-24","SitusAddress":"1425 WALNUT ST BERKELEY 94709"}},{"type":"Feature","geometry":{"type":"Polygon","coordinates":[[[-122.261673,37.876883],[-122.261818,37.876864],[-122.26191,37.876838],[-122.262009,37.876793],[-122.262086,37.877178],[-122.261922,37.877201],[-122.261746,37.877225],[-122.261673,37.876883]]]},"properties":{"APN":"58-2193-6","SitusAddress":"2441 LE CONTE AVE BERKELEY 94709"}},{"type":"Feature","geometry":{"type":"Polygon","coordinates":[[[-122.258317,37.880956],[-122.258476,37.880937],[-122.25854,37.880953],[-122.258642,37.881],[-122.258717,37.881047],[-122.258731,37.881057],[-122.258776,37.88109],[-122.258823,37.881131],[-122.258859,37.88118],[-122.258891,37.881225],[-122.258924,37.881277],[-122.258927,37.881286],[-122.258411,37.881344],[-122.258444,37.881263],[-122.258447,37.881176],[-122.25841,37.881072],[-122.258356,37.881006],[-122.258317,37.880956]]]},"properties":{"APN":"58-2245-8-2","SitusAddress":"1514 LA LOMA AVE BERKELEY 94708"}},{"type":"Feature","geometry":{"type":"Polygon","coordinates":[[[-122.267772,37.881506],[-122.267772,37.881503],[-122.267771,37.881492],[-122.267772,37.881491],[-122.267821,37.881485],[-122.268231,37.881434],[-122.268246,37.88157],[-122.26779,37.881628],[-122.267785,37.881628],[-122.267772,37.881506],[-122.267772,37.881506]]]},"properties":{"APN":"59-2258-26","SitusAddress":"1421 WALNUT ST BERKELEY 94709"}},{"type":"Feature","geometry":{"type":"Polygon","coordinates":[[[-122.25854,37.880953],[-122.258476,37.880937],[-122.258317,37.880956],[-122.258255,37.880838],[-122.25822,37.880745],[-122.2582,37.880634],[-122.258545,37.880591],[-122.258545,37.88059],[-122.258529,37.880511],[-122.258488,37.880303],[-122.258474,37.880236],[-122.258803,37.880193],[-122.258837,37.880464],[-122.258855,37.880488],[-122.258887,37.880535],[-122.258952,37.880586],[-122.259017,37.880618],[-122.259096,37.88063],[-122.259165,37.880636],[-122.259234,37.880628],[-122.259976,37.880358],[-122.260047,37.880357],[-122.260133,37.88039],[-122.260165,37.880419],[-122.260183,37.880449],[-122.260197,37.880476],[-122.260223,37.880741],[-122.260215,37.880762],[-122.26019,37.880799],[-122.260157,37.880825],[-122.260123,37.880839],[-122.259377,37.881035],[-122.2594,37.881273],[-122.258933,37.881306],[-122.258927,37.881286],[-122.258924,37.881277],[-122.258891,37.881225],[-122.258859,37.88118],[-122.258823,37.881131],[-122.258776,37.88109],[-122.258731,37.881057],[-122.258717,37.881047],[-122.258642,37.881],[-122.25854,37.880953]]]},"properties":{"APN":"58-2245-9-3","SitusAddress":"1581 LE ROY AVE BERKELEY 94708"}},{"type":"Feature","geometry":{"type":"Polygon","coordinates":[[[-122.262086,37.877178],[-122.262009,37.876793],[-122.262093,37.876747],[-122.262188,37.876665],[-122.262246,37.876614],[-122.262296,37.876561],[-122.262339,37.876537],[-122.262379,37.876541],[-122.262409,37.876564],[-122.262427,37.876598],[-122.262433,37.876625],[-122.262545,37.877249],[-122.262391,37.877268],[-122.262254,37.877285],[-122.26211,37.877304],[-122.262086,37.877178]]]},"properties":{"APN":"58-2193-7","SitusAddress":"2401 LE CONTE AVE BERKELEY 94709"}},{"type":"Feature","geometry":{"type":"Polygon","coordinates":[[[-122.267787,37.881643],[-122.267787,37.881642],[-122.267785,37.88163],[-122.267785,37.881628],[-122.26779,37.881628],[-122.268246,37.88157],[-122.26826,37.881707],[-122.2678,37.881765],[-122.267787,37.881643]]]},"properties":{"APN":"59-2258-27","SitusAddress":"1419 WALNUT ST BERKELEY 94709"}},{"type":"Feature","geometry":{"type":"Polygon","coordinates":[[[-122.258041,37.880359],[-122.258485,37.880303],[-122.258487,37.880303],[-122.258488,37.880303],[-122.258529,37.880511],[-122.258545,37.88059],[-122.258545,37.880591],[-122.2582,37.880634],[-122.258189,37.88058],[-122.258181,37.880549],[-122.25817,37.880518],[-122.258155,37.880488],[-122.258138,37.88046],[-122.258118,37.880432],[-122.258095,37.880406],[-122.258069,37.880382],[-122.258041,37.880359]]]},"properties":{"APN":"58-2245-11-1","SitusAddress":"1530 LA LOMA AVE BERKELEY 94708"}},{"type":"Feature","geometry":{"type":"Polygon","coordinates":[[[-122.268275,37.881844],[-122.268303,37.882105],[-122.267842,37.882163],[-122.267814,37.881902],[-122.268275,37.881844]]]},"properties":{"APN":"59-2258-29","SitusAddress":"1401 WALNUT ST BERKELEY 94709"}},{"type":"Feature","geometry":{"type":"Polygon","coordinates":[[[-122.257905,37.880237],[-122.258194,37.880201],[-122.258199,37.880228],[-122.25823,37.880224],[-122.258261,37.88022],[-122.258251,37.880171],[-122.258285,37.880167],[-122.258303,37.880258],[-122.258474,37.880236],[-122.258474,37.880236],[-122.258474,37.880236],[-122.258488,37.880303],[-122.258487,37.880303],[-122.258485,37.880303],[-122.258041,37.880359],[-122.258006,37.880336],[-122.257976,37.880315],[-122.257948,37.880291],[-122.257925,37.880265],[-122.257905,37.880237]]]},"properties":{"APN":"58-2245-12","SitusAddress":"1542 LA LOMA AVE BERKELEY 94708"}},{"type":"Feature","geometry":{"type":"Polygon","coordinates":[[[-122.26211,37.877304],[-122.262254,37.877285],[-122.262297,37.877502],[-122.262156,37.877521],[-122.26211,37.877304]]]},"properties":{"APN":"58-2193-10","SitusAddress":"2414 VIRGINIA ST BERKELEY 94709"}},{"type":"Feature","geometry":{"type":"Polygon","coordinates":[[[-122.267325,37.881686],[-122.267785,37.881628],[-122.267785,37.88163],[-122.267787,37.881642],[-122.267787,37.881643],[-122.2678,37.881765],[-122.267339,37.881823],[-122.267326,37.881701],[-122.267325,37.881688],[-122.267325,37.881686]]]},"properties":{"APN":"59-2258-42","SitusAddress":"1412 OXFORD ST BERKELEY 94709"}},{"type":"Feature","geometry":{"type":"Polygon","coordinates":[[[-122.257866,37.880117],[-122.258084,37.88009],[-122.258074,37.880044],[-122.258112,37.880039],[-122.258128,37.88012],[-122.258176,37.880114],[-122.258184,37.880152],[-122.258215,37.880148],[-122.25823,37.880224],[-122.258199,37.880228],[-122.258194,37.880201],[-122.257905,37.880237],[-122.257895,37.880219],[-122.257887,37.8802],[-122.25788,37.880181],[-122.257875,37.880161],[-122.257866,37.880117]]]},"properties":{"APN":"58-2245-13","SitusAddress":"1546 LA LOMA AVE BERKELEY 94708"}},{"type":"Feature","geometry":{"type":"Polygon","coordinates":[[[-122.258054,37.879941],[-122.258074,37.880044],[-122.258084,37.88009],[-122.257866,37.880117],[-122.257844,37.880004],[-122.257846,37.879994],[-122.257849,37.879984],[-122.257855,37.879974],[-122.257863,37.879965],[-122.258054,37.879941]]]},"properties":{"APN":"58-2245-14-2","SitusAddress":"2661 CEDAR ST BERKELEY 94708"}},{"type":"Feature","geometry":{"type":"Polygon","coordinates":[[[-122.261922,37.877201],[-122.262086,37.877178],[-122.26211,37.877304],[-122.262156,37.877521],[-122.261989,37.877542],[-122.261922,37.877201]]]},"properties":{"APN":"58-2193-11","SitusAddress":"2420 VIRGINIA ST BERKELEY 94709"}},{"type":"Feature","geometry":{"type":"Polygon","coordinates":[[[-122.258074,37.880044],[-122.258054,37.879941],[-122.258235,37.879919],[-122.258285,37.880167],[-122.258251,37.880171],[-122.258261,37.88022],[-122.25823,37.880224],[-122.258215,37.880148],[-122.258184,37.880152],[-122.258176,37.880114],[-122.258128,37.88012],[-122.258112,37.880039],[-122.258074,37.880044]]]},"properties":{"APN":"58-2245-15","SitusAddress":"2647 CEDAR ST BERKELEY 94708"}},{"type":"Feature","geometry":{"type":"Polygon","coordinates":[[[-122.280011,37.874833],[-122.280148,37.874817],[-122.280177,37.875084],[-122.280047,37.8751],[-122.280011,37.874833]]]},"properties":{"APN":"58-2157-19","SitusAddress":"1600 VIRGINIA ST BERKELEY 94703"}},{"type":"Feature","geometry":{"type":"Polygon","coordinates":[[[-122.258406,37.879897],[-122.258406,37.879897],[-122.258407,37.879902],[-122.258424,37.879985],[-122.258437,37.880049],[-122.258437,37.88005],[-122.258438,37.880054],[-122.258454,37.880136],[-122.258473,37.88023],[-122.258474,37.880234],[-122.258474,37.880236],[-122.258474,37.880236],[-122.258474,37.880236],[-122.258303,37.880258],[-122.258285,37.880167],[-122.258235,37.879919],[-122.258406,37.879897]]]},"properties":{"APN":"58-2245-16","SitusAddress":"2639 CEDAR ST BERKELEY 94708"}},{"type":"Feature","geometry":{"type":"Polygon","coordinates":[[[-122.261405,37.877267],[-122.261569,37.877248],[-122.261641,37.877586],[-122.261474,37.87761],[-122.261405,37.877267]]]},"properties":{"APN":"58-2193-13","SitusAddress":"2452 VIRGINIA ST BERKELEY 94709"}},{"type":"Feature","geometry":{"type":"Polygon","coordinates":[[[-122.258406,37.879897],[-122.258758,37.879848],[-122.258786,37.880005],[-122.258438,37.880054],[-122.258437,37.88005],[-122.258437,37.880049],[-122.258424,37.879985],[-122.258407,37.879902],[-122.258406,37.879897]]]},"properties":{"APN":"58-2245-17-3","SitusAddress":"1597 LE ROY AVE BERKELEY 94708"}},{"type":"Feature","geometry":{"type":"Polygon","coordinates":[[[-122.279876,37.87485],[-122.280011,37.874833],[-122.280047,37.8751],[-122.279914,37.875116],[-122.279876,37.87485]]]},"properties":{"APN":"58-2157-20","SitusAddress":"1604 VIRGINIA ST BERKELEY 94703"}},{"type":"Feature","geometry":{"type":"Polygon","coordinates":[[[-122.258438,37.880054],[-122.258786,37.880005],[-122.258803,37.880193],[-122.258474,37.880236],[-122.258474,37.880234],[-122.258473,37.88023],[-122.258454,37.880136],[-122.258438,37.880054]]]},"properties":{"APN":"58-2245-18-3","SitusAddress":"1595 LE ROY AVE BERKELEY 94708"}},{"type":"Feature","geometry":{"type":"Polygon","coordinates":[[[-122.261235,37.877317],[-122.261229,37.877287],[-122.261405,37.877267],[-122.261474,37.87761],[-122.261298,37.877634],[-122.261235,37.877317]]]},"properties":{"APN":"58-2193-14","SitusAddress":"2466 VIRGINIA ST BERKELEY 94709"}},{"type":"Feature","geometry":{"type":"Polygon","coordinates":[[[-122.258944,37.881393],[-122.258933,37.881306],[-122.2594,37.881273],[-122.259414,37.881395],[-122.258948,37.881432],[-122.258944,37.881393]]]},"properties":{"APN":"58-2245-20","SitusAddress":"2564 BUENA VISTA WAY BERKELEY 94708"}},{"type":"Feature","geometry":{"type":"Polygon","coordinates":[[[-122.279738,37.874868],[-122.279876,37.87485],[-122.279914,37.875116],[-122.279767,37.875136],[-122.279738,37.874868]]]},"properties":{"APN":"58-2157-21","SitusAddress":"1608 VIRGINIA ST BERKELEY 94703"}},{"type":"Feature","geometry":{"type":"Polygon","coordinates":[[[-122.258948,37.881432],[-122.259414,37.881395],[-122.259425,37.881534],[-122.258967,37.881574],[-122.258948,37.881432]]]},"properties":{"APN":"58-2245-21","SitusAddress":"2574 BUENA VISTA WAY BERKELEY 94708"}},{"type":"Feature","geometry":{"type":"Polygon","coordinates":[[[-122.261065,37.877452],[-122.261043,37.877343],[-122.261235,37.877317],[-122.261298,37.877634],[-122.261108,37.877657],[-122.261065,37.877452]]]},"properties":{"APN":"58-2193-15","SitusAddress":"2472 VIRGINIA ST BERKELEY 94709"}},{"type":"Feature","geometry":{"type":"Polygon","coordinates":[[[-122.258967,37.881574],[-122.259425,37.881534],[-122.259451,37.881723],[-122.258989,37.881759],[-122.258967,37.881574]]]},"properties":{"APN":"58-2245-22","SitusAddress":"2580 BUENA VISTA WAY BERKELEY 94708"}},{"type":"Feature","geometry":{"type":"Polygon","coordinates":[[[-122.279568,37.874787],[-122.279608,37.874781],[-122.279727,37.874766],[-122.279738,37.874868],[-122.279767,37.875136],[-122.279612,37.875155],[-122.279568,37.874787]]]},"properties":{"APN":"58-2157-22","SitusAddress":"1612 VIRGINIA ST BERKELEY 94703"}},{"type":"Feature","geometry":{"type":"Polygon","coordinates":[[[-122.261569,37.877248],[-122.261746,37.877225],[-122.261922,37.877201],[-122.261989,37.877542],[-122.261641,37.877586],[-122.261569,37.877248]]]},"properties":{"APN":"58-2193-22","SitusAddress":"2444 VIRGINIA ST BERKELEY 94709"}},{"type":"Feature","geometry":{"type":"Polygon","coordinates":[[[-122.259,37.880396],[-122.259157,37.880372],[-122.259181,37.880496],[-122.259136,37.880499],[-122.259087,37.880493],[-122.259054,37.88048],[-122.259027,37.88046],[-122.259009,37.880426],[-122.259,37.880396]]]},"properties":{"APN":"58-2246-1","SitusAddress":"1580 LE ROY AVE BERKELEY 94708"}},{"type":"Feature","geometry":{"type":"Polygon","coordinates":[[[-122.279433,37.874802],[-122.279568,37.874787],[-122.279612,37.875155],[-122.279477,37.875173],[-122.279433,37.874802]]]},"properties":{"APN":"58-2157-23","SitusAddress":"1614 VIRGINIA ST BERKELEY 94703"}},{"type":"Feature","geometry":{"type":"Polygon","coordinates":[[[-122.258994,37.880288],[-122.259262,37.88025],[-122.259281,37.880358],[-122.259157,37.880372],[-122.259,37.880396],[-122.258994,37.880288]]]},"properties":{"APN":"58-2246-2","SitusAddress":"1584 LE ROY AVE BERKELEY 94708"}},{"type":"Feature","geometry":{"type":"Polygon","coordinates":[[[-122.262433,37.877485],[-122.262391,37.877268],[-122.262545,37.877249],[-122.262588,37.877466],[-122.262433,37.877485]]]},"properties":{"APN":"58-2193-26","SitusAddress":"2402 VIRGINIA ST BERKELEY 94709"}},{"type":"Feature","geometry":{"type":"Polygon","coordinates":[[[-122.279309,37.874818],[-122.279433,37.874802],[-122.279477,37.875173],[-122.279353,37.875189],[-122.279309,37.874818]]]},"properties":{"APN":"58-2157-24","SitusAddress":"1616 VIRGINIA ST BERKELEY 94703"}},{"type":"Feature","geometry":{"type":"Polygon","coordinates":[[[-122.258981,37.880195],[-122.259242,37.880154],[-122.259262,37.88025],[-122.258994,37.880288],[-122.258981,37.880195]]]},"properties":{"APN":"58-2246-3","SitusAddress":"1586 LE ROY AVE BERKELEY 94708"}},{"type":"Feature","geometry":{"type":"Polygon","coordinates":[[[-122.262433,37.877485],[-122.262297,37.877502],[-122.262254,37.877285],[-122.262391,37.877268],[-122.262433,37.877485]]]},"properties":{"APN":"58-2193-30","SitusAddress":"2408 VIRGINIA ST BERKELEY 94709"}},{"type":"Feature","geometry":{"type":"Polygon","coordinates":[[[-122.25897,37.88009],[-122.259219,37.880054],[-122.259236,37.880129],[-122.259242,37.880154],[-122.258981,37.880195],[-122.25897,37.88009]]]},"properties":{"APN":"58-2246-4","SitusAddress":"1590 LE ROY AVE BERKELEY 94708"}},{"type":"Feature","geometry":{"type":"Polygon","coordinates":[[[-122.279174,37.874836],[-122.279309,37.874818],[-122.279353,37.875189],[-122.27922,37.875207],[-122.279174,37.874836]]]},"properties":{"APN":"58-2157-25","SitusAddress":"1618 VIRGINIA ST BERKELEY 94703"}},{"type":"Feature","geometry":{"type":"Polygon","coordinates":[[[-122.258955,37.87998],[-122.259194,37.879947],[-122.259219,37.880054],[-122.25897,37.88009],[-122.258955,37.87998]]]},"properties":{"APN":"58-2246-5","SitusAddress":"1594 LE ROY AVE BERKELEY 94708"}},{"type":"Feature","geometry":{"type":"Polygon","coordinates":[[[-122.260921,37.878318],[-122.261085,37.878299],[-122.261127,37.87852],[-122.260969,37.878539],[-122.260921,37.878318]]]},"properties":{"APN":"58-2194-1","SitusAddress":"1652 EUCLID AVE BERKELEY 94709"}},{"type":"Feature","geometry":{"type":"Polygon","coordinates":[[[-122.279038,37.874853],[-122.279174,37.874836],[-122.27922,37.875207],[-122.279081,37.875225],[-122.279038,37.874853]]]},"properties":{"APN":"58-2157-26","SitusAddress":"1622 VIRGINIA ST BERKELEY 94703"}},{"type":"Feature","geometry":{"type":"Polygon","coordinates":[[[-122.259159,37.879798],[-122.259194,37.879947],[-122.258955,37.87998],[-122.258938,37.879829],[-122.259159,37.879798]]]},"properties":{"APN":"58-2246-6","SitusAddress":"1596 LE ROY AVE BERKELEY 94708"}},{"type":"Feature","geometry":{"type":"Polygon","coordinates":[[[-122.259219,37.880054],[-122.259194,37.879947],[-122.259159,37.879798],[-122.259297,37.879781],[-122.259371,37.880111],[-122.259236,37.880129],[-122.259219,37.880054]]]},"properties":{"APN":"58-2246-7","SitusAddress":"2583 CEDAR ST BERKELEY 94708"}},{"type":"Feature","geometry":{"type":"Polygon","coordinates":[[[-122.260897,37.878198],[-122.261061,37.878176],[-122.261085,37.878299],[-122.260921,37.878318],[-122.260897,37.878198]]]},"properties":{"APN":"58-2194-2","SitusAddress":"1668 EUCLID AVE BERKELEY 94709"}},{"type":"Feature","geometry":{"type":"Polygon","coordinates":[[[-122.278903,37.874871],[-122.279038,37.874853],[-122.279081,37.875225],[-122.278952,37.875241],[-122.278903,37.874871]]]},"properties":{"APN":"58-2157-27","SitusAddress":"1624 VIRGINIA ST BERKELEY 94703"}},{"type":"Feature","geometry":{"type":"Polygon","coordinates":[[[-122.26826,37.881707],[-122.268275,37.881844],[-122.267814,37.881902],[-122.2678,37.881765],[-122.26826,37.881707]]]},"properties":{"APN":"59-2258-52","SitusAddress":" WALNUT ST BERKELEY 94709"}},{"type":"Feature","geometry":{"type":"Polygon","coordinates":[[[-122.259297,37.879781],[-122.259473,37.879759],[-122.259551,37.880088],[-122.259371,37.880111],[-122.259297,37.879781]]]},"properties":{"APN":"58-2246-8","SitusAddress":"2575 CEDAR ST BERKELEY 94708"}},{"type":"Feature","geometry":{"type":"Polygon","coordinates":[[[-122.26776,37.881395],[-122.26776,37.881395],[-122.267756,37.881354],[-122.267757,37.881354],[-122.267757,37.881354],[-122.267792,37.88135],[-122.268217,37.881296],[-122.268231,37.881434],[-122.267821,37.881485],[-122.267772,37.881491],[-122.267771,37.881492],[-122.26776,37.881396],[-122.26776,37.881396],[-122.26776,37.881395]]]},"properties":{"APN":"59-2258-59","SitusAddress":"1423 WALNUT ST BERKELEY 94709"}},{"type":"Feature","geometry":{"type":"Polygon","coordinates":[[[-122.260875,37.878088],[-122.261067,37.878062],[-122.261207,37.878043],[-122.26123,37.878154],[-122.261061,37.878176],[-122.260897,37.878198],[-122.260875,37.878088]]]},"properties":{"APN":"58-2194-3","SitusAddress":"1674 EUCLID AVE BERKELEY 94709"}},{"type":"Feature","geometry":{"type":"Polygon","coordinates":[[[-122.259664,37.879736],[-122.259824,37.879717],[-122.259873,37.879927],[-122.25989,37.880005],[-122.259729,37.88003],[-122.259664,37.879736]]]},"properties":{"APN":"58-2246-9","SitusAddress":"2559 CEDAR ST BERKELEY 94708"}},{"type":"Feature","geometry":{"type":"Polygon","coordinates":[[[-122.27876,37.874887],[-122.278903,37.874871],[-122.278952,37.875241],[-122.278807,37.875259],[-122.27876,37.874887]]]},"properties":{"APN":"58-2157-28","SitusAddress":"1626 VIRGINIA ST BERKELEY 94703"}},{"type":"Feature","geometry":{"type":"Polygon","coordinates":[[[-122.26737,37.880061],[-122.267605,37.880032],[-122.268068,37.879974],[-122.268103,37.880294],[-122.267402,37.880378],[-122.26737,37.880061]]]},"properties":{"APN":"59-2259-1-1","SitusAddress":"1501 WALNUT ST BERKELEY 94709"}},{"type":"Feature","geometry":{"type":"Polygon","coordinates":[[[-122.259824,37.879717],[-122.25998,37.879697],[-122.260014,37.879849],[-122.260028,37.879906],[-122.259873,37.879927],[-122.259824,37.879717]]]},"properties":{"APN":"58-2246-10","SitusAddress":"2545 CEDAR ST BERKELEY 94708"}},{"type":"Feature","geometry":{"type":"Polygon","coordinates":[[[-122.261018,37.877833],[-122.261067,37.878062],[-122.260875,37.878088],[-122.260827,37.877862],[-122.261018,37.877833]]]},"properties":{"APN":"58-2194-4","SitusAddress":"1694 EUCLID AVE BERKELEY 94709"}},{"type":"Feature","geometry":{"type":"Polygon","coordinates":[[[-122.267144,37.880092],[-122.26737,37.880061],[-122.267402,37.880378],[-122.26718,37.880405],[-122.267144,37.880092]]]},"properties":{"APN":"59-2259-3","SitusAddress":"2160 VINE ST BERKELEY 94709"}},{"type":"Feature","geometry":{"type":"Polygon","coordinates":[[[-122.25998,37.879697],[-122.260175,37.879671],[-122.26021,37.879821],[-122.260014,37.879849],[-122.25998,37.879697]]]},"properties":{"APN":"58-2246-11","SitusAddress":" CEDAR ST BERKELEY 94708"}},{"type":"Feature","geometry":{"type":"Polygon","coordinates":[[[-122.278618,37.874907],[-122.27876,37.874887],[-122.278807,37.875259],[-122.278663,37.875277],[-122.278618,37.874907]]]},"properties":{"APN":"58-2157-29","SitusAddress":"1628 VIRGINIA ST BERKELEY 94703"}},{"type":"Feature","geometry":{"type":"Polygon","coordinates":[[[-122.267132,37.879966],[-122.267595,37.879906],[-122.267605,37.880032],[-122.26737,37.880061],[-122.267144,37.880092],[-122.267132,37.879966]]]},"properties":{"APN":"59-2259-4","SitusAddress":"1506 OXFORD ST BERKELEY 94709"}},{"type":"Feature","geometry":{"type":"Polygon","coordinates":[[[-122.26021,37.879821],[-122.260175,37.879671],[-122.260342,37.87965],[-122.2604,37.879876],[-122.260313,37.879879],[-122.260282,37.879892],[-122.260271,37.879905],[-122.260262,37.879919],[-122.260266,37.87993],[-122.260233,37.879933],[-122.26021,37.879821]]]},"properties":{"APN":"58-2246-12","SitusAddress":"2522 HILL CT BERKELEY 94708"}},{"type":"Feature","geometry":{"type":"Polygon","coordinates":[[[-122.261018,37.877833],[-122.26116,37.877819],[-122.261207,37.878043],[-122.261067,37.878062],[-122.261018,37.877833]]]},"properties":{"APN":"58-2194-5","SitusAddress":"2479 VIRGINIA ST BERKELEY 94709"}},{"type":"Feature","geometry":{"type":"Polygon","coordinates":[[[-122.278485,37.874925],[-122.278618,37.874907],[-122.278663,37.875277],[-122.278537,37.875293],[-122.278485,37.874925]]]},"properties":{"APN":"58-2157-30","SitusAddress":"1630 VIRGINIA ST BERKELEY 94703"}},{"type":"Feature","geometry":{"type":"Polygon","coordinates":[[[-122.267113,37.879838],[-122.267574,37.879781],[-122.267577,37.879796],[-122.267595,37.879906],[-122.267132,37.879966],[-122.267113,37.879838]]]},"properties":{"APN":"59-2259-5","SitusAddress":"1510 OXFORD ST BERKELEY 94709"}},{"type":"Feature","geometry":{"type":"Polygon","coordinates":[[[-122.2604,37.879876],[-122.260342,37.87965],[-122.260501,37.879631],[-122.260532,37.879771],[-122.260569,37.879933],[-122.260486,37.879934],[-122.26046,37.87993],[-122.260444,37.879919],[-122.260426,37.879893],[-122.2604,37.879876]]]},"properties":{"APN":"58-2246-13","SitusAddress":"2518 HILL CT BERKELEY 94708"}},{"type":"Feature","geometry":{"type":"Polygon","coordinates":[[[-122.261207,37.878043],[-122.26116,37.877819],[-122.261507,37.877771],[-122.261578,37.878115],[-122.261403,37.878133],[-122.26123,37.878154],[-122.261207,37.878043]]]},"properties":{"APN":"58-2194-6","SitusAddress":"2477 VIRGINIA ST BERKELEY 94709"}},{"type":"Feature","geometry":{"type":"Polygon","coordinates":[[[-122.2671,37.879729],[-122.267542,37.879672],[-122.267545,37.879704],[-122.267564,37.879702],[-122.267574,37.879781],[-122.267113,37.879838],[-122.2671,37.879729]]]},"properties":{"APN":"59-2259-6","SitusAddress":"1512 OXFORD ST BERKELEY 94709"}},{"type":"Feature","geometry":{"type":"Polygon","coordinates":[[[-122.260501,37.879631],[-122.260678,37.879604],[-122.26072,37.879762],[-122.260719,37.879762],[-122.260532,37.879771],[-122.260501,37.879631]]]},"properties":{"APN":"58-2246-14","SitusAddress":"2517 CEDAR ST BERKELEY 94708"}},{"type":"Feature","geometry":{"type":"Polygon","coordinates":[[[-122.267085,37.879597],[-122.267529,37.879544],[-122.267538,37.879626],[-122.267542,37.879672],[-122.2671,37.879729],[-122.267085,37.879597]]]},"properties":{"APN":"59-2259-7","SitusAddress":"1514 OXFORD ST BERKELEY 94709"}},{"type":"Feature","geometry":{"type":"Polygon","coordinates":[[[-122.261507,37.877771],[-122.261676,37.877747],[-122.261751,37.878092],[-122.261578,37.878115],[-122.261507,37.877771]]]},"properties":{"APN":"58-2194-7","SitusAddress":"2457 VIRGINIA ST BERKELEY 94709"}},{"type":"Feature","geometry":{"type":"Polygon","coordinates":[[[-122.267064,37.879439],[-122.267529,37.879379],[-122.267542,37.879511],[-122.267546,37.879541],[-122.267529,37.879544],[-122.267085,37.879597],[-122.267064,37.879439]]]},"properties":{"APN":"59-2259-8","SitusAddress":"1522 OXFORD ST BERKELEY 94709"}},{"type":"Feature","geometry":{"type":"Polygon","coordinates":[[[-122.260678,37.879604],[-122.260935,37.879572],[-122.260938,37.879738],[-122.260932,37.879739],[-122.260885,37.879744],[-122.26072,37.879762],[-122.260678,37.879604]]]},"properties":{"APN":"58-2246-15-1","SitusAddress":"2505 CEDAR ST BERKELEY 94708"}},{"type":"Feature","geometry":{"type":"Polygon","coordinates":[[[-122.267048,37.87927],[-122.267509,37.879214],[-122.267529,37.879379],[-122.267064,37.879439],[-122.267048,37.87927]]]},"properties":{"APN":"59-2259-9","SitusAddress":"1528 OXFORD ST BERKELEY 94709"}},{"type":"Feature","geometry":{"type":"Polygon","coordinates":[[[-122.260971,37.879932],[-122.260959,37.879865],[-122.260955,37.879842],[-122.261242,37.879806],[-122.261295,37.879911],[-122.261311,37.88],[-122.261265,37.879985],[-122.26118,37.879963],[-122.261127,37.879953],[-122.261078,37.879944],[-122.261026,37.879935],[-122.260971,37.879932]]]},"properties":{"APN":"58-2246-15-5","SitusAddress":"2504 HILL CT BERKELEY 94708"}},{"type":"Feature","geometry":{"type":"Polygon","coordinates":[[[-122.261676,37.877747],[-122.261849,37.877724],[-122.26192,37.878067],[-122.261751,37.878092],[-122.261676,37.877747]]]},"properties":{"APN":"58-2194-8","SitusAddress":"2445 VIRGINIA ST BERKELEY 94709"}},{"type":"Feature","geometry":{"type":"Polygon","coordinates":[[[-122.267026,37.879073],[-122.267318,37.879032],[-122.267442,37.879015],[-122.267596,37.878994],[-122.2676,37.879035],[-122.267552,37.87904],[-122.267573,37.879206],[-122.267509,37.879214],[-122.267048,37.87927],[-122.267026,37.879073]]]},"properties":{"APN":"59-2259-10","SitusAddress":"1536 OXFORD ST BERKELEY 94709"}},{"type":"Feature","geometry":{"type":"Polygon","coordinates":[[[-122.260719,37.879762],[-122.26072,37.879762],[-122.260721,37.879768],[-122.260744,37.879902],[-122.260747,37.879921],[-122.260569,37.879933],[-122.260532,37.879771],[-122.260719,37.879762]]]},"properties":{"APN":"58-2246-16","SitusAddress":"2514 HILL CT BERKELEY 94708"}},{"type":"Feature","geometry":{"type":"Polygon","coordinates":[[[-122.267005,37.878925],[-122.26719,37.8789],[-122.267193,37.878913],[-122.267302,37.878902],[-122.267318,37.879032],[-122.267026,37.879073],[-122.267005,37.878925]]]},"properties":{"APN":"59-2259-11","SitusAddress":"1544 OXFORD ST BERKELEY 94709"}},{"type":"Feature","geometry":{"type":"Polygon","coordinates":[[[-122.260028,37.879906],[-122.260014,37.879849],[-122.26021,37.879821],[-122.260233,37.879933],[-122.260247,37.879988],[-122.260053,37.880016],[-122.260028,37.879906]]]},"properties":{"APN":"58-2246-17","SitusAddress":"2525 HILL CT BERKELEY 94708"}},{"type":"Feature","geometry":{"type":"Polygon","coordinates":[[[-122.261849,37.877724],[-122.262018,37.877701],[-122.262091,37.878048],[-122.26203,37.878053],[-122.26192,37.878067],[-122.261849,37.877724]]]},"properties":{"APN":"58-2194-9","SitusAddress":"2435 VIRGINIA ST BERKELEY 94709"}},{"type":"Feature","geometry":{"type":"Polygon","coordinates":[[[-122.267285,37.878738],[-122.267302,37.878902],[-122.267193,37.878913],[-122.26719,37.8789],[-122.267005,37.878925],[-122.266991,37.878778],[-122.267285,37.878738]]]},"properties":{"APN":"59-2259-12","SitusAddress":"1550 OXFORD ST BERKELEY 94709"}},{"type":"Feature","geometry":{"type":"Polygon","coordinates":[[[-122.260101,37.880228],[-122.260053,37.880016],[-122.260247,37.879988],[-122.260289,37.880191],[-122.260217,37.88027],[-122.260184,37.880257],[-122.260152,37.880244],[-122.260101,37.880228]]]},"properties":{"APN":"58-2246-18","SitusAddress":"1544 LE ROY AVE BERKELEY 94708"}},{"type":"Feature","geometry":{"type":"Polygon","coordinates":[[[-122.267302,37.878902],[-122.267285,37.878738],[-122.267407,37.878723],[-122.267442,37.879015],[-122.267318,37.879032],[-122.267302,37.878902]]]},"properties":{"APN":"59-2259-13","SitusAddress":"2143 CEDAR ST BERKELEY 94709"}},{"type":"Feature","geometry":{"type":"Polygon","coordinates":[[[-122.260247,37.879988],[-122.260233,37.879933],[-122.260266,37.87993],[-122.260272,37.879967],[-122.26031,37.879982],[-122.260375,37.879981],[-122.260419,37.880174],[-122.260289,37.880191],[-122.260247,37.879988]]]},"properties":{"APN":"58-2246-19","SitusAddress":"2521 HILL CT BERKELEY 94708"}},{"type":"Feature","geometry":{"type":"Polygon","coordinates":[[[-122.262183,37.877685],[-122.262354,37.87766],[-122.262377,37.877784],[-122.262409,37.877938],[-122.262243,37.877959],[-122.262183,37.877685]]]},"properties":{"APN":"58-2194-11","SitusAddress":"2423 VIRGINIA ST BERKELEY 94709"}},{"type":"Feature","geometry":{"type":"Polygon","coordinates":[[[-122.267407,37.878723],[-122.267563,37.878706],[-122.267596,37.878994],[-122.267442,37.879015],[-122.267407,37.878723]]]},"properties":{"APN":"59-2259-14","SitusAddress":"2135 CEDAR ST BERKELEY 94709"}},{"type":"Feature","geometry":{"type":"Polygon","coordinates":[[[-122.260375,37.879981],[-122.260501,37.87998],[-122.260536,37.880159],[-122.260419,37.880174],[-122.260375,37.879981]]]},"properties":{"APN":"58-2246-20","SitusAddress":"2519 HILL CT BERKELEY 94708"}},{"type":"Feature","geometry":{"type":"Polygon","coordinates":[[[-122.267596,37.878994],[-122.267563,37.878706],[-122.267744,37.878683],[-122.267759,37.878808],[-122.26777,37.878903],[-122.267785,37.879015],[-122.2676,37.879035],[-122.267596,37.878994]]]},"properties":{"APN":"59-2259-15","SitusAddress":"2125 CEDAR ST BERKELEY 94709"}},{"type":"Feature","geometry":{"type":"Polygon","coordinates":[[[-122.260501,37.87998],[-122.260761,37.879966],[-122.260794,37.880126],[-122.260733,37.880134],[-122.260536,37.880159],[-122.260501,37.87998]]]},"properties":{"APN":"58-2246-21","SitusAddress":"2515 HILL CT BERKELEY 94708"}},{"type":"Feature","geometry":{"type":"Polygon","coordinates":[[[-122.262354,37.87766],[-122.262627,37.877629],[-122.262654,37.877747],[-122.262377,37.877784],[-122.262354,37.87766]]]},"properties":{"APN":"58-2194-12","SitusAddress":"2403 VIRGINIA ST BERKELEY 94709"}},{"type":"Feature","geometry":{"type":"Polygon","coordinates":[[[-122.267759,37.878808],[-122.267927,37.87879],[-122.267938,37.878889],[-122.26777,37.878903],[-122.267759,37.878808]]]},"properties":{"APN":"59-2259-17","SitusAddress":"1543 WALNUT ST BERKELEY 94709"}},{"type":"Feature","geometry":{"type":"Polygon","coordinates":[[[-122.260733,37.880134],[-122.260794,37.880126],[-122.260761,37.879966],[-122.260878,37.879964],[-122.260925,37.880166],[-122.260826,37.880178],[-122.260851,37.880287],[-122.260768,37.880299],[-122.260733,37.880134]]]},"properties":{"APN":"58-2246-22-1","SitusAddress":"2511 HILL CT BERKELEY 94708"}},{"type":"Feature","geometry":{"type":"Polygon","coordinates":[[[-122.26777,37.878903],[-122.267938,37.878889],[-122.267954,37.878997],[-122.267785,37.879015],[-122.26777,37.878903]]]},"properties":{"APN":"59-2259-18","SitusAddress":"1539 WALNUT ST BERKELEY 94709"}},{"type":"Feature","geometry":{"type":"Polygon","coordinates":[[[-122.260878,37.879964],[-122.260989,37.879972],[-122.261028,37.880151],[-122.260925,37.880166],[-122.260878,37.879964]]]},"properties":{"APN":"58-2246-23","SitusAddress":"2509 HILL CT BERKELEY 94708"}},{"type":"Feature","geometry":{"type":"Polygon","coordinates":[[[-122.262377,37.877784],[-122.262654,37.877747],[-122.262685,37.877903],[-122.262409,37.877938],[-122.262377,37.877784]]]},"properties":{"APN":"58-2194-13","SitusAddress":"1681 SCENIC AVE BERKELEY 94709"}},{"type":"Feature","geometry":{"type":"Polygon","coordinates":[[[-122.2676,37.879035],[-122.267785,37.879015],[-122.267954,37.878997],[-122.26797,37.879159],[-122.267573,37.879206],[-122.267552,37.87904],[-122.2676,37.879035]]]},"properties":{"APN":"59-2259-19","SitusAddress":"1533 WALNUT ST BERKELEY 94709"}},{"type":"Feature","geometry":{"type":"Polygon","coordinates":[[[-122.260989,37.879972],[-122.261035,37.879976],[-122.261108,37.879988],[-122.26119,37.880008],[-122.261317,37.880041],[-122.261336,37.880109],[-122.261028,37.880151],[-122.260989,37.879972]]]},"properties":{"APN":"58-2246-24","SitusAddress":"2501 HILL CT BERKELEY 94708"}},{"type":"Feature","geometry":{"type":"Polygon","coordinates":[[[-122.267509,37.879214],[-122.267573,37.879206],[-122.26797,37.879159],[-122.267988,37.879317],[-122.267529,37.879379],[-122.267509,37.879214]]]},"properties":{"APN":"59-2259-20","SitusAddress":"1527 WALNUT ST BERKELEY 94709"}},{"type":"Feature","geometry":{"type":"Polygon","coordinates":[[[-122.261123,37.880277],[-122.261362,37.880246],[-122.261398,37.880399],[-122.261322,37.880409],[-122.261279,37.880416],[-122.261251,37.880426],[-122.2612,37.880438],[-122.261123,37.880277]]]},"properties":{"APN":"58-2246-26","SitusAddress":"2500 BUENA VISTA WAY BERKELEY 94708"}},{"type":"Feature","geometry":{"type":"Polygon","coordinates":[[[-122.262258,37.878025],[-122.262243,37.877959],[-122.262409,37.877938],[-122.262685,37.877903],[-122.262713,37.878038],[-122.262452,37.878072],[-122.262272,37.878096],[-122.262258,37.878025]]]},"properties":{"APN":"58-2194-14","SitusAddress":"1675 SCENIC AVE BERKELEY 94709"}},{"type":"Feature","geometry":{"type":"Polygon","coordinates":[[[-122.267529,37.879379],[-122.267988,37.879317],[-122.268006,37.879486],[-122.267546,37.879541],[-122.267542,37.879511],[-122.267529,37.879379]]]},"properties":{"APN":"59-2259-21","SitusAddress":"1525 WALNUT ST BERKELEY 94709"}},{"type":"Feature","geometry":{"type":"Polygon","coordinates":[[[-122.260959,37.8803],[-122.261123,37.880277],[-122.2612,37.880438],[-122.261148,37.880457],[-122.261105,37.880471],[-122.261062,37.880488],[-122.260959,37.8803]]]},"properties":{"APN":"58-2246-27","SitusAddress":"2506 BUENA VISTA WAY BERKELEY 94708"}},{"type":"Feature","geometry":{"type":"Polygon","coordinates":[[[-122.267529,37.879544],[-122.267546,37.879541],[-122.268006,37.879486],[-122.268018,37.879569],[-122.267538,37.879626],[-122.267529,37.879544]]]},"properties":{"APN":"59-2259-22","SitusAddress":"1523 WALNUT ST BERKELEY 94709"}},{"type":"Feature","geometry":{"type":"Polygon","coordinates":[[[-122.262452,37.878072],[-122.262713,37.878038],[-122.262742,37.878172],[-122.262478,37.878208],[-122.262452,37.878072]]]},"properties":{"APN":"58-2194-15","SitusAddress":"1665 SCENIC AVE BERKELEY 94709"}},{"type":"Feature","geometry":{"type":"Polygon","coordinates":[[[-122.267542,37.879672],[-122.267538,37.879626],[-122.268018,37.879569],[-122.268029,37.879644],[-122.267564,37.879702],[-122.267545,37.879704],[-122.267542,37.879672]]]},"properties":{"APN":"59-2259-23","SitusAddress":"1521 WALNUT ST BERKELEY 94709"}},{"type":"Feature","geometry":{"type":"Polygon","coordinates":[[[-122.267574,37.879781],[-122.267564,37.879702],[-122.268029,37.879644],[-122.268041,37.879741],[-122.267577,37.879796],[-122.267574,37.879781]]]},"properties":{"APN":"59-2259-24","SitusAddress":"1519 WALNUT ST BERKELEY 94709"}},{"type":"Feature","geometry":{"type":"Polygon","coordinates":[[[-122.262272,37.878096],[-122.262452,37.878072],[-122.262478,37.878208],[-122.262503,37.87834],[-122.262325,37.878361],[-122.262272,37.878096]]]},"properties":{"APN":"58-2194-17","SitusAddress":"2422 HILGARD AVE BERKELEY 94709"}},{"type":"Feature","geometry":{"type":"Polygon","coordinates":[[[-122.260886,37.880442],[-122.260857,37.880313],[-122.260959,37.8803],[-122.261062,37.880488],[-122.261047,37.880495],[-122.261016,37.880507],[-122.26099,37.880521],[-122.260944,37.880545],[-122.260913,37.880566],[-122.260886,37.880442]]]},"properties":{"APN":"58-2246-28","SitusAddress":"2514 BUENA VISTA WAY BERKELEY 94708"}},{"type":"Feature","geometry":{"type":"Polygon","coordinates":[[[-122.267577,37.879796],[-122.268041,37.879741],[-122.268047,37.879845],[-122.267595,37.879906],[-122.267577,37.879796]]]},"properties":{"APN":"59-2259-25","SitusAddress":"1517 WALNUT ST BERKELEY 94709"}},{"type":"Feature","geometry":{"type":"Polygon","coordinates":[[[-122.260703,37.880599],[-122.26063,37.880508],[-122.260619,37.880478],[-122.260886,37.880442],[-122.260913,37.880566],[-122.260859,37.880598],[-122.26082,37.880624],[-122.260785,37.880641],[-122.260751,37.880658],[-122.260703,37.880599]]]},"properties":{"APN":"58-2246-29","SitusAddress":"2518 BUENA VISTA WAY BERKELEY 94708"}},{"type":"Feature","geometry":{"type":"Polygon","coordinates":[[[-122.267595,37.879906],[-122.268047,37.879845],[-122.268068,37.879974],[-122.267605,37.880032],[-122.267595,37.879906]]]},"properties":{"APN":"59-2259-26","SitusAddress":"1511 WALNUT ST BERKELEY 94709"}},{"type":"Feature","geometry":{"type":"Polygon","coordinates":[[[-122.262139,37.878041],[-122.262258,37.878025],[-122.262272,37.878096],[-122.262325,37.878361],[-122.262204,37.878378],[-122.262139,37.878041]]]},"properties":{"APN":"58-2194-18","SitusAddress":"2426 HILGARD AVE BERKELEY 94709"}},{"type":"Feature","geometry":{"type":"Polygon","coordinates":[[[-122.260387,37.880641],[-122.260703,37.880599],[-122.260751,37.880658],[-122.260588,37.88072],[-122.260462,37.880749],[-122.260424,37.880743],[-122.260395,37.880713],[-122.260387,37.880641]]]},"properties":{"APN":"58-2246-30","SitusAddress":"2530 BUENA VISTA WAY BERKELEY 94708"}},{"type":"Feature","geometry":{"type":"Polygon","coordinates":[[[-122.267744,37.878683],[-122.267912,37.878664],[-122.267927,37.87879],[-122.267759,37.878808],[-122.267744,37.878683]]]},"properties":{"APN":"59-2259-30","SitusAddress":"2121 CEDAR ST BERKELEY 94709"}},{"type":"Feature","geometry":{"type":"Polygon","coordinates":[[[-122.26037,37.880512],[-122.260408,37.880507],[-122.260619,37.880478],[-122.26063,37.880508],[-122.260703,37.880599],[-122.260387,37.880641],[-122.26037,37.880512]]]},"properties":{"APN":"58-2246-31","SitusAddress":"1536 LE ROY AVE BERKELEY 94708"}},{"type":"Feature","geometry":{"type":"Polygon","coordinates":[[[-122.26203,37.878053],[-122.262091,37.878048],[-122.262139,37.878041],[-122.262204,37.878378],[-122.262097,37.878394],[-122.26203,37.878053]]]},"properties":{"APN":"58-2194-19","SitusAddress":"2432 HILGARD AVE BERKELEY 94709"}},{"type":"Feature","geometry":{"type":"Polygon","coordinates":[[[-122.268833,37.879932],[-122.269135,37.879893],[-122.269167,37.88016],[-122.26886,37.880199],[-122.268833,37.879932]]]},"properties":{"APN":"59-2260-1","SitusAddress":"2100 VINE ST BERKELEY 94709"}},{"type":"Feature","geometry":{"type":"Polygon","coordinates":[[[-122.260328,37.880371],[-122.260363,37.880355],[-122.260768,37.880299],[-122.260851,37.880287],[-122.260857,37.880313],[-122.260886,37.880442],[-122.260619,37.880478],[-122.260408,37.880507],[-122.26037,37.880512],[-122.260354,37.88041],[-122.260328,37.880371]]]},"properties":{"APN":"58-2246-32","SitusAddress":"1540 LE ROY AVE BERKELEY 94708"}},{"type":"Feature","geometry":{"type":"Polygon","coordinates":[[[-122.268268,37.879881],[-122.268693,37.879831],[-122.268706,37.879948],[-122.268833,37.879932],[-122.26886,37.880199],[-122.268316,37.880265],[-122.268268,37.879881]]]},"properties":{"APN":"59-2260-2-1","SitusAddress":"2110 VINE ST BERKELEY 94709"}},{"type":"Feature","geometry":{"type":"Polygon","coordinates":[[[-122.260217,37.88027],[-122.260289,37.880191],[-122.260419,37.880174],[-122.260536,37.880159],[-122.260733,37.880134],[-122.260768,37.880299],[-122.260363,37.880355],[-122.260328,37.880371],[-122.260277,37.880315],[-122.260217,37.88027]]]},"properties":{"APN":"58-2246-33-2","SitusAddress":"1542 LE ROY AVE BERKELEY 94708"}},{"type":"Feature","geometry":{"type":"Polygon","coordinates":[[[-122.26192,37.878067],[-122.26203,37.878053],[-122.262097,37.878394],[-122.261988,37.878407],[-122.26192,37.878067]]]},"properties":{"APN":"58-2194-20","SitusAddress":"2440 HILGARD AVE BERKELEY 94709"}},{"type":"Feature","geometry":{"type":"Polygon","coordinates":[[[-122.268257,37.879774],[-122.26868,37.879719],[-122.268684,37.879741],[-122.268693,37.879831],[-122.268268,37.879881],[-122.268257,37.879774]]]},"properties":{"APN":"59-2260-4","SitusAddress":"1512 WALNUT ST BERKELEY 94709"}},{"type":"Feature","geometry":{"type":"Polygon","coordinates":[[[-122.25994,37.880226],[-122.25989,37.880005],[-122.259873,37.879927],[-122.260028,37.879906],[-122.260053,37.880016],[-122.260101,37.880228],[-122.260032,37.880222],[-122.259983,37.880219],[-122.25994,37.880226]]]},"properties":{"APN":"58-2246-34","SitusAddress":"1546 LE ROY AVE BERKELEY 94708"}},{"type":"Feature","geometry":{"type":"Polygon","coordinates":[[[-122.268239,37.879674],[-122.268669,37.879624],[-122.268675,37.879664],[-122.26868,37.879719],[-122.268257,37.879774],[-122.268239,37.879674]]]},"properties":{"APN":"59-2260-5","SitusAddress":"1514 WALNUT ST BERKELEY 94709"}},{"type":"Feature","geometry":{"type":"Polygon","coordinates":[[[-122.261751,37.878092],[-122.26192,37.878067],[-122.261988,37.878407],[-122.261816,37.87843],[-122.261751,37.878092]]]},"properties":{"APN":"58-2194-21","SitusAddress":"2444 HILGARD AVE BERKELEY 94709"}},{"type":"Feature","geometry":{"type":"Polygon","coordinates":[[[-122.259729,37.88003],[-122.25989,37.880005],[-122.25994,37.880226],[-122.259786,37.880281],[-122.259729,37.88003]]]},"properties":{"APN":"58-2246-35","SitusAddress":"1550 LE ROY AVE BERKELEY 94708"}},{"type":"Feature","geometry":{"type":"Polygon","coordinates":[[[-122.268231,37.879556],[-122.268656,37.879507],[-122.268663,37.879573],[-122.268669,37.879624],[-122.268239,37.879674],[-122.268231,37.879556]]]},"properties":{"APN":"59-2260-6","SitusAddress":"1516 WALNUT ST BERKELEY 94709"}},{"type":"Feature","geometry":{"type":"Polygon","coordinates":[[[-122.268216,37.879448],[-122.268626,37.8794],[-122.268643,37.879396],[-122.268656,37.879507],[-122.268231,37.879556],[-122.268216,37.879448]]]},"properties":{"APN":"59-2260-7","SitusAddress":"1518 WALNUT ST BERKELEY 94709"}},{"type":"Feature","geometry":{"type":"Polygon","coordinates":[[[-122.268195,37.879282],[-122.268605,37.879236],[-122.268626,37.8794],[-122.268216,37.879448],[-122.268195,37.879282]]]},"properties":{"APN":"59-2260-8","SitusAddress":"1526 WALNUT ST BERKELEY 94709"}},{"type":"Feature","geometry":{"type":"Polygon","coordinates":[[[-122.259551,37.880088],[-122.259473,37.879759],[-122.259664,37.879736],[-122.259729,37.88003],[-122.259786,37.880281],[-122.259612,37.880341],[-122.259551,37.880088]]]},"properties":{"APN":"58-2246-36","SitusAddress":"1554 LE ROY AVE BERKELEY 94708"}},{"type":"Feature","geometry":{"type":"Polygon","coordinates":[[[-122.261578,37.878115],[-122.261751,37.878092],[-122.261816,37.87843],[-122.261645,37.878452],[-122.261578,37.878115]]]},"properties":{"APN":"58-2194-22","SitusAddress":"2456 HILGARD AVE BERKELEY 94709"}},{"type":"Feature","geometry":{"type":"Polygon","coordinates":[[[-122.259371,37.880111],[-122.259551,37.880088],[-122.259612,37.880341],[-122.259439,37.880405],[-122.259371,37.880111]]]},"properties":{"APN":"58-2246-37","SitusAddress":"1562 LE ROY AVE BERKELEY 94708"}},{"type":"Feature","geometry":{"type":"Polygon","coordinates":[[[-122.26818,37.879163],[-122.268603,37.879117],[-122.268624,37.879234],[-122.268605,37.879236],[-122.268195,37.879282],[-122.26818,37.879163]]]},"properties":{"APN":"59-2260-9","SitusAddress":"1528 WALNUT ST BERKELEY 94709"}},{"type":"Feature","geometry":{"type":"Polygon","coordinates":[[[-122.261403,37.878133],[-122.261578,37.878115],[-122.261645,37.878452],[-122.261474,37.878471],[-122.261403,37.878133]]]},"properties":{"APN":"58-2194-23","SitusAddress":"2466 HILGARD AVE BERKELEY 94709"}},{"type":"Feature","geometry":{"type":"Polygon","coordinates":[[[-122.259281,37.880358],[-122.259262,37.88025],[-122.259242,37.880154],[-122.259236,37.880129],[-122.259371,37.880111],[-122.259439,37.880405],[-122.259301,37.880455],[-122.259281,37.880358]]]},"properties":{"APN":"58-2246-38","SitusAddress":"1570 LE ROY AVE BERKELEY 94708"}},{"type":"Feature","geometry":{"type":"Polygon","coordinates":[[[-122.268169,37.879067],[-122.268592,37.879017],[-122.268599,37.879072],[-122.268603,37.879117],[-122.26818,37.879163],[-122.268169,37.879067]]]},"properties":{"APN":"59-2260-10","SitusAddress":"1532 WALNUT ST BERKELEY 94709"}},{"type":"Feature","geometry":{"type":"Polygon","coordinates":[[[-122.259157,37.880372],[-122.259281,37.880358],[-122.259301,37.880455],[-122.259181,37.880496],[-122.259157,37.880372]]]},"properties":{"APN":"58-2246-39","SitusAddress":"1578 LE ROY AVE BERKELEY 94708"}},{"type":"Feature","geometry":{"type":"Polygon","coordinates":[[[-122.26123,37.878154],[-122.261403,37.878133],[-122.261474,37.878471],[-122.261301,37.878494],[-122.26123,37.878154]]]},"properties":{"APN":"58-2194-24","SitusAddress":"2476 HILGARD AVE BERKELEY 94709"}},{"type":"Feature","geometry":{"type":"Polygon","coordinates":[[[-122.268156,37.878957],[-122.268578,37.878903],[-122.268584,37.87895],[-122.268592,37.879017],[-122.268169,37.879067],[-122.268156,37.878957]]]},"properties":{"APN":"59-2260-11","SitusAddress":"1536 WALNUT ST BERKELEY 94709"}},{"type":"Feature","geometry":{"type":"Polygon","coordinates":[[[-122.260851,37.880287],[-122.260826,37.880178],[-122.260925,37.880166],[-122.261028,37.880151],[-122.261336,37.880109],[-122.261362,37.880246],[-122.261123,37.880277],[-122.260959,37.8803],[-122.260857,37.880313],[-122.260851,37.880287]]]},"properties":{"APN":"58-2246-44","SitusAddress":"1561 EUCLID AVE BERKELEY 94708"}},{"type":"Feature","geometry":{"type":"Polygon","coordinates":[[[-122.261085,37.878299],[-122.261061,37.878176],[-122.26123,37.878154],[-122.261301,37.878494],[-122.261127,37.87852],[-122.261085,37.878299]]]},"properties":{"APN":"58-2194-25","SitusAddress":"2488 HILGARD AVE BERKELEY 94709"}},{"type":"Feature","geometry":{"type":"Polygon","coordinates":[[[-122.260942,37.879766],[-122.260938,37.879738],[-122.260935,37.879572],[-122.261121,37.879679],[-122.261201,37.879754],[-122.261242,37.879806],[-122.260955,37.879842],[-122.260952,37.87982],[-122.260942,37.879766]]]},"properties":{"APN":"58-2246-47","SitusAddress":" EUCLID AVE BERKELEY 94708"}},{"type":"Feature","geometry":{"type":"Polygon","coordinates":[[[-122.262478,37.878208],[-122.262742,37.878172],[-122.262767,37.878304],[-122.262503,37.87834],[-122.262478,37.878208]]]},"properties":{"APN":"58-2194-29","SitusAddress":" HILGARD DR BERKELEY 94709"}},{"type":"Feature","geometry":{"type":"Polygon","coordinates":[[[-122.260747,37.879921],[-122.260744,37.879902],[-122.260721,37.879768],[-122.26072,37.879762],[-122.260885,37.879744],[-122.260932,37.879739],[-122.260938,37.879738],[-122.260942,37.879766],[-122.260952,37.87982],[-122.260955,37.879842],[-122.260959,37.879865],[-122.260971,37.879932],[-122.260921,37.879926],[-122.260872,37.879923],[-122.260823,37.879921],[-122.260773,37.879921],[-122.260747,37.879921]]]},"properties":{"APN":"58-2246-51","SitusAddress":"2510 HILL CT BERKELEY 94708"}},{"type":"Feature","geometry":{"type":"Polygon","coordinates":[[[-122.268151,37.878877],[-122.268489,37.878835],[-122.268569,37.878825],[-122.268578,37.878903],[-122.268156,37.878957],[-122.268151,37.878877]]]},"properties":{"APN":"59-2260-12","SitusAddress":"1540 WALNUT ST BERKELEY 94709"}},{"type":"Feature","geometry":{"type":"Polygon","coordinates":[[[-122.261133,37.882014],[-122.261105,37.881834],[-122.261418,37.88181],[-122.261419,37.881842],[-122.261407,37.881879],[-122.261387,37.881918],[-122.261357,37.881944],[-122.261335,37.881965],[-122.261297,37.881991],[-122.261241,37.882007],[-122.261203,37.882015],[-122.261165,37.882017],[-122.261133,37.882014]]]},"properties":{"APN":"58-2247-1","SitusAddress":"2506 HAWTHORNE TER BERKELEY 94708"}},{"type":"Feature","geometry":{"type":"Polygon","coordinates":[[[-122.268435,37.878592],[-122.268489,37.878835],[-122.268151,37.878877],[-122.268119,37.878633],[-122.268435,37.878592]]]},"properties":{"APN":"59-2260-13","SitusAddress":"1550 WALNUT ST BERKELEY 94709"}},{"type":"Feature","geometry":{"type":"Polygon","coordinates":[[[-122.262018,37.877701],[-122.262183,37.877685],[-122.262243,37.877959],[-122.262258,37.878025],[-122.262139,37.878041],[-122.262091,37.878048],[-122.262018,37.877701]]]},"properties":{"APN":"58-2194-35","SitusAddress":"2425 VIRGINIA ST BERKELEY 94709"}},{"type":"Feature","geometry":{"type":"Polygon","coordinates":[[[-122.26099,37.881956],[-122.260961,37.881711],[-122.260944,37.88157],[-122.260927,37.881435],[-122.26091,37.881298],[-122.261363,37.881264],[-122.261408,37.881675],[-122.261083,37.881701],[-122.261105,37.881834],[-122.261133,37.882014],[-122.26099,37.881956]]]},"properties":{"APN":"58-2247-2-1","SitusAddress":"2526 HAWTHORNE TER BERKELEY 94708"}},{"type":"Feature","geometry":{"type":"Polygon","coordinates":[[[-122.268435,37.878592],[-122.268628,37.878563],[-122.26865,37.878675],[-122.268678,37.878812],[-122.268569,37.878825],[-122.268489,37.878835],[-122.268435,37.878592]]]},"properties":{"APN":"59-2260-14","SitusAddress":"2109 CEDAR ST BERKELEY 94709"}},{"type":"Feature","geometry":{"type":"Polygon","coordinates":[[[-122.260819,37.881897],[-122.260799,37.881725],[-122.260961,37.881711],[-122.26099,37.881956],[-122.260819,37.881897]]]},"properties":{"APN":"58-2247-3","SitusAddress":"2528 HAWTHORNE TER BERKELEY 94708"}},{"type":"Feature","geometry":{"type":"Polygon","coordinates":[[[-122.268628,37.878563],[-122.268957,37.878524],[-122.268973,37.878633],[-122.26865,37.878675],[-122.268628,37.878563]]]},"properties":{"APN":"59-2260-15-1","SitusAddress":"1549 SHATTUCK AVE BERKELEY 94709"}},{"type":"Feature","geometry":{"type":"Polygon","coordinates":[[[-122.261071,37.879038],[-122.261244,37.879017],[-122.26141,37.878998],[-122.261479,37.879336],[-122.261145,37.879377],[-122.261071,37.879038]]]},"properties":{"APN":"58-2195-1","SitusAddress":"1600 EUCLID AVE BERKELEY 94709"}},{"type":"Feature","geometry":{"type":"Polygon","coordinates":[[[-122.260514,37.881748],[-122.260799,37.881725],[-122.260819,37.881897],[-122.260524,37.881822],[-122.260514,37.881748]]]},"properties":{"APN":"58-2247-4","SitusAddress":"1500 LE ROY AVE BERKELEY 94708"}},{"type":"Feature","geometry":{"type":"Polygon","coordinates":[[[-122.26865,37.878675],[-122.268973,37.878633],[-122.26899,37.878775],[-122.268678,37.878812],[-122.26865,37.878675]]]},"properties":{"APN":"59-2260-15-2","SitusAddress":"1543 SHATTUCK AVE BERKELEY 94709"}},{"type":"Feature","geometry":{"type":"Polygon","coordinates":[[[-122.261047,37.878903],[-122.261213,37.878883],[-122.261244,37.879017],[-122.261071,37.879038],[-122.261047,37.878903]]]},"properties":{"APN":"58-2195-2","SitusAddress":"1628 EUCLID AVE BERKELEY 94709"}},{"type":"Feature","geometry":{"type":"Polygon","coordinates":[[[-122.260496,37.881606],[-122.260944,37.88157],[-122.260961,37.881711],[-122.260799,37.881725],[-122.260514,37.881748],[-122.260496,37.881606]]]},"properties":{"APN":"58-2247-5","SitusAddress":"1504 LE ROY AVE BERKELEY 94708"}},{"type":"Feature","geometry":{"type":"Polygon","coordinates":[[[-122.261168,37.878677],[-122.261213,37.878883],[-122.261047,37.878903],[-122.261004,37.8787],[-122.261168,37.878677]]]},"properties":{"APN":"58-2195-3","SitusAddress":"1640 EUCLID AVE BERKELEY 94709"}},{"type":"Feature","geometry":{"type":"Polygon","coordinates":[[[-122.268578,37.878903],[-122.268569,37.878825],[-122.268678,37.878812],[-122.26899,37.878775],[-122.269011,37.878903],[-122.268584,37.87895],[-122.268578,37.878903]]]},"properties":{"APN":"59-2260-16","SitusAddress":"1537 SHATTUCK AVE BERKELEY 94709"}},{"type":"Feature","geometry":{"type":"Polygon","coordinates":[[[-122.260479,37.881472],[-122.260927,37.881435],[-122.260944,37.88157],[-122.260496,37.881606],[-122.260479,37.881472]]]},"properties":{"APN":"58-2247-6","SitusAddress":"1508 LE ROY AVE BERKELEY 94708"}},{"type":"Feature","geometry":{"type":"Polygon","coordinates":[[[-122.268592,37.879017],[-122.268584,37.87895],[-122.269011,37.878903],[-122.269026,37.87902],[-122.268599,37.879072],[-122.268592,37.879017]]]},"properties":{"APN":"59-2260-17","SitusAddress":"1533 SHATTUCK AVE BERKELEY 94709"}},{"type":"Feature","geometry":{"type":"Polygon","coordinates":[[[-122.261213,37.878883],[-122.261168,37.878677],[-122.261341,37.878658],[-122.26141,37.878998],[-122.261244,37.879017],[-122.261213,37.878883]]]},"properties":{"APN":"58-2195-4","SitusAddress":"2481 HILGARD AVE BERKELEY 94709"}},{"type":"Feature","geometry":{"type":"Polygon","coordinates":[[[-122.260464,37.881332],[-122.26091,37.881298],[-122.260927,37.881435],[-122.260479,37.881472],[-122.260464,37.881332]]]},"properties":{"APN":"58-2247-7","SitusAddress":"1514 LE ROY AVE BERKELEY 94708"}},{"type":"Feature","geometry":{"type":"Polygon","coordinates":[[[-122.268603,37.879117],[-122.268599,37.879072],[-122.269026,37.87902],[-122.269047,37.87918],[-122.268624,37.879234],[-122.268603,37.879117]]]},"properties":{"APN":"59-2260-18","SitusAddress":"1531 SHATTUCK AVE BERKELEY 94709"}},{"type":"Feature","geometry":{"type":"Polygon","coordinates":[[[-122.260452,37.8812],[-122.260668,37.88118],[-122.260893,37.881159],[-122.26091,37.881298],[-122.260464,37.881332],[-122.260452,37.8812]]]},"properties":{"APN":"58-2247-8","SitusAddress":"1516 LE ROY AVE BERKELEY 94708"}},{"type":"Feature","geometry":{"type":"Polygon","coordinates":[[[-122.268605,37.879236],[-122.268624,37.879234],[-122.269047,37.87918],[-122.269068,37.879341],[-122.268643,37.879396],[-122.268626,37.8794],[-122.268605,37.879236]]]},"properties":{"APN":"59-2260-19","SitusAddress":"1525 SHATTUCK AVE BERKELEY 94709"}},{"type":"Feature","geometry":{"type":"Polygon","coordinates":[[[-122.261685,37.878612],[-122.261854,37.878589],[-122.261926,37.87893],[-122.261754,37.878949],[-122.261685,37.878612]]]},"properties":{"APN":"58-2195-7","SitusAddress":"2455 HILGARD AVE BERKELEY 94709"}},{"type":"Feature","geometry":{"type":"Polygon","coordinates":[[[-122.260427,37.881029],[-122.26065,37.881014],[-122.260668,37.88118],[-122.260452,37.8812],[-122.260427,37.881029]]]},"properties":{"APN":"58-2247-9","SitusAddress":"1520 LE ROY AVE BERKELEY 94708"}},{"type":"Feature","geometry":{"type":"Polygon","coordinates":[[[-122.268656,37.879507],[-122.268643,37.879396],[-122.269068,37.879341],[-122.26909,37.879533],[-122.268663,37.879573],[-122.268656,37.879507]]]},"properties":{"APN":"59-2260-20-3","SitusAddress":"1519 SHATTUCK AVE BERKELEY 94709"}},{"type":"Feature","geometry":{"type":"Polygon","coordinates":[[[-122.260631,37.88085],[-122.26065,37.881014],[-122.260427,37.881029],[-122.260424,37.880976],[-122.260444,37.88093],[-122.2605,37.880886],[-122.260631,37.88085]]]},"properties":{"APN":"58-2247-10","SitusAddress":"1526 LE ROY AVE BERKELEY 94708"}},{"type":"Feature","geometry":{"type":"Polygon","coordinates":[[[-122.26203,37.878566],[-122.262195,37.878548],[-122.262265,37.87889],[-122.262101,37.878909],[-122.26203,37.878566]]]},"properties":{"APN":"58-2195-9","SitusAddress":"2435 HILGARD AVE BERKELEY 94709"}},{"type":"Feature","geometry":{"type":"Polygon","coordinates":[[[-122.268669,37.879624],[-122.268663,37.879573],[-122.26909,37.879533],[-122.2691,37.879608],[-122.268675,37.879664],[-122.268669,37.879624]]]},"properties":{"APN":"59-2260-21","SitusAddress":"1517 SHATTUCK AVE BERKELEY 94709"}},{"type":"Feature","geometry":{"type":"Polygon","coordinates":[[[-122.26065,37.881014],[-122.260631,37.88085],[-122.260767,37.880806],[-122.260846,37.88077],[-122.260893,37.881159],[-122.260668,37.88118],[-122.26065,37.881014]]]},"properties":{"APN":"58-2247-11","SitusAddress":"2525 BUENA VISTA WAY BERKELEY 94708"}},{"type":"Feature","geometry":{"type":"Polygon","coordinates":[[[-122.26868,37.879719],[-122.268675,37.879664],[-122.2691,37.879608],[-122.269107,37.879685],[-122.268684,37.879741],[-122.26868,37.879719]]]},"properties":{"APN":"59-2260-22-1","SitusAddress":"1515 SHATTUCK AVE BERKELEY 94709"}},{"type":"Feature","geometry":{"type":"Polygon","coordinates":[[[-122.262195,37.878548],[-122.262376,37.878525],[-122.262405,37.878664],[-122.262433,37.878796],[-122.262448,37.878865],[-122.262265,37.87889],[-122.262195,37.878548]]]},"properties":{"APN":"58-2195-10","SitusAddress":"2427 HILGARD AVE BERKELEY 94709"}},{"type":"Feature","geometry":{"type":"Polygon","coordinates":[[[-122.268693,37.879831],[-122.268684,37.879741],[-122.269107,37.879685],[-122.269135,37.879893],[-122.268833,37.879932],[-122.268706,37.879948],[-122.268693,37.879831]]]},"properties":{"APN":"59-2260-22-2","SitusAddress":"1511 SHATTUCK AVE BERKELEY 94709"}},{"type":"Feature","geometry":{"type":"Polygon","coordinates":[[[-122.260897,37.880745],[-122.260989,37.880686],[-122.261068,37.880641],[-122.26108,37.880737],[-122.261093,37.880845],[-122.261104,37.880929],[-122.261075,37.880932],[-122.260962,37.88094],[-122.260962,37.880911],[-122.260925,37.880909],[-122.260897,37.880745]]]},"properties":{"APN":"58-2247-12","SitusAddress":"2515 BUENA VISTA WAY BERKELEY 94708"}},{"type":"Feature","geometry":{"type":"Polygon","coordinates":[[[-122.262376,37.878525],[-122.2626,37.878497],[-122.262626,37.878635],[-122.262405,37.878664],[-122.262376,37.878525]]]},"properties":{"APN":"58-2195-11","SitusAddress":"2421 HILGARD AVE BERKELEY 94709"}},{"type":"Feature","geometry":{"type":"Polygon","coordinates":[[[-122.268397,37.880997],[-122.268805,37.88095],[-122.268809,37.880986],[-122.26891,37.882018],[-122.268508,37.88207],[-122.268397,37.880997]]]},"properties":{"APN":"59-2261-1-1","SitusAddress":"1414 WALNUT ST BERKELEY 94709"}},{"type":"Feature","geometry":{"type":"Polygon","coordinates":[[[-122.26108,37.880737],[-122.261068,37.880641],[-122.261145,37.880604],[-122.261263,37.880563],[-122.261398,37.880535],[-122.261424,37.880526],[-122.261431,37.880604],[-122.261428,37.880696],[-122.261417,37.880753],[-122.261396,37.880817],[-122.261383,37.880818],[-122.261327,37.880823],[-122.261313,37.880709],[-122.261093,37.880736],[-122.26108,37.880737]]]},"properties":{"APN":"58-2247-13-1","SitusAddress":"1537 EUCLID AVE BERKELEY 94708"}},{"type":"Feature","geometry":{"type":"Polygon","coordinates":[[[-122.268809,37.880986],[-122.269132,37.880947],[-122.269226,37.881979],[-122.26891,37.882018],[-122.268809,37.880986]]]},"properties":{"APN":"59-2261-1-2","SitusAddress":"1451 SHATTUCK AVE BERKELEY 94709"}},{"type":"Feature","geometry":{"type":"Polygon","coordinates":[[[-122.262462,37.878933],[-122.262888,37.878877],[-122.26292,37.879016],[-122.262671,37.879048],[-122.262491,37.879072],[-122.262462,37.878933]]]},"properties":{"APN":"58-2195-15","SitusAddress":"1611 SCENIC AVE BERKELEY 94709"}},{"type":"Feature","geometry":{"type":"Polygon","coordinates":[[[-122.268463,37.880415],[-122.268498,37.880729],[-122.268367,37.880744],[-122.268332,37.88043],[-122.268463,37.880415]]]},"properties":{"APN":"59-2261-4-3","SitusAddress":"1444 WALNUT ST BERKELEY 94709"}},{"type":"Feature","geometry":{"type":"Polygon","coordinates":[[[-122.268463,37.880415],[-122.268584,37.8804],[-122.268626,37.880713],[-122.268498,37.880729],[-122.268463,37.880415]]]},"properties":{"APN":"59-2261-5","SitusAddress":"2113 VINE ST BERKELEY 94709"}},{"type":"Feature","geometry":{"type":"Polygon","coordinates":[[[-122.262671,37.879048],[-122.26292,37.879016],[-122.262945,37.879147],[-122.262695,37.879181],[-122.262671,37.879048]]]},"properties":{"APN":"58-2195-16","SitusAddress":"2404 CEDAR ST BERKELEY 94708"}},{"type":"Feature","geometry":{"type":"Polygon","coordinates":[[[-122.261093,37.880845],[-122.26108,37.880737],[-122.261093,37.880736],[-122.261313,37.880709],[-122.261327,37.880823],[-122.261383,37.880818],[-122.261396,37.880817],[-122.261363,37.880909],[-122.261104,37.880929],[-122.261093,37.880845]]]},"properties":{"APN":"58-2247-15-1","SitusAddress":"1521 EUCLID AVE BERKELEY 94708"}},{"type":"Feature","geometry":{"type":"Polygon","coordinates":[[[-122.268584,37.8804],[-122.268739,37.880382],[-122.268763,37.880589],[-122.268776,37.880694],[-122.268626,37.880713],[-122.268584,37.8804]]]},"properties":{"APN":"59-2261-6","SitusAddress":"2111 VINE ST BERKELEY 94709"}},{"type":"Feature","geometry":{"type":"Polygon","coordinates":[[[-122.261075,37.880932],[-122.261104,37.880929],[-122.261363,37.880909],[-122.261348,37.880989],[-122.261083,37.881007],[-122.261075,37.880932]]]},"properties":{"APN":"58-2247-16","SitusAddress":"1517 EUCLID AVE BERKELEY 94708"}},{"type":"Feature","geometry":{"type":"Polygon","coordinates":[[[-122.268739,37.880382],[-122.269064,37.880338],[-122.269085,37.880557],[-122.268763,37.880589],[-122.268739,37.880382]]]},"properties":{"APN":"59-2261-7","SitusAddress":"1495 SHATTUCK AVE BERKELEY 94709"}},{"type":"Feature","geometry":{"type":"Polygon","coordinates":[[[-122.262491,37.879072],[-122.262671,37.879048],[-122.262695,37.879181],[-122.262519,37.879202],[-122.262491,37.879072]]]},"properties":{"APN":"58-2195-17","SitusAddress":"2418 CEDAR ST BERKELEY 94708"}},{"type":"Feature","geometry":{"type":"Polygon","coordinates":[[[-122.268763,37.880589],[-122.269085,37.880557],[-122.269096,37.88065],[-122.268776,37.880694],[-122.268763,37.880589]]]},"properties":{"APN":"59-2261-8","SitusAddress":"1481 SHATTUCK AVE BERKELEY 94709"}},{"type":"Feature","geometry":{"type":"Polygon","coordinates":[[[-122.260893,37.881159],[-122.260846,37.88077],[-122.260897,37.880745],[-122.260925,37.880909],[-122.260962,37.880911],[-122.260962,37.88094],[-122.261075,37.880932],[-122.261083,37.881007],[-122.261348,37.880989],[-122.261345,37.881084],[-122.261363,37.881264],[-122.26091,37.881298],[-122.260893,37.881159]]]},"properties":{"APN":"58-2247-17","SitusAddress":"1509 EUCLID AVE BERKELEY 94708"}},{"type":"Feature","geometry":{"type":"Polygon","coordinates":[[[-122.268776,37.880694],[-122.269096,37.88065],[-122.26911,37.880755],[-122.268787,37.880796],[-122.268776,37.880694]]]},"properties":{"APN":"59-2261-9","SitusAddress":"1475 SHATTUCK AVE BERKELEY 94709"}},{"type":"Feature","geometry":{"type":"Polygon","coordinates":[[[-122.262265,37.87889],[-122.262448,37.878865],[-122.262462,37.878933],[-122.262491,37.879072],[-122.262519,37.879202],[-122.262334,37.879225],[-122.262265,37.87889]]]},"properties":{"APN":"58-2195-18","SitusAddress":"2422 CEDAR ST BERKELEY 94708"}},{"type":"Feature","geometry":{"type":"Polygon","coordinates":[[[-122.261408,37.881675],[-122.261418,37.88181],[-122.261105,37.881834],[-122.261083,37.881701],[-122.261408,37.881675]]]},"properties":{"APN":"58-2247-19","SitusAddress":"1475 EUCLID AVE BERKELEY 94708"}},{"type":"Feature","geometry":{"type":"Polygon","coordinates":[[[-122.261926,37.87893],[-122.262101,37.878909],[-122.262164,37.879251],[-122.261992,37.879267],[-122.261926,37.87893]]]},"properties":{"APN":"58-2195-20","SitusAddress":"2448 CEDAR ST BERKELEY 94708"}},{"type":"Feature","geometry":{"type":"Polygon","coordinates":[[[-122.268805,37.88095],[-122.268787,37.880796],[-122.26911,37.880755],[-122.269132,37.880947],[-122.268809,37.880986],[-122.268805,37.88095]]]},"properties":{"APN":"59-2261-10","SitusAddress":"1463 SHATTUCK AVE BERKELEY 94709"}},{"type":"Feature","geometry":{"type":"Polygon","coordinates":[[[-122.261996,37.876057],[-122.261781,37.876293],[-122.261786,37.87632],[-122.261655,37.876336],[-122.262048,37.876562],[-122.262018,37.876592],[-122.261985,37.876618],[-122.261949,37.876643],[-122.261909,37.876664],[-122.261868,37.876682],[-122.261824,37.876697],[-122.261778,37.876708],[-122.261732,37.876716],[-122.261595,37.876733],[-122.261458,37.876751],[-122.261321,37.876768],[-122.261184,37.876785],[-122.261047,37.876802],[-122.260911,37.87682],[-122.260774,37.876837],[-122.260613,37.876857],[-122.260537,37.876478],[-122.26046,37.876098],[-122.260621,37.876078],[-122.260758,37.87606],[-122.260895,37.876043],[-122.261032,37.876026],[-122.261169,37.876009],[-122.261305,37.875991],[-122.261442,37.875974],[-122.261579,37.875957],[-122.261614,37.875953],[-122.261648,37.875952],[-122.261687,37.875953],[-122.261726,37.875956],[-122.261764,37.875962],[-122.261802,37.87597],[-122.261838,37.87598],[-122.261874,37.875993],[-122.261908,37.876008],[-122.26194,37.876025],[-122.261996,37.876057]]]},"properties":{"APN":"58-2192-1-2","SitusAddress":"2451 RIDGE RD BERKELEY 94709"}},{"type":"Feature","geometry":{"type":"Polygon","coordinates":[[[-122.268367,37.880744],[-122.268498,37.880729],[-122.268626,37.880713],[-122.268776,37.880694],[-122.268787,37.880796],[-122.268805,37.88095],[-122.268397,37.880997],[-122.268367,37.880744]]]},"properties":{"APN":"59-2261-20","SitusAddress":"1440 WALNUT ST BERKELEY 94709"}},{"type":"Feature","geometry":{"type":"Polygon","coordinates":[[[-122.261754,37.878949],[-122.261926,37.87893],[-122.261992,37.879267],[-122.261822,37.879292],[-122.261754,37.878949]]]},"properties":{"APN":"58-2195-21","SitusAddress":"2454 CEDAR ST BERKELEY 94708"}},{"type":"Feature","geometry":{"type":"Polygon","coordinates":[[[-122.261996,37.876057],[-122.262052,37.87609],[-122.262193,37.87617],[-122.262218,37.876188],[-122.262239,37.87621],[-122.262253,37.876234],[-122.262262,37.87626],[-122.262264,37.876287],[-122.262259,37.876313],[-122.262248,37.876339],[-122.262231,37.876362],[-122.262129,37.876473],[-122.262048,37.876562],[-122.261655,37.876336],[-122.261786,37.87632],[-122.261781,37.876293],[-122.261996,37.876057]]]},"properties":{"APN":"58-2192-6","SitusAddress":"2401 RIDGE RD BERKELEY 94709"}},{"type":"Feature","geometry":{"type":"Polygon","coordinates":[[[-122.269657,37.881527],[-122.269715,37.881578],[-122.269776,37.881627],[-122.269817,37.881657],[-122.269857,37.881686],[-122.269898,37.881714],[-122.269939,37.881742],[-122.270136,37.881874],[-122.269705,37.881931],[-122.269657,37.881527]]]},"properties":{"APN":"59-2262-1","SitusAddress":"1400 SHATTUCK AVE BERKELEY 94709"}},{"type":"Feature","geometry":{"type":"Polygon","coordinates":[[[-122.261543,37.882911],[-122.261557,37.883078],[-122.261364,37.883106],[-122.261342,37.882928],[-122.261543,37.882911]]]},"properties":{"APN":"59-2248-1","SitusAddress":"2500 ROSE WALK BERKELEY 94708"}},{"type":"Feature","geometry":{"type":"Polygon","coordinates":[[[-122.269549,37.880619],[-122.26951,37.880291],[-122.269851,37.880245],[-122.269891,37.880573],[-122.269549,37.880619]]]},"properties":{"APN":"59-2262-5","SitusAddress":"1480 SHATTUCK AVE BERKELEY 94709"}},{"type":"Feature","geometry":{"type":"Polygon","coordinates":[[[-122.26141,37.878998],[-122.261579,37.878974],[-122.261754,37.878949],[-122.261822,37.879292],[-122.261479,37.879336],[-122.26141,37.878998]]]},"properties":{"APN":"58-2195-22","SitusAddress":"2470 CEDAR ST BERKELEY 94708"}},{"type":"Feature","geometry":{"type":"Polygon","coordinates":[[[-122.261175,37.883102],[-122.261155,37.882922],[-122.261541,37.882893],[-122.261543,37.882911],[-122.261342,37.882928],[-122.261364,37.883106],[-122.261177,37.88313],[-122.261175,37.883102]]]},"properties":{"APN":"59-2248-2","SitusAddress":"2518 ROSE WALK BERKELEY 94708"}},{"type":"Feature","geometry":{"type":"Polygon","coordinates":[[[-122.27001,37.880557],[-122.269891,37.880573],[-122.269851,37.880245],[-122.269971,37.880229],[-122.27001,37.880557]]]},"properties":{"APN":"59-2262-6","SitusAddress":"2085 VINE ST BERKELEY 94709"}},{"type":"Feature","geometry":{"type":"Polygon","coordinates":[[[-122.26079,37.88295],[-122.261117,37.882925],[-122.261155,37.882922],[-122.261175,37.883102],[-122.261133,37.883107],[-122.261134,37.883132],[-122.260861,37.883171],[-122.260857,37.883153],[-122.260757,37.883161],[-122.26079,37.883094],[-122.2608,37.883007],[-122.26079,37.88295]]]},"properties":{"APN":"59-2248-3","SitusAddress":"1400 LE ROY AVE BERKELEY 94708"}},{"type":"Feature","geometry":{"type":"Polygon","coordinates":[[[-122.262101,37.878909],[-122.262265,37.87889],[-122.262334,37.879225],[-122.262164,37.879251],[-122.262101,37.878909]]]},"properties":{"APN":"58-2195-25","SitusAddress":"2442 CEDAR ST BERKELEY 94708"}},{"type":"Feature","geometry":{"type":"Polygon","coordinates":[[[-122.27013,37.880541],[-122.27001,37.880557],[-122.269971,37.880229],[-122.270091,37.880213],[-122.270104,37.880323],[-122.270117,37.880432],[-122.27013,37.880541]]]},"properties":{"APN":"59-2262-7","SitusAddress":"2037 VINE ST BERKELEY 94709"}},{"type":"Feature","geometry":{"type":"Polygon","coordinates":[[[-122.261341,37.878658],[-122.26151,37.878635],[-122.261579,37.878974],[-122.26141,37.878998],[-122.261341,37.878658]]]},"properties":{"APN":"58-2195-29","SitusAddress":"2465 HILGARD AVE BERKELEY 94709"}},{"type":"Feature","geometry":{"type":"Polygon","coordinates":[[[-122.260741,37.882809],[-122.261103,37.882783],[-122.261117,37.882925],[-122.26079,37.88295],[-122.260771,37.882866],[-122.260741,37.882809]]]},"properties":{"APN":"59-2248-4","SitusAddress":"1404 LE ROY AVE BERKELEY 94708"}},{"type":"Feature","geometry":{"type":"Polygon","coordinates":[[[-122.270104,37.880323],[-122.270091,37.880213],[-122.270432,37.880168],[-122.270445,37.880277],[-122.270104,37.880323]]]},"properties":{"APN":"59-2262-8","SitusAddress":"1453 HENRY ST BERKELEY 94709"}},{"type":"Feature","geometry":{"type":"Polygon","coordinates":[[[-122.260681,37.882682],[-122.261084,37.882648],[-122.261101,37.882769],[-122.261103,37.882783],[-122.260741,37.882809],[-122.260681,37.882682]]]},"properties":{"APN":"59-2248-5","SitusAddress":"1430 LE ROY AVE BERKELEY 94708"}},{"type":"Feature","geometry":{"type":"Polygon","coordinates":[[[-122.262405,37.878664],[-122.262626,37.878635],[-122.262834,37.878607],[-122.262859,37.878742],[-122.262433,37.878796],[-122.262405,37.878664]]]},"properties":{"APN":"58-2195-36","SitusAddress":"1635 SCENIC AVE BERKELEY 94709"}},{"type":"Feature","geometry":{"type":"Polygon","coordinates":[[[-122.270117,37.880432],[-122.270104,37.880323],[-122.270445,37.880277],[-122.270458,37.880386],[-122.270117,37.880432]]]},"properties":{"APN":"59-2262-9","SitusAddress":"1451 HENRY ST BERKELEY 94709"}},{"type":"Feature","geometry":{"type":"Polygon","coordinates":[[[-122.260609,37.882541],[-122.261038,37.882511],[-122.26107,37.882508],[-122.261084,37.882648],[-122.260681,37.882682],[-122.260636,37.882588],[-122.260609,37.882541]]]},"properties":{"APN":"59-2248-6","SitusAddress":"1440 LE ROY AVE BERKELEY 94708"}},{"type":"Feature","geometry":{"type":"Polygon","coordinates":[[[-122.260579,37.882407],[-122.260873,37.882385],[-122.261024,37.882375],[-122.261038,37.882511],[-122.260609,37.882541],[-122.260583,37.882477],[-122.260579,37.882407]]]},"properties":{"APN":"59-2248-7","SitusAddress":"1454 LE ROY AVE BERKELEY 94708"}},{"type":"Feature","geometry":{"type":"Polygon","coordinates":[[[-122.261854,37.878589],[-122.26203,37.878566],[-122.262101,37.878909],[-122.261926,37.87893],[-122.261854,37.878589]]]},"properties":{"APN":"58-2195-41","SitusAddress":"2443 HILGARD AVE BERKELEY 94709"}},{"type":"Feature","geometry":{"type":"Polygon","coordinates":[[[-122.269549,37.880619],[-122.269891,37.880573],[-122.27001,37.880557],[-122.27013,37.880541],[-122.270117,37.880432],[-122.270458,37.880386],[-122.270589,37.881486],[-122.27054,37.88149],[-122.270364,37.881656],[-122.27026,37.881586],[-122.270185,37.881534],[-122.27012,37.881484],[-122.27007,37.881443],[-122.270022,37.881401],[-122.269976,37.881357],[-122.269932,37.881312],[-122.269889,37.881266],[-122.269848,37.881219],[-122.26981,37.881171],[-122.269773,37.881122],[-122.269739,37.881072],[-122.269706,37.881021],[-122.269676,37.88097],[-122.269648,37.880917],[-122.269622,37.880864],[-122.269599,37.88081],[-122.269578,37.880756],[-122.269559,37.880701],[-122.269549,37.880619]]]},"properties":{"APN":"59-2262-21-2","SitusAddress":"1425 HENRY ST BERKELEY 94709"}},{"type":"Feature","geometry":{"type":"Polygon","coordinates":[[[-122.260569,37.882278],[-122.260736,37.882271],[-122.26086,37.882265],[-122.260873,37.882385],[-122.260579,37.882407],[-122.260569,37.882278]]]},"properties":{"APN":"59-2248-8","SitusAddress":"1464 LE ROY AVE BERKELEY 94708"}},{"type":"Feature","geometry":{"type":"Polygon","coordinates":[[[-122.260709,37.882013],[-122.260736,37.882271],[-122.260569,37.882278],[-122.260544,37.882025],[-122.260565,37.882004],[-122.260596,37.881992],[-122.260618,37.881992],[-122.260709,37.882013]]]},"properties":{"APN":"59-2248-9","SitusAddress":"1480 LE ROY AVE BERKELEY 94708"}},{"type":"Feature","geometry":{"type":"Polygon","coordinates":[[[-122.262448,37.878865],[-122.262433,37.878796],[-122.262859,37.878742],[-122.262888,37.878877],[-122.262462,37.878933],[-122.262448,37.878865]]]},"properties":{"APN":"58-2195-44","SitusAddress":"1623 SCENIC AVE BERKELEY 94709"}},{"type":"Feature","geometry":{"type":"Polygon","coordinates":[[[-122.260709,37.882013],[-122.260833,37.882046],[-122.26086,37.882265],[-122.260736,37.882271],[-122.260709,37.882013]]]},"properties":{"APN":"59-2248-10","SitusAddress":"2535 HAWTHORNE TER BERKELEY 94708"}},{"type":"Feature","geometry":{"type":"Polygon","coordinates":[[[-122.270364,37.881656],[-122.27054,37.88149],[-122.270589,37.881486],[-122.270627,37.881808],[-122.270598,37.881812],[-122.270364,37.881656]]]},"properties":{"APN":"59-2262-21-3","SitusAddress":"1425 HENRY ST BERKELEY 94709"}},{"type":"Feature","geometry":{"type":"Polygon","coordinates":[[[-122.26086,37.882265],[-122.260833,37.882046],[-122.260991,37.882089],[-122.261007,37.882237],[-122.261024,37.882375],[-122.260873,37.882385],[-122.26086,37.882265]]]},"properties":{"APN":"59-2248-11","SitusAddress":"2525 HAWTHORNE TER BERKELEY 94708"}},{"type":"Feature","geometry":{"type":"Polygon","coordinates":[[[-122.269921,37.879857],[-122.270091,37.879834],[-122.270119,37.880052],[-122.269948,37.880076],[-122.269921,37.879857]]]},"properties":{"APN":"59-2263-2","SitusAddress":"2036 VINE ST BERKELEY 94709"}},{"type":"Feature","geometry":{"type":"Polygon","coordinates":[[[-122.2626,37.878497],[-122.262797,37.878466],[-122.262834,37.878607],[-122.262626,37.878635],[-122.2626,37.878497]]]},"properties":{"APN":"58-2195-47","SitusAddress":" SCENIC AVE BERKELEY 94709"}},{"type":"Feature","geometry":{"type":"Polygon","coordinates":[[[-122.269448,37.879825],[-122.269909,37.879762],[-122.269921,37.879857],[-122.269948,37.880076],[-122.269487,37.880139],[-122.269448,37.879825]]]},"properties":{"APN":"59-2263-3-1","SitusAddress":"2044 VINE ST BERKELEY 94709"}},{"type":"Feature","geometry":{"type":"Polygon","coordinates":[[[-122.260991,37.882089],[-122.261099,37.882117],[-122.261184,37.882118],[-122.261199,37.882226],[-122.261007,37.882237],[-122.260991,37.882089]]]},"properties":{"APN":"59-2248-12","SitusAddress":"2519 HAWTHORNE TER BERKELEY 94708"}},{"type":"Feature","geometry":{"type":"Polygon","coordinates":[[[-122.261184,37.882118],[-122.26126,37.882115],[-122.261331,37.882093],[-122.26145,37.882054],[-122.261467,37.882207],[-122.261199,37.882226],[-122.261184,37.882118]]]},"properties":{"APN":"59-2248-13","SitusAddress":"2501 HAWTHORNE TER BERKELEY 94708"}},{"type":"Feature","geometry":{"type":"Polygon","coordinates":[[[-122.26151,37.878635],[-122.261685,37.878612],[-122.261754,37.878949],[-122.261579,37.878974],[-122.26151,37.878635]]]},"properties":{"APN":"58-2195-52","SitusAddress":"2459 HILGARD AVE BERKELEY 94709"}},{"type":"Feature","geometry":{"type":"Polygon","coordinates":[[[-122.269415,37.879566],[-122.269876,37.879502],[-122.269879,37.879529],[-122.269894,37.879645],[-122.269907,37.879748],[-122.269909,37.879762],[-122.269448,37.879825],[-122.269415,37.879566]]]},"properties":{"APN":"59-2263-6-1","SitusAddress":"1516 SHATTUCK AVE BERKELEY 94709"}},{"type":"Feature","geometry":{"type":"Polygon","coordinates":[[[-122.261007,37.882237],[-122.261199,37.882226],[-122.261467,37.882207],[-122.261482,37.882344],[-122.261024,37.882375],[-122.261007,37.882237]]]},"properties":{"APN":"59-2248-14","SitusAddress":"1445 EUCLID AVE BERKELEY 94708"}},{"type":"Feature","geometry":{"type":"Polygon","coordinates":[[[-122.269385,37.879314],[-122.269857,37.879251],[-122.269867,37.879337],[-122.269855,37.879338],[-122.269395,37.879402],[-122.269385,37.879314]]]},"properties":{"APN":"59-2263-9","SitusAddress":"1540 SHATTUCK AVE BERKELEY 94709"}},{"type":"Feature","geometry":{"type":"Polygon","coordinates":[[[-122.261024,37.882375],[-122.261482,37.882344],[-122.261494,37.882477],[-122.26107,37.882508],[-122.261038,37.882511],[-122.261024,37.882375]]]},"properties":{"APN":"59-2248-15","SitusAddress":"1435 EUCLID AVE BERKELEY 94708"}},{"type":"Feature","geometry":{"type":"Polygon","coordinates":[[[-122.259099,37.879463],[-122.259249,37.879442],[-122.259232,37.879372],[-122.259284,37.879362],[-122.259268,37.879279],[-122.259294,37.879276],[-122.259375,37.879608],[-122.259135,37.879641],[-122.259099,37.879463]]]},"properties":{"APN":"58-2196-1-1","SitusAddress":"2590 CEDAR ST BERKELEY 94708"}},{"type":"Feature","geometry":{"type":"Polygon","coordinates":[[[-122.269867,37.879337],[-122.269857,37.879251],[-122.269385,37.879314],[-122.269277,37.878489],[-122.27021,37.878379],[-122.270316,37.879275],[-122.269867,37.879337]]]},"properties":{"APN":"59-2263-10-1","SitusAddress":"1550 SHATTUCK AVE BERKELEY 94709"}},{"type":"Feature","geometry":{"type":"Polygon","coordinates":[[[-122.26107,37.882508],[-122.261494,37.882477],[-122.261508,37.882615],[-122.261084,37.882648],[-122.26107,37.882508]]]},"properties":{"APN":"59-2248-16","SitusAddress":"1429 EUCLID AVE BERKELEY 94708"}},{"type":"Feature","geometry":{"type":"Polygon","coordinates":[[[-122.269415,37.879566],[-122.269395,37.879402],[-122.269855,37.879338],[-122.269867,37.879337],[-122.270316,37.879275],[-122.27034,37.879465],[-122.27034,37.879466],[-122.269879,37.879529],[-122.269876,37.879502],[-122.269415,37.879566]]]},"properties":{"APN":"59-2263-24-1","SitusAddress":"1536 SHATTUCK AVE BERKELEY 94709"}},{"type":"Feature","geometry":{"type":"Polygon","coordinates":[[[-122.258875,37.879494],[-122.259099,37.879463],[-122.259135,37.879641],[-122.259072,37.879651],[-122.258996,37.879643],[-122.258938,37.879612],[-122.258902,37.879569],[-122.258875,37.879494]]]},"properties":{"APN":"58-2196-2-1","SitusAddress":"2596 CEDAR ST BERKELEY 94708"}},{"type":"Feature","geometry":{"type":"Polygon","coordinates":[[[-122.261084,37.882648],[-122.261508,37.882615],[-122.261527,37.882754],[-122.261103,37.882783],[-122.261101,37.882769],[-122.261084,37.882648]]]},"properties":{"APN":"59-2248-17","SitusAddress":"1421 EUCLID AVE BERKELEY 94708"}},{"type":"Feature","geometry":{"type":"Polygon","coordinates":[[[-122.270091,37.879834],[-122.269921,37.879857],[-122.269909,37.879762],[-122.269907,37.879748],[-122.270368,37.879685],[-122.270381,37.879794],[-122.270091,37.879834]]]},"properties":{"APN":"59-2263-27","SitusAddress":"1507 HENRY ST BERKELEY 94709"}},{"type":"Feature","geometry":{"type":"Polygon","coordinates":[[[-122.25883,37.879355],[-122.258983,37.879332],[-122.258979,37.879314],[-122.259107,37.879299],[-122.259237,37.879284],[-122.259268,37.879279],[-122.259284,37.879362],[-122.259232,37.879372],[-122.259249,37.879442],[-122.259099,37.879463],[-122.258875,37.879494],[-122.258861,37.87943],[-122.25883,37.879355]]]},"properties":{"APN":"58-2196-3","SitusAddress":"1620 LE ROY AVE BERKELEY 94709"}},{"type":"Feature","geometry":{"type":"Polygon","coordinates":[[[-122.270381,37.879794],[-122.270409,37.880013],[-122.270119,37.880052],[-122.270091,37.879834],[-122.270381,37.879794]]]},"properties":{"APN":"59-2263-28-1","SitusAddress":"2024 VINE ST BERKELEY 94709"}},{"type":"Feature","geometry":{"type":"Polygon","coordinates":[[[-122.261103,37.882783],[-122.261527,37.882754],[-122.261541,37.882893],[-122.261155,37.882922],[-122.261117,37.882925],[-122.261103,37.882783]]]},"properties":{"APN":"59-2248-18","SitusAddress":"1407 EUCLID AVE BERKELEY 94708"}},{"type":"Feature","geometry":{"type":"Polygon","coordinates":[[[-122.269894,37.879645],[-122.270355,37.879575],[-122.270368,37.879685],[-122.269907,37.879748],[-122.269894,37.879645]]]},"properties":{"APN":"59-2263-32","SitusAddress":" HENRY ST BERKELEY 94709"}},{"type":"Feature","geometry":{"type":"Polygon","coordinates":[[[-122.258717,37.879208],[-122.258952,37.879181],[-122.258974,37.87929],[-122.258979,37.879314],[-122.258983,37.879332],[-122.25883,37.879355],[-122.258774,37.879275],[-122.258744,37.879241],[-122.258717,37.879208]]]},"properties":{"APN":"58-2196-4","SitusAddress":"1626 LE ROY AVE BERKELEY 94709"}},{"type":"Feature","geometry":{"type":"Polygon","coordinates":[[[-122.263327,37.883748],[-122.263488,37.883655],[-122.263636,37.883989],[-122.263464,37.884041],[-122.263327,37.883748]]]},"properties":{"APN":"59-2249-2-1","SitusAddress":"1311 BAY VIEW PL BERKELEY 94708"}},{"type":"Feature","geometry":{"type":"Polygon","coordinates":[[[-122.27034,37.879465],[-122.27034,37.879465],[-122.270355,37.879575],[-122.269894,37.879645],[-122.269879,37.879529],[-122.27034,37.879466],[-122.27034,37.879465]]]},"properties":{"APN":"59-2263-36","SitusAddress":" HENRY ST BERKELEY 94709"}},{"type":"Feature","geometry":{"type":"Polygon","coordinates":[[[-122.263188,37.883834],[-122.263327,37.883748],[-122.263464,37.884041],[-122.263273,37.884097],[-122.263156,37.883853],[-122.263188,37.883834]]]},"properties":{"APN":"59-2249-3","SitusAddress":"1307 BAY VIEW PL BERKELEY 94708"}},{"type":"Feature","geometry":{"type":"Polygon","coordinates":[[[-122.271192,37.879778],[-122.271524,37.879741],[-122.271537,37.879859],[-122.271209,37.879902],[-122.271192,37.879778]]]},"properties":{"APN":"59-2264-1","SitusAddress":"1501 MILVIA ST BERKELEY 94709"}},{"type":"Feature","geometry":{"type":"Polygon","coordinates":[[[-122.258911,37.878971],[-122.258952,37.879181],[-122.258717,37.879208],[-122.258678,37.879172],[-122.258643,37.879143],[-122.258611,37.879116],[-122.258584,37.879093],[-122.258567,37.879077],[-122.258549,37.879048],[-122.258536,37.879021],[-122.258911,37.878971]]]},"properties":{"APN":"58-2196-5","SitusAddress":"1636 LE ROY AVE BERKELEY 94709"}},{"type":"Feature","geometry":{"type":"Polygon","coordinates":[[[-122.263012,37.883998],[-122.262985,37.883947],[-122.262959,37.883963],[-122.262919,37.883897],[-122.262947,37.883884],[-122.262891,37.883776],[-122.263106,37.883672],[-122.263188,37.883834],[-122.263156,37.883853],[-122.263273,37.884097],[-122.263092,37.884147],[-122.263012,37.883998]]]},"properties":{"APN":"59-2249-4","SitusAddress":"1305 BAY VIEW PL BERKELEY 94708"}},{"type":"Feature","geometry":{"type":"Polygon","coordinates":[[[-122.27098,37.879745],[-122.270966,37.879659],[-122.271016,37.879653],[-122.271008,37.879591],[-122.270997,37.879518],[-122.27104,37.879513],[-122.271153,37.8795],[-122.271157,37.879528],[-122.271176,37.879662],[-122.271192,37.879778],[-122.271209,37.879902],[-122.271007,37.879925],[-122.27098,37.879745]]]},"properties":{"APN":"59-2264-2","SitusAddress":"2010 VINE ST BERKELEY 94709"}},{"type":"Feature","geometry":{"type":"Polygon","coordinates":[[[-122.262681,37.884134],[-122.263012,37.883998],[-122.263092,37.884147],[-122.262749,37.884243],[-122.262681,37.884134]]]},"properties":{"APN":"59-2249-5","SitusAddress":"1306 EUCLID AVE BERKELEY 94708"}},{"type":"Feature","geometry":{"type":"Polygon","coordinates":[[[-122.270802,37.879762],[-122.27098,37.879745],[-122.271007,37.879925],[-122.270821,37.879954],[-122.270802,37.879762]]]},"properties":{"APN":"59-2264-3","SitusAddress":"2016 VINE ST BERKELEY 94709"}},{"type":"Feature","geometry":{"type":"Polygon","coordinates":[[[-122.258952,37.879181],[-122.258911,37.878971],[-122.259032,37.878958],[-122.259107,37.879299],[-122.258979,37.879314],[-122.258974,37.87929],[-122.258952,37.879181]]]},"properties":{"APN":"58-2196-6","SitusAddress":"2605 HILGARD AVE BERKELEY 94709"}},{"type":"Feature","geometry":{"type":"Polygon","coordinates":[[[-122.262606,37.884046],[-122.262919,37.883897],[-122.262959,37.883963],[-122.262985,37.883947],[-122.263012,37.883998],[-122.262681,37.884134],[-122.262606,37.884046]]]},"properties":{"APN":"59-2249-6","SitusAddress":"1314 EUCLID AVE BERKELEY 94708"}},{"type":"Feature","geometry":{"type":"Polygon","coordinates":[[[-122.270596,37.879783],[-122.270802,37.879762],[-122.270821,37.879954],[-122.270625,37.879977],[-122.270596,37.879783]]]},"properties":{"APN":"59-2264-4","SitusAddress":"2020 VINE ST BERKELEY 94709"}},{"type":"Feature","geometry":{"type":"Polygon","coordinates":[[[-122.262529,37.883953],[-122.262891,37.883776],[-122.262947,37.883884],[-122.262919,37.883897],[-122.262606,37.884046],[-122.262529,37.883953]]]},"properties":{"APN":"59-2249-7","SitusAddress":"1322 EUCLID AVE BERKELEY 94708"}},{"type":"Feature","geometry":{"type":"Polygon","coordinates":[[[-122.270591,37.879705],[-122.270966,37.879659],[-122.27098,37.879745],[-122.270802,37.879762],[-122.270596,37.879783],[-122.270591,37.879705]]]},"properties":{"APN":"59-2264-5","SitusAddress":"1506 HENRY ST BERKELEY 94709"}},{"type":"Feature","geometry":{"type":"Polygon","coordinates":[[[-122.259032,37.878958],[-122.259168,37.878943],[-122.259237,37.879284],[-122.259107,37.879299],[-122.259032,37.878958]]]},"properties":{"APN":"58-2196-7","SitusAddress":"2597 HILGARD AVE BERKELEY 94709"}},{"type":"Feature","geometry":{"type":"Polygon","coordinates":[[[-122.262398,37.883821],[-122.262788,37.883618],[-122.262927,37.883543],[-122.262934,37.883555],[-122.26302,37.883693],[-122.263342,37.883513],[-122.263392,37.883458],[-122.263413,37.883464],[-122.263497,37.883485],[-122.263106,37.883672],[-122.262891,37.883776],[-122.262529,37.883953],[-122.262398,37.883821]]]},"properties":{"APN":"59-2249-8-1","SitusAddress":" EUCLID AVE BERKELEY 94708"}},{"type":"Feature","geometry":{"type":"Polygon","coordinates":[[[-122.270583,37.879637],[-122.271008,37.879591],[-122.271016,37.879653],[-122.270966,37.879659],[-122.270591,37.879705],[-122.270583,37.879637]]]},"properties":{"APN":"59-2264-6","SitusAddress":"1508 HENRY ST BERKELEY 94709"}},{"type":"Feature","geometry":{"type":"Polygon","coordinates":[[[-122.270572,37.879569],[-122.270997,37.879518],[-122.271008,37.879591],[-122.270583,37.879637],[-122.270572,37.879569]]]},"properties":{"APN":"59-2264-7","SitusAddress":"1510 HENRY ST BERKELEY 94709"}},{"type":"Feature","geometry":{"type":"Polygon","coordinates":[[[-122.26272,37.883489],[-122.262788,37.883618],[-122.262398,37.883821],[-122.262303,37.883706],[-122.26272,37.883489]]]},"properties":{"APN":"59-2249-9","SitusAddress":" EUCLID AVE BERKELEY 94708"}},{"type":"Feature","geometry":{"type":"Polygon","coordinates":[[[-122.25951,37.878896],[-122.259688,37.87887],[-122.259764,37.879213],[-122.259577,37.879238],[-122.25951,37.878896]]]},"properties":{"APN":"58-2196-9","SitusAddress":"2567 HILGARD AVE BERKELEY 94709"}},{"type":"Feature","geometry":{"type":"Polygon","coordinates":[[[-122.270559,37.879434],[-122.271022,37.879397],[-122.271024,37.879415],[-122.27104,37.879513],[-122.270997,37.879518],[-122.270572,37.879569],[-122.270559,37.879434]]]},"properties":{"APN":"59-2264-8","SitusAddress":"1516 HENRY ST BERKELEY 94709"}},{"type":"Feature","geometry":{"type":"Polygon","coordinates":[[[-122.26261,37.883382],[-122.262652,37.88336],[-122.262695,37.883442],[-122.262712,37.883474],[-122.26272,37.883489],[-122.262303,37.883706],[-122.262208,37.883591],[-122.26261,37.883382]]]},"properties":{"APN":"59-2249-10-1","SitusAddress":"1348 EUCLID AVE BERKELEY 94708"}},{"type":"Feature","geometry":{"type":"Polygon","coordinates":[[[-122.270547,37.879311],[-122.271009,37.879276],[-122.271013,37.879306],[-122.271022,37.879397],[-122.270559,37.879434],[-122.270547,37.879311]]]},"properties":{"APN":"59-2264-9","SitusAddress":"1520 HENRY ST BERKELEY 94709"}},{"type":"Feature","geometry":{"type":"Polygon","coordinates":[[[-122.262557,37.883245],[-122.262585,37.883231],[-122.262612,37.883282],[-122.262649,37.883353],[-122.26265,37.883355],[-122.262652,37.88336],[-122.26261,37.883382],[-122.262208,37.883591],[-122.262113,37.883476],[-122.262557,37.883245]]]},"properties":{"APN":"59-2249-11","SitusAddress":"1360 EUCLID AVE BERKELEY 94708"}},{"type":"Feature","geometry":{"type":"Polygon","coordinates":[[[-122.259688,37.87887],[-122.259861,37.878847],[-122.259933,37.879189],[-122.259764,37.879213],[-122.259688,37.87887]]]},"properties":{"APN":"58-2196-10","SitusAddress":"2553 HILGARD AVE BERKELEY 94709"}},{"type":"Feature","geometry":{"type":"Polygon","coordinates":[[[-122.270529,37.879192],[-122.270996,37.879157],[-122.270998,37.879192],[-122.271009,37.879276],[-122.270547,37.879311],[-122.270529,37.879192]]]},"properties":{"APN":"59-2264-10","SitusAddress":"1522 HENRY ST BERKELEY 94709"}},{"type":"Feature","geometry":{"type":"Polygon","coordinates":[[[-122.261899,37.883229],[-122.262278,37.883141],[-122.262321,37.883203],[-122.262518,37.883103],[-122.262525,37.883116],[-122.262585,37.883231],[-122.262557,37.883245],[-122.262113,37.883476],[-122.262112,37.883477],[-122.261899,37.883229]]]},"properties":{"APN":"59-2249-12-1","SitusAddress":"1370 EUCLID AVE BERKELEY 94708"}},{"type":"Feature","geometry":{"type":"Polygon","coordinates":[[[-122.259861,37.878847],[-122.260032,37.878829],[-122.2601,37.879164],[-122.259933,37.879189],[-122.259861,37.878847]]]},"properties":{"APN":"58-2196-11","SitusAddress":"2543 HILGARD AVE BERKELEY 94709"}},{"type":"Feature","geometry":{"type":"Polygon","coordinates":[[[-122.26187,37.883197],[-122.262237,37.883111],[-122.262195,37.883032],[-122.261783,37.883097],[-122.261742,37.883055],[-122.262096,37.883012],[-122.262274,37.882991],[-122.262442,37.882971],[-122.262518,37.883103],[-122.262321,37.883203],[-122.262278,37.883141],[-122.261899,37.883229],[-122.26187,37.883197]]]},"properties":{"APN":"59-2249-14","SitusAddress":"1382 EUCLID AVE BERKELEY 94708"}},{"type":"Feature","geometry":{"type":"Polygon","coordinates":[[[-122.270521,37.879105],[-122.270983,37.87907],[-122.270987,37.8791],[-122.270996,37.879157],[-122.270529,37.879192],[-122.270521,37.879105]]]},"properties":{"APN":"59-2264-11","SitusAddress":"1524 HENRY ST BERKELEY 94709"}},{"type":"Feature","geometry":{"type":"Polygon","coordinates":[[[-122.260495,37.878769],[-122.260794,37.87873],[-122.260827,37.878874],[-122.260528,37.878911],[-122.260495,37.878769]]]},"properties":{"APN":"58-2196-14-4","SitusAddress":"2501 HILGARD AVE BERKELEY 94709"}},{"type":"Feature","geometry":{"type":"Polygon","coordinates":[[[-122.261783,37.883097],[-122.262195,37.883032],[-122.262237,37.883111],[-122.26187,37.883197],[-122.261783,37.883097]]]},"properties":{"APN":"59-2249-15","SitusAddress":"1386 EUCLID AVE BERKELEY 94708"}},{"type":"Feature","geometry":{"type":"Polygon","coordinates":[[[-122.270508,37.879003],[-122.270968,37.878961],[-122.270972,37.878984],[-122.270983,37.87907],[-122.270521,37.879105],[-122.270508,37.879003]]]},"properties":{"APN":"59-2264-12","SitusAddress":"1526 HENRY ST BERKELEY 94709"}},{"type":"Feature","geometry":{"type":"Polygon","coordinates":[[[-122.261717,37.88289],[-122.261925,37.882878],[-122.262081,37.882869],[-122.262096,37.883012],[-122.261742,37.883055],[-122.261717,37.88289]]]},"properties":{"APN":"59-2249-16","SitusAddress":"1400 EUCLID AVE BERKELEY 94708"}},{"type":"Feature","geometry":{"type":"Polygon","coordinates":[[[-122.270487,37.87882],[-122.270945,37.878786],[-122.270958,37.878876],[-122.270968,37.878961],[-122.270508,37.879003],[-122.270487,37.87882]]]},"properties":{"APN":"59-2264-14-1","SitusAddress":"1530 HENRY ST BERKELEY 94709"}},{"type":"Feature","geometry":{"type":"Polygon","coordinates":[[[-122.261897,37.882565],[-122.261908,37.882686],[-122.261699,37.882696],[-122.261681,37.882543],[-122.26169,37.882529],[-122.261715,37.882513],[-122.26175,37.882515],[-122.261897,37.882565]]]},"properties":{"APN":"59-2249-18","SitusAddress":"1400 HAWTHORNE TER BERKELEY 94708"}},{"type":"Feature","geometry":{"type":"Polygon","coordinates":[[[-122.260528,37.878911],[-122.260827,37.878874],[-122.26085,37.878994],[-122.260556,37.879032],[-122.260528,37.878911]]]},"properties":{"APN":"58-2196-15","SitusAddress":"1631 EUCLID AVE BERKELEY 94709"}},{"type":"Feature","geometry":{"type":"Polygon","coordinates":[[[-122.270466,37.878676],[-122.270726,37.878658],[-122.270838,37.87865],[-122.270924,37.878643],[-122.270941,37.87876],[-122.270945,37.878786],[-122.270487,37.87882],[-122.270466,37.878676]]]},"properties":{"APN":"59-2264-15","SitusAddress":"1538 HENRY ST BERKELEY 94709"}},{"type":"Feature","geometry":{"type":"Polygon","coordinates":[[[-122.261908,37.882686],[-122.261897,37.882565],[-122.261987,37.882596],[-122.262053,37.882602],[-122.262081,37.882869],[-122.261925,37.882878],[-122.261908,37.882686]]]},"properties":{"APN":"59-2249-19","SitusAddress":"1402 HAWTHORNE TER BERKELEY 94708"}},{"type":"Feature","geometry":{"type":"Polygon","coordinates":[[[-122.27065,37.878316],[-122.270678,37.878469],[-122.270712,37.878464],[-122.270726,37.878658],[-122.270466,37.878676],[-122.270427,37.878348],[-122.27065,37.878316]]]},"properties":{"APN":"59-2264-16","SitusAddress":"1588 HENRY ST BERKELEY 94709"}},{"type":"Feature","geometry":{"type":"Polygon","coordinates":[[[-122.260448,37.879122],[-122.260436,37.879047],[-122.260556,37.879032],[-122.26085,37.878994],[-122.260885,37.879138],[-122.260615,37.879172],[-122.26046,37.879191],[-122.260448,37.879122]]]},"properties":{"APN":"58-2196-16","SitusAddress":"1625 EUCLID AVE BERKELEY 94709"}},{"type":"Feature","geometry":{"type":"Polygon","coordinates":[[[-122.262081,37.882869],[-122.262053,37.882602],[-122.262233,37.882586],[-122.262274,37.882991],[-122.262096,37.883012],[-122.262081,37.882869]]]},"properties":{"APN":"59-2249-20","SitusAddress":"1404 HAWTHORNE TER BERKELEY 94708"}},{"type":"Feature","geometry":{"type":"Polygon","coordinates":[[[-122.27065,37.878316],[-122.27079,37.878299],[-122.270838,37.87865],[-122.270726,37.878658],[-122.270712,37.878464],[-122.270678,37.878469],[-122.27065,37.878316]]]},"properties":{"APN":"59-2264-17","SitusAddress":"2015 CEDAR ST BERKELEY 94709"}},{"type":"Feature","geometry":{"type":"Polygon","coordinates":[[[-122.262233,37.882586],[-122.262307,37.882573],[-122.262313,37.882669],[-122.262291,37.882674],[-122.262299,37.882779],[-122.262513,37.882758],[-122.262537,37.882958],[-122.262442,37.882971],[-122.262274,37.882991],[-122.262233,37.882586]]]},"properties":{"APN":"59-2249-21-1","SitusAddress":"1406 HAWTHORNE TER BERKELEY 94708"}},{"type":"Feature","geometry":{"type":"Polygon","coordinates":[[[-122.27079,37.878299],[-122.270899,37.878285],[-122.270945,37.878642],[-122.270924,37.878643],[-122.270838,37.87865],[-122.27079,37.878299]]]},"properties":{"APN":"59-2264-18","SitusAddress":"2011 CEDAR ST BERKELEY 94709"}},{"type":"Feature","geometry":{"type":"Polygon","coordinates":[[[-122.260615,37.879172],[-122.260885,37.879138],[-122.260914,37.879273],[-122.260644,37.879307],[-122.260615,37.879172]]]},"properties":{"APN":"58-2196-17","SitusAddress":"1617 EUCLID AVE BERKELEY 94709"}},{"type":"Feature","geometry":{"type":"Polygon","coordinates":[[[-122.262307,37.882573],[-122.262409,37.88256],[-122.262487,37.882527],[-122.262513,37.882758],[-122.262299,37.882779],[-122.262291,37.882674],[-122.262313,37.882669],[-122.262307,37.882573]]]},"properties":{"APN":"59-2249-21-2","SitusAddress":"1406 HAWTHORNE TER  A BERKELEY 94708"}},{"type":"Feature","geometry":{"type":"Polygon","coordinates":[[[-122.270945,37.878642],[-122.270899,37.878285],[-122.271031,37.878265],[-122.271049,37.878422],[-122.27106,37.87853],[-122.271072,37.87864],[-122.270945,37.878642]]]},"properties":{"APN":"59-2264-19","SitusAddress":"2009 CEDAR ST BERKELEY 94709"}},{"type":"Feature","geometry":{"type":"Polygon","coordinates":[[[-122.262518,37.883103],[-122.262442,37.882971],[-122.262537,37.882958],[-122.262513,37.882758],[-122.262487,37.882527],[-122.26254,37.882499],[-122.262568,37.882473],[-122.262729,37.882455],[-122.262746,37.882645],[-122.262891,37.882633],[-122.262915,37.882699],[-122.262939,37.882759],[-122.262761,37.882776],[-122.26278,37.882919],[-122.262799,37.88307],[-122.262525,37.883116],[-122.262518,37.883103]]]},"properties":{"APN":"59-2249-22-2","SitusAddress":"1408 HAWTHORNE TER BERKELEY 94708"}},{"type":"Feature","geometry":{"type":"Polygon","coordinates":[[[-122.271031,37.878265],[-122.27114,37.878252],[-122.27116,37.878412],[-122.271049,37.878422],[-122.271031,37.878265]]]},"properties":{"APN":"59-2264-20","SitusAddress":"2007 CEDAR ST BERKELEY 94709"}},{"type":"Feature","geometry":{"type":"Polygon","coordinates":[[[-122.260644,37.879307],[-122.260914,37.879273],[-122.260941,37.879405],[-122.260674,37.879439],[-122.260662,37.879387],[-122.260644,37.879307]]]},"properties":{"APN":"58-2196-18","SitusAddress":"2500 CEDAR ST BERKELEY 94708"}},{"type":"Feature","geometry":{"type":"Polygon","coordinates":[[[-122.262729,37.882455],[-122.262857,37.882435],[-122.262891,37.882633],[-122.262746,37.882645],[-122.262729,37.882455]]]},"properties":{"APN":"59-2249-23-1","SitusAddress":"1410 HAWTHORNE TER BERKELEY 94708"}},{"type":"Feature","geometry":{"type":"Polygon","coordinates":[[[-122.27114,37.878252],[-122.271346,37.878224],[-122.271364,37.87839],[-122.27116,37.878412],[-122.27114,37.878252]]]},"properties":{"APN":"59-2264-21","SitusAddress":"1543 MILVIA ST BERKELEY 94709"}},{"type":"Feature","geometry":{"type":"Polygon","coordinates":[[[-122.271049,37.878422],[-122.27116,37.878412],[-122.271364,37.87839],[-122.271378,37.878493],[-122.271337,37.878498],[-122.27106,37.87853],[-122.271049,37.878422]]]},"properties":{"APN":"59-2264-22","SitusAddress":"1541 MILVIA ST BERKELEY 94709"}},{"type":"Feature","geometry":{"type":"Polygon","coordinates":[[[-122.262715,37.881949],[-122.263167,37.881922],[-122.263184,37.882057],[-122.263197,37.882169],[-122.263007,37.882196],[-122.262921,37.882207],[-122.262702,37.882238],[-122.262712,37.882105],[-122.262715,37.881949]]]},"properties":{"APN":"59-2249-25","SitusAddress":"1424 HAWTHORNE TER BERKELEY 94708"}},{"type":"Feature","geometry":{"type":"Polygon","coordinates":[[[-122.26046,37.879191],[-122.260615,37.879172],[-122.260644,37.879307],[-122.260662,37.879387],[-122.260674,37.879439],[-122.260477,37.879465],[-122.260427,37.879196],[-122.26046,37.879191]]]},"properties":{"APN":"58-2196-19","SitusAddress":"2514 CEDAR ST BERKELEY 94708"}},{"type":"Feature","geometry":{"type":"Polygon","coordinates":[[[-122.27106,37.87853],[-122.271337,37.878498],[-122.271378,37.878493],[-122.271391,37.878603],[-122.271072,37.87864],[-122.27106,37.87853]]]},"properties":{"APN":"59-2264-23","SitusAddress":"1537 MILVIA ST BERKELEY 94709"}},{"type":"Feature","geometry":{"type":"Polygon","coordinates":[[[-122.262708,37.881795],[-122.263241,37.881761],[-122.263257,37.881916],[-122.263167,37.881922],[-122.262715,37.881949],[-122.262708,37.881795]]]},"properties":{"APN":"59-2249-26","SitusAddress":"1438 HAWTHORNE TER BERKELEY 94708"}},{"type":"Feature","geometry":{"type":"Polygon","coordinates":[[[-122.2601,37.879164],[-122.260282,37.879142],[-122.260448,37.879122],[-122.26046,37.879191],[-122.260427,37.879196],[-122.260477,37.879465],[-122.260169,37.879504],[-122.2601,37.879164]]]},"properties":{"APN":"58-2196-20","SitusAddress":"2532 CEDAR ST BERKELEY 94708"}},{"type":"Feature","geometry":{"type":"Polygon","coordinates":[[[-122.270924,37.878643],[-122.270945,37.878642],[-122.271072,37.87864],[-122.271391,37.878603],[-122.271404,37.878712],[-122.270941,37.87876],[-122.270924,37.878643]]]},"properties":{"APN":"59-2264-24","SitusAddress":"1535 MILVIA ST BERKELEY 94709"}},{"type":"Feature","geometry":{"type":"Polygon","coordinates":[[[-122.262697,37.881547],[-122.263216,37.881554],[-122.263222,37.881619],[-122.263241,37.881761],[-122.262708,37.881795],[-122.262697,37.881547]]]},"properties":{"APN":"59-2249-27","SitusAddress":"1440 HAWTHORNE TER BERKELEY 94708"}},{"type":"Feature","geometry":{"type":"Polygon","coordinates":[[[-122.270945,37.878786],[-122.270941,37.87876],[-122.271404,37.878712],[-122.271416,37.878821],[-122.270958,37.878876],[-122.270945,37.878786]]]},"properties":{"APN":"59-2264-25","SitusAddress":"1533 MILVIA ST BERKELEY 94709"}},{"type":"Feature","geometry":{"type":"Polygon","coordinates":[[[-122.259933,37.879189],[-122.2601,37.879164],[-122.260169,37.879504],[-122.260002,37.87953],[-122.259933,37.879189]]]},"properties":{"APN":"58-2196-21","SitusAddress":"2540 CEDAR ST BERKELEY 94708"}},{"type":"Feature","geometry":{"type":"Polygon","coordinates":[[[-122.262697,37.881547],[-122.262677,37.881342],[-122.262652,37.881193],[-122.262655,37.881159],[-122.262679,37.88114],[-122.262724,37.881139],[-122.262971,37.881163],[-122.263095,37.881146],[-122.263171,37.881126],[-122.263193,37.881346],[-122.263207,37.881484],[-122.263216,37.881554],[-122.262697,37.881547]]]},"properties":{"APN":"59-2249-28","SitusAddress":"1450 HAWTHORNE TER BERKELEY 94708"}},{"type":"Feature","geometry":{"type":"Polygon","coordinates":[[[-122.270968,37.878961],[-122.270958,37.878876],[-122.271416,37.878821],[-122.271432,37.878931],[-122.270972,37.878984],[-122.270968,37.878961]]]},"properties":{"APN":"59-2264-26","SitusAddress":"1531 MILVIA ST BERKELEY 94709"}},{"type":"Feature","geometry":{"type":"Polygon","coordinates":[[[-122.263171,37.881126],[-122.263267,37.881089],[-122.26338,37.881059],[-122.263605,37.881026],[-122.263633,37.881317],[-122.263193,37.881346],[-122.263171,37.881126]]]},"properties":{"APN":"59-2249-29","SitusAddress":"2353 VINE ST BERKELEY 94708"}},{"type":"Feature","geometry":{"type":"Polygon","coordinates":[[[-122.270983,37.87907],[-122.270972,37.878984],[-122.271432,37.878931],[-122.271443,37.879043],[-122.270987,37.8791],[-122.270983,37.87907]]]},"properties":{"APN":"59-2264-27","SitusAddress":"1525 MILVIA ST BERKELEY 94709"}},{"type":"Feature","geometry":{"type":"Polygon","coordinates":[[[-122.259764,37.879213],[-122.259933,37.879189],[-122.260002,37.87953],[-122.259832,37.879553],[-122.259764,37.879213]]]},"properties":{"APN":"58-2196-22","SitusAddress":"2548 CEDAR ST BERKELEY 94708"}},{"type":"Feature","geometry":{"type":"Polygon","coordinates":[[[-122.263193,37.881346],[-122.263633,37.881317],[-122.263648,37.881454],[-122.263207,37.881484],[-122.263193,37.881346]]]},"properties":{"APN":"59-2249-30-1","SitusAddress":"1479 SCENIC AVE BERKELEY 94708"}},{"type":"Feature","geometry":{"type":"Polygon","coordinates":[[[-122.270996,37.879157],[-122.270987,37.8791],[-122.271443,37.879043],[-122.271453,37.879137],[-122.270998,37.879192],[-122.270996,37.879157]]]},"properties":{"APN":"59-2264-28","SitusAddress":"1523 MILVIA ST BERKELEY 94709"}}]}