{"type":"FeatureCollection","source":"https://services5.arcgis.com/ROBnTHSNjoZ2Wm1P/arcgis/rest/services/Parcels/FeatureServer/0","retrieved":"2026-09-25","features":[{"type":"Feature","geometry":{"type":"Polygon","coordinates":[[[-122.260738,37.849895],[-122.261002,37.849858],[-122.261,37.849847],[-122.261122,37.849832],[-122.261166,37.850016],[-122.260713,37.850076],[-122.260738,37.849895]]]},"properties":{"APN":"15-1379-1-1","SitusAddress":"505 ALCATRAZ AVE OAKLAND 94609"}},{"type":"Feature","geometry":{"type":"Polygon","coordinates":[[[-122.261122,37.849832],[-122.2611,37.849744],[-122.261101,37.849744],[-122.261248,37.849724],[-122.261248,37.849725],[-122.261271,37.849721],[-122.261402,37.849704],[-122.261468,37.849976],[-122.261166,37.850016],[-122.261122,37.849832]]]},"properties":{"APN":"15-1379-55","SitusAddress":"525 ALCATRAZ AVE OAKLAND 94609"}},{"type":"Feature","geometry":{"type":"Polygon","coordinates":[[[-122.258504,37.85023],[-122.258853,37.850183],[-122.258875,37.85032],[-122.258532,37.850365],[-122.258504,37.85023]]]},"properties":{"APN":"16-1391-1","SitusAddress":"6397 DANA ST OAKLAND 94609"}},{"type":"Feature","geometry":{"type":"Polygon","coordinates":[[[-122.258484,37.850136],[-122.258632,37.850118],[-122.258839,37.850091],[-122.258853,37.850183],[-122.258504,37.85023],[-122.258484,37.850136]]]},"properties":{"APN":"16-1391-2-1","SitusAddress":"6389 DANA ST OAKLAND 94609"}},{"type":"Feature","geometry":{"type":"Polygon","coordinates":[[[-122.258467,37.850058],[-122.258826,37.85001],[-122.258839,37.850091],[-122.258632,37.850118],[-122.258484,37.850136],[-122.258467,37.850058]]]},"properties":{"APN":"16-1391-2-2","SitusAddress":"6387 DANA ST OAKLAND 94609"}},{"type":"Feature","geometry":{"type":"Polygon","coordinates":[[[-122.258448,37.849967],[-122.258811,37.849919],[-122.258826,37.85001],[-122.258467,37.850058],[-122.258448,37.849967]]]},"properties":{"APN":"16-1391-3","SitusAddress":"6385 DANA ST OAKLAND 94609"}},{"type":"Feature","geometry":{"type":"Polygon","coordinates":[[[-122.258853,37.850183],[-122.258839,37.850091],[-122.258826,37.85001],[-122.258811,37.849919],[-122.258448,37.849967],[-122.258326,37.849388],[-122.258496,37.849366],[-122.258628,37.849348],[-122.258764,37.84933],[-122.258716,37.849058],[-122.258887,37.849035],[-122.258935,37.849307],[-122.259106,37.849284],[-122.259226,37.849268],[-122.259286,37.849548],[-122.259156,37.849565],[-122.259181,37.849718],[-122.259224,37.84999],[-122.259268,37.850268],[-122.258875,37.85032],[-122.258853,37.850183]]]},"properties":{"APN":"16-1391-4-1","SitusAddress":"460 63RD ST OAKLAND 94609"}},{"type":"Feature","geometry":{"type":"Polygon","coordinates":[[[-122.259939,37.849896],[-122.259925,37.849829],[-122.260068,37.84981],[-122.260407,37.849765],[-122.260358,37.850123],[-122.259997,37.850171],[-122.259939,37.849896]]]},"properties":{"APN":"16-1391-36-1","SitusAddress":"6398 TELEGRAPH AVE OAKLAND 94609"}},{"type":"Feature","geometry":{"type":"Polygon","coordinates":[[[-122.254292,37.849737],[-122.254444,37.849717],[-122.254484,37.849989],[-122.254332,37.850009],[-122.254292,37.849737]]]},"properties":{"APN":"16-1408-16","SitusAddress":"347 63RD ST OAKLAND 94618"}},{"type":"Feature","geometry":{"type":"Polygon","coordinates":[[[-122.254155,37.849756],[-122.254292,37.849737],[-122.254332,37.850009],[-122.254196,37.850027],[-122.254155,37.849756]]]},"properties":{"APN":"16-1408-17","SitusAddress":"345 63RD ST OAKLAND 94618"}},{"type":"Feature","geometry":{"type":"Polygon","coordinates":[[[-122.254196,37.850027],[-122.254057,37.850046],[-122.254017,37.849774],[-122.254155,37.849756],[-122.254196,37.850027]]]},"properties":{"APN":"16-1408-18","SitusAddress":"341 63RD ST OAKLAND 94618"}},{"type":"Feature","geometry":{"type":"Polygon","coordinates":[[[-122.253882,37.849686],[-122.254001,37.84967],[-122.254003,37.849683],[-122.254017,37.849774],[-122.254057,37.850046],[-122.253937,37.850062],[-122.253882,37.849686]]]},"properties":{"APN":"16-1408-19","SitusAddress":"339 63RD ST OAKLAND 94618"}},{"type":"Feature","geometry":{"type":"Polygon","coordinates":[[[-122.253745,37.849704],[-122.253873,37.849687],[-122.253882,37.849686],[-122.253937,37.850062],[-122.253801,37.85008],[-122.253745,37.849704]]]},"properties":{"APN":"16-1408-20","SitusAddress":"335 63RD ST OAKLAND 94618"}},{"type":"Feature","geometry":{"type":"Polygon","coordinates":[[[-122.253617,37.849722],[-122.253745,37.849704],[-122.253801,37.85008],[-122.253673,37.850097],[-122.253617,37.849722]]]},"properties":{"APN":"16-1408-21","SitusAddress":"333 63RD ST OAKLAND 94618"}},{"type":"Feature","geometry":{"type":"Polygon","coordinates":[[[-122.253489,37.849739],[-122.253617,37.849722],[-122.253673,37.850097],[-122.253545,37.850114],[-122.253489,37.849739]]]},"properties":{"APN":"16-1408-22","SitusAddress":"331 63RD ST OAKLAND 94618"}},{"type":"Feature","geometry":{"type":"Polygon","coordinates":[[[-122.253361,37.849756],[-122.253489,37.849739],[-122.253545,37.850114],[-122.253416,37.850131],[-122.253361,37.849756]]]},"properties":{"APN":"16-1408-23","SitusAddress":"329 63RD ST OAKLAND 94618"}},{"type":"Feature","geometry":{"type":"Polygon","coordinates":[[[-122.253232,37.849774],[-122.253361,37.849756],[-122.253416,37.850131],[-122.253288,37.850149],[-122.253288,37.850148],[-122.253232,37.849775],[-122.253232,37.849774]]]},"properties":{"APN":"16-1408-24","SitusAddress":"327 63RD ST OAKLAND 94618"}},{"type":"Feature","geometry":{"type":"Polygon","coordinates":[[[-122.25289,37.849819],[-122.252922,37.849815],[-122.252925,37.849815],[-122.253061,37.849797],[-122.253073,37.849876],[-122.253117,37.850171],[-122.252946,37.850194],[-122.252892,37.849827],[-122.25289,37.849819]]]},"properties":{"APN":"16-1408-30","SitusAddress":"321 63RD ST OAKLAND 94618"}},{"type":"Feature","geometry":{"type":"Polygon","coordinates":[[[-122.253061,37.849797],[-122.253231,37.849774],[-122.253232,37.849774],[-122.253232,37.849775],[-122.253288,37.850148],[-122.253288,37.850149],[-122.253214,37.850158],[-122.253214,37.850158],[-122.253117,37.850171],[-122.253073,37.849876],[-122.253061,37.849797]]]},"properties":{"APN":"16-1408-31","SitusAddress":"323 63RD ST OAKLAND 94618"}},{"type":"Feature","geometry":{"type":"Polygon","coordinates":[[[-122.252946,37.850877],[-122.252932,37.850778],[-122.25293,37.85076],[-122.252927,37.850737],[-122.253059,37.85072],[-122.253114,37.851087],[-122.252977,37.851106],[-122.252947,37.850887],[-122.252946,37.850877]]]},"properties":{"APN":"16-1409-1","SitusAddress":"2636 ALCATRAZ AVE OAKLAND 94608"}},{"type":"Feature","geometry":{"type":"Polygon","coordinates":[[[-122.252903,37.85056],[-122.252876,37.850359],[-122.253003,37.850343],[-122.253059,37.85072],[-122.252927,37.850737],[-122.252903,37.85056]]]},"properties":{"APN":"16-1409-2","SitusAddress":"316 63RD ST OAKLAND 94618"}},{"type":"Feature","geometry":{"type":"Polygon","coordinates":[[[-122.253059,37.85072],[-122.253003,37.850343],[-122.253139,37.850324],[-122.253196,37.850701],[-122.253059,37.85072]]]},"properties":{"APN":"16-1409-3","SitusAddress":"320 63RD ST OAKLAND 94618"}},{"type":"Feature","geometry":{"type":"Polygon","coordinates":[[[-122.253139,37.850324],[-122.253276,37.850306],[-122.253332,37.850683],[-122.253196,37.850701],[-122.253139,37.850324]]]},"properties":{"APN":"16-1409-4","SitusAddress":"324 63RD ST OAKLAND 94618"}},{"type":"Feature","geometry":{"type":"Polygon","coordinates":[[[-122.253276,37.850306],[-122.253413,37.850288],[-122.253469,37.850665],[-122.253332,37.850683],[-122.253276,37.850306]]]},"properties":{"APN":"16-1409-5","SitusAddress":"326 63RD ST OAKLAND 94618"}},{"type":"Feature","geometry":{"type":"Polygon","coordinates":[[[-122.253413,37.850288],[-122.25355,37.850269],[-122.253606,37.850646],[-122.253469,37.850665],[-122.253413,37.850288]]]},"properties":{"APN":"16-1409-6","SitusAddress":"328 63RD ST OAKLAND 94618"}},{"type":"Feature","geometry":{"type":"Polygon","coordinates":[[[-122.253743,37.850628],[-122.253606,37.850646],[-122.25355,37.850269],[-122.253687,37.850251],[-122.253743,37.850628]]]},"properties":{"APN":"16-1409-7","SitusAddress":"330 63RD ST OAKLAND 94618"}},{"type":"Feature","geometry":{"type":"Polygon","coordinates":[[[-122.253687,37.850251],[-122.253823,37.850233],[-122.25388,37.85061],[-122.253743,37.850628],[-122.253687,37.850251]]]},"properties":{"APN":"16-1409-8","SitusAddress":"334 63RD ST OAKLAND 94618"}},{"type":"Feature","geometry":{"type":"Polygon","coordinates":[[[-122.253823,37.850233],[-122.25396,37.850215],[-122.254016,37.850592],[-122.25388,37.85061],[-122.253823,37.850233]]]},"properties":{"APN":"16-1409-9","SitusAddress":"338 63RD ST OAKLAND 94618"}},{"type":"Feature","geometry":{"type":"Polygon","coordinates":[[[-122.25396,37.850215],[-122.254097,37.850196],[-122.254139,37.850478],[-122.254153,37.850573],[-122.254016,37.850592],[-122.25396,37.850215]]]},"properties":{"APN":"16-1409-10","SitusAddress":"340 63RD ST OAKLAND 94618"}},{"type":"Feature","geometry":{"type":"Polygon","coordinates":[[[-122.254097,37.850196],[-122.254234,37.850178],[-122.254276,37.850459],[-122.254139,37.850478],[-122.254097,37.850196]]]},"properties":{"APN":"16-1409-11","SitusAddress":"342 63RD ST OAKLAND 94618"}},{"type":"Feature","geometry":{"type":"Polygon","coordinates":[[[-122.254412,37.850441],[-122.254276,37.850459],[-122.254234,37.850178],[-122.25437,37.85016],[-122.254412,37.850441]]]},"properties":{"APN":"16-1409-12","SitusAddress":"344 63RD ST OAKLAND 94618"}},{"type":"Feature","geometry":{"type":"Polygon","coordinates":[[[-122.254549,37.850423],[-122.254412,37.850441],[-122.25437,37.85016],[-122.254507,37.850141],[-122.254549,37.850423]]]},"properties":{"APN":"16-1409-13","SitusAddress":"348 63RD ST OAKLAND 94618"}},{"type":"Feature","geometry":{"type":"Polygon","coordinates":[[[-122.254139,37.850478],[-122.254276,37.850459],[-122.254412,37.850441],[-122.254549,37.850423],[-122.254563,37.850518],[-122.254153,37.850573],[-122.254139,37.850478]]]},"properties":{"APN":"16-1409-14","SitusAddress":"6380 HILLEGASS AVE OAKLAND 94618"}},{"type":"Feature","geometry":{"type":"Polygon","coordinates":[[[-122.254153,37.850573],[-122.254563,37.850518],[-122.254577,37.850614],[-122.254441,37.850632],[-122.254304,37.850651],[-122.254167,37.850669],[-122.254153,37.850573]]]},"properties":{"APN":"16-1409-15","SitusAddress":"6386 HILLEGASS AVE OAKLAND 94618"}},{"type":"Feature","geometry":{"type":"Polygon","coordinates":[[[-122.254441,37.850632],[-122.254577,37.850614],[-122.254618,37.850888],[-122.254482,37.850906],[-122.254441,37.850632]]]},"properties":{"APN":"16-1409-16","SitusAddress":"349 ALCATRAZ AVE OAKLAND 94618"}},{"type":"Feature","geometry":{"type":"Polygon","coordinates":[[[-122.254304,37.850651],[-122.254441,37.850632],[-122.254482,37.850906],[-122.254345,37.850924],[-122.254304,37.850651]]]},"properties":{"APN":"16-1409-17","SitusAddress":"345 ALCATRAZ AVE OAKLAND 94618"}},{"type":"Feature","geometry":{"type":"Polygon","coordinates":[[[-122.254167,37.850669],[-122.254304,37.850651],[-122.254345,37.850924],[-122.254208,37.850942],[-122.254167,37.850669]]]},"properties":{"APN":"16-1409-18","SitusAddress":"343 ALCATRAZ AVE OAKLAND 94618"}},{"type":"Feature","geometry":{"type":"Polygon","coordinates":[[[-122.254016,37.850592],[-122.254153,37.850573],[-122.254167,37.850669],[-122.254208,37.850942],[-122.254071,37.85096],[-122.254016,37.850592]]]},"properties":{"APN":"16-1409-19","SitusAddress":"341 ALCATRAZ AVE OAKLAND 94618"}},{"type":"Feature","geometry":{"type":"Polygon","coordinates":[[[-122.253743,37.850628],[-122.25388,37.85061],[-122.254016,37.850592],[-122.254071,37.85096],[-122.253798,37.850997],[-122.253743,37.850628]]]},"properties":{"APN":"16-1409-21-1","SitusAddress":"335 ALCATRAZ AVE OAKLAND 94618"}},{"type":"Feature","geometry":{"type":"Polygon","coordinates":[[[-122.253798,37.850997],[-122.253661,37.851015],[-122.253606,37.850646],[-122.253743,37.850628],[-122.253798,37.850997]]]},"properties":{"APN":"16-1409-22","SitusAddress":"331 ALCATRAZ AVE OAKLAND 94618"}},{"type":"Feature","geometry":{"type":"Polygon","coordinates":[[[-122.253469,37.850665],[-122.253606,37.850646],[-122.253661,37.851015],[-122.253524,37.851033],[-122.253469,37.850665]]]},"properties":{"APN":"16-1409-23","SitusAddress":"327 ALCATRAZ AVE OAKLAND 94618"}},{"type":"Feature","geometry":{"type":"Polygon","coordinates":[[[-122.253332,37.850683],[-122.253469,37.850665],[-122.253524,37.851033],[-122.253387,37.851051],[-122.253332,37.850683]]]},"properties":{"APN":"16-1409-24","SitusAddress":"323 ALCATRAZ AVE OAKLAND 94618"}},{"type":"Feature","geometry":{"type":"Polygon","coordinates":[[[-122.253196,37.850701],[-122.253332,37.850683],[-122.253387,37.851051],[-122.25325,37.851069],[-122.253196,37.850701]]]},"properties":{"APN":"16-1409-25","SitusAddress":"319 ALCATRAZ AVE OAKLAND 94618"}},{"type":"Feature","geometry":{"type":"Polygon","coordinates":[[[-122.253114,37.851087],[-122.253059,37.85072],[-122.253196,37.850701],[-122.25325,37.851069],[-122.253114,37.851087]]]},"properties":{"APN":"16-1409-26","SitusAddress":"317 ALCATRAZ AVE OAKLAND 94618"}},{"type":"Feature","geometry":{"type":"Polygon","coordinates":[[[-122.253569,37.853662],[-122.253847,37.853625],[-122.253859,37.85368],[-122.25358,37.853715],[-122.253569,37.853662]]]},"properties":{"APN":"16-1410-1-1","SitusAddress":"3101 BENVENUE AVE BERKELEY 94705"}},{"type":"Feature","geometry":{"type":"Polygon","coordinates":[[[-122.253546,37.853553],[-122.253824,37.853516],[-122.253847,37.853625],[-122.253569,37.853662],[-122.253566,37.853649],[-122.253562,37.853631],[-122.253548,37.853563],[-122.253546,37.853553]]]},"properties":{"APN":"16-1410-1-2","SitusAddress":"3101 BENVENUE AVE OAKLAND 94705"}},{"type":"Feature","geometry":{"type":"Polygon","coordinates":[[[-122.253433,37.853554],[-122.253543,37.853539],[-122.253546,37.853553],[-122.253548,37.853563],[-122.253562,37.853631],[-122.253566,37.853649],[-122.253569,37.853662],[-122.25358,37.853715],[-122.253471,37.85373],[-122.253459,37.853677],[-122.253433,37.853554]]]},"properties":{"APN":"16-1410-2-3","SitusAddress":"2634 WOOLSEY ST OAKLAND 94705"}},{"type":"Feature","geometry":{"type":"Polygon","coordinates":[[[-122.253331,37.853694],[-122.253285,37.853476],[-122.253323,37.853471],[-122.253413,37.853459],[-122.253433,37.853554],[-122.253459,37.853677],[-122.253471,37.85373],[-122.253343,37.853748],[-122.253334,37.853704],[-122.253331,37.853694]]]},"properties":{"APN":"16-1410-3-3","SitusAddress":"2636 WOOLSEY ST OAKLAND 94705"}},{"type":"Feature","geometry":{"type":"Polygon","coordinates":[[[-122.253546,37.853553],[-122.253543,37.853539],[-122.253433,37.853554],[-122.253413,37.853459],[-122.253801,37.853408],[-122.253824,37.853516],[-122.253546,37.853553]]]},"properties":{"APN":"16-1410-4","SitusAddress":"6494 BENVENUE AVE OAKLAND 94618"}},{"type":"Feature","geometry":{"type":"Polygon","coordinates":[[[-122.253773,37.853272],[-122.253294,37.853336],[-122.253266,37.8532],[-122.253744,37.853137],[-122.253773,37.853272]]]},"properties":{"APN":"16-1410-6","SitusAddress":"6486 BENVENUE AVE OAKLAND 94618"}},{"type":"Feature","geometry":{"type":"Polygon","coordinates":[[[-122.253271,37.85306],[-122.253715,37.853001],[-122.253744,37.853137],[-122.253266,37.8532],[-122.253237,37.853065],[-122.253271,37.85306]]]},"properties":{"APN":"16-1410-7","SitusAddress":"6480 BENVENUE AVE OAKLAND 94618"}},{"type":"Feature","geometry":{"type":"Polygon","coordinates":[[[-122.253687,37.852866],[-122.253715,37.853001],[-122.253271,37.85306],[-122.253243,37.852925],[-122.253687,37.852866]]]},"properties":{"APN":"16-1410-8","SitusAddress":"6474 BENVENUE AVE OAKLAND 94618"}},{"type":"Feature","geometry":{"type":"Polygon","coordinates":[[[-122.253658,37.85273],[-122.253687,37.852866],[-122.253243,37.852925],[-122.253214,37.852789],[-122.253658,37.85273]]]},"properties":{"APN":"16-1410-9","SitusAddress":"6468 BENVENUE AVE OAKLAND 94618"}},{"type":"Feature","geometry":{"type":"Polygon","coordinates":[[[-122.253658,37.85273],[-122.253214,37.852789],[-122.253186,37.852654],[-122.25363,37.852595],[-122.253658,37.85273]]]},"properties":{"APN":"16-1410-10","SitusAddress":"6462 BENVENUE AVE OAKLAND 94618"}},{"type":"Feature","geometry":{"type":"Polygon","coordinates":[[[-122.253157,37.852519],[-122.253601,37.85246],[-122.25363,37.852595],[-122.253186,37.852654],[-122.253157,37.852519]]]},"properties":{"APN":"16-1410-11","SitusAddress":"6454 BENVENUE AVE OAKLAND 94618"}},{"type":"Feature","geometry":{"type":"Polygon","coordinates":[[[-122.253134,37.852409],[-122.253128,37.852383],[-122.253135,37.852382],[-122.253163,37.852379],[-122.253572,37.852324],[-122.253601,37.85246],[-122.253157,37.852519],[-122.253134,37.852409]]]},"properties":{"APN":"16-1410-12","SitusAddress":"6450 BENVENUE AVE OAKLAND 94618"}},{"type":"Feature","geometry":{"type":"Polygon","coordinates":[[[-122.253134,37.852243],[-122.253544,37.852189],[-122.253572,37.852324],[-122.253163,37.852379],[-122.253134,37.852243]]]},"properties":{"APN":"16-1410-13","SitusAddress":"6444 BENVENUE AVE OAKLAND 94618"}},{"type":"Feature","geometry":{"type":"Polygon","coordinates":[[[-122.253105,37.852108],[-122.253515,37.852053],[-122.253544,37.852189],[-122.253134,37.852243],[-122.253105,37.852108]]]},"properties":{"APN":"16-1410-14","SitusAddress":"6436 BENVENUE AVE OAKLAND 94618"}},{"type":"Feature","geometry":{"type":"Polygon","coordinates":[[[-122.253077,37.851972],[-122.253077,37.851972],[-122.25309,37.85197],[-122.253105,37.852108],[-122.25308,37.851988],[-122.253077,37.851972]]]},"properties":{"APN":"16-1410-15-1","SitusAddress":"6432 BENVENUE AVE BERKELEY 94618"}},{"type":"Feature","geometry":{"type":"Polygon","coordinates":[[[-122.253486,37.851918],[-122.253487,37.851918],[-122.253515,37.852053],[-122.253105,37.852108],[-122.25309,37.85197],[-122.253091,37.85197],[-122.25343,37.851925],[-122.253486,37.851918],[-122.253486,37.851918]]]},"properties":{"APN":"16-1410-15-2","SitusAddress":"6432 BENVENUE AVE OAKLAND 94618"}},{"type":"Feature","geometry":{"type":"Polygon","coordinates":[[[-122.253008,37.851646],[-122.253006,37.851639],[-122.252991,37.851566],[-122.253025,37.851561],[-122.253046,37.851559],[-122.253061,37.851696],[-122.25302,37.851701],[-122.253008,37.851646]]]},"properties":{"APN":"16-1410-18-1","SitusAddress":"6414 BENVENUE AVE BERKELEY 94618"}},{"type":"Feature","geometry":{"type":"Polygon","coordinates":[[[-122.253046,37.851559],[-122.253145,37.851546],[-122.253264,37.85153],[-122.253401,37.851512],[-122.253429,37.851647],[-122.253061,37.851696],[-122.253046,37.851559]]]},"properties":{"APN":"16-1410-18-2","SitusAddress":"6414 BENVENUE AVE OAKLAND 94618"}},{"type":"Feature","geometry":{"type":"Polygon","coordinates":[[[-122.253235,37.851393],[-122.253372,37.851375],[-122.253401,37.851512],[-122.253264,37.85153],[-122.253235,37.851393]]]},"properties":{"APN":"16-1410-19-1","SitusAddress":"6406 BENVENUE AVE OAKLAND 94618"}},{"type":"Feature","geometry":{"type":"Polygon","coordinates":[[[-122.253207,37.851259],[-122.253344,37.851241],[-122.253372,37.851375],[-122.253235,37.851393],[-122.253207,37.851259]]]},"properties":{"APN":"16-1410-20-1","SitusAddress":"6400 BENVENUE AVE OAKLAND 94618"}},{"type":"Feature","geometry":{"type":"Polygon","coordinates":[[[-122.253087,37.851275],[-122.253207,37.851259],[-122.253235,37.851393],[-122.253264,37.85153],[-122.253145,37.851546],[-122.253087,37.851275]]]},"properties":{"APN":"16-1410-21","SitusAddress":"314 ALCATRAZ AVE OAKLAND 94618"}},{"type":"Feature","geometry":{"type":"Polygon","coordinates":[[[-122.252968,37.851291],[-122.253016,37.851284],[-122.253046,37.851559],[-122.253025,37.851561],[-122.252968,37.851291]]]},"properties":{"APN":"16-1410-22-1","SitusAddress":"2607 ALCATRAZ AVE BERKELEY 94705"}},{"type":"Feature","geometry":{"type":"Polygon","coordinates":[[[-122.253016,37.851284],[-122.253087,37.851275],[-122.253145,37.851546],[-122.253046,37.851559],[-122.253016,37.851284]]]},"properties":{"APN":"16-1410-22-2","SitusAddress":"2607 ALCATRAZ AVE OAKLAND 94618"}},{"type":"Feature","geometry":{"type":"Polygon","coordinates":[[[-122.253413,37.853459],[-122.253323,37.853471],[-122.253294,37.853336],[-122.253773,37.853272],[-122.253801,37.853408],[-122.253413,37.853459]]]},"properties":{"APN":"16-1410-26","SitusAddress":"6490 BENVENUE AVE OAKLAND 94618"}},{"type":"Feature","geometry":{"type":"Polygon","coordinates":[[[-122.253061,37.851696],[-122.253429,37.851647],[-122.253458,37.851782],[-122.253075,37.851833],[-122.253061,37.851696]]]},"properties":{"APN":"16-1410-31","SitusAddress":"6420 BENVENUE AVE OAKLAND 94618"}},{"type":"Feature","geometry":{"type":"Polygon","coordinates":[[[-122.25302,37.851701],[-122.253061,37.851696],[-122.253075,37.851833],[-122.253075,37.851833],[-122.253048,37.851836],[-122.253048,37.851835],[-122.253042,37.851806],[-122.25302,37.851701]]]},"properties":{"APN":"16-1410-32","SitusAddress":"6420 BENVENUE AVE BERKELEY 94618"}},{"type":"Feature","geometry":{"type":"Polygon","coordinates":[[[-122.253072,37.851952],[-122.253052,37.851853],[-122.253048,37.851837],[-122.253048,37.851837],[-122.253048,37.851836],[-122.253075,37.851833],[-122.253075,37.851833],[-122.253458,37.851782],[-122.253486,37.851918],[-122.253486,37.851918],[-122.25343,37.851925],[-122.253091,37.85197],[-122.25309,37.85197],[-122.253077,37.851972],[-122.253077,37.851972],[-122.253077,37.851972],[-122.253072,37.851952]]]},"properties":{"APN":"16-1410-39","SitusAddress":"6426 BENVENUE AVE OAKLAND 94618"}},{"type":"Feature","geometry":{"type":"Polygon","coordinates":[[[-122.254741,37.853283],[-122.254895,37.853262],[-122.254952,37.853534],[-122.254799,37.853555],[-122.254741,37.853283]]]},"properties":{"APN":"16-1411-1","SitusAddress":"2600 WOOLSEY ST OAKLAND 94705"}},{"type":"Feature","geometry":{"type":"Polygon","coordinates":[[[-122.254605,37.853301],[-122.254741,37.853283],[-122.254799,37.853555],[-122.254662,37.853573],[-122.254605,37.853301]]]},"properties":{"APN":"16-1411-2","SitusAddress":"2604 WOOLSEY ST OAKLAND 94608"}},{"type":"Feature","geometry":{"type":"Polygon","coordinates":[[[-122.254468,37.853319],[-122.254605,37.853301],[-122.254662,37.853573],[-122.254525,37.853591],[-122.254468,37.853319]]]},"properties":{"APN":"16-1411-3","SitusAddress":"2608 WOOLSEY ST OAKLAND 94608"}},{"type":"Feature","geometry":{"type":"Polygon","coordinates":[[[-122.254525,37.853591],[-122.254372,37.853611],[-122.254314,37.853339],[-122.254451,37.853321],[-122.254468,37.853319],[-122.254525,37.853591]]]},"properties":{"APN":"16-1411-4","SitusAddress":"2610 WOOLSEY ST OAKLAND 94608"}},{"type":"Feature","geometry":{"type":"Polygon","coordinates":[[[-122.254178,37.853358],[-122.254314,37.853339],[-122.254372,37.853611],[-122.254235,37.85363],[-122.254178,37.853358]]]},"properties":{"APN":"16-1411-5","SitusAddress":"2612 WOOLSEY ST OAKLAND 94608"}},{"type":"Feature","geometry":{"type":"Polygon","coordinates":[[[-122.254006,37.85338],[-122.254178,37.853358],[-122.254235,37.85363],[-122.254064,37.853652],[-122.254006,37.85338]]]},"properties":{"APN":"16-1411-6","SitusAddress":"2616 WOOLSEY ST OAKLAND 94608"}},{"type":"Feature","geometry":{"type":"Polygon","coordinates":[[[-122.253978,37.853245],[-122.254422,37.853186],[-122.254451,37.853321],[-122.254314,37.853339],[-122.254178,37.853358],[-122.254006,37.85338],[-122.253978,37.853245]]]},"properties":{"APN":"16-1411-7","SitusAddress":"6491 BENVENUE AVE OAKLAND 94618"}},{"type":"Feature","geometry":{"type":"Polygon","coordinates":[[[-122.253949,37.85311],[-122.254394,37.85305],[-122.254422,37.853186],[-122.253978,37.853245],[-122.253949,37.85311]]]},"properties":{"APN":"16-1411-8-2","SitusAddress":"6487 BENVENUE AVE OAKLAND 94618"}},{"type":"Feature","geometry":{"type":"Polygon","coordinates":[[[-122.253892,37.852839],[-122.254337,37.85278],[-122.254365,37.852915],[-122.25392,37.852974],[-122.253892,37.852839]]]},"properties":{"APN":"16-1411-9","SitusAddress":"6475 BENVENUE AVE OAKLAND 94618"}},{"type":"Feature","geometry":{"type":"Polygon","coordinates":[[[-122.253863,37.852703],[-122.254308,37.852644],[-122.254337,37.85278],[-122.253892,37.852839],[-122.253863,37.852703]]]},"properties":{"APN":"16-1411-10","SitusAddress":"6469 BENVENUE AVE OAKLAND 94618"}},{"type":"Feature","geometry":{"type":"Polygon","coordinates":[[[-122.253835,37.852568],[-122.254279,37.852509],[-122.254308,37.852644],[-122.253863,37.852703],[-122.253835,37.852568]]]},"properties":{"APN":"16-1411-11","SitusAddress":"6463 BENVENUE AVE OAKLAND 94618"}},{"type":"Feature","geometry":{"type":"Polygon","coordinates":[[[-122.253806,37.852432],[-122.254251,37.852373],[-122.254279,37.852509],[-122.253835,37.852568],[-122.253806,37.852432]]]},"properties":{"APN":"16-1411-12","SitusAddress":"6457 BENVENUE AVE OAKLAND 94618"}},{"type":"Feature","geometry":{"type":"Polygon","coordinates":[[[-122.254221,37.852238],[-122.254222,37.852241],[-122.254251,37.852373],[-122.253806,37.852432],[-122.253777,37.852297],[-122.254221,37.852238]]]},"properties":{"APN":"16-1411-13","SitusAddress":"6451 BENVENUE AVE OAKLAND 94618"}},{"type":"Feature","geometry":{"type":"Polygon","coordinates":[[[-122.25372,37.852026],[-122.254128,37.851972],[-122.254164,37.851967],[-122.254181,37.852047],[-122.254181,37.852048],[-122.254182,37.85205],[-122.254193,37.852103],[-122.253749,37.852162],[-122.25372,37.852026]]]},"properties":{"APN":"16-1411-15","SitusAddress":"6441 BENVENUE AVE OAKLAND 94618"}},{"type":"Feature","geometry":{"type":"Polygon","coordinates":[[[-122.253692,37.851891],[-122.254136,37.851832],[-122.254141,37.851859],[-122.254161,37.851954],[-122.254164,37.851967],[-122.254128,37.851972],[-122.25372,37.852026],[-122.253692,37.851891]]]},"properties":{"APN":"16-1411-16","SitusAddress":"6433 BENVENUE AVE OAKLAND 94618"}},{"type":"Feature","geometry":{"type":"Polygon","coordinates":[[[-122.253692,37.851891],[-122.253663,37.851755],[-122.254107,37.851696],[-122.254136,37.851832],[-122.253692,37.851891]]]},"properties":{"APN":"16-1411-17","SitusAddress":"6427 BENVENUE AVE OAKLAND 94618"}},{"type":"Feature","geometry":{"type":"Polygon","coordinates":[[[-122.254078,37.851561],[-122.254107,37.851696],[-122.253663,37.851755],[-122.253634,37.85162],[-122.254078,37.851561]]]},"properties":{"APN":"16-1411-18","SitusAddress":"6421 BENVENUE AVE OAKLAND 94618"}},{"type":"Feature","geometry":{"type":"Polygon","coordinates":[[[-122.253606,37.851484],[-122.253732,37.851468],[-122.253794,37.851459],[-122.253851,37.851452],[-122.253964,37.851437],[-122.253965,37.851437],[-122.25405,37.851425],[-122.254052,37.851436],[-122.254078,37.851561],[-122.253634,37.85162],[-122.253606,37.851484]]]},"properties":{"APN":"16-1411-19","SitusAddress":"6415 BENVENUE AVE OAKLAND 94618"}},{"type":"Feature","geometry":{"type":"Polygon","coordinates":[[[-122.253935,37.851299],[-122.253907,37.851166],[-122.254045,37.851148],[-122.254102,37.851419],[-122.25408,37.851421],[-122.25405,37.851425],[-122.253965,37.851437],[-122.253964,37.851437],[-122.253935,37.851299]]]},"properties":{"APN":"16-1411-22","SitusAddress":"336 ALCATRAZ AVE OAKLAND 94618"}},{"type":"Feature","geometry":{"type":"Polygon","coordinates":[[[-122.254045,37.851148],[-122.254147,37.851134],[-122.254204,37.851405],[-122.254102,37.851419],[-122.254045,37.851148]]]},"properties":{"APN":"16-1411-23","SitusAddress":"338 ALCATRAZ AVE OAKLAND 94618"}},{"type":"Feature","geometry":{"type":"Polygon","coordinates":[[[-122.254147,37.851134],[-122.25425,37.85112],[-122.254278,37.851256],[-122.254307,37.851391],[-122.254204,37.851405],[-122.254147,37.851134]]]},"properties":{"APN":"16-1411-24","SitusAddress":"344 ALCATRAZ AVE OAKLAND 94618"}},{"type":"Feature","geometry":{"type":"Polygon","coordinates":[[[-122.254466,37.851231],[-122.254278,37.851256],[-122.25425,37.85112],[-122.254438,37.851095],[-122.254466,37.851231]]]},"properties":{"APN":"16-1411-25","SitusAddress":"348 ALCATRAZ AVE OAKLAND 94618"}},{"type":"Feature","geometry":{"type":"Polygon","coordinates":[[[-122.254495,37.851366],[-122.254307,37.851391],[-122.254278,37.851256],[-122.254466,37.851231],[-122.254495,37.851366]]]},"properties":{"APN":"16-1411-26","SitusAddress":"6406 HILLEGASS AVE OAKLAND 94618"}},{"type":"Feature","geometry":{"type":"Polygon","coordinates":[[[-122.25405,37.851425],[-122.25408,37.851421],[-122.254102,37.851419],[-122.254204,37.851405],[-122.254307,37.851391],[-122.254495,37.851366],[-122.254523,37.851502],[-122.254079,37.851561],[-122.254078,37.851561],[-122.254052,37.851436],[-122.25405,37.851425]]]},"properties":{"APN":"16-1411-27","SitusAddress":"6408 HILLEGASS AVE OAKLAND 94618"}},{"type":"Feature","geometry":{"type":"Polygon","coordinates":[[[-122.254079,37.851561],[-122.254523,37.851502],[-122.254552,37.851637],[-122.254108,37.851696],[-122.254107,37.851696],[-122.254078,37.851561],[-122.254079,37.851561]]]},"properties":{"APN":"16-1411-28","SitusAddress":"6412 HILLEGASS AVE OAKLAND 94618"}},{"type":"Feature","geometry":{"type":"Polygon","coordinates":[[[-122.254108,37.851696],[-122.254552,37.851637],[-122.254586,37.8518],[-122.254142,37.851859],[-122.254141,37.851859],[-122.254136,37.851832],[-122.254107,37.851696],[-122.254108,37.851696]]]},"properties":{"APN":"16-1411-29","SitusAddress":"6416 HILLEGASS AVE OAKLAND 94618"}},{"type":"Feature","geometry":{"type":"Polygon","coordinates":[[[-122.254141,37.851859],[-122.254142,37.851859],[-122.254586,37.8518],[-122.254606,37.851895],[-122.254288,37.851937],[-122.254161,37.851954],[-122.254141,37.851859]]]},"properties":{"APN":"16-1411-30","SitusAddress":"6424 HILLEGASS AVE OAKLAND 94618"}},{"type":"Feature","geometry":{"type":"Polygon","coordinates":[[[-122.254288,37.851937],[-122.254606,37.851895],[-122.254626,37.851989],[-122.254181,37.852048],[-122.254181,37.852047],[-122.254164,37.851967],[-122.254161,37.851954],[-122.254288,37.851937]]]},"properties":{"APN":"16-1411-31","SitusAddress":"6428 HILLEGASS AVE OAKLAND 94618"}},{"type":"Feature","geometry":{"type":"Polygon","coordinates":[[[-122.254193,37.852103],[-122.254182,37.85205],[-122.254181,37.852048],[-122.254626,37.851989],[-122.254646,37.852084],[-122.254202,37.852143],[-122.254201,37.852143],[-122.254201,37.852142],[-122.254193,37.852103]]]},"properties":{"APN":"16-1411-32","SitusAddress":"6432 HILLEGASS AVE OAKLAND 94618"}},{"type":"Feature","geometry":{"type":"Polygon","coordinates":[[[-122.254201,37.852143],[-122.254202,37.852143],[-122.254646,37.852084],[-122.254666,37.852179],[-122.254229,37.852237],[-122.254222,37.852238],[-122.254222,37.852238],[-122.254221,37.852238],[-122.254221,37.852238],[-122.254201,37.852143],[-122.254201,37.852143]]]},"properties":{"APN":"16-1411-33","SitusAddress":"6436 HILLEGASS AVE OAKLAND 94618"}},{"type":"Feature","geometry":{"type":"Polygon","coordinates":[[[-122.254221,37.852238],[-122.254222,37.852238],[-122.254222,37.852238],[-122.254229,37.852237],[-122.254666,37.852179],[-122.254695,37.852314],[-122.254251,37.852373],[-122.254222,37.852241],[-122.254221,37.852238]]]},"properties":{"APN":"16-1411-34","SitusAddress":"6438 HILLEGASS AVE OAKLAND 94618"}},{"type":"Feature","geometry":{"type":"Polygon","coordinates":[[[-122.254251,37.852373],[-122.254695,37.852314],[-122.254723,37.85245],[-122.254279,37.852509],[-122.254251,37.852373]]]},"properties":{"APN":"16-1411-35","SitusAddress":"6440 HILLEGASS AVE OAKLAND 94618"}},{"type":"Feature","geometry":{"type":"Polygon","coordinates":[[[-122.254752,37.852585],[-122.254308,37.852644],[-122.254279,37.852509],[-122.254723,37.85245],[-122.254752,37.852585]]]},"properties":{"APN":"16-1411-36","SitusAddress":"6442 HILLEGASS AVE OAKLAND 94618"}},{"type":"Feature","geometry":{"type":"Polygon","coordinates":[[[-122.254308,37.852644],[-122.254752,37.852585],[-122.254781,37.852721],[-122.254337,37.85278],[-122.254308,37.852644]]]},"properties":{"APN":"16-1411-37","SitusAddress":"6444 HILLEGASS AVE OAKLAND 94618"}},{"type":"Feature","geometry":{"type":"Polygon","coordinates":[[[-122.254337,37.85278],[-122.254781,37.852721],[-122.254809,37.852856],[-122.254365,37.852915],[-122.254337,37.85278]]]},"properties":{"APN":"16-1411-38","SitusAddress":"6448 HILLEGASS AVE OAKLAND 94618"}},{"type":"Feature","geometry":{"type":"Polygon","coordinates":[[[-122.254838,37.852992],[-122.254394,37.85305],[-122.254365,37.852915],[-122.254809,37.852856],[-122.254838,37.852992]]]},"properties":{"APN":"16-1411-39","SitusAddress":"6452 HILLEGASS AVE OAKLAND 94618"}},{"type":"Feature","geometry":{"type":"Polygon","coordinates":[[[-122.254394,37.85305],[-122.254838,37.852992],[-122.254866,37.853127],[-122.254422,37.853186],[-122.254394,37.85305]]]},"properties":{"APN":"16-1411-40","SitusAddress":"6456 HILLEGASS AVE OAKLAND 94618"}},{"type":"Feature","geometry":{"type":"Polygon","coordinates":[[[-122.254422,37.853186],[-122.254866,37.853127],[-122.254895,37.853262],[-122.254741,37.853283],[-122.254605,37.853301],[-122.254468,37.853319],[-122.254451,37.853321],[-122.254422,37.853186]]]},"properties":{"APN":"16-1411-41","SitusAddress":"6460 HILLEGASS AVE OAKLAND 94618"}},{"type":"Feature","geometry":{"type":"Polygon","coordinates":[[[-122.25392,37.852974],[-122.254365,37.852915],[-122.254394,37.85305],[-122.253949,37.85311],[-122.25392,37.852974]]]},"properties":{"APN":"16-1411-46","SitusAddress":"6481 BENVENUE AVE OAKLAND 94618"}},{"type":"Feature","geometry":{"type":"Polygon","coordinates":[[[-122.253749,37.852162],[-122.254193,37.852103],[-122.254201,37.852142],[-122.254201,37.852143],[-122.254201,37.852143],[-122.254221,37.852238],[-122.254221,37.852238],[-122.253777,37.852297],[-122.253749,37.852162]]]},"properties":{"APN":"16-1411-51","SitusAddress":"6445 BENVENUE AVE OAKLAND 94618"}},{"type":"Feature","geometry":{"type":"Polygon","coordinates":[[[-122.253793,37.851181],[-122.253907,37.851166],[-122.253935,37.851299],[-122.253821,37.851314],[-122.253793,37.851181]]]},"properties":{"APN":"16-1411-52","SitusAddress":"6405 BENVENUE AVE OAKLAND 94618"}},{"type":"Feature","geometry":{"type":"Polygon","coordinates":[[[-122.253821,37.851314],[-122.253935,37.851299],[-122.253964,37.851437],[-122.253851,37.851452],[-122.253821,37.851314]]]},"properties":{"APN":"16-1411-53","SitusAddress":"6407 BENVENUE AVE OAKLAND 94618"}},{"type":"Feature","geometry":{"type":"Polygon","coordinates":[[[-122.253702,37.85133],[-122.253764,37.851321],[-122.253821,37.851314],[-122.253851,37.851452],[-122.253794,37.851459],[-122.253732,37.851468],[-122.253702,37.85133]]]},"properties":{"APN":"16-1411-54","SitusAddress":"6409 BENVENUE AVE OAKLAND 94618"}},{"type":"Feature","geometry":{"type":"Polygon","coordinates":[[[-122.253702,37.85133],[-122.253732,37.851468],[-122.253606,37.851484],[-122.253577,37.851346],[-122.253702,37.85133]]]},"properties":{"APN":"16-1411-55","SitusAddress":"6411 BENVENUE AVE OAKLAND 94618"}},{"type":"Feature","geometry":{"type":"Polygon","coordinates":[[[-122.253674,37.851197],[-122.253702,37.85133],[-122.253577,37.851346],[-122.253548,37.851214],[-122.253674,37.851197]]]},"properties":{"APN":"16-1411-56","SitusAddress":"6401 BENVENUE AVE OAKLAND 94618"}},{"type":"Feature","geometry":{"type":"Polygon","coordinates":[[[-122.253674,37.851197],[-122.253736,37.851189],[-122.253793,37.851181],[-122.253821,37.851314],[-122.253764,37.851321],[-122.253702,37.85133],[-122.253674,37.851197]]]},"properties":{"APN":"16-1411-57","SitusAddress":"6403 BENVENUE AVE OAKLAND 94618"}},{"type":"Feature","geometry":{"type":"Polygon","coordinates":[[[-122.255699,37.853295],[-122.256016,37.853253],[-122.256045,37.853389],[-122.255728,37.853431],[-122.255699,37.853295]]]},"properties":{"APN":"16-1412-1","SitusAddress":"2500 WOOLSEY ST OAKLAND 94608"}},{"type":"Feature","geometry":{"type":"Polygon","coordinates":[[[-122.255572,37.853312],[-122.255699,37.853295],[-122.255728,37.853431],[-122.255601,37.853448],[-122.255572,37.853312]]]},"properties":{"APN":"16-1412-2","SitusAddress":"2508 WOOLSEY ST OAKLAND 94608"}},{"type":"Feature","geometry":{"type":"Polygon","coordinates":[[[-122.25547,37.853325],[-122.255442,37.85319],[-122.255544,37.853176],[-122.255549,37.853203],[-122.255572,37.853312],[-122.255601,37.853448],[-122.255499,37.853462],[-122.25547,37.853325]]]},"properties":{"APN":"16-1412-3","SitusAddress":"2510 WOOLSEY ST OAKLAND 94618"}},{"type":"Feature","geometry":{"type":"Polygon","coordinates":[[[-122.25547,37.853325],[-122.255129,37.853371],[-122.2551,37.853235],[-122.255442,37.85319],[-122.25547,37.853325]]]},"properties":{"APN":"16-1412-5","SitusAddress":"6465 HILLEGASS AVE OAKLAND 94618"}},{"type":"Feature","geometry":{"type":"Polygon","coordinates":[[[-122.255071,37.8531],[-122.255515,37.853041],[-122.255527,37.853095],[-122.255544,37.853176],[-122.255442,37.85319],[-122.2551,37.853235],[-122.255071,37.8531]]]},"properties":{"APN":"16-1412-6","SitusAddress":"6461 HILLEGASS AVE OAKLAND 94618"}},{"type":"Feature","geometry":{"type":"Polygon","coordinates":[[[-122.255049,37.852991],[-122.255492,37.852932],[-122.255504,37.852987],[-122.255515,37.853041],[-122.255071,37.8531],[-122.255049,37.852991]]]},"properties":{"APN":"16-1412-7","SitusAddress":"6459 HILLEGASS AVE OAKLAND 94618"}},{"type":"Feature","geometry":{"type":"Polygon","coordinates":[[[-122.255026,37.852883],[-122.255469,37.852824],[-122.255481,37.852878],[-122.255492,37.852932],[-122.255049,37.852991],[-122.255026,37.852883]]]},"properties":{"APN":"16-1412-8","SitusAddress":"6455 HILLEGASS AVE OAKLAND 94618"}},{"type":"Feature","geometry":{"type":"Polygon","coordinates":[[[-122.255003,37.852775],[-122.255447,37.852716],[-122.255458,37.85277],[-122.255469,37.852824],[-122.255026,37.852883],[-122.255003,37.852775]]]},"properties":{"APN":"16-1412-9","SitusAddress":"6451 HILLEGASS AVE OAKLAND 94618"}},{"type":"Feature","geometry":{"type":"Polygon","coordinates":[[[-122.25498,37.852666],[-122.255424,37.852607],[-122.255429,37.852634],[-122.255447,37.852716],[-122.255003,37.852775],[-122.25498,37.852666]]]},"properties":{"APN":"16-1412-10","SitusAddress":"6447 HILLEGASS AVE OAKLAND 94618"}},{"type":"Feature","geometry":{"type":"Polygon","coordinates":[[[-122.254957,37.852558],[-122.255401,37.852499],[-122.255406,37.852526],[-122.255424,37.852607],[-122.25498,37.852666],[-122.254957,37.852558]]]},"properties":{"APN":"16-1412-11","SitusAddress":"6443 HILLEGASS AVE OAKLAND 94618"}},{"type":"Feature","geometry":{"type":"Polygon","coordinates":[[[-122.254928,37.852423],[-122.255372,37.852364],[-122.255384,37.852418],[-122.255401,37.852499],[-122.254957,37.852558],[-122.254928,37.852423]]]},"properties":{"APN":"16-1412-12","SitusAddress":"6439 HILLEGASS AVE OAKLAND 94618"}},{"type":"Feature","geometry":{"type":"Polygon","coordinates":[[[-122.2549,37.852287],[-122.255344,37.852228],[-122.255361,37.852309],[-122.255372,37.852364],[-122.254928,37.852423],[-122.2549,37.852287]]]},"properties":{"APN":"16-1412-13","SitusAddress":"6435 HILLEGASS AVE OAKLAND 94618"}},{"type":"Feature","geometry":{"type":"Polygon","coordinates":[[[-122.254871,37.852152],[-122.255315,37.852093],[-122.255338,37.852201],[-122.255344,37.852228],[-122.2549,37.852287],[-122.254871,37.852152]]]},"properties":{"APN":"16-1412-14","SitusAddress":"6431 HILLEGASS AVE OAKLAND 94618"}},{"type":"Feature","geometry":{"type":"Polygon","coordinates":[[[-122.254814,37.851881],[-122.255258,37.851822],[-122.255286,37.851957],[-122.254843,37.852016],[-122.254814,37.851881]]]},"properties":{"APN":"16-1412-16","SitusAddress":"6423 HILLEGASS AVE OAKLAND 94618"}},{"type":"Feature","geometry":{"type":"Polygon","coordinates":[[[-122.254785,37.851745],[-122.255229,37.851686],[-122.255258,37.851822],[-122.254814,37.851881],[-122.254785,37.851745]]]},"properties":{"APN":"16-1412-17","SitusAddress":"6421 HILLEGASS AVE OAKLAND 94618"}},{"type":"Feature","geometry":{"type":"Polygon","coordinates":[[[-122.254757,37.85161],[-122.255201,37.851551],[-122.255229,37.851686],[-122.254785,37.851745],[-122.254757,37.85161]]]},"properties":{"APN":"16-1412-18","SitusAddress":"6417 HILLEGASS AVE OAKLAND 94618"}},{"type":"Feature","geometry":{"type":"Polygon","coordinates":[[[-122.254728,37.851475],[-122.255172,37.851416],[-122.255201,37.851551],[-122.254757,37.85161],[-122.254728,37.851475]]]},"properties":{"APN":"16-1412-19","SitusAddress":"6413 HILLEGASS AVE OAKLAND 94618"}},{"type":"Feature","geometry":{"type":"Polygon","coordinates":[[[-122.2547,37.851339],[-122.25488,37.851315],[-122.255012,37.851298],[-122.255143,37.85128],[-122.255172,37.851416],[-122.254728,37.851475],[-122.2547,37.851339]]]},"properties":{"APN":"16-1412-20","SitusAddress":"6409 HILLEGASS AVE OAKLAND 94618"}},{"type":"Feature","geometry":{"type":"Polygon","coordinates":[[[-122.254671,37.851204],[-122.254852,37.85118],[-122.25488,37.851315],[-122.2547,37.851339],[-122.254671,37.851204]]]},"properties":{"APN":"16-1412-21-1","SitusAddress":"6405 HILLEGASS AVE OAKLAND 94618"}},{"type":"Feature","geometry":{"type":"Polygon","coordinates":[[[-122.255012,37.851298],[-122.25488,37.851315],[-122.254852,37.85118],[-122.254823,37.851044],[-122.254955,37.851027],[-122.255012,37.851298]]]},"properties":{"APN":"16-1412-21-2","SitusAddress":"352 ALCATRAZ AVE OAKLAND 94618"}},{"type":"Feature","geometry":{"type":"Polygon","coordinates":[[[-122.254823,37.851044],[-122.254852,37.85118],[-122.254671,37.851204],[-122.254642,37.851068],[-122.254823,37.851044]]]},"properties":{"APN":"16-1412-22","SitusAddress":"350 ALCATRAZ AVE OAKLAND 94618"}},{"type":"Feature","geometry":{"type":"Polygon","coordinates":[[[-122.254955,37.851027],[-122.255086,37.851009],[-122.255143,37.85128],[-122.255012,37.851298],[-122.254955,37.851027]]]},"properties":{"APN":"16-1412-23","SitusAddress":"354 ALCATRAZ AVE OAKLAND 94618"}},{"type":"Feature","geometry":{"type":"Polygon","coordinates":[[[-122.255086,37.851009],[-122.255223,37.850991],[-122.25528,37.851262],[-122.255143,37.85128],[-122.255086,37.851009]]]},"properties":{"APN":"16-1412-24","SitusAddress":"356 ALCATRAZ AVE OAKLAND 94618"}},{"type":"Feature","geometry":{"type":"Polygon","coordinates":[[[-122.255223,37.850991],[-122.255359,37.850973],[-122.255393,37.851133],[-122.255417,37.851244],[-122.25528,37.851262],[-122.255223,37.850991]]]},"properties":{"APN":"16-1412-25","SitusAddress":"360 ALCATRAZ AVE OAKLAND 94618"}},{"type":"Feature","geometry":{"type":"Polygon","coordinates":[[[-122.255359,37.850973],[-122.25553,37.85095],[-122.255564,37.85111],[-122.255393,37.851133],[-122.255359,37.850973]]]},"properties":{"APN":"16-1412-26-1","SitusAddress":"368 ALCATRAZ AVE OAKLAND 94618"}},{"type":"Feature","geometry":{"type":"Polygon","coordinates":[[[-122.255393,37.851133],[-122.255564,37.85111],[-122.255587,37.851221],[-122.255417,37.851244],[-122.255393,37.851133]]]},"properties":{"APN":"16-1412-26-2","SitusAddress":"6406 REGENT ST OAKLAND 94618"}},{"type":"Feature","geometry":{"type":"Polygon","coordinates":[[[-122.255143,37.85128],[-122.25528,37.851262],[-122.255417,37.851244],[-122.255587,37.851221],[-122.255616,37.851357],[-122.255172,37.851416],[-122.255143,37.85128]]]},"properties":{"APN":"16-1412-27","SitusAddress":"6410 REGENT ST OAKLAND 94618"}},{"type":"Feature","geometry":{"type":"Polygon","coordinates":[[[-122.255172,37.851416],[-122.255616,37.851357],[-122.255645,37.851492],[-122.255201,37.851551],[-122.255172,37.851416]]]},"properties":{"APN":"16-1412-28","SitusAddress":"6416 REGENT ST OAKLAND 94618"}},{"type":"Feature","geometry":{"type":"Polygon","coordinates":[[[-122.255201,37.851551],[-122.255645,37.851492],[-122.255673,37.851628],[-122.255229,37.851686],[-122.255201,37.851551]]]},"properties":{"APN":"16-1412-29","SitusAddress":"6420 REGENT ST OAKLAND 94618"}},{"type":"Feature","geometry":{"type":"Polygon","coordinates":[[[-122.255229,37.851686],[-122.255673,37.851628],[-122.255702,37.851763],[-122.255258,37.851822],[-122.255229,37.851686]]]},"properties":{"APN":"16-1412-30","SitusAddress":"6424 REGENT ST OAKLAND 94618"}},{"type":"Feature","geometry":{"type":"Polygon","coordinates":[[[-122.255286,37.851957],[-122.255258,37.851822],[-122.255702,37.851763],[-122.255731,37.851902],[-122.255287,37.851961],[-122.255286,37.851957]]]},"properties":{"APN":"16-1412-31","SitusAddress":"6426 REGENT ST OAKLAND 94618"}},{"type":"Feature","geometry":{"type":"Polygon","coordinates":[[[-122.255287,37.851961],[-122.255731,37.851902],[-122.255759,37.852034],[-122.255315,37.852093],[-122.255287,37.851961]]]},"properties":{"APN":"16-1412-32","SitusAddress":"6430 REGENT ST OAKLAND 94618"}},{"type":"Feature","geometry":{"type":"Polygon","coordinates":[[[-122.255315,37.852093],[-122.255759,37.852034],[-122.255782,37.852142],[-122.255338,37.852201],[-122.255315,37.852093]]]},"properties":{"APN":"16-1412-33","SitusAddress":"6434 REGENT ST OAKLAND 94618"}},{"type":"Feature","geometry":{"type":"Polygon","coordinates":[[[-122.255805,37.85225],[-122.255361,37.852309],[-122.255344,37.852228],[-122.255338,37.852201],[-122.255782,37.852142],[-122.255805,37.85225]]]},"properties":{"APN":"16-1412-34","SitusAddress":"6436 REGENT ST OAKLAND 94618"}},{"type":"Feature","geometry":{"type":"Polygon","coordinates":[[[-122.255372,37.852364],[-122.255361,37.852309],[-122.255805,37.85225],[-122.255828,37.852359],[-122.255384,37.852418],[-122.255372,37.852364]]]},"properties":{"APN":"16-1412-35","SitusAddress":"6438 REGENT ST OAKLAND 94618"}},{"type":"Feature","geometry":{"type":"Polygon","coordinates":[[[-122.255401,37.852499],[-122.255384,37.852418],[-122.255828,37.852359],[-122.255851,37.852467],[-122.255406,37.852526],[-122.255401,37.852499]]]},"properties":{"APN":"16-1412-36","SitusAddress":"6440 REGENT ST OAKLAND 94618"}},{"type":"Feature","geometry":{"type":"Polygon","coordinates":[[[-122.255424,37.852607],[-122.255406,37.852526],[-122.255851,37.852467],[-122.255873,37.852576],[-122.255429,37.852634],[-122.255424,37.852607]]]},"properties":{"APN":"16-1412-37","SitusAddress":"6444 REGENT ST OAKLAND 94618"}},{"type":"Feature","geometry":{"type":"Polygon","coordinates":[[[-122.255447,37.852716],[-122.255429,37.852634],[-122.255873,37.852576],[-122.255902,37.852711],[-122.255458,37.85277],[-122.255447,37.852716]]]},"properties":{"APN":"16-1412-38","SitusAddress":"6446 REGENT ST OAKLAND 94618"}},{"type":"Feature","geometry":{"type":"Polygon","coordinates":[[[-122.255925,37.852819],[-122.255481,37.852878],[-122.255469,37.852824],[-122.255458,37.85277],[-122.255902,37.852711],[-122.255925,37.852819]]]},"properties":{"APN":"16-1412-39","SitusAddress":"6450 REGENT ST OAKLAND 94618"}},{"type":"Feature","geometry":{"type":"Polygon","coordinates":[[[-122.255492,37.852932],[-122.255481,37.852878],[-122.255925,37.852819],[-122.255948,37.852928],[-122.255504,37.852987],[-122.255492,37.852932]]]},"properties":{"APN":"16-1412-40","SitusAddress":"6452 REGENT ST OAKLAND 94618"}},{"type":"Feature","geometry":{"type":"Polygon","coordinates":[[[-122.255515,37.853041],[-122.255504,37.852987],[-122.255948,37.852928],[-122.255971,37.853036],[-122.255527,37.853095],[-122.255515,37.853041]]]},"properties":{"APN":"16-1412-41","SitusAddress":"6458 REGENT ST OAKLAND 94618"}},{"type":"Feature","geometry":{"type":"Polygon","coordinates":[[[-122.255544,37.853176],[-122.255527,37.853095],[-122.255971,37.853036],[-122.255994,37.853144],[-122.255549,37.853203],[-122.255544,37.853176]]]},"properties":{"APN":"16-1412-42","SitusAddress":"6462 REGENT ST OAKLAND 94618"}},{"type":"Feature","geometry":{"type":"Polygon","coordinates":[[[-122.255549,37.853203],[-122.255994,37.853144],[-122.256016,37.853253],[-122.255699,37.853295],[-122.255572,37.853312],[-122.255549,37.853203]]]},"properties":{"APN":"16-1412-43","SitusAddress":"6468 REGENT ST OAKLAND 94618"}},{"type":"Feature","geometry":{"type":"Polygon","coordinates":[[[-122.254843,37.852016],[-122.255286,37.851957],[-122.255287,37.851961],[-122.255315,37.852093],[-122.254871,37.852152],[-122.254843,37.852016]]]},"properties":{"APN":"16-1412-46","SitusAddress":" HILLEGASS AVE OAKLAND 94618"}},{"type":"Feature","geometry":{"type":"Polygon","coordinates":[[[-122.25547,37.853325],[-122.255499,37.853462],[-122.255157,37.853507],[-122.255129,37.853371],[-122.25547,37.853325]]]},"properties":{"APN":"16-1412-49","SitusAddress":" HILLEGASS AVE OAKLAND 94608"}},{"type":"Feature","geometry":{"type":"Polygon","coordinates":[[[-122.257139,37.853244],[-122.256899,37.853276],[-122.25687,37.853139],[-122.25711,37.853107],[-122.257139,37.853244]]]},"properties":{"APN":"16-1413-1","SitusAddress":"2428 WOOLSEY ST OAKLAND 94608"}},{"type":"Feature","geometry":{"type":"Polygon","coordinates":[[[-122.256669,37.853183],[-122.256665,37.853166],[-122.25687,37.853139],[-122.256899,37.853276],[-122.256694,37.853303],[-122.256669,37.853183]]]},"properties":{"APN":"16-1413-2","SitusAddress":"2434 WOOLSEY ST OAKLAND 94608"}},{"type":"Feature","geometry":{"type":"Polygon","coordinates":[[[-122.256694,37.853303],[-122.256524,37.853326],[-122.256498,37.853205],[-122.256669,37.853183],[-122.256694,37.853303]]]},"properties":{"APN":"16-1413-3","SitusAddress":"2436 WOOLSEY ST OAKLAND 94608"}},{"type":"Feature","geometry":{"type":"Polygon","coordinates":[[[-122.256225,37.853242],[-122.256498,37.853205],[-122.256524,37.853326],[-122.25625,37.853362],[-122.256225,37.853242]]]},"properties":{"APN":"16-1413-4","SitusAddress":"2440 WOOLSEY ST OAKLAND 94608"}},{"type":"Feature","geometry":{"type":"Polygon","coordinates":[[[-122.256196,37.853106],[-122.25664,37.853047],[-122.256665,37.853166],[-122.256669,37.853183],[-122.256498,37.853205],[-122.256225,37.853242],[-122.256196,37.853106]]]},"properties":{"APN":"16-1413-5","SitusAddress":"6465 REGENT ST OAKLAND 94618"}},{"type":"Feature","geometry":{"type":"Polygon","coordinates":[[[-122.256177,37.853016],[-122.256621,37.852957],[-122.256637,37.853031],[-122.25664,37.853047],[-122.256196,37.853106],[-122.256177,37.853016]]]},"properties":{"APN":"16-1413-6","SitusAddress":"6461 REGENT ST OAKLAND 94618"}},{"type":"Feature","geometry":{"type":"Polygon","coordinates":[[[-122.256158,37.852924],[-122.256345,37.852899],[-122.256351,37.852898],[-122.256355,37.852897],[-122.256359,37.852897],[-122.256363,37.852897],[-122.256367,37.852897],[-122.256371,37.852896],[-122.256375,37.852896],[-122.256379,37.852896],[-122.256602,37.852866],[-122.256608,37.852896],[-122.256621,37.852957],[-122.256177,37.853016],[-122.256158,37.852924]]]},"properties":{"APN":"16-1413-7-1","SitusAddress":"6457 REGENT ST OAKLAND 94618"}},{"type":"Feature","geometry":{"type":"Polygon","coordinates":[[[-122.256139,37.852835],[-122.256583,37.852776],[-122.256602,37.852866],[-122.256379,37.852896],[-122.256375,37.852896],[-122.256371,37.852896],[-122.256367,37.852897],[-122.256363,37.852897],[-122.256359,37.852897],[-122.256355,37.852897],[-122.256351,37.852898],[-122.256345,37.852899],[-122.256158,37.852924],[-122.256139,37.852835]]]},"properties":{"APN":"16-1413-8-2","SitusAddress":"6453 REGENT ST OAKLAND 94618"}},{"type":"Feature","geometry":{"type":"Polygon","coordinates":[[[-122.256117,37.852731],[-122.256561,37.852672],[-122.25658,37.85276],[-122.256583,37.852776],[-122.256139,37.852835],[-122.256117,37.852731]]]},"properties":{"APN":"16-1413-9","SitusAddress":"6449 REGENT ST OAKLAND 94618"}},{"type":"Feature","geometry":{"type":"Polygon","coordinates":[[[-122.256561,37.852672],[-122.256117,37.852731],[-122.256095,37.852627],[-122.256539,37.852568],[-122.256551,37.852625],[-122.256561,37.852672]]]},"properties":{"APN":"16-1413-10-1","SitusAddress":"6447 REGENT ST OAKLAND 94618"}},{"type":"Feature","geometry":{"type":"Polygon","coordinates":[[[-122.256074,37.852528],[-122.256518,37.852469],[-122.256522,37.852489],[-122.256539,37.852568],[-122.256095,37.852627],[-122.256074,37.852528]]]},"properties":{"APN":"16-1413-11-1","SitusAddress":"6445 REGENT ST OAKLAND 94618"}},{"type":"Feature","geometry":{"type":"Polygon","coordinates":[[[-122.256051,37.852421],[-122.256496,37.852362],[-122.2565,37.852381],[-122.256518,37.852469],[-122.256074,37.852528],[-122.256051,37.852421]]]},"properties":{"APN":"16-1413-12","SitusAddress":"6441 REGENT ST OAKLAND 94618"}},{"type":"Feature","geometry":{"type":"Polygon","coordinates":[[[-122.256023,37.852285],[-122.256467,37.852226],[-122.256477,37.852273],[-122.256496,37.852362],[-122.256051,37.852421],[-122.256023,37.852285]]]},"properties":{"APN":"16-1413-13","SitusAddress":"6439 REGENT ST OAKLAND 94618"}},{"type":"Feature","geometry":{"type":"Polygon","coordinates":[[[-122.255995,37.852155],[-122.25644,37.852096],[-122.256454,37.852164],[-122.256467,37.852226],[-122.256023,37.852285],[-122.255995,37.852155]]]},"properties":{"APN":"16-1413-14","SitusAddress":"6437 REGENT ST OAKLAND 94618"}},{"type":"Feature","geometry":{"type":"Polygon","coordinates":[[[-122.255967,37.85202],[-122.256411,37.851961],[-122.256431,37.852056],[-122.25644,37.852096],[-122.255995,37.852155],[-122.255967,37.85202]]]},"properties":{"APN":"16-1413-15","SitusAddress":"6433 REGENT ST OAKLAND 94618"}},{"type":"Feature","geometry":{"type":"Polygon","coordinates":[[[-122.255938,37.851885],[-122.256382,37.851825],[-122.256407,37.851944],[-122.256411,37.851961],[-122.255967,37.85202],[-122.255938,37.851885]]]},"properties":{"APN":"16-1413-16","SitusAddress":"6429 REGENT ST OAKLAND 94618"}},{"type":"Feature","geometry":{"type":"Polygon","coordinates":[[[-122.255916,37.851777],[-122.25636,37.851718],[-122.256379,37.851812],[-122.256382,37.851825],[-122.255938,37.851885],[-122.255916,37.851777]]]},"properties":{"APN":"16-1413-17","SitusAddress":"6425 REGENT ST OAKLAND 94618"}},{"type":"Feature","geometry":{"type":"Polygon","coordinates":[[[-122.255895,37.851678],[-122.256339,37.851619],[-122.256351,37.851677],[-122.25636,37.851718],[-122.255916,37.851777],[-122.255895,37.851678]]]},"properties":{"APN":"16-1413-18","SitusAddress":"6421 REGENT ST OAKLAND 94618"}},{"type":"Feature","geometry":{"type":"Polygon","coordinates":[[[-122.255873,37.851573],[-122.256317,37.851514],[-122.256322,37.851541],[-122.256339,37.851619],[-122.255895,37.851678],[-122.255873,37.851573]]]},"properties":{"APN":"16-1413-19","SitusAddress":"6417 REGENT ST OAKLAND 94618"}},{"type":"Feature","geometry":{"type":"Polygon","coordinates":[[[-122.25585,37.851465],[-122.256294,37.851406],[-122.256317,37.851514],[-122.255873,37.851573],[-122.25585,37.851465]]]},"properties":{"APN":"16-1413-20","SitusAddress":"6415 REGENT ST OAKLAND 94618"}},{"type":"Feature","geometry":{"type":"Polygon","coordinates":[[[-122.255827,37.851357],[-122.256271,37.851298],[-122.256294,37.851406],[-122.25585,37.851465],[-122.255827,37.851357]]]},"properties":{"APN":"16-1413-21","SitusAddress":"6411 REGENT ST OAKLAND 94618"}},{"type":"Feature","geometry":{"type":"Polygon","coordinates":[[[-122.255804,37.851248],[-122.256248,37.851189],[-122.256265,37.85127],[-122.256271,37.851298],[-122.255827,37.851357],[-122.255804,37.851248]]]},"properties":{"APN":"16-1413-22","SitusAddress":"6409 REGENT ST OAKLAND 94618"}},{"type":"Feature","geometry":{"type":"Polygon","coordinates":[[[-122.255781,37.85114],[-122.256225,37.851081],[-122.256237,37.851135],[-122.256248,37.851189],[-122.255804,37.851248],[-122.255781,37.85114]]]},"properties":{"APN":"16-1413-23","SitusAddress":"6407 REGENT ST OAKLAND 94618"}},{"type":"Feature","geometry":{"type":"Polygon","coordinates":[[[-122.255758,37.851031],[-122.256202,37.850973],[-122.256225,37.851081],[-122.255781,37.85114],[-122.255758,37.851031]]]},"properties":{"APN":"16-1413-24","SitusAddress":"6405 REGENT ST OAKLAND 94618"}},{"type":"Feature","geometry":{"type":"Polygon","coordinates":[[[-122.256179,37.850864],[-122.256202,37.850973],[-122.255758,37.851031],[-122.255735,37.850923],[-122.256179,37.850864]]]},"properties":{"APN":"16-1413-25","SitusAddress":"6401 REGENT ST OAKLAND 94618"}},{"type":"Feature","geometry":{"type":"Polygon","coordinates":[[[-122.256225,37.851081],[-122.256202,37.850973],[-122.256179,37.850864],[-122.256316,37.850846],[-122.256374,37.851117],[-122.256237,37.851135],[-122.256225,37.851081]]]},"properties":{"APN":"16-1413-26","SitusAddress":"386 ALCATRAZ AVE OAKLAND 94618"}},{"type":"Feature","geometry":{"type":"Polygon","coordinates":[[[-122.25651,37.851099],[-122.256374,37.851117],[-122.256316,37.850846],[-122.256453,37.850828],[-122.25651,37.851099]]]},"properties":{"APN":"16-1413-27","SitusAddress":"390 ALCATRAZ AVE OAKLAND 94618"}},{"type":"Feature","geometry":{"type":"Polygon","coordinates":[[[-122.256453,37.850828],[-122.256624,37.850805],[-122.256681,37.851076],[-122.25651,37.851099],[-122.256453,37.850828]]]},"properties":{"APN":"16-1413-28","SitusAddress":"394 ALCATRAZ AVE OAKLAND 94618"}},{"type":"Feature","geometry":{"type":"Polygon","coordinates":[[[-122.256248,37.851189],[-122.256237,37.851135],[-122.256374,37.851117],[-122.25651,37.851099],[-122.256681,37.851076],[-122.25671,37.851211],[-122.256265,37.85127],[-122.256248,37.851189]]]},"properties":{"APN":"16-1413-29","SitusAddress":"6420 COLBY ST OAKLAND 94618"}},{"type":"Feature","geometry":{"type":"Polygon","coordinates":[[[-122.256271,37.851298],[-122.256265,37.85127],[-122.25671,37.851211],[-122.256738,37.851347],[-122.256294,37.851406],[-122.256271,37.851298]]]},"properties":{"APN":"16-1413-30","SitusAddress":"6422 COLBY ST OAKLAND 94618"}},{"type":"Feature","geometry":{"type":"Polygon","coordinates":[[[-122.256317,37.851514],[-122.256294,37.851406],[-122.256738,37.851347],[-122.256767,37.851482],[-122.256322,37.851541],[-122.256317,37.851514]]]},"properties":{"APN":"16-1413-31","SitusAddress":"6424 COLBY ST OAKLAND 94618"}},{"type":"Feature","geometry":{"type":"Polygon","coordinates":[[[-122.256339,37.851619],[-122.256322,37.851541],[-122.256767,37.851482],[-122.256795,37.851618],[-122.256351,37.851677],[-122.256339,37.851619]]]},"properties":{"APN":"16-1413-32","SitusAddress":"6426 COLBY ST OAKLAND 94618"}},{"type":"Feature","geometry":{"type":"Polygon","coordinates":[[[-122.25636,37.851718],[-122.256351,37.851677],[-122.256795,37.851618],[-122.256824,37.851753],[-122.256379,37.851812],[-122.25636,37.851718]]]},"properties":{"APN":"16-1413-33","SitusAddress":"6428 COLBY ST OAKLAND 94618"}},{"type":"Feature","geometry":{"type":"Polygon","coordinates":[[[-122.256382,37.851825],[-122.256379,37.851812],[-122.256824,37.851753],[-122.256852,37.851885],[-122.256407,37.851944],[-122.256382,37.851825]]]},"properties":{"APN":"16-1413-34","SitusAddress":"6430 COLBY ST OAKLAND 94618"}},{"type":"Feature","geometry":{"type":"Polygon","coordinates":[[[-122.256411,37.851961],[-122.256407,37.851944],[-122.256852,37.851885],[-122.256876,37.851997],[-122.256431,37.852056],[-122.256411,37.851961]]]},"properties":{"APN":"16-1413-35","SitusAddress":"6432 COLBY ST OAKLAND 94618"}},{"type":"Feature","geometry":{"type":"Polygon","coordinates":[[[-122.25644,37.852096],[-122.256431,37.852056],[-122.256876,37.851997],[-122.256898,37.852105],[-122.256454,37.852164],[-122.25644,37.852096]]]},"properties":{"APN":"16-1413-36","SitusAddress":"6434 COLBY ST OAKLAND 94618"}},{"type":"Feature","geometry":{"type":"Polygon","coordinates":[[[-122.256467,37.852226],[-122.256454,37.852164],[-122.256898,37.852105],[-122.256921,37.852214],[-122.256477,37.852273],[-122.256467,37.852226]]]},"properties":{"APN":"16-1413-37","SitusAddress":"6436 COLBY ST OAKLAND 94618"}},{"type":"Feature","geometry":{"type":"Polygon","coordinates":[[[-122.2565,37.852381],[-122.256496,37.852362],[-122.256477,37.852273],[-122.256921,37.852214],[-122.256944,37.852322],[-122.2565,37.852381]]]},"properties":{"APN":"16-1413-38","SitusAddress":"6440 COLBY ST OAKLAND 94618"}},{"type":"Feature","geometry":{"type":"Polygon","coordinates":[[[-122.256518,37.852469],[-122.2565,37.852381],[-122.256944,37.852322],[-122.256967,37.85243],[-122.256522,37.852489],[-122.256518,37.852469]]]},"properties":{"APN":"16-1413-39","SitusAddress":"6442 COLBY ST OAKLAND 94618"}},{"type":"Feature","geometry":{"type":"Polygon","coordinates":[[[-122.256539,37.852568],[-122.256522,37.852489],[-122.256967,37.85243],[-122.256996,37.852566],[-122.256551,37.852625],[-122.256539,37.852568]]]},"properties":{"APN":"16-1413-40","SitusAddress":"6444 COLBY ST OAKLAND 94618"}},{"type":"Feature","geometry":{"type":"Polygon","coordinates":[[[-122.256561,37.852672],[-122.256551,37.852625],[-122.256996,37.852566],[-122.257024,37.852701],[-122.25658,37.85276],[-122.256561,37.852672]]]},"properties":{"APN":"16-1413-41","SitusAddress":"6446 COLBY ST OAKLAND 94618"}},{"type":"Feature","geometry":{"type":"Polygon","coordinates":[[[-122.256602,37.852866],[-122.256583,37.852776],[-122.25658,37.85276],[-122.257024,37.852701],[-122.257053,37.852836],[-122.256608,37.852896],[-122.256602,37.852866]]]},"properties":{"APN":"16-1413-42","SitusAddress":"6454 COLBY ST OAKLAND 94618"}},{"type":"Feature","geometry":{"type":"Polygon","coordinates":[[[-122.256621,37.852957],[-122.256608,37.852896],[-122.257053,37.852836],[-122.257081,37.852972],[-122.256637,37.853031],[-122.256621,37.852957]]]},"properties":{"APN":"16-1413-43","SitusAddress":"6456 COLBY ST OAKLAND 94618"}},{"type":"Feature","geometry":{"type":"Polygon","coordinates":[[[-122.25664,37.853047],[-122.256637,37.853031],[-122.257081,37.852972],[-122.25711,37.853107],[-122.25687,37.853139],[-122.256665,37.853166],[-122.25664,37.853047]]]},"properties":{"APN":"16-1413-44","SitusAddress":"6458 COLBY ST OAKLAND 94618"}},{"type":"Feature","geometry":{"type":"Polygon","coordinates":[[[-122.257258,37.852809],[-122.257701,37.85275],[-122.257707,37.852777],[-122.25773,37.852886],[-122.257594,37.852904],[-122.257457,37.852922],[-122.257286,37.852945],[-122.257258,37.852809]]]},"properties":{"APN":"16-1414-6","SitusAddress":"6481 COLBY ST OAKLAND 94618"}},{"type":"Feature","geometry":{"type":"Polygon","coordinates":[[[-122.257229,37.852674],[-122.257673,37.852615],[-122.257684,37.852669],[-122.257701,37.85275],[-122.257258,37.852809],[-122.257229,37.852674]]]},"properties":{"APN":"16-1414-7","SitusAddress":"6475 COLBY ST OAKLAND 94618"}},{"type":"Feature","geometry":{"type":"Polygon","coordinates":[[[-122.257206,37.852566],[-122.25765,37.852507],[-122.257661,37.852561],[-122.257673,37.852615],[-122.257229,37.852674],[-122.257206,37.852566]]]},"properties":{"APN":"16-1414-8","SitusAddress":"6457 COLBY ST OAKLAND 94618"}},{"type":"Feature","geometry":{"type":"Polygon","coordinates":[[[-122.257638,37.852452],[-122.25765,37.852507],[-122.257206,37.852566],[-122.257184,37.852457],[-122.257627,37.852398],[-122.257638,37.852452]]]},"properties":{"APN":"16-1414-9","SitusAddress":"6453 COLBY ST OAKLAND 94618"}},{"type":"Feature","geometry":{"type":"Polygon","coordinates":[[[-122.257161,37.852349],[-122.257604,37.85229],[-122.257615,37.852344],[-122.257627,37.852398],[-122.257184,37.852457],[-122.257161,37.852349]]]},"properties":{"APN":"16-1414-10","SitusAddress":"6449 COLBY ST OAKLAND 94618"}},{"type":"Feature","geometry":{"type":"Polygon","coordinates":[[[-122.257138,37.852241],[-122.257581,37.852182],[-122.257604,37.85229],[-122.257161,37.852349],[-122.257138,37.852241]]]},"properties":{"APN":"16-1414-11","SitusAddress":"6445 COLBY ST OAKLAND 94618"}},{"type":"Feature","geometry":{"type":"Polygon","coordinates":[[[-122.257581,37.852182],[-122.257138,37.852241],[-122.257115,37.852132],[-122.257558,37.852073],[-122.257564,37.8521],[-122.257581,37.852182]]]},"properties":{"APN":"16-1414-12","SitusAddress":"6441 COLBY ST OAKLAND 94618"}},{"type":"Feature","geometry":{"type":"Polygon","coordinates":[[[-122.257093,37.852031],[-122.257537,37.851972],[-122.257541,37.851992],[-122.257558,37.852073],[-122.257115,37.852132],[-122.257093,37.852031]]]},"properties":{"APN":"16-1414-13","SitusAddress":"6439 COLBY ST OAKLAND 94618"}},{"type":"Feature","geometry":{"type":"Polygon","coordinates":[[[-122.257072,37.851929],[-122.257515,37.85187],[-122.257518,37.851884],[-122.257537,37.851972],[-122.257093,37.852031],[-122.257072,37.851929]]]},"properties":{"APN":"16-1414-14","SitusAddress":"6437 COLBY ST OAKLAND 94618"}},{"type":"Feature","geometry":{"type":"Polygon","coordinates":[[[-122.257051,37.851827],[-122.257494,37.851769],[-122.257495,37.851775],[-122.257515,37.85187],[-122.257072,37.851929],[-122.257051,37.851827]]]},"properties":{"APN":"16-1414-15","SitusAddress":"6433 COLBY ST OAKLAND 94618"}},{"type":"Feature","geometry":{"type":"Polygon","coordinates":[[[-122.257029,37.851726],[-122.257472,37.851667],[-122.257494,37.851769],[-122.257051,37.851827],[-122.257029,37.851726]]]},"properties":{"APN":"16-1414-16","SitusAddress":"6429 COLBY ST OAKLAND 94618"}},{"type":"Feature","geometry":{"type":"Polygon","coordinates":[[[-122.257006,37.851618],[-122.257348,37.851572],[-122.257325,37.851464],[-122.257427,37.85145],[-122.257444,37.851532],[-122.257472,37.851667],[-122.257029,37.851726],[-122.257006,37.851618]]]},"properties":{"APN":"16-1414-17","SitusAddress":"6427 COLBY ST OAKLAND 94618"}},{"type":"Feature","geometry":{"type":"Polygon","coordinates":[[[-122.256983,37.851509],[-122.257325,37.851464],[-122.257348,37.851572],[-122.257006,37.851618],[-122.256983,37.851509]]]},"properties":{"APN":"16-1414-18","SitusAddress":"6425 COLBY ST OAKLAND 94618"}},{"type":"Feature","geometry":{"type":"Polygon","coordinates":[[[-122.25696,37.851401],[-122.257394,37.851343],[-122.257404,37.851342],[-122.257424,37.851437],[-122.257427,37.85145],[-122.257325,37.851464],[-122.256983,37.851509],[-122.25696,37.851401]]]},"properties":{"APN":"16-1414-19","SitusAddress":"6423 COLBY ST OAKLAND 94618"}},{"type":"Feature","geometry":{"type":"Polygon","coordinates":[[[-122.256863,37.85094],[-122.257171,37.8509],[-122.257307,37.850881],[-122.25731,37.850892],[-122.257382,37.851234],[-122.257371,37.851235],[-122.257394,37.851343],[-122.25696,37.851401],[-122.256863,37.85094]]]},"properties":{"APN":"16-1414-20-3","SitusAddress":"6411 COLBY ST OAKLAND 94618"}},{"type":"Feature","geometry":{"type":"Polygon","coordinates":[[[-122.257136,37.850737],[-122.257171,37.8509],[-122.256863,37.85094],[-122.256829,37.850778],[-122.257136,37.850737]]]},"properties":{"APN":"16-1414-23-3","SitusAddress":"400 ALCATRAZ AVE OAKLAND 94609"}},{"type":"Feature","geometry":{"type":"Polygon","coordinates":[[[-122.257136,37.850737],[-122.257427,37.850699],[-122.257463,37.850872],[-122.25731,37.850892],[-122.257307,37.850881],[-122.257171,37.8509],[-122.257136,37.850737]]]},"properties":{"APN":"16-1414-24-2","SitusAddress":" ALCATRAZ AVE OAKLAND 94608"}},{"type":"Feature","geometry":{"type":"Polygon","coordinates":[[[-122.257427,37.850699],[-122.257716,37.85066],[-122.257756,37.85085],[-122.257655,37.850863],[-122.257651,37.850847],[-122.257463,37.850872],[-122.257427,37.850699]]]},"properties":{"APN":"16-1414-24-3","SitusAddress":"414 ALCATRAZ AVE OAKLAND 94609"}},{"type":"Feature","geometry":{"type":"Polygon","coordinates":[[[-122.257463,37.850872],[-122.257651,37.850847],[-122.257655,37.850863],[-122.257756,37.85085],[-122.257818,37.851142],[-122.257528,37.851181],[-122.257463,37.850872]]]},"properties":{"APN":"16-1414-25-2","SitusAddress":"6404 DANA ST OAKLAND 94609"}},{"type":"Feature","geometry":{"type":"Polygon","coordinates":[[[-122.25731,37.850892],[-122.257463,37.850872],[-122.257528,37.851181],[-122.257818,37.851142],[-122.257847,37.85128],[-122.257848,37.851283],[-122.257404,37.851342],[-122.257394,37.851343],[-122.257371,37.851235],[-122.257382,37.851234],[-122.25731,37.850892]]]},"properties":{"APN":"16-1414-25-3","SitusAddress":"6414 DANA ST OAKLAND 94609"}},{"type":"Feature","geometry":{"type":"Polygon","coordinates":[[[-122.257404,37.851342],[-122.257848,37.851283],[-122.257868,37.851378],[-122.257424,37.851437],[-122.257404,37.851342]]]},"properties":{"APN":"16-1414-26","SitusAddress":"6416 DANA ST OAKLAND 94609"}},{"type":"Feature","geometry":{"type":"Polygon","coordinates":[[[-122.257427,37.85145],[-122.257424,37.851437],[-122.257868,37.851378],[-122.257888,37.851473],[-122.257444,37.851532],[-122.257427,37.85145]]]},"properties":{"APN":"16-1414-27","SitusAddress":"6502 DANA ST OAKLAND 94609"}},{"type":"Feature","geometry":{"type":"Polygon","coordinates":[[[-122.257444,37.851532],[-122.257888,37.851473],[-122.257917,37.851608],[-122.257472,37.851667],[-122.257444,37.851532]]]},"properties":{"APN":"16-1414-28","SitusAddress":"6508 DANA ST OAKLAND 94609"}},{"type":"Feature","geometry":{"type":"Polygon","coordinates":[[[-122.257495,37.851775],[-122.257494,37.851769],[-122.257472,37.851667],[-122.257917,37.851608],[-122.257939,37.851716],[-122.257495,37.851775]]]},"properties":{"APN":"16-1414-29","SitusAddress":"6526 DANA ST OAKLAND 94609"}},{"type":"Feature","geometry":{"type":"Polygon","coordinates":[[[-122.257515,37.85187],[-122.257495,37.851775],[-122.257939,37.851716],[-122.257962,37.851825],[-122.257518,37.851884],[-122.257515,37.85187]]]},"properties":{"APN":"16-1414-30","SitusAddress":"6532 DANA ST OAKLAND 94609"}},{"type":"Feature","geometry":{"type":"Polygon","coordinates":[[[-122.257537,37.851972],[-122.257518,37.851884],[-122.257962,37.851825],[-122.257985,37.851933],[-122.257541,37.851992],[-122.257537,37.851972]]]},"properties":{"APN":"16-1414-31","SitusAddress":"6538 DANA ST OAKLAND 94609"}},{"type":"Feature","geometry":{"type":"Polygon","coordinates":[[[-122.258008,37.852041],[-122.257649,37.852089],[-122.257564,37.8521],[-122.257558,37.852073],[-122.257541,37.851992],[-122.257985,37.851933],[-122.258008,37.852041]]]},"properties":{"APN":"16-1414-32","SitusAddress":"6540 DANA ST OAKLAND 94609"}},{"type":"Feature","geometry":{"type":"Polygon","coordinates":[[[-122.257649,37.852089],[-122.258008,37.852041],[-122.258031,37.85215],[-122.257672,37.852197],[-122.257649,37.852089]]]},"properties":{"APN":"16-1414-33","SitusAddress":"6542 DANA ST OAKLAND 94609"}},{"type":"Feature","geometry":{"type":"Polygon","coordinates":[[[-122.257604,37.85229],[-122.257581,37.852182],[-122.257564,37.8521],[-122.257649,37.852089],[-122.257672,37.852197],[-122.258031,37.85215],[-122.25806,37.852285],[-122.257615,37.852344],[-122.257604,37.85229]]]},"properties":{"APN":"16-1414-34","SitusAddress":"6604 DANA ST OAKLAND 94609"}},{"type":"Feature","geometry":{"type":"Polygon","coordinates":[[[-122.257615,37.852344],[-122.25806,37.852285],[-122.258082,37.852394],[-122.257638,37.852452],[-122.257627,37.852398],[-122.257615,37.852344]]]},"properties":{"APN":"16-1414-35","SitusAddress":"6608 DANA ST OAKLAND 94609"}},{"type":"Feature","geometry":{"type":"Polygon","coordinates":[[[-122.25765,37.852507],[-122.257638,37.852452],[-122.258082,37.852394],[-122.258105,37.852502],[-122.257661,37.852561],[-122.25765,37.852507]]]},"properties":{"APN":"16-1414-36","SitusAddress":"6612 DANA ST OAKLAND 94609"}},{"type":"Feature","geometry":{"type":"Polygon","coordinates":[[[-122.257673,37.852615],[-122.257661,37.852561],[-122.258105,37.852502],[-122.258128,37.85261],[-122.257684,37.852669],[-122.257673,37.852615]]]},"properties":{"APN":"16-1414-37","SitusAddress":"6618 DANA ST OAKLAND 94609"}},{"type":"Feature","geometry":{"type":"Polygon","coordinates":[[[-122.257701,37.85275],[-122.257684,37.852669],[-122.258128,37.85261],[-122.258151,37.852719],[-122.257707,37.852777],[-122.257701,37.85275]]]},"properties":{"APN":"16-1414-38","SitusAddress":"6650 DANA ST OAKLAND 94609"}},{"type":"Feature","geometry":{"type":"Polygon","coordinates":[[[-122.257707,37.852777],[-122.258151,37.852719],[-122.258174,37.852827],[-122.257867,37.852868],[-122.257748,37.852884],[-122.25773,37.852886],[-122.257707,37.852777]]]},"properties":{"APN":"16-1414-39","SitusAddress":"6652 DANA ST OAKLAND 94609"}},{"type":"Feature","geometry":{"type":"Polygon","coordinates":[[[-122.257867,37.852868],[-122.258174,37.852827],[-122.258193,37.852917],[-122.257886,37.852958],[-122.257867,37.852868]]]},"properties":{"APN":"16-1414-40","SitusAddress":"6656 DANA ST OAKLAND 94609"}},{"type":"Feature","geometry":{"type":"Polygon","coordinates":[[[-122.258212,37.853007],[-122.257905,37.853048],[-122.257886,37.852958],[-122.258193,37.852917],[-122.258212,37.853007]]]},"properties":{"APN":"16-1414-41","SitusAddress":"6660 DANA ST OAKLAND 94609"}},{"type":"Feature","geometry":{"type":"Polygon","coordinates":[[[-122.257905,37.853048],[-122.258212,37.853007],[-122.258222,37.853056],[-122.257916,37.853097],[-122.257915,37.853093],[-122.257905,37.853048]]]},"properties":{"APN":"16-1414-42","SitusAddress":"2400 WOOLSEY ST OAKLAND 94705"}},{"type":"Feature","geometry":{"type":"Polygon","coordinates":[[[-122.257916,37.853097],[-122.258222,37.853056],[-122.258224,37.853066],[-122.258231,37.853099],[-122.257925,37.85314],[-122.257916,37.853097]]]},"properties":{"APN":"16-1414-43","SitusAddress":"2400 WOOLSEY ST BERKELEY 94705"}},{"type":"Feature","geometry":{"type":"Polygon","coordinates":[[[-122.257796,37.853113],[-122.257816,37.85311],[-122.257916,37.853097],[-122.257925,37.85314],[-122.257805,37.853156],[-122.257796,37.853113]]]},"properties":{"APN":"16-1414-44","SitusAddress":"2412 WOOLSEY ST BERKELEY 94705"}},{"type":"Feature","geometry":{"type":"Polygon","coordinates":[[[-122.257748,37.852884],[-122.257867,37.852868],[-122.257886,37.852958],[-122.257905,37.853048],[-122.257915,37.853093],[-122.257916,37.853097],[-122.257816,37.85311],[-122.257796,37.853113],[-122.257748,37.852884]]]},"properties":{"APN":"16-1414-45","SitusAddress":"2412 WOOLSEY ST OAKLAND 94705"}},{"type":"Feature","geometry":{"type":"Polygon","coordinates":[[[-122.257805,37.853156],[-122.257651,37.853176],[-122.257642,37.853133],[-122.257796,37.853113],[-122.257805,37.853156]]]},"properties":{"APN":"16-1414-46","SitusAddress":"2418 WOOLSEY ST BERKELEY 94705"}},{"type":"Feature","geometry":{"type":"Polygon","coordinates":[[[-122.257796,37.853113],[-122.257642,37.853133],[-122.257594,37.852904],[-122.25773,37.852886],[-122.257748,37.852884],[-122.257796,37.853113]]]},"properties":{"APN":"16-1414-47","SitusAddress":"2418 WOOLSEY ST OAKLAND 94705"}},{"type":"Feature","geometry":{"type":"Polygon","coordinates":[[[-122.257651,37.853176],[-122.257515,37.853194],[-122.257506,37.853152],[-122.257507,37.853151],[-122.25757,37.853143],[-122.257642,37.853133],[-122.257651,37.853176]]]},"properties":{"APN":"16-1414-48","SitusAddress":"2420 WOOLSEY ST BERKELEY 94705"}},{"type":"Feature","geometry":{"type":"Polygon","coordinates":[[[-122.257642,37.853133],[-122.25757,37.853143],[-122.257507,37.853151],[-122.257506,37.853152],[-122.257505,37.853149],[-122.257457,37.852922],[-122.257594,37.852904],[-122.257642,37.853133]]]},"properties":{"APN":"16-1414-49","SitusAddress":"2420 WOOLSEY ST OAKLAND 94705"}},{"type":"Feature","geometry":{"type":"Polygon","coordinates":[[[-122.257515,37.853194],[-122.257344,37.853217],[-122.257335,37.853174],[-122.25734,37.853174],[-122.257506,37.853152],[-122.257515,37.853194]]]},"properties":{"APN":"16-1414-50","SitusAddress":"3100 COLBY ST BERKELEY 94705"}},{"type":"Feature","geometry":{"type":"Polygon","coordinates":[[[-122.257506,37.853152],[-122.25734,37.853174],[-122.257335,37.853174],[-122.257286,37.852945],[-122.257457,37.852922],[-122.257505,37.853149],[-122.257506,37.853152]]]},"properties":{"APN":"16-1414-51","SitusAddress":"3100 COLBY ST OAKLAND 94609"}},{"type":"Feature","geometry":{"type":"Polygon","coordinates":[[[-122.25833,37.850579],[-122.258449,37.850563],[-122.258515,37.850874],[-122.258395,37.85089],[-122.25833,37.850579]]]},"properties":{"APN":"16-1415-7","SitusAddress":"438 ALCATRAZ AVE OAKLAND 94609"}},{"type":"Feature","geometry":{"type":"Polygon","coordinates":[[[-122.258449,37.850563],[-122.258569,37.850547],[-122.258635,37.850858],[-122.258515,37.850874],[-122.258449,37.850563]]]},"properties":{"APN":"16-1415-8","SitusAddress":"442 ALCATRAZ AVE OAKLAND 94609"}},{"type":"Feature","geometry":{"type":"Polygon","coordinates":[[[-122.258569,37.850547],[-122.258808,37.850515],[-122.258874,37.850827],[-122.258754,37.850842],[-122.258635,37.850858],[-122.258569,37.850547]]]},"properties":{"APN":"16-1415-10-1","SitusAddress":"450 ALCATRAZ AVE OAKLAND 94609"}},{"type":"Feature","geometry":{"type":"Polygon","coordinates":[[[-122.258808,37.850515],[-122.258928,37.850499],[-122.258993,37.850811],[-122.258874,37.850827],[-122.258808,37.850515]]]},"properties":{"APN":"16-1415-11","SitusAddress":"454 ALCATRAZ AVE OAKLAND 94609"}},{"type":"Feature","geometry":{"type":"Polygon","coordinates":[[[-122.258928,37.850499],[-122.259047,37.850483],[-122.259113,37.850795],[-122.258993,37.850811],[-122.258928,37.850499]]]},"properties":{"APN":"16-1415-12","SitusAddress":"458 ALCATRAZ AVE OAKLAND 94609"}},{"type":"Feature","geometry":{"type":"Polygon","coordinates":[[[-122.259047,37.850483],[-122.259167,37.850467],[-122.259232,37.850779],[-122.259113,37.850795],[-122.259047,37.850483]]]},"properties":{"APN":"16-1415-13","SitusAddress":"464 ALCATRAZ AVE OAKLAND 94609"}},{"type":"Feature","geometry":{"type":"Polygon","coordinates":[[[-122.259167,37.850467],[-122.259286,37.850452],[-122.259352,37.850763],[-122.259232,37.850779],[-122.259167,37.850467]]]},"properties":{"APN":"16-1415-14","SitusAddress":"468 ALCATRAZ AVE OAKLAND 94609"}},{"type":"Feature","geometry":{"type":"Polygon","coordinates":[[[-122.259286,37.850452],[-122.259389,37.850438],[-122.259454,37.85075],[-122.259352,37.850763],[-122.259286,37.850452]]]},"properties":{"APN":"16-1415-15","SitusAddress":"472 ALCATRAZ AVE OAKLAND 94609"}},{"type":"Feature","geometry":{"type":"Polygon","coordinates":[[[-122.259389,37.850438],[-122.259525,37.85042],[-122.259591,37.850732],[-122.259471,37.850747],[-122.259454,37.85075],[-122.259389,37.850438]]]},"properties":{"APN":"16-1415-16","SitusAddress":"476 ALCATRAZ AVE OAKLAND 94609"}},{"type":"Feature","geometry":{"type":"Polygon","coordinates":[[[-122.259525,37.85042],[-122.259645,37.850404],[-122.259711,37.850716],[-122.259591,37.850732],[-122.259525,37.85042]]]},"properties":{"APN":"16-1415-17","SitusAddress":"480 ALCATRAZ AVE OAKLAND 94609"}},{"type":"Feature","geometry":{"type":"Polygon","coordinates":[[[-122.25979,37.849916],[-122.259802,37.849914],[-122.259939,37.849896],[-122.259997,37.850171],[-122.259849,37.850191],[-122.25979,37.849916]]]},"properties":{"APN":"16-1391-37","SitusAddress":"481 ALCATRAZ AVE OAKLAND 94609"}},{"type":"Feature","geometry":{"type":"Polygon","coordinates":[[[-122.259654,37.849934],[-122.259666,37.849932],[-122.25979,37.849916],[-122.259849,37.850191],[-122.259712,37.850209],[-122.259654,37.849934]]]},"properties":{"APN":"16-1391-38","SitusAddress":"475 ALCATRAZ AVE OAKLAND 94609"}},{"type":"Feature","geometry":{"type":"Polygon","coordinates":[[[-122.259517,37.849952],[-122.259529,37.84995],[-122.259654,37.849934],[-122.259712,37.850209],[-122.259576,37.850227],[-122.259517,37.849952]]]},"properties":{"APN":"16-1391-39","SitusAddress":"473 ALCATRAZ AVE OAKLAND 94609"}},{"type":"Feature","geometry":{"type":"Polygon","coordinates":[[[-122.259381,37.84997],[-122.259392,37.849968],[-122.259517,37.849952],[-122.259576,37.850227],[-122.259439,37.850245],[-122.259381,37.84997]]]},"properties":{"APN":"16-1391-40","SitusAddress":"469 ALCATRAZ AVE OAKLAND 94609"}},{"type":"Feature","geometry":{"type":"Polygon","coordinates":[[[-122.259224,37.84999],[-122.259381,37.84997],[-122.259439,37.850245],[-122.259268,37.850268],[-122.259224,37.84999]]]},"properties":{"APN":"16-1391-41","SitusAddress":"467 ALCATRAZ AVE OAKLAND 94609"}},{"type":"Feature","geometry":{"type":"Polygon","coordinates":[[[-122.257034,37.850278],[-122.257149,37.850262],[-122.257207,37.850544],[-122.257076,37.850561],[-122.257034,37.850278]]]},"properties":{"APN":"16-1401-1-1","SitusAddress":"6395 COLBY ST OAKLAND 94618"}},{"type":"Feature","geometry":{"type":"Polygon","coordinates":[[[-122.257285,37.850244],[-122.25731,37.85024],[-122.257421,37.850225],[-122.257481,37.850507],[-122.257344,37.850526],[-122.257285,37.850244]]]},"properties":{"APN":"16-1401-1-2","SitusAddress":"411 ALCATRAZ AVE OAKLAND 94609"}},{"type":"Feature","geometry":{"type":"Polygon","coordinates":[[[-122.257149,37.850262],[-122.257172,37.850259],[-122.257285,37.850244],[-122.257344,37.850526],[-122.257207,37.850544],[-122.257149,37.850262]]]},"properties":{"APN":"16-1401-1-3","SitusAddress":"405 ALCATRAZ AVE OAKLAND 94609"}},{"type":"Feature","geometry":{"type":"Polygon","coordinates":[[[-122.257536,37.849933],[-122.257644,37.849918],[-122.257701,37.850188],[-122.257593,37.850202],[-122.257536,37.849933]]]},"properties":{"APN":"16-1401-4-3","SitusAddress":"422 NORTH ST OAKLAND 94609"}},{"type":"Feature","geometry":{"type":"Polygon","coordinates":[[[-122.257644,37.849918],[-122.257808,37.849897],[-122.257865,37.850165],[-122.257806,37.850173],[-122.257701,37.850188],[-122.257644,37.849918]]]},"properties":{"APN":"16-1401-5","SitusAddress":"424 NORTH ST OAKLAND 94609"}},{"type":"Feature","geometry":{"type":"Polygon","coordinates":[[[-122.257808,37.849897],[-122.257938,37.849879],[-122.257995,37.850148],[-122.257934,37.850156],[-122.257865,37.850165],[-122.257808,37.849897]]]},"properties":{"APN":"16-1401-6","SitusAddress":"428 NORTH ST OAKLAND 94609"}},{"type":"Feature","geometry":{"type":"Polygon","coordinates":[[[-122.258138,37.850128],[-122.258081,37.84986],[-122.258218,37.849842],[-122.258275,37.85011],[-122.258275,37.850112],[-122.258151,37.85013],[-122.258151,37.85013],[-122.258139,37.850131],[-122.258138,37.850128]]]},"properties":{"APN":"16-1401-8","SitusAddress":"438 NORTH ST OAKLAND 94609"}},{"type":"Feature","geometry":{"type":"Polygon","coordinates":[[[-122.257934,37.850156],[-122.257995,37.850148],[-122.258031,37.850146],[-122.258031,37.850147],[-122.258033,37.850152],[-122.25809,37.850423],[-122.258091,37.850426],[-122.257989,37.85044],[-122.257934,37.850156]]]},"properties":{"APN":"16-1401-11","SitusAddress":"435 ALCATRAZ AVE OAKLAND 94609"}},{"type":"Feature","geometry":{"type":"Polygon","coordinates":[[[-122.257806,37.850173],[-122.257865,37.850165],[-122.257934,37.850156],[-122.257989,37.85044],[-122.257861,37.850457],[-122.257806,37.850173]]]},"properties":{"APN":"16-1401-12-1","SitusAddress":"431 ALCATRAZ AVE OAKLAND 94609"}},{"type":"Feature","geometry":{"type":"Polygon","coordinates":[[[-122.257593,37.850202],[-122.257701,37.850188],[-122.257806,37.850173],[-122.257861,37.850457],[-122.257652,37.850485],[-122.257593,37.850202]]]},"properties":{"APN":"16-1401-14-1","SitusAddress":"425 ALCATRAZ AVE OAKLAND 94609"}},{"type":"Feature","geometry":{"type":"Polygon","coordinates":[[[-122.257421,37.850225],[-122.257593,37.850202],[-122.257652,37.850485],[-122.257481,37.850507],[-122.257421,37.850225]]]},"properties":{"APN":"16-1401-15","SitusAddress":"419 ALCATRAZ AVE OAKLAND 94609"}},{"type":"Feature","geometry":{"type":"Polygon","coordinates":[[[-122.257132,37.849986],[-122.257172,37.850259],[-122.257149,37.850262],[-122.257034,37.850278],[-122.256993,37.850005],[-122.257132,37.849986]]]},"properties":{"APN":"16-1401-16","SitusAddress":"6389 COLBY ST OAKLAND 94618"}},{"type":"Feature","geometry":{"type":"Polygon","coordinates":[[[-122.257132,37.849986],[-122.257252,37.84997],[-122.25731,37.85024],[-122.257285,37.850244],[-122.257172,37.850259],[-122.257132,37.849986]]]},"properties":{"APN":"16-1401-17","SitusAddress":"408 NORTH ST OAKLAND 94609"}},{"type":"Feature","geometry":{"type":"Polygon","coordinates":[[[-122.257421,37.850225],[-122.25731,37.85024],[-122.257252,37.84997],[-122.257364,37.849956],[-122.257421,37.850225]]]},"properties":{"APN":"16-1401-18","SitusAddress":"412 NORTH ST OAKLAND 94609"}},{"type":"Feature","geometry":{"type":"Polygon","coordinates":[[[-122.258151,37.85013],[-122.258275,37.850112],[-122.258335,37.850394],[-122.258219,37.850409],[-122.25821,37.850411],[-122.25821,37.850408],[-122.258153,37.850141],[-122.258151,37.850131],[-122.258151,37.85013],[-122.258151,37.85013]]]},"properties":{"APN":"16-1401-24","SitusAddress":"6382 DANA ST OAKLAND 94609"}},{"type":"Feature","geometry":{"type":"Polygon","coordinates":[[[-122.257364,37.849956],[-122.257536,37.849933],[-122.257593,37.850202],[-122.257421,37.850225],[-122.257364,37.849956]]]},"properties":{"APN":"16-1401-30","SitusAddress":"420 NORTH ST OAKLAND 94609"}},{"type":"Feature","geometry":{"type":"Polygon","coordinates":[[[-122.257938,37.849879],[-122.258081,37.84986],[-122.258138,37.850128],[-122.258139,37.850131],[-122.258031,37.850146],[-122.257995,37.850148],[-122.257938,37.849879]]]},"properties":{"APN":"16-1401-34","SitusAddress":"434 NORTH ST OAKLAND 94609"}},{"type":"Feature","geometry":{"type":"Polygon","coordinates":[[[-122.258031,37.850146],[-122.258139,37.850131],[-122.258151,37.85013],[-122.258151,37.850131],[-122.258153,37.850141],[-122.25821,37.850408],[-122.25821,37.850411],[-122.258091,37.850426],[-122.25809,37.850423],[-122.258033,37.850152],[-122.258031,37.850147],[-122.258031,37.850146]]]},"properties":{"APN":"16-1401-35","SitusAddress":"439 ALCATRAZ AVE OAKLAND 94609"}},{"type":"Feature","geometry":{"type":"Polygon","coordinates":[[[-122.254768,37.850491],[-122.255166,37.850438],[-122.25518,37.850534],[-122.255043,37.850552],[-122.25492,37.850569],[-122.254919,37.85057],[-122.254906,37.850571],[-122.254783,37.850588],[-122.254768,37.850491]]]},"properties":{"APN":"16-1402-3","SitusAddress":"6385 HILLEGASS AVE OAKLAND 94618"}},{"type":"Feature","geometry":{"type":"Polygon","coordinates":[[[-122.254754,37.850395],[-122.254878,37.85038],[-122.255015,37.850362],[-122.255152,37.850345],[-122.255166,37.850438],[-122.254768,37.850491],[-122.254754,37.850395]]]},"properties":{"APN":"16-1402-4","SitusAddress":"6361 HILLEGASS AVE OAKLAND 94618"}},{"type":"Feature","geometry":{"type":"Polygon","coordinates":[[[-122.254836,37.850097],[-122.254878,37.85038],[-122.254754,37.850395],[-122.254712,37.850114],[-122.254836,37.850097]]]},"properties":{"APN":"16-1402-5","SitusAddress":"350 63RD ST OAKLAND 94618"}},{"type":"Feature","geometry":{"type":"Polygon","coordinates":[[[-122.254878,37.85038],[-122.254836,37.850097],[-122.254973,37.850079],[-122.255015,37.850362],[-122.254878,37.85038]]]},"properties":{"APN":"16-1402-6","SitusAddress":"354 63RD ST OAKLAND 94618"}},{"type":"Feature","geometry":{"type":"Polygon","coordinates":[[[-122.254973,37.850079],[-122.25511,37.850061],[-122.255152,37.850345],[-122.255015,37.850362],[-122.254973,37.850079]]]},"properties":{"APN":"16-1402-7","SitusAddress":"360 63RD ST OAKLAND 94618"}},{"type":"Feature","geometry":{"type":"Polygon","coordinates":[[[-122.255152,37.850345],[-122.25511,37.850061],[-122.255247,37.850043],[-122.255302,37.85042],[-122.255166,37.850438],[-122.255152,37.850345]]]},"properties":{"APN":"16-1402-8","SitusAddress":"362 63RD ST OAKLAND 94618"}},{"type":"Feature","geometry":{"type":"Polygon","coordinates":[[[-122.255247,37.850043],[-122.255383,37.850024],[-122.255439,37.850401],[-122.255302,37.85042],[-122.255247,37.850043]]]},"properties":{"APN":"16-1402-9","SitusAddress":"366 63RD ST OAKLAND 94618"}},{"type":"Feature","geometry":{"type":"Polygon","coordinates":[[[-122.255576,37.850383],[-122.255439,37.850401],[-122.255383,37.850024],[-122.25552,37.850006],[-122.255576,37.850383]]]},"properties":{"APN":"16-1402-10","SitusAddress":"370 63RD ST OAKLAND 94618"}},{"type":"Feature","geometry":{"type":"Polygon","coordinates":[[[-122.255713,37.850365],[-122.255576,37.850383],[-122.25552,37.850006],[-122.255657,37.849988],[-122.255713,37.850365]]]},"properties":{"APN":"16-1402-11","SitusAddress":"372 63RD ST OAKLAND 94618"}},{"type":"Feature","geometry":{"type":"Polygon","coordinates":[[[-122.255657,37.849988],[-122.255794,37.84997],[-122.25585,37.850347],[-122.255713,37.850365],[-122.255657,37.849988]]]},"properties":{"APN":"16-1402-12","SitusAddress":"378 63RD ST OAKLAND 94618"}},{"type":"Feature","geometry":{"type":"Polygon","coordinates":[[[-122.255794,37.84997],[-122.255931,37.849951],[-122.255986,37.850328],[-122.25585,37.850347],[-122.255794,37.84997]]]},"properties":{"APN":"16-1402-13","SitusAddress":"380 63RD ST OAKLAND 94618"}},{"type":"Feature","geometry":{"type":"Polygon","coordinates":[[[-122.255931,37.849951],[-122.256067,37.849933],[-122.256123,37.85031],[-122.255986,37.850328],[-122.255931,37.849951]]]},"properties":{"APN":"16-1402-14","SitusAddress":"382 63RD ST OAKLAND 94618"}},{"type":"Feature","geometry":{"type":"Polygon","coordinates":[[[-122.256067,37.849933],[-122.256204,37.849915],[-122.25626,37.850292],[-122.256123,37.85031],[-122.256067,37.849933]]]},"properties":{"APN":"16-1402-15","SitusAddress":"384 63RD ST OAKLAND 94618"}},{"type":"Feature","geometry":{"type":"Polygon","coordinates":[[[-122.256204,37.849915],[-122.256341,37.849896],[-122.256383,37.850179],[-122.256397,37.850273],[-122.25626,37.850292],[-122.256204,37.849915]]]},"properties":{"APN":"16-1402-16","SitusAddress":"386 63RD ST OAKLAND 94618"}},{"type":"Feature","geometry":{"type":"Polygon","coordinates":[[[-122.256341,37.849896],[-122.256478,37.849878],[-122.25652,37.850161],[-122.256383,37.850179],[-122.256341,37.849896]]]},"properties":{"APN":"16-1402-17","SitusAddress":"390 63RD ST OAKLAND 94618"}},{"type":"Feature","geometry":{"type":"Polygon","coordinates":[[[-122.256478,37.849878],[-122.256614,37.84986],[-122.256656,37.850143],[-122.25652,37.850161],[-122.256478,37.849878]]]},"properties":{"APN":"16-1402-18","SitusAddress":"394 63RD ST OAKLAND 94618"}},{"type":"Feature","geometry":{"type":"Polygon","coordinates":[[[-122.256614,37.84986],[-122.25676,37.84984],[-122.256802,37.850124],[-122.256656,37.850143],[-122.256614,37.84986]]]},"properties":{"APN":"16-1402-19","SitusAddress":"6304 COLBY ST OAKLAND 94618"}},{"type":"Feature","geometry":{"type":"Polygon","coordinates":[[[-122.256383,37.850179],[-122.25652,37.850161],[-122.256656,37.850143],[-122.256802,37.850124],[-122.256816,37.850217],[-122.256397,37.850273],[-122.256383,37.850179]]]},"properties":{"APN":"16-1402-20","SitusAddress":"6314 COLBY ST OAKLAND 94618"}},{"type":"Feature","geometry":{"type":"Polygon","coordinates":[[[-122.256397,37.850273],[-122.256816,37.850217],[-122.25683,37.850315],[-122.256548,37.850352],[-122.256411,37.85037],[-122.256397,37.850273]]]},"properties":{"APN":"16-1402-21","SitusAddress":"6322 COLBY ST OAKLAND 94618"}},{"type":"Feature","geometry":{"type":"Polygon","coordinates":[[[-122.256568,37.850486],[-122.256548,37.850352],[-122.25683,37.850315],[-122.25685,37.850449],[-122.256568,37.850486]]]},"properties":{"APN":"16-1402-22","SitusAddress":"6330 COLBY ST OAKLAND 94618"}},{"type":"Feature","geometry":{"type":"Polygon","coordinates":[[[-122.256568,37.850486],[-122.25685,37.850449],[-122.256871,37.850588],[-122.256588,37.850626],[-122.256568,37.850486]]]},"properties":{"APN":"16-1402-23","SitusAddress":"6334 COLBY ST OAKLAND 94618"}},{"type":"Feature","geometry":{"type":"Polygon","coordinates":[[[-122.256411,37.85037],[-122.256548,37.850352],[-122.256568,37.850486],[-122.256588,37.850626],[-122.256452,37.850644],[-122.256411,37.85037]]]},"properties":{"APN":"16-1402-24","SitusAddress":"391 ALCATRAZ AVE OAKLAND 94618"}},{"type":"Feature","geometry":{"type":"Polygon","coordinates":[[[-122.256123,37.85031],[-122.25626,37.850292],[-122.256397,37.850273],[-122.256411,37.85037],[-122.256452,37.850644],[-122.256178,37.85068],[-122.256123,37.85031]]]},"properties":{"APN":"16-1402-26-1","SitusAddress":"387 ALCATRAZ AVE OAKLAND 94618"}},{"type":"Feature","geometry":{"type":"Polygon","coordinates":[[[-122.255986,37.850328],[-122.256123,37.85031],[-122.256178,37.85068],[-122.256041,37.850699],[-122.255986,37.850328]]]},"properties":{"APN":"16-1402-27","SitusAddress":"385 ALCATRAZ AVE OAKLAND 94618"}},{"type":"Feature","geometry":{"type":"Polygon","coordinates":[[[-122.25585,37.850347],[-122.255986,37.850328],[-122.256041,37.850699],[-122.255904,37.850717],[-122.25585,37.850347]]]},"properties":{"APN":"16-1402-28","SitusAddress":"383 ALCATRAZ AVE OAKLAND 94618"}},{"type":"Feature","geometry":{"type":"Polygon","coordinates":[[[-122.255713,37.850365],[-122.25585,37.850347],[-122.255904,37.850717],[-122.255768,37.850735],[-122.255713,37.850365]]]},"properties":{"APN":"16-1402-29","SitusAddress":"379 ALCATRAZ AVE OAKLAND 94618"}},{"type":"Feature","geometry":{"type":"Polygon","coordinates":[[[-122.255768,37.850735],[-122.255631,37.850753],[-122.255576,37.850383],[-122.255713,37.850365],[-122.255768,37.850735]]]},"properties":{"APN":"16-1402-30","SitusAddress":"373 ALCATRAZ AVE OAKLAND 94618"}},{"type":"Feature","geometry":{"type":"Polygon","coordinates":[[[-122.255631,37.850753],[-122.255494,37.850771],[-122.255439,37.850401],[-122.255576,37.850383],[-122.255631,37.850753]]]},"properties":{"APN":"16-1402-31","SitusAddress":"369 ALCATRAZ AVE OAKLAND 94618"}},{"type":"Feature","geometry":{"type":"Polygon","coordinates":[[[-122.255302,37.85042],[-122.255439,37.850401],[-122.255494,37.850771],[-122.255357,37.850789],[-122.255302,37.85042]]]},"properties":{"APN":"16-1402-32","SitusAddress":"367 ALCATRAZ AVE OAKLAND 94618"}},{"type":"Feature","geometry":{"type":"Polygon","coordinates":[[[-122.25518,37.850534],[-122.255166,37.850438],[-122.255302,37.85042],[-122.255357,37.850789],[-122.25522,37.850808],[-122.25518,37.850534]]]},"properties":{"APN":"16-1402-33","SitusAddress":"361 ALCATRAZ AVE OAKLAND 94618"}},{"type":"Feature","geometry":{"type":"Polygon","coordinates":[[[-122.255043,37.850552],[-122.25518,37.850534],[-122.25522,37.850808],[-122.255084,37.850826],[-122.255045,37.850565],[-122.255043,37.850552]]]},"properties":{"APN":"16-1402-34","SitusAddress":"357 ALCATRAZ AVE OAKLAND 94618"}},{"type":"Feature","geometry":{"type":"Polygon","coordinates":[[[-122.25492,37.850569],[-122.255043,37.850552],[-122.255045,37.850565],[-122.255084,37.850826],[-122.25496,37.850842],[-122.254947,37.850753],[-122.254923,37.850592],[-122.25492,37.850569]]]},"properties":{"APN":"16-1402-35","SitusAddress":"353 ALCATRAZ AVE OAKLAND 94618"}},{"type":"Feature","geometry":{"type":"Polygon","coordinates":[[[-122.254919,37.85057],[-122.25492,37.850569],[-122.254923,37.850592],[-122.254947,37.850753],[-122.25496,37.850842],[-122.254947,37.850844],[-122.254823,37.85086],[-122.254783,37.850588],[-122.254906,37.850571],[-122.254919,37.85057]]]},"properties":{"APN":"16-1402-41","SitusAddress":"6391 HILLEGASS AVE OAKLAND 94618"}},{"type":"Feature","geometry":{"type":"Polygon","coordinates":[[[-122.259645,37.850404],[-122.259765,37.850388],[-122.25983,37.8507],[-122.259711,37.850716],[-122.259645,37.850404]]]},"properties":{"APN":"16-1415-18","SitusAddress":"484 ALCATRAZ AVE OAKLAND 94609"}},{"type":"Feature","geometry":{"type":"Polygon","coordinates":[[[-122.259765,37.850388],[-122.259875,37.850373],[-122.259925,37.850611],[-122.259941,37.850685],[-122.25983,37.8507],[-122.259765,37.850388]]]},"properties":{"APN":"16-1415-19","SitusAddress":"488 ALCATRAZ AVE OAKLAND 94609"}},{"type":"Feature","geometry":{"type":"Polygon","coordinates":[[[-122.268695,37.851169],[-122.268504,37.851193],[-122.268481,37.851085],[-122.268673,37.851061],[-122.268695,37.851169]]]},"properties":{"APN":"16-1430-10","SitusAddress":"6600 DOVER ST OAKLAND 94609"}},{"type":"Feature","geometry":{"type":"Polygon","coordinates":[[[-122.259875,37.850373],[-122.259985,37.850359],[-122.260019,37.850521],[-122.260035,37.850596],[-122.259925,37.850611],[-122.259875,37.850373]]]},"properties":{"APN":"16-1415-20","SitusAddress":"490 ALCATRAZ AVE OAKLAND 94609"}},{"type":"Feature","geometry":{"type":"Polygon","coordinates":[[[-122.268716,37.85127],[-122.268333,37.851318],[-122.268312,37.851218],[-122.268504,37.851193],[-122.268695,37.851169],[-122.268716,37.85127]]]},"properties":{"APN":"16-1430-11","SitusAddress":"6604 DOVER ST OAKLAND 94609"}},{"type":"Feature","geometry":{"type":"Polygon","coordinates":[[[-122.260307,37.850483],[-122.260019,37.850521],[-122.259985,37.850359],[-122.260331,37.850313],[-122.260307,37.850483]]]},"properties":{"APN":"16-1415-21","SitusAddress":"6400 TELEGRAPH AVE OAKLAND 94609"}},{"type":"Feature","geometry":{"type":"Polygon","coordinates":[[[-122.260296,37.850562],[-122.260035,37.850596],[-122.260019,37.850521],[-122.260307,37.850483],[-122.260296,37.850562]]]},"properties":{"APN":"16-1415-22","SitusAddress":"6410 TELEGRAPH AVE OAKLAND 94609"}},{"type":"Feature","geometry":{"type":"Polygon","coordinates":[[[-122.268335,37.851326],[-122.268333,37.851318],[-122.268716,37.85127],[-122.268736,37.851367],[-122.268353,37.851416],[-122.268335,37.851326]]]},"properties":{"APN":"16-1430-12","SitusAddress":"6610 DOVER ST OAKLAND 94609"}},{"type":"Feature","geometry":{"type":"Polygon","coordinates":[[[-122.259925,37.850611],[-122.260035,37.850596],[-122.260296,37.850562],[-122.260286,37.85064],[-122.259941,37.850685],[-122.259925,37.850611]]]},"properties":{"APN":"16-1415-23","SitusAddress":"6416 TELEGRAPH AVE OAKLAND 94609"}},{"type":"Feature","geometry":{"type":"Polygon","coordinates":[[[-122.25983,37.8507],[-122.259941,37.850685],[-122.260286,37.85064],[-122.260262,37.850812],[-122.259966,37.850847],[-122.259864,37.850859],[-122.25983,37.8507]]]},"properties":{"APN":"16-1415-24","SitusAddress":"6426 TELEGRAPH AVE OAKLAND 94609"}},{"type":"Feature","geometry":{"type":"Polygon","coordinates":[[[-122.259966,37.850847],[-122.260262,37.850812],[-122.260251,37.850891],[-122.259983,37.850926],[-122.259966,37.850847]]]},"properties":{"APN":"16-1415-25","SitusAddress":"6430 TELEGRAPH AVE OAKLAND 94609"}},{"type":"Feature","geometry":{"type":"Polygon","coordinates":[[[-122.268357,37.851434],[-122.268353,37.851416],[-122.268736,37.851367],[-122.268757,37.851465],[-122.268374,37.851513],[-122.268357,37.851434]]]},"properties":{"APN":"16-1430-13","SitusAddress":"6614 DOVER ST OAKLAND 94609"}},{"type":"Feature","geometry":{"type":"Polygon","coordinates":[[[-122.259983,37.850926],[-122.260251,37.850891],[-122.26024,37.850964],[-122.259998,37.850996],[-122.259983,37.850926]]]},"properties":{"APN":"16-1415-26","SitusAddress":"6436 TELEGRAPH AVE OAKLAND 94609"}},{"type":"Feature","geometry":{"type":"Polygon","coordinates":[[[-122.259864,37.850859],[-122.259966,37.850847],[-122.259983,37.850926],[-122.259998,37.850996],[-122.259895,37.85101],[-122.259864,37.850859]]]},"properties":{"APN":"16-1415-27","SitusAddress":"485 65TH ST OAKLAND 94609"}},{"type":"Feature","geometry":{"type":"Polygon","coordinates":[[[-122.26838,37.851543],[-122.268374,37.851513],[-122.268757,37.851465],[-122.268777,37.851562],[-122.268394,37.851611],[-122.26838,37.851543]]]},"properties":{"APN":"16-1430-14","SitusAddress":"6618 DOVER ST OAKLAND 94609"}},{"type":"Feature","geometry":{"type":"Polygon","coordinates":[[[-122.259711,37.850716],[-122.25983,37.8507],[-122.259864,37.850859],[-122.259895,37.85101],[-122.259776,37.851026],[-122.259711,37.850716]]]},"properties":{"APN":"16-1415-28","SitusAddress":"479 65TH ST OAKLAND 94609"}},{"type":"Feature","geometry":{"type":"Polygon","coordinates":[[[-122.259591,37.850732],[-122.259711,37.850716],[-122.259776,37.851026],[-122.259656,37.851042],[-122.259591,37.850732]]]},"properties":{"APN":"16-1415-29","SitusAddress":"475 65TH ST OAKLAND 94609"}},{"type":"Feature","geometry":{"type":"Polygon","coordinates":[[[-122.268447,37.850922],[-122.268639,37.850898],[-122.268661,37.851006],[-122.26847,37.851031],[-122.268447,37.850922]]]},"properties":{"APN":"16-1430-15","SitusAddress":"6552 DOVER ST OAKLAND 94609"}},{"type":"Feature","geometry":{"type":"Polygon","coordinates":[[[-122.259537,37.851057],[-122.259471,37.850747],[-122.259591,37.850732],[-122.259656,37.851042],[-122.259537,37.851057]]]},"properties":{"APN":"16-1415-30","SitusAddress":"473 65TH ST OAKLAND 94609"}},{"type":"Feature","geometry":{"type":"Polygon","coordinates":[[[-122.259352,37.850763],[-122.259454,37.85075],[-122.259471,37.850747],[-122.259537,37.851057],[-122.259417,37.851073],[-122.259352,37.850763]]]},"properties":{"APN":"16-1415-31","SitusAddress":"469 65TH ST OAKLAND 94609"}},{"type":"Feature","geometry":{"type":"Polygon","coordinates":[[[-122.259298,37.851089],[-122.259232,37.850779],[-122.259352,37.850763],[-122.259417,37.851073],[-122.259298,37.851089]]]},"properties":{"APN":"16-1415-32","SitusAddress":"465 65TH ST OAKLAND 94609"}},{"type":"Feature","geometry":{"type":"Polygon","coordinates":[[[-122.268256,37.850947],[-122.268447,37.850922],[-122.26847,37.851031],[-122.268278,37.851055],[-122.268256,37.850947]]]},"properties":{"APN":"16-1430-16","SitusAddress":"793 FAIRVIEW ST OAKLAND 94609"}},{"type":"Feature","geometry":{"type":"Polygon","coordinates":[[[-122.259178,37.851105],[-122.259113,37.850795],[-122.259232,37.850779],[-122.259298,37.851089],[-122.259178,37.851105]]]},"properties":{"APN":"16-1415-33","SitusAddress":"461 65TH ST OAKLAND 94609"}},{"type":"Feature","geometry":{"type":"Polygon","coordinates":[[[-122.258993,37.850811],[-122.259113,37.850795],[-122.259178,37.851105],[-122.259058,37.85112],[-122.258993,37.850811]]]},"properties":{"APN":"16-1415-34","SitusAddress":"457 65TH ST OAKLAND 94609"}},{"type":"Feature","geometry":{"type":"Polygon","coordinates":[[[-122.268125,37.850951],[-122.268253,37.850934],[-122.268256,37.850947],[-122.268278,37.851055],[-122.26815,37.851071],[-122.268125,37.850951]]]},"properties":{"APN":"16-1430-17","SitusAddress":"783 FAIRVIEW ST OAKLAND 94609"}},{"type":"Feature","geometry":{"type":"Polygon","coordinates":[[[-122.258874,37.850827],[-122.258993,37.850811],[-122.259058,37.85112],[-122.258939,37.851136],[-122.258874,37.850827]]]},"properties":{"APN":"16-1415-35","SitusAddress":"455 65TH ST  A OAKLAND 94609"}},{"type":"Feature","geometry":{"type":"Polygon","coordinates":[[[-122.267871,37.850985],[-122.268125,37.850951],[-122.26815,37.851071],[-122.267895,37.851104],[-122.267871,37.850985]]]},"properties":{"APN":"16-1430-18","SitusAddress":"6547 TREMONT ST OAKLAND 94609"}},{"type":"Feature","geometry":{"type":"Polygon","coordinates":[[[-122.258754,37.850842],[-122.258874,37.850827],[-122.258939,37.851136],[-122.258819,37.851152],[-122.258754,37.850842]]]},"properties":{"APN":"16-1415-36","SitusAddress":"451 65TH ST OAKLAND 94609"}},{"type":"Feature","geometry":{"type":"Polygon","coordinates":[[[-122.258635,37.850858],[-122.258754,37.850842],[-122.258819,37.851152],[-122.2587,37.851168],[-122.258635,37.850858]]]},"properties":{"APN":"16-1415-37","SitusAddress":"447 65TH ST OAKLAND 94609"}},{"type":"Feature","geometry":{"type":"Polygon","coordinates":[[[-122.267848,37.850876],[-122.268231,37.850825],[-122.268235,37.850845],[-122.268253,37.850934],[-122.268125,37.850951],[-122.267871,37.850985],[-122.267848,37.850876]]]},"properties":{"APN":"16-1430-19","SitusAddress":"6539 TREMONT ST OAKLAND 94609"}},{"type":"Feature","geometry":{"type":"Polygon","coordinates":[[[-122.258515,37.850874],[-122.258635,37.850858],[-122.2587,37.851168],[-122.25858,37.851184],[-122.258515,37.850874]]]},"properties":{"APN":"16-1415-38","SitusAddress":"443 65TH ST OAKLAND 94609"}},{"type":"Feature","geometry":{"type":"Polygon","coordinates":[[[-122.267826,37.850768],[-122.268208,37.850717],[-122.268214,37.850743],[-122.268231,37.850825],[-122.267848,37.850876],[-122.267826,37.850768]]]},"properties":{"APN":"16-1430-20","SitusAddress":"6535 TREMONT ST OAKLAND 94609"}},{"type":"Feature","geometry":{"type":"Polygon","coordinates":[[[-122.257818,37.851142],[-122.257756,37.85085],[-122.257716,37.85066],[-122.25833,37.850579],[-122.258395,37.85089],[-122.258461,37.851199],[-122.257847,37.85128],[-122.257818,37.851142]]]},"properties":{"APN":"16-1415-41-2","SitusAddress":"431 65TH ST OAKLAND 94609"}},{"type":"Feature","geometry":{"type":"Polygon","coordinates":[[[-122.267803,37.85066],[-122.268186,37.850609],[-122.268193,37.850642],[-122.268208,37.850717],[-122.267826,37.850768],[-122.267803,37.85066]]]},"properties":{"APN":"16-1430-21","SitusAddress":"6531 TREMONT ST OAKLAND 94609"}},{"type":"Feature","geometry":{"type":"Polygon","coordinates":[[[-122.258395,37.85089],[-122.258515,37.850874],[-122.25858,37.851184],[-122.258461,37.851199],[-122.258395,37.85089]]]},"properties":{"APN":"16-1415-44","SitusAddress":"65TH ST OAKLAND 94609"}},{"type":"Feature","geometry":{"type":"Polygon","coordinates":[[[-122.258192,37.851916],[-122.25853,37.851872],[-122.258553,37.85198],[-122.258215,37.852024],[-122.258192,37.851916]]]},"properties":{"APN":"16-1416-1","SitusAddress":"6521 DANA ST OAKLAND 94609"}},{"type":"Feature","geometry":{"type":"Polygon","coordinates":[[[-122.267781,37.850551],[-122.268042,37.850516],[-122.26806,37.850506],[-122.268162,37.850492],[-122.268172,37.85054],[-122.268201,37.850536],[-122.268222,37.850638],[-122.268193,37.850642],[-122.268186,37.850609],[-122.267803,37.85066],[-122.267781,37.850551]]]},"properties":{"APN":"16-1430-22-1","SitusAddress":"6525 TREMONT ST OAKLAND 94609"}},{"type":"Feature","geometry":{"type":"Polygon","coordinates":[[[-122.258169,37.851807],[-122.258507,37.851763],[-122.25853,37.851872],[-122.258192,37.851916],[-122.258169,37.851807]]]},"properties":{"APN":"16-1416-2","SitusAddress":"6517 DANA ST OAKLAND 94609"}},{"type":"Feature","geometry":{"type":"Polygon","coordinates":[[[-122.258148,37.851706],[-122.25829,37.851688],[-122.258396,37.851674],[-122.258486,37.851662],[-122.258507,37.851763],[-122.258169,37.851807],[-122.258148,37.851706]]]},"properties":{"APN":"16-1416-3","SitusAddress":"6511 DANA ST OAKLAND 94609"}},{"type":"Feature","geometry":{"type":"Polygon","coordinates":[[[-122.26776,37.850451],[-122.267998,37.850419],[-122.267996,37.850411],[-122.268115,37.850395],[-122.268141,37.850392],[-122.26815,37.850438],[-122.268162,37.850492],[-122.26806,37.850506],[-122.268042,37.850516],[-122.267781,37.850551],[-122.26776,37.850451]]]},"properties":{"APN":"16-1430-23-1","SitusAddress":"6519 TREMONT ST OAKLAND 94609"}},{"type":"Feature","geometry":{"type":"Polygon","coordinates":[[[-122.258122,37.851581],[-122.25825,37.851565],[-122.258257,37.851598],[-122.258271,37.851597],[-122.25829,37.851688],[-122.258148,37.851706],[-122.258122,37.851581]]]},"properties":{"APN":"16-1416-4","SitusAddress":"6509 DANA ST OAKLAND 94609"}},{"type":"Feature","geometry":{"type":"Polygon","coordinates":[[[-122.267729,37.850304],[-122.267968,37.850272],[-122.267996,37.850411],[-122.267998,37.850419],[-122.26776,37.850451],[-122.267729,37.850304]]]},"properties":{"APN":"16-1430-24","SitusAddress":"6511 TREMONT ST OAKLAND 94609"}},{"type":"Feature","geometry":{"type":"Polygon","coordinates":[[[-122.258215,37.851399],[-122.25825,37.851565],[-122.258122,37.851581],[-122.258087,37.851416],[-122.258215,37.851399]]]},"properties":{"APN":"16-1416-5","SitusAddress":"6501 DANA ST OAKLAND 94609"}},{"type":"Feature","geometry":{"type":"Polygon","coordinates":[[[-122.267968,37.850272],[-122.267729,37.850304],[-122.267701,37.850168],[-122.267939,37.850136],[-122.267968,37.850272]]]},"properties":{"APN":"16-1430-25","SitusAddress":"6501 TREMONT ST OAKLAND 94609"}},{"type":"Feature","geometry":{"type":"Polygon","coordinates":[[[-122.25825,37.851565],[-122.258215,37.851399],[-122.258334,37.851383],[-122.258396,37.851674],[-122.25829,37.851688],[-122.258271,37.851597],[-122.258257,37.851598],[-122.25825,37.851565]]]},"properties":{"APN":"16-1416-6","SitusAddress":"430 65TH ST OAKLAND 94609"}},{"type":"Feature","geometry":{"type":"Polygon","coordinates":[[[-122.258334,37.851383],[-122.258454,37.851367],[-122.258515,37.851658],[-122.258486,37.851662],[-122.258396,37.851674],[-122.258334,37.851383]]]},"properties":{"APN":"16-1416-7","SitusAddress":"434 65TH ST OAKLAND 94609"}},{"type":"Feature","geometry":{"type":"Polygon","coordinates":[[[-122.258454,37.851367],[-122.258573,37.851352],[-122.258635,37.851643],[-122.258622,37.851644],[-122.258515,37.851658],[-122.258454,37.851367]]]},"properties":{"APN":"16-1416-8","SitusAddress":"438 65TH ST OAKLAND 94609"}},{"type":"Feature","geometry":{"type":"Polygon","coordinates":[[[-122.267968,37.850272],[-122.267939,37.850136],[-122.268058,37.85012],[-122.268115,37.850395],[-122.267996,37.850411],[-122.267968,37.850272]]]},"properties":{"APN":"16-1430-26","SitusAddress":"776 65TH ST OAKLAND 94609"}},{"type":"Feature","geometry":{"type":"Polygon","coordinates":[[[-122.258755,37.851627],[-122.258635,37.851643],[-122.258573,37.851352],[-122.258693,37.851336],[-122.258755,37.851627]]]},"properties":{"APN":"16-1416-9","SitusAddress":"442 65TH ST OAKLAND 94609"}},{"type":"Feature","geometry":{"type":"Polygon","coordinates":[[[-122.258759,37.851627],[-122.258755,37.851627],[-122.258693,37.851336],[-122.258813,37.85132],[-122.258874,37.851612],[-122.258759,37.851627]]]},"properties":{"APN":"16-1416-10","SitusAddress":"446 65TH ST OAKLAND 94609"}},{"type":"Feature","geometry":{"type":"Polygon","coordinates":[[[-122.258813,37.85132],[-122.258932,37.851304],[-122.258994,37.851596],[-122.258901,37.851608],[-122.258874,37.851612],[-122.258813,37.85132]]]},"properties":{"APN":"16-1416-11","SitusAddress":"450 65TH ST OAKLAND 94609"}},{"type":"Feature","geometry":{"type":"Polygon","coordinates":[[[-122.268115,37.850395],[-122.268058,37.85012],[-122.268178,37.850105],[-122.268244,37.850426],[-122.26815,37.850438],[-122.268141,37.850392],[-122.268115,37.850395]]]},"properties":{"APN":"16-1430-27","SitusAddress":"780 65TH ST OAKLAND 94609"}},{"type":"Feature","geometry":{"type":"Polygon","coordinates":[[[-122.258932,37.851304],[-122.259069,37.851286],[-122.259131,37.851578],[-122.259049,37.851589],[-122.258994,37.851596],[-122.258932,37.851304]]]},"properties":{"APN":"16-1416-12","SitusAddress":"454 65TH ST OAKLAND 94609"}},{"type":"Feature","geometry":{"type":"Polygon","coordinates":[[[-122.268364,37.850412],[-122.268244,37.850426],[-122.268178,37.850105],[-122.268297,37.850089],[-122.268364,37.850412]]]},"properties":{"APN":"16-1430-28","SitusAddress":"784 65TH ST OAKLAND 94609"}},{"type":"Feature","geometry":{"type":"Polygon","coordinates":[[[-122.259069,37.851286],[-122.259206,37.851268],[-122.259267,37.85156],[-122.259131,37.851578],[-122.259069,37.851286]]]},"properties":{"APN":"16-1416-13","SitusAddress":"458 65TH ST OAKLAND 94609"}},{"type":"Feature","geometry":{"type":"Polygon","coordinates":[[[-122.259206,37.851268],[-122.259359,37.851248],[-122.259421,37.85154],[-122.259307,37.851555],[-122.259267,37.85156],[-122.259206,37.851268]]]},"properties":{"APN":"16-1416-14","SitusAddress":"462 65TH ST OAKLAND 94609"}},{"type":"Feature","geometry":{"type":"Polygon","coordinates":[[[-122.268483,37.850397],[-122.268364,37.850412],[-122.268297,37.850089],[-122.268416,37.850073],[-122.268483,37.850397]]]},"properties":{"APN":"16-1430-29","SitusAddress":"788 65TH ST OAKLAND 94609"}},{"type":"Feature","geometry":{"type":"Polygon","coordinates":[[[-122.259359,37.851248],[-122.259496,37.85123],[-122.259558,37.851523],[-122.259538,37.851525],[-122.259421,37.85154],[-122.259359,37.851248]]]},"properties":{"APN":"16-1416-15","SitusAddress":"466 65TH ST OAKLAND 94609"}},{"type":"Feature","geometry":{"type":"Polygon","coordinates":[[[-122.259496,37.85123],[-122.259633,37.851212],[-122.259694,37.851505],[-122.259558,37.851523],[-122.259496,37.85123]]]},"properties":{"APN":"16-1416-16","SitusAddress":"470 65TH ST OAKLAND 94609"}},{"type":"Feature","geometry":{"type":"Polygon","coordinates":[[[-122.268483,37.850397],[-122.268416,37.850073],[-122.268552,37.850055],[-122.268615,37.850357],[-122.268533,37.850389],[-122.268485,37.850409],[-122.268483,37.850397]]]},"properties":{"APN":"16-1430-30","SitusAddress":"792 65TH ST OAKLAND 94609"}},{"type":"Feature","geometry":{"type":"Polygon","coordinates":[[[-122.259633,37.851212],[-122.259769,37.851194],[-122.259831,37.851487],[-122.259694,37.851505],[-122.259633,37.851212]]]},"properties":{"APN":"16-1416-17","SitusAddress":"478 65TH ST OAKLAND 94609"}},{"type":"Feature","geometry":{"type":"Polygon","coordinates":[[[-122.259769,37.851194],[-122.260217,37.851135],[-122.260174,37.851442],[-122.259831,37.851487],[-122.259769,37.851194]]]},"properties":{"APN":"16-1416-18","SitusAddress":"6510 TELEGRAPH AVE OAKLAND 94609"}},{"type":"Feature","geometry":{"type":"Polygon","coordinates":[[[-122.268162,37.850492],[-122.26815,37.850438],[-122.268244,37.850426],[-122.268364,37.850412],[-122.268483,37.850397],[-122.268485,37.850409],[-122.268533,37.850389],[-122.268555,37.850492],[-122.268201,37.850536],[-122.268172,37.85054],[-122.268162,37.850492]]]},"properties":{"APN":"16-1430-32","SitusAddress":"6528 DOVER ST OAKLAND 94609"}},{"type":"Feature","geometry":{"type":"Polygon","coordinates":[[[-122.259538,37.851525],[-122.259558,37.851523],[-122.259694,37.851505],[-122.259831,37.851487],[-122.260174,37.851442],[-122.26016,37.851543],[-122.259557,37.851621],[-122.259538,37.851525]]]},"properties":{"APN":"16-1416-19","SitusAddress":"6520 TELEGRAPH AVE OAKLAND 94609"}},{"type":"Feature","geometry":{"type":"Polygon","coordinates":[[[-122.259582,37.851729],[-122.259579,37.85173],[-122.259557,37.851621],[-122.26016,37.851543],[-122.260136,37.851713],[-122.259722,37.851767],[-122.259711,37.851713],[-122.259582,37.851729]]]},"properties":{"APN":"16-1416-21-1","SitusAddress":"6526 TELEGRAPH AVE OAKLAND 94609"}},{"type":"Feature","geometry":{"type":"Polygon","coordinates":[[[-122.268201,37.850536],[-122.268555,37.850492],[-122.268576,37.850593],[-122.268222,37.850638],[-122.268201,37.850536]]]},"properties":{"APN":"16-1430-33-1","SitusAddress":"6532 DOVER ST OAKLAND 94609"}},{"type":"Feature","geometry":{"type":"Polygon","coordinates":[[[-122.259722,37.851767],[-122.260136,37.851713],[-122.260113,37.851883],[-122.259755,37.851929],[-122.259722,37.851767]]]},"properties":{"APN":"16-1416-22","SitusAddress":"6536 TELEGRAPH AVE OAKLAND 94609"}},{"type":"Feature","geometry":{"type":"Polygon","coordinates":[[[-122.268208,37.850717],[-122.268193,37.850642],[-122.268222,37.850638],[-122.268576,37.850593],[-122.268597,37.850695],[-122.268214,37.850743],[-122.268208,37.850717]]]},"properties":{"APN":"16-1430-34","SitusAddress":"6534 DOVER ST OAKLAND 94609"}},{"type":"Feature","geometry":{"type":"Polygon","coordinates":[[[-122.259755,37.851929],[-122.260113,37.851883],[-122.260101,37.851964],[-122.259771,37.852007],[-122.259755,37.851929]]]},"properties":{"APN":"16-1416-23","SitusAddress":"6548 TELEGRAPH AVE OAKLAND 94609"}},{"type":"Feature","geometry":{"type":"Polygon","coordinates":[[[-122.268231,37.850825],[-122.268214,37.850743],[-122.268597,37.850695],[-122.268618,37.850796],[-122.268235,37.850845],[-122.268231,37.850825]]]},"properties":{"APN":"16-1430-35","SitusAddress":"6540 DOVER ST OAKLAND 94609"}},{"type":"Feature","geometry":{"type":"Polygon","coordinates":[[[-122.259582,37.851729],[-122.259711,37.851713],[-122.259722,37.851767],[-122.259755,37.851929],[-122.259771,37.852007],[-122.259642,37.852023],[-122.259582,37.851729]]]},"properties":{"APN":"16-1416-24","SitusAddress":"477 66TH ST OAKLAND 94609"}},{"type":"Feature","geometry":{"type":"Polygon","coordinates":[[[-122.259454,37.851746],[-122.259579,37.85173],[-122.259582,37.851729],[-122.259642,37.852023],[-122.259514,37.85204],[-122.259454,37.851746]]]},"properties":{"APN":"16-1416-25","SitusAddress":"469 66TH ST OAKLAND 94609"}},{"type":"Feature","geometry":{"type":"Polygon","coordinates":[[[-122.268253,37.850934],[-122.268235,37.850845],[-122.268618,37.850796],[-122.268639,37.850898],[-122.268447,37.850922],[-122.268256,37.850947],[-122.268253,37.850934]]]},"properties":{"APN":"16-1430-36","SitusAddress":"6546 DOVER ST OAKLAND 94609"}},{"type":"Feature","geometry":{"type":"Polygon","coordinates":[[[-122.259514,37.85204],[-122.259377,37.852057],[-122.259318,37.851764],[-122.259349,37.85176],[-122.259454,37.851746],[-122.259514,37.85204]]]},"properties":{"APN":"16-1416-26-1","SitusAddress":"461 66TH ST OAKLAND 94609"}},{"type":"Feature","geometry":{"type":"Polygon","coordinates":[[[-122.259049,37.851589],[-122.259131,37.851578],[-122.259267,37.85156],[-122.259307,37.851555],[-122.259349,37.85176],[-122.259318,37.851764],[-122.259091,37.851793],[-122.259049,37.851589]]]},"properties":{"APN":"16-1416-26-5","SitusAddress":"459 66TH ST OAKLAND 94609"}},{"type":"Feature","geometry":{"type":"Polygon","coordinates":[[[-122.268716,37.850317],[-122.268615,37.850357],[-122.268552,37.850055],[-122.268669,37.850042],[-122.268716,37.850317]]]},"properties":{"APN":"16-1430-39","SitusAddress":"794 65TH ST OAKLAND 94609"}},{"type":"Feature","geometry":{"type":"Polygon","coordinates":[[[-122.259307,37.851555],[-122.259421,37.85154],[-122.259538,37.851525],[-122.259557,37.851621],[-122.259579,37.85173],[-122.259454,37.851746],[-122.259349,37.85176],[-122.259307,37.851555]]]},"properties":{"APN":"16-1416-26-6","SitusAddress":"459 66TH ST OAKLAND 94609"}},{"type":"Feature","geometry":{"type":"Polygon","coordinates":[[[-122.259091,37.851793],[-122.259318,37.851764],[-122.259377,37.852057],[-122.259151,37.852086],[-122.259091,37.851793]]]},"properties":{"APN":"16-1416-27","SitusAddress":"453 66TH ST OAKLAND 94609"}},{"type":"Feature","geometry":{"type":"Polygon","coordinates":[[[-122.265928,37.849995],[-122.266335,37.849961],[-122.266351,37.850077],[-122.265946,37.850131],[-122.265928,37.849995]]]},"properties":{"APN":"16-1432-2","SitusAddress":"6427 SHATTUCK AVE OAKLAND 94609"}},{"type":"Feature","geometry":{"type":"Polygon","coordinates":[[[-122.258983,37.852011],[-122.258901,37.851608],[-122.258994,37.851596],[-122.259049,37.851589],[-122.259091,37.851793],[-122.259151,37.852086],[-122.258983,37.852011]]]},"properties":{"APN":"16-1416-28","SitusAddress":"449 66TH ST OAKLAND 94609"}},{"type":"Feature","geometry":{"type":"Polygon","coordinates":[[[-122.258833,37.851944],[-122.258828,37.851944],[-122.258759,37.851627],[-122.258874,37.851612],[-122.258901,37.851608],[-122.258983,37.852011],[-122.258833,37.851944]]]},"properties":{"APN":"16-1416-29","SitusAddress":"445 66TH ST OAKLAND 94609"}},{"type":"Feature","geometry":{"type":"Polygon","coordinates":[[[-122.258828,37.851944],[-122.25869,37.851962],[-122.258622,37.851644],[-122.258635,37.851643],[-122.258755,37.851627],[-122.258759,37.851627],[-122.258828,37.851944]]]},"properties":{"APN":"16-1416-30","SitusAddress":"439 66TH ST OAKLAND 94609"}},{"type":"Feature","geometry":{"type":"Polygon","coordinates":[[[-122.25853,37.851872],[-122.258507,37.851763],[-122.258486,37.851662],[-122.258515,37.851658],[-122.258622,37.851644],[-122.25869,37.851962],[-122.258553,37.85198],[-122.25853,37.851872]]]},"properties":{"APN":"16-1416-31","SitusAddress":"435 66TH ST OAKLAND 94609"}},{"type":"Feature","geometry":{"type":"Polygon","coordinates":[[[-122.258575,37.85309],[-122.258444,37.853107],[-122.258386,37.852833],[-122.258519,37.852816],[-122.258575,37.85309]]]},"properties":{"APN":"16-1421-1","SitusAddress":"2378 WOOLSEY ST OAKLAND 94608"}},{"type":"Feature","geometry":{"type":"Polygon","coordinates":[[[-122.258363,37.852725],[-122.25877,37.852672],[-122.258781,37.852726],[-122.258793,37.85278],[-122.258656,37.852798],[-122.258519,37.852816],[-122.258386,37.852833],[-122.258363,37.852725]]]},"properties":{"APN":"16-1421-2","SitusAddress":"6635 DANA ST OAKLAND 94609"}},{"type":"Feature","geometry":{"type":"Polygon","coordinates":[[[-122.25834,37.852616],[-122.258748,37.852563],[-122.25877,37.852672],[-122.258363,37.852725],[-122.25834,37.852616]]]},"properties":{"APN":"16-1421-3","SitusAddress":"6631 DANA ST OAKLAND 94609"}},{"type":"Feature","geometry":{"type":"Polygon","coordinates":[[[-122.258318,37.852512],[-122.258659,37.852467],[-122.258727,37.852458],[-122.258748,37.852563],[-122.25834,37.852616],[-122.258318,37.852512]]]},"properties":{"APN":"16-1421-4","SitusAddress":"6625 DANA ST OAKLAND 94609"}},{"type":"Feature","geometry":{"type":"Polygon","coordinates":[[[-122.258295,37.852403],[-122.258636,37.852359],[-122.258659,37.852467],[-122.258318,37.852512],[-122.258295,37.852403]]]},"properties":{"APN":"16-1421-5","SitusAddress":"6621 DANA ST OAKLAND 94609"}},{"type":"Feature","geometry":{"type":"Polygon","coordinates":[[[-122.258272,37.852295],[-122.258614,37.85225],[-122.258636,37.852359],[-122.258295,37.852403],[-122.258272,37.852295]]]},"properties":{"APN":"16-1421-6","SitusAddress":"6615 DANA ST OAKLAND 94609"}},{"type":"Feature","geometry":{"type":"Polygon","coordinates":[[[-122.258614,37.85225],[-122.258272,37.852295],[-122.258249,37.852187],[-122.258592,37.852142],[-122.258614,37.85225]]]},"properties":{"APN":"16-1421-7","SitusAddress":"6605 DANA ST OAKLAND 94609"}},{"type":"Feature","geometry":{"type":"Polygon","coordinates":[[[-122.258636,37.852359],[-122.258614,37.85225],[-122.258592,37.852142],[-122.258729,37.852124],[-122.258795,37.852449],[-122.258727,37.852458],[-122.258659,37.852467],[-122.258636,37.852359]]]},"properties":{"APN":"16-1421-8","SitusAddress":"434 66TH ST OAKLAND 94609"}},{"type":"Feature","geometry":{"type":"Polygon","coordinates":[[[-122.258729,37.852124],[-122.258794,37.852116],[-122.258875,37.852152],[-122.258932,37.852432],[-122.258795,37.852449],[-122.258729,37.852124]]]},"properties":{"APN":"16-1421-9","SitusAddress":"438 66TH ST OAKLAND 94609"}},{"type":"Feature","geometry":{"type":"Polygon","coordinates":[[[-122.258875,37.852152],[-122.259029,37.852221],[-122.259069,37.852414],[-122.259,37.852423],[-122.258932,37.852432],[-122.258875,37.852152]]]},"properties":{"APN":"16-1421-10","SitusAddress":"440 66TH ST OAKLAND 94609"}},{"type":"Feature","geometry":{"type":"Polygon","coordinates":[[[-122.259029,37.852221],[-122.259112,37.852258],[-122.259184,37.852249],[-122.259213,37.852395],[-122.259069,37.852414],[-122.259029,37.852221]]]},"properties":{"APN":"16-1421-11","SitusAddress":"446 66TH ST OAKLAND 94609"}},{"type":"Feature","geometry":{"type":"Polygon","coordinates":[[[-122.259,37.852423],[-122.259069,37.852414],[-122.259213,37.852395],[-122.259184,37.852249],[-122.259342,37.852229],[-122.25941,37.852561],[-122.259312,37.852574],[-122.259175,37.852592],[-122.259038,37.85261],[-122.259,37.852423]]]},"properties":{"APN":"16-1421-12","SitusAddress":"450 66TH ST OAKLAND 94609"}},{"type":"Feature","geometry":{"type":"Polygon","coordinates":[[[-122.25941,37.852561],[-122.259342,37.852229],[-122.259496,37.852209],[-122.259546,37.852453],[-122.259567,37.85245],[-122.259595,37.852585],[-122.259602,37.85262],[-122.259465,37.852638],[-122.259449,37.852556],[-122.25941,37.852561]]]},"properties":{"APN":"16-1421-13","SitusAddress":"458 66TH ST OAKLAND 94609"}},{"type":"Feature","geometry":{"type":"Polygon","coordinates":[[[-122.259567,37.85245],[-122.259546,37.852453],[-122.259496,37.852209],[-122.25965,37.852189],[-122.2597,37.852432],[-122.259567,37.85245]]]},"properties":{"APN":"16-1421-14","SitusAddress":"468 66TH ST OAKLAND 94609"}},{"type":"Feature","geometry":{"type":"Polygon","coordinates":[[[-122.25965,37.852189],[-122.260078,37.852134],[-122.260042,37.852388],[-122.2597,37.852432],[-122.25965,37.852189]]]},"properties":{"APN":"16-1421-16-1","SitusAddress":"6606 TELEGRAPH AVE OAKLAND 94609"}},{"type":"Feature","geometry":{"type":"Polygon","coordinates":[[[-122.259567,37.85245],[-122.2597,37.852432],[-122.260042,37.852388],[-122.260023,37.85253],[-122.259595,37.852585],[-122.259567,37.85245]]]},"properties":{"APN":"16-1421-17","SitusAddress":"6616 TELEGRAPH AVE OAKLAND 94609"}},{"type":"Feature","geometry":{"type":"Polygon","coordinates":[[[-122.259602,37.85262],[-122.259595,37.852585],[-122.260023,37.85253],[-122.260003,37.852671],[-122.259735,37.852706],[-122.259623,37.852721],[-122.259602,37.85262]]]},"properties":{"APN":"16-1421-18","SitusAddress":"6628 TELEGRAPH AVE OAKLAND 94609"}},{"type":"Feature","geometry":{"type":"Polygon","coordinates":[[[-122.25998,37.852832],[-122.259767,37.85286],[-122.259735,37.852706],[-122.260003,37.852671],[-122.25998,37.852832]]]},"properties":{"APN":"16-1421-19-1","SitusAddress":"6636 TELEGRAPH AVE OAKLAND 94609"}},{"type":"Feature","geometry":{"type":"Polygon","coordinates":[[[-122.259623,37.852721],[-122.259735,37.852706],[-122.259767,37.85286],[-122.259781,37.852932],[-122.259669,37.852947],[-122.259623,37.852721]]]},"properties":{"APN":"16-1421-19-3","SitusAddress":"2344 WOOLSEY ST OAKLAND 94608"}},{"type":"Feature","geometry":{"type":"Polygon","coordinates":[[[-122.259465,37.852638],[-122.259602,37.85262],[-122.259623,37.852721],[-122.259669,37.852947],[-122.259532,37.852965],[-122.259465,37.852638]]]},"properties":{"APN":"16-1421-20","SitusAddress":"2346 WOOLSEY ST OAKLAND 94608"}},{"type":"Feature","geometry":{"type":"Polygon","coordinates":[[[-122.259312,37.852574],[-122.25941,37.852561],[-122.259449,37.852556],[-122.259465,37.852638],[-122.259532,37.852965],[-122.259395,37.852983],[-122.259312,37.852574]]]},"properties":{"APN":"16-1421-21","SitusAddress":"2350 WOOLSEY ST OAKLAND 94608"}},{"type":"Feature","geometry":{"type":"Polygon","coordinates":[[[-122.259175,37.852592],[-122.259312,37.852574],[-122.259395,37.852983],[-122.259259,37.853001],[-122.259175,37.852592]]]},"properties":{"APN":"16-1421-22","SitusAddress":"2354 WOOLSEY ST OAKLAND 94608"}},{"type":"Feature","geometry":{"type":"Polygon","coordinates":[[[-122.259038,37.85261],[-122.259175,37.852592],[-122.259259,37.853001],[-122.259122,37.853018],[-122.259038,37.85261]]]},"properties":{"APN":"16-1421-23","SitusAddress":"2356 WOOLSEY ST OAKLAND 94608"}},{"type":"Feature","geometry":{"type":"Polygon","coordinates":[[[-122.258781,37.852726],[-122.25877,37.852672],[-122.258748,37.852563],[-122.258727,37.852458],[-122.258795,37.852449],[-122.258932,37.852432],[-122.259,37.852423],[-122.259038,37.85261],[-122.259122,37.853018],[-122.258989,37.853036],[-122.258922,37.852708],[-122.258781,37.852726]]]},"properties":{"APN":"16-1421-24","SitusAddress":"2360 WOOLSEY ST OAKLAND 94608"}},{"type":"Feature","geometry":{"type":"Polygon","coordinates":[[[-122.258793,37.85278],[-122.258781,37.852726],[-122.258922,37.852708],[-122.258989,37.853036],[-122.258848,37.853054],[-122.258793,37.85278]]]},"properties":{"APN":"16-1421-25","SitusAddress":"2362 WOOLSEY ST OAKLAND 94608"}},{"type":"Feature","geometry":{"type":"Polygon","coordinates":[[[-122.258656,37.852798],[-122.258793,37.85278],[-122.258848,37.853054],[-122.258712,37.853072],[-122.258656,37.852798]]]},"properties":{"APN":"16-1421-26","SitusAddress":"2364 WOOLSEY ST OAKLAND 94608"}},{"type":"Feature","geometry":{"type":"Polygon","coordinates":[[[-122.258712,37.853072],[-122.258575,37.85309],[-122.258519,37.852816],[-122.258656,37.852798],[-122.258712,37.853072]]]},"properties":{"APN":"16-1421-27","SitusAddress":"2376 WOOLSEY ST OAKLAND 94608"}},{"type":"Feature","geometry":{"type":"Polygon","coordinates":[[[-122.260378,37.852477],[-122.260744,37.852429],[-122.260789,37.852646],[-122.260347,37.852704],[-122.260378,37.852477]]]},"properties":{"APN":"16-1422-2-2","SitusAddress":"6633 TELEGRAPH AVE OAKLAND 94609"}},{"type":"Feature","geometry":{"type":"Polygon","coordinates":[[[-122.260396,37.85235],[-122.260743,37.852304],[-122.260869,37.852288],[-122.260894,37.85241],[-122.260744,37.852429],[-122.260378,37.852477],[-122.260396,37.85235]]]},"properties":{"APN":"16-1422-4","SitusAddress":"6617 TELEGRAPH AVE OAKLAND 94609"}},{"type":"Feature","geometry":{"type":"Polygon","coordinates":[[[-122.260692,37.852056],[-122.260743,37.852304],[-122.260396,37.85235],[-122.260432,37.852089],[-122.260692,37.852056]]]},"properties":{"APN":"16-1422-5","SitusAddress":"6601 TELEGRAPH AVE OAKLAND 94609"}},{"type":"Feature","geometry":{"type":"Polygon","coordinates":[[[-122.260692,37.852056],[-122.260818,37.852039],[-122.260869,37.852288],[-122.260743,37.852304],[-122.260692,37.852056]]]},"properties":{"APN":"16-1422-6","SitusAddress":"514 66TH ST OAKLAND 94609"}},{"type":"Feature","geometry":{"type":"Polygon","coordinates":[[[-122.260869,37.852288],[-122.260818,37.852039],[-122.260968,37.85202],[-122.261045,37.85239],[-122.260894,37.85241],[-122.260869,37.852288]]]},"properties":{"APN":"16-1422-7","SitusAddress":"518 66TH ST OAKLAND 94609"}},{"type":"Feature","geometry":{"type":"Polygon","coordinates":[[[-122.260968,37.85202],[-122.261119,37.852001],[-122.261195,37.852371],[-122.261121,37.85238],[-122.261045,37.85239],[-122.260968,37.85202]]]},"properties":{"APN":"16-1422-8","SitusAddress":"522 66TH ST OAKLAND 94609"}},{"type":"Feature","geometry":{"type":"Polygon","coordinates":[[[-122.261119,37.852001],[-122.261269,37.851982],[-122.261346,37.852351],[-122.261195,37.852371],[-122.261119,37.852001]]]},"properties":{"APN":"16-1422-9","SitusAddress":"528 66TH ST OAKLAND 94609"}},{"type":"Feature","geometry":{"type":"Polygon","coordinates":[[[-122.261269,37.851982],[-122.26142,37.851962],[-122.261465,37.852182],[-122.261496,37.852331],[-122.261346,37.852351],[-122.261269,37.851982]]]},"properties":{"APN":"16-1422-10","SitusAddress":"532 66TH ST OAKLAND 94609"}},{"type":"Feature","geometry":{"type":"Polygon","coordinates":[[[-122.261623,37.852162],[-122.261465,37.852182],[-122.26142,37.851962],[-122.261578,37.851942],[-122.261623,37.852162]]]},"properties":{"APN":"16-1422-11","SitusAddress":"538 66TH ST OAKLAND 94609"}},{"type":"Feature","geometry":{"type":"Polygon","coordinates":[[[-122.261653,37.852311],[-122.261496,37.852331],[-122.261465,37.852182],[-122.261623,37.852162],[-122.261653,37.852311]]]},"properties":{"APN":"16-1422-12","SitusAddress":"6614 DEAKIN ST OAKLAND 94609"}},{"type":"Feature","geometry":{"type":"Polygon","coordinates":[[[-122.261365,37.852446],[-122.261346,37.852351],[-122.261496,37.852331],[-122.261653,37.852311],[-122.261679,37.852436],[-122.261522,37.852456],[-122.261516,37.852426],[-122.261365,37.852446]]]},"properties":{"APN":"16-1422-13","SitusAddress":"6622 DEAKIN ST OAKLAND 94609"}},{"type":"Feature","geometry":{"type":"Polygon","coordinates":[[[-122.260336,37.852786],[-122.260805,37.852725],[-122.26081,37.852748],[-122.26082,37.852797],[-122.260325,37.852862],[-122.260336,37.852786]]]},"properties":{"APN":"16-1422-20","SitusAddress":"6699 TELEGRAPH AVE BERKELEY 94609"}},{"type":"Feature","geometry":{"type":"Polygon","coordinates":[[[-122.260347,37.852704],[-122.260789,37.852646],[-122.260805,37.852725],[-122.260336,37.852786],[-122.260347,37.852704]]]},"properties":{"APN":"16-1422-21","SitusAddress":"6699 TELEGRAPH AVE OAKLAND 94609"}},{"type":"Feature","geometry":{"type":"Polygon","coordinates":[[[-122.260805,37.852725],[-122.260955,37.852705],[-122.260962,37.852735],[-122.26097,37.852777],[-122.26082,37.852797],[-122.26081,37.852748],[-122.260805,37.852725]]]},"properties":{"APN":"16-1422-22","SitusAddress":"2320 WOOLSEY ST BERKELEY 94705"}},{"type":"Feature","geometry":{"type":"Polygon","coordinates":[[[-122.260789,37.852646],[-122.260744,37.852429],[-122.260894,37.85241],[-122.260955,37.852705],[-122.260805,37.852725],[-122.260789,37.852646]]]},"properties":{"APN":"16-1422-23","SitusAddress":"2324 WOOLSEY ST OAKLAND 94609"}},{"type":"Feature","geometry":{"type":"Polygon","coordinates":[[[-122.260955,37.852705],[-122.261106,37.852685],[-122.261114,37.852723],[-122.261121,37.852758],[-122.26097,37.852777],[-122.260962,37.852735],[-122.260955,37.852705]]]},"properties":{"APN":"16-1422-24","SitusAddress":"2314 WOOLSEY ST BERKELEY 94705"}},{"type":"Feature","geometry":{"type":"Polygon","coordinates":[[[-122.260894,37.85241],[-122.261045,37.85239],[-122.261106,37.852685],[-122.260955,37.852705],[-122.260894,37.85241]]]},"properties":{"APN":"16-1422-25","SitusAddress":"2314 WOOLSEY ST OAKLAND 94609"}},{"type":"Feature","geometry":{"type":"Polygon","coordinates":[[[-122.267556,37.849687],[-122.267602,37.84968],[-122.267738,37.849662],[-122.267745,37.849661],[-122.26781,37.849986],[-122.267605,37.850014],[-122.267556,37.849687]]]},"properties":{"APN":"16-1432-26","SitusAddress":"775 65TH ST OAKLAND 94609"}},{"type":"Feature","geometry":{"type":"Polygon","coordinates":[[[-122.261106,37.852685],[-122.261253,37.852666],[-122.261261,37.852705],[-122.261268,37.852739],[-122.261121,37.852758],[-122.261114,37.852723],[-122.261106,37.852685]]]},"properties":{"APN":"16-1422-26","SitusAddress":"2312 WOOLSEY ST BERKELEY 94705"}},{"type":"Feature","geometry":{"type":"Polygon","coordinates":[[[-122.267344,37.849715],[-122.267349,37.849714],[-122.267486,37.849696],[-122.267556,37.849687],[-122.267605,37.850014],[-122.267393,37.850042],[-122.267344,37.849715]]]},"properties":{"APN":"16-1432-27","SitusAddress":"765 65TH ST OAKLAND 94609"}},{"type":"Feature","geometry":{"type":"Polygon","coordinates":[[[-122.261045,37.85239],[-122.261121,37.85238],[-122.261107,37.852445],[-122.261201,37.852462],[-122.261214,37.852479],[-122.261253,37.852666],[-122.261106,37.852685],[-122.261045,37.85239]]]},"properties":{"APN":"16-1422-27","SitusAddress":"2312 WOOLSEY ST OAKLAND 94705"}},{"type":"Feature","geometry":{"type":"Polygon","coordinates":[[[-122.261421,37.852719],[-122.261268,37.852739],[-122.261261,37.852705],[-122.261253,37.852666],[-122.261407,37.852646],[-122.261413,37.852677],[-122.261421,37.852719]]]},"properties":{"APN":"16-1422-28","SitusAddress":"2308 WOOLSEY ST BERKELEY 94705"}},{"type":"Feature","geometry":{"type":"Polygon","coordinates":[[[-122.267173,37.849737],[-122.267177,37.849737],[-122.267344,37.849715],[-122.267393,37.850042],[-122.267222,37.850064],[-122.267173,37.849737]]]},"properties":{"APN":"16-1432-28","SitusAddress":"755 65TH ST OAKLAND 94609"}},{"type":"Feature","geometry":{"type":"Polygon","coordinates":[[[-122.261121,37.85238],[-122.261195,37.852371],[-122.261346,37.852351],[-122.261365,37.852446],[-122.261407,37.852646],[-122.261253,37.852666],[-122.261214,37.852479],[-122.261201,37.852462],[-122.261107,37.852445],[-122.261121,37.85238]]]},"properties":{"APN":"16-1422-29","SitusAddress":"2308 WOOLSEY ST OAKLAND 94705"}},{"type":"Feature","geometry":{"type":"Polygon","coordinates":[[[-122.267002,37.84976],[-122.267006,37.849759],[-122.267173,37.849737],[-122.267222,37.850064],[-122.267051,37.850087],[-122.267002,37.84976]]]},"properties":{"APN":"16-1432-29","SitusAddress":"747 65TH ST OAKLAND 94609"}},{"type":"Feature","geometry":{"type":"Polygon","coordinates":[[[-122.261407,37.852646],[-122.261557,37.852627],[-122.261562,37.85265],[-122.261572,37.852699],[-122.261421,37.852719],[-122.261413,37.852677],[-122.261407,37.852646]]]},"properties":{"APN":"16-1422-30","SitusAddress":"2304 WOOLSEY ST BERKELEY 94705"}},{"type":"Feature","geometry":{"type":"Polygon","coordinates":[[[-122.261365,37.852446],[-122.261516,37.852426],[-122.261522,37.852456],[-122.261557,37.852627],[-122.261407,37.852646],[-122.261365,37.852446]]]},"properties":{"APN":"16-1422-31","SitusAddress":"2304 WOOLSEY ST OAKLAND 94705"}},{"type":"Feature","geometry":{"type":"Polygon","coordinates":[[[-122.266865,37.849778],[-122.267002,37.84976],[-122.267051,37.850087],[-122.266915,37.850105],[-122.266865,37.849778]]]},"properties":{"APN":"16-1432-30","SitusAddress":"739 65TH ST OAKLAND 94609"}},{"type":"Feature","geometry":{"type":"Polygon","coordinates":[[[-122.261557,37.852627],[-122.261714,37.852606],[-122.261717,37.852621],[-122.261728,37.852679],[-122.261572,37.852699],[-122.261562,37.85265],[-122.261557,37.852627]]]},"properties":{"APN":"16-1422-32","SitusAddress":"2300 WOOLSEY ST BERKELEY 94705"}},{"type":"Feature","geometry":{"type":"Polygon","coordinates":[[[-122.266728,37.849796],[-122.266732,37.849796],[-122.266865,37.849778],[-122.266915,37.850105],[-122.266772,37.850124],[-122.266728,37.849796]]]},"properties":{"APN":"16-1432-31","SitusAddress":"733 65TH ST OAKLAND 94609"}},{"type":"Feature","geometry":{"type":"Polygon","coordinates":[[[-122.261522,37.852456],[-122.261679,37.852436],[-122.261714,37.852606],[-122.261557,37.852627],[-122.261522,37.852456]]]},"properties":{"APN":"16-1422-33","SitusAddress":"2300 WOOLSEY ST OAKLAND 94609"}},{"type":"Feature","geometry":{"type":"Polygon","coordinates":[[[-122.266591,37.849814],[-122.266595,37.849814],[-122.266728,37.849796],[-122.266772,37.850124],[-122.266635,37.850143],[-122.266591,37.849814]]]},"properties":{"APN":"16-1432-32","SitusAddress":"725 65TH ST OAKLAND 94609"}},{"type":"Feature","geometry":{"type":"Polygon","coordinates":[[[-122.261897,37.852474],[-122.262215,37.852432],[-122.262233,37.852523],[-122.262234,37.852526],[-122.261922,37.852567],[-122.261916,37.852568],[-122.261897,37.852474]]]},"properties":{"APN":"16-1423-1","SitusAddress":"6635 DEAKIN ST OAKLAND 94609"}},{"type":"Feature","geometry":{"type":"Polygon","coordinates":[[[-122.261878,37.852379],[-122.262196,37.852337],[-122.262215,37.852432],[-122.261897,37.852474],[-122.261878,37.852379]]]},"properties":{"APN":"16-1423-2","SitusAddress":"6629 DEAKIN ST OAKLAND 94609"}},{"type":"Feature","geometry":{"type":"Polygon","coordinates":[[[-122.266635,37.850143],[-122.266498,37.850161],[-122.266454,37.849832],[-122.266458,37.849832],[-122.266591,37.849814],[-122.266635,37.850143]]]},"properties":{"APN":"16-1432-33","SitusAddress":"721 65TH ST OAKLAND 94609"}},{"type":"Feature","geometry":{"type":"Polygon","coordinates":[[[-122.261858,37.852284],[-122.2622,37.852239],[-122.262212,37.852295],[-122.262196,37.852337],[-122.261878,37.852379],[-122.261858,37.852284]]]},"properties":{"APN":"16-1423-3","SitusAddress":"6623 DEAKIN ST OAKLAND 94609"}},{"type":"Feature","geometry":{"type":"Polygon","coordinates":[[[-122.261839,37.852189],[-122.262181,37.852144],[-122.2622,37.852239],[-122.261858,37.852284],[-122.261839,37.852189]]]},"properties":{"APN":"16-1423-4","SitusAddress":"6617 DEAKIN ST OAKLAND 94609"}},{"type":"Feature","geometry":{"type":"Polygon","coordinates":[[[-122.266498,37.850161],[-122.266364,37.850179],[-122.266351,37.850077],[-122.266335,37.849961],[-122.266321,37.84985],[-122.266454,37.849832],[-122.266498,37.850161]]]},"properties":{"APN":"16-1432-34","SitusAddress":"717 65TH ST OAKLAND 94609"}},{"type":"Feature","geometry":{"type":"Polygon","coordinates":[[[-122.26182,37.852094],[-122.262161,37.852049],[-122.262181,37.852144],[-122.261839,37.852189],[-122.26182,37.852094]]]},"properties":{"APN":"16-1423-5","SitusAddress":"6611 DEAKIN ST OAKLAND 94609"}},{"type":"Feature","geometry":{"type":"Polygon","coordinates":[[[-122.2618,37.852],[-122.262142,37.851955],[-122.262161,37.852049],[-122.26182,37.852094],[-122.2618,37.852]]]},"properties":{"APN":"16-1423-6","SitusAddress":"6605 DEAKIN ST OAKLAND 94609"}},{"type":"Feature","geometry":{"type":"Polygon","coordinates":[[[-122.265946,37.850131],[-122.266351,37.850077],[-122.266364,37.850179],[-122.265959,37.850232],[-122.265946,37.850131]]]},"properties":{"APN":"16-1432-37","SitusAddress":" SHATTUCK AVE OAKLAND 94609"}},{"type":"Feature","geometry":{"type":"Polygon","coordinates":[[[-122.262125,37.851872],[-122.262142,37.851955],[-122.2618,37.852],[-122.261783,37.851916],[-122.262125,37.851872]]]},"properties":{"APN":"16-1423-7","SitusAddress":"6601 DEAKIN ST OAKLAND 94609"}},{"type":"Feature","geometry":{"type":"Polygon","coordinates":[[[-122.2622,37.852239],[-122.262181,37.852144],[-122.262161,37.852049],[-122.262142,37.851955],[-122.262125,37.851872],[-122.262329,37.85185],[-122.262453,37.852264],[-122.262428,37.852267],[-122.262308,37.852283],[-122.262212,37.852295],[-122.2622,37.852239]]]},"properties":{"APN":"16-1423-8","SitusAddress":"568 66TH ST OAKLAND 94609"}},{"type":"Feature","geometry":{"type":"Polygon","coordinates":[[[-122.262329,37.85185],[-122.262498,37.851828],[-122.262625,37.852242],[-122.262625,37.852242],[-122.262548,37.852252],[-122.262453,37.852264],[-122.262329,37.85185]]]},"properties":{"APN":"16-1423-9","SitusAddress":"574 66TH ST OAKLAND 94609"}},{"type":"Feature","geometry":{"type":"Polygon","coordinates":[[[-122.262498,37.851828],[-122.262703,37.851801],[-122.262769,37.852014],[-122.262765,37.852014],[-122.262827,37.852215],[-122.262827,37.852216],[-122.262787,37.852221],[-122.262667,37.852237],[-122.262625,37.852242],[-122.262625,37.852242],[-122.262498,37.851828]]]},"properties":{"APN":"16-1423-10-2","SitusAddress":"576 66TH ST OAKLAND 94609"}},{"type":"Feature","geometry":{"type":"Polygon","coordinates":[[[-122.262874,37.851779],[-122.263011,37.851758],[-122.263093,37.852027],[-122.263093,37.852028],[-122.263092,37.852028],[-122.262956,37.852046],[-122.262874,37.851779]]]},"properties":{"APN":"16-1423-12","SitusAddress":"590 66TH ST OAKLAND 94609"}},{"type":"Feature","geometry":{"type":"Polygon","coordinates":[[[-122.263011,37.851758],[-122.263154,37.85174],[-122.263264,37.852102],[-122.263121,37.852121],[-122.263121,37.852121],[-122.263093,37.852028],[-122.263093,37.852027],[-122.263011,37.851758]]]},"properties":{"APN":"16-1423-13","SitusAddress":"602 66TH ST OAKLAND 94609"}},{"type":"Feature","geometry":{"type":"Polygon","coordinates":[[[-122.263406,37.852084],[-122.263264,37.852102],[-122.263154,37.85174],[-122.263297,37.851722],[-122.263406,37.852084]]]},"properties":{"APN":"16-1423-14","SitusAddress":"606 66TH ST OAKLAND 94609"}},{"type":"Feature","geometry":{"type":"Polygon","coordinates":[[[-122.263553,37.852065],[-122.263406,37.852084],[-122.263297,37.851722],[-122.263426,37.851705],[-122.263452,37.851714],[-122.263553,37.852065]]]},"properties":{"APN":"16-1423-15","SitusAddress":"610 66TH ST OAKLAND 94609"}},{"type":"Feature","geometry":{"type":"Polygon","coordinates":[[[-122.263406,37.852084],[-122.263553,37.852065],[-122.263621,37.852301],[-122.263639,37.85236],[-122.263658,37.852427],[-122.263516,37.852446],[-122.263406,37.852084]]]},"properties":{"APN":"16-1423-16","SitusAddress":"2204 WOOLSEY ST OAKLAND 94608"}},{"type":"Feature","geometry":{"type":"Polygon","coordinates":[[[-122.263516,37.852446],[-122.263373,37.852464],[-122.263264,37.852102],[-122.263406,37.852084],[-122.263516,37.852446]]]},"properties":{"APN":"16-1423-17","SitusAddress":"2206 WOOLSEY ST OAKLAND 94608"}},{"type":"Feature","geometry":{"type":"Polygon","coordinates":[[[-122.263121,37.852121],[-122.263264,37.852102],[-122.263373,37.852464],[-122.263231,37.852483],[-122.263138,37.852175],[-122.263121,37.852121],[-122.263121,37.852121]]]},"properties":{"APN":"16-1423-18","SitusAddress":"2212 WOOLSEY ST OAKLAND 94608"}},{"type":"Feature","geometry":{"type":"Polygon","coordinates":[[[-122.263027,37.852189],[-122.263138,37.852175],[-122.263231,37.852483],[-122.263091,37.852501],[-122.263027,37.852189]]]},"properties":{"APN":"16-1423-19","SitusAddress":"2214 WOOLSEY ST OAKLAND 94608"}},{"type":"Feature","geometry":{"type":"Polygon","coordinates":[[[-122.262906,37.852205],[-122.263027,37.852189],[-122.263091,37.852501],[-122.26297,37.852517],[-122.262906,37.852205]]]},"properties":{"APN":"16-1423-20","SitusAddress":"2218 WOOLSEY ST OAKLAND 94608"}},{"type":"Feature","geometry":{"type":"Polygon","coordinates":[[[-122.262827,37.852216],[-122.262906,37.852205],[-122.26297,37.852517],[-122.26285,37.852532],[-122.262787,37.852221],[-122.262827,37.852216]]]},"properties":{"APN":"16-1423-21","SitusAddress":"2222 WOOLSEY ST OAKLAND 94608"}},{"type":"Feature","geometry":{"type":"Polygon","coordinates":[[[-122.262667,37.852237],[-122.262787,37.852221],[-122.26285,37.852532],[-122.262731,37.852548],[-122.262667,37.852237]]]},"properties":{"APN":"16-1423-22","SitusAddress":"2226 WOOLSEY ST OAKLAND 94705"}},{"type":"Feature","geometry":{"type":"Polygon","coordinates":[[[-122.262625,37.852242],[-122.262667,37.852237],[-122.262731,37.852548],[-122.262611,37.852564],[-122.262548,37.852252],[-122.262625,37.852242]]]},"properties":{"APN":"16-1423-23","SitusAddress":"2230 WOOLSEY ST OAKLAND 94608"}},{"type":"Feature","geometry":{"type":"Polygon","coordinates":[[[-122.262428,37.852267],[-122.262453,37.852264],[-122.262548,37.852252],[-122.262611,37.852564],[-122.262492,37.852579],[-122.262428,37.852267]]]},"properties":{"APN":"16-1423-24","SitusAddress":"2234 WOOLSEY ST OAKLAND 94608"}},{"type":"Feature","geometry":{"type":"Polygon","coordinates":[[[-122.262308,37.852283],[-122.262428,37.852267],[-122.262492,37.852579],[-122.262372,37.852595],[-122.262308,37.852283]]]},"properties":{"APN":"16-1423-25","SitusAddress":"2238 WOOLSEY ST OAKLAND 94608"}},{"type":"Feature","geometry":{"type":"Polygon","coordinates":[[[-122.262237,37.852539],[-122.262237,37.852538],[-122.262234,37.852526],[-122.262233,37.852523],[-122.262215,37.852432],[-122.262196,37.852337],[-122.262212,37.852295],[-122.262308,37.852283],[-122.262372,37.852595],[-122.262251,37.852611],[-122.262237,37.852539]]]},"properties":{"APN":"16-1423-26","SitusAddress":"2242 WOOLSEY ST OAKLAND 94608"}},{"type":"Feature","geometry":{"type":"Polygon","coordinates":[[[-122.262827,37.852215],[-122.262765,37.852014],[-122.262769,37.852014],[-122.262703,37.851801],[-122.262874,37.851779],[-122.262956,37.852046],[-122.263092,37.852028],[-122.263093,37.852028],[-122.263121,37.852121],[-122.263121,37.852121],[-122.263121,37.852121],[-122.263138,37.852175],[-122.263027,37.852189],[-122.262906,37.852205],[-122.262827,37.852216],[-122.262827,37.852215]]]},"properties":{"APN":"16-1423-32","SitusAddress":" 66TH ST OAKLAND 94609"}},{"type":"Feature","geometry":{"type":"Polygon","coordinates":[[[-122.262316,37.851582],[-122.262736,37.851527],[-122.262765,37.851623],[-122.262345,37.851677],[-122.262316,37.851582]]]},"properties":{"APN":"16-1424-1-1","SitusAddress":"6528 RAYMOND ST OAKLAND 94609"}},{"type":"Feature","geometry":{"type":"Polygon","coordinates":[[[-122.262153,37.851355],[-122.262243,37.851343],[-122.262253,37.851376],[-122.262284,37.851478],[-122.262316,37.851582],[-122.262345,37.851677],[-122.262222,37.851692],[-122.262153,37.851355]]]},"properties":{"APN":"16-1424-2-1","SitusAddress":"567 66TH ST OAKLAND 94609"}},{"type":"Feature","geometry":{"type":"Polygon","coordinates":[[[-122.262043,37.851369],[-122.262043,37.851369],[-122.262153,37.851355],[-122.262222,37.851692],[-122.262112,37.851708],[-122.262112,37.851707],[-122.262111,37.851701],[-122.262043,37.851369]]]},"properties":{"APN":"16-1424-2-2","SitusAddress":"559 66TH ST OAKLAND 94609"}},{"type":"Feature","geometry":{"type":"Polygon","coordinates":[[[-122.26177,37.851404],[-122.261907,37.851387],[-122.261975,37.851724],[-122.261976,37.851726],[-122.261839,37.851742],[-122.26177,37.851404]]]},"properties":{"APN":"16-1424-4","SitusAddress":"555 66TH ST OAKLAND 94609"}},{"type":"Feature","geometry":{"type":"Polygon","coordinates":[[[-122.261633,37.851422],[-122.26177,37.851404],[-122.261839,37.851742],[-122.261702,37.851759],[-122.261633,37.851422]]]},"properties":{"APN":"16-1424-5","SitusAddress":"549 66TH ST OAKLAND 94609"}},{"type":"Feature","geometry":{"type":"Polygon","coordinates":[[[-122.261495,37.85144],[-122.261494,37.851433],[-122.261562,37.851424],[-122.261564,37.851431],[-122.261633,37.851422],[-122.261702,37.851759],[-122.261565,37.851777],[-122.261495,37.85144]]]},"properties":{"APN":"16-1424-6","SitusAddress":"545 66TH ST OAKLAND 94609"}},{"type":"Feature","geometry":{"type":"Polygon","coordinates":[[[-122.261403,37.851467],[-122.2614,37.851452],[-122.261495,37.85144],[-122.261565,37.851777],[-122.26147,37.851789],[-122.261403,37.851467]]]},"properties":{"APN":"16-1424-7","SitusAddress":"541 66TH ST OAKLAND 94609"}},{"type":"Feature","geometry":{"type":"Polygon","coordinates":[[[-122.261283,37.851483],[-122.261403,37.851467],[-122.26147,37.851789],[-122.26135,37.851804],[-122.261283,37.851483]]]},"properties":{"APN":"16-1424-8","SitusAddress":"537 66TH ST OAKLAND 94609"}},{"type":"Feature","geometry":{"type":"Polygon","coordinates":[[[-122.26135,37.851804],[-122.261242,37.851818],[-122.261175,37.851497],[-122.261283,37.851483],[-122.26135,37.851804]]]},"properties":{"APN":"16-1424-9","SitusAddress":"533 66TH ST OAKLAND 94609"}},{"type":"Feature","geometry":{"type":"Polygon","coordinates":[[[-122.260913,37.851559],[-122.260912,37.851556],[-122.260907,37.851532],[-122.260992,37.851521],[-122.261044,37.851514],[-122.261111,37.851835],[-122.260974,37.851853],[-122.260913,37.851559]]]},"properties":{"APN":"16-1424-11","SitusAddress":"525 66TH ST OAKLAND 94609"}},{"type":"Feature","geometry":{"type":"Polygon","coordinates":[[[-122.260794,37.851666],[-122.260776,37.851576],[-122.260818,37.851571],[-122.260913,37.851559],[-122.260974,37.851853],[-122.260837,37.85187],[-122.260794,37.851666]]]},"properties":{"APN":"16-1424-12","SitusAddress":"517 66TH ST OAKLAND 94609"}},{"type":"Feature","geometry":{"type":"Polygon","coordinates":[[[-122.260486,37.851706],[-122.260794,37.851666],[-122.260837,37.85187],[-122.260456,37.851919],[-122.260486,37.851706]]]},"properties":{"APN":"16-1424-13","SitusAddress":"6547 TELEGRAPH AVE OAKLAND 94609"}},{"type":"Feature","geometry":{"type":"Polygon","coordinates":[[[-122.260499,37.85161],[-122.2605,37.85161],[-122.260776,37.851574],[-122.260776,37.851576],[-122.260794,37.851666],[-122.260486,37.851706],[-122.260499,37.85161]]]},"properties":{"APN":"16-1424-14","SitusAddress":"6529 TELEGRAPH AVE OAKLAND 94609"}},{"type":"Feature","geometry":{"type":"Polygon","coordinates":[[[-122.260511,37.851523],[-122.260703,37.851498],[-122.260705,37.85151],[-122.260802,37.851497],[-122.260817,37.851569],[-122.260818,37.851571],[-122.260776,37.851576],[-122.260776,37.851574],[-122.2605,37.85161],[-122.260511,37.851523]]]},"properties":{"APN":"16-1424-15-2","SitusAddress":"6527 TELEGRAPH AVE OAKLAND 94609"}},{"type":"Feature","geometry":{"type":"Polygon","coordinates":[[[-122.260817,37.851569],[-122.260802,37.851497],[-122.260705,37.85151],[-122.260703,37.851498],[-122.260511,37.851523],[-122.260531,37.851383],[-122.260969,37.851324],[-122.260975,37.851324],[-122.260973,37.851338],[-122.260973,37.851338],[-122.260962,37.851422],[-122.260957,37.851456],[-122.260957,37.851457],[-122.260999,37.851451],[-122.261001,37.851451],[-122.260992,37.851521],[-122.260907,37.851532],[-122.260912,37.851556],[-122.260913,37.851559],[-122.260818,37.851571],[-122.260817,37.851569]]]},"properties":{"APN":"16-1424-16-4","SitusAddress":"6519 TELEGRAPH AVE OAKLAND 94609"}},{"type":"Feature","geometry":{"type":"Polygon","coordinates":[[[-122.260557,37.851193],[-122.261085,37.851123],[-122.2611,37.851204],[-122.261122,37.851317],[-122.26105,37.851326],[-122.261048,37.851313],[-122.260992,37.851321],[-122.260975,37.851324],[-122.260969,37.851324],[-122.260531,37.851383],[-122.260557,37.851193]]]},"properties":{"APN":"16-1424-17","SitusAddress":"6515 TELEGRAPH AVE OAKLAND 94609"}},{"type":"Feature","geometry":{"type":"Polygon","coordinates":[[[-122.260572,37.851085],[-122.260961,37.851033],[-122.261065,37.851019],[-122.261085,37.851123],[-122.260557,37.851193],[-122.260572,37.851085]]]},"properties":{"APN":"16-1424-18","SitusAddress":"6505 TELEGRAPH AVE OAKLAND 94609"}},{"type":"Feature","geometry":{"type":"Polygon","coordinates":[[[-122.260572,37.851085],[-122.260587,37.850977],[-122.260941,37.85093],[-122.260961,37.851033],[-122.260572,37.851085]]]},"properties":{"APN":"16-1424-19-2","SitusAddress":"6437 TELEGRAPH AVE OAKLAND 94609"}},{"type":"Feature","geometry":{"type":"Polygon","coordinates":[[[-122.260941,37.85093],[-122.260587,37.850977],[-122.260602,37.850872],[-122.260921,37.850829],[-122.260941,37.85093]]]},"properties":{"APN":"16-1424-19-3","SitusAddress":"6433 TELEGRAPH AVE OAKLAND 94609"}},{"type":"Feature","geometry":{"type":"Polygon","coordinates":[[[-122.260921,37.850829],[-122.261015,37.850817],[-122.2613,37.850779],[-122.261319,37.85088],[-122.260941,37.85093],[-122.260921,37.850829]]]},"properties":{"APN":"16-1424-20-3","SitusAddress":"6432 IRWIN CT OAKLAND 94609"}},{"type":"Feature","geometry":{"type":"Polygon","coordinates":[[[-122.260633,37.850645],[-122.260975,37.850599],[-122.260995,37.850708],[-122.261015,37.850817],[-122.260921,37.850829],[-122.260602,37.850872],[-122.260633,37.850645]]]},"properties":{"APN":"16-1424-21","SitusAddress":"6425 TELEGRAPH AVE OAKLAND 94609"}},{"type":"Feature","geometry":{"type":"Polygon","coordinates":[[[-122.261028,37.850218],[-122.261189,37.850197],[-122.261258,37.850562],[-122.260975,37.850599],[-122.261028,37.850218]]]},"properties":{"APN":"16-1424-22-3","SitusAddress":"6408 IRWIN CT OAKLAND 94609"}},{"type":"Feature","geometry":{"type":"Polygon","coordinates":[[[-122.261028,37.850218],[-122.260975,37.850599],[-122.260633,37.850645],[-122.260686,37.850264],[-122.261028,37.850218]]]},"properties":{"APN":"16-1424-22-5","SitusAddress":"6407 TELEGRAPH AVE OAKLAND 94609"}},{"type":"Feature","geometry":{"type":"Polygon","coordinates":[[[-122.260975,37.850599],[-122.261258,37.850562],[-122.261279,37.850671],[-122.260995,37.850708],[-122.260975,37.850599]]]},"properties":{"APN":"16-1424-23","SitusAddress":"6420 IRWIN CT OAKLAND 94609"}},{"type":"Feature","geometry":{"type":"Polygon","coordinates":[[[-122.260995,37.850708],[-122.261279,37.850671],[-122.2613,37.850779],[-122.261015,37.850817],[-122.260995,37.850708]]]},"properties":{"APN":"16-1424-24","SitusAddress":"6428 IRWIN CT OAKLAND 94609"}},{"type":"Feature","geometry":{"type":"Polygon","coordinates":[[[-122.260941,37.85093],[-122.261319,37.85088],[-122.261338,37.850983],[-122.261065,37.851019],[-122.260961,37.851033],[-122.260941,37.85093]]]},"properties":{"APN":"16-1424-25-1","SitusAddress":"6436 IRWIN CT OAKLAND 94609"}},{"type":"Feature","geometry":{"type":"Polygon","coordinates":[[[-122.261065,37.851019],[-122.261338,37.850983],[-122.261358,37.851087],[-122.261085,37.851123],[-122.261065,37.851019]]]},"properties":{"APN":"16-1424-26","SitusAddress":"6440 IRWIN CT OAKLAND 94609"}},{"type":"Feature","geometry":{"type":"Polygon","coordinates":[[[-122.261085,37.851123],[-122.261358,37.851087],[-122.261374,37.851168],[-122.2611,37.851204],[-122.261085,37.851123]]]},"properties":{"APN":"16-1424-27","SitusAddress":"6444 IRWIN CT OAKLAND 94609"}},{"type":"Feature","geometry":{"type":"Polygon","coordinates":[[[-122.2611,37.851204],[-122.261374,37.851168],[-122.261395,37.851279],[-122.261122,37.851317],[-122.2611,37.851204]]]},"properties":{"APN":"16-1424-28","SitusAddress":"6448 IRWIN CT OAKLAND 94609"}},{"type":"Feature","geometry":{"type":"Polygon","coordinates":[[[-122.260962,37.851422],[-122.260973,37.851338],[-122.260973,37.851338],[-122.260975,37.851324],[-122.260992,37.851321],[-122.261048,37.851313],[-122.26105,37.851326],[-122.261122,37.851317],[-122.261395,37.851279],[-122.261463,37.85127],[-122.261479,37.851354],[-122.260962,37.851422]]]},"properties":{"APN":"16-1424-29-1","SitusAddress":"6454 IRWIN CT OAKLAND 94609"}},{"type":"Feature","geometry":{"type":"Polygon","coordinates":[[[-122.260962,37.851422],[-122.261479,37.851354],[-122.261494,37.851433],[-122.261495,37.85144],[-122.2614,37.851452],[-122.261403,37.851467],[-122.261283,37.851483],[-122.261175,37.851497],[-122.261044,37.851514],[-122.260992,37.851521],[-122.261001,37.851451],[-122.260999,37.851451],[-122.260957,37.851457],[-122.260957,37.851456],[-122.260962,37.851422]]]},"properties":{"APN":"16-1424-30","SitusAddress":"6456 IRWIN CT OAKLAND 94609"}},{"type":"Feature","geometry":{"type":"Polygon","coordinates":[[[-122.261479,37.851354],[-122.261991,37.851285],[-122.261974,37.851201],[-122.262191,37.851173],[-122.262222,37.851274],[-122.262243,37.851343],[-122.262153,37.851355],[-122.262043,37.851369],[-122.262043,37.851369],[-122.262043,37.851369],[-122.261907,37.851387],[-122.26177,37.851404],[-122.261633,37.851422],[-122.261564,37.851431],[-122.261562,37.851424],[-122.261494,37.851433],[-122.261479,37.851354]]]},"properties":{"APN":"16-1424-31","SitusAddress":"6457 IRWIN CT OAKLAND 94609"}},{"type":"Feature","geometry":{"type":"Polygon","coordinates":[[[-122.261463,37.85127],[-122.261531,37.851261],[-122.261804,37.851224],[-122.261974,37.851201],[-122.261991,37.851285],[-122.261479,37.851354],[-122.261463,37.85127]]]},"properties":{"APN":"16-1424-32","SitusAddress":"6455 IRWIN CT OAKLAND 94609"}},{"type":"Feature","geometry":{"type":"Polygon","coordinates":[[[-122.261514,37.851169],[-122.261787,37.851133],[-122.261804,37.851224],[-122.261531,37.851261],[-122.261514,37.851169]]]},"properties":{"APN":"16-1424-33","SitusAddress":"6451 IRWIN CT OAKLAND 94609"}},{"type":"Feature","geometry":{"type":"Polygon","coordinates":[[[-122.261497,37.851079],[-122.26177,37.851043],[-122.261787,37.851133],[-122.261514,37.851169],[-122.261497,37.851079]]]},"properties":{"APN":"16-1424-34","SitusAddress":"6445 IRWIN CT OAKLAND 94609"}},{"type":"Feature","geometry":{"type":"Polygon","coordinates":[[[-122.26148,37.85099],[-122.261753,37.850953],[-122.26177,37.851043],[-122.261497,37.851079],[-122.26148,37.85099]]]},"properties":{"APN":"16-1424-35","SitusAddress":"6441 IRWIN CT OAKLAND 94609"}},{"type":"Feature","geometry":{"type":"Polygon","coordinates":[[[-122.26148,37.85099],[-122.261463,37.8509],[-122.261736,37.850864],[-122.261753,37.850953],[-122.26148,37.85099]]]},"properties":{"APN":"16-1424-36","SitusAddress":"6435 IRWIN CT OAKLAND 94609"}},{"type":"Feature","geometry":{"type":"Polygon","coordinates":[[[-122.261412,37.850631],[-122.261685,37.850595],[-122.261702,37.850685],[-122.261429,37.850721],[-122.261412,37.850631]]]},"properties":{"APN":"16-1424-38","SitusAddress":"6425 IRWIN CT OAKLAND 94609"}},{"type":"Feature","geometry":{"type":"Polygon","coordinates":[[[-122.261394,37.850539],[-122.261667,37.850503],[-122.261685,37.850595],[-122.261412,37.850631],[-122.261394,37.850539]]]},"properties":{"APN":"16-1424-39","SitusAddress":"6417 IRWIN CT OAKLAND 94609"}},{"type":"Feature","geometry":{"type":"Polygon","coordinates":[[[-122.261377,37.850449],[-122.26165,37.850413],[-122.261667,37.850503],[-122.261394,37.850539],[-122.261377,37.850449]]]},"properties":{"APN":"16-1424-40","SitusAddress":"6415 IRWIN CT OAKLAND 94609"}},{"type":"Feature","geometry":{"type":"Polygon","coordinates":[[[-122.261599,37.850143],[-122.26165,37.850413],[-122.261377,37.850449],[-122.261326,37.850179],[-122.261599,37.850143]]]},"properties":{"APN":"16-1424-41","SitusAddress":"6401 IRWIN CT OAKLAND 94609"}},{"type":"Feature","geometry":{"type":"Polygon","coordinates":[[[-122.261787,37.851133],[-122.26177,37.851043],[-122.261753,37.850953],[-122.261736,37.850864],[-122.261719,37.850774],[-122.261702,37.850685],[-122.261685,37.850595],[-122.261667,37.850503],[-122.26165,37.850413],[-122.261599,37.850143],[-122.261865,37.850108],[-122.261966,37.850437],[-122.262003,37.850557],[-122.262035,37.850664],[-122.262068,37.850771],[-122.262101,37.850878],[-122.262133,37.850984],[-122.262166,37.851091],[-122.262191,37.851173],[-122.261974,37.851201],[-122.261804,37.851224],[-122.261787,37.851133]]]},"properties":{"APN":"16-1424-42","SitusAddress":"540 ALCATRAZ AVE OAKLAND 94609"}},{"type":"Feature","geometry":{"type":"Polygon","coordinates":[[[-122.261865,37.850108],[-122.262011,37.850088],[-122.262108,37.85041],[-122.261966,37.850437],[-122.261865,37.850108]]]},"properties":{"APN":"16-1424-43","SitusAddress":"548 ALCATRAZ AVE OAKLAND 94609"}},{"type":"Feature","geometry":{"type":"Polygon","coordinates":[[[-122.262011,37.850088],[-122.262148,37.85007],[-122.262214,37.850289],[-122.262222,37.850317],[-122.262185,37.850324],[-122.262205,37.850391],[-122.262108,37.85041],[-122.262011,37.850088]]]},"properties":{"APN":"16-1424-44-2","SitusAddress":"554 ALCATRAZ AVE OAKLAND 94609"}},{"type":"Feature","geometry":{"type":"Polygon","coordinates":[[[-122.262148,37.85007],[-122.262284,37.850052],[-122.262349,37.850263],[-122.262214,37.850289],[-122.262148,37.85007]]]},"properties":{"APN":"16-1424-45","SitusAddress":"556 ALCATRAZ AVE OAKLAND 94609"}},{"type":"Feature","geometry":{"type":"Polygon","coordinates":[[[-122.262214,37.850289],[-122.262349,37.850263],[-122.262378,37.850358],[-122.262205,37.850391],[-122.262185,37.850324],[-122.262222,37.850317],[-122.262214,37.850289]]]},"properties":{"APN":"16-1424-46-1","SitusAddress":"6412 RAYMOND ST OAKLAND 94609"}},{"type":"Feature","geometry":{"type":"Polygon","coordinates":[[[-122.261966,37.850437],[-122.262108,37.85041],[-122.262205,37.850391],[-122.262378,37.850358],[-122.262415,37.850478],[-122.262003,37.850557],[-122.261966,37.850437]]]},"properties":{"APN":"16-1424-47","SitusAddress":"6434 RAYMOND ST OAKLAND 94609"}},{"type":"Feature","geometry":{"type":"Polygon","coordinates":[[[-122.262003,37.850557],[-122.262415,37.850478],[-122.262447,37.850585],[-122.262035,37.850664],[-122.262003,37.850557]]]},"properties":{"APN":"16-1424-48","SitusAddress":"6442 RAYMOND ST OAKLAND 94609"}},{"type":"Feature","geometry":{"type":"Polygon","coordinates":[[[-122.262035,37.850664],[-122.262447,37.850585],[-122.26248,37.850691],[-122.262068,37.850771],[-122.262035,37.850664]]]},"properties":{"APN":"16-1424-49","SitusAddress":"6450 RAYMOND ST OAKLAND 94609"}},{"type":"Feature","geometry":{"type":"Polygon","coordinates":[[[-122.262068,37.850771],[-122.26248,37.850691],[-122.262513,37.850798],[-122.262101,37.850878],[-122.262068,37.850771]]]},"properties":{"APN":"16-1424-50","SitusAddress":"6458 RAYMOND ST OAKLAND 94609"}},{"type":"Feature","geometry":{"type":"Polygon","coordinates":[[[-122.262101,37.850878],[-122.262513,37.850798],[-122.262545,37.850905],[-122.262133,37.850984],[-122.262101,37.850878]]]},"properties":{"APN":"16-1424-51","SitusAddress":"6500 RAYMOND ST OAKLAND 94609"}},{"type":"Feature","geometry":{"type":"Polygon","coordinates":[[[-122.262166,37.851091],[-122.262133,37.850984],[-122.262545,37.850905],[-122.262578,37.851012],[-122.262166,37.851091]]]},"properties":{"APN":"16-1424-52","SitusAddress":"6504 RAYMOND ST OAKLAND 94609"}},{"type":"Feature","geometry":{"type":"Polygon","coordinates":[[[-122.262166,37.851091],[-122.262578,37.851012],[-122.262611,37.851118],[-122.262191,37.851173],[-122.262166,37.851091]]]},"properties":{"APN":"16-1424-53","SitusAddress":"6508 RAYMOND ST OAKLAND 94609"}},{"type":"Feature","geometry":{"type":"Polygon","coordinates":[[[-122.262191,37.851173],[-122.262611,37.851118],[-122.262642,37.85122],[-122.262222,37.851274],[-122.262191,37.851173]]]},"properties":{"APN":"16-1424-54","SitusAddress":"6510 RAYMOND ST OAKLAND 94609"}},{"type":"Feature","geometry":{"type":"Polygon","coordinates":[[[-122.262243,37.851343],[-122.262222,37.851274],[-122.262642,37.85122],[-122.262673,37.851321],[-122.262253,37.851376],[-122.262243,37.851343]]]},"properties":{"APN":"16-1424-55","SitusAddress":"6514 RAYMOND ST OAKLAND 94609"}},{"type":"Feature","geometry":{"type":"Polygon","coordinates":[[[-122.262253,37.851376],[-122.262673,37.851321],[-122.262704,37.851423],[-122.262284,37.851478],[-122.262253,37.851376]]]},"properties":{"APN":"16-1424-56","SitusAddress":"6518 RAYMOND ST OAKLAND 94609"}},{"type":"Feature","geometry":{"type":"Polygon","coordinates":[[[-122.262284,37.851478],[-122.262704,37.851423],[-122.262736,37.851527],[-122.262316,37.851582],[-122.262284,37.851478]]]},"properties":{"APN":"16-1424-57-1","SitusAddress":"6522 RAYMOND ST OAKLAND 94609"}},{"type":"Feature","geometry":{"type":"Polygon","coordinates":[[[-122.261044,37.851514],[-122.261175,37.851497],[-122.261242,37.851818],[-122.261111,37.851835],[-122.261044,37.851514]]]},"properties":{"APN":"16-1424-60","SitusAddress":"527 66TH ST OAKLAND 94609"}},{"type":"Feature","geometry":{"type":"Polygon","coordinates":[[[-122.261907,37.851387],[-122.262043,37.851369],[-122.262043,37.851369],[-122.262111,37.851701],[-122.262112,37.851707],[-122.262112,37.851708],[-122.261976,37.851726],[-122.261975,37.851724],[-122.261907,37.851387]]]},"properties":{"APN":"16-1424-66","SitusAddress":"557 66TH ST OAKLAND 94609"}},{"type":"Feature","geometry":{"type":"Polygon","coordinates":[[[-122.261429,37.850721],[-122.261702,37.850685],[-122.261719,37.850774],[-122.261446,37.850811],[-122.261429,37.850721]]]},"properties":{"APN":"16-1424-67","SitusAddress":"6429 IRWIN CT OAKLAND 94609"}},{"type":"Feature","geometry":{"type":"Polygon","coordinates":[[[-122.261446,37.850811],[-122.261719,37.850774],[-122.261736,37.850864],[-122.261463,37.8509],[-122.261463,37.8509],[-122.261446,37.850811]]]},"properties":{"APN":"16-1424-68","SitusAddress":"6433 IRWIN CT OAKLAND 94609"}},{"type":"Feature","geometry":{"type":"Polygon","coordinates":[[[-122.263796,37.851521],[-122.263708,37.851533],[-122.263674,37.851372],[-122.263659,37.851306],[-122.263671,37.851304],[-122.263748,37.851294],[-122.263796,37.851521]]]},"properties":{"APN":"16-1425-1","SitusAddress":"630 FAIRVIEW ST OAKLAND 94609"}},{"type":"Feature","geometry":{"type":"Polygon","coordinates":[[[-122.263884,37.85151],[-122.263796,37.851521],[-122.263748,37.851294],[-122.263836,37.851282],[-122.263884,37.85151]]]},"properties":{"APN":"16-1425-2","SitusAddress":"634 FAIRVIEW ST OAKLAND 94609"}},{"type":"Feature","geometry":{"type":"Polygon","coordinates":[[[-122.263836,37.851282],[-122.263972,37.851264],[-122.264021,37.851492],[-122.263924,37.851504],[-122.263884,37.85151],[-122.263836,37.851282]]]},"properties":{"APN":"16-1425-3","SitusAddress":"638 FAIRVIEW ST OAKLAND 94609"}},{"type":"Feature","geometry":{"type":"Polygon","coordinates":[[[-122.263972,37.851264],[-122.264109,37.851246],[-122.264157,37.851474],[-122.264061,37.851486],[-122.264021,37.851492],[-122.263972,37.851264]]]},"properties":{"APN":"16-1425-4","SitusAddress":"642 FAIRVIEW ST OAKLAND 94609"}},{"type":"Feature","geometry":{"type":"Polygon","coordinates":[[[-122.264109,37.851246],[-122.264246,37.851228],[-122.264294,37.851455],[-122.26418,37.85147],[-122.264157,37.851474],[-122.264109,37.851246]]]},"properties":{"APN":"16-1425-5","SitusAddress":"646 FAIRVIEW ST OAKLAND 94609"}},{"type":"Feature","geometry":{"type":"Polygon","coordinates":[[[-122.264246,37.851228],[-122.264348,37.851214],[-122.264396,37.851442],[-122.2643,37.851455],[-122.264294,37.851455],[-122.264246,37.851228]]]},"properties":{"APN":"16-1425-6","SitusAddress":"650 FAIRVIEW ST OAKLAND 94609"}},{"type":"Feature","geometry":{"type":"Polygon","coordinates":[[[-122.264348,37.851214],[-122.264451,37.851201],[-122.264499,37.851428],[-122.264419,37.851439],[-122.264396,37.851442],[-122.264348,37.851214]]]},"properties":{"APN":"16-1425-7","SitusAddress":"654 FAIRVIEW ST OAKLAND 94609"}},{"type":"Feature","geometry":{"type":"Polygon","coordinates":[[[-122.264451,37.851201],[-122.264553,37.851187],[-122.264601,37.851415],[-122.264539,37.851423],[-122.264499,37.851428],[-122.264451,37.851201]]]},"properties":{"APN":"16-1425-8","SitusAddress":"658 FAIRVIEW ST OAKLAND 94609"}},{"type":"Feature","geometry":{"type":"Polygon","coordinates":[[[-122.264553,37.851187],[-122.264656,37.851174],[-122.264704,37.851401],[-122.264659,37.851407],[-122.264601,37.851415],[-122.264553,37.851187]]]},"properties":{"APN":"16-1425-9","SitusAddress":"662 FAIRVIEW ST OAKLAND 94609"}},{"type":"Feature","geometry":{"type":"Polygon","coordinates":[[[-122.264778,37.851391],[-122.264704,37.851401],[-122.264656,37.851174],[-122.264758,37.85116],[-122.264806,37.851388],[-122.264778,37.851391]]]},"properties":{"APN":"16-1425-10","SitusAddress":"666 FAIRVIEW ST OAKLAND 94609"}},{"type":"Feature","geometry":{"type":"Polygon","coordinates":[[[-122.264758,37.85116],[-122.264861,37.851147],[-122.264909,37.851374],[-122.264898,37.851375],[-122.264806,37.851388],[-122.264758,37.85116]]]},"properties":{"APN":"16-1425-11","SitusAddress":"670 FAIRVIEW ST OAKLAND 94609"}},{"type":"Feature","geometry":{"type":"Polygon","coordinates":[[[-122.265011,37.85136],[-122.264909,37.851374],[-122.264861,37.851147],[-122.264963,37.851133],[-122.265011,37.85136]]]},"properties":{"APN":"16-1425-12","SitusAddress":"674 FAIRVIEW ST OAKLAND 94609"}},{"type":"Feature","geometry":{"type":"Polygon","coordinates":[[[-122.264963,37.851133],[-122.265066,37.851119],[-122.265114,37.851347],[-122.265017,37.85136],[-122.265011,37.85136],[-122.264963,37.851133]]]},"properties":{"APN":"16-1425-13","SitusAddress":"678 FAIRVIEW ST OAKLAND 94609"}},{"type":"Feature","geometry":{"type":"Polygon","coordinates":[[[-122.265066,37.851119],[-122.265202,37.851101],[-122.26525,37.851329],[-122.265137,37.851344],[-122.265114,37.851347],[-122.265066,37.851119]]]},"properties":{"APN":"16-1425-14","SitusAddress":"682 FAIRVIEW ST OAKLAND 94609"}},{"type":"Feature","geometry":{"type":"Polygon","coordinates":[[[-122.265202,37.851101],[-122.265339,37.851083],[-122.265387,37.851311],[-122.265376,37.851312],[-122.265256,37.851328],[-122.26525,37.851329],[-122.265202,37.851101]]]},"properties":{"APN":"16-1425-15","SitusAddress":"684 FAIRVIEW ST OAKLAND 94609"}},{"type":"Feature","geometry":{"type":"Polygon","coordinates":[[[-122.265339,37.851083],[-122.265475,37.851065],[-122.265524,37.851293],[-122.265496,37.851296],[-122.265387,37.851311],[-122.265339,37.851083]]]},"properties":{"APN":"16-1425-16","SitusAddress":"688 FAIRVIEW ST OAKLAND 94609"}},{"type":"Feature","geometry":{"type":"Polygon","coordinates":[[[-122.265524,37.851293],[-122.265475,37.851065],[-122.265655,37.851041],[-122.265696,37.851278],[-122.265662,37.851283],[-122.265526,37.851301],[-122.265524,37.851293]]]},"properties":{"APN":"16-1425-17","SitusAddress":"694 FAIRVIEW ST OAKLAND 94609"}},{"type":"Feature","geometry":{"type":"Polygon","coordinates":[[[-122.265655,37.851041],[-122.265835,37.851018],[-122.265866,37.851256],[-122.265696,37.851278],[-122.265655,37.851041]]]},"properties":{"APN":"16-1425-18","SitusAddress":"6556 SHATTUCK AVE OAKLAND 94609"}},{"type":"Feature","geometry":{"type":"Polygon","coordinates":[[[-122.265662,37.851283],[-122.265696,37.851278],[-122.265866,37.851256],[-122.265903,37.851529],[-122.265698,37.851557],[-122.265662,37.851283]]]},"properties":{"APN":"16-1425-19","SitusAddress":"6562 SHATTUCK AVE OAKLAND 94609"}},{"type":"Feature","geometry":{"type":"Polygon","coordinates":[[[-122.265496,37.851296],[-122.265524,37.851293],[-122.265526,37.851301],[-122.265662,37.851283],[-122.265698,37.851557],[-122.265554,37.851576],[-122.265496,37.851296]]]},"properties":{"APN":"16-1425-20","SitusAddress":"689 66TH ST OAKLAND 94609"}},{"type":"Feature","geometry":{"type":"Polygon","coordinates":[[[-122.265376,37.851312],[-122.265387,37.851311],[-122.265496,37.851296],[-122.265554,37.851576],[-122.265434,37.851591],[-122.265376,37.851312]]]},"properties":{"APN":"16-1425-21","SitusAddress":"683 66TH ST OAKLAND 94609"}},{"type":"Feature","geometry":{"type":"Polygon","coordinates":[[[-122.265256,37.851328],[-122.265376,37.851312],[-122.265434,37.851591],[-122.265314,37.851607],[-122.265256,37.851328]]]},"properties":{"APN":"16-1425-22","SitusAddress":"679 66TH ST OAKLAND 94609"}},{"type":"Feature","geometry":{"type":"Polygon","coordinates":[[[-122.265137,37.851344],[-122.26525,37.851329],[-122.265256,37.851328],[-122.265314,37.851607],[-122.265195,37.851623],[-122.265137,37.851344]]]},"properties":{"APN":"16-1425-23","SitusAddress":"675 66TH ST OAKLAND 94609"}},{"type":"Feature","geometry":{"type":"Polygon","coordinates":[[[-122.265017,37.85136],[-122.265114,37.851347],[-122.265137,37.851344],[-122.265195,37.851623],[-122.265075,37.851639],[-122.265017,37.85136]]]},"properties":{"APN":"16-1425-24","SitusAddress":"671 66TH ST OAKLAND 94609"}},{"type":"Feature","geometry":{"type":"Polygon","coordinates":[[[-122.264898,37.851375],[-122.264909,37.851374],[-122.265011,37.85136],[-122.265017,37.85136],[-122.265075,37.851639],[-122.264956,37.851655],[-122.264898,37.851375]]]},"properties":{"APN":"16-1425-25","SitusAddress":"667 66TH ST OAKLAND 94609"}},{"type":"Feature","geometry":{"type":"Polygon","coordinates":[[[-122.264778,37.851391],[-122.264806,37.851388],[-122.264898,37.851375],[-122.264956,37.851655],[-122.264836,37.851671],[-122.264778,37.851391]]]},"properties":{"APN":"16-1425-26","SitusAddress":"663 66TH ST OAKLAND 94609"}},{"type":"Feature","geometry":{"type":"Polygon","coordinates":[[[-122.264659,37.851407],[-122.264704,37.851401],[-122.264778,37.851391],[-122.264836,37.851671],[-122.264717,37.851686],[-122.264659,37.851407]]]},"properties":{"APN":"16-1425-27","SitusAddress":"659 66TH ST OAKLAND 94609"}},{"type":"Feature","geometry":{"type":"Polygon","coordinates":[[[-122.264717,37.851686],[-122.264597,37.851702],[-122.264539,37.851423],[-122.264601,37.851415],[-122.264659,37.851407],[-122.264717,37.851686]]]},"properties":{"APN":"16-1425-28","SitusAddress":"655 66TH ST OAKLAND 94609"}},{"type":"Feature","geometry":{"type":"Polygon","coordinates":[[[-122.264419,37.851439],[-122.264499,37.851428],[-122.264539,37.851423],[-122.264597,37.851702],[-122.264477,37.851718],[-122.264419,37.851439]]]},"properties":{"APN":"16-1425-29","SitusAddress":"651 66TH ST OAKLAND 94609"}},{"type":"Feature","geometry":{"type":"Polygon","coordinates":[[[-122.2643,37.851455],[-122.264396,37.851442],[-122.264419,37.851439],[-122.264477,37.851718],[-122.264358,37.851734],[-122.2643,37.851455]]]},"properties":{"APN":"16-1425-30","SitusAddress":"647 66TH ST OAKLAND 94609"}},{"type":"Feature","geometry":{"type":"Polygon","coordinates":[[[-122.26418,37.85147],[-122.264294,37.851455],[-122.2643,37.851455],[-122.264358,37.851734],[-122.264238,37.85175],[-122.26418,37.85147]]]},"properties":{"APN":"16-1425-31","SitusAddress":"643 66TH ST OAKLAND 94609"}},{"type":"Feature","geometry":{"type":"Polygon","coordinates":[[[-122.264061,37.851486],[-122.264157,37.851474],[-122.26418,37.85147],[-122.264238,37.85175],[-122.26417,37.851759],[-122.264159,37.85176],[-122.264153,37.851761],[-122.264147,37.851762],[-122.264141,37.851763],[-122.264134,37.851763],[-122.264128,37.851764],[-122.264122,37.851764],[-122.264118,37.851764],[-122.264061,37.851486]]]},"properties":{"APN":"16-1425-32","SitusAddress":"639 66TH ST OAKLAND 94609"}},{"type":"Feature","geometry":{"type":"Polygon","coordinates":[[[-122.263974,37.851747],[-122.263924,37.851504],[-122.264021,37.851492],[-122.264061,37.851486],[-122.264118,37.851764],[-122.264116,37.851764],[-122.264109,37.851765],[-122.264103,37.851765],[-122.264097,37.851765],[-122.264091,37.851765],[-122.264084,37.851764],[-122.264078,37.851764],[-122.264072,37.851764],[-122.264066,37.851764],[-122.264059,37.851763],[-122.264053,37.851762],[-122.264047,37.851762],[-122.264041,37.851761],[-122.264034,37.85176],[-122.264028,37.851759],[-122.264022,37.851758],[-122.264016,37.851757],[-122.26401,37.851756],[-122.264004,37.851755],[-122.263998,37.851753],[-122.263992,37.851752],[-122.263986,37.851751],[-122.26398,37.851749],[-122.263974,37.851747]]]},"properties":{"APN":"16-1425-33","SitusAddress":"635 66TH ST OAKLAND 94609"}},{"type":"Feature","geometry":{"type":"Polygon","coordinates":[[[-122.263939,37.851736],[-122.263736,37.851664],[-122.263708,37.851533],[-122.263796,37.851521],[-122.263884,37.85151],[-122.263924,37.851504],[-122.263974,37.851747],[-122.263968,37.851745],[-122.263962,37.851744],[-122.263956,37.851742],[-122.263951,37.85174],[-122.263945,37.851738],[-122.263939,37.851736]]]},"properties":{"APN":"16-1425-34","SitusAddress":"629 66TH ST OAKLAND 94609"}},{"type":"Feature","geometry":{"type":"Polygon","coordinates":[[[-122.263566,37.851604],[-122.26352,37.851392],[-122.263674,37.851372],[-122.263708,37.851533],[-122.263736,37.851664],[-122.263566,37.851604]]]},"properties":{"APN":"16-1425-35","SitusAddress":"621 66TH ST OAKLAND 94609"}},{"type":"Feature","geometry":{"type":"Polygon","coordinates":[[[-122.26339,37.851542],[-122.26336,37.851443],[-122.263351,37.851414],[-122.26352,37.851392],[-122.263566,37.851604],[-122.26339,37.851542]]]},"properties":{"APN":"16-1425-36","SitusAddress":"617 66TH ST OAKLAND 94609"}},{"type":"Feature","geometry":{"type":"Polygon","coordinates":[[[-122.263553,37.852065],[-122.263452,37.851714],[-122.263657,37.851786],[-122.26375,37.852248],[-122.263621,37.852301],[-122.263553,37.852065]]]},"properties":{"APN":"16-1425-37","SitusAddress":"618 66TH ST OAKLAND 94609"}},{"type":"Feature","geometry":{"type":"Polygon","coordinates":[[[-122.263657,37.851786],[-122.263775,37.851828],[-122.263848,37.852208],[-122.263818,37.85222],[-122.26375,37.852248],[-122.263657,37.851786]]]},"properties":{"APN":"16-1425-38","SitusAddress":"622 66TH ST OAKLAND 94609"}},{"type":"Feature","geometry":{"type":"Polygon","coordinates":[[[-122.263775,37.851828],[-122.263866,37.85186],[-122.263875,37.851863],[-122.263883,37.851866],[-122.263891,37.851869],[-122.263953,37.852165],[-122.263937,37.852172],[-122.263848,37.852208],[-122.263775,37.851828]]]},"properties":{"APN":"16-1425-39","SitusAddress":"626 66TH ST OAKLAND 94609"}},{"type":"Feature","geometry":{"type":"Polygon","coordinates":[[[-122.263953,37.852165],[-122.263891,37.851869],[-122.2639,37.851872],[-122.263909,37.851875],[-122.263918,37.851877],[-122.263926,37.85188],[-122.263935,37.851882],[-122.263944,37.851884],[-122.263953,37.851886],[-122.263962,37.851888],[-122.263971,37.85189],[-122.26398,37.851892],[-122.263989,37.851893],[-122.263998,37.851895],[-122.264005,37.851896],[-122.264068,37.852196],[-122.264065,37.852196],[-122.263983,37.852207],[-122.263972,37.852158],[-122.263953,37.852165]]]},"properties":{"APN":"16-1425-40","SitusAddress":"630 66TH ST OAKLAND 94609"}},{"type":"Feature","geometry":{"type":"Polygon","coordinates":[[[-122.264005,37.851896],[-122.264008,37.851896],[-122.264017,37.851897],[-122.264026,37.851898],[-122.264035,37.851899],[-122.264044,37.8519],[-122.264054,37.851901],[-122.264063,37.851901],[-122.264072,37.851902],[-122.264081,37.851902],[-122.264091,37.851902],[-122.2641,37.851902],[-122.264109,37.851902],[-122.264119,37.851902],[-122.264128,37.851901],[-122.264129,37.851901],[-122.264188,37.85218],[-122.264068,37.852196],[-122.264005,37.851896]]]},"properties":{"APN":"16-1425-41","SitusAddress":"634 66TH ST OAKLAND 94609"}},{"type":"Feature","geometry":{"type":"Polygon","coordinates":[[[-122.264201,37.851894],[-122.264249,37.851888],[-122.264307,37.852164],[-122.264235,37.852173],[-122.264235,37.852173],[-122.264188,37.85218],[-122.264129,37.851901],[-122.264137,37.851901],[-122.264147,37.8519],[-122.264156,37.851899],[-122.264165,37.851899],[-122.264174,37.851898],[-122.264183,37.851896],[-122.264201,37.851894]]]},"properties":{"APN":"16-1425-42","SitusAddress":"638 66TH ST OAKLAND 94609"}},{"type":"Feature","geometry":{"type":"Polygon","coordinates":[[[-122.264249,37.851888],[-122.264369,37.851872],[-122.264427,37.852148],[-122.26441,37.85215],[-122.264307,37.852164],[-122.264249,37.851888]]]},"properties":{"APN":"16-1425-43","SitusAddress":"642 66TH ST OAKLAND 94609"}},{"type":"Feature","geometry":{"type":"Polygon","coordinates":[[[-122.264369,37.851872],[-122.264506,37.851854],[-122.264563,37.85213],[-122.264495,37.852139],[-122.264427,37.852148],[-122.264369,37.851872]]]},"properties":{"APN":"16-1425-44","SitusAddress":"646 66TH ST OAKLAND 94609"}},{"type":"Feature","geometry":{"type":"Polygon","coordinates":[[[-122.264506,37.851854],[-122.264625,37.851838],[-122.264683,37.852114],[-122.264666,37.852116],[-122.264563,37.85213],[-122.264506,37.851854]]]},"properties":{"APN":"16-1425-45","SitusAddress":"650 66TH ST OAKLAND 94609"}},{"type":"Feature","geometry":{"type":"Polygon","coordinates":[[[-122.264625,37.851838],[-122.264745,37.851822],[-122.264803,37.852098],[-122.264683,37.852114],[-122.264625,37.851838]]]},"properties":{"APN":"16-1425-46","SitusAddress":"654 66TH ST OAKLAND 94609"}},{"type":"Feature","geometry":{"type":"Polygon","coordinates":[[[-122.264837,37.852094],[-122.264803,37.852098],[-122.264745,37.851822],[-122.264864,37.851806],[-122.264922,37.852082],[-122.264837,37.852094]]]},"properties":{"APN":"16-1425-47","SitusAddress":"658 66TH ST OAKLAND 94609"}},{"type":"Feature","geometry":{"type":"Polygon","coordinates":[[[-122.264864,37.851806],[-122.264984,37.85179],[-122.265042,37.852067],[-122.265008,37.852071],[-122.264922,37.852082],[-122.264864,37.851806]]]},"properties":{"APN":"16-1425-48","SitusAddress":"662 66TH ST OAKLAND 94609"}},{"type":"Feature","geometry":{"type":"Polygon","coordinates":[[[-122.264984,37.85179],[-122.265104,37.851774],[-122.265161,37.852051],[-122.265042,37.852067],[-122.264984,37.85179]]]},"properties":{"APN":"16-1425-49","SitusAddress":"666 66TH ST OAKLAND 94609"}},{"type":"Feature","geometry":{"type":"Polygon","coordinates":[[[-122.265104,37.851774],[-122.265309,37.851747],[-122.265366,37.852024],[-122.265178,37.852049],[-122.265161,37.852051],[-122.265104,37.851774]]]},"properties":{"APN":"16-1425-50","SitusAddress":"670 66TH ST OAKLAND 94609"}},{"type":"Feature","geometry":{"type":"Polygon","coordinates":[[[-122.265309,37.851747],[-122.265462,37.851727],[-122.265489,37.851854],[-122.265511,37.851963],[-122.26552,37.852003],[-122.265366,37.852024],[-122.265309,37.851747]]]},"properties":{"APN":"16-1425-51","SitusAddress":"674 66TH ST OAKLAND 94609"}},{"type":"Feature","geometry":{"type":"Polygon","coordinates":[[[-122.26564,37.851834],[-122.265489,37.851854],[-122.265462,37.851727],[-122.265614,37.851707],[-122.26564,37.851834]]]},"properties":{"APN":"16-1425-52","SitusAddress":"680 66TH ST OAKLAND 94609"}},{"type":"Feature","geometry":{"type":"Polygon","coordinates":[[[-122.265614,37.851707],[-122.265771,37.851686],[-122.265788,37.851815],[-122.26564,37.851834],[-122.265614,37.851707]]]},"properties":{"APN":"16-1425-53-1","SitusAddress":"688 66TH ST OAKLAND 94609"}},{"type":"Feature","geometry":{"type":"Polygon","coordinates":[[[-122.265771,37.851686],[-122.265921,37.851666],[-122.265939,37.851795],[-122.265788,37.851815],[-122.265771,37.851686]]]},"properties":{"APN":"16-1425-53-2","SitusAddress":"694 66TH ST OAKLAND 94609"}},{"type":"Feature","geometry":{"type":"Polygon","coordinates":[[[-122.265489,37.851854],[-122.26564,37.851834],[-122.265788,37.851815],[-122.265939,37.851795],[-122.265953,37.851904],[-122.265511,37.851963],[-122.265489,37.851854]]]},"properties":{"APN":"16-1425-54","SitusAddress":"6610 SHATTUCK AVE OAKLAND 94609"}},{"type":"Feature","geometry":{"type":"Polygon","coordinates":[[[-122.265973,37.852051],[-122.26554,37.852098],[-122.265539,37.852095],[-122.26552,37.852003],[-122.265511,37.851963],[-122.265953,37.851904],[-122.265973,37.852051]]]},"properties":{"APN":"16-1425-55","SitusAddress":"6618 SHATTUCK AVE OAKLAND 94609"}},{"type":"Feature","geometry":{"type":"Polygon","coordinates":[[[-122.2652,37.852154],[-122.26554,37.852098],[-122.265542,37.852109],[-122.265543,37.852115],[-122.265548,37.852139],[-122.265544,37.852139],[-122.265425,37.852155],[-122.265318,37.852169],[-122.265207,37.852184],[-122.265206,37.852179],[-122.265201,37.852158],[-122.2652,37.852154]]]},"properties":{"APN":"16-1425-57","SitusAddress":"6618 SHATTUCK AVE BERKELEY 94609"}},{"type":"Feature","geometry":{"type":"Polygon","coordinates":[[[-122.265178,37.852049],[-122.265366,37.852024],[-122.26552,37.852003],[-122.265539,37.852095],[-122.26554,37.852098],[-122.2652,37.852154],[-122.265178,37.852049]]]},"properties":{"APN":"16-1425-58","SitusAddress":"6618 SHATTUCK AVE OAKLAND 94609"}},{"type":"Feature","geometry":{"type":"Polygon","coordinates":[[[-122.263788,37.85103],[-122.26413,37.850984],[-122.264154,37.851101],[-122.263813,37.851146],[-122.263788,37.85103]]]},"properties":{"APN":"16-1426-1","SitusAddress":"6519 WHEELER ST OAKLAND 94609"}},{"type":"Feature","geometry":{"type":"Polygon","coordinates":[[[-122.263765,37.850921],[-122.264107,37.850876],[-122.26413,37.850984],[-122.263788,37.85103],[-122.263765,37.850921]]]},"properties":{"APN":"16-1426-2","SitusAddress":"6515 WHEELER ST OAKLAND 94609"}},{"type":"Feature","geometry":{"type":"Polygon","coordinates":[[[-122.263742,37.850813],[-122.264084,37.850768],[-122.264107,37.850876],[-122.263765,37.850921],[-122.263742,37.850813]]]},"properties":{"APN":"16-1426-3","SitusAddress":"6509 WHEELER ST OAKLAND 94609"}},{"type":"Feature","geometry":{"type":"Polygon","coordinates":[[[-122.264059,37.850651],[-122.264084,37.850768],[-122.263742,37.850813],[-122.263717,37.850696],[-122.264059,37.850651]]]},"properties":{"APN":"16-1426-4","SitusAddress":"636 65TH ST OAKLAND 94609"}},{"type":"Feature","geometry":{"type":"Polygon","coordinates":[[[-122.264084,37.850768],[-122.264059,37.850651],[-122.264213,37.850631],[-122.26426,37.850856],[-122.264107,37.850876],[-122.264084,37.850768]]]},"properties":{"APN":"16-1426-5","SitusAddress":"640 65TH ST OAKLAND 94609"}},{"type":"Feature","geometry":{"type":"Polygon","coordinates":[[[-122.264213,37.850631],[-122.264349,37.850613],[-122.264397,37.850838],[-122.26426,37.850856],[-122.264213,37.850631]]]},"properties":{"APN":"16-1426-6","SitusAddress":"646 65TH ST OAKLAND 94609"}},{"type":"Feature","geometry":{"type":"Polygon","coordinates":[[[-122.264349,37.850613],[-122.264486,37.850595],[-122.264534,37.850819],[-122.264431,37.850833],[-122.264397,37.850838],[-122.264349,37.850613]]]},"properties":{"APN":"16-1426-7","SitusAddress":"650 65TH ST OAKLAND 94609"}},{"type":"Feature","geometry":{"type":"Polygon","coordinates":[[[-122.264669,37.850802],[-122.264534,37.850819],[-122.264486,37.850595],[-122.264621,37.850577],[-122.264669,37.850802]]]},"properties":{"APN":"16-1426-8","SitusAddress":"654 65TH ST OAKLAND 94609"}},{"type":"Feature","geometry":{"type":"Polygon","coordinates":[[[-122.264621,37.850577],[-122.264747,37.85056],[-122.264795,37.850785],[-122.264669,37.850802],[-122.264621,37.850577]]]},"properties":{"APN":"16-1426-9","SitusAddress":"658 65TH ST OAKLAND 94609"}},{"type":"Feature","geometry":{"type":"Polygon","coordinates":[[[-122.264747,37.85056],[-122.264874,37.850543],[-122.264921,37.850768],[-122.264795,37.850785],[-122.264747,37.85056]]]},"properties":{"APN":"16-1426-10","SitusAddress":"662 65TH ST OAKLAND 94609"}},{"type":"Feature","geometry":{"type":"Polygon","coordinates":[[[-122.264874,37.850543],[-122.265,37.850527],[-122.265048,37.850751],[-122.264921,37.850768],[-122.264874,37.850543]]]},"properties":{"APN":"16-1426-11","SitusAddress":"668 65TH ST OAKLAND 94609"}},{"type":"Feature","geometry":{"type":"Polygon","coordinates":[[[-122.265174,37.850735],[-122.265048,37.850751],[-122.265,37.850527],[-122.265127,37.85051],[-122.265174,37.850735]]]},"properties":{"APN":"16-1426-12","SitusAddress":"674 65TH ST OAKLAND 94609"}},{"type":"Feature","geometry":{"type":"Polygon","coordinates":[[[-122.265127,37.85051],[-122.265253,37.850493],[-122.265301,37.850718],[-122.265174,37.850735],[-122.265127,37.85051]]]},"properties":{"APN":"16-1426-13","SitusAddress":"678 65TH ST OAKLAND 94609"}},{"type":"Feature","geometry":{"type":"Polygon","coordinates":[[[-122.265253,37.850493],[-122.265379,37.850476],[-122.265404,37.850593],[-122.265588,37.850569],[-122.265606,37.850677],[-122.265431,37.850701],[-122.265301,37.850718],[-122.265253,37.850493]]]},"properties":{"APN":"16-1426-14-1","SitusAddress":"682 65TH ST OAKLAND 94609"}},{"type":"Feature","geometry":{"type":"Polygon","coordinates":[[[-122.265379,37.850476],[-122.265756,37.850427],[-122.265771,37.850544],[-122.265588,37.850569],[-122.265404,37.850593],[-122.265379,37.850476]]]},"properties":{"APN":"16-1426-15","SitusAddress":"6500 SHATTUCK AVE OAKLAND 94609"}},{"type":"Feature","geometry":{"type":"Polygon","coordinates":[[[-122.265431,37.850701],[-122.265606,37.850677],[-122.265621,37.85076],[-122.265797,37.850737],[-122.265816,37.850881],[-122.265479,37.850925],[-122.265431,37.850701]]]},"properties":{"APN":"16-1426-17-2","SitusAddress":"691 FAIRVIEW ST  A OAKLAND 94609"}},{"type":"Feature","geometry":{"type":"Polygon","coordinates":[[[-122.265301,37.850718],[-122.265431,37.850701],[-122.265479,37.850925],[-122.265348,37.850943],[-122.265301,37.850718]]]},"properties":{"APN":"16-1426-18-1","SitusAddress":"689 FAIRVIEW ST OAKLAND 94609"}},{"type":"Feature","geometry":{"type":"Polygon","coordinates":[[[-122.265174,37.850735],[-122.265301,37.850718],[-122.265348,37.850943],[-122.265222,37.850959],[-122.265174,37.850735]]]},"properties":{"APN":"16-1426-19","SitusAddress":"687 FAIRVIEW ST OAKLAND 94609"}},{"type":"Feature","geometry":{"type":"Polygon","coordinates":[[[-122.265222,37.850959],[-122.265095,37.850976],[-122.265048,37.850751],[-122.265174,37.850735],[-122.265222,37.850959]]]},"properties":{"APN":"16-1426-20","SitusAddress":"677 FAIRVIEW ST OAKLAND 94609"}},{"type":"Feature","geometry":{"type":"Polygon","coordinates":[[[-122.264921,37.850768],[-122.265048,37.850751],[-122.265095,37.850976],[-122.264969,37.850993],[-122.264921,37.850768]]]},"properties":{"APN":"16-1426-21","SitusAddress":"675 FAIRVIEW ST OAKLAND 94609"}},{"type":"Feature","geometry":{"type":"Polygon","coordinates":[[[-122.264795,37.850785],[-122.264921,37.850768],[-122.264969,37.850993],[-122.264843,37.85101],[-122.264795,37.850785]]]},"properties":{"APN":"16-1426-22","SitusAddress":"671 FAIRVIEW ST OAKLAND 94609"}},{"type":"Feature","geometry":{"type":"Polygon","coordinates":[[[-122.264669,37.850802],[-122.264795,37.850785],[-122.264843,37.85101],[-122.264716,37.851026],[-122.264669,37.850802]]]},"properties":{"APN":"16-1426-23","SitusAddress":"667 FAIRVIEW ST OAKLAND 94609"}},{"type":"Feature","geometry":{"type":"Polygon","coordinates":[[[-122.264534,37.850819],[-122.264669,37.850802],[-122.264716,37.851026],[-122.264581,37.851044],[-122.264534,37.850819]]]},"properties":{"APN":"16-1426-24","SitusAddress":"665 FAIRVIEW ST OAKLAND 94609"}},{"type":"Feature","geometry":{"type":"Polygon","coordinates":[[[-122.264534,37.850819],[-122.264581,37.851044],[-122.264478,37.851058],[-122.264431,37.850833],[-122.264534,37.850819]]]},"properties":{"APN":"16-1426-25-2","SitusAddress":"659 FAIRVIEW ST OAKLAND 94609"}},{"type":"Feature","geometry":{"type":"Polygon","coordinates":[[[-122.26426,37.850856],[-122.264397,37.850838],[-122.264431,37.850833],[-122.264478,37.851058],[-122.264308,37.85108],[-122.26426,37.850856]]]},"properties":{"APN":"16-1426-26-1","SitusAddress":"651 FAIRVIEW ST OAKLAND 94609"}},{"type":"Feature","geometry":{"type":"Polygon","coordinates":[[[-122.26413,37.850984],[-122.264107,37.850876],[-122.26426,37.850856],[-122.264308,37.85108],[-122.264154,37.851101],[-122.26413,37.850984]]]},"properties":{"APN":"16-1426-27","SitusAddress":"647 FAIRVIEW ST OAKLAND 94609"}},{"type":"Feature","geometry":{"type":"Polygon","coordinates":[[[-122.26291,37.851396],[-122.263329,37.851342],[-122.263351,37.851414],[-122.26336,37.851443],[-122.263184,37.851466],[-122.262941,37.851498],[-122.26291,37.851396]]]},"properties":{"APN":"16-1426-29","SitusAddress":"6521 RAYMOND ST OAKLAND 94609"}},{"type":"Feature","geometry":{"type":"Polygon","coordinates":[[[-122.262879,37.851294],[-122.263297,37.85124],[-122.263301,37.851253],[-122.263329,37.851342],[-122.26291,37.851396],[-122.262879,37.851294]]]},"properties":{"APN":"16-1426-30","SitusAddress":"6517 RAYMOND ST OAKLAND 94609"}},{"type":"Feature","geometry":{"type":"Polygon","coordinates":[[[-122.262847,37.851193],[-122.263266,37.851138],[-122.263269,37.851146],[-122.263297,37.85124],[-122.262879,37.851294],[-122.262847,37.851193]]]},"properties":{"APN":"16-1426-31","SitusAddress":"6515 RAYMOND ST OAKLAND 94609"}},{"type":"Feature","geometry":{"type":"Polygon","coordinates":[[[-122.262816,37.851091],[-122.263235,37.851036],[-122.263242,37.851059],[-122.263266,37.851138],[-122.262847,37.851193],[-122.262816,37.851091]]]},"properties":{"APN":"16-1426-32","SitusAddress":"6511 RAYMOND ST OAKLAND 94609"}},{"type":"Feature","geometry":{"type":"Polygon","coordinates":[[[-122.263132,37.8507],[-122.263105,37.85061],[-122.263512,37.850557],[-122.263532,37.850651],[-122.263134,37.850704],[-122.263132,37.8507]]]},"properties":{"APN":"16-1426-33","SitusAddress":"6502 WHEELER ST OAKLAND 94609"}},{"type":"Feature","geometry":{"type":"Polygon","coordinates":[[[-122.263134,37.850704],[-122.263532,37.850651],[-122.263552,37.850746],[-122.263162,37.850798],[-122.263134,37.850704]]]},"properties":{"APN":"16-1426-34","SitusAddress":"6504 WHEELER ST OAKLAND 94609"}},{"type":"Feature","geometry":{"type":"Polygon","coordinates":[[[-122.263165,37.850806],[-122.263162,37.850798],[-122.263552,37.850746],[-122.263571,37.850834],[-122.263189,37.850885],[-122.263165,37.850806]]]},"properties":{"APN":"16-1426-35","SitusAddress":"6506 WHEELER ST OAKLAND 94609"}},{"type":"Feature","geometry":{"type":"Polygon","coordinates":[[[-122.263198,37.850913],[-122.263189,37.850885],[-122.263571,37.850834],[-122.26359,37.850922],[-122.263215,37.850972],[-122.263198,37.850913]]]},"properties":{"APN":"16-1426-36","SitusAddress":"6510 WHEELER ST OAKLAND 94609"}},{"type":"Feature","geometry":{"type":"Polygon","coordinates":[[[-122.263235,37.851036],[-122.263215,37.850972],[-122.26359,37.850922],[-122.263608,37.85101],[-122.263242,37.851059],[-122.263235,37.851036]]]},"properties":{"APN":"16-1426-37","SitusAddress":"6514 WHEELER ST OAKLAND 94609"}},{"type":"Feature","geometry":{"type":"Polygon","coordinates":[[[-122.263266,37.851138],[-122.263242,37.851059],[-122.263608,37.85101],[-122.263627,37.851098],[-122.263269,37.851146],[-122.263266,37.851138]]]},"properties":{"APN":"16-1426-38","SitusAddress":"6518 WHEELER ST OAKLAND 94609"}},{"type":"Feature","geometry":{"type":"Polygon","coordinates":[[[-122.263297,37.85124],[-122.263269,37.851146],[-122.263627,37.851098],[-122.26365,37.851207],[-122.263301,37.851253],[-122.263297,37.85124]]]},"properties":{"APN":"16-1426-39","SitusAddress":"6522 WHEELER ST OAKLAND 94609"}},{"type":"Feature","geometry":{"type":"Polygon","coordinates":[[[-122.263329,37.851342],[-122.263301,37.851253],[-122.26365,37.851207],[-122.263671,37.851304],[-122.263659,37.851306],[-122.263674,37.851372],[-122.26352,37.851392],[-122.263351,37.851414],[-122.263329,37.851342]]]},"properties":{"APN":"16-1426-40","SitusAddress":"6526 WHEELER ST OAKLAND 94609"}},{"type":"Feature","geometry":{"type":"Polygon","coordinates":[[[-122.262941,37.851498],[-122.263184,37.851466],[-122.263203,37.851566],[-122.262971,37.851597],[-122.262941,37.851498]]]},"properties":{"APN":"16-1426-41","SitusAddress":"6525 RAYMOND ST OAKLAND 94609"}},{"type":"Feature","geometry":{"type":"Polygon","coordinates":[[[-122.263184,37.851466],[-122.26336,37.851443],[-122.26339,37.851542],[-122.263203,37.851566],[-122.263184,37.851466]]]},"properties":{"APN":"16-1426-42","SitusAddress":"611 66TH ST OAKLAND 94609"}},{"type":"Feature","geometry":{"type":"Polygon","coordinates":[[[-122.265606,37.850677],[-122.265588,37.850569],[-122.265771,37.850544],[-122.265797,37.850737],[-122.265621,37.85076],[-122.265606,37.850677]]]},"properties":{"APN":"16-1426-45","SitusAddress":"6508 SHATTUCK AVE OAKLAND 94609"}},{"type":"Feature","geometry":{"type":"Polygon","coordinates":[[[-122.262786,37.850993],[-122.263198,37.850913],[-122.263215,37.850972],[-122.263235,37.851036],[-122.262816,37.851091],[-122.262786,37.850993]]]},"properties":{"APN":"16-1427-1","SitusAddress":"6509 RAYMOND ST OAKLAND 94609"}},{"type":"Feature","geometry":{"type":"Polygon","coordinates":[[[-122.262753,37.850886],[-122.263165,37.850806],[-122.263189,37.850885],[-122.263198,37.850913],[-122.262786,37.850993],[-122.262753,37.850886]]]},"properties":{"APN":"16-1427-2","SitusAddress":"6505 RAYMOND ST OAKLAND 94609"}},{"type":"Feature","geometry":{"type":"Polygon","coordinates":[[[-122.262721,37.850779],[-122.263132,37.8507],[-122.263134,37.850704],[-122.263162,37.850798],[-122.263165,37.850806],[-122.262753,37.850886],[-122.262721,37.850779]]]},"properties":{"APN":"16-1427-3","SitusAddress":"6501 RAYMOND ST OAKLAND 94609"}},{"type":"Feature","geometry":{"type":"Polygon","coordinates":[[[-122.262688,37.850672],[-122.2631,37.850593],[-122.263105,37.85061],[-122.263132,37.8507],[-122.262721,37.850779],[-122.262688,37.850672]]]},"properties":{"APN":"16-1427-4","SitusAddress":"6451 RAYMOND ST OAKLAND 94609"}},{"type":"Feature","geometry":{"type":"Polygon","coordinates":[[[-122.262655,37.850565],[-122.263067,37.850486],[-122.2631,37.850593],[-122.262688,37.850672],[-122.262655,37.850565]]]},"properties":{"APN":"16-1427-5","SitusAddress":"6445 RAYMOND ST OAKLAND 94609"}},{"type":"Feature","geometry":{"type":"Polygon","coordinates":[[[-122.262623,37.850459],[-122.263034,37.850379],[-122.263067,37.850486],[-122.262655,37.850565],[-122.262623,37.850459]]]},"properties":{"APN":"16-1427-6","SitusAddress":"6439 RAYMOND ST OAKLAND 94609"}},{"type":"Feature","geometry":{"type":"Polygon","coordinates":[[[-122.26259,37.850352],[-122.262858,37.8503],[-122.263002,37.850273],[-122.263034,37.850379],[-122.262623,37.850459],[-122.26259,37.850352]]]},"properties":{"APN":"16-1427-7","SitusAddress":"6435 RAYMOND ST OAKLAND 94609"}},{"type":"Feature","geometry":{"type":"Polygon","coordinates":[[[-122.262562,37.850261],[-122.262697,37.850238],[-122.262832,37.850214],[-122.262858,37.8503],[-122.26259,37.850352],[-122.262562,37.850261]]]},"properties":{"APN":"16-1427-8","SitusAddress":"6417 RAYMOND ST OAKLAND 94609"}},{"type":"Feature","geometry":{"type":"Polygon","coordinates":[[[-122.262626,37.850007],[-122.262697,37.850238],[-122.262562,37.850261],[-122.26249,37.850025],[-122.262626,37.850007]]]},"properties":{"APN":"16-1427-9","SitusAddress":"602 ALCATRAZ AVE OAKLAND 94609"}},{"type":"Feature","geometry":{"type":"Polygon","coordinates":[[[-122.262626,37.850007],[-122.262763,37.849989],[-122.262832,37.850214],[-122.262697,37.850238],[-122.262626,37.850007]]]},"properties":{"APN":"16-1427-10","SitusAddress":"604 ALCATRAZ AVE OAKLAND 94609"}},{"type":"Feature","geometry":{"type":"Polygon","coordinates":[[[-122.263002,37.850273],[-122.262858,37.8503],[-122.262832,37.850214],[-122.262763,37.849989],[-122.262909,37.849969],[-122.262969,37.850166],[-122.263002,37.850273]]]},"properties":{"APN":"16-1427-11","SitusAddress":"610 ALCATRAZ AVE OAKLAND 94609"}},{"type":"Feature","geometry":{"type":"Polygon","coordinates":[[[-122.263568,37.849882],[-122.263773,37.849855],[-122.263842,37.850179],[-122.263767,37.850189],[-122.263637,37.850206],[-122.263568,37.849882]]]},"properties":{"APN":"16-1427-14","SitusAddress":"642 ALCATRAZ AVE OAKLAND 94609"}},{"type":"Feature","geometry":{"type":"Polygon","coordinates":[[[-122.263773,37.849855],[-122.263978,37.849828],[-122.264047,37.850152],[-122.26391,37.85017],[-122.263842,37.850179],[-122.263773,37.849855]]]},"properties":{"APN":"16-1427-15","SitusAddress":"648 ALCATRAZ AVE OAKLAND 94609"}},{"type":"Feature","geometry":{"type":"Polygon","coordinates":[[[-122.264183,37.850134],[-122.264047,37.850152],[-122.263978,37.849828],[-122.264115,37.84981],[-122.264183,37.850134]]]},"properties":{"APN":"16-1427-16","SitusAddress":"650 ALCATRAZ AVE OAKLAND 94609"}},{"type":"Feature","geometry":{"type":"Polygon","coordinates":[[[-122.26432,37.850115],[-122.264183,37.850134],[-122.264115,37.84981],[-122.264251,37.849792],[-122.26432,37.850115]]]},"properties":{"APN":"16-1427-17","SitusAddress":"656 ALCATRAZ AVE OAKLAND 94609"}},{"type":"Feature","geometry":{"type":"Polygon","coordinates":[[[-122.264251,37.849792],[-122.264397,37.849772],[-122.264465,37.850096],[-122.264457,37.850097],[-122.26432,37.850115],[-122.264251,37.849792]]]},"properties":{"APN":"16-1427-18","SitusAddress":"660 ALCATRAZ AVE OAKLAND 94609"}},{"type":"Feature","geometry":{"type":"Polygon","coordinates":[[[-122.264524,37.849755],[-122.264593,37.850079],[-122.264465,37.850096],[-122.264397,37.849772],[-122.264524,37.849755]]]},"properties":{"APN":"16-1427-19","SitusAddress":"664 ALCATRAZ AVE OAKLAND 94609"}},{"type":"Feature","geometry":{"type":"Polygon","coordinates":[[[-122.264524,37.849755],[-122.264661,37.849737],[-122.26473,37.850061],[-122.264593,37.850079],[-122.264524,37.849755]]]},"properties":{"APN":"16-1427-20","SitusAddress":"668 ALCATRAZ AVE OAKLAND 94609"}},{"type":"Feature","geometry":{"type":"Polygon","coordinates":[[[-122.264661,37.849737],[-122.264798,37.849719],[-122.264867,37.850043],[-122.26473,37.850061],[-122.264661,37.849737]]]},"properties":{"APN":"16-1427-21","SitusAddress":"672 ALCATRAZ AVE OAKLAND 94609"}},{"type":"Feature","geometry":{"type":"Polygon","coordinates":[[[-122.264798,37.849719],[-122.264941,37.8497],[-122.26501,37.850024],[-122.265003,37.850025],[-122.264901,37.850039],[-122.264867,37.850043],[-122.264798,37.849719]]]},"properties":{"APN":"16-1427-22","SitusAddress":"676 ALCATRAZ AVE OAKLAND 94609"}},{"type":"Feature","geometry":{"type":"Polygon","coordinates":[[[-122.265074,37.849683],[-122.265208,37.849665],[-122.26523,37.849772],[-122.265253,37.849881],[-122.265272,37.849967],[-122.265276,37.849989],[-122.265143,37.850006],[-122.265074,37.849683]]]},"properties":{"APN":"16-1427-23-1","SitusAddress":"688 ALCATRAZ AVE OAKLAND 94609"}},{"type":"Feature","geometry":{"type":"Polygon","coordinates":[[[-122.26514,37.850007],[-122.26501,37.850024],[-122.264941,37.8497],[-122.265074,37.849683],[-122.265143,37.850006],[-122.26514,37.850007]]]},"properties":{"APN":"16-1427-23-2","SitusAddress":"682 ALCATRAZ AVE OAKLAND 94609"}},{"type":"Feature","geometry":{"type":"Polygon","coordinates":[[[-122.265276,37.849989],[-122.265272,37.849967],[-122.265689,37.849931],[-122.265704,37.850044],[-122.265299,37.850097],[-122.265276,37.849989]]]},"properties":{"APN":"16-1427-27-1","SitusAddress":"6420 SHATTUCK AVE OAKLAND 94609"}},{"type":"Feature","geometry":{"type":"Polygon","coordinates":[[[-122.265299,37.850097],[-122.265704,37.850044],[-122.265719,37.850153],[-122.265322,37.850205],[-122.265299,37.850097]]]},"properties":{"APN":"16-1427-28","SitusAddress":"6426 SHATTUCK AVE OAKLAND 94609"}},{"type":"Feature","geometry":{"type":"Polygon","coordinates":[[[-122.265322,37.850205],[-122.265719,37.850153],[-122.265734,37.850262],[-122.265346,37.850314],[-122.265322,37.850205]]]},"properties":{"APN":"16-1427-29","SitusAddress":"6432 SHATTUCK AVE OAKLAND 94609"}},{"type":"Feature","geometry":{"type":"Polygon","coordinates":[[[-122.26514,37.850007],[-122.265143,37.850006],[-122.265276,37.849989],[-122.265299,37.850097],[-122.265322,37.850205],[-122.265346,37.850314],[-122.265209,37.850332],[-122.26514,37.850007]]]},"properties":{"APN":"16-1427-30","SitusAddress":"681 65TH ST OAKLAND 94609"}},{"type":"Feature","geometry":{"type":"Polygon","coordinates":[[[-122.265209,37.850332],[-122.265072,37.85035],[-122.265003,37.850025],[-122.26501,37.850024],[-122.26514,37.850007],[-122.265209,37.850332]]]},"properties":{"APN":"16-1427-31","SitusAddress":"677 65TH ST OAKLAND 94609"}},{"type":"Feature","geometry":{"type":"Polygon","coordinates":[[[-122.264901,37.850039],[-122.265003,37.850025],[-122.265072,37.85035],[-122.26497,37.850364],[-122.264901,37.850039]]]},"properties":{"APN":"16-1427-32","SitusAddress":"673 65TH ST OAKLAND 94609"}},{"type":"Feature","geometry":{"type":"Polygon","coordinates":[[[-122.26473,37.850061],[-122.264867,37.850043],[-122.264901,37.850039],[-122.26497,37.850364],[-122.264799,37.850386],[-122.26473,37.850061]]]},"properties":{"APN":"16-1427-33","SitusAddress":"669 65TH ST OAKLAND 94609"}},{"type":"Feature","geometry":{"type":"Polygon","coordinates":[[[-122.264593,37.850079],[-122.26473,37.850061],[-122.264799,37.850386],[-122.264662,37.850404],[-122.264593,37.850079]]]},"properties":{"APN":"16-1427-34","SitusAddress":"661 65TH ST OAKLAND 94609"}},{"type":"Feature","geometry":{"type":"Polygon","coordinates":[[[-122.264457,37.850097],[-122.264465,37.850096],[-122.264593,37.850079],[-122.264662,37.850404],[-122.264526,37.850422],[-122.264457,37.850097]]]},"properties":{"APN":"16-1427-35","SitusAddress":"657 65TH ST OAKLAND 94609"}},{"type":"Feature","geometry":{"type":"Polygon","coordinates":[[[-122.264183,37.850134],[-122.26432,37.850115],[-122.264389,37.85044],[-122.264252,37.850459],[-122.264183,37.850134]]]},"properties":{"APN":"16-1427-37","SitusAddress":"649 65TH ST OAKLAND 94609"}},{"type":"Feature","geometry":{"type":"Polygon","coordinates":[[[-122.264047,37.850152],[-122.264183,37.850134],[-122.264252,37.850459],[-122.264116,37.850477],[-122.264047,37.850152]]]},"properties":{"APN":"16-1427-38","SitusAddress":"645 65TH ST OAKLAND 94609"}},{"type":"Feature","geometry":{"type":"Polygon","coordinates":[[[-122.26391,37.85017],[-122.264047,37.850152],[-122.264116,37.850477],[-122.263979,37.850495],[-122.26391,37.85017]]]},"properties":{"APN":"16-1427-39","SitusAddress":"641 65TH ST OAKLAND 94609"}},{"type":"Feature","geometry":{"type":"Polygon","coordinates":[[[-122.263767,37.850189],[-122.263842,37.850179],[-122.26391,37.85017],[-122.263979,37.850495],[-122.263836,37.850514],[-122.263767,37.850189]]]},"properties":{"APN":"16-1427-40","SitusAddress":"635 65TH ST OAKLAND 94609"}},{"type":"Feature","geometry":{"type":"Polygon","coordinates":[[[-122.263637,37.850206],[-122.263767,37.850189],[-122.263836,37.850514],[-122.263706,37.850531],[-122.263637,37.850206]]]},"properties":{"APN":"16-1427-41","SitusAddress":"631 65TH ST OAKLAND 94609"}},{"type":"Feature","geometry":{"type":"Polygon","coordinates":[[[-122.262969,37.850166],[-122.262909,37.849969],[-122.263209,37.84993],[-122.263251,37.850129],[-122.262969,37.850166]]]},"properties":{"APN":"16-1427-59","SitusAddress":"618 ALCATRAZ AVE OAKLAND 94609"}},{"type":"Feature","geometry":{"type":"Polygon","coordinates":[[[-122.2631,37.850593],[-122.263067,37.850486],[-122.263034,37.850379],[-122.263002,37.850273],[-122.262969,37.850166],[-122.263251,37.850129],[-122.263209,37.84993],[-122.263568,37.849882],[-122.263637,37.850206],[-122.263706,37.850531],[-122.263512,37.850557],[-122.263105,37.85061],[-122.2631,37.850593]]]},"properties":{"APN":"16-1427-78","SitusAddress":"620 ALCATRAZ AVE OAKLAND 94609"}},{"type":"Feature","geometry":{"type":"Polygon","coordinates":[[[-122.26432,37.850115],[-122.264457,37.850097],[-122.264526,37.850422],[-122.264389,37.85044],[-122.26432,37.850115]]]},"properties":{"APN":"16-1427-82","SitusAddress":"653 65TH ST OAKLAND 94609"}},{"type":"Feature","geometry":{"type":"Polygon","coordinates":[[[-122.266551,37.851856],[-122.266919,37.85181],[-122.266941,37.851918],[-122.266804,37.851935],[-122.266671,37.851952],[-122.266571,37.851964],[-122.266559,37.851896],[-122.266551,37.851856]]]},"properties":{"APN":"16-1428-1","SitusAddress":"6616 WHITNEY ST OAKLAND 94609"}},{"type":"Feature","geometry":{"type":"Polygon","coordinates":[[[-122.2662,37.851942],[-122.266559,37.851896],[-122.266571,37.851964],[-122.266534,37.851968],[-122.266534,37.851969],[-122.266205,37.85201],[-122.266189,37.852012],[-122.26618,37.851944],[-122.2662,37.851942]]]},"properties":{"APN":"16-1428-2-1","SitusAddress":"3208 SHATTUCK AVE OAKLAND 94705"}},{"type":"Feature","geometry":{"type":"Polygon","coordinates":[[[-122.266189,37.852012],[-122.266205,37.85201],[-122.266534,37.851969],[-122.266534,37.851969],[-122.266544,37.852024],[-122.266536,37.852025],[-122.26643,37.852038],[-122.266209,37.852066],[-122.266196,37.852067],[-122.266189,37.852012]]]},"properties":{"APN":"16-1428-2-2","SitusAddress":"3208 SHATTUCK AVE BERKELEY 94705"}},{"type":"Feature","geometry":{"type":"Polygon","coordinates":[[[-122.266194,37.851859],[-122.266544,37.851815],[-122.266551,37.851856],[-122.266559,37.851896],[-122.2662,37.851942],[-122.26618,37.851944],[-122.266169,37.851862],[-122.266194,37.851859]]]},"properties":{"APN":"16-1428-3-1","SitusAddress":"6615 SHATTUCK AVE OAKLAND 94609"}},{"type":"Feature","geometry":{"type":"Polygon","coordinates":[[[-122.266187,37.85176],[-122.266516,37.851664],[-122.266531,37.851747],[-122.266544,37.851815],[-122.266194,37.851859],[-122.266169,37.851862],[-122.266157,37.851768],[-122.266187,37.85176]]]},"properties":{"APN":"16-1428-3-2","SitusAddress":"6609 SHATTUCK AVE OAKLAND 94609"}},{"type":"Feature","geometry":{"type":"Polygon","coordinates":[[[-122.266179,37.851648],[-122.266495,37.851548],[-122.266498,37.851568],[-122.266516,37.851664],[-122.266187,37.85176],[-122.266157,37.851768],[-122.266143,37.851659],[-122.266179,37.851648]]]},"properties":{"APN":"16-1428-4","SitusAddress":"6605 SHATTUCK AVE OAKLAND 94609"}},{"type":"Feature","geometry":{"type":"Polygon","coordinates":[[[-122.26617,37.851536],[-122.266474,37.851433],[-122.266481,37.851473],[-122.266495,37.851548],[-122.266179,37.851648],[-122.266143,37.851659],[-122.266129,37.85155],[-122.26617,37.851536]]]},"properties":{"APN":"16-1428-5","SitusAddress":"6575 SHATTUCK AVE OAKLAND 94609"}},{"type":"Feature","geometry":{"type":"Polygon","coordinates":[[[-122.266162,37.851424],[-122.266454,37.851318],[-122.266463,37.851376],[-122.266474,37.851433],[-122.26617,37.851536],[-122.266129,37.85155],[-122.266115,37.851441],[-122.266162,37.851424]]]},"properties":{"APN":"16-1428-6","SitusAddress":"6573 SHATTUCK AVE OAKLAND 94609"}},{"type":"Feature","geometry":{"type":"Polygon","coordinates":[[[-122.266154,37.851312],[-122.266437,37.8512],[-122.266448,37.851276],[-122.266454,37.851318],[-122.266162,37.851424],[-122.266115,37.851441],[-122.2661,37.851333],[-122.266154,37.851312]]]},"properties":{"APN":"16-1428-7","SitusAddress":"6567 SHATTUCK AVE OAKLAND 94609"}},{"type":"Feature","geometry":{"type":"Polygon","coordinates":[[[-122.266416,37.851118],[-122.266424,37.851117],[-122.266437,37.8512],[-122.266154,37.851312],[-122.2661,37.851333],[-122.266078,37.851161],[-122.266142,37.851153],[-122.266416,37.851118]]]},"properties":{"APN":"16-1428-8","SitusAddress":"6563 SHATTUCK AVE OAKLAND 94609"}},{"type":"Feature","geometry":{"type":"Polygon","coordinates":[[[-122.266014,37.850642],[-122.266337,37.850601],[-122.266343,37.850628],[-122.266326,37.85063],[-122.266346,37.850739],[-122.266369,37.850847],[-122.266381,37.850901],[-122.266376,37.850901],[-122.266054,37.850942],[-122.26605,37.850943],[-122.266014,37.850642]]]},"properties":{"APN":"16-1428-11-1","SitusAddress":"6525 SHATTUCK AVE OAKLAND 94609"}},{"type":"Feature","geometry":{"type":"Polygon","coordinates":[[[-122.266286,37.850356],[-122.266323,37.85053],[-122.266337,37.850601],[-122.266014,37.850642],[-122.265981,37.850397],[-122.266286,37.850356]]]},"properties":{"APN":"16-1428-11-2","SitusAddress":"6501 SHATTUCK AVE OAKLAND 94609"}},{"type":"Feature","geometry":{"type":"Polygon","coordinates":[[[-122.266286,37.850356],[-122.266608,37.850313],[-122.266644,37.850488],[-122.266323,37.85053],[-122.266286,37.850356]]]},"properties":{"APN":"16-1428-12","SitusAddress":"6500 WHITNEY ST OAKLAND 94609"}},{"type":"Feature","geometry":{"type":"Polygon","coordinates":[[[-122.266337,37.850601],[-122.266323,37.85053],[-122.266644,37.850488],[-122.266665,37.850585],[-122.266343,37.850628],[-122.266337,37.850601]]]},"properties":{"APN":"16-1428-13","SitusAddress":"6512 WHITNEY ST OAKLAND 94609"}},{"type":"Feature","geometry":{"type":"Polygon","coordinates":[[[-122.266343,37.850628],[-122.266665,37.850585],[-122.266687,37.850694],[-122.266346,37.850739],[-122.266326,37.85063],[-122.266343,37.850628]]]},"properties":{"APN":"16-1428-14","SitusAddress":"6518 WHITNEY ST OAKLAND 94609"}},{"type":"Feature","geometry":{"type":"Polygon","coordinates":[[[-122.266369,37.850847],[-122.26671,37.850802],[-122.266732,37.85091],[-122.266392,37.850956],[-122.266381,37.850901],[-122.266369,37.850847]]]},"properties":{"APN":"16-1428-16","SitusAddress":"6528 WHITNEY ST OAKLAND 94609"}},{"type":"Feature","geometry":{"type":"Polygon","coordinates":[[[-122.266392,37.850956],[-122.266732,37.85091],[-122.266755,37.851019],[-122.266414,37.851064],[-122.266392,37.850956]]]},"properties":{"APN":"16-1428-17","SitusAddress":"6534 WHITNEY ST OAKLAND 94609"}},{"type":"Feature","geometry":{"type":"Polygon","coordinates":[[[-122.266414,37.851064],[-122.266755,37.851019],[-122.266785,37.851168],[-122.266448,37.851276],[-122.266437,37.8512],[-122.266424,37.851117],[-122.266414,37.851064]]]},"properties":{"APN":"16-1428-18","SitusAddress":"6542 WHITNEY ST OAKLAND 94609"}},{"type":"Feature","geometry":{"type":"Polygon","coordinates":[[[-122.266448,37.851276],[-122.266785,37.851168],[-122.266806,37.851269],[-122.266463,37.851376],[-122.266454,37.851318],[-122.266448,37.851276]]]},"properties":{"APN":"16-1428-19","SitusAddress":"6546 WHITNEY ST OAKLAND 94609"}},{"type":"Feature","geometry":{"type":"Polygon","coordinates":[[[-122.266474,37.851433],[-122.266463,37.851376],[-122.266806,37.851269],[-122.266826,37.851365],[-122.266481,37.851473],[-122.266474,37.851433]]]},"properties":{"APN":"16-1428-20","SitusAddress":"6550 WHITNEY ST OAKLAND 94609"}},{"type":"Feature","geometry":{"type":"Polygon","coordinates":[[[-122.266495,37.851548],[-122.266481,37.851473],[-122.266826,37.851365],[-122.266846,37.851462],[-122.266498,37.851568],[-122.266495,37.851548]]]},"properties":{"APN":"16-1428-21","SitusAddress":"6554 WHITNEY ST OAKLAND 94609"}},{"type":"Feature","geometry":{"type":"Polygon","coordinates":[[[-122.266498,37.851568],[-122.266846,37.851462],[-122.266867,37.851562],[-122.266516,37.851664],[-122.266498,37.851568]]]},"properties":{"APN":"16-1428-22","SitusAddress":"6558 WHITNEY ST OAKLAND 94609"}},{"type":"Feature","geometry":{"type":"Polygon","coordinates":[[[-122.266516,37.851664],[-122.266867,37.851562],[-122.266896,37.851701],[-122.266531,37.851747],[-122.266516,37.851664]]]},"properties":{"APN":"16-1428-23","SitusAddress":"6606 WHITNEY ST OAKLAND 94609"}},{"type":"Feature","geometry":{"type":"Polygon","coordinates":[[[-122.266544,37.851815],[-122.266531,37.851747],[-122.266896,37.851701],[-122.266919,37.85181],[-122.266551,37.851856],[-122.266544,37.851815]]]},"properties":{"APN":"16-1428-24","SitusAddress":"6610 WHITNEY ST OAKLAND 94609"}},{"type":"Feature","geometry":{"type":"Polygon","coordinates":[[[-122.266346,37.850739],[-122.266687,37.850694],[-122.26671,37.850802],[-122.266369,37.850847],[-122.266346,37.850739]]]},"properties":{"APN":"16-1428-27","SitusAddress":" WHITNEY ST OAKLAND 94609"}},{"type":"Feature","geometry":{"type":"Polygon","coordinates":[[[-122.266376,37.850901],[-122.266381,37.850901],[-122.266392,37.850956],[-122.266414,37.851064],[-122.266424,37.851117],[-122.266416,37.851118],[-122.266142,37.851153],[-122.266078,37.851161],[-122.26605,37.850943],[-122.266054,37.850942],[-122.266376,37.850901]]]},"properties":{"APN":"16-1428-37","SitusAddress":" SHATTUCK AVE OAKLAND 94609"}},{"type":"Feature","geometry":{"type":"Polygon","coordinates":[[[-122.267466,37.851742],[-122.267465,37.851734],[-122.267806,37.851689],[-122.267829,37.851797],[-122.267724,37.851811],[-122.267693,37.851815],[-122.26756,37.851833],[-122.267487,37.851842],[-122.267487,37.851841],[-122.267466,37.851742]]]},"properties":{"APN":"16-1429-1","SitusAddress":"6622 TREMONT ST OAKLAND 94609"}},{"type":"Feature","geometry":{"type":"Polygon","coordinates":[[[-122.267125,37.851788],[-122.267466,37.851742],[-122.267487,37.851841],[-122.267487,37.851842],[-122.26742,37.851851],[-122.267282,37.85187],[-122.267203,37.85188],[-122.267145,37.851888],[-122.267125,37.851788]]]},"properties":{"APN":"16-1429-2","SitusAddress":"6615 WHITNEY ST OAKLAND 94609"}},{"type":"Feature","geometry":{"type":"Polygon","coordinates":[[[-122.267099,37.851663],[-122.26744,37.851617],[-122.267442,37.851626],[-122.267465,37.851734],[-122.267466,37.851742],[-122.267125,37.851788],[-122.267099,37.851663]]]},"properties":{"APN":"16-1429-3","SitusAddress":"6609 WHITNEY ST OAKLAND 94609"}},{"type":"Feature","geometry":{"type":"Polygon","coordinates":[[[-122.267065,37.851499],[-122.267397,37.85141],[-122.26742,37.851517],[-122.26744,37.851617],[-122.267099,37.851663],[-122.267065,37.851499]]]},"properties":{"APN":"16-1429-4","SitusAddress":"6603 WHITNEY ST OAKLAND 94609"}},{"type":"Feature","geometry":{"type":"Polygon","coordinates":[[[-122.267044,37.851398],[-122.267375,37.851302],[-122.267388,37.851367],[-122.267397,37.85141],[-122.267065,37.851499],[-122.267044,37.851398]]]},"properties":{"APN":"16-1429-5","SitusAddress":"6557 WHITNEY ST OAKLAND 94609"}},{"type":"Feature","geometry":{"type":"Polygon","coordinates":[[[-122.267024,37.851301],[-122.267355,37.851205],[-122.267369,37.851272],[-122.267375,37.851302],[-122.267044,37.851398],[-122.267024,37.851301]]]},"properties":{"APN":"16-1429-6","SitusAddress":"6551 WHITNEY ST OAKLAND 94609"}},{"type":"Feature","geometry":{"type":"Polygon","coordinates":[[[-122.267002,37.851197],[-122.267333,37.8511],[-122.267346,37.851163],[-122.267355,37.851205],[-122.267024,37.851301],[-122.267002,37.851197]]]},"properties":{"APN":"16-1429-7","SitusAddress":"6547 WHITNEY ST OAKLAND 94609"}},{"type":"Feature","geometry":{"type":"Polygon","coordinates":[[[-122.266981,37.851096],[-122.267306,37.850968],[-122.267324,37.851055],[-122.267333,37.8511],[-122.267002,37.851197],[-122.266981,37.851096]]]},"properties":{"APN":"16-1429-8","SitusAddress":"6543 WHITNEY ST OAKLAND 94609"}},{"type":"Feature","geometry":{"type":"Polygon","coordinates":[[[-122.26696,37.850996],[-122.267286,37.850873],[-122.267301,37.850947],[-122.267306,37.850968],[-122.266981,37.851096],[-122.26696,37.850996]]]},"properties":{"APN":"16-1429-9","SitusAddress":"6539 WHITNEY ST OAKLAND 94609"}},{"type":"Feature","geometry":{"type":"Polygon","coordinates":[[[-122.266937,37.850884],[-122.267279,37.850838],[-122.267286,37.850873],[-122.26696,37.850996],[-122.266937,37.850884]]]},"properties":{"APN":"16-1429-10","SitusAddress":" WHITNEY ST OAKLAND 94608"}},{"type":"Feature","geometry":{"type":"Polygon","coordinates":[[[-122.266915,37.850775],[-122.267256,37.85073],[-122.267279,37.850838],[-122.266937,37.850884],[-122.266915,37.850775]]]},"properties":{"APN":"16-1429-11","SitusAddress":"6527 WHITNEY ST OAKLAND 94609"}},{"type":"Feature","geometry":{"type":"Polygon","coordinates":[[[-122.266892,37.850667],[-122.267234,37.850621],[-122.267256,37.85073],[-122.266915,37.850775],[-122.266892,37.850667]]]},"properties":{"APN":"16-1429-12","SitusAddress":"6521 WHITNEY ST OAKLAND 94609"}},{"type":"Feature","geometry":{"type":"Polygon","coordinates":[[[-122.26687,37.850558],[-122.267056,37.850534],[-122.26719,37.850516],[-122.267211,37.850513],[-122.267234,37.850621],[-122.266892,37.850667],[-122.26687,37.850558]]]},"properties":{"APN":"16-1429-13","SitusAddress":"6517 WHITNEY ST OAKLAND 94609"}},{"type":"Feature","geometry":{"type":"Polygon","coordinates":[[[-122.266841,37.850421],[-122.267027,37.850397],[-122.267056,37.850534],[-122.26687,37.850558],[-122.266841,37.850421]]]},"properties":{"APN":"16-1429-14","SitusAddress":"6505 WHITNEY ST OAKLAND 94609"}},{"type":"Feature","geometry":{"type":"Polygon","coordinates":[[[-122.266999,37.850261],[-122.267027,37.850397],[-122.266841,37.850421],[-122.266813,37.850286],[-122.266999,37.850261]]]},"properties":{"APN":"16-1429-15","SitusAddress":"732 65TH ST OAKLAND 94609"}},{"type":"Feature","geometry":{"type":"Polygon","coordinates":[[[-122.267027,37.850397],[-122.266999,37.850261],[-122.267134,37.850243],[-122.26719,37.850516],[-122.267056,37.850534],[-122.267027,37.850397]]]},"properties":{"APN":"16-1429-16","SitusAddress":"738 65TH ST OAKLAND 94609"}},{"type":"Feature","geometry":{"type":"Polygon","coordinates":[[[-122.267134,37.850243],[-122.267269,37.850225],[-122.267325,37.850498],[-122.267211,37.850513],[-122.26719,37.850516],[-122.267134,37.850243]]]},"properties":{"APN":"16-1429-17","SitusAddress":"744 65TH ST OAKLAND 94609"}},{"type":"Feature","geometry":{"type":"Polygon","coordinates":[[[-122.267269,37.850225],[-122.267382,37.85021],[-122.267439,37.850482],[-122.267325,37.850498],[-122.267269,37.850225]]]},"properties":{"APN":"16-1429-18","SitusAddress":"750 65TH ST OAKLAND 94609"}},{"type":"Feature","geometry":{"type":"Polygon","coordinates":[[[-122.267382,37.85021],[-122.267496,37.850195],[-122.267553,37.850467],[-122.267439,37.850482],[-122.267382,37.85021]]]},"properties":{"APN":"16-1429-19","SitusAddress":"6500 TREMONT ST OAKLAND 94609"}},{"type":"Feature","geometry":{"type":"Polygon","coordinates":[[[-122.267211,37.850513],[-122.267325,37.850498],[-122.267439,37.850482],[-122.267553,37.850467],[-122.267575,37.850576],[-122.267234,37.850621],[-122.267211,37.850513]]]},"properties":{"APN":"16-1429-20","SitusAddress":"6520 TREMONT ST OAKLAND 94609"}},{"type":"Feature","geometry":{"type":"Polygon","coordinates":[[[-122.267234,37.850621],[-122.267575,37.850576],[-122.267598,37.850684],[-122.267256,37.85073],[-122.267234,37.850621]]]},"properties":{"APN":"16-1429-21","SitusAddress":"6526 TREMONT ST OAKLAND 94609"}},{"type":"Feature","geometry":{"type":"Polygon","coordinates":[[[-122.267256,37.85073],[-122.267598,37.850684],[-122.26762,37.850793],[-122.267279,37.850838],[-122.267256,37.85073]]]},"properties":{"APN":"16-1429-22","SitusAddress":"6530 TREMONT ST OAKLAND 94609"}},{"type":"Feature","geometry":{"type":"Polygon","coordinates":[[[-122.267286,37.850873],[-122.267279,37.850838],[-122.26762,37.850793],[-122.267643,37.850901],[-122.267301,37.850947],[-122.267286,37.850873]]]},"properties":{"APN":"16-1429-23","SitusAddress":"6534 TREMONT ST OAKLAND 94609"}},{"type":"Feature","geometry":{"type":"Polygon","coordinates":[[[-122.267306,37.850968],[-122.267301,37.850947],[-122.267643,37.850901],[-122.267665,37.85101],[-122.267324,37.851055],[-122.267306,37.850968]]]},"properties":{"APN":"16-1429-24","SitusAddress":"6538 TREMONT ST OAKLAND 94609"}},{"type":"Feature","geometry":{"type":"Polygon","coordinates":[[[-122.267333,37.8511],[-122.267324,37.851055],[-122.267665,37.85101],[-122.267688,37.851118],[-122.267346,37.851163],[-122.267333,37.8511]]]},"properties":{"APN":"16-1429-25","SitusAddress":"6542 TREMONT ST OAKLAND 94609"}},{"type":"Feature","geometry":{"type":"Polygon","coordinates":[[[-122.267355,37.851205],[-122.267346,37.851163],[-122.267688,37.851118],[-122.26771,37.851226],[-122.267369,37.851272],[-122.267355,37.851205]]]},"properties":{"APN":"16-1429-26","SitusAddress":"6600 TREMONT ST OAKLAND 94609"}},{"type":"Feature","geometry":{"type":"Polygon","coordinates":[[[-122.267375,37.851302],[-122.267369,37.851272],[-122.26771,37.851226],[-122.26773,37.851321],[-122.267388,37.851367],[-122.267375,37.851302]]]},"properties":{"APN":"16-1429-27","SitusAddress":"6604 TREMONT ST OAKLAND 94609"}},{"type":"Feature","geometry":{"type":"Polygon","coordinates":[[[-122.267397,37.85141],[-122.267388,37.851367],[-122.26773,37.851321],[-122.267761,37.851472],[-122.26742,37.851517],[-122.267397,37.85141]]]},"properties":{"APN":"16-1429-28","SitusAddress":"6610 TREMONT ST OAKLAND 94609"}},{"type":"Feature","geometry":{"type":"Polygon","coordinates":[[[-122.26744,37.851617],[-122.26742,37.851517],[-122.267761,37.851472],[-122.267784,37.85158],[-122.267442,37.851626],[-122.26744,37.851617]]]},"properties":{"APN":"16-1429-29","SitusAddress":"6614 TREMONT ST OAKLAND 94609"}},{"type":"Feature","geometry":{"type":"Polygon","coordinates":[[[-122.267442,37.851626],[-122.267784,37.85158],[-122.267806,37.851689],[-122.267465,37.851734],[-122.267442,37.851626]]]},"properties":{"APN":"16-1429-30","SitusAddress":"6618 TREMONT ST OAKLAND 94609"}},{"type":"Feature","geometry":{"type":"Polygon","coordinates":[[[-122.268394,37.851611],[-122.268777,37.851562],[-122.268799,37.851658],[-122.268795,37.851659],[-122.268748,37.851669],[-122.268614,37.851698],[-122.268479,37.851727],[-122.268419,37.85174],[-122.268418,37.85174],[-122.268417,37.851736],[-122.268402,37.851651],[-122.268394,37.851611]]]},"properties":{"APN":"16-1430-1","SitusAddress":"6624 DOVER ST OAKLAND 94609"}},{"type":"Feature","geometry":{"type":"Polygon","coordinates":[[[-122.268019,37.8517],[-122.268402,37.851651],[-122.268417,37.851736],[-122.268418,37.85174],[-122.268345,37.851756],[-122.268244,37.851778],[-122.268211,37.851785],[-122.268045,37.85182],[-122.268019,37.8517]]]},"properties":{"APN":"16-1430-2","SitusAddress":"6623 TREMONT ST OAKLAND 94609"}},{"type":"Feature","geometry":{"type":"Polygon","coordinates":[[[-122.267997,37.851591],[-122.26838,37.851543],[-122.268394,37.851611],[-122.268402,37.851651],[-122.268019,37.8517],[-122.267997,37.851591]]]},"properties":{"APN":"16-1430-3","SitusAddress":"6619 TREMONT ST OAKLAND 94609"}},{"type":"Feature","geometry":{"type":"Polygon","coordinates":[[[-122.267974,37.851483],[-122.268357,37.851434],[-122.268374,37.851513],[-122.26838,37.851543],[-122.267997,37.851591],[-122.267974,37.851483]]]},"properties":{"APN":"16-1430-4","SitusAddress":"6615 TREMONT ST OAKLAND 94609"}},{"type":"Feature","geometry":{"type":"Polygon","coordinates":[[[-122.267952,37.851375],[-122.268335,37.851326],[-122.268353,37.851416],[-122.268357,37.851434],[-122.267974,37.851483],[-122.267952,37.851375]]]},"properties":{"APN":"16-1430-5","SitusAddress":"6611 TREMONT ST OAKLAND 94609"}},{"type":"Feature","geometry":{"type":"Polygon","coordinates":[[[-122.267929,37.851266],[-122.268124,37.851242],[-122.268312,37.851218],[-122.268333,37.851318],[-122.268335,37.851326],[-122.267952,37.851375],[-122.267929,37.851266]]]},"properties":{"APN":"16-1430-6","SitusAddress":"6607 TREMONT ST OAKLAND 94609"}},{"type":"Feature","geometry":{"type":"Polygon","coordinates":[[[-122.268102,37.851133],[-122.268124,37.851242],[-122.267929,37.851266],[-122.267907,37.851158],[-122.268102,37.851133]]]},"properties":{"APN":"16-1430-7","SitusAddress":"6601 TREMONT ST OAKLAND 94609"}},{"type":"Feature","geometry":{"type":"Polygon","coordinates":[[[-122.268102,37.851133],[-122.26829,37.851109],[-122.268312,37.851218],[-122.268124,37.851242],[-122.268102,37.851133]]]},"properties":{"APN":"16-1430-8","SitusAddress":"782 FAIRVIEW ST OAKLAND 94609"}},{"type":"Feature","geometry":{"type":"Polygon","coordinates":[[[-122.26829,37.851109],[-122.268481,37.851085],[-122.268504,37.851193],[-122.268312,37.851218],[-122.26829,37.851109]]]},"properties":{"APN":"16-1430-9","SitusAddress":"790 FAIRVIEW ST OAKLAND 94609"}},{"type":"Feature","geometry":{"type":"Polygon","coordinates":[[[-122.248401,37.850302],[-122.248737,37.850195],[-122.248741,37.850206],[-122.248751,37.850234],[-122.248763,37.850262],[-122.248775,37.85029],[-122.248787,37.850318],[-122.248803,37.850351],[-122.248473,37.850456],[-122.248401,37.850302]]]},"properties":{"APN":"48A-7065-1","SitusAddress":"6451 FLORIO ST OAKLAND 94618"}},{"type":"Feature","geometry":{"type":"Polygon","coordinates":[[[-122.248026,37.85042],[-122.248401,37.850302],[-122.248473,37.850456],[-122.248135,37.850563],[-122.248026,37.85042]]]},"properties":{"APN":"48A-7065-2","SitusAddress":"6475 FLORIO ST OAKLAND 94618"}},{"type":"Feature","geometry":{"type":"Polygon","coordinates":[[[-122.248026,37.85042],[-122.247944,37.850313],[-122.248346,37.850186],[-122.248401,37.850302],[-122.248026,37.85042]]]},"properties":{"APN":"48A-7065-3","SitusAddress":"6027 ROSS ST OAKLAND 94618"}},{"type":"Feature","geometry":{"type":"Polygon","coordinates":[[[-122.247861,37.850206],[-122.248012,37.850158],[-122.248152,37.850114],[-122.248292,37.85007],[-122.24834,37.850173],[-122.248346,37.850186],[-122.247944,37.850313],[-122.247861,37.850206]]]},"properties":{"APN":"48A-7065-4","SitusAddress":"6021 ROSS ST OAKLAND 94618"}},{"type":"Feature","geometry":{"type":"Polygon","coordinates":[[[-122.247838,37.849881],[-122.248012,37.850158],[-122.247861,37.850206],[-122.247635,37.849911],[-122.247654,37.849909],[-122.247673,37.849908],[-122.247691,37.849906],[-122.24771,37.849904],[-122.247729,37.849901],[-122.247747,37.849898],[-122.247766,37.849896],[-122.247784,37.849892],[-122.247802,37.849889],[-122.247821,37.849885],[-122.247838,37.849881]]]},"properties":{"APN":"48A-7065-5","SitusAddress":"6001 ROSS ST OAKLAND 94618"}},{"type":"Feature","geometry":{"type":"Polygon","coordinates":[[[-122.247838,37.849881],[-122.247839,37.849881],[-122.247857,37.849877],[-122.247875,37.849873],[-122.247893,37.849868],[-122.247911,37.849863],[-122.247928,37.849858],[-122.247946,37.849852],[-122.247963,37.849847],[-122.247981,37.849841],[-122.247998,37.849835],[-122.248,37.849834],[-122.248152,37.850114],[-122.248012,37.850158],[-122.247838,37.849881]]]},"properties":{"APN":"48A-7065-6","SitusAddress":"6216 HARWOOD AVE OAKLAND 94618"}},{"type":"Feature","geometry":{"type":"Polygon","coordinates":[[[-122.248,37.849834],[-122.248015,37.849828],[-122.248032,37.849822],[-122.248049,37.849815],[-122.248065,37.849808],[-122.248082,37.8498],[-122.248098,37.849793],[-122.248114,37.849785],[-122.24813,37.849777],[-122.248146,37.849769],[-122.24815,37.849766],[-122.248246,37.849972],[-122.248292,37.85007],[-122.248152,37.850114],[-122.248,37.849834]]]},"properties":{"APN":"48A-7065-7","SitusAddress":"6208 HARWOOD AVE OAKLAND 94618"}},{"type":"Feature","geometry":{"type":"Polygon","coordinates":[[[-122.248292,37.85007],[-122.248246,37.849972],[-122.248413,37.849919],[-122.248424,37.849939],[-122.248662,37.849864],[-122.248664,37.849889],[-122.248668,37.849918],[-122.248672,37.849947],[-122.248677,37.849977],[-122.248683,37.850006],[-122.248689,37.850035],[-122.248696,37.85006],[-122.24834,37.850173],[-122.248292,37.85007]]]},"properties":{"APN":"48A-7065-11","SitusAddress":"6026 ROCKWELL ST OAKLAND 94618"}},{"type":"Feature","geometry":{"type":"Polygon","coordinates":[[[-122.248346,37.850186],[-122.24834,37.850173],[-122.248696,37.85006],[-122.248696,37.850063],[-122.248704,37.850092],[-122.248712,37.850121],[-122.248721,37.850149],[-122.24873,37.850178],[-122.248737,37.850195],[-122.248401,37.850302],[-122.248346,37.850186]]]},"properties":{"APN":"48A-7065-12","SitusAddress":"6036 ROCKWELL ST OAKLAND 94618"}},{"type":"Feature","geometry":{"type":"Polygon","coordinates":[[[-122.2489,37.850148],[-122.24929,37.85003],[-122.249343,37.850181],[-122.248964,37.850301],[-122.248949,37.85027],[-122.248938,37.850244],[-122.248927,37.850219],[-122.248916,37.850193],[-122.248907,37.850167],[-122.2489,37.850148]]]},"properties":{"APN":"48A-7066-1","SitusAddress":"6055 ROCKWELL ST OAKLAND 94618"}},{"type":"Feature","geometry":{"type":"Polygon","coordinates":[[[-122.248856,37.849992],[-122.249241,37.84989],[-122.24929,37.85003],[-122.2489,37.850148],[-122.248897,37.850141],[-122.248889,37.850115],[-122.248881,37.850089],[-122.248873,37.850063],[-122.248866,37.850036],[-122.24886,37.85001],[-122.248856,37.849992]]]},"properties":{"APN":"48A-7066-2","SitusAddress":"6043 ROCKWELL ST OAKLAND 94618"}},{"type":"Feature","geometry":{"type":"Polygon","coordinates":[[[-122.24972,37.849712],[-122.249873,37.849649],[-122.250056,37.849951],[-122.249896,37.850004],[-122.24972,37.849712]]]},"properties":{"APN":"48A-7066-23","SitusAddress":"6365 FLORIO ST OAKLAND 94618"}},{"type":"Feature","geometry":{"type":"Polygon","coordinates":[[[-122.249896,37.850004],[-122.249758,37.850049],[-122.249606,37.849759],[-122.24972,37.849712],[-122.249896,37.850004]]]},"properties":{"APN":"48A-7066-24","SitusAddress":"6371 FLORIO ST OAKLAND 94618"}},{"type":"Feature","geometry":{"type":"Polygon","coordinates":[[[-122.249758,37.850049],[-122.249562,37.850111],[-122.249445,37.849797],[-122.249597,37.849763],[-122.249606,37.849759],[-122.249758,37.850049]]]},"properties":{"APN":"48A-7066-25","SitusAddress":"6381 FLORIO ST OAKLAND 94618"}},{"type":"Feature","geometry":{"type":"Polygon","coordinates":[[[-122.249667,37.849493],[-122.249835,37.849429],[-122.249907,37.849546],[-122.249907,37.849547],[-122.249906,37.849547],[-122.249829,37.849576],[-122.249873,37.849649],[-122.24972,37.849712],[-122.249606,37.849759],[-122.249597,37.849763],[-122.249445,37.849797],[-122.249562,37.850111],[-122.24951,37.850128],[-122.24941,37.849846],[-122.24935,37.849679],[-122.249306,37.849554],[-122.249516,37.849519],[-122.249667,37.849493]]]},"properties":{"APN":"48A-7066-26","SitusAddress":"6389 FLORIO ST OAKLAND 94618"}},{"type":"Feature","geometry":{"type":"Polygon","coordinates":[[[-122.24951,37.850128],[-122.249343,37.850181],[-122.24929,37.85003],[-122.249241,37.84989],[-122.24941,37.849846],[-122.24951,37.850128]]]},"properties":{"APN":"48A-7066-27","SitusAddress":"6401 FLORIO ST OAKLAND 94618"}},{"type":"Feature","geometry":{"type":"Polygon","coordinates":[[[-122.252524,37.85061],[-122.252777,37.850577],[-122.252903,37.85056],[-122.252927,37.850737],[-122.25293,37.85076],[-122.252932,37.850778],[-122.252569,37.850826],[-122.252564,37.850827],[-122.252546,37.850829],[-122.252524,37.85061]]]},"properties":{"APN":"48A-7069-1-1","SitusAddress":"6315 COLLEGE AVE OAKLAND 94618"}},{"type":"Feature","geometry":{"type":"Polygon","coordinates":[[[-122.252777,37.850577],[-122.252524,37.85061],[-122.252504,37.850409],[-122.252735,37.850378],[-122.252777,37.850577]]]},"properties":{"APN":"48A-7069-3","SitusAddress":"6301 COLLEGE AVE OAKLAND 94618"}},{"type":"Feature","geometry":{"type":"Polygon","coordinates":[[[-122.252903,37.85056],[-122.252777,37.850577],[-122.252735,37.850378],[-122.252876,37.850359],[-122.252903,37.85056]]]},"properties":{"APN":"48A-7069-4","SitusAddress":"310 63RD ST OAKLAND 94618"}},{"type":"Feature","geometry":{"type":"Polygon","coordinates":[[[-122.252666,37.850092],[-122.252719,37.850085],[-122.252817,37.850072],[-122.252831,37.85021],[-122.252695,37.850228],[-122.252666,37.850092]]]},"properties":{"APN":"48A-7069-6","SitusAddress":"309 63RD ST OAKLAND 94618"}},{"type":"Feature","geometry":{"type":"Polygon","coordinates":[[[-122.252475,37.850118],[-122.252666,37.850092],[-122.252695,37.850228],[-122.252489,37.850255],[-122.252475,37.850118]]]},"properties":{"APN":"48A-7069-7","SitusAddress":"305 63RD ST OAKLAND 94618"}},{"type":"Feature","geometry":{"type":"Polygon","coordinates":[[[-122.252466,37.850025],[-122.2527,37.849994],[-122.252719,37.850085],[-122.252666,37.850092],[-122.252475,37.850118],[-122.252466,37.850025]]]},"properties":{"APN":"48A-7069-8-2","SitusAddress":"6247 COLLEGE AVE OAKLAND 94618"}},{"type":"Feature","geometry":{"type":"Polygon","coordinates":[[[-122.252451,37.849877],[-122.252767,37.849835],[-122.25289,37.849819],[-122.252892,37.849827],[-122.252946,37.850194],[-122.252831,37.85021],[-122.252817,37.850072],[-122.252719,37.850085],[-122.2527,37.849994],[-122.252466,37.850025],[-122.252451,37.849877]]]},"properties":{"APN":"48A-7069-9-1","SitusAddress":"6235 COLLEGE AVE OAKLAND 94618"}},{"type":"Feature","geometry":{"type":"Polygon","coordinates":[[[-122.25142,37.851146],[-122.25126,37.851197],[-122.251099,37.851248],[-122.251099,37.851248],[-122.251022,37.851209],[-122.251001,37.851198],[-122.251889,37.850097],[-122.252286,37.850298],[-122.252342,37.850853],[-122.251903,37.850993],[-122.251742,37.851044],[-122.251581,37.851095],[-122.25142,37.851146]]]},"properties":{"APN":"48A-7070-1-4","SitusAddress":"6310 COLLEGE AVE OAKLAND 94618"}},{"type":"Feature","geometry":{"type":"Polygon","coordinates":[[[-122.251889,37.850097],[-122.252225,37.849682],[-122.252286,37.850298],[-122.251889,37.850097]]]},"properties":{"APN":"48A-7070-7-4","SitusAddress":"6300 COLLEGE AVE OAKLAND 94618"}},{"type":"Feature","geometry":{"type":"Polygon","coordinates":[[[-122.251041,37.8503],[-122.251019,37.850307],[-122.250963,37.850196],[-122.250907,37.850085],[-122.250798,37.849868],[-122.251647,37.849599],[-122.251684,37.849662],[-122.251846,37.849774],[-122.25141,37.850315],[-122.251243,37.850236],[-122.251041,37.8503]]]},"properties":{"APN":"48A-7071-1-5","SitusAddress":"6230 CLAREMONT AVE OAKLAND 94618"}},{"type":"Feature","geometry":{"type":"Polygon","coordinates":[[[-122.250952,37.850843],[-122.25078,37.850501],[-122.251026,37.850423],[-122.251041,37.8503],[-122.251243,37.850236],[-122.25141,37.850315],[-122.250982,37.850845],[-122.250982,37.850846],[-122.250981,37.850846],[-122.25098,37.850847],[-122.250979,37.850848],[-122.250978,37.850849],[-122.250976,37.850849],[-122.250975,37.85085],[-122.250974,37.85085],[-122.250973,37.85085],[-122.250972,37.850851],[-122.250971,37.850851],[-122.250969,37.850851],[-122.250967,37.850851],[-122.250966,37.850851],[-122.250964,37.850851],[-122.250963,37.85085],[-122.250962,37.85085],[-122.250961,37.85085],[-122.250959,37.850849],[-122.250958,37.850848],[-122.250957,37.850848],[-122.250956,37.850847],[-122.250955,37.850846],[-122.250954,37.850845],[-122.250953,37.850845],[-122.250953,37.850844],[-122.250952,37.850843]]]},"properties":{"APN":"48A-7071-6-3","SitusAddress":"6248 CLAREMONT AVE OAKLAND 94618"}},{"type":"Feature","geometry":{"type":"Polygon","coordinates":[[[-122.250729,37.850399],[-122.251019,37.850307],[-122.251041,37.8503],[-122.251026,37.850423],[-122.25078,37.850501],[-122.250729,37.850399]]]},"properties":{"APN":"48A-7071-8","SitusAddress":"6225 AUBURN AVE OAKLAND 94618"}},{"type":"Feature","geometry":{"type":"Polygon","coordinates":[[[-122.250673,37.850288],[-122.250963,37.850196],[-122.251019,37.850307],[-122.250729,37.850399],[-122.250673,37.850288]]]},"properties":{"APN":"48A-7071-9","SitusAddress":"6221 AUBURN AVE OAKLAND 94618"}},{"type":"Feature","geometry":{"type":"Polygon","coordinates":[[[-122.250618,37.850177],[-122.250778,37.850126],[-122.250907,37.850085],[-122.250963,37.850196],[-122.250673,37.850288],[-122.250618,37.850177]]]},"properties":{"APN":"48A-7071-10","SitusAddress":"6215 AUBURN AVE OAKLAND 94618"}},{"type":"Feature","geometry":{"type":"Polygon","coordinates":[[[-122.250669,37.849909],[-122.250778,37.850126],[-122.250618,37.850177],[-122.250509,37.84996],[-122.250669,37.849909]]]},"properties":{"APN":"48A-7071-11","SitusAddress":"6201 AUBURN AVE OAKLAND 94618"}},{"type":"Feature","geometry":{"type":"Polygon","coordinates":[[[-122.250669,37.849909],[-122.250798,37.849868],[-122.250907,37.850085],[-122.250778,37.850126],[-122.250669,37.849909]]]},"properties":{"APN":"48A-7071-12","SitusAddress":"6312 FLORIO ST OAKLAND 94618"}},{"type":"Feature","geometry":{"type":"Polygon","coordinates":[[[-122.250051,37.851422],[-122.250191,37.851412],[-122.250199,37.851412],[-122.250209,37.851433],[-122.250248,37.851512],[-122.250139,37.851547],[-122.250118,37.851554],[-122.250061,37.851441],[-122.250051,37.851422]]]},"properties":{"APN":"48A-7072-5","SitusAddress":"6400 MYSTIC ST BERKELEY 94618"}},{"type":"Feature","geometry":{"type":"Polygon","coordinates":[[[-122.250148,37.85131],[-122.250199,37.851412],[-122.250191,37.851412],[-122.250051,37.851422],[-122.250017,37.851351],[-122.250148,37.85131]]]},"properties":{"APN":"48A-7072-6","SitusAddress":"6400 MYSTIC ST OAKLAND 94618"}},{"type":"Feature","geometry":{"type":"Polygon","coordinates":[[[-122.250148,37.85131],[-122.250277,37.851269],[-122.250315,37.851346],[-122.250342,37.851399],[-122.250199,37.851412],[-122.250148,37.85131]]]},"properties":{"APN":"48A-7072-7","SitusAddress":"6368 MYSTIC ST OAKLAND 94618"}},{"type":"Feature","geometry":{"type":"Polygon","coordinates":[[[-122.250378,37.851471],[-122.25036,37.851476],[-122.250248,37.851512],[-122.250209,37.851433],[-122.250199,37.851412],[-122.250342,37.851399],[-122.250355,37.851426],[-122.250378,37.851471]]]},"properties":{"APN":"48A-7072-8","SitusAddress":"6368 MYSTIC ST BERKELEY 94618"}},{"type":"Feature","geometry":{"type":"Polygon","coordinates":[[[-122.250342,37.851399],[-122.250487,37.851392],[-122.250502,37.851418],[-122.250509,37.851429],[-122.250506,37.851429],[-122.250378,37.851471],[-122.250355,37.851426],[-122.250342,37.851399]]]},"properties":{"APN":"48A-7072-9","SitusAddress":"6364 MYSTIC ST BERKELEY 94618"}},{"type":"Feature","geometry":{"type":"Polygon","coordinates":[[[-122.250277,37.851269],[-122.250406,37.851229],[-122.250487,37.851392],[-122.250342,37.851399],[-122.250315,37.851346],[-122.250277,37.851269]]]},"properties":{"APN":"48A-7072-10","SitusAddress":"6364 MYSTIC ST OAKLAND 94618"}},{"type":"Feature","geometry":{"type":"Polygon","coordinates":[[[-122.250406,37.851229],[-122.250715,37.851131],[-122.250716,37.851131],[-122.250717,37.85113],[-122.250719,37.85113],[-122.250721,37.85113],[-122.250723,37.85113],[-122.250724,37.85113],[-122.250725,37.85113],[-122.250727,37.851131],[-122.250728,37.851131],[-122.250729,37.851132],[-122.25073,37.851132],[-122.250731,37.851133],[-122.250732,37.851133],[-122.250733,37.851134],[-122.250734,37.851135],[-122.250735,37.851136],[-122.250736,37.851137],[-122.250736,37.851138],[-122.250737,37.851139],[-122.250737,37.85114],[-122.250738,37.851141],[-122.250738,37.851142],[-122.250738,37.851143],[-122.250738,37.851144],[-122.250738,37.851145],[-122.250738,37.851146],[-122.250738,37.851147],[-122.250737,37.851148],[-122.250737,37.851149],[-122.250736,37.85115],[-122.250736,37.851151],[-122.250546,37.851385],[-122.250487,37.851392],[-122.250406,37.851229]]]},"properties":{"APN":"48A-7072-11","SitusAddress":"6300 CLAREMONT AVE OAKLAND 94618"}},{"type":"Feature","geometry":{"type":"Polygon","coordinates":[[[-122.250487,37.851392],[-122.250546,37.851385],[-122.250518,37.851417],[-122.250509,37.851429],[-122.250502,37.851418],[-122.250487,37.851392]]]},"properties":{"APN":"48A-7072-12","SitusAddress":"6300 CLAREMONT AVE BERKELEY 94618"}},{"type":"Feature","geometry":{"type":"Polygon","coordinates":[[[-122.250467,37.850916],[-122.250757,37.850825],[-122.250819,37.85095],[-122.25053,37.851041],[-122.250467,37.850916]]]},"properties":{"APN":"48A-7073-1","SitusAddress":"6248 AUBURN AVE OAKLAND 94618"}},{"type":"Feature","geometry":{"type":"Polygon","coordinates":[[[-122.250177,37.851008],[-122.250467,37.850916],[-122.25053,37.851041],[-122.25024,37.851133],[-122.250177,37.851008]]]},"properties":{"APN":"48A-7073-2","SitusAddress":"6249 MANOA ST OAKLAND 94618"}},{"type":"Feature","geometry":{"type":"Polygon","coordinates":[[[-122.250104,37.850862],[-122.250394,37.850771],[-122.250399,37.850781],[-122.250467,37.850916],[-122.250177,37.851008],[-122.250104,37.850862]]]},"properties":{"APN":"48A-7073-3","SitusAddress":"6241 MANOA ST OAKLAND 94618"}},{"type":"Feature","geometry":{"type":"Polygon","coordinates":[[[-122.250047,37.850748],[-122.250337,37.850656],[-122.250394,37.850771],[-122.250104,37.850862],[-122.250047,37.850748]]]},"properties":{"APN":"48A-7073-4","SitusAddress":"6233 MANOA ST OAKLAND 94618"}},{"type":"Feature","geometry":{"type":"Polygon","coordinates":[[[-122.249989,37.850633],[-122.250279,37.850542],[-122.250334,37.850651],[-122.250337,37.850656],[-122.250047,37.850748],[-122.249989,37.850633]]]},"properties":{"APN":"48A-7073-5","SitusAddress":"6225 MANOA ST OAKLAND 94618"}},{"type":"Feature","geometry":{"type":"Polygon","coordinates":[[[-122.249935,37.850526],[-122.250225,37.850434],[-122.250279,37.850542],[-122.249989,37.850633],[-122.249935,37.850526]]]},"properties":{"APN":"48A-7073-6","SitusAddress":"6221 MANOA ST OAKLAND 94618"}},{"type":"Feature","geometry":{"type":"Polygon","coordinates":[[[-122.249881,37.850419],[-122.250171,37.850327],[-122.250225,37.850434],[-122.249935,37.850526],[-122.249881,37.850419]]]},"properties":{"APN":"48A-7073-7","SitusAddress":"6215 MANOA ST OAKLAND 94618"}},{"type":"Feature","geometry":{"type":"Polygon","coordinates":[[[-122.249828,37.850312],[-122.250117,37.85022],[-122.250171,37.850327],[-122.249881,37.850419],[-122.249828,37.850312]]]},"properties":{"APN":"48A-7073-8","SitusAddress":"6207 MANOA ST OAKLAND 94618"}},{"type":"Feature","geometry":{"type":"Polygon","coordinates":[[[-122.250117,37.85022],[-122.249828,37.850312],[-122.249768,37.850194],[-122.250058,37.850102],[-122.250117,37.85022]]]},"properties":{"APN":"48A-7073-9","SitusAddress":"6364 FLORIO ST OAKLAND 94618"}},{"type":"Feature","geometry":{"type":"Polygon","coordinates":[[[-122.250058,37.850102],[-122.250348,37.850011],[-122.250407,37.850128],[-122.250117,37.85022],[-122.250058,37.850102]]]},"properties":{"APN":"48A-7073-10","SitusAddress":"6356 FLORIO ST OAKLAND 94618"}},{"type":"Feature","geometry":{"type":"Polygon","coordinates":[[[-122.250117,37.85022],[-122.250407,37.850128],[-122.250461,37.850235],[-122.250171,37.850327],[-122.250117,37.85022]]]},"properties":{"APN":"48A-7073-11","SitusAddress":"6206 AUBURN AVE OAKLAND 94618"}},{"type":"Feature","geometry":{"type":"Polygon","coordinates":[[[-122.250171,37.850327],[-122.250461,37.850235],[-122.250515,37.850343],[-122.250225,37.850434],[-122.250171,37.850327]]]},"properties":{"APN":"48A-7073-12","SitusAddress":"6212 AUBURN AVE OAKLAND 94618"}},{"type":"Feature","geometry":{"type":"Polygon","coordinates":[[[-122.250569,37.85045],[-122.250279,37.850542],[-122.250225,37.850434],[-122.250515,37.850343],[-122.250569,37.85045]]]},"properties":{"APN":"48A-7073-13","SitusAddress":"6218 AUBURN AVE OAKLAND 94618"}},{"type":"Feature","geometry":{"type":"Polygon","coordinates":[[[-122.250279,37.850542],[-122.250569,37.85045],[-122.250624,37.85056],[-122.250334,37.850651],[-122.250279,37.850542]]]},"properties":{"APN":"48A-7073-14","SitusAddress":"6224 AUBURN AVE OAKLAND 94618"}},{"type":"Feature","geometry":{"type":"Polygon","coordinates":[[[-122.250394,37.850771],[-122.250337,37.850656],[-122.250334,37.850651],[-122.250624,37.85056],[-122.250689,37.85069],[-122.250399,37.850781],[-122.250394,37.850771]]]},"properties":{"APN":"48A-7073-15","SitusAddress":"6232 AUBURN AVE OAKLAND 94618"}},{"type":"Feature","geometry":{"type":"Polygon","coordinates":[[[-122.250399,37.850781],[-122.250689,37.85069],[-122.250757,37.850825],[-122.250467,37.850916],[-122.250399,37.850781]]]},"properties":{"APN":"48A-7073-16","SitusAddress":"6240 AUBURN AVE OAKLAND 94618"}},{"type":"Feature","geometry":{"type":"Polygon","coordinates":[[[-122.249739,37.851174],[-122.249727,37.851151],[-122.250016,37.851059],[-122.250079,37.851184],[-122.24979,37.851276],[-122.249739,37.851174]]]},"properties":{"APN":"48A-7074-1","SitusAddress":"6248 MANOA ST OAKLAND 94618"}},{"type":"Feature","geometry":{"type":"Polygon","coordinates":[[[-122.24945,37.851265],[-122.249739,37.851174],[-122.24979,37.851276],[-122.249501,37.851367],[-122.24945,37.851265]]]},"properties":{"APN":"48A-7074-2","SitusAddress":"6419 MYSTIC ST OAKLAND 94618"}},{"type":"Feature","geometry":{"type":"Polygon","coordinates":[[[-122.249399,37.851166],[-122.249689,37.851074],[-122.249727,37.851151],[-122.249739,37.851174],[-122.24945,37.851265],[-122.249399,37.851166]]]},"properties":{"APN":"48A-7074-3","SitusAddress":"6243 ROCKWELL ST OAKLAND 94618"}},{"type":"Feature","geometry":{"type":"Polygon","coordinates":[[[-122.249349,37.851066],[-122.249639,37.850975],[-122.249662,37.85102],[-122.249689,37.851074],[-122.249399,37.851166],[-122.249349,37.851066]]]},"properties":{"APN":"48A-7074-4","SitusAddress":"6237 ROCKWELL ST OAKLAND 94618"}},{"type":"Feature","geometry":{"type":"Polygon","coordinates":[[[-122.2493,37.850967],[-122.249589,37.850875],[-122.249598,37.850893],[-122.249639,37.850975],[-122.249349,37.851066],[-122.2493,37.850967]]]},"properties":{"APN":"48A-7074-5","SitusAddress":"6231 ROCKWELL ST OAKLAND 94618"}},{"type":"Feature","geometry":{"type":"Polygon","coordinates":[[[-122.249245,37.85086],[-122.249535,37.850768],[-122.249539,37.850776],[-122.249589,37.850875],[-122.2493,37.850967],[-122.249245,37.85086]]]},"properties":{"APN":"48A-7074-6","SitusAddress":"6225 ROCKWELL ST OAKLAND 94618"}},{"type":"Feature","geometry":{"type":"Polygon","coordinates":[[[-122.249171,37.850711],[-122.24946,37.85062],[-122.249485,37.850668],[-122.249535,37.850768],[-122.249245,37.85086],[-122.249171,37.850711]]]},"properties":{"APN":"48A-7074-7","SitusAddress":"6219 ROCKWELL ST OAKLAND 94618"}},{"type":"Feature","geometry":{"type":"Polygon","coordinates":[[[-122.249096,37.850563],[-122.249386,37.850472],[-122.249431,37.850561],[-122.24946,37.85062],[-122.249171,37.850711],[-122.249096,37.850563]]]},"properties":{"APN":"48A-7074-8","SitusAddress":"6209 ROCKWELL ST OAKLAND 94618"}},{"type":"Feature","geometry":{"type":"Polygon","coordinates":[[[-122.249318,37.850336],[-122.249377,37.850454],[-122.249386,37.850472],[-122.249096,37.850563],[-122.249028,37.850428],[-122.249318,37.850336]]]},"properties":{"APN":"48A-7074-9","SitusAddress":"6201 ROCKWELL ST OAKLAND 94618"}},{"type":"Feature","geometry":{"type":"Polygon","coordinates":[[[-122.249667,37.850362],[-122.249377,37.850454],[-122.249318,37.850336],[-122.249608,37.850245],[-122.249667,37.850362]]]},"properties":{"APN":"48A-7074-10","SitusAddress":"6200 MANOA ST OAKLAND 94618"}},{"type":"Feature","geometry":{"type":"Polygon","coordinates":[[[-122.249386,37.850472],[-122.249377,37.850454],[-122.249667,37.850362],[-122.249721,37.85047],[-122.249431,37.850561],[-122.249386,37.850472]]]},"properties":{"APN":"48A-7074-11","SitusAddress":"6206 MANOA ST OAKLAND 94618"}},{"type":"Feature","geometry":{"type":"Polygon","coordinates":[[[-122.24946,37.85062],[-122.249431,37.850561],[-122.249721,37.85047],[-122.249774,37.850577],[-122.249485,37.850668],[-122.24946,37.85062]]]},"properties":{"APN":"48A-7074-12","SitusAddress":"6212 MANOA ST OAKLAND 94618"}},{"type":"Feature","geometry":{"type":"Polygon","coordinates":[[[-122.249535,37.850768],[-122.249485,37.850668],[-122.249774,37.850577],[-122.249828,37.850684],[-122.249539,37.850776],[-122.249535,37.850768]]]},"properties":{"APN":"48A-7074-13","SitusAddress":"6218 MANOA ST OAKLAND 94618"}},{"type":"Feature","geometry":{"type":"Polygon","coordinates":[[[-122.249589,37.850875],[-122.249539,37.850776],[-122.249828,37.850684],[-122.249887,37.850801],[-122.249598,37.850893],[-122.249589,37.850875]]]},"properties":{"APN":"48A-7074-14","SitusAddress":"6224 MANOA ST OAKLAND 94618"}},{"type":"Feature","geometry":{"type":"Polygon","coordinates":[[[-122.249639,37.850975],[-122.249598,37.850893],[-122.249887,37.850801],[-122.249951,37.850929],[-122.249662,37.85102],[-122.249639,37.850975]]]},"properties":{"APN":"48A-7074-15","SitusAddress":"6232 MANOA ST OAKLAND 94618"}},{"type":"Feature","geometry":{"type":"Polygon","coordinates":[[[-122.249689,37.851074],[-122.249662,37.85102],[-122.249951,37.850929],[-122.250016,37.851059],[-122.249727,37.851151],[-122.249689,37.851074]]]},"properties":{"APN":"48A-7074-16","SitusAddress":"6240 MANOA ST OAKLAND 94618"}},{"type":"Feature","geometry":{"type":"Polygon","coordinates":[[[-122.24854,37.851196],[-122.248552,37.851192],[-122.248592,37.851241],[-122.248791,37.851178],[-122.248819,37.851228],[-122.24887,37.851212],[-122.24887,37.851213],[-122.24887,37.851215],[-122.24887,37.851216],[-122.24887,37.851218],[-122.24887,37.851219],[-122.24887,37.85122],[-122.24887,37.851222],[-122.24887,37.851223],[-122.248871,37.851224],[-122.248871,37.851225],[-122.248871,37.851227],[-122.248872,37.851228],[-122.248872,37.851229],[-122.248873,37.851231],[-122.248874,37.851232],[-122.248916,37.851316],[-122.248706,37.851382],[-122.248696,37.851385],[-122.24854,37.851196]]]},"properties":{"APN":"48A-7075-1","SitusAddress":"6232 ROCKWELL ST OAKLAND 94618"}},{"type":"Feature","geometry":{"type":"Polygon","coordinates":[[[-122.248552,37.851192],[-122.24852,37.851155],[-122.248523,37.851094],[-122.248539,37.851089],[-122.248766,37.851018],[-122.248808,37.851101],[-122.248808,37.851102],[-122.248809,37.851103],[-122.248809,37.851104],[-122.24881,37.851106],[-122.248811,37.851107],[-122.248812,37.851108],[-122.248813,37.851109],[-122.248814,37.85111],[-122.248815,37.851111],[-122.248763,37.851127],[-122.248791,37.851178],[-122.248592,37.851241],[-122.248552,37.851192]]]},"properties":{"APN":"48A-7075-2","SitusAddress":"6225 ROSS ST OAKLAND 94618"}},{"type":"Feature","geometry":{"type":"Polygon","coordinates":[[[-122.248425,37.850941],[-122.248734,37.850848],[-122.248764,37.850888],[-122.248757,37.85089],[-122.248814,37.851002],[-122.248766,37.851018],[-122.248539,37.851089],[-122.248425,37.850941]]]},"properties":{"APN":"48A-7075-3","SitusAddress":"6217 ROSS ST OAKLAND 94618"}},{"type":"Feature","geometry":{"type":"Polygon","coordinates":[[[-122.248334,37.850823],[-122.248643,37.85073],[-122.248677,37.850775],[-122.248734,37.850848],[-122.248425,37.850941],[-122.248334,37.850823]]]},"properties":{"APN":"48A-7075-4","SitusAddress":"6209 ROSS ST OAKLAND 94618"}},{"type":"Feature","geometry":{"type":"Polygon","coordinates":[[[-122.248633,37.850553],[-122.248735,37.850756],[-122.248677,37.850775],[-122.248643,37.85073],[-122.248334,37.850823],[-122.248226,37.850682],[-122.248633,37.850553]]]},"properties":{"APN":"48A-7075-5","SitusAddress":"6201 ROSS ST OAKLAND 94618"}},{"type":"Feature","geometry":{"type":"Polygon","coordinates":[[[-122.24897,37.850682],[-122.248735,37.850756],[-122.248633,37.850553],[-122.248868,37.850479],[-122.24897,37.850682]]]},"properties":{"APN":"48A-7075-6","SitusAddress":"6200 ROCKWELL ST OAKLAND 94618"}},{"type":"Feature","geometry":{"type":"Polygon","coordinates":[[[-122.248734,37.850848],[-122.248677,37.850775],[-122.248735,37.850756],[-122.24897,37.850682],[-122.249031,37.850803],[-122.248764,37.850888],[-122.248734,37.850848]]]},"properties":{"APN":"48A-7075-7","SitusAddress":"6212 ROCKWELL ST OAKLAND 94618"}},{"type":"Feature","geometry":{"type":"Polygon","coordinates":[[[-122.248764,37.850888],[-122.249031,37.850803],[-122.249087,37.850916],[-122.248814,37.851002],[-122.248757,37.85089],[-122.248764,37.850888]]]},"properties":{"APN":"48A-7075-8","SitusAddress":"6218 ROCKWELL ST OAKLAND 94618"}},{"type":"Feature","geometry":{"type":"Polygon","coordinates":[[[-122.248815,37.851111],[-122.248814,37.85111],[-122.248813,37.851109],[-122.248812,37.851108],[-122.248811,37.851107],[-122.24881,37.851106],[-122.248809,37.851104],[-122.248809,37.851103],[-122.248808,37.851102],[-122.248808,37.851101],[-122.248766,37.851018],[-122.248814,37.851002],[-122.249087,37.850916],[-122.24915,37.851039],[-122.248878,37.851125],[-122.248876,37.851126],[-122.248874,37.851126],[-122.248873,37.851127],[-122.248871,37.851127],[-122.24887,37.851127],[-122.248868,37.851128],[-122.248866,37.851128],[-122.248865,37.851128],[-122.248863,37.851128],[-122.248861,37.851128],[-122.248859,37.851128],[-122.248858,37.851128],[-122.248857,37.851128],[-122.248855,37.851128],[-122.248853,37.851128],[-122.248851,37.851128],[-122.248849,37.851128],[-122.248848,37.851128],[-122.248846,37.851127],[-122.248845,37.851127],[-122.248843,37.851127],[-122.248842,37.851126],[-122.24884,37.851126],[-122.248838,37.851125],[-122.248837,37.851125],[-122.248835,37.851124],[-122.248834,37.851124],[-122.248832,37.851123],[-122.248831,37.851123],[-122.24883,37.851122],[-122.248828,37.851121],[-122.248827,37.851121],[-122.248826,37.85112],[-122.248824,37.851119],[-122.248823,37.851118],[-122.248822,37.851117],[-122.248821,37.851116],[-122.248819,37.851115],[-122.248818,37.851114],[-122.248817,37.851113],[-122.248816,37.851112],[-122.248815,37.851111]]]},"properties":{"APN":"48A-7075-9","SitusAddress":"6226 ROCKWELL ST OAKLAND 94618"}},{"type":"Feature","geometry":{"type":"Polygon","coordinates":[[[-122.248791,37.851178],[-122.248763,37.851127],[-122.248815,37.851111],[-122.248816,37.851112],[-122.248817,37.851113],[-122.248818,37.851114],[-122.248819,37.851115],[-122.248821,37.851116],[-122.248822,37.851117],[-122.248823,37.851118],[-122.248824,37.851119],[-122.248826,37.85112],[-122.248827,37.851121],[-122.248828,37.851121],[-122.24883,37.851122],[-122.248831,37.851123],[-122.248832,37.851123],[-122.248834,37.851124],[-122.248835,37.851124],[-122.248837,37.851125],[-122.248838,37.851125],[-122.24884,37.851126],[-122.248842,37.851126],[-122.248843,37.851127],[-122.248845,37.851127],[-122.248846,37.851127],[-122.248848,37.851128],[-122.248849,37.851128],[-122.248851,37.851128],[-122.248853,37.851128],[-122.248855,37.851128],[-122.248857,37.851128],[-122.248858,37.851128],[-122.248859,37.851128],[-122.248861,37.851128],[-122.248863,37.851128],[-122.248865,37.851128],[-122.248866,37.851128],[-122.248868,37.851128],[-122.24887,37.851127],[-122.248871,37.851127],[-122.248873,37.851127],[-122.248874,37.851126],[-122.248876,37.851126],[-122.248878,37.851125],[-122.24915,37.851039],[-122.249175,37.85109],[-122.248904,37.851176],[-122.248903,37.851177],[-122.248901,37.851177],[-122.2489,37.851178],[-122.248898,37.851178],[-122.248897,37.851179],[-122.248896,37.851179],[-122.248894,37.85118],[-122.248893,37.851181],[-122.248892,37.851182],[-122.248891,37.851182],[-122.248889,37.851183],[-122.248888,37.851184],[-122.248886,37.851185],[-122.248885,37.851186],[-122.248884,37.851188],[-122.248882,37.851189],[-122.248881,37.85119],[-122.24888,37.851191],[-122.248879,37.851192],[-122.248878,37.851193],[-122.248877,37.851194],[-122.248876,37.851196],[-122.248876,37.851197],[-122.248875,37.851198],[-122.248874,37.851199],[-122.248874,37.8512],[-122.248873,37.851202],[-122.248872,37.851203],[-122.248872,37.851205],[-122.248871,37.851206],[-122.248871,37.851207],[-122.248871,37.851208],[-122.24887,37.851209],[-122.24887,37.85121],[-122.24887,37.851212],[-122.248819,37.851228],[-122.248791,37.851178]]]},"properties":{"APN":"48A-7075-10","SitusAddress":"6232 ROCKWELL ST OAKLAND 94618"}},{"type":"Feature","geometry":{"type":"Polygon","coordinates":[[[-122.248874,37.851232],[-122.248873,37.851231],[-122.248872,37.851229],[-122.248872,37.851228],[-122.248871,37.851227],[-122.248871,37.851225],[-122.248871,37.851224],[-122.24887,37.851223],[-122.24887,37.851222],[-122.24887,37.85122],[-122.24887,37.851219],[-122.24887,37.851218],[-122.24887,37.851216],[-122.24887,37.851215],[-122.24887,37.851213],[-122.24887,37.851212],[-122.24887,37.85121],[-122.24887,37.851209],[-122.248871,37.851208],[-122.248871,37.851207],[-122.248871,37.851206],[-122.248872,37.851205],[-122.248872,37.851203],[-122.248873,37.851202],[-122.248874,37.8512],[-122.248874,37.851199],[-122.248875,37.851198],[-122.248876,37.851197],[-122.248876,37.851196],[-122.248877,37.851194],[-122.248878,37.851193],[-122.248879,37.851192],[-122.24888,37.851191],[-122.248881,37.85119],[-122.248882,37.851189],[-122.248884,37.851188],[-122.248885,37.851186],[-122.248886,37.851185],[-122.248888,37.851184],[-122.248889,37.851183],[-122.248891,37.851182],[-122.248892,37.851182],[-122.248893,37.851181],[-122.248894,37.85118],[-122.248896,37.851179],[-122.248897,37.851179],[-122.248898,37.851178],[-122.2489,37.851178],[-122.248901,37.851177],[-122.248903,37.851177],[-122.248904,37.851176],[-122.249175,37.85109],[-122.249237,37.851214],[-122.248916,37.851316],[-122.248874,37.851232]]]},"properties":{"APN":"48A-7075-11","SitusAddress":"6236 ROCKWELL ST OAKLAND 94618"}},{"type":"Feature","geometry":{"type":"Polygon","coordinates":[[[-122.249289,37.851316],[-122.248967,37.851418],[-122.248916,37.851316],[-122.249237,37.851214],[-122.249289,37.851316]]]},"properties":{"APN":"48A-7075-12","SitusAddress":"6242 ROCKWELL ST OAKLAND 94618"}},{"type":"Feature","geometry":{"type":"Polygon","coordinates":[[[-122.248706,37.851382],[-122.248916,37.851316],[-122.248967,37.851418],[-122.248993,37.851469],[-122.248791,37.851484],[-122.248706,37.851382]]]},"properties":{"APN":"48A-7075-14","SitusAddress":"6455 MYSTIC ST OAKLAND 94618"}},{"type":"Feature","geometry":{"type":"Polygon","coordinates":[[[-122.248993,37.851469],[-122.249232,37.851452],[-122.249042,37.851513],[-122.249011,37.851523],[-122.248993,37.851469]]]},"properties":{"APN":"48A-7075-15","SitusAddress":"6451 MYSTIC ST BERKELEY 94618"}},{"type":"Feature","geometry":{"type":"Polygon","coordinates":[[[-122.249232,37.851452],[-122.248993,37.851469],[-122.248967,37.851418],[-122.249289,37.851316],[-122.24934,37.851418],[-122.249232,37.851452]]]},"properties":{"APN":"48A-7075-16","SitusAddress":"6451 MYSTIC ST OAKLAND 94618"}},{"type":"Feature","geometry":{"type":"Polygon","coordinates":[[[-122.248246,37.851138],[-122.248009,37.851132],[-122.247996,37.850971],[-122.2482,37.850859],[-122.248328,37.851027],[-122.248329,37.851028],[-122.24833,37.851029],[-122.248331,37.85103],[-122.248331,37.851031],[-122.248332,37.851032],[-122.248333,37.851033],[-122.248334,37.851035],[-122.248334,37.851036],[-122.248335,37.851037],[-122.248335,37.851038],[-122.248336,37.851039],[-122.248337,37.851041],[-122.248337,37.851042],[-122.248338,37.851043],[-122.248338,37.851044],[-122.248338,37.851045],[-122.248339,37.851047],[-122.248339,37.851048],[-122.24834,37.851049],[-122.24834,37.85105],[-122.24834,37.851052],[-122.248341,37.851053],[-122.248341,37.851054],[-122.248341,37.851055],[-122.248341,37.851057],[-122.248341,37.851058],[-122.248341,37.851059],[-122.248342,37.851061],[-122.248342,37.851062],[-122.248342,37.851063],[-122.248342,37.851064],[-122.248342,37.851066],[-122.248342,37.851067],[-122.248342,37.851068],[-122.248342,37.851069],[-122.248341,37.851071],[-122.248341,37.851072],[-122.248341,37.851073],[-122.248341,37.851075],[-122.248341,37.851076],[-122.24834,37.851077],[-122.24834,37.851078],[-122.24834,37.85108],[-122.248339,37.851081],[-122.248339,37.851082],[-122.248339,37.851083],[-122.248338,37.851085],[-122.248338,37.851086],[-122.248337,37.851087],[-122.248337,37.851088],[-122.248336,37.851089],[-122.248336,37.851091],[-122.248335,37.851092],[-122.248334,37.851093],[-122.248334,37.851094],[-122.248333,37.851095],[-122.248332,37.851097],[-122.248332,37.851098],[-122.248331,37.851099],[-122.24833,37.8511],[-122.248329,37.851101],[-122.248329,37.851102],[-122.248328,37.851103],[-122.248327,37.851104],[-122.248326,37.851105],[-122.248325,37.851106],[-122.248324,37.851108],[-122.248323,37.851109],[-122.248322,37.85111],[-122.248321,37.851111],[-122.24832,37.851112],[-122.248319,37.851113],[-122.248318,37.851113],[-122.248317,37.851114],[-122.248316,37.851115],[-122.248315,37.851116],[-122.248314,37.851117],[-122.248313,37.851118],[-122.248311,37.851119],[-122.24831,37.85112],[-122.248309,37.851121],[-122.248308,37.851121],[-122.248306,37.851122],[-122.248305,37.851123],[-122.248304,37.851124],[-122.248303,37.851125],[-122.248301,37.851125],[-122.2483,37.851126],[-122.248299,37.851127],[-122.248297,37.851127],[-122.248296,37.851128],[-122.248294,37.851129],[-122.248293,37.851129],[-122.248292,37.85113],[-122.24829,37.85113],[-122.248289,37.851131],[-122.248287,37.851132],[-122.248286,37.851132],[-122.248284,37.851133],[-122.248283,37.851133],[-122.248281,37.851133],[-122.24828,37.851134],[-122.248278,37.851134],[-122.248277,37.851135],[-122.248275,37.851135],[-122.248273,37.851135],[-122.248272,37.851136],[-122.24827,37.851136],[-122.248269,37.851136],[-122.248267,37.851137],[-122.248266,37.851137],[-122.248264,37.851137],[-122.248262,37.851137],[-122.248261,37.851137],[-122.248259,37.851138],[-122.248258,37.851138],[-122.248256,37.851138],[-122.248254,37.851138],[-122.248253,37.851138],[-122.248251,37.851138],[-122.24825,37.851138],[-122.248248,37.851138],[-122.248246,37.851138]]]},"properties":{"APN":"48A-7076-1","SitusAddress":"107 ROSS CIR OAKLAND 94618"}},{"type":"Feature","geometry":{"type":"Polygon","coordinates":[[[-122.248009,37.851132],[-122.247836,37.851128],[-122.247865,37.850898],[-122.247996,37.850971],[-122.248009,37.851132]]]},"properties":{"APN":"48A-7076-2","SitusAddress":"95 ROSS CIR OAKLAND 94618"}},{"type":"Feature","geometry":{"type":"Polygon","coordinates":[[[-122.247646,37.851106],[-122.247777,37.85085],[-122.247865,37.850898],[-122.247836,37.851128],[-122.247766,37.851126],[-122.247757,37.851125],[-122.24775,37.851125],[-122.247744,37.851125],[-122.247738,37.851124],[-122.247732,37.851124],[-122.247726,37.851123],[-122.24772,37.851122],[-122.247714,37.851121],[-122.247708,37.85112],[-122.247702,37.851119],[-122.247696,37.851118],[-122.24769,37.851117],[-122.247684,37.851116],[-122.247678,37.851114],[-122.247672,37.851113],[-122.247666,37.851111],[-122.24766,37.85111],[-122.247654,37.851108],[-122.247648,37.851106],[-122.247646,37.851106]]]},"properties":{"APN":"48A-7076-3","SitusAddress":"87 ROSS CIR OAKLAND 94618"}},{"type":"Feature","geometry":{"type":"Polygon","coordinates":[[[-122.247498,37.851017],[-122.247706,37.850811],[-122.247751,37.850836],[-122.247777,37.85085],[-122.247646,37.851106],[-122.247643,37.851105],[-122.247637,37.851103],[-122.247631,37.851101],[-122.247626,37.851099],[-122.24762,37.851097],[-122.247615,37.851094],[-122.247609,37.851092],[-122.247604,37.85109],[-122.247598,37.851087],[-122.247593,37.851085],[-122.247588,37.851082],[-122.247583,37.851079],[-122.247578,37.851077],[-122.247573,37.851074],[-122.247568,37.851071],[-122.247563,37.851068],[-122.247558,37.851065],[-122.247553,37.851062],[-122.247548,37.851059],[-122.247544,37.851056],[-122.247539,37.851052],[-122.247534,37.851049],[-122.24753,37.851045],[-122.247526,37.851042],[-122.247521,37.851039],[-122.247517,37.851035],[-122.247513,37.851031],[-122.247509,37.851028],[-122.247505,37.851024],[-122.247501,37.85102],[-122.247498,37.851017]]]},"properties":{"APN":"48A-7076-4","SitusAddress":"79 ROSS CIR OAKLAND 94618"}},{"type":"Feature","geometry":{"type":"Polygon","coordinates":[[[-122.247294,37.850813],[-122.247429,37.850747],[-122.247548,37.850689],[-122.247556,37.850699],[-122.24764,37.850774],[-122.247706,37.850811],[-122.247498,37.851017],[-122.247497,37.851016],[-122.247294,37.850813]]]},"properties":{"APN":"48A-7076-5-1","SitusAddress":"71 ROSS CIR OAKLAND 94618"}},{"type":"Feature","geometry":{"type":"Polygon","coordinates":[[[-122.247271,37.850541],[-122.247429,37.850747],[-122.247294,37.850813],[-122.247273,37.850791],[-122.247268,37.850786],[-122.247265,37.850783],[-122.247262,37.85078],[-122.24726,37.850777],[-122.247257,37.850774],[-122.247255,37.850771],[-122.247253,37.850767],[-122.247251,37.850764],[-122.247249,37.850761],[-122.247246,37.850758],[-122.247244,37.850754],[-122.247243,37.850751],[-122.247241,37.850748],[-122.247239,37.850744],[-122.247237,37.850741],[-122.247236,37.850738],[-122.247234,37.850734],[-122.247233,37.850731],[-122.247231,37.850727],[-122.24723,37.850724],[-122.247229,37.85072],[-122.247227,37.850717],[-122.247226,37.850713],[-122.247225,37.85071],[-122.247224,37.850706],[-122.247224,37.850702],[-122.247223,37.850699],[-122.247222,37.850695],[-122.247221,37.850692],[-122.247221,37.850688],[-122.24722,37.850684],[-122.24722,37.850681],[-122.24722,37.850677],[-122.24722,37.850673],[-122.247219,37.85067],[-122.247219,37.850666],[-122.247219,37.850663],[-122.247219,37.850659],[-122.24722,37.850655],[-122.24722,37.850652],[-122.24722,37.850648],[-122.247221,37.850644],[-122.247221,37.850641],[-122.247222,37.850637],[-122.247222,37.850633],[-122.247223,37.85063],[-122.247224,37.850626],[-122.247225,37.850623],[-122.247226,37.850619],[-122.247227,37.850616],[-122.247228,37.850612],[-122.247229,37.850609],[-122.247231,37.850605],[-122.247232,37.850602],[-122.247233,37.850598],[-122.247235,37.850595],[-122.247237,37.850591],[-122.247238,37.850588],[-122.24724,37.850584],[-122.247242,37.850581],[-122.247244,37.850578],[-122.247246,37.850574],[-122.247248,37.850571],[-122.24725,37.850568],[-122.247252,37.850565],[-122.247254,37.850562],[-122.247257,37.850558],[-122.247259,37.850555],[-122.247261,37.850552],[-122.247264,37.850549],[-122.247266,37.850546],[-122.247269,37.850543],[-122.247271,37.850541]]]},"properties":{"APN":"48A-7076-7","SitusAddress":"55 ROSS CIR OAKLAND 94618"}},{"type":"Feature","geometry":{"type":"Polygon","coordinates":[[[-122.247271,37.850541],[-122.247272,37.85054],[-122.247275,37.850537],[-122.247277,37.850534],[-122.24728,37.850532],[-122.247283,37.850529],[-122.247286,37.850526],[-122.24729,37.850523],[-122.247293,37.850521],[-122.247296,37.850518],[-122.247299,37.850516],[-122.247302,37.850513],[-122.247306,37.850511],[-122.247309,37.850508],[-122.247313,37.850506],[-122.247316,37.850503],[-122.24732,37.850501],[-122.247324,37.850499],[-122.247327,37.850497],[-122.247331,37.850495],[-122.247335,37.850493],[-122.247339,37.850491],[-122.24738,37.85047],[-122.247548,37.850689],[-122.247429,37.850747],[-122.247271,37.850541]]]},"properties":{"APN":"48A-7076-8","SitusAddress":"35 ROSS CIR OAKLAND 94618"}},{"type":"Feature","geometry":{"type":"Polygon","coordinates":[[[-122.247548,37.850689],[-122.24738,37.85047],[-122.247498,37.850412],[-122.247597,37.850541],[-122.247604,37.850536],[-122.247639,37.850581],[-122.247615,37.850603],[-122.247556,37.850699],[-122.247548,37.850689]]]},"properties":{"APN":"48A-7076-9","SitusAddress":"19 ROSS CIR OAKLAND 94618"}},{"type":"Feature","geometry":{"type":"Polygon","coordinates":[[[-122.247498,37.850412],[-122.247759,37.850284],[-122.247831,37.850377],[-122.247604,37.850536],[-122.247597,37.850541],[-122.247498,37.850412]]]},"properties":{"APN":"48A-7076-10","SitusAddress":"1 ROSS CIR OAKLAND 94618"}},{"type":"Feature","geometry":{"type":"Polygon","coordinates":[[[-122.247556,37.850699],[-122.247615,37.850603],[-122.247639,37.850581],[-122.247604,37.850536],[-122.247831,37.850377],[-122.247928,37.850505],[-122.24764,37.850774],[-122.247556,37.850699]]]},"properties":{"APN":"48A-7076-11","SitusAddress":"6054 ROSS ST OAKLAND 94618"}},{"type":"Feature","geometry":{"type":"Polygon","coordinates":[[[-122.247706,37.850811],[-122.24764,37.850774],[-122.247928,37.850505],[-122.24802,37.850625],[-122.247751,37.850836],[-122.247706,37.850811]]]},"properties":{"APN":"48A-7076-12","SitusAddress":"6064 ROSS ST OAKLAND 94618"}},{"type":"Feature","geometry":{"type":"Polygon","coordinates":[[[-122.247777,37.85085],[-122.247751,37.850836],[-122.24802,37.850625],[-122.24811,37.850742],[-122.247865,37.850898],[-122.247777,37.85085]]]},"properties":{"APN":"48A-7076-13","SitusAddress":"6072 ROSS ST OAKLAND 94618"}},{"type":"Feature","geometry":{"type":"Polygon","coordinates":[[[-122.247865,37.850898],[-122.24811,37.850742],[-122.2482,37.850859],[-122.247996,37.850971],[-122.247865,37.850898]]]},"properties":{"APN":"48A-7076-14","SitusAddress":"6200 ROSS ST OAKLAND 94618"}},{"type":"Feature","geometry":{"type":"Polygon","coordinates":[[[-122.247075,37.851391],[-122.247331,37.851175],[-122.247382,37.851213],[-122.247442,37.851259],[-122.247339,37.851584],[-122.247075,37.851391]]]},"properties":{"APN":"48A-7077-1","SitusAddress":"100 EUCALYPTUS RD OAKLAND 94705"}},{"type":"Feature","geometry":{"type":"Polygon","coordinates":[[[-122.246853,37.851229],[-122.247041,37.85114],[-122.247184,37.851072],[-122.247267,37.851126],[-122.247331,37.851175],[-122.247075,37.851391],[-122.246853,37.851229]]]},"properties":{"APN":"48A-7077-2","SitusAddress":"86 EUCALYPTUS RD OAKLAND 94705"}},{"type":"Feature","geometry":{"type":"Polygon","coordinates":[[[-122.246648,37.85108],[-122.246902,37.850958],[-122.246954,37.851026],[-122.247041,37.85114],[-122.246853,37.851229],[-122.246648,37.85108]]]},"properties":{"APN":"48A-7077-3","SitusAddress":"84 EUCALYPTUS RD OAKLAND 94705"}},{"type":"Feature","geometry":{"type":"Polygon","coordinates":[[[-122.246462,37.850944],[-122.246776,37.850793],[-122.246871,37.850918],[-122.246902,37.850958],[-122.246648,37.85108],[-122.246462,37.850944]]]},"properties":{"APN":"48A-7077-4","SitusAddress":"82 EUCALYPTUS RD OAKLAND 94705"}},{"type":"Feature","geometry":{"type":"Polygon","coordinates":[[[-122.246351,37.850789],[-122.246632,37.850654],[-122.246659,37.850641],[-122.246776,37.850793],[-122.246462,37.850944],[-122.246351,37.850789]]]},"properties":{"APN":"48A-7077-5","SitusAddress":"80 EUCALYPTUS RD OAKLAND 94705"}},{"type":"Feature","geometry":{"type":"Polygon","coordinates":[[[-122.246278,37.85081],[-122.246272,37.850806],[-122.246267,37.850803],[-122.246261,37.850799],[-122.246255,37.850795],[-122.246249,37.850792],[-122.246243,37.850788],[-122.246237,37.850785],[-122.246231,37.850782],[-122.246225,37.850778],[-122.246218,37.850775],[-122.246212,37.850772],[-122.246205,37.850769],[-122.246199,37.850767],[-122.246192,37.850764],[-122.246186,37.850761],[-122.246179,37.850759],[-122.246172,37.850756],[-122.246166,37.850754],[-122.246159,37.850751],[-122.246152,37.850749],[-122.246145,37.850747],[-122.246138,37.850745],[-122.246131,37.850743],[-122.246124,37.850741],[-122.246117,37.85074],[-122.24611,37.850738],[-122.246103,37.850737],[-122.246095,37.850735],[-122.246088,37.850734],[-122.246081,37.850733],[-122.246074,37.850731],[-122.246066,37.85073],[-122.246059,37.85073],[-122.246052,37.850729],[-122.246044,37.850728],[-122.246037,37.850727],[-122.246029,37.850727],[-122.246022,37.850727],[-122.246015,37.850726],[-122.246007,37.850726],[-122.246,37.850726],[-122.245992,37.850726],[-122.245985,37.850726],[-122.245978,37.850726],[-122.24597,37.850727],[-122.245963,37.850727],[-122.245955,37.850728],[-122.245948,37.850728],[-122.245941,37.850729],[-122.245928,37.85073],[-122.245835,37.850601],[-122.246118,37.850465],[-122.246231,37.850622],[-122.246351,37.850789],[-122.246462,37.850944],[-122.246278,37.85081]]]},"properties":{"APN":"48A-7077-6","SitusAddress":"60 EUCALYPTUS RD OAKLAND 94705"}},{"type":"Feature","geometry":{"type":"Polygon","coordinates":[[[-122.246231,37.850622],[-122.246118,37.850465],[-122.246388,37.850335],[-122.246506,37.850489],[-122.246231,37.850622]]]},"properties":{"APN":"48A-7077-7","SitusAddress":"72 EUCALYPTUS RD OAKLAND 94705"}},{"type":"Feature","geometry":{"type":"Polygon","coordinates":[[[-122.246231,37.850622],[-122.246506,37.850489],[-122.246632,37.850654],[-122.246351,37.850789],[-122.246231,37.850622]]]},"properties":{"APN":"48A-7077-8","SitusAddress":"76 EUCALYPTUS RD OAKLAND 94705"}},{"type":"Feature","geometry":{"type":"Polygon","coordinates":[[[-122.246632,37.850654],[-122.246506,37.850489],[-122.246388,37.850335],[-122.246634,37.850217],[-122.246799,37.850433],[-122.246916,37.850377],[-122.246979,37.850459],[-122.247126,37.850519],[-122.247122,37.850524],[-122.247119,37.850529],[-122.247116,37.850534],[-122.247114,37.850539],[-122.247111,37.850544],[-122.247108,37.85055],[-122.247106,37.850555],[-122.247103,37.85056],[-122.247101,37.850565],[-122.247099,37.850571],[-122.247097,37.850576],[-122.247095,37.850581],[-122.247093,37.850587],[-122.247092,37.850592],[-122.24709,37.850597],[-122.247089,37.850603],[-122.247087,37.850608],[-122.247086,37.850614],[-122.247085,37.850619],[-122.247084,37.850625],[-122.247083,37.85063],[-122.247083,37.850636],[-122.247082,37.850647],[-122.246776,37.850793],[-122.246659,37.850641],[-122.246632,37.850654]]]},"properties":{"APN":"48A-7077-10-1","SitusAddress":"6446 HARWOOD AVE OAKLAND 94618"}},{"type":"Feature","geometry":{"type":"Polygon","coordinates":[[[-122.246916,37.850377],[-122.246799,37.850433],[-122.246634,37.850217],[-122.246804,37.850135],[-122.246961,37.850339],[-122.246907,37.850365],[-122.246916,37.850377]]]},"properties":{"APN":"48A-7077-11","SitusAddress":"6436 HARWOOD AVE OAKLAND 94618"}},{"type":"Feature","geometry":{"type":"Polygon","coordinates":[[[-122.246804,37.850135],[-122.246974,37.850053],[-122.247131,37.850258],[-122.246961,37.850339],[-122.246804,37.850135]]]},"properties":{"APN":"48A-7077-12","SitusAddress":"6428 HARWOOD AVE OAKLAND 94618"}},{"type":"Feature","geometry":{"type":"Polygon","coordinates":[[[-122.247131,37.850258],[-122.246974,37.850053],[-122.247419,37.84984],[-122.247599,37.850075],[-122.247184,37.850274],[-122.247154,37.850288],[-122.247131,37.850258]]]},"properties":{"APN":"48A-7077-14-1","SitusAddress":"6008 ROSS ST OAKLAND 94618"}},{"type":"Feature","geometry":{"type":"Polygon","coordinates":[[[-122.247184,37.850274],[-122.247599,37.850075],[-122.247687,37.850191],[-122.247275,37.850393],[-122.247184,37.850274]]]},"properties":{"APN":"48A-7077-15-1","SitusAddress":"2 ROSS CIR OAKLAND 94618"}},{"type":"Feature","geometry":{"type":"Polygon","coordinates":[[[-122.246916,37.850377],[-122.246907,37.850365],[-122.246961,37.850339],[-122.247131,37.850258],[-122.247154,37.850288],[-122.247184,37.850274],[-122.247275,37.850393],[-122.247266,37.850397],[-122.24726,37.8504],[-122.247254,37.850403],[-122.247248,37.850406],[-122.247243,37.85041],[-122.247237,37.850413],[-122.247232,37.850417],[-122.247226,37.85042],[-122.247221,37.850424],[-122.247216,37.850427],[-122.24721,37.850431],[-122.247205,37.850435],[-122.2472,37.850439],[-122.247195,37.850443],[-122.24719,37.850447],[-122.247186,37.850451],[-122.247181,37.850455],[-122.247176,37.850459],[-122.247172,37.850463],[-122.247167,37.850468],[-122.247163,37.850472],[-122.247159,37.850477],[-122.247155,37.850481],[-122.247151,37.850486],[-122.247147,37.85049],[-122.247143,37.850495],[-122.247139,37.8505],[-122.247136,37.850504],[-122.247132,37.850509],[-122.247129,37.850514],[-122.247126,37.850519],[-122.246979,37.850459],[-122.246916,37.850377]]]},"properties":{"APN":"48A-7077-16-1","SitusAddress":"32 ROSS CIR OAKLAND 94618"}},{"type":"Feature","geometry":{"type":"Polygon","coordinates":[[[-122.246776,37.850793],[-122.247082,37.850647],[-122.247081,37.850652],[-122.247081,37.850658],[-122.247081,37.850663],[-122.247081,37.850669],[-122.247081,37.850674],[-122.247081,37.85068],[-122.247082,37.850686],[-122.247082,37.850691],[-122.247083,37.850697],[-122.247083,37.850702],[-122.247084,37.850708],[-122.247085,37.850713],[-122.247086,37.850719],[-122.247088,37.850724],[-122.247089,37.85073],[-122.247091,37.850735],[-122.247092,37.85074],[-122.247094,37.850746],[-122.247096,37.850751],[-122.247098,37.850757],[-122.2471,37.850762],[-122.247102,37.850767],[-122.247104,37.850772],[-122.247107,37.850778],[-122.247109,37.850783],[-122.247112,37.850788],[-122.247114,37.850793],[-122.247117,37.850798],[-122.247122,37.850806],[-122.246871,37.850918],[-122.246776,37.850793]]]},"properties":{"APN":"48A-7077-17","SitusAddress":"48 ROSS CIR OAKLAND 94618"}},{"type":"Feature","geometry":{"type":"Polygon","coordinates":[[[-122.246902,37.850958],[-122.246871,37.850918],[-122.247122,37.850806],[-122.247125,37.850811],[-122.247129,37.850816],[-122.247132,37.850821],[-122.247135,37.850826],[-122.247139,37.850831],[-122.247143,37.850835],[-122.247147,37.85084],[-122.24715,37.850845],[-122.247154,37.850849],[-122.247159,37.850854],[-122.247163,37.850859],[-122.24721,37.850906],[-122.246954,37.851026],[-122.246902,37.850958]]]},"properties":{"APN":"48A-7077-18","SitusAddress":"56 ROSS CIR OAKLAND 94618"}},{"type":"Feature","geometry":{"type":"Polygon","coordinates":[[[-122.246954,37.851026],[-122.24721,37.850906],[-122.247315,37.85101],[-122.247184,37.851072],[-122.247041,37.85114],[-122.246954,37.851026]]]},"properties":{"APN":"48A-7077-19","SitusAddress":"64 ROSS CIR OAKLAND 94618"}},{"type":"Feature","geometry":{"type":"Polygon","coordinates":[[[-122.247331,37.851175],[-122.247267,37.851126],[-122.247184,37.851072],[-122.247315,37.85101],[-122.247388,37.851084],[-122.247393,37.851089],[-122.247399,37.851094],[-122.247404,37.8511],[-122.24741,37.851105],[-122.247416,37.85111],[-122.247422,37.851115],[-122.247428,37.85112],[-122.247434,37.851124],[-122.24744,37.851129],[-122.247446,37.851134],[-122.247453,37.851138],[-122.247459,37.851143],[-122.24746,37.851144],[-122.247382,37.851213],[-122.247331,37.851175]]]},"properties":{"APN":"48A-7077-20","SitusAddress":"74 ROSS CIR OAKLAND 94618"}},{"type":"Feature","geometry":{"type":"Polygon","coordinates":[[[-122.247339,37.851584],[-122.247442,37.851259],[-122.247382,37.851213],[-122.24746,37.851144],[-122.247466,37.851147],[-122.247472,37.851151],[-122.247479,37.851156],[-122.247486,37.85116],[-122.247493,37.851164],[-122.2475,37.851168],[-122.247507,37.851171],[-122.247514,37.851175],[-122.247522,37.851179],[-122.247529,37.851182],[-122.247537,37.851186],[-122.247544,37.851189],[-122.247552,37.851192],[-122.247559,37.851195],[-122.247567,37.851198],[-122.247575,37.851201],[-122.247583,37.851204],[-122.247591,37.851206],[-122.247599,37.851209],[-122.247607,37.851211],[-122.247615,37.851214],[-122.247623,37.851216],[-122.247631,37.851218],[-122.247639,37.85122],[-122.247648,37.851222],[-122.247656,37.851224],[-122.247664,37.851225],[-122.247673,37.851227],[-122.247681,37.851228],[-122.24769,37.851229],[-122.247698,37.851231],[-122.247707,37.851232],[-122.247715,37.851233],[-122.247724,37.851233],[-122.247732,37.851234],[-122.247741,37.851235],[-122.247749,37.851235],[-122.247762,37.851236],[-122.247783,37.851236],[-122.247771,37.851556],[-122.247771,37.851557],[-122.247514,37.851576],[-122.247446,37.851621],[-122.247417,37.851641],[-122.247339,37.851584]]]},"properties":{"APN":"48A-7077-21","SitusAddress":"84 ROSS CIR OAKLAND 94618"}},{"type":"Feature","geometry":{"type":"Polygon","coordinates":[[[-122.248032,37.851538],[-122.247806,37.851555],[-122.247771,37.851556],[-122.247783,37.851236],[-122.248043,37.851243],[-122.248032,37.851538]]]},"properties":{"APN":"48A-7077-22","SitusAddress":"100 ROSS CIR OAKLAND 94618"}},{"type":"Feature","geometry":{"type":"Polygon","coordinates":[[[-122.248043,37.851243],[-122.248363,37.851251],[-122.248416,37.851234],[-122.248443,37.85139],[-122.248442,37.85151],[-122.248305,37.85152],[-122.248032,37.851538],[-122.248043,37.851243]]]},"properties":{"APN":"48A-7077-23","SitusAddress":"106 ROSS CIR OAKLAND 94618"}},{"type":"Feature","geometry":{"type":"Polygon","coordinates":[[[-122.248416,37.851234],[-122.24854,37.851196],[-122.248696,37.851385],[-122.248706,37.851382],[-122.248791,37.851484],[-122.248717,37.851489],[-122.248442,37.85151],[-122.248443,37.85139],[-122.248416,37.851234]]]},"properties":{"APN":"48A-7077-24","SitusAddress":"112 ROSS CIR OAKLAND 94618"}},{"type":"Feature","geometry":{"type":"Polygon","coordinates":[[[-122.246602,37.85158],[-122.246597,37.851572],[-122.246482,37.851408],[-122.246863,37.851386],[-122.246927,37.851433],[-122.246606,37.851583],[-122.246605,37.851584],[-122.246602,37.85158]]]},"properties":{"APN":"48A-7078-1-1","SitusAddress":"91 EUCALYPTUS RD OAKLAND 94705"}},{"type":"Feature","geometry":{"type":"Polygon","coordinates":[[[-122.246605,37.851584],[-122.246606,37.851583],[-122.246927,37.851433],[-122.247145,37.851591],[-122.246632,37.851625],[-122.246632,37.851623],[-122.246623,37.851609],[-122.246605,37.851584]]]},"properties":{"APN":"48A-7078-1-2","SitusAddress":"99 EUCALYPTUS RD OAKLAND 94705"}},{"type":"Feature","geometry":{"type":"Polygon","coordinates":[[[-122.246047,37.851433],[-122.246394,37.851413],[-122.246482,37.851408],[-122.246597,37.851572],[-122.246602,37.85158],[-122.246461,37.851588],[-122.246153,37.851606],[-122.246153,37.851604],[-122.24615,37.851596],[-122.246147,37.851588],[-122.246144,37.85158],[-122.246141,37.851572],[-122.246137,37.851564],[-122.246133,37.851556],[-122.246129,37.851548],[-122.246125,37.851541],[-122.246121,37.851533],[-122.246117,37.851525],[-122.246112,37.851518],[-122.246108,37.85151],[-122.246103,37.851503],[-122.246098,37.851495],[-122.246093,37.851488],[-122.246087,37.851481],[-122.246082,37.851474],[-122.246076,37.851467],[-122.24607,37.85146],[-122.246064,37.851453],[-122.246058,37.851446],[-122.246052,37.851439],[-122.246047,37.851433]]]},"properties":{"APN":"48A-7078-2","SitusAddress":"33 EUCALYPTUS RD OAKLAND 94705"}},{"type":"Feature","geometry":{"type":"Polygon","coordinates":[[[-122.245902,37.851312],[-122.246217,37.851291],[-122.246376,37.85128],[-122.246394,37.851413],[-122.246047,37.851433],[-122.246045,37.851432],[-122.246039,37.851426],[-122.246032,37.851419],[-122.246025,37.851413],[-122.246018,37.851407],[-122.246011,37.8514],[-122.246004,37.851394],[-122.245993,37.851385],[-122.245902,37.851312]]]},"properties":{"APN":"48A-7078-3","SitusAddress":"37 EUCALYPTUS RD OAKLAND 94705"}},{"type":"Feature","geometry":{"type":"Polygon","coordinates":[[[-122.245794,37.850902],[-122.245867,37.851097],[-122.246075,37.851096],[-122.246202,37.851126],[-122.246217,37.851291],[-122.245902,37.851312],[-122.245791,37.851221],[-122.245787,37.851218],[-122.245783,37.851215],[-122.24578,37.851212],[-122.245777,37.851209],[-122.245774,37.851206],[-122.245771,37.851202],[-122.245768,37.851199],[-122.245765,37.851196],[-122.245762,37.851193],[-122.245759,37.85119],[-122.245756,37.851186],[-122.245753,37.851183],[-122.245751,37.851179],[-122.245748,37.851176],[-122.245746,37.851173],[-122.245743,37.851169],[-122.245741,37.851166],[-122.245739,37.851162],[-122.245737,37.851158],[-122.245735,37.851155],[-122.245733,37.851151],[-122.245731,37.851148],[-122.245729,37.851144],[-122.245727,37.85114],[-122.245726,37.851136],[-122.245724,37.851133],[-122.245723,37.851129],[-122.245721,37.851125],[-122.24572,37.851121],[-122.245719,37.851117],[-122.245717,37.851114],[-122.245716,37.85111],[-122.245715,37.851106],[-122.245714,37.851102],[-122.245714,37.851098],[-122.245713,37.851094],[-122.245712,37.85109],[-122.245712,37.851086],[-122.245711,37.851082],[-122.245711,37.851078],[-122.245711,37.851074],[-122.24571,37.85107],[-122.24571,37.851066],[-122.24571,37.851062],[-122.24571,37.851058],[-122.24571,37.851054],[-122.245711,37.851051],[-122.245711,37.851047],[-122.245711,37.851043],[-122.245712,37.851039],[-122.245712,37.851035],[-122.245713,37.851031],[-122.245714,37.851027],[-122.245715,37.851023],[-122.245716,37.851019],[-122.245717,37.851015],[-122.245718,37.851011],[-122.245719,37.851007],[-122.24572,37.851004],[-122.245722,37.851],[-122.245723,37.850996],[-122.245724,37.850992],[-122.245726,37.850988],[-122.245728,37.850985],[-122.24573,37.850981],[-122.245731,37.850977],[-122.245733,37.850974],[-122.245735,37.85097],[-122.245737,37.850966],[-122.24574,37.850963],[-122.245742,37.850959],[-122.245744,37.850956],[-122.245747,37.850952],[-122.245749,37.850949],[-122.245752,37.850945],[-122.245754,37.850942],[-122.245757,37.850939],[-122.24576,37.850935],[-122.245762,37.850932],[-122.245765,37.850929],[-122.245768,37.850926],[-122.245771,37.850923],[-122.245775,37.85092],[-122.245778,37.850917],[-122.245781,37.850913],[-122.245784,37.850911],[-122.245788,37.850908],[-122.245791,37.850905],[-122.245794,37.850902]]]},"properties":{"APN":"48A-7078-4","SitusAddress":"41 EUCALYPTUS RD OAKLAND 94705"}},{"type":"Feature","geometry":{"type":"Polygon","coordinates":[[[-122.246075,37.851096],[-122.246046,37.850839],[-122.246047,37.850839],[-122.246052,37.85084],[-122.246057,37.850841],[-122.246062,37.850842],[-122.246067,37.850843],[-122.246072,37.850844],[-122.246076,37.850845],[-122.246081,37.850846],[-122.246086,37.850847],[-122.246091,37.850848],[-122.246095,37.85085],[-122.2461,37.850851],[-122.246105,37.850853],[-122.246109,37.850854],[-122.246114,37.850856],[-122.246119,37.850857],[-122.246123,37.850859],[-122.246127,37.850861],[-122.246132,37.850863],[-122.246136,37.850865],[-122.246141,37.850867],[-122.246145,37.850869],[-122.246149,37.850871],[-122.246153,37.850873],[-122.246158,37.850875],[-122.246162,37.850877],[-122.246166,37.85088],[-122.24617,37.850882],[-122.246174,37.850884],[-122.246178,37.850887],[-122.246181,37.850889],[-122.246185,37.850892],[-122.246481,37.851107],[-122.246202,37.851126],[-122.246075,37.851096]]]},"properties":{"APN":"48A-7078-5-1","SitusAddress":"77 EUCALYPTUS RD OAKLAND 94705"}},{"type":"Feature","geometry":{"type":"Polygon","coordinates":[[[-122.245794,37.850902],[-122.245798,37.850899],[-122.245802,37.850896],[-122.245806,37.850894],[-122.245809,37.850891],[-122.245813,37.850889],[-122.245817,37.850886],[-122.245821,37.850884],[-122.245825,37.850881],[-122.245829,37.850879],[-122.245833,37.850877],[-122.245837,37.850874],[-122.245841,37.850872],[-122.245846,37.85087],[-122.24585,37.850868],[-122.245854,37.850866],[-122.245858,37.850864],[-122.245863,37.850862],[-122.245867,37.85086],[-122.245872,37.850859],[-122.245876,37.850857],[-122.245881,37.850855],[-122.245885,37.850854],[-122.24589,37.850852],[-122.245895,37.850851],[-122.245899,37.850849],[-122.245904,37.850848],[-122.245909,37.850847],[-122.245914,37.850846],[-122.245918,37.850844],[-122.245923,37.850843],[-122.245928,37.850842],[-122.245933,37.850841],[-122.245938,37.850841],[-122.245943,37.85084],[-122.245948,37.850839],[-122.245953,37.850839],[-122.245958,37.850838],[-122.245963,37.850837],[-122.245968,37.850837],[-122.245973,37.850837],[-122.245978,37.850836],[-122.245982,37.850836],[-122.245987,37.850836],[-122.245992,37.850836],[-122.245997,37.850836],[-122.246002,37.850836],[-122.246007,37.850836],[-122.246012,37.850836],[-122.246017,37.850836],[-122.246022,37.850837],[-122.246027,37.850837],[-122.246032,37.850838],[-122.246037,37.850838],[-122.246042,37.850839],[-122.246046,37.850839],[-122.246075,37.851096],[-122.245867,37.851097],[-122.245794,37.850902]]]},"properties":{"APN":"48A-7078-5-2","SitusAddress":"65 EUCALYPTUS RD OAKLAND 94705"}},{"type":"Feature","geometry":{"type":"Polygon","coordinates":[[[-122.246202,37.851126],[-122.246481,37.851107],[-122.24669,37.85126],[-122.246376,37.85128],[-122.246217,37.851291],[-122.246202,37.851126]]]},"properties":{"APN":"48A-7078-6","SitusAddress":"83 EUCALYPTUS RD OAKLAND 94705"}},{"type":"Feature","geometry":{"type":"Polygon","coordinates":[[[-122.246376,37.85128],[-122.24669,37.85126],[-122.246863,37.851386],[-122.246482,37.851408],[-122.246394,37.851413],[-122.246376,37.85128]]]},"properties":{"APN":"48A-7078-7","SitusAddress":"87 EUCALYPTUS RD OAKLAND 94705"}},{"type":"Feature","geometry":{"type":"Polygon","coordinates":[[[-122.245704,37.851568],[-122.245868,37.851441],[-122.245894,37.851463],[-122.245903,37.85147],[-122.245909,37.851475],[-122.245914,37.851479],[-122.24592,37.851484],[-122.245925,37.851489],[-122.24593,37.851494],[-122.245935,37.851499],[-122.24594,37.851504],[-122.245945,37.851509],[-122.24595,37.851515],[-122.245955,37.85152],[-122.245959,37.851525],[-122.245964,37.851531],[-122.245968,37.851536],[-122.245972,37.851542],[-122.245976,37.851548],[-122.24598,37.851553],[-122.245984,37.851559],[-122.245987,37.851565],[-122.245991,37.851571],[-122.245994,37.851577],[-122.245997,37.851582],[-122.246,37.851588],[-122.246003,37.851594],[-122.246006,37.851601],[-122.246009,37.851607],[-122.246012,37.851613],[-122.246014,37.851619],[-122.246016,37.851625],[-122.246019,37.851631],[-122.246021,37.851638],[-122.246023,37.851644],[-122.246024,37.85165],[-122.246026,37.851657],[-122.246027,37.851663],[-122.246029,37.851669],[-122.245793,37.851683],[-122.24579,37.851678],[-122.245704,37.851568]]]},"properties":{"APN":"48A-7079-1","SitusAddress":"32 EUCALYPTUS RD OAKLAND 94705"}},{"type":"Feature","geometry":{"type":"Polygon","coordinates":[[[-122.245616,37.851453],[-122.245545,37.851361],[-122.245518,37.851326],[-122.24565,37.851258],[-122.245654,37.851262],[-122.245658,37.851267],[-122.245663,37.851272],[-122.245668,37.851276],[-122.245672,37.851281],[-122.245677,37.851285],[-122.245682,37.85129],[-122.245687,37.851294],[-122.245692,37.851298],[-122.245868,37.851441],[-122.245704,37.851568],[-122.245616,37.851453]]]},"properties":{"APN":"48A-7079-2","SitusAddress":"36 EUCALYPTUS RD OAKLAND 94705"}},{"type":"Feature","geometry":{"type":"Polygon","coordinates":[[[-122.245472,37.851267],[-122.2454,37.851173],[-122.245328,37.85108],[-122.245308,37.851054],[-122.245286,37.851026],[-122.245422,37.851018],[-122.245423,37.851025],[-122.245576,37.851016],[-122.245576,37.851017],[-122.245575,37.851023],[-122.245574,37.851029],[-122.245573,37.851035],[-122.245573,37.851041],[-122.245572,37.851047],[-122.245572,37.851053],[-122.245572,37.851058],[-122.245572,37.851064],[-122.245572,37.85107],[-122.245572,37.851076],[-122.245572,37.851082],[-122.245573,37.851088],[-122.245573,37.851094],[-122.245574,37.8511],[-122.245575,37.851105],[-122.245576,37.851111],[-122.245577,37.851117],[-122.245578,37.851123],[-122.24558,37.851129],[-122.245581,37.851134],[-122.245583,37.85114],[-122.245585,37.851146],[-122.245587,37.851152],[-122.245589,37.851157],[-122.245591,37.851163],[-122.245593,37.851168],[-122.245595,37.851174],[-122.245598,37.85118],[-122.245601,37.851185],[-122.245603,37.851191],[-122.245606,37.851196],[-122.245609,37.851201],[-122.245612,37.851207],[-122.245615,37.851212],[-122.245619,37.851217],[-122.245622,37.851222],[-122.245626,37.851228],[-122.24563,37.851233],[-122.245633,37.851238],[-122.245637,37.851243],[-122.245641,37.851248],[-122.245645,37.851253],[-122.24565,37.851257],[-122.24565,37.851258],[-122.245518,37.851326],[-122.245507,37.851312],[-122.245472,37.851267]]]},"properties":{"APN":"48A-7079-3","SitusAddress":"40 EUCALYPTUS RD OAKLAND 94705"}},{"type":"Feature","geometry":{"type":"Polygon","coordinates":[[[-122.245286,37.851026],[-122.245254,37.850985],[-122.245181,37.85089],[-122.245108,37.850795],[-122.245091,37.850773],[-122.245073,37.850749],[-122.245619,37.850908],[-122.245617,37.850911],[-122.245614,37.850916],[-122.245611,37.850922],[-122.245608,37.850927],[-122.245605,37.850933],[-122.245602,37.850938],[-122.245599,37.850943],[-122.245597,37.850949],[-122.245594,37.850955],[-122.245592,37.85096],[-122.24559,37.850966],[-122.245588,37.850971],[-122.245586,37.850977],[-122.245584,37.850983],[-122.245582,37.850988],[-122.245581,37.850994],[-122.245579,37.851],[-122.245578,37.851006],[-122.245577,37.851012],[-122.245576,37.851016],[-122.245423,37.851025],[-122.245422,37.851018],[-122.245286,37.851026]]]},"properties":{"APN":"48A-7079-4","SitusAddress":"44 EUCALYPTUS RD OAKLAND 94705"}},{"type":"Feature","geometry":{"type":"Polygon","coordinates":[[[-122.245073,37.850749],[-122.245034,37.8507],[-122.24496,37.850604],[-122.244924,37.850557],[-122.245043,37.85051],[-122.245304,37.85065],[-122.245671,37.850846],[-122.24567,37.850847],[-122.245665,37.850852],[-122.245661,37.850857],[-122.245656,37.850861],[-122.245652,37.850866],[-122.245648,37.850871],[-122.245643,37.850876],[-122.245639,37.850881],[-122.245635,37.850886],[-122.245632,37.850891],[-122.245628,37.850896],[-122.245624,37.850901],[-122.245621,37.850906],[-122.245619,37.850908],[-122.245073,37.850749]]]},"properties":{"APN":"48A-7079-5","SitusAddress":"48 EUCALYPTUS RD OAKLAND 94705"}},{"type":"Feature","geometry":{"type":"Polygon","coordinates":[[[-122.245304,37.85065],[-122.245566,37.850516],[-122.245644,37.850605],[-122.245645,37.850603],[-122.245645,37.850602],[-122.245646,37.850601],[-122.245646,37.8506],[-122.245647,37.8506],[-122.245647,37.850599],[-122.245648,37.850598],[-122.245649,37.850597],[-122.245649,37.850596],[-122.24565,37.850596],[-122.245651,37.850595],[-122.245652,37.850594],[-122.245652,37.850593],[-122.245653,37.850592],[-122.245654,37.850592],[-122.245655,37.850591],[-122.245655,37.85059],[-122.245656,37.85059],[-122.245657,37.850589],[-122.245658,37.850588],[-122.245659,37.850588],[-122.24566,37.850587],[-122.245661,37.850586],[-122.245661,37.850586],[-122.245662,37.850585],[-122.245663,37.850584],[-122.245664,37.850584],[-122.245665,37.850583],[-122.245666,37.850583],[-122.245667,37.850582],[-122.245668,37.850582],[-122.245669,37.850581],[-122.24567,37.850581],[-122.245671,37.85058],[-122.245672,37.85058],[-122.245673,37.850579],[-122.245674,37.850579],[-122.245676,37.850578],[-122.245677,37.850578],[-122.245678,37.850577],[-122.245679,37.850577],[-122.24568,37.850577],[-122.245681,37.850576],[-122.245682,37.850576],[-122.245683,37.850576],[-122.245684,37.850575],[-122.245686,37.850575],[-122.245687,37.850575],[-122.245688,37.850574],[-122.245689,37.850574],[-122.24569,37.850574],[-122.245691,37.850574],[-122.245693,37.850573],[-122.245694,37.850573],[-122.245695,37.850573],[-122.245696,37.850573],[-122.245697,37.850573],[-122.245699,37.850573],[-122.2457,37.850573],[-122.245701,37.850572],[-122.245702,37.850572],[-122.245703,37.850572],[-122.245705,37.850572],[-122.245706,37.850572],[-122.245707,37.850572],[-122.245708,37.850572],[-122.245709,37.850572],[-122.245711,37.850572],[-122.245712,37.850572],[-122.245713,37.850573],[-122.245714,37.850573],[-122.245715,37.850573],[-122.245717,37.850573],[-122.245718,37.850573],[-122.245778,37.850653],[-122.245841,37.850749],[-122.245829,37.850753],[-122.245822,37.850756],[-122.245816,37.850758],[-122.245809,37.850761],[-122.245802,37.850763],[-122.245796,37.850766],[-122.245789,37.850769],[-122.245783,37.850772],[-122.245776,37.850775],[-122.24577,37.850778],[-122.245764,37.850781],[-122.245758,37.850784],[-122.245752,37.850788],[-122.245746,37.850791],[-122.24574,37.850795],[-122.245734,37.850798],[-122.245728,37.850802],[-122.245722,37.850806],[-122.245717,37.85081],[-122.245711,37.850813],[-122.245706,37.850817],[-122.2457,37.850821],[-122.245695,37.850826],[-122.24569,37.85083],[-122.245685,37.850834],[-122.24568,37.850838],[-122.245675,37.850843],[-122.245671,37.850846],[-122.245304,37.85065]]]},"properties":{"APN":"48A-7079-6-3","SitusAddress":"52 EUCALYPTUS RD OAKLAND 94705"}},{"type":"Feature","geometry":{"type":"Polygon","coordinates":[[[-122.245043,37.85051],[-122.245086,37.850494],[-122.245242,37.850433],[-122.245398,37.850372],[-122.245528,37.850321],[-122.245693,37.85054],[-122.245718,37.850573],[-122.245717,37.850573],[-122.245715,37.850573],[-122.245714,37.850573],[-122.245713,37.850573],[-122.245712,37.850572],[-122.245711,37.850572],[-122.245709,37.850572],[-122.245708,37.850572],[-122.245707,37.850572],[-122.245706,37.850572],[-122.245705,37.850572],[-122.245703,37.850572],[-122.245702,37.850572],[-122.245701,37.850572],[-122.2457,37.850573],[-122.245699,37.850573],[-122.245697,37.850573],[-122.245696,37.850573],[-122.245695,37.850573],[-122.245694,37.850573],[-122.245693,37.850573],[-122.245691,37.850574],[-122.24569,37.850574],[-122.245689,37.850574],[-122.245688,37.850574],[-122.245687,37.850575],[-122.245686,37.850575],[-122.245684,37.850575],[-122.245683,37.850576],[-122.245682,37.850576],[-122.245681,37.850576],[-122.24568,37.850577],[-122.245679,37.850577],[-122.245678,37.850577],[-122.245677,37.850578],[-122.245676,37.850578],[-122.245674,37.850579],[-122.245673,37.850579],[-122.245672,37.85058],[-122.245671,37.85058],[-122.24567,37.850581],[-122.245669,37.850581],[-122.245668,37.850582],[-122.245667,37.850582],[-122.245666,37.850583],[-122.245665,37.850583],[-122.245664,37.850584],[-122.245663,37.850584],[-122.245662,37.850585],[-122.245661,37.850586],[-122.245661,37.850586],[-122.24566,37.850587],[-122.245659,37.850588],[-122.245658,37.850588],[-122.245657,37.850589],[-122.245656,37.85059],[-122.245655,37.85059],[-122.245655,37.850591],[-122.245654,37.850592],[-122.245653,37.850592],[-122.245652,37.850593],[-122.245652,37.850594],[-122.245651,37.850595],[-122.24565,37.850596],[-122.245649,37.850596],[-122.245649,37.850597],[-122.245648,37.850598],[-122.245647,37.850599],[-122.245647,37.8506],[-122.245646,37.8506],[-122.245646,37.850601],[-122.245645,37.850602],[-122.245645,37.850603],[-122.245644,37.850605],[-122.245566,37.850516],[-122.245304,37.85065],[-122.245043,37.85051]]]},"properties":{"APN":"48A-7079-6-4","SitusAddress":"6529 HARWOOD AVE OAKLAND 94618"}},{"type":"Feature","geometry":{"type":"Polygon","coordinates":[[[-122.244887,37.850509],[-122.244814,37.850414],[-122.24474,37.850319],[-122.244667,37.850224],[-122.244585,37.850117],[-122.244748,37.850053],[-122.245086,37.850494],[-122.245043,37.85051],[-122.244924,37.850557],[-122.244887,37.850509]]]},"properties":{"APN":"48A-7079-7","SitusAddress":"6609 CHABOT RD OAKLAND 94618"}},{"type":"Feature","geometry":{"type":"Polygon","coordinates":[[[-122.244748,37.850053],[-122.244904,37.849992],[-122.245066,37.850204],[-122.245242,37.850433],[-122.245086,37.850494],[-122.244748,37.850053]]]},"properties":{"APN":"48A-7079-8","SitusAddress":"6601 CHABOT RD OAKLAND 94618"}},{"type":"Feature","geometry":{"type":"Polygon","coordinates":[[[-122.244904,37.849992],[-122.245044,37.849937],[-122.245206,37.850149],[-122.245066,37.850204],[-122.244904,37.849992]]]},"properties":{"APN":"48A-7079-9","SitusAddress":"6565 CHABOT RD OAKLAND 94618"}},{"type":"Feature","geometry":{"type":"Polygon","coordinates":[[[-122.245066,37.850204],[-122.245206,37.850149],[-122.245044,37.849937],[-122.24506,37.849931],[-122.245222,37.850143],[-122.245398,37.850372],[-122.245242,37.850433],[-122.245066,37.850204]]]},"properties":{"APN":"48A-7079-10","SitusAddress":"6561 CHABOT RD OAKLAND 94618"}},{"type":"Feature","geometry":{"type":"Polygon","coordinates":[[[-122.245222,37.850143],[-122.245355,37.850091],[-122.24548,37.850257],[-122.245528,37.850321],[-122.245398,37.850372],[-122.245222,37.850143]]]},"properties":{"APN":"48A-7079-11","SitusAddress":"6557 CHABOT RD OAKLAND 94618"}},{"type":"Feature","geometry":{"type":"Polygon","coordinates":[[[-122.24506,37.849931],[-122.245195,37.849878],[-122.245355,37.850091],[-122.245222,37.850143],[-122.24506,37.849931]]]},"properties":{"APN":"48A-7079-12","SitusAddress":"6553 CHABOT RD OAKLAND 94618"}},{"type":"Feature","geometry":{"type":"Polygon","coordinates":[[[-122.245355,37.850091],[-122.245195,37.849878],[-122.245525,37.849748],[-122.245716,37.849998],[-122.245798,37.850105],[-122.24548,37.850257],[-122.245355,37.850091]]]},"properties":{"APN":"48A-7079-13","SitusAddress":"6537 CHABOT RD OAKLAND 94618"}},{"type":"Feature","geometry":{"type":"Polygon","coordinates":[[[-122.245798,37.850105],[-122.245716,37.849998],[-122.245864,37.849927],[-122.245906,37.849982],[-122.246055,37.849911],[-122.246094,37.849963],[-122.24613,37.850009],[-122.245982,37.850081],[-122.245834,37.850152],[-122.245798,37.850105]]]},"properties":{"APN":"48A-7079-15","SitusAddress":"6531 CHABOT RD OAKLAND 94618"}},{"type":"Feature","geometry":{"type":"Polygon","coordinates":[[[-122.246628,37.849866],[-122.246925,37.849724],[-122.247051,37.849888],[-122.246754,37.850031],[-122.246628,37.849866]]]},"properties":{"APN":"48A-7079-22","SitusAddress":"6429 HARWOOD AVE OAKLAND 94618"}},{"type":"Feature","geometry":{"type":"Polygon","coordinates":[[[-122.24639,37.84982],[-122.246539,37.849749],[-122.246628,37.849866],[-122.246754,37.850031],[-122.246606,37.850102],[-122.24639,37.84982]]]},"properties":{"APN":"48A-7079-23","SitusAddress":"6433 HARWOOD AVE OAKLAND 94618"}},{"type":"Feature","geometry":{"type":"Polygon","coordinates":[[[-122.246606,37.850102],[-122.246458,37.850173],[-122.246242,37.849891],[-122.24639,37.84982],[-122.246606,37.850102]]]},"properties":{"APN":"48A-7079-24","SitusAddress":"6441 HARWOOD AVE OAKLAND 94618"}},{"type":"Feature","geometry":{"type":"Polygon","coordinates":[[[-122.246458,37.850173],[-122.24631,37.850244],[-122.24613,37.850009],[-122.246094,37.849963],[-122.246242,37.849891],[-122.246458,37.850173]]]},"properties":{"APN":"48A-7079-25","SitusAddress":"6449 HARWOOD AVE OAKLAND 94618"}},{"type":"Feature","geometry":{"type":"Polygon","coordinates":[[[-122.245982,37.850081],[-122.24613,37.850009],[-122.24631,37.850244],[-122.246162,37.850315],[-122.245982,37.850081]]]},"properties":{"APN":"48A-7079-26","SitusAddress":"6501 HARWOOD AVE OAKLAND 94618"}},{"type":"Feature","geometry":{"type":"Polygon","coordinates":[[[-122.245834,37.850152],[-122.245982,37.850081],[-122.246162,37.850315],[-122.246014,37.850386],[-122.245834,37.850152]]]},"properties":{"APN":"48A-7079-27","SitusAddress":"6505 HARWOOD AVE OAKLAND 94618"}},{"type":"Feature","geometry":{"type":"Polygon","coordinates":[[[-122.245528,37.850321],[-122.24548,37.850257],[-122.245798,37.850105],[-122.245834,37.850152],[-122.246014,37.850386],[-122.245693,37.85054],[-122.245528,37.850321]]]},"properties":{"APN":"48A-7079-28","SitusAddress":"6517 HARWOOD AVE OAKLAND 94618"}},{"type":"Feature","geometry":{"type":"Polygon","coordinates":[[[-122.245094,37.85162],[-122.245616,37.851453],[-122.245704,37.851568],[-122.24579,37.851678],[-122.245793,37.851683],[-122.245569,37.851695],[-122.245132,37.85172],[-122.24513,37.85172],[-122.245094,37.85162]]]},"properties":{"APN":"48A-7080-1","SitusAddress":"5995 CHABOLYN TER OAKLAND 94618"}},{"type":"Feature","geometry":{"type":"Polygon","coordinates":[[[-122.245055,37.851516],[-122.245545,37.851361],[-122.245616,37.851453],[-122.245094,37.85162],[-122.245093,37.851613],[-122.245091,37.851606],[-122.245089,37.851599],[-122.245087,37.851593],[-122.245085,37.851586],[-122.245083,37.851579],[-122.245081,37.851573],[-122.245079,37.851566],[-122.245076,37.851559],[-122.245073,37.851553],[-122.24507,37.851546],[-122.245067,37.85154],[-122.245064,37.851533],[-122.245055,37.851516]]]},"properties":{"APN":"48A-7080-2","SitusAddress":"5981 CHABOLYN TER OAKLAND 94618"}},{"type":"Feature","geometry":{"type":"Polygon","coordinates":[[[-122.245004,37.851415],[-122.245472,37.851267],[-122.245507,37.851312],[-122.245518,37.851326],[-122.245545,37.851361],[-122.245055,37.851516],[-122.245004,37.851415]]]},"properties":{"APN":"48A-7080-3","SitusAddress":"5979 CHABOLYN TER OAKLAND 94618"}},{"type":"Feature","geometry":{"type":"Polygon","coordinates":[[[-122.244953,37.851315],[-122.2454,37.851173],[-122.245472,37.851267],[-122.245004,37.851415],[-122.244953,37.851315]]]},"properties":{"APN":"48A-7080-4","SitusAddress":"5969 CHABOLYN TER OAKLAND 94618"}},{"type":"Feature","geometry":{"type":"Polygon","coordinates":[[[-122.244953,37.851315],[-122.244901,37.851215],[-122.245328,37.85108],[-122.2454,37.851173],[-122.244953,37.851315]]]},"properties":{"APN":"48A-7080-5","SitusAddress":"5963 CHABOLYN TER OAKLAND 94618"}},{"type":"Feature","geometry":{"type":"Polygon","coordinates":[[[-122.244849,37.851113],[-122.245254,37.850985],[-122.245286,37.851026],[-122.245308,37.851054],[-122.245328,37.85108],[-122.244901,37.851215],[-122.244849,37.851113]]]},"properties":{"APN":"48A-7080-6","SitusAddress":"5957 CHABOLYN TER OAKLAND 94618"}},{"type":"Feature","geometry":{"type":"Polygon","coordinates":[[[-122.244797,37.851011],[-122.245181,37.85089],[-122.245254,37.850985],[-122.244849,37.851113],[-122.244797,37.851011]]]},"properties":{"APN":"48A-7080-7","SitusAddress":"5951 CHABOLYN TER OAKLAND 94618"}},{"type":"Feature","geometry":{"type":"Polygon","coordinates":[[[-122.244746,37.85091],[-122.245108,37.850795],[-122.245181,37.85089],[-122.244797,37.851011],[-122.244746,37.85091]]]},"properties":{"APN":"48A-7080-8","SitusAddress":"5945 CHABOLYN TER OAKLAND 94618"}},{"type":"Feature","geometry":{"type":"Polygon","coordinates":[[[-122.244694,37.850808],[-122.245034,37.8507],[-122.245073,37.850749],[-122.245091,37.850773],[-122.245108,37.850795],[-122.244746,37.85091],[-122.244694,37.850808]]]},"properties":{"APN":"48A-7080-9","SitusAddress":"5939 CHABOLYN TER OAKLAND 94618"}},{"type":"Feature","geometry":{"type":"Polygon","coordinates":[[[-122.244694,37.850808],[-122.244642,37.850706],[-122.24496,37.850604],[-122.245034,37.8507],[-122.244694,37.850808]]]},"properties":{"APN":"48A-7080-10","SitusAddress":"5933 CHABOLYN TER OAKLAND 94618"}},{"type":"Feature","geometry":{"type":"Polygon","coordinates":[[[-122.24496,37.850604],[-122.244642,37.850706],[-122.24459,37.850604],[-122.244887,37.850509],[-122.244924,37.850557],[-122.24496,37.850604]]]},"properties":{"APN":"48A-7080-11","SitusAddress":"5927 CHABOLYN TER OAKLAND 94618"}},{"type":"Feature","geometry":{"type":"Polygon","coordinates":[[[-122.244538,37.850502],[-122.244814,37.850414],[-122.244887,37.850509],[-122.24459,37.850604],[-122.244538,37.850502]]]},"properties":{"APN":"48A-7080-12","SitusAddress":"5921 CHABOLYN TER OAKLAND 94618"}},{"type":"Feature","geometry":{"type":"Polygon","coordinates":[[[-122.244486,37.850401],[-122.24474,37.850319],[-122.244814,37.850414],[-122.244538,37.850502],[-122.244486,37.850401]]]},"properties":{"APN":"48A-7080-13","SitusAddress":"5915 CHABOLYN TER OAKLAND 94618"}},{"type":"Feature","geometry":{"type":"Polygon","coordinates":[[[-122.244434,37.850299],[-122.244667,37.850224],[-122.24474,37.850319],[-122.244486,37.850401],[-122.244434,37.850299]]]},"properties":{"APN":"48A-7080-14","SitusAddress":"5909 CHABOLYN TER OAKLAND 94618"}},{"type":"Feature","geometry":{"type":"Polygon","coordinates":[[[-122.244585,37.850117],[-122.244667,37.850224],[-122.244434,37.850299],[-122.244382,37.850197],[-122.244585,37.850117]]]},"properties":{"APN":"48A-7080-15","SitusAddress":"6621 CHABOT RD OAKLAND 94618"}},{"type":"Feature","geometry":{"type":"Polygon","coordinates":[[[-122.243977,37.851675],[-122.244311,37.851633],[-122.244334,37.851732],[-122.244336,37.851741],[-122.244056,37.851776],[-122.244055,37.85178],[-122.243998,37.851783],[-122.243977,37.851675]]]},"properties":{"APN":"48A-7081-2","SitusAddress":" CHABOT CRST OAKLAND 94603"}},{"type":"Feature","geometry":{"type":"Polygon","coordinates":[[[-122.244451,37.849986],[-122.244324,37.850036],[-122.244201,37.849839],[-122.244328,37.849789],[-122.244451,37.849986]]]},"properties":{"APN":"48A-7057-31","SitusAddress":"6622 CHABOT RD OAKLAND 94618"}},{"type":"Feature","geometry":{"type":"Polygon","coordinates":[[[-122.243956,37.851564],[-122.244286,37.851523],[-122.244309,37.851622],[-122.244311,37.851633],[-122.243977,37.851675],[-122.243956,37.851564]]]},"properties":{"APN":"48A-7081-3","SitusAddress":"5963 CHABOT CRST OAKLAND 94618"}},{"type":"Feature","geometry":{"type":"Polygon","coordinates":[[[-122.244324,37.850036],[-122.244199,37.850085],[-122.244077,37.849888],[-122.244201,37.849839],[-122.244324,37.850036]]]},"properties":{"APN":"48A-7057-32","SitusAddress":"6628 CHABOT RD OAKLAND 94618"}},{"type":"Feature","geometry":{"type":"Polygon","coordinates":[[[-122.243935,37.851457],[-122.244262,37.851417],[-122.244284,37.851511],[-122.244286,37.851523],[-122.243956,37.851564],[-122.243935,37.851457]]]},"properties":{"APN":"48A-7081-4","SitusAddress":"5957 CHABOT CRST OAKLAND 94618"}},{"type":"Feature","geometry":{"type":"Polygon","coordinates":[[[-122.243953,37.849936],[-122.244077,37.849888],[-122.244199,37.850085],[-122.244075,37.850133],[-122.243953,37.849936]]]},"properties":{"APN":"48A-7057-33","SitusAddress":"6634 CHABOT RD OAKLAND 94618"}},{"type":"Feature","geometry":{"type":"Polygon","coordinates":[[[-122.243914,37.851346],[-122.244237,37.851306],[-122.244259,37.851401],[-122.244262,37.851417],[-122.243935,37.851457],[-122.243914,37.851346]]]},"properties":{"APN":"48A-7081-5","SitusAddress":"5951 CHABOT CRST OAKLAND 94618"}},{"type":"Feature","geometry":{"type":"Polygon","coordinates":[[[-122.243893,37.851238],[-122.244213,37.851198],[-122.244234,37.85129],[-122.244237,37.851306],[-122.243914,37.851346],[-122.243893,37.851238]]]},"properties":{"APN":"48A-7081-6","SitusAddress":"5945 CHABOT CRST OAKLAND 94618"}},{"type":"Feature","geometry":{"type":"Polygon","coordinates":[[[-122.243872,37.851129],[-122.244188,37.85109],[-122.244209,37.85118],[-122.244213,37.851198],[-122.243893,37.851238],[-122.243872,37.851129]]]},"properties":{"APN":"48A-7081-7","SitusAddress":"5939 CHABOT CRST OAKLAND 94618"}},{"type":"Feature","geometry":{"type":"Polygon","coordinates":[[[-122.243851,37.851021],[-122.244164,37.850982],[-122.244182,37.851064],[-122.244188,37.85109],[-122.243872,37.851129],[-122.243851,37.851021]]]},"properties":{"APN":"48A-7081-8","SitusAddress":"5933 CHABOT CRST OAKLAND 94618"}},{"type":"Feature","geometry":{"type":"Polygon","coordinates":[[[-122.244164,37.850982],[-122.243851,37.851021],[-122.24383,37.850912],[-122.24414,37.850874],[-122.244158,37.850956],[-122.244164,37.850982]]]},"properties":{"APN":"48A-7081-9","SitusAddress":"5927 CHABOT CRST OAKLAND 94618"}},{"type":"Feature","geometry":{"type":"Polygon","coordinates":[[[-122.24383,37.850912],[-122.243809,37.850803],[-122.244115,37.850766],[-122.244133,37.850845],[-122.24414,37.850874],[-122.24383,37.850912]]]},"properties":{"APN":"48A-7081-10","SitusAddress":"5921 CHABOT CRST OAKLAND 94618"}},{"type":"Feature","geometry":{"type":"Polygon","coordinates":[[[-122.243788,37.850695],[-122.243947,37.850675],[-122.244091,37.850657],[-122.244107,37.85073],[-122.244115,37.850766],[-122.243809,37.850803],[-122.243788,37.850695]]]},"properties":{"APN":"48A-7081-11","SitusAddress":"5915 CHABOT CRST OAKLAND 94618"}},{"type":"Feature","geometry":{"type":"Polygon","coordinates":[[[-122.243877,37.850395],[-122.243947,37.850675],[-122.243788,37.850695],[-122.243745,37.850468],[-122.243744,37.850468],[-122.243744,37.850467],[-122.243744,37.850466],[-122.243744,37.850464],[-122.243744,37.850462],[-122.243744,37.850461],[-122.243744,37.85046],[-122.243745,37.850459],[-122.243745,37.850458],[-122.243745,37.850457],[-122.243746,37.850456],[-122.243746,37.850455],[-122.243746,37.850454],[-122.243747,37.850453],[-122.243748,37.850452],[-122.243748,37.850451],[-122.243749,37.850451],[-122.24375,37.85045],[-122.24375,37.850448],[-122.243751,37.850448],[-122.243752,37.850447],[-122.243753,37.850446],[-122.243754,37.850445],[-122.243756,37.850444],[-122.243757,37.850443],[-122.243757,37.850443],[-122.243758,37.850442],[-122.243759,37.850441],[-122.24376,37.850441],[-122.243762,37.85044],[-122.243763,37.85044],[-122.243877,37.850395]]]},"properties":{"APN":"48A-7081-12","SitusAddress":"6667 CHABOT RD OAKLAND 94618"}},{"type":"Feature","geometry":{"type":"Polygon","coordinates":[[[-122.243877,37.850395],[-122.244012,37.850342],[-122.244044,37.850481],[-122.24405,37.850479],[-122.244052,37.850486],[-122.244079,37.850606],[-122.244091,37.850657],[-122.243947,37.850675],[-122.243877,37.850395]]]},"properties":{"APN":"48A-7081-13","SitusAddress":"6661 CHABOT RD OAKLAND 94618"}},{"type":"Feature","geometry":{"type":"Polygon","coordinates":[[[-122.24405,37.850479],[-122.244044,37.850481],[-122.244012,37.850342],[-122.244193,37.850271],[-122.244194,37.850271],[-122.244195,37.85027],[-122.244196,37.85027],[-122.244197,37.85027],[-122.244198,37.850269],[-122.2442,37.850269],[-122.244201,37.850269],[-122.244202,37.850269],[-122.244204,37.850268],[-122.244205,37.850268],[-122.244206,37.850268],[-122.244208,37.850268],[-122.244209,37.850268],[-122.24421,37.850268],[-122.244212,37.850268],[-122.244214,37.850269],[-122.244216,37.850269],[-122.244217,37.850269],[-122.244218,37.850269],[-122.244219,37.85027],[-122.244221,37.85027],[-122.244222,37.850271],[-122.244223,37.850271],[-122.244225,37.850272],[-122.244227,37.850272],[-122.244228,37.850273],[-122.24423,37.850274],[-122.244231,37.850275],[-122.244232,37.850276],[-122.244233,37.850276],[-122.244234,37.850277],[-122.244234,37.850278],[-122.244235,37.850279],[-122.244236,37.850279],[-122.244237,37.85028],[-122.244237,37.850281],[-122.244238,37.850282],[-122.244239,37.850283],[-122.244239,37.850284],[-122.24424,37.850285],[-122.244302,37.850406],[-122.244052,37.850486],[-122.24405,37.850479]]]},"properties":{"APN":"48A-7081-14","SitusAddress":"6651 CHABOT RD OAKLAND 94618"}},{"type":"Feature","geometry":{"type":"Polygon","coordinates":[[[-122.244052,37.850486],[-122.244302,37.850406],[-122.244363,37.850525],[-122.244079,37.850606],[-122.244052,37.850486]]]},"properties":{"APN":"48A-7081-15","SitusAddress":"5908 CHABOLYN TER OAKLAND 94618"}},{"type":"Feature","geometry":{"type":"Polygon","coordinates":[[[-122.244091,37.850657],[-122.244079,37.850606],[-122.244363,37.850525],[-122.244421,37.85064],[-122.244107,37.85073],[-122.244091,37.850657]]]},"properties":{"APN":"48A-7081-16","SitusAddress":"5916 CHABOLYN TER OAKLAND 94618"}},{"type":"Feature","geometry":{"type":"Polygon","coordinates":[[[-122.244115,37.850766],[-122.244107,37.85073],[-122.244421,37.85064],[-122.244471,37.850737],[-122.244133,37.850845],[-122.244115,37.850766]]]},"properties":{"APN":"48A-7081-17","SitusAddress":"5924 CHABOLYN TER OAKLAND 94618"}},{"type":"Feature","geometry":{"type":"Polygon","coordinates":[[[-122.24414,37.850874],[-122.244133,37.850845],[-122.244471,37.850737],[-122.244523,37.85084],[-122.244158,37.850956],[-122.24414,37.850874]]]},"properties":{"APN":"48A-7081-18","SitusAddress":"5930 CHABOLYN TER OAKLAND 94618"}},{"type":"Feature","geometry":{"type":"Polygon","coordinates":[[[-122.244164,37.850982],[-122.244158,37.850956],[-122.244523,37.85084],[-122.244574,37.850939],[-122.244182,37.851064],[-122.244164,37.850982]]]},"properties":{"APN":"48A-7081-19","SitusAddress":"5936 CHABOLYN TER OAKLAND 94618"}},{"type":"Feature","geometry":{"type":"Polygon","coordinates":[[[-122.244188,37.85109],[-122.244182,37.851064],[-122.244574,37.850939],[-122.244629,37.851047],[-122.244209,37.85118],[-122.244188,37.85109]]]},"properties":{"APN":"48A-7081-20","SitusAddress":"5942 CHABOLYN TER OAKLAND 94618"}},{"type":"Feature","geometry":{"type":"Polygon","coordinates":[[[-122.244213,37.851198],[-122.244209,37.85118],[-122.244629,37.851047],[-122.244681,37.851148],[-122.244234,37.85129],[-122.244213,37.851198]]]},"properties":{"APN":"48A-7081-21","SitusAddress":"5948 CHABOLYN TER OAKLAND 94618"}},{"type":"Feature","geometry":{"type":"Polygon","coordinates":[[[-122.244237,37.851306],[-122.244234,37.85129],[-122.244681,37.851148],[-122.244733,37.85125],[-122.244259,37.851401],[-122.244237,37.851306]]]},"properties":{"APN":"48A-7081-22","SitusAddress":"5954 CHABOLYN TER OAKLAND 94618"}},{"type":"Feature","geometry":{"type":"Polygon","coordinates":[[[-122.244262,37.851417],[-122.244259,37.851401],[-122.244733,37.85125],[-122.244785,37.851352],[-122.244284,37.851511],[-122.244262,37.851417]]]},"properties":{"APN":"48A-7081-23","SitusAddress":"5960 CHABOLYN TER OAKLAND 94618"}},{"type":"Feature","geometry":{"type":"Polygon","coordinates":[[[-122.244286,37.851523],[-122.244284,37.851511],[-122.244785,37.851352],[-122.244837,37.851454],[-122.244309,37.851622],[-122.244286,37.851523]]]},"properties":{"APN":"48A-7081-24","SitusAddress":"5966 CHABOLYN TER OAKLAND 94618"}},{"type":"Feature","geometry":{"type":"Polygon","coordinates":[[[-122.244311,37.851633],[-122.244309,37.851622],[-122.244837,37.851454],[-122.244889,37.851556],[-122.244728,37.851607],[-122.244605,37.851646],[-122.244599,37.851648],[-122.244465,37.85169],[-122.244462,37.851691],[-122.244334,37.851732],[-122.244311,37.851633]]]},"properties":{"APN":"48A-7081-25","SitusAddress":"5972 CHABOLYN TER OAKLAND 94618"}},{"type":"Feature","geometry":{"type":"Polygon","coordinates":[[[-122.244794,37.851738],[-122.244728,37.851607],[-122.244889,37.851556],[-122.244904,37.851585],[-122.244907,37.851592],[-122.244909,37.851596],[-122.244911,37.8516],[-122.244912,37.851605],[-122.244914,37.851609],[-122.244916,37.851613],[-122.244917,37.851618],[-122.244918,37.851622],[-122.24492,37.851626],[-122.244921,37.851631],[-122.244922,37.851635],[-122.244923,37.851639],[-122.244924,37.851644],[-122.244925,37.851648],[-122.244925,37.851653],[-122.244926,37.851657],[-122.244926,37.851662],[-122.244927,37.851666],[-122.244927,37.85167],[-122.244927,37.851675],[-122.244927,37.851679],[-122.244927,37.851684],[-122.244927,37.851688],[-122.244927,37.851693],[-122.244927,37.851697],[-122.244926,37.851702],[-122.244926,37.851706],[-122.244925,37.851711],[-122.244924,37.851715],[-122.244924,37.851719],[-122.244923,37.851724],[-122.244922,37.851728],[-122.244921,37.851733],[-122.244919,37.851737],[-122.244918,37.851741],[-122.244917,37.851746],[-122.244915,37.85175],[-122.244914,37.851754],[-122.244912,37.851759],[-122.24491,37.851763],[-122.244909,37.851767],[-122.244907,37.851771],[-122.244905,37.851775],[-122.244902,37.85178],[-122.2449,37.851784],[-122.244898,37.851788],[-122.244896,37.851792],[-122.244893,37.851796],[-122.244891,37.8518],[-122.244888,37.851804],[-122.244885,37.851808],[-122.244882,37.851811],[-122.244879,37.851815],[-122.244876,37.851819],[-122.244873,37.851823],[-122.24487,37.851827],[-122.244867,37.85183],[-122.244864,37.851834],[-122.24486,37.851837],[-122.244857,37.851841],[-122.244853,37.851844],[-122.24485,37.851848],[-122.244794,37.851738]]]},"properties":{"APN":"48A-7081-26-1","SitusAddress":"5986 CHABOLYN TER OAKLAND 94618"}},{"type":"Feature","geometry":{"type":"Polygon","coordinates":[[[-122.242118,37.851626],[-122.24217,37.851898],[-122.242136,37.851901],[-122.242001,37.851908],[-122.241983,37.851909],[-122.241945,37.851912],[-122.241968,37.851678],[-122.241968,37.851676],[-122.241969,37.851674],[-122.241969,37.851672],[-122.24197,37.85167],[-122.241971,37.851668],[-122.241972,37.851667],[-122.241972,37.851666],[-122.241973,37.851664],[-122.241974,37.851662],[-122.241975,37.851661],[-122.241976,37.851659],[-122.241977,37.851657],[-122.241981,37.851653],[-122.241982,37.851652],[-122.241985,37.85165],[-122.241987,37.851647],[-122.24199,37.851645],[-122.241992,37.851644],[-122.241994,37.851642],[-122.241998,37.85164],[-122.242001,37.851639],[-122.242005,37.851637],[-122.242008,37.851636],[-122.24201,37.851635],[-122.242011,37.851635],[-122.242017,37.851633],[-122.24202,37.851633],[-122.242024,37.851632],[-122.242026,37.851632],[-122.242029,37.851632],[-122.24203,37.851631],[-122.242031,37.851631],[-122.242118,37.851626]]]},"properties":{"APN":"48A-7082-1","SitusAddress":"6774 MANOR CRST OAKLAND 94618"}},{"type":"Feature","geometry":{"type":"Polygon","coordinates":[[[-122.242304,37.85189],[-122.24217,37.851898],[-122.242118,37.851626],[-122.242252,37.851618],[-122.242304,37.85189]]]},"properties":{"APN":"48A-7082-2","SitusAddress":"6768 MANOR CRST OAKLAND 94618"}},{"type":"Feature","geometry":{"type":"Polygon","coordinates":[[[-122.242252,37.851618],[-122.242386,37.85161],[-122.242442,37.851882],[-122.242304,37.85189],[-122.242252,37.851618]]]},"properties":{"APN":"48A-7082-3","SitusAddress":"6762 MANOR CRST OAKLAND 94618"}},{"type":"Feature","geometry":{"type":"Polygon","coordinates":[[[-122.242386,37.85161],[-122.242526,37.851602],[-122.24258,37.851874],[-122.24254,37.851876],[-122.242442,37.851882],[-122.242386,37.85161]]]},"properties":{"APN":"48A-7082-4","SitusAddress":"6756 MANOR CRST OAKLAND 94618"}},{"type":"Feature","geometry":{"type":"Polygon","coordinates":[[[-122.242719,37.851866],[-122.24258,37.851874],[-122.242526,37.851602],[-122.242649,37.851595],[-122.242663,37.851594],[-122.242719,37.851866]]]},"properties":{"APN":"48A-7082-5","SitusAddress":"6750 MANOR CRST OAKLAND 94618"}},{"type":"Feature","geometry":{"type":"Polygon","coordinates":[[[-122.242663,37.851594],[-122.242667,37.851594],[-122.242686,37.851592],[-122.242704,37.851591],[-122.242723,37.851589],[-122.242741,37.851587],[-122.242759,37.851584],[-122.242777,37.851582],[-122.242795,37.851579],[-122.242798,37.851578],[-122.242856,37.851858],[-122.242719,37.851866],[-122.242663,37.851594]]]},"properties":{"APN":"48A-7082-6","SitusAddress":"6744 MANOR CRST OAKLAND 94618"}},{"type":"Feature","geometry":{"type":"Polygon","coordinates":[[[-122.242998,37.851849],[-122.242856,37.851858],[-122.242798,37.851578],[-122.242814,37.851576],[-122.242844,37.85157],[-122.242933,37.85155],[-122.242998,37.851849]]]},"properties":{"APN":"48A-7082-7","SitusAddress":"6738 MANOR CRST OAKLAND 94618"}},{"type":"Feature","geometry":{"type":"Polygon","coordinates":[[[-122.242933,37.85155],[-122.243068,37.85152],[-122.243135,37.851841],[-122.243026,37.851847],[-122.242998,37.851849],[-122.242933,37.85155]]]},"properties":{"APN":"48A-7082-8","SitusAddress":"6732 MANOR CRST OAKLAND 94618"}},{"type":"Feature","geometry":{"type":"Polygon","coordinates":[[[-122.243068,37.85152],[-122.243206,37.85149],[-122.243272,37.851833],[-122.243243,37.851834],[-122.243135,37.851841],[-122.243068,37.85152]]]},"properties":{"APN":"48A-7082-9","SitusAddress":"6726 MANOR CRST OAKLAND 94618"}},{"type":"Feature","geometry":{"type":"Polygon","coordinates":[[[-122.243206,37.85149],[-122.243211,37.851489],[-122.243231,37.851485],[-122.243243,37.851483],[-122.243255,37.851481],[-122.243267,37.851479],[-122.243279,37.851477],[-122.243292,37.851476],[-122.243304,37.851474],[-122.243316,37.851473],[-122.243329,37.851472],[-122.243342,37.851471],[-122.243389,37.851716],[-122.24341,37.851823],[-122.24341,37.851824],[-122.243272,37.851833],[-122.243206,37.85149]]]},"properties":{"APN":"48A-7082-10","SitusAddress":"6720 MANOR CRST OAKLAND 94618"}},{"type":"Feature","geometry":{"type":"Polygon","coordinates":[[[-122.243525,37.851707],[-122.243389,37.851716],[-122.243342,37.851471],[-122.243478,37.851463],[-122.243525,37.851707]]]},"properties":{"APN":"48A-7082-11","SitusAddress":"6714 MANOR CRST OAKLAND 94618"}},{"type":"Feature","geometry":{"type":"Polygon","coordinates":[[[-122.243659,37.851699],[-122.243525,37.851707],[-122.243478,37.851463],[-122.243612,37.851455],[-122.243659,37.851699]]]},"properties":{"APN":"48A-7082-12","SitusAddress":"6706 MANOR CRST OAKLAND 94618"}},{"type":"Feature","geometry":{"type":"Polygon","coordinates":[[[-122.243612,37.851455],[-122.24371,37.851449],[-122.243711,37.851449],[-122.243713,37.851449],[-122.243714,37.851449],[-122.243715,37.851449],[-122.243717,37.851449],[-122.243718,37.851449],[-122.24372,37.851449],[-122.243722,37.85145],[-122.243723,37.85145],[-122.243725,37.85145],[-122.243727,37.851451],[-122.243728,37.851451],[-122.24373,37.851451],[-122.243731,37.851452],[-122.243733,37.851452],[-122.243735,37.851453],[-122.243736,37.851453],[-122.243738,37.851454],[-122.243739,37.851454],[-122.24374,37.851455],[-122.243742,37.851456],[-122.243743,37.851456],[-122.243744,37.851457],[-122.243746,37.851458],[-122.243747,37.851459],[-122.243748,37.85146],[-122.243749,37.85146],[-122.24375,37.851461],[-122.243752,37.851462],[-122.243753,37.851463],[-122.243754,37.851464],[-122.243755,37.851465],[-122.243756,37.851466],[-122.243757,37.851467],[-122.243758,37.851468],[-122.243759,37.85147],[-122.243759,37.851471],[-122.24376,37.851472],[-122.243761,37.851473],[-122.243762,37.851475],[-122.243762,37.851476],[-122.243763,37.851477],[-122.243764,37.851479],[-122.243764,37.85148],[-122.243764,37.851482],[-122.243765,37.851483],[-122.243765,37.851484],[-122.243794,37.851635],[-122.243795,37.851638],[-122.243795,37.851641],[-122.243795,37.851644],[-122.243796,37.851646],[-122.243796,37.851649],[-122.243796,37.851652],[-122.243796,37.851655],[-122.243796,37.851657],[-122.243796,37.85166],[-122.243796,37.851663],[-122.243796,37.851665],[-122.243796,37.851668],[-122.243796,37.851671],[-122.243795,37.851673],[-122.243795,37.851676],[-122.243795,37.851679],[-122.243794,37.851681],[-122.243794,37.851684],[-122.243793,37.851687],[-122.243792,37.851689],[-122.243792,37.851692],[-122.243659,37.851699],[-122.243612,37.851455]]]},"properties":{"APN":"48A-7082-13","SitusAddress":"5956 CHABOT CRST OAKLAND 94618"}},{"type":"Feature","geometry":{"type":"Polygon","coordinates":[[[-122.243389,37.851716],[-122.243525,37.851707],[-122.243659,37.851699],[-122.243792,37.851692],[-122.243791,37.851695],[-122.24379,37.851697],[-122.243789,37.8517],[-122.243788,37.851702],[-122.243787,37.851705],[-122.243786,37.851708],[-122.243785,37.85171],[-122.243784,37.851713],[-122.243783,37.851715],[-122.243781,37.851718],[-122.24378,37.85172],[-122.243778,37.851723],[-122.243777,37.851725],[-122.243776,37.851727],[-122.243774,37.85173],[-122.243772,37.851732],[-122.243771,37.851735],[-122.243769,37.851737],[-122.243767,37.851739],[-122.243765,37.851742],[-122.243764,37.851744],[-122.243762,37.851746],[-122.24376,37.851748],[-122.243758,37.85175],[-122.243756,37.851753],[-122.243754,37.851755],[-122.243751,37.851757],[-122.243749,37.851759],[-122.243747,37.851761],[-122.243745,37.851763],[-122.243742,37.851765],[-122.24374,37.851767],[-122.243738,37.851769],[-122.243735,37.851771],[-122.243733,37.851772],[-122.24373,37.851774],[-122.243727,37.851776],[-122.243725,37.851778],[-122.243722,37.851779],[-122.24372,37.851781],[-122.243717,37.851783],[-122.243714,37.851784],[-122.243711,37.851786],[-122.243708,37.851787],[-122.243706,37.851789],[-122.243703,37.85179],[-122.2437,37.851791],[-122.243697,37.851793],[-122.243694,37.851794],[-122.243691,37.851795],[-122.243688,37.851797],[-122.243685,37.851798],[-122.243682,37.851799],[-122.243679,37.8518],[-122.243675,37.851801],[-122.243672,37.851802],[-122.243669,37.851803],[-122.243666,37.851804],[-122.243663,37.851805],[-122.243659,37.851806],[-122.243656,37.851806],[-122.243653,37.851807],[-122.24365,37.851808],[-122.243646,37.851808],[-122.243643,37.851809],[-122.24364,37.85181],[-122.243636,37.85181],[-122.243633,37.851811],[-122.24363,37.851811],[-122.243626,37.851811],[-122.243623,37.851812],[-122.243619,37.851812],[-122.243616,37.851812],[-122.243605,37.851813],[-122.24341,37.851824],[-122.24341,37.851823],[-122.243389,37.851716]]]},"properties":{"APN":"48A-7082-14","SitusAddress":"5968 CHABOT CRST OAKLAND 94618"}},{"type":"Feature","geometry":{"type":"Polygon","coordinates":[[[-122.242112,37.851338],[-122.242401,37.851404],[-122.242405,37.851472],[-122.242288,37.851479],[-122.242261,37.85148],[-122.242247,37.85148],[-122.242232,37.85148],[-122.242218,37.85148],[-122.242203,37.85148],[-122.242189,37.85148],[-122.242174,37.851479],[-122.24216,37.851478],[-122.242145,37.851477],[-122.242131,37.851476],[-122.242116,37.851475],[-122.242114,37.851474],[-122.242112,37.851474],[-122.242111,37.851474],[-122.24211,37.851473],[-122.242108,37.851473],[-122.242107,37.851473],[-122.242105,37.851472],[-122.242104,37.851472],[-122.242103,37.851471],[-122.242101,37.851471],[-122.2421,37.85147],[-122.242098,37.85147],[-122.242097,37.851469],[-122.242096,37.851469],[-122.242095,37.851468],[-122.242093,37.851467],[-122.242092,37.851467],[-122.242091,37.851466],[-122.24209,37.851465],[-122.242088,37.851464],[-122.242087,37.851463],[-122.242086,37.851463],[-122.242085,37.851462],[-122.242084,37.851461],[-122.242083,37.85146],[-122.242082,37.851459],[-122.242081,37.851457],[-122.24208,37.851456],[-122.242079,37.851455],[-122.242078,37.851454],[-122.242077,37.851452],[-122.242076,37.851451],[-122.242076,37.85145],[-122.242075,37.851449],[-122.242075,37.851448],[-122.242074,37.851447],[-122.242074,37.851446],[-122.242073,37.851445],[-122.242073,37.851444],[-122.242073,37.851443],[-122.242072,37.851442],[-122.242072,37.851441],[-122.242072,37.85144],[-122.242072,37.851439],[-122.242071,37.851438],[-122.242071,37.851437],[-122.242071,37.851435],[-122.242071,37.851434],[-122.242071,37.851432],[-122.242071,37.851431],[-122.242072,37.851429],[-122.242072,37.851428],[-122.242072,37.851427],[-122.242072,37.851425],[-122.242073,37.851424],[-122.242073,37.851422],[-122.242074,37.851421],[-122.242081,37.851403],[-122.242088,37.851388],[-122.242095,37.851373],[-122.242102,37.851359],[-122.242109,37.851344],[-122.242112,37.851338]]]},"properties":{"APN":"48A-7083-1","SitusAddress":"6765 MANOR CRST OAKLAND 94618"}},{"type":"Feature","geometry":{"type":"Polygon","coordinates":[[[-122.242112,37.851338],[-122.242117,37.85133],[-122.242125,37.851315],[-122.242134,37.851301],[-122.242142,37.851287],[-122.242152,37.851273],[-122.242161,37.851259],[-122.242171,37.851245],[-122.242181,37.851231],[-122.242183,37.851228],[-122.242459,37.851338],[-122.2424,37.8514],[-122.242401,37.851404],[-122.242112,37.851338]]]},"properties":{"APN":"48A-7083-2","SitusAddress":"6315 ROANOKE RD OAKLAND 94618"}},{"type":"Feature","geometry":{"type":"Polygon","coordinates":[[[-122.242183,37.851228],[-122.242191,37.851218],[-122.242201,37.851205],[-122.242266,37.851124],[-122.242524,37.851267],[-122.242459,37.851338],[-122.242183,37.851228]]]},"properties":{"APN":"48A-7083-3","SitusAddress":"6307 ROANOKE RD OAKLAND 94618"}},{"type":"Feature","geometry":{"type":"Polygon","coordinates":[[[-122.242266,37.851124],[-122.242332,37.851042],[-122.242592,37.851194],[-122.24256,37.851228],[-122.242524,37.851267],[-122.242266,37.851124]]]},"properties":{"APN":"48A-7083-4","SitusAddress":"6301 ROANOKE RD OAKLAND 94618"}},{"type":"Feature","geometry":{"type":"Polygon","coordinates":[[[-122.242332,37.851042],[-122.242337,37.851036],[-122.242341,37.851032],[-122.242344,37.851028],[-122.242348,37.851024],[-122.242351,37.851021],[-122.242355,37.851017],[-122.242359,37.851013],[-122.242363,37.851009],[-122.242367,37.851006],[-122.242371,37.851002],[-122.242375,37.850999],[-122.242379,37.850995],[-122.242384,37.850992],[-122.242388,37.850989],[-122.242392,37.850985],[-122.242397,37.850982],[-122.242401,37.850979],[-122.242406,37.850976],[-122.242411,37.850973],[-122.242416,37.85097],[-122.24242,37.850967],[-122.242425,37.850964],[-122.24243,37.850962],[-122.242435,37.850959],[-122.24244,37.850956],[-122.242446,37.850954],[-122.242451,37.850951],[-122.242456,37.850949],[-122.242461,37.850947],[-122.242467,37.850944],[-122.242472,37.850942],[-122.242488,37.850936],[-122.242687,37.851166],[-122.242602,37.851183],[-122.242592,37.851194],[-122.242332,37.851042]]]},"properties":{"APN":"48A-7083-5","SitusAddress":"6729 CHABOT RD OAKLAND 94618"}},{"type":"Feature","geometry":{"type":"Polygon","coordinates":[[[-122.24269,37.851166],[-122.242687,37.851166],[-122.242488,37.850936],[-122.242628,37.850881],[-122.242798,37.851144],[-122.24269,37.851166]]]},"properties":{"APN":"48A-7083-6","SitusAddress":"6721 CHABOT RD OAKLAND 94618"}},{"type":"Feature","geometry":{"type":"Polygon","coordinates":[[[-122.242628,37.850881],[-122.242762,37.850828],[-122.242909,37.851121],[-122.242824,37.851138],[-122.242798,37.851144],[-122.242628,37.850881]]]},"properties":{"APN":"48A-7083-7","SitusAddress":"6715 CHABOT RD OAKLAND 94618"}},{"type":"Feature","geometry":{"type":"Polygon","coordinates":[[[-122.242762,37.850828],[-122.242892,37.850777],[-122.24302,37.851099],[-122.242958,37.851111],[-122.242909,37.851121],[-122.242762,37.850828]]]},"properties":{"APN":"48A-7083-8","SitusAddress":"6707 CHABOT RD OAKLAND 94618"}},{"type":"Feature","geometry":{"type":"Polygon","coordinates":[[[-122.242892,37.850777],[-122.243023,37.850726],[-122.24313,37.851076],[-122.243093,37.851084],[-122.24302,37.851099],[-122.242892,37.850777]]]},"properties":{"APN":"48A-7083-9","SitusAddress":"6701 CHABOT RD OAKLAND 94618"}},{"type":"Feature","geometry":{"type":"Polygon","coordinates":[[[-122.243023,37.850726],[-122.243154,37.850675],[-122.243245,37.851053],[-122.243228,37.851056],[-122.24313,37.851076],[-122.243023,37.850726]]]},"properties":{"APN":"48A-7083-10","SitusAddress":"6693 CHABOT RD OAKLAND 94618"}},{"type":"Feature","geometry":{"type":"Polygon","coordinates":[[[-122.243154,37.850675],[-122.243284,37.850623],[-122.243326,37.850841],[-122.243344,37.850936],[-122.243362,37.851029],[-122.243245,37.851053],[-122.243154,37.850675]]]},"properties":{"APN":"48A-7083-11","SitusAddress":"6687 CHABOT RD OAKLAND 94618"}},{"type":"Feature","geometry":{"type":"Polygon","coordinates":[[[-122.243284,37.850623],[-122.24343,37.850566],[-122.243491,37.850777],[-122.243326,37.850841],[-122.243284,37.850623]]]},"properties":{"APN":"48A-7083-12","SitusAddress":"6681 CHABOT RD OAKLAND 94618"}},{"type":"Feature","geometry":{"type":"Polygon","coordinates":[[[-122.24343,37.850566],[-122.243535,37.850525],[-122.243535,37.850525],[-122.243537,37.850524],[-122.243538,37.850524],[-122.24354,37.850523],[-122.243541,37.850523],[-122.243543,37.850523],[-122.243544,37.850523],[-122.243545,37.850522],[-122.243547,37.850522],[-122.243548,37.850522],[-122.243549,37.850522],[-122.243551,37.850522],[-122.243552,37.850522],[-122.243554,37.850522],[-122.243555,37.850522],[-122.243557,37.850523],[-122.243558,37.850523],[-122.243559,37.850523],[-122.243561,37.850523],[-122.243562,37.850524],[-122.243563,37.850524],[-122.243564,37.850524],[-122.243565,37.850525],[-122.243566,37.850525],[-122.243567,37.850526],[-122.243569,37.850527],[-122.24357,37.850527],[-122.243572,37.850528],[-122.243573,37.850529],[-122.243573,37.850529],[-122.243575,37.85053],[-122.243576,37.850531],[-122.243576,37.850532],[-122.243577,37.850533],[-122.243578,37.850533],[-122.243579,37.850534],[-122.243579,37.850535],[-122.24358,37.850536],[-122.243581,37.850537],[-122.243582,37.850538],[-122.243582,37.850539],[-122.243582,37.85054],[-122.243583,37.850541],[-122.243583,37.850542],[-122.243584,37.850543],[-122.243584,37.850544],[-122.243584,37.850545],[-122.243619,37.850728],[-122.243491,37.850777],[-122.24343,37.850566]]]},"properties":{"APN":"48A-7083-13","SitusAddress":"6675 CHABOT RD OAKLAND 94618"}},{"type":"Feature","geometry":{"type":"Polygon","coordinates":[[[-122.243643,37.850848],[-122.243344,37.850936],[-122.243326,37.850841],[-122.243491,37.850777],[-122.243619,37.850728],[-122.243643,37.850848]]]},"properties":{"APN":"48A-7083-14","SitusAddress":"5916 CHABOT CRST OAKLAND 94618"}},{"type":"Feature","geometry":{"type":"Polygon","coordinates":[[[-122.243344,37.850936],[-122.243643,37.850848],[-122.243666,37.850968],[-122.243362,37.851029],[-122.243344,37.850936]]]},"properties":{"APN":"48A-7083-15","SitusAddress":"5922 CHABOT CRST OAKLAND 94618"}},{"type":"Feature","geometry":{"type":"Polygon","coordinates":[[[-122.243362,37.851029],[-122.243666,37.850968],[-122.243687,37.851082],[-122.243381,37.851127],[-122.243362,37.851029]]]},"properties":{"APN":"48A-7083-16","SitusAddress":"5924 CHABOT CRST OAKLAND 94618"}},{"type":"Feature","geometry":{"type":"Polygon","coordinates":[[[-122.243381,37.851127],[-122.243687,37.851082],[-122.243709,37.851196],[-122.243402,37.851235],[-122.243381,37.851127]]]},"properties":{"APN":"48A-7083-17","SitusAddress":"5934 CHABOT CRST OAKLAND 94618"}},{"type":"Feature","geometry":{"type":"Polygon","coordinates":[[[-122.243402,37.851235],[-122.243709,37.851196],[-122.243723,37.851266],[-122.243723,37.851267],[-122.243723,37.851268],[-122.243724,37.85127],[-122.243724,37.851271],[-122.243724,37.851273],[-122.243724,37.851274],[-122.243724,37.851276],[-122.243723,37.851277],[-122.243723,37.851278],[-122.243723,37.851279],[-122.243723,37.851281],[-122.243722,37.851282],[-122.243722,37.851283],[-122.243721,37.851284],[-122.243721,37.851285],[-122.243721,37.851286],[-122.24372,37.851287],[-122.243719,37.851289],[-122.243719,37.85129],[-122.243718,37.851291],[-122.243718,37.851292],[-122.243717,37.851293],[-122.243716,37.851294],[-122.243716,37.851294],[-122.243715,37.851296],[-122.243714,37.851297],[-122.243713,37.851298],[-122.243711,37.851299],[-122.24371,37.8513],[-122.243709,37.851301],[-122.243708,37.851302],[-122.243707,37.851303],[-122.243706,37.851304],[-122.243705,37.851304],[-122.243704,37.851305],[-122.243702,37.851306],[-122.243701,37.851306],[-122.2437,37.851307],[-122.243699,37.851308],[-122.243698,37.851308],[-122.243696,37.851309],[-122.243695,37.851309],[-122.243694,37.85131],[-122.243693,37.85131],[-122.243691,37.851311],[-122.243689,37.851311],[-122.243688,37.851312],[-122.243686,37.851312],[-122.243685,37.851312],[-122.243683,37.851313],[-122.243681,37.851313],[-122.24368,37.851313],[-122.243678,37.851313],[-122.243676,37.851314],[-122.24342,37.851329],[-122.243402,37.851235]]]},"properties":{"APN":"48A-7083-18","SitusAddress":"5940 CHABOT CRST OAKLAND 94618"}},{"type":"Feature","geometry":{"type":"Polygon","coordinates":[[[-122.243228,37.851056],[-122.243245,37.851053],[-122.243362,37.851029],[-122.243381,37.851127],[-122.243402,37.851235],[-122.24342,37.851329],[-122.243314,37.851335],[-122.243298,37.851336],[-122.243285,37.851338],[-122.243228,37.851056]]]},"properties":{"APN":"48A-7083-19","SitusAddress":"6715 MANOR CRST OAKLAND 94618"}},{"type":"Feature","geometry":{"type":"Polygon","coordinates":[[[-122.243093,37.851084],[-122.24313,37.851076],[-122.243228,37.851056],[-122.243285,37.851338],[-122.243283,37.851338],[-122.243268,37.85134],[-122.243253,37.851342],[-122.243237,37.851344],[-122.243222,37.851346],[-122.243207,37.851348],[-122.243192,37.851351],[-122.243165,37.851357],[-122.243149,37.85136],[-122.243093,37.851084]]]},"properties":{"APN":"48A-7083-20","SitusAddress":"6721 MANOR CRST OAKLAND 94618"}},{"type":"Feature","geometry":{"type":"Polygon","coordinates":[[[-122.242958,37.851111],[-122.24302,37.851099],[-122.243093,37.851084],[-122.243149,37.85136],[-122.243015,37.85139],[-122.242958,37.851111]]]},"properties":{"APN":"48A-7083-21","SitusAddress":"6725 MANOR CRST OAKLAND 94618"}},{"type":"Feature","geometry":{"type":"Polygon","coordinates":[[[-122.243015,37.85139],[-122.242882,37.851419],[-122.242824,37.851138],[-122.242909,37.851121],[-122.242958,37.851111],[-122.243015,37.85139]]]},"properties":{"APN":"48A-7083-22","SitusAddress":"6729 MANOR CRST OAKLAND 94618"}},{"type":"Feature","geometry":{"type":"Polygon","coordinates":[[[-122.242747,37.851446],[-122.24269,37.851166],[-122.242798,37.851144],[-122.242824,37.851138],[-122.242882,37.851419],[-122.242799,37.851437],[-122.242774,37.851442],[-122.242759,37.851445],[-122.242747,37.851446]]]},"properties":{"APN":"48A-7083-23","SitusAddress":"6739 MANOR CRST OAKLAND 94618"}},{"type":"Feature","geometry":{"type":"Polygon","coordinates":[[[-122.24256,37.851228],[-122.242592,37.851194],[-122.242602,37.851183],[-122.242687,37.851166],[-122.24269,37.851166],[-122.242747,37.851446],[-122.242744,37.851447],[-122.242729,37.851449],[-122.242714,37.851451],[-122.242698,37.851453],[-122.242683,37.851455],[-122.242667,37.851456],[-122.242652,37.851457],[-122.242637,37.851458],[-122.242607,37.85146],[-122.24256,37.851228]]]},"properties":{"APN":"48A-7083-24","SitusAddress":"6745 MANOR CRST OAKLAND 94618"}},{"type":"Feature","geometry":{"type":"Polygon","coordinates":[[[-122.242401,37.851404],[-122.2424,37.8514],[-122.242459,37.851338],[-122.242524,37.851267],[-122.24256,37.851228],[-122.242607,37.85146],[-122.242405,37.851472],[-122.242401,37.851404]]]},"properties":{"APN":"48A-7083-25","SitusAddress":"6753 MANOR CRST OAKLAND 94618"}},{"type":"Feature","geometry":{"type":"Polygon","coordinates":[[[-122.241136,37.851568],[-122.241146,37.851561],[-122.241318,37.851627],[-122.241399,37.85171],[-122.241446,37.851943],[-122.241447,37.851946],[-122.24132,37.851954],[-122.241142,37.851965],[-122.241047,37.851971],[-122.240869,37.851982],[-122.240048,37.852033],[-122.240047,37.852033],[-122.240058,37.851995],[-122.240105,37.851985],[-122.240152,37.851975],[-122.240199,37.851964],[-122.240245,37.851952],[-122.240291,37.85194],[-122.240337,37.851927],[-122.240382,37.851914],[-122.240427,37.851899],[-122.240472,37.851885],[-122.240517,37.851869],[-122.240561,37.851853],[-122.240605,37.851837],[-122.240648,37.851819],[-122.240692,37.851802],[-122.240734,37.851783],[-122.240777,37.851764],[-122.240818,37.851745],[-122.24086,37.851724],[-122.240901,37.851704],[-122.240941,37.851682],[-122.240968,37.851668],[-122.240981,37.851661],[-122.241021,37.851638],[-122.24106,37.851615],[-122.241098,37.851592],[-122.241136,37.851568]]]},"properties":{"APN":"48A-7084-1-5","SitusAddress":"280 HILLCREST RD OAKLAND 94618"}},{"type":"Feature","geometry":{"type":"Polygon","coordinates":[[[-122.241756,37.851808],[-122.241752,37.851807],[-122.24175,37.851806],[-122.241748,37.851805],[-122.241746,37.851804],[-122.241744,37.851803],[-122.241742,37.851802],[-122.241739,37.851801],[-122.241737,37.8518],[-122.241735,37.851799],[-122.241733,37.851798],[-122.241731,37.851797],[-122.24173,37.851795],[-122.241728,37.851794],[-122.241726,37.851793],[-122.241724,37.851792],[-122.241722,37.851791],[-122.24172,37.851789],[-122.241718,37.851788],[-122.241717,37.851787],[-122.241715,37.851785],[-122.241713,37.851784],[-122.241712,37.851783],[-122.24171,37.851781],[-122.241708,37.85178],[-122.241707,37.851778],[-122.241705,37.851777],[-122.241704,37.851775],[-122.241702,37.851774],[-122.241701,37.851772],[-122.2417,37.851771],[-122.241698,37.851769],[-122.241697,37.851767],[-122.241696,37.851766],[-122.241694,37.851764],[-122.241693,37.851763],[-122.241692,37.851761],[-122.241691,37.851759],[-122.24169,37.851757],[-122.241689,37.851756],[-122.241688,37.851754],[-122.241687,37.851752],[-122.241686,37.85175],[-122.241685,37.851749],[-122.241684,37.851747],[-122.241683,37.851745],[-122.241682,37.851743],[-122.241682,37.851741],[-122.241681,37.85174],[-122.241607,37.851544],[-122.241742,37.851499],[-122.241865,37.851514],[-122.241861,37.851529],[-122.241853,37.851561],[-122.241845,37.851594],[-122.241838,37.851626],[-122.241832,37.851658],[-122.241826,37.851691],[-122.241821,37.851723],[-122.241817,37.851756],[-122.241813,37.851788],[-122.241812,37.851809],[-122.24181,37.851809],[-122.241809,37.85181],[-122.241807,37.85181],[-122.241806,37.85181],[-122.241805,37.851811],[-122.241804,37.851811],[-122.241803,37.851811],[-122.241802,37.851811],[-122.241801,37.851812],[-122.241799,37.851812],[-122.241798,37.851812],[-122.241797,37.851812],[-122.241796,37.851812],[-122.241795,37.851812],[-122.241793,37.851813],[-122.241792,37.851813],[-122.241791,37.851813],[-122.24179,37.851813],[-122.241789,37.851813],[-122.241787,37.851813],[-122.241786,37.851813],[-122.241785,37.851813],[-122.241784,37.851813],[-122.241783,37.851813],[-122.241781,37.851813],[-122.24178,37.851813],[-122.241779,37.851813],[-122.241778,37.851813],[-122.241777,37.851813],[-122.241775,37.851813],[-122.241774,37.851812],[-122.241773,37.851812],[-122.241772,37.851812],[-122.241771,37.851812],[-122.241769,37.851812],[-122.241768,37.851811],[-122.241767,37.851811],[-122.241766,37.851811],[-122.241765,37.851811],[-122.241764,37.85181],[-122.241762,37.85181],[-122.241761,37.85181],[-122.24176,37.851809],[-122.241759,37.851809],[-122.241758,37.851809],[-122.241757,37.851808],[-122.241756,37.851808]]]},"properties":{"APN":"48A-7084-2-3","SitusAddress":"6340 ROANOKE RD OAKLAND 94618"}},{"type":"Feature","geometry":{"type":"Polygon","coordinates":[[[-122.241742,37.851499],[-122.241721,37.85127],[-122.241925,37.851345],[-122.241914,37.851371],[-122.241902,37.851403],[-122.241891,37.851434],[-122.24188,37.851466],[-122.24187,37.851497],[-122.241865,37.851514],[-122.241742,37.851499]]]},"properties":{"APN":"48A-7084-3","SitusAddress":"6326 ROANOKE RD OAKLAND 94618"}},{"type":"Feature","geometry":{"type":"Polygon","coordinates":[[[-122.241721,37.85127],[-122.241574,37.851215],[-122.241578,37.851211],[-122.241609,37.851178],[-122.24164,37.851143],[-122.241669,37.851106],[-122.241686,37.851085],[-122.241702,37.851064],[-122.24171,37.851145],[-122.241974,37.851251],[-122.241969,37.851258],[-122.24196,37.851275],[-122.241951,37.851292],[-122.241942,37.851308],[-122.241934,37.851325],[-122.241926,37.851342],[-122.241925,37.851345],[-122.241721,37.85127]]]},"properties":{"APN":"48A-7084-4","SitusAddress":"6320 ROANOKE RD OAKLAND 94618"}},{"type":"Feature","geometry":{"type":"Polygon","coordinates":[[[-122.241702,37.851064],[-122.241709,37.851055],[-122.241751,37.851],[-122.242061,37.851127],[-122.242057,37.851131],[-122.242045,37.851147],[-122.242033,37.851162],[-122.242022,37.851178],[-122.242011,37.851194],[-122.242,37.85121],[-122.241989,37.851226],[-122.241979,37.851242],[-122.241974,37.851251],[-122.24171,37.851145],[-122.241702,37.851064]]]},"properties":{"APN":"48A-7084-5","SitusAddress":"6314 ROANOKE RD OAKLAND 94618"}},{"type":"Feature","geometry":{"type":"Polygon","coordinates":[[[-122.241751,37.851],[-122.24182,37.850909],[-122.242141,37.851026],[-122.242061,37.851127],[-122.241751,37.851]]]},"properties":{"APN":"48A-7084-6","SitusAddress":"6306 ROANOKE RD OAKLAND 94618"}},{"type":"Feature","geometry":{"type":"Polygon","coordinates":[[[-122.24182,37.850909],[-122.241892,37.850815],[-122.241925,37.850819],[-122.241942,37.850822],[-122.241958,37.850825],[-122.241975,37.850828],[-122.241992,37.850831],[-122.242009,37.850835],[-122.242025,37.850838],[-122.242042,37.850842],[-122.242059,37.850847],[-122.242075,37.850851],[-122.242091,37.850856],[-122.242107,37.850861],[-122.242123,37.850866],[-122.242139,37.850871],[-122.242155,37.850877],[-122.242171,37.850882],[-122.242186,37.850888],[-122.242202,37.850895],[-122.242203,37.850895],[-122.242204,37.850895],[-122.242205,37.850896],[-122.242206,37.850896],[-122.242207,37.850897],[-122.242208,37.850898],[-122.242209,37.850899],[-122.24221,37.850899],[-122.242211,37.8509],[-122.242212,37.850901],[-122.242213,37.850902],[-122.242214,37.850903],[-122.242215,37.850904],[-122.242216,37.850905],[-122.242217,37.850906],[-122.242217,37.850907],[-122.242218,37.850908],[-122.242218,37.850909],[-122.242219,37.85091],[-122.242219,37.850911],[-122.24222,37.850912],[-122.24222,37.850913],[-122.24222,37.850914],[-122.24222,37.850915],[-122.242221,37.850916],[-122.242221,37.850917],[-122.242221,37.850918],[-122.242221,37.850919],[-122.242221,37.85092],[-122.242221,37.850921],[-122.24222,37.850922],[-122.24222,37.850923],[-122.24222,37.850925],[-122.242219,37.850926],[-122.242219,37.850927],[-122.242219,37.850928],[-122.242218,37.850929],[-122.242218,37.85093],[-122.242217,37.850931],[-122.242217,37.850932],[-122.242216,37.850933],[-122.242215,37.850933],[-122.242141,37.851026],[-122.24182,37.850909]]]},"properties":{"APN":"48A-7084-7","SitusAddress":"6801 CHABOT RD OAKLAND 94618"}},{"type":"Feature","geometry":{"type":"Polygon","coordinates":[[[-122.240311,37.850996],[-122.240321,37.850994],[-122.240266,37.851206],[-122.240194,37.851478],[-122.240058,37.851995],[-122.240047,37.852033],[-122.239337,37.852074],[-122.239337,37.852071],[-122.239392,37.851715],[-122.239541,37.851272],[-122.239551,37.85127],[-122.239582,37.851263],[-122.239612,37.851256],[-122.239643,37.851248],[-122.239673,37.85124],[-122.239703,37.851232],[-122.239733,37.851223],[-122.239762,37.851214],[-122.239792,37.851204],[-122.239821,37.851194],[-122.23985,37.851183],[-122.239879,37.851173],[-122.239907,37.851161],[-122.239935,37.85115],[-122.239963,37.851138],[-122.239991,37.851125],[-122.240039,37.851103],[-122.240108,37.851065],[-122.24012,37.851059],[-122.240129,37.851054],[-122.240138,37.85105],[-122.240147,37.851046],[-122.240156,37.851042],[-122.240165,37.851038],[-122.240175,37.851034],[-122.240184,37.851031],[-122.240193,37.851027],[-122.240203,37.851024],[-122.240212,37.851021],[-122.240222,37.851018],[-122.240232,37.851015],[-122.240241,37.851012],[-122.240251,37.851009],[-122.240261,37.851007],[-122.240271,37.851004],[-122.240281,37.851002],[-122.240291,37.851],[-122.240301,37.850998],[-122.240311,37.850996]]]},"properties":{"APN":"48A-7084-13-3","SitusAddress":"6921 CHABOT RD OAKLAND 94618"}},{"type":"Feature","geometry":{"type":"Polygon","coordinates":[[[-122.238355,37.851481],[-122.238713,37.851289],[-122.238731,37.851292],[-122.238763,37.851297],[-122.238794,37.851301],[-122.238826,37.851305],[-122.238857,37.851308],[-122.238889,37.851311],[-122.23892,37.851313],[-122.238952,37.851315],[-122.238984,37.851317],[-122.239016,37.851318],[-122.239048,37.851318],[-122.239079,37.851319],[-122.239111,37.851318],[-122.239143,37.851318],[-122.239175,37.851317],[-122.239207,37.851315],[-122.239238,37.851313],[-122.23927,37.851311],[-122.239302,37.851308],[-122.239333,37.851305],[-122.239365,37.851301],[-122.239396,37.851297],[-122.239427,37.851292],[-122.239458,37.851287],[-122.239489,37.851282],[-122.23952,37.851276],[-122.239541,37.851272],[-122.239392,37.851715],[-122.239337,37.852071],[-122.239337,37.852074],[-122.238375,37.852129],[-122.238375,37.852126],[-122.238421,37.851892],[-122.238475,37.851624],[-122.238355,37.851481]]]},"properties":{"APN":"48A-7084-13-4","SitusAddress":"6929 CHABOT RD OAKLAND 94618"}},{"type":"Feature","geometry":{"type":"Polygon","coordinates":[[[-122.240321,37.850994],[-122.240834,37.850908],[-122.240845,37.850992],[-122.240546,37.851177],[-122.240266,37.851206],[-122.240321,37.850994]]]},"properties":{"APN":"48A-7084-14","SitusAddress":"6885 CHABOT RD OAKLAND 94618"}},{"type":"Feature","geometry":{"type":"Polygon","coordinates":[[[-122.240845,37.850992],[-122.240834,37.850908],[-122.241202,37.850846],[-122.241204,37.850845],[-122.241205,37.850845],[-122.241206,37.850845],[-122.241207,37.850845],[-122.241208,37.850845],[-122.24121,37.850845],[-122.241211,37.850845],[-122.241212,37.850845],[-122.241213,37.850845],[-122.241214,37.850845],[-122.241216,37.850845],[-122.241217,37.850845],[-122.241218,37.850845],[-122.241219,37.850845],[-122.24122,37.850845],[-122.241222,37.850845],[-122.241223,37.850845],[-122.241224,37.850845],[-122.241225,37.850845],[-122.241226,37.850845],[-122.241228,37.850845],[-122.241229,37.850845],[-122.24123,37.850846],[-122.241231,37.850846],[-122.241232,37.850846],[-122.241234,37.850846],[-122.241235,37.850847],[-122.241236,37.850847],[-122.241237,37.850847],[-122.241238,37.850847],[-122.241239,37.850848],[-122.24124,37.850848],[-122.241242,37.850848],[-122.241243,37.850849],[-122.241244,37.850849],[-122.241245,37.850849],[-122.241246,37.85085],[-122.241247,37.85085],[-122.241248,37.850851],[-122.241249,37.850851],[-122.24125,37.850852],[-122.241251,37.850852],[-122.241252,37.850853],[-122.241253,37.850853],[-122.241254,37.850854],[-122.241255,37.850854],[-122.241256,37.850855],[-122.241257,37.850855],[-122.241258,37.850856],[-122.241259,37.850856],[-122.24126,37.850857],[-122.241261,37.850858],[-122.241262,37.850858],[-122.241263,37.850859],[-122.241264,37.85086],[-122.241265,37.85086],[-122.241266,37.850861],[-122.241266,37.850862],[-122.241267,37.850862],[-122.241268,37.850863],[-122.241269,37.850864],[-122.24127,37.850865],[-122.24127,37.850865],[-122.241271,37.850866],[-122.241272,37.850867],[-122.241273,37.850868],[-122.241273,37.850868],[-122.241274,37.850869],[-122.241275,37.85087],[-122.241275,37.850871],[-122.241276,37.850872],[-122.241276,37.850872],[-122.241277,37.850873],[-122.241278,37.850874],[-122.241278,37.850875],[-122.241279,37.850876],[-122.241279,37.850877],[-122.24128,37.850878],[-122.24128,37.850878],[-122.241281,37.850879],[-122.241281,37.85088],[-122.241281,37.850881],[-122.241282,37.850882],[-122.241282,37.850883],[-122.241283,37.850884],[-122.241283,37.850885],[-122.241283,37.850886],[-122.241283,37.850887],[-122.241284,37.850888],[-122.241284,37.850889],[-122.241284,37.850889],[-122.241284,37.85089],[-122.241285,37.850891],[-122.241285,37.850892],[-122.241285,37.850893],[-122.241285,37.850894],[-122.241285,37.850895],[-122.241285,37.850896],[-122.241285,37.850897],[-122.241285,37.850898],[-122.241285,37.850899],[-122.241285,37.8509],[-122.241285,37.850901],[-122.241285,37.850902],[-122.241285,37.850903],[-122.241285,37.850904],[-122.241285,37.850905],[-122.241285,37.850906],[-122.241285,37.850907],[-122.241285,37.850908],[-122.241284,37.850909],[-122.241284,37.850909],[-122.241284,37.85091],[-122.241284,37.850911],[-122.241283,37.850912],[-122.241283,37.850913],[-122.241283,37.850914],[-122.241283,37.850915],[-122.241282,37.850916],[-122.241282,37.850917],[-122.241281,37.850918],[-122.241281,37.850919],[-122.241281,37.85092],[-122.24128,37.85092],[-122.24128,37.850921],[-122.241279,37.850922],[-122.241279,37.850923],[-122.241278,37.850924],[-122.241278,37.850925],[-122.24127,37.850937],[-122.241264,37.850945],[-122.241257,37.850953],[-122.241251,37.850961],[-122.241245,37.85097],[-122.241238,37.850978],[-122.241231,37.850986],[-122.241224,37.850993],[-122.241217,37.851001],[-122.241209,37.851009],[-122.241202,37.851016],[-122.241194,37.851024],[-122.241186,37.851031],[-122.241178,37.851038],[-122.24117,37.851045],[-122.241162,37.851052],[-122.241153,37.851059],[-122.241145,37.851066],[-122.241136,37.851072],[-122.241127,37.851079],[-122.241118,37.851085],[-122.241109,37.851092],[-122.241099,37.851098],[-122.24109,37.851104],[-122.24108,37.85111],[-122.241005,37.851155],[-122.240845,37.850992]]]},"properties":{"APN":"48A-7084-15","SitusAddress":"10 REATA PL OAKLAND 94618"}},{"type":"Feature","geometry":{"type":"Polygon","coordinates":[[[-122.24068,37.851298],[-122.240546,37.851177],[-122.240845,37.850992],[-122.241005,37.851155],[-122.240797,37.851279],[-122.240795,37.85128],[-122.240793,37.851281],[-122.240791,37.851283],[-122.240789,37.851284],[-122.240787,37.851285],[-122.240784,37.851286],[-122.240782,37.851287],[-122.24078,37.851288],[-122.240778,37.851288],[-122.240776,37.851289],[-122.240774,37.85129],[-122.240772,37.851291],[-122.240769,37.851292],[-122.240767,37.851293],[-122.240765,37.851293],[-122.240763,37.851294],[-122.24076,37.851295],[-122.240758,37.851295],[-122.240756,37.851296],[-122.240754,37.851296],[-122.240751,37.851297],[-122.240749,37.851297],[-122.240747,37.851298],[-122.240744,37.851298],[-122.240742,37.851299],[-122.240739,37.851299],[-122.240737,37.8513],[-122.240735,37.8513],[-122.240732,37.8513],[-122.24073,37.8513],[-122.240728,37.851301],[-122.240725,37.851301],[-122.240723,37.851301],[-122.24072,37.851301],[-122.240718,37.851301],[-122.240715,37.851301],[-122.240713,37.851301],[-122.240711,37.851301],[-122.240708,37.851301],[-122.240706,37.851301],[-122.240703,37.851301],[-122.240701,37.851301],[-122.240699,37.8513],[-122.240696,37.8513],[-122.240694,37.8513],[-122.240691,37.8513],[-122.240689,37.851299],[-122.240687,37.851299],[-122.240684,37.851299],[-122.240682,37.851298],[-122.24068,37.851298]]]},"properties":{"APN":"48A-7084-16","SitusAddress":"24 REATA PL OAKLAND 94618"}},{"type":"Feature","geometry":{"type":"Polygon","coordinates":[[[-122.240266,37.851206],[-122.240546,37.851177],[-122.24068,37.851298],[-122.240677,37.851297],[-122.240675,37.851297],[-122.240672,37.851297],[-122.24067,37.851296],[-122.240668,37.851296],[-122.240665,37.851296],[-122.240663,37.851295],[-122.240661,37.851295],[-122.240658,37.851295],[-122.240656,37.851295],[-122.240653,37.851295],[-122.240651,37.851295],[-122.240648,37.851294],[-122.240646,37.851294],[-122.240644,37.851294],[-122.240641,37.851295],[-122.240639,37.851295],[-122.240636,37.851295],[-122.240634,37.851295],[-122.240632,37.851295],[-122.240629,37.851295],[-122.240627,37.851295],[-122.240624,37.851296],[-122.240622,37.851296],[-122.24062,37.851296],[-122.240617,37.851297],[-122.240615,37.851297],[-122.240613,37.851298],[-122.24061,37.851298],[-122.240608,37.851299],[-122.240606,37.851299],[-122.240603,37.8513],[-122.240601,37.8513],[-122.240599,37.851301],[-122.240596,37.851302],[-122.240594,37.851302],[-122.240592,37.851303],[-122.24059,37.851304],[-122.240587,37.851305],[-122.240585,37.851305],[-122.240583,37.851306],[-122.240581,37.851307],[-122.240579,37.851308],[-122.240577,37.851309],[-122.240575,37.85131],[-122.240573,37.851311],[-122.240571,37.851312],[-122.240568,37.851313],[-122.240566,37.851314],[-122.240565,37.851315],[-122.240563,37.851316],[-122.240561,37.851318],[-122.240559,37.851319],[-122.240557,37.85132],[-122.240555,37.851321],[-122.240553,37.851322],[-122.240551,37.851324],[-122.24055,37.851325],[-122.240548,37.851326],[-122.240546,37.851328],[-122.240545,37.851329],[-122.240543,37.851331],[-122.240541,37.851332],[-122.24054,37.851333],[-122.240538,37.851335],[-122.240537,37.851336],[-122.240535,37.851338],[-122.240534,37.851339],[-122.240532,37.851341],[-122.240531,37.851343],[-122.24053,37.851344],[-122.240528,37.851346],[-122.240527,37.851347],[-122.240526,37.851349],[-122.240525,37.851351],[-122.240523,37.851352],[-122.240522,37.851354],[-122.240521,37.851356],[-122.24052,37.851358],[-122.240519,37.851359],[-122.240518,37.851361],[-122.240517,37.851363],[-122.240516,37.851365],[-122.240516,37.851366],[-122.240515,37.851368],[-122.240514,37.85137],[-122.240513,37.851372],[-122.240513,37.851374],[-122.240512,37.851376],[-122.240511,37.851377],[-122.240511,37.851379],[-122.24051,37.851381],[-122.24051,37.851383],[-122.240509,37.851385],[-122.240509,37.851387],[-122.240508,37.851389],[-122.240508,37.851391],[-122.240508,37.851392],[-122.240508,37.851394],[-122.240507,37.851396],[-122.240507,37.851398],[-122.240507,37.8514],[-122.240507,37.851402],[-122.240507,37.851404],[-122.240507,37.851406],[-122.240507,37.851408],[-122.240507,37.85141],[-122.240507,37.851412],[-122.240508,37.851414],[-122.240508,37.851415],[-122.240508,37.851417],[-122.240508,37.851419],[-122.240509,37.851421],[-122.240509,37.851423],[-122.24051,37.851425],[-122.24051,37.851427],[-122.240511,37.851429],[-122.240511,37.851431],[-122.240511,37.851431],[-122.240194,37.851478],[-122.240266,37.851206]]]},"properties":{"APN":"48A-7084-17","SitusAddress":"40 REATA PL OAKLAND 94618"}},{"type":"Feature","geometry":{"type":"Polygon","coordinates":[[[-122.240194,37.851478],[-122.240511,37.851431],[-122.240512,37.851432],[-122.240512,37.851434],[-122.240513,37.851436],[-122.240514,37.851438],[-122.240514,37.85144],[-122.240515,37.851442],[-122.240516,37.851443],[-122.240517,37.851445],[-122.240518,37.851447],[-122.240519,37.851449],[-122.24052,37.85145],[-122.240521,37.851452],[-122.240522,37.851454],[-122.240523,37.851456],[-122.240524,37.851457],[-122.240525,37.851459],[-122.240527,37.851461],[-122.240528,37.851462],[-122.240529,37.851464],[-122.240531,37.851465],[-122.240532,37.851467],[-122.240533,37.851469],[-122.240535,37.85147],[-122.240536,37.851472],[-122.240538,37.851473],[-122.240539,37.851475],[-122.240541,37.851476],[-122.240542,37.851478],[-122.240544,37.851479],[-122.240546,37.85148],[-122.240547,37.851482],[-122.240549,37.851483],[-122.240551,37.851484],[-122.240553,37.851486],[-122.240554,37.851487],[-122.240556,37.851488],[-122.240558,37.851489],[-122.24056,37.851491],[-122.240562,37.851492],[-122.240564,37.851493],[-122.240566,37.851494],[-122.240568,37.851495],[-122.24057,37.851496],[-122.240572,37.851497],[-122.240574,37.851498],[-122.240576,37.851499],[-122.240578,37.8515],[-122.24058,37.851501],[-122.240582,37.851502],[-122.240585,37.851503],[-122.240587,37.851504],[-122.240589,37.851505],[-122.240591,37.851505],[-122.240593,37.851506],[-122.240596,37.851507],[-122.240598,37.851507],[-122.2406,37.851508],[-122.240472,37.851885],[-122.240427,37.851899],[-122.240382,37.851914],[-122.240337,37.851927],[-122.240291,37.85194],[-122.240245,37.851952],[-122.240199,37.851964],[-122.240152,37.851975],[-122.240105,37.851985],[-122.240058,37.851995],[-122.240194,37.851478]]]},"properties":{"APN":"48A-7084-18-2","SitusAddress":"50 REATA PL OAKLAND 94618"}},{"type":"Feature","geometry":{"type":"Polygon","coordinates":[[[-122.2406,37.851508],[-122.240602,37.851509],[-122.240605,37.851509],[-122.240607,37.85151],[-122.240609,37.85151],[-122.240612,37.851511],[-122.240614,37.851511],[-122.240616,37.851512],[-122.240619,37.851512],[-122.240621,37.851512],[-122.240624,37.851513],[-122.240626,37.851513],[-122.240628,37.851513],[-122.240631,37.851514],[-122.240633,37.851514],[-122.240636,37.851514],[-122.240638,37.851514],[-122.24064,37.851514],[-122.240643,37.851514],[-122.240645,37.851514],[-122.240648,37.851514],[-122.24065,37.851514],[-122.240652,37.851514],[-122.240655,37.851514],[-122.240657,37.851514],[-122.24066,37.851514],[-122.240662,37.851513],[-122.240664,37.851513],[-122.240667,37.851513],[-122.240669,37.851513],[-122.240672,37.851512],[-122.240674,37.851512],[-122.240676,37.851511],[-122.240679,37.851511],[-122.240681,37.85151],[-122.240683,37.85151],[-122.240686,37.851509],[-122.240688,37.851509],[-122.24069,37.851508],[-122.240693,37.851508],[-122.240695,37.851507],[-122.240697,37.851506],[-122.240699,37.851506],[-122.240702,37.851505],[-122.240704,37.851504],[-122.240706,37.851503],[-122.240708,37.851502],[-122.24071,37.851501],[-122.240712,37.851501],[-122.240715,37.8515],[-122.240717,37.851499],[-122.240719,37.851498],[-122.240721,37.851497],[-122.240723,37.851496],[-122.240725,37.851494],[-122.240727,37.851493],[-122.240729,37.851492],[-122.240731,37.851491],[-122.240732,37.85149],[-122.240734,37.851489],[-122.240736,37.851487],[-122.240738,37.851486],[-122.24074,37.851485],[-122.240742,37.851484],[-122.240743,37.851482],[-122.240745,37.851481],[-122.240747,37.851479],[-122.240748,37.851478],[-122.24075,37.851477],[-122.240751,37.851475],[-122.240753,37.851474],[-122.240755,37.851472],[-122.240968,37.851668],[-122.240941,37.851682],[-122.240901,37.851704],[-122.24086,37.851724],[-122.240818,37.851745],[-122.240777,37.851764],[-122.240734,37.851783],[-122.240692,37.851802],[-122.240648,37.851819],[-122.240605,37.851837],[-122.240561,37.851853],[-122.240517,37.851869],[-122.240472,37.851885],[-122.2406,37.851508]]]},"properties":{"APN":"48A-7084-19-1","SitusAddress":"39 REATA PL OAKLAND 94618"}},{"type":"Feature","geometry":{"type":"Polygon","coordinates":[[[-122.240755,37.851472],[-122.240756,37.851471],[-122.240757,37.851469],[-122.240759,37.851468],[-122.24076,37.851466],[-122.240762,37.851464],[-122.240763,37.851463],[-122.240764,37.851461],[-122.240765,37.85146],[-122.240767,37.851458],[-122.240768,37.851456],[-122.240769,37.851454],[-122.24077,37.851453],[-122.240771,37.851451],[-122.240772,37.851449],[-122.240773,37.851448],[-122.240774,37.851446],[-122.240775,37.851444],[-122.240776,37.85144],[-122.240777,37.851439],[-122.240778,37.851438],[-122.240778,37.851437],[-122.240779,37.851436],[-122.240779,37.851435],[-122.24078,37.851434],[-122.24078,37.851434],[-122.240781,37.851433],[-122.240781,37.851432],[-122.240782,37.851431],[-122.240782,37.85143],[-122.240783,37.851429],[-122.240784,37.851429],[-122.240784,37.851428],[-122.240785,37.851427],[-122.240786,37.851426],[-122.240787,37.851425],[-122.240787,37.851425],[-122.240788,37.851424],[-122.240789,37.851423],[-122.24079,37.851422],[-122.24079,37.851422],[-122.240791,37.851421],[-122.240792,37.85142],[-122.240793,37.85142],[-122.240794,37.851419],[-122.240795,37.851418],[-122.240796,37.851418],[-122.240796,37.851417],[-122.240797,37.851416],[-122.240798,37.851416],[-122.240799,37.851415],[-122.2408,37.851415],[-122.240939,37.851332],[-122.241156,37.851555],[-122.241146,37.851561],[-122.241136,37.851568],[-122.241098,37.851592],[-122.24106,37.851615],[-122.241021,37.851638],[-122.240981,37.851661],[-122.240968,37.851668],[-122.240755,37.851472]]]},"properties":{"APN":"48A-7084-20","SitusAddress":"33 REATA PL OAKLAND 94618"}},{"type":"Feature","geometry":{"type":"Polygon","coordinates":[[[-122.241348,37.851417],[-122.241318,37.85144],[-122.241283,37.851467],[-122.241247,37.851493],[-122.241211,37.851518],[-122.241174,37.851543],[-122.241156,37.851555],[-122.240939,37.851332],[-122.241121,37.851223],[-122.241348,37.851417]]]},"properties":{"APN":"48A-7084-21","SitusAddress":"25 REATA PL OAKLAND 94618"}},{"type":"Feature","geometry":{"type":"Polygon","coordinates":[[[-122.241121,37.851223],[-122.241164,37.851197],[-122.241175,37.85119],[-122.241187,37.851183],[-122.241198,37.851176],[-122.241209,37.851168],[-122.24122,37.851161],[-122.24123,37.851153],[-122.241241,37.851145],[-122.241251,37.851137],[-122.241261,37.851129],[-122.241271,37.85112],[-122.241281,37.851112],[-122.241291,37.851103],[-122.241298,37.851097],[-122.241543,37.851246],[-122.241517,37.851271],[-122.241485,37.8513],[-122.241453,37.851329],[-122.24142,37.851357],[-122.241387,37.851385],[-122.241353,37.851413],[-122.241352,37.851414],[-122.241348,37.851417],[-122.241121,37.851223]]]},"properties":{"APN":"48A-7084-22","SitusAddress":"19 REATA PL OAKLAND 94618"}},{"type":"Feature","geometry":{"type":"Polygon","coordinates":[[[-122.241298,37.851097],[-122.2413,37.851094],[-122.24131,37.851085],[-122.241319,37.851076],[-122.241328,37.851067],[-122.241336,37.851058],[-122.241345,37.851048],[-122.241353,37.851039],[-122.241361,37.851029],[-122.241369,37.85102],[-122.241376,37.85101],[-122.241384,37.851],[-122.241391,37.85099],[-122.241398,37.85098],[-122.241404,37.850969],[-122.241411,37.850959],[-122.241417,37.850949],[-122.241423,37.850938],[-122.241426,37.850933],[-122.241709,37.851055],[-122.241702,37.851064],[-122.241686,37.851085],[-122.241669,37.851106],[-122.24164,37.851143],[-122.241609,37.851178],[-122.241578,37.851211],[-122.241574,37.851215],[-122.241548,37.851241],[-122.241543,37.851246],[-122.241298,37.851097]]]},"properties":{"APN":"48A-7084-23","SitusAddress":"11 REATA PL OAKLAND 94618"}},{"type":"Feature","geometry":{"type":"Polygon","coordinates":[[[-122.241426,37.850933],[-122.241429,37.850928],[-122.241435,37.850917],[-122.24144,37.850906],[-122.241445,37.850895],[-122.24145,37.850885],[-122.241454,37.850874],[-122.241459,37.850863],[-122.241463,37.850852],[-122.241467,37.850839],[-122.241468,37.850838],[-122.241468,37.850837],[-122.241468,37.850836],[-122.241469,37.850835],[-122.241469,37.850834],[-122.24147,37.850833],[-122.24147,37.850832],[-122.241471,37.850831],[-122.241471,37.850831],[-122.241471,37.85083],[-122.241472,37.850829],[-122.241473,37.850828],[-122.241473,37.850827],[-122.241474,37.850826],[-122.241474,37.850825],[-122.241475,37.850825],[-122.241476,37.850824],[-122.241476,37.850823],[-122.241477,37.850822],[-122.241478,37.850821],[-122.241478,37.850821],[-122.241479,37.85082],[-122.24148,37.850819],[-122.24148,37.850818],[-122.241481,37.850818],[-122.241482,37.850817],[-122.241483,37.850816],[-122.241484,37.850815],[-122.241484,37.850815],[-122.241485,37.850814],[-122.241486,37.850813],[-122.241487,37.850813],[-122.241488,37.850812],[-122.241489,37.850811],[-122.24149,37.850811],[-122.241491,37.85081],[-122.241492,37.85081],[-122.241493,37.850809],[-122.241494,37.850808],[-122.241495,37.850808],[-122.241496,37.850807],[-122.241497,37.850807],[-122.241498,37.850806],[-122.241499,37.850806],[-122.2415,37.850805],[-122.241501,37.850805],[-122.241502,37.850804],[-122.241503,37.850804],[-122.241504,37.850804],[-122.241505,37.850803],[-122.241506,37.850803],[-122.241507,37.850802],[-122.241508,37.850802],[-122.241509,37.850802],[-122.241511,37.850801],[-122.241512,37.850801],[-122.241513,37.850801],[-122.241514,37.8508],[-122.241515,37.8508],[-122.241516,37.8508],[-122.241518,37.8508],[-122.241519,37.850799],[-122.24152,37.850799],[-122.241521,37.850799],[-122.241522,37.850799],[-122.241523,37.850799],[-122.241525,37.850799],[-122.241526,37.850798],[-122.241555,37.850797],[-122.241584,37.850795],[-122.241613,37.850794],[-122.241641,37.850794],[-122.24167,37.850793],[-122.241699,37.850794],[-122.241727,37.850794],[-122.241756,37.850795],[-122.241785,37.850797],[-122.241813,37.850798],[-122.241842,37.850801],[-122.24187,37.850803],[-122.241899,37.850806],[-122.241892,37.850815],[-122.24182,37.850909],[-122.241751,37.851],[-122.241709,37.851055],[-122.241426,37.850933]]]},"properties":{"APN":"48A-7084-24","SitusAddress":"1 REATA PL OAKLAND 94618"}},{"type":"Feature","geometry":{"type":"Polygon","coordinates":[[[-122.241146,37.851561],[-122.241156,37.851555],[-122.241174,37.851543],[-122.241211,37.851518],[-122.241247,37.851493],[-122.241283,37.851467],[-122.241318,37.85144],[-122.241348,37.851417],[-122.241352,37.851414],[-122.241528,37.851534],[-122.241445,37.851604],[-122.241587,37.851779],[-122.24159,37.851783],[-122.241592,37.851786],[-122.241595,37.851789],[-122.241598,37.851792],[-122.241601,37.851795],[-122.241604,37.851798],[-122.241607,37.851801],[-122.24161,37.851804],[-122.241613,37.851807],[-122.241616,37.85181],[-122.24162,37.851813],[-122.241623,37.851815],[-122.241627,37.851818],[-122.24163,37.851821],[-122.241634,37.851823],[-122.241637,37.851826],[-122.241641,37.851828],[-122.241645,37.851831],[-122.241648,37.851833],[-122.241652,37.851836],[-122.241656,37.851838],[-122.24166,37.85184],[-122.241664,37.851842],[-122.241668,37.851844],[-122.241672,37.851846],[-122.241676,37.851848],[-122.24168,37.85185],[-122.241684,37.851852],[-122.241689,37.851854],[-122.241693,37.851856],[-122.241697,37.851858],[-122.241702,37.851859],[-122.241706,37.851861],[-122.24171,37.851863],[-122.241715,37.851864],[-122.241719,37.851865],[-122.241724,37.851867],[-122.241729,37.851868],[-122.241733,37.851869],[-122.241738,37.851871],[-122.241742,37.851872],[-122.241747,37.851873],[-122.241752,37.851874],[-122.241756,37.851875],[-122.241761,37.851875],[-122.241766,37.851876],[-122.241771,37.851877],[-122.241775,37.851878],[-122.24178,37.851878],[-122.241785,37.851879],[-122.24179,37.851879],[-122.241794,37.851879],[-122.241799,37.85188],[-122.241807,37.85188],[-122.241807,37.851886],[-122.241807,37.851919],[-122.241807,37.851924],[-122.241447,37.851946],[-122.241446,37.851943],[-122.241399,37.85171],[-122.241318,37.851627],[-122.241146,37.851561]]]},"properties":{"APN":"48A-7084-25","SitusAddress":"6360 ROANOKE RD OAKLAND 94618"}},{"type":"Feature","geometry":{"type":"Polygon","coordinates":[[[-122.241352,37.851414],[-122.241353,37.851413],[-122.241387,37.851385],[-122.24142,37.851357],[-122.241453,37.851329],[-122.241485,37.8513],[-122.241517,37.851271],[-122.241543,37.851246],[-122.241548,37.851241],[-122.241574,37.851215],[-122.241721,37.85127],[-122.241742,37.851499],[-122.241607,37.851544],[-122.241681,37.85174],[-122.241682,37.851741],[-122.241682,37.851743],[-122.241683,37.851745],[-122.241684,37.851747],[-122.241685,37.851749],[-122.241686,37.85175],[-122.241687,37.851752],[-122.241688,37.851754],[-122.241689,37.851756],[-122.24169,37.851757],[-122.241691,37.851759],[-122.241692,37.851761],[-122.241693,37.851763],[-122.241694,37.851764],[-122.241696,37.851766],[-122.241697,37.851767],[-122.241698,37.851769],[-122.2417,37.851771],[-122.241701,37.851772],[-122.241702,37.851774],[-122.241704,37.851775],[-122.241705,37.851777],[-122.241707,37.851778],[-122.241708,37.85178],[-122.24171,37.851781],[-122.241712,37.851783],[-122.241713,37.851784],[-122.241715,37.851785],[-122.241717,37.851787],[-122.241718,37.851788],[-122.24172,37.851789],[-122.241722,37.851791],[-122.241724,37.851792],[-122.241726,37.851793],[-122.241728,37.851794],[-122.24173,37.851795],[-122.241731,37.851797],[-122.241733,37.851798],[-122.241735,37.851799],[-122.241737,37.8518],[-122.241739,37.851801],[-122.241742,37.851802],[-122.241744,37.851803],[-122.241746,37.851804],[-122.241748,37.851805],[-122.24175,37.851806],[-122.241752,37.851807],[-122.241756,37.851808],[-122.241757,37.851808],[-122.241758,37.851809],[-122.241759,37.851809],[-122.24176,37.851809],[-122.241761,37.85181],[-122.241762,37.85181],[-122.241764,37.85181],[-122.241765,37.851811],[-122.241766,37.851811],[-122.241767,37.851811],[-122.241768,37.851811],[-122.241769,37.851812],[-122.241771,37.851812],[-122.241772,37.851812],[-122.241773,37.851812],[-122.241774,37.851812],[-122.241775,37.851813],[-122.241777,37.851813],[-122.241778,37.851813],[-122.241779,37.851813],[-122.24178,37.851813],[-122.241781,37.851813],[-122.241783,37.851813],[-122.241784,37.851813],[-122.241785,37.851813],[-122.241786,37.851813],[-122.241787,37.851813],[-122.241789,37.851813],[-122.24179,37.851813],[-122.241791,37.851813],[-122.241792,37.851813],[-122.241793,37.851813],[-122.241795,37.851812],[-122.241796,37.851812],[-122.241797,37.851812],[-122.241798,37.851812],[-122.241799,37.851812],[-122.241801,37.851812],[-122.241802,37.851811],[-122.241803,37.851811],[-122.241804,37.851811],[-122.241805,37.851811],[-122.241806,37.85181],[-122.241807,37.85181],[-122.241809,37.85181],[-122.24181,37.851809],[-122.241812,37.851809],[-122.241811,37.851821],[-122.241809,37.851854],[-122.241807,37.85188],[-122.241799,37.85188],[-122.241794,37.851879],[-122.24179,37.851879],[-122.241785,37.851879],[-122.24178,37.851878],[-122.241775,37.851878],[-122.241771,37.851877],[-122.241766,37.851876],[-122.241761,37.851875],[-122.241756,37.851875],[-122.241752,37.851874],[-122.241747,37.851873],[-122.241742,37.851872],[-122.241738,37.851871],[-122.241733,37.851869],[-122.241729,37.851868],[-122.241724,37.851867],[-122.241719,37.851865],[-122.241715,37.851864],[-122.24171,37.851863],[-122.241706,37.851861],[-122.241702,37.851859],[-122.241697,37.851858],[-122.241693,37.851856],[-122.241689,37.851854],[-122.241684,37.851852],[-122.24168,37.85185],[-122.241676,37.851848],[-122.241672,37.851846],[-122.241668,37.851844],[-122.241664,37.851842],[-122.24166,37.85184],[-122.241656,37.851838],[-122.241652,37.851836],[-122.241648,37.851833],[-122.241645,37.851831],[-122.241641,37.851828],[-122.241637,37.851826],[-122.241634,37.851823],[-122.24163,37.851821],[-122.241627,37.851818],[-122.241623,37.851815],[-122.24162,37.851813],[-122.241616,37.85181],[-122.241613,37.851807],[-122.24161,37.851804],[-122.241607,37.851801],[-122.241604,37.851798],[-122.241601,37.851795],[-122.241598,37.851792],[-122.241595,37.851789],[-122.241592,37.851786],[-122.24159,37.851783],[-122.241587,37.851779],[-122.241445,37.851604],[-122.241528,37.851534],[-122.241352,37.851414]]]},"properties":{"APN":"48A-7084-26","SitusAddress":"6350 ROANOKE RD OAKLAND 94618"}},{"type":"Feature","geometry":{"type":"Polygon","coordinates":[[[-122.237396,37.85146],[-122.237697,37.850997],[-122.237728,37.851005],[-122.23781,37.851025],[-122.237883,37.851042],[-122.237938,37.851056],[-122.237966,37.851063],[-122.237993,37.851071],[-122.238021,37.851079],[-122.238048,37.851088],[-122.238075,37.851097],[-122.238102,37.851107],[-122.238129,37.851117],[-122.238155,37.851127],[-122.238175,37.851135],[-122.238182,37.851137],[-122.237416,37.851468],[-122.237396,37.85146]]]},"properties":{"APN":"48A-7085-16-9","SitusAddress":"7025 CHABOT RD OAKLAND 94618"}},{"type":"Feature","geometry":{"type":"Polygon","coordinates":[[[-122.237416,37.851468],[-122.238182,37.851137],[-122.238225,37.851155],[-122.238257,37.851167],[-122.238289,37.851179],[-122.238321,37.85119],[-122.238354,37.851201],[-122.238387,37.851211],[-122.23842,37.851221],[-122.238453,37.851231],[-122.238486,37.85124],[-122.238516,37.851248],[-122.238522,37.851249],[-122.238546,37.851255],[-122.238577,37.851263],[-122.238608,37.851269],[-122.238638,37.851276],[-122.238669,37.851281],[-122.2387,37.851287],[-122.238713,37.851289],[-122.238355,37.851481],[-122.238475,37.851624],[-122.238421,37.851892],[-122.2384,37.851885],[-122.23838,37.851877],[-122.238331,37.851857],[-122.238283,37.851838],[-122.238235,37.851818],[-122.238189,37.851798],[-122.238143,37.851778],[-122.238096,37.851758],[-122.237416,37.851468]]]},"properties":{"APN":"48A-7085-16-13","SitusAddress":" CHABOT RD OAKLAND 94618"}},{"type":"Feature","geometry":{"type":"Polygon","coordinates":[[[-122.237132,37.85172],[-122.237416,37.851468],[-122.238096,37.851758],[-122.238143,37.851778],[-122.238189,37.851798],[-122.238235,37.851818],[-122.238283,37.851838],[-122.238331,37.851857],[-122.23838,37.851877],[-122.2384,37.851885],[-122.238421,37.851892],[-122.238375,37.852126],[-122.238375,37.852129],[-122.238275,37.852134],[-122.238206,37.852138],[-122.237653,37.85217],[-122.237211,37.852195],[-122.236966,37.852209],[-122.236391,37.852242],[-122.236284,37.852248],[-122.236218,37.852251],[-122.236164,37.852195],[-122.237003,37.852152],[-122.237006,37.852152],[-122.237009,37.852152],[-122.237012,37.852152],[-122.237015,37.852151],[-122.237018,37.852151],[-122.237021,37.85215],[-122.237024,37.85215],[-122.237027,37.85215],[-122.23703,37.852149],[-122.237033,37.852149],[-122.237036,37.852148],[-122.237039,37.852147],[-122.237042,37.852147],[-122.237045,37.852146],[-122.237048,37.852145],[-122.23705,37.852144],[-122.237053,37.852144],[-122.237056,37.852143],[-122.237059,37.852142],[-122.237062,37.852141],[-122.237064,37.85214],[-122.237067,37.852139],[-122.23707,37.852138],[-122.237073,37.852137],[-122.237075,37.852136],[-122.237078,37.852134],[-122.237081,37.852133],[-122.237083,37.852132],[-122.237086,37.852131],[-122.237088,37.852129],[-122.237091,37.852128],[-122.237093,37.852127],[-122.237096,37.852125],[-122.237098,37.852124],[-122.2371,37.852122],[-122.237103,37.852121],[-122.237105,37.852119],[-122.237107,37.852118],[-122.23711,37.852116],[-122.237112,37.852114],[-122.237114,37.852113],[-122.237116,37.852111],[-122.237118,37.852109],[-122.23712,37.852108],[-122.237122,37.852106],[-122.237124,37.852104],[-122.237126,37.852102],[-122.237128,37.8521],[-122.23713,37.852098],[-122.237132,37.852096],[-122.237133,37.852094],[-122.237135,37.852092],[-122.237137,37.85209],[-122.237138,37.852088],[-122.23714,37.852086],[-122.237142,37.852084],[-122.237143,37.852082],[-122.237145,37.85208],[-122.237146,37.852078],[-122.237147,37.852076],[-122.237149,37.852074],[-122.23715,37.852072],[-122.237151,37.852069],[-122.237152,37.852067],[-122.237153,37.852065],[-122.237155,37.852063],[-122.237156,37.85206],[-122.237157,37.852058],[-122.237157,37.852056],[-122.237158,37.852054],[-122.237159,37.852051],[-122.23716,37.852049],[-122.237161,37.852047],[-122.237161,37.852044],[-122.237162,37.852042],[-122.237162,37.85204],[-122.237163,37.852037],[-122.237163,37.852035],[-122.237164,37.852033],[-122.237164,37.85203],[-122.237165,37.852028],[-122.237165,37.852025],[-122.237165,37.852023],[-122.237165,37.852021],[-122.237165,37.852018],[-122.237165,37.852016],[-122.237165,37.852013],[-122.237165,37.852011],[-122.237165,37.852009],[-122.237165,37.852006],[-122.237165,37.852003],[-122.237132,37.85172]]]},"properties":{"APN":"48A-7085-18","SitusAddress":"58 ROBLE RD OAKLAND 94618"}},{"type":"Feature","geometry":{"type":"Polygon","coordinates":[[[-122.239731,37.850724],[-122.239839,37.851066],[-122.239791,37.851084],[-122.239765,37.851094],[-122.239738,37.851103],[-122.23971,37.851112],[-122.239683,37.85112],[-122.239656,37.851128],[-122.239628,37.851136],[-122.2396,37.851144],[-122.239572,37.851151],[-122.239549,37.851156],[-122.239627,37.850819],[-122.239635,37.850784],[-122.239731,37.850724]]]},"properties":{"APN":"48A-7200-1","SitusAddress":" CHABOT RD OAKLAND 94618"}},{"type":"Feature","geometry":{"type":"Polygon","coordinates":[[[-122.238287,37.851056],[-122.238217,37.851028],[-122.238188,37.851017],[-122.238159,37.851007],[-122.23813,37.850997],[-122.238101,37.850987],[-122.238072,37.850977],[-122.238042,37.850968],[-122.238012,37.85096],[-122.237982,37.850951],[-122.237923,37.850937],[-122.237849,37.850919],[-122.23777,37.8509],[-122.237713,37.850885],[-122.237668,37.850873],[-122.23812,37.850551],[-122.238382,37.850593],[-122.238516,37.850598],[-122.238292,37.851058],[-122.238287,37.851056]]]},"properties":{"APN":"48A-7200-2-1","SitusAddress":" CHABOT RD OAKLAND 94618"}},{"type":"Feature","geometry":{"type":"Polygon","coordinates":[[[-122.238559,37.851143],[-122.23853,37.851136],[-122.238499,37.851127],[-122.238468,37.851118],[-122.238437,37.851109],[-122.238407,37.851099],[-122.238377,37.851089],[-122.238347,37.851079],[-122.238317,37.851068],[-122.238292,37.851058],[-122.238516,37.850598],[-122.239473,37.850607],[-122.239717,37.850468],[-122.23972,37.850483],[-122.239722,37.850498],[-122.239726,37.850513],[-122.239729,37.850528],[-122.239733,37.850543],[-122.239737,37.850558],[-122.239741,37.850573],[-122.239746,37.850587],[-122.239751,37.850602],[-122.239756,37.850617],[-122.239762,37.850631],[-122.239768,37.850646],[-122.239774,37.85066],[-122.239787,37.850687],[-122.239731,37.850724],[-122.239635,37.850784],[-122.239627,37.850819],[-122.239549,37.851156],[-122.239544,37.851157],[-122.239515,37.851163],[-122.239487,37.851169],[-122.239458,37.851175],[-122.23943,37.85118],[-122.239401,37.851184],[-122.239372,37.851189],[-122.239343,37.851192],[-122.239314,37.851196],[-122.239285,37.851199],[-122.239255,37.851202],[-122.239226,37.851204],[-122.239197,37.851206],[-122.239168,37.851207],[-122.239138,37.851208],[-122.239109,37.851209],[-122.239079,37.851209],[-122.23905,37.851209],[-122.239021,37.851208],[-122.238991,37.851207],[-122.238962,37.851206],[-122.238933,37.851204],[-122.238903,37.851201],[-122.238874,37.851199],[-122.238845,37.851196],[-122.238816,37.851192],[-122.238787,37.851188],[-122.238758,37.851184],[-122.238729,37.85118],[-122.2387,37.851174],[-122.238672,37.851169],[-122.238643,37.851163],[-122.238615,37.851157],[-122.238587,37.85115],[-122.238563,37.851144],[-122.238559,37.851143]]]},"properties":{"APN":"48A-7200-2-2","SitusAddress":" CHABOT RD OAKLAND 94618"}},{"type":"Feature","geometry":{"type":"Polygon","coordinates":[[[-122.237274,37.850738],[-122.237209,37.850712],[-122.236943,37.850592],[-122.236936,37.850589],[-122.236932,37.850586],[-122.236928,37.850584],[-122.236924,37.850582],[-122.23692,37.85058],[-122.236916,37.850577],[-122.236912,37.850575],[-122.236908,37.850572],[-122.236904,37.85057],[-122.2369,37.850567],[-122.236896,37.850564],[-122.236893,37.850562],[-122.236889,37.850559],[-122.236885,37.850556],[-122.236882,37.850553],[-122.236878,37.85055],[-122.236875,37.850547],[-122.236872,37.850544],[-122.236869,37.850541],[-122.236865,37.850538],[-122.236862,37.850535],[-122.236859,37.850532],[-122.236856,37.850529],[-122.236853,37.850525],[-122.23685,37.850522],[-122.236848,37.850519],[-122.236845,37.850515],[-122.236842,37.850512],[-122.23684,37.850508],[-122.236837,37.850505],[-122.236835,37.850501],[-122.236833,37.850498],[-122.236831,37.850494],[-122.236828,37.850491],[-122.236826,37.850487],[-122.236824,37.850483],[-122.236822,37.85048],[-122.236821,37.850476],[-122.236819,37.850472],[-122.236817,37.850468],[-122.236816,37.850464],[-122.236814,37.850461],[-122.236813,37.850457],[-122.236811,37.850453],[-122.23681,37.850449],[-122.236809,37.850445],[-122.236808,37.850441],[-122.236807,37.850437],[-122.236806,37.850433],[-122.236805,37.850429],[-122.236805,37.850425],[-122.236804,37.850421],[-122.236774,37.850214],[-122.236773,37.850212],[-122.237581,37.850466],[-122.23812,37.850551],[-122.237668,37.850873],[-122.237657,37.850869],[-122.237601,37.850853],[-122.237546,37.850836],[-122.23749,37.850818],[-122.237436,37.850799],[-122.237381,37.850779],[-122.237327,37.850759],[-122.237274,37.850738]]]},"properties":{"APN":"48A-7200-3","SitusAddress":"7040 CHABOT RD OAKLAND 94618"}},{"type":"Feature","geometry":{"type":"Polygon","coordinates":[[[-122.242027,37.850659],[-122.241856,37.850638],[-122.241683,37.850624],[-122.24245,37.849599],[-122.243257,37.849254],[-122.243848,37.850203],[-122.242483,37.850739],[-122.242027,37.850659]]]},"properties":{"APN":"48A-7093-1-7","SitusAddress":"6686 CHABOT RD OAKLAND 94618"}},{"type":"Feature","geometry":{"type":"Polygon","coordinates":[[[-122.239981,37.850759],[-122.239913,37.850571],[-122.24035,37.850497],[-122.24245,37.849599],[-122.241683,37.850624],[-122.24151,37.850625],[-122.240174,37.850851],[-122.240169,37.850852],[-122.240166,37.850852],[-122.240163,37.850852],[-122.24016,37.850853],[-122.240157,37.850853],[-122.240155,37.850853],[-122.240152,37.850853],[-122.240149,37.850853],[-122.240146,37.850854],[-122.240143,37.850854],[-122.24014,37.850854],[-122.240137,37.850854],[-122.240134,37.850854],[-122.240132,37.850853],[-122.240129,37.850853],[-122.240126,37.850853],[-122.240123,37.850853],[-122.24012,37.850853],[-122.240117,37.850852],[-122.240114,37.850852],[-122.240111,37.850852],[-122.240109,37.850851],[-122.240106,37.850851],[-122.240103,37.85085],[-122.2401,37.85085],[-122.240097,37.850849],[-122.240095,37.850849],[-122.240092,37.850848],[-122.240089,37.850847],[-122.240086,37.850847],[-122.240084,37.850846],[-122.240081,37.850845],[-122.240078,37.850844],[-122.240076,37.850843],[-122.240073,37.850842],[-122.24007,37.850841],[-122.240068,37.85084],[-122.240065,37.850839],[-122.240063,37.850838],[-122.24006,37.850837],[-122.240058,37.850836],[-122.240055,37.850835],[-122.240053,37.850834],[-122.24005,37.850833],[-122.240048,37.850831],[-122.240045,37.85083],[-122.240043,37.850829],[-122.240041,37.850827],[-122.240038,37.850826],[-122.240036,37.850825],[-122.240034,37.850823],[-122.240032,37.850822],[-122.24003,37.85082],[-122.240027,37.850819],[-122.240025,37.850817],[-122.240023,37.850815],[-122.240021,37.850814],[-122.240019,37.850812],[-122.240017,37.85081],[-122.240015,37.850809],[-122.240014,37.850807],[-122.240012,37.850805],[-122.24001,37.850803],[-122.240008,37.850802],[-122.240006,37.8508],[-122.240005,37.850798],[-122.240003,37.850796],[-122.240002,37.850794],[-122.24,37.850792],[-122.239998,37.85079],[-122.239997,37.850788],[-122.239996,37.850786],[-122.239994,37.850784],[-122.239993,37.850782],[-122.239992,37.85078],[-122.23999,37.850778],[-122.239989,37.850776],[-122.239988,37.850774],[-122.239987,37.850772],[-122.239986,37.85077],[-122.239985,37.850768],[-122.239984,37.850765],[-122.239983,37.850763],[-122.239982,37.850761],[-122.239981,37.850759]]]},"properties":{"APN":"48A-7093-3-1","SitusAddress":" CHABOT RD OAKLAND 94618"}},{"type":"Feature","geometry":{"type":"Polygon","coordinates":[[[-122.239942,37.868661],[-122.24013,37.868541],[-122.240136,37.868589],[-122.240137,37.868594],[-122.240138,37.868598],[-122.240139,37.868601],[-122.24014,37.868605],[-122.24014,37.868608],[-122.240141,37.868612],[-122.240142,37.868615],[-122.240144,37.868619],[-122.240145,37.868622],[-122.240146,37.868626],[-122.240147,37.868629],[-122.240149,37.868632],[-122.24015,37.868636],[-122.240152,37.868639],[-122.240154,37.868642],[-122.240155,37.868646],[-122.240157,37.868649],[-122.240159,37.868652],[-122.240161,37.868656],[-122.240163,37.868659],[-122.240165,37.868662],[-122.240167,37.868665],[-122.24017,37.868668],[-122.240172,37.868671],[-122.240174,37.868674],[-122.240177,37.868678],[-122.240179,37.868681],[-122.240182,37.868683],[-122.240081,37.868769],[-122.240078,37.868768],[-122.240072,37.868765],[-122.240067,37.868762],[-122.240061,37.868759],[-122.240055,37.868756],[-122.24005,37.868752],[-122.240044,37.868749],[-122.240039,37.868746],[-122.240033,37.868742],[-122.240028,37.868738],[-122.240023,37.868735],[-122.240018,37.868731],[-122.240013,37.868727],[-122.240008,37.868723],[-122.240003,37.868719],[-122.239998,37.868715],[-122.239994,37.868711],[-122.239989,37.868707],[-122.239985,37.868703],[-122.23998,37.868699],[-122.239942,37.868661]]]},"properties":{"APN":"48H-7697-2","SitusAddress":"900 PANORAMIC WAY OAKLAND 94704"}},{"type":"Feature","geometry":{"type":"Polygon","coordinates":[[[-122.24013,37.868541],[-122.239942,37.868661],[-122.239887,37.868607],[-122.24012,37.868459],[-122.24013,37.868541]]]},"properties":{"APN":"48H-7697-3","SitusAddress":" PANORAMIC WAY OAKLAND 94705"}},{"type":"Feature","geometry":{"type":"Polygon","coordinates":[[[-122.239833,37.868554],[-122.240114,37.868375],[-122.240113,37.868377],[-122.240113,37.868381],[-122.240113,37.868384],[-122.240113,37.868388],[-122.240113,37.868391],[-122.240113,37.868395],[-122.240113,37.868398],[-122.240113,37.868402],[-122.240113,37.868406],[-122.240114,37.868409],[-122.240114,37.868413],[-122.24012,37.868459],[-122.239887,37.868607],[-122.239833,37.868554]]]},"properties":{"APN":"48H-7697-4","SitusAddress":" PANORAMIC WAY OAKLAND 94705"}},{"type":"Feature","geometry":{"type":"Polygon","coordinates":[[[-122.239779,37.8685],[-122.240088,37.868303],[-122.240131,37.868317],[-122.24013,37.868318],[-122.240129,37.868321],[-122.240127,37.868324],[-122.240126,37.868328],[-122.240124,37.868331],[-122.240123,37.868335],[-122.240122,37.868338],[-122.240121,37.868341],[-122.24012,37.868345],[-122.240119,37.868348],[-122.240118,37.868352],[-122.240117,37.868356],[-122.240116,37.868359],[-122.240115,37.868363],[-122.240115,37.868366],[-122.240114,37.86837],[-122.240114,37.868373],[-122.240114,37.868375],[-122.239833,37.868554],[-122.239779,37.8685]]]},"properties":{"APN":"48H-7697-5","SitusAddress":" PANORAMIC WAY OAKLAND 94705"}},{"type":"Feature","geometry":{"type":"Polygon","coordinates":[[[-122.239725,37.868447],[-122.239996,37.868274],[-122.240088,37.868303],[-122.239779,37.8685],[-122.239725,37.868447]]]},"properties":{"APN":"48H-7697-6","SitusAddress":" PANORAMIC WAY OAKLAND 94705"}},{"type":"Feature","geometry":{"type":"Polygon","coordinates":[[[-122.239657,37.868371],[-122.239974,37.868209],[-122.239996,37.868274],[-122.239725,37.868447],[-122.239683,37.868406],[-122.23968,37.868402],[-122.239678,37.8684],[-122.239676,37.868398],[-122.239674,37.868396],[-122.239672,37.868393],[-122.23967,37.868391],[-122.239669,37.868389],[-122.239667,37.868387],[-122.239666,37.868385],[-122.239664,37.868382],[-122.239663,37.86838],[-122.239661,37.868378],[-122.23966,37.868375],[-122.239658,37.868373],[-122.239657,37.868371]]]},"properties":{"APN":"48H-7697-7","SitusAddress":" PANORAMIC WAY OAKLAND 94705"}},{"type":"Feature","geometry":{"type":"Polygon","coordinates":[[[-122.239636,37.868305],[-122.239952,37.868142],[-122.239974,37.868209],[-122.239657,37.868371],[-122.239656,37.868368],[-122.239655,37.868366],[-122.239654,37.868364],[-122.239652,37.868361],[-122.239651,37.868359],[-122.239651,37.868356],[-122.23965,37.868354],[-122.239649,37.868351],[-122.239648,37.868349],[-122.239647,37.868346],[-122.239646,37.868344],[-122.239636,37.868305]]]},"properties":{"APN":"48H-7697-8","SitusAddress":" PANORAMIC WAY OAKLAND 94705"}},{"type":"Feature","geometry":{"type":"Polygon","coordinates":[[[-122.239617,37.868234],[-122.23993,37.868074],[-122.239952,37.868142],[-122.239636,37.868305],[-122.239617,37.868234]]]},"properties":{"APN":"48H-7697-9","SitusAddress":" PANORAMIC WAY OAKLAND 94705"}},{"type":"Feature","geometry":{"type":"Polygon","coordinates":[[[-122.239599,37.868166],[-122.239908,37.868007],[-122.23993,37.868074],[-122.239617,37.868234],[-122.239599,37.868166]]]},"properties":{"APN":"48H-7697-10","SitusAddress":" PANORAMIC WAY OAKLAND 94705"}},{"type":"Feature","geometry":{"type":"Polygon","coordinates":[[[-122.239861,37.86795],[-122.239908,37.868007],[-122.239599,37.868166],[-122.239592,37.86814],[-122.239592,37.868138],[-122.239592,37.868137],[-122.239591,37.868135],[-122.239591,37.868134],[-122.239591,37.868133],[-122.239591,37.868132],[-122.239591,37.868131],[-122.239591,37.868129],[-122.239591,37.868128],[-122.239591,37.868127],[-122.239591,37.868126],[-122.239591,37.868125],[-122.239591,37.868123],[-122.239591,37.868122],[-122.239591,37.868121],[-122.239591,37.86812],[-122.239591,37.868119],[-122.239591,37.868117],[-122.239591,37.868116],[-122.239592,37.868115],[-122.239592,37.868114],[-122.239592,37.868113],[-122.239593,37.868112],[-122.239593,37.86811],[-122.239593,37.868109],[-122.239594,37.868108],[-122.239594,37.868107],[-122.239594,37.868106],[-122.239595,37.868105],[-122.239595,37.868103],[-122.239596,37.868102],[-122.239596,37.868101],[-122.239597,37.8681],[-122.239598,37.868099],[-122.239598,37.868098],[-122.239599,37.868097],[-122.239599,37.868096],[-122.2396,37.868095],[-122.239601,37.868094],[-122.239602,37.868093],[-122.239602,37.868091],[-122.239603,37.86809],[-122.239604,37.868089],[-122.239605,37.868088],[-122.239605,37.868087],[-122.239606,37.868086],[-122.239607,37.868085],[-122.239608,37.868085],[-122.239609,37.868084],[-122.23961,37.868083],[-122.239611,37.868082],[-122.239612,37.868081],[-122.239613,37.86808],[-122.239614,37.868079],[-122.239615,37.868078],[-122.239616,37.868077],[-122.239617,37.868076],[-122.239618,37.868076],[-122.239619,37.868075],[-122.23962,37.868074],[-122.239622,37.868073],[-122.239623,37.868072],[-122.239624,37.868072],[-122.239625,37.868071],[-122.239626,37.86807],[-122.239628,37.86807],[-122.239629,37.868069],[-122.23963,37.868068],[-122.239861,37.86795]]]},"properties":{"APN":"48H-7697-11","SitusAddress":" PANORAMIC WAY OAKLAND 94705"}},{"type":"Feature","geometry":{"type":"Polygon","coordinates":[[[-122.23993,37.868074],[-122.239908,37.868007],[-122.239861,37.86795],[-122.239947,37.867906],[-122.240034,37.867861],[-122.240121,37.867816],[-122.240151,37.867801],[-122.240155,37.867799],[-122.240159,37.867797],[-122.240162,37.867795],[-122.240166,37.867793],[-122.24017,37.86779],[-122.240173,37.867788],[-122.240177,37.867786],[-122.24018,37.867784],[-122.240184,37.867781],[-122.240187,37.867779],[-122.24019,37.867777],[-122.240192,37.867776],[-122.240366,37.867921],[-122.240337,37.867945],[-122.240259,37.867985],[-122.240172,37.868029],[-122.240084,37.868074],[-122.240055,37.868089],[-122.239952,37.868142],[-122.23993,37.868074]]]},"properties":{"APN":"48H-7697-15-1","SitusAddress":" PANORAMIC WAY OAKLAND 94705"}},{"type":"Feature","geometry":{"type":"Polygon","coordinates":[[[-122.240192,37.867776],[-122.240194,37.867774],[-122.240197,37.867772],[-122.2402,37.867769],[-122.240203,37.867766],[-122.240206,37.867764],[-122.240209,37.867761],[-122.240212,37.867758],[-122.240215,37.867756],[-122.240218,37.867753],[-122.240221,37.86775],[-122.240223,37.867747],[-122.240226,37.867744],[-122.240229,37.867741],[-122.240231,37.867738],[-122.240234,37.867735],[-122.240236,37.867732],[-122.240238,37.867729],[-122.24024,37.867726],[-122.240243,37.867723],[-122.240244,37.867721],[-122.240459,37.867847],[-122.240398,37.867896],[-122.240366,37.867921],[-122.240192,37.867776]]]},"properties":{"APN":"48H-7697-16","SitusAddress":" PANORAMIC WAY OAKLAND 94705"}},{"type":"Feature","geometry":{"type":"Polygon","coordinates":[[[-122.240244,37.867721],[-122.240245,37.867719],[-122.240247,37.867716],[-122.240249,37.867713],[-122.240251,37.86771],[-122.240252,37.867706],[-122.240254,37.867703],[-122.240256,37.8677],[-122.240257,37.867696],[-122.240259,37.867693],[-122.24026,37.86769],[-122.240262,37.867686],[-122.240263,37.867683],[-122.240264,37.867679],[-122.240265,37.867676],[-122.240266,37.867672],[-122.240267,37.867669],[-122.240268,37.867665],[-122.240269,37.867662],[-122.24027,37.867658],[-122.24027,37.867655],[-122.240581,37.86775],[-122.24052,37.867798],[-122.240459,37.867847],[-122.240244,37.867721]]]},"properties":{"APN":"48H-7697-17","SitusAddress":" PANORAMIC WAY OAKLAND 94705"}},{"type":"Feature","geometry":{"type":"Polygon","coordinates":[[[-122.24027,37.867655],[-122.240271,37.867651],[-122.240271,37.867647],[-122.240272,37.867644],[-122.240272,37.86764],[-122.240273,37.867637],[-122.240273,37.867633],[-122.240273,37.86763],[-122.240273,37.867626],[-122.240273,37.867622],[-122.240273,37.867619],[-122.240273,37.867615],[-122.240272,37.867612],[-122.240272,37.867608],[-122.240271,37.867604],[-122.240271,37.867601],[-122.240703,37.867652],[-122.240642,37.867701],[-122.240581,37.86775],[-122.24027,37.867655]]]},"properties":{"APN":"48H-7697-18","SitusAddress":" PANORAMIC WAY OAKLAND 94705"}},{"type":"Feature","geometry":{"type":"Polygon","coordinates":[[[-122.240271,37.867601],[-122.24027,37.867597],[-122.24027,37.867594],[-122.240269,37.86759],[-122.240268,37.867587],[-122.240267,37.867583],[-122.240266,37.86758],[-122.240265,37.867576],[-122.240264,37.867573],[-122.240263,37.867569],[-122.240262,37.867566],[-122.24026,37.867562],[-122.240259,37.867559],[-122.240256,37.867553],[-122.240791,37.86739],[-122.240885,37.867506],[-122.240824,37.867554],[-122.240763,37.867603],[-122.240703,37.867652],[-122.240271,37.867601]]]},"properties":{"APN":"48H-7697-19","SitusAddress":" PANORAMIC WAY OAKLAND 94705"}},{"type":"Feature","geometry":{"type":"Polygon","coordinates":[[[-122.240221,37.867503],[-122.240644,37.867211],[-122.240781,37.867379],[-122.240249,37.86754],[-122.240247,37.867537],[-122.240245,37.867533],[-122.240243,37.86753],[-122.240241,37.867527],[-122.240238,37.867524],[-122.240236,37.867521],[-122.240234,37.867518],[-122.240231,37.867514],[-122.240229,37.867511],[-122.240226,37.867508],[-122.240223,37.867505],[-122.240221,37.867503]]]},"properties":{"APN":"48H-7697-20","SitusAddress":" PANORAMIC WAY OAKLAND 94705"}},{"type":"Feature","geometry":{"type":"Polygon","coordinates":[[[-122.240171,37.867463],[-122.240418,37.867144],[-122.240515,37.867159],[-122.240598,37.867173],[-122.24068,37.867186],[-122.240644,37.867211],[-122.240221,37.867503],[-122.240221,37.867503],[-122.240218,37.8675],[-122.240215,37.867497],[-122.240212,37.867494],[-122.240209,37.867491],[-122.240206,37.867488],[-122.240203,37.867486],[-122.2402,37.867483],[-122.240197,37.867481],[-122.240193,37.867478],[-122.24019,37.867475],[-122.240187,37.867473],[-122.240183,37.867471],[-122.24018,37.867468],[-122.240176,37.867466],[-122.240172,37.867464],[-122.240171,37.867463]]]},"properties":{"APN":"48H-7697-21","SitusAddress":" PANORAMIC WAY OAKLAND 94705"}},{"type":"Feature","geometry":{"type":"Polygon","coordinates":[[[-122.240087,37.867428],[-122.240189,37.867107],[-122.240262,37.867119],[-122.240343,37.867132],[-122.240418,37.867144],[-122.240171,37.867463],[-122.240169,37.867461],[-122.240165,37.867459],[-122.240161,37.867457],[-122.240158,37.867455],[-122.240154,37.867453],[-122.24015,37.867451],[-122.240146,37.867449],[-122.240142,37.867447],[-122.240138,37.867446],[-122.240134,37.867444],[-122.24013,37.867442],[-122.240126,37.86744],[-122.240121,37.867439],[-122.240117,37.867437],[-122.240113,37.867436],[-122.240109,37.867435],[-122.240105,37.867433],[-122.2401,37.867432],[-122.240096,37.867431],[-122.240092,37.86743],[-122.240087,37.867428]]]},"properties":{"APN":"48H-7697-22","SitusAddress":" PANORAMIC WAY OAKLAND 94705"}},{"type":"Feature","geometry":{"type":"Polygon","coordinates":[[[-122.240038,37.867421],[-122.239987,37.867074],[-122.240038,37.867083],[-122.240189,37.867107],[-122.240087,37.867428],[-122.240083,37.867427],[-122.240078,37.867426],[-122.240074,37.867426],[-122.240069,37.867425],[-122.240065,37.867424],[-122.24006,37.867423],[-122.240056,37.867422],[-122.240051,37.867422],[-122.240047,37.867421],[-122.240042,37.867421],[-122.240038,37.867421]]]},"properties":{"APN":"48H-7697-23","SitusAddress":" PANORAMIC WAY OAKLAND 94705"}},{"type":"Feature","geometry":{"type":"Polygon","coordinates":[[[-122.23993,37.867421],[-122.239898,37.86706],[-122.239987,37.867074],[-122.240038,37.867421],[-122.240033,37.86742],[-122.240028,37.86742],[-122.240024,37.86742],[-122.240019,37.867419],[-122.240015,37.867419],[-122.240009,37.867419],[-122.23993,37.867421]]]},"properties":{"APN":"48H-7697-24","SitusAddress":" PANORAMIC WAY OAKLAND 94705"}},{"type":"Feature","geometry":{"type":"Polygon","coordinates":[[[-122.239806,37.867045],[-122.239898,37.86706],[-122.23993,37.867421],[-122.239843,37.867424],[-122.239806,37.867045]]]},"properties":{"APN":"48H-7697-25","SitusAddress":" PANORAMIC WAY OAKLAND 94705"}},{"type":"Feature","geometry":{"type":"Polygon","coordinates":[[[-122.239843,37.867424],[-122.239758,37.867426],[-122.239719,37.867031],[-122.239806,37.867045],[-122.239843,37.867424]]]},"properties":{"APN":"48H-7697-26","SitusAddress":" PANORAMIC WAY OAKLAND 94705"}},{"type":"Feature","geometry":{"type":"Polygon","coordinates":[[[-122.239628,37.867065],[-122.239719,37.867031],[-122.239758,37.867426],[-122.239666,37.867429],[-122.239628,37.867065]]]},"properties":{"APN":"48H-7697-27","SitusAddress":" PANORAMIC WAY OAKLAND 94705"}},{"type":"Feature","geometry":{"type":"Polygon","coordinates":[[[-122.239469,37.867132],[-122.239628,37.867065],[-122.239666,37.867429],[-122.239497,37.867433],[-122.239469,37.867132]]]},"properties":{"APN":"48H-7697-28","SitusAddress":" PANORAMIC WAY OAKLAND 94705"}},{"type":"Feature","geometry":{"type":"Polygon","coordinates":[[[-122.239411,37.867436],[-122.239388,37.867165],[-122.239469,37.867132],[-122.239497,37.867433],[-122.239424,37.867435],[-122.239421,37.867435],[-122.239419,37.867435],[-122.239417,37.867436],[-122.239415,37.867436],[-122.239413,37.867436],[-122.239411,37.867436]]]},"properties":{"APN":"48H-7697-29","SitusAddress":" PANORAMIC WAY OAKLAND 94705"}},{"type":"Feature","geometry":{"type":"Polygon","coordinates":[[[-122.23925,37.867225],[-122.239388,37.867165],[-122.239411,37.867436],[-122.239409,37.867436],[-122.239407,37.867435],[-122.239405,37.867435],[-122.239403,37.867435],[-122.239401,37.867435],[-122.239399,37.867435],[-122.239397,37.867435],[-122.239396,37.867434],[-122.239394,37.867434],[-122.239392,37.867434],[-122.23939,37.867434],[-122.239388,37.867433],[-122.239386,37.867433],[-122.239384,37.867433],[-122.239382,37.867432],[-122.23938,37.867432],[-122.239379,37.867431],[-122.239377,37.867431],[-122.239375,37.86743],[-122.239373,37.86743],[-122.239371,37.867429],[-122.23937,37.867429],[-122.239368,37.867428],[-122.239366,37.867427],[-122.239364,37.867427],[-122.239363,37.867426],[-122.239361,37.867425],[-122.239359,37.867425],[-122.239357,37.867424],[-122.239356,37.867423],[-122.239354,37.867422],[-122.239352,37.867421],[-122.239351,37.867421],[-122.239349,37.86742],[-122.239348,37.867419],[-122.239346,37.867418],[-122.239345,37.867417],[-122.239343,37.867416],[-122.239342,37.867415],[-122.23934,37.867414],[-122.239339,37.867413],[-122.239337,37.867412],[-122.239336,37.867411],[-122.239334,37.86741],[-122.239333,37.867409],[-122.239332,37.867408],[-122.23933,37.867407],[-122.239329,37.867405],[-122.239328,37.867404],[-122.239327,37.867403],[-122.239325,37.867402],[-122.239324,37.867401],[-122.239323,37.867399],[-122.239322,37.867398],[-122.239321,37.867397],[-122.23932,37.867396],[-122.239319,37.867394],[-122.239318,37.867393],[-122.239317,37.867392],[-122.239316,37.86739],[-122.239315,37.867389],[-122.239314,37.867388],[-122.239313,37.867386],[-122.239312,37.867385],[-122.239312,37.867384],[-122.239311,37.867382],[-122.23931,37.867381],[-122.239309,37.867379],[-122.239309,37.867378],[-122.239261,37.86725],[-122.23926,37.867246],[-122.239258,37.867243],[-122.239257,37.86724],[-122.239255,37.867236],[-122.239254,37.867233],[-122.239252,37.86723],[-122.23925,37.867226],[-122.23925,37.867225]]]},"properties":{"APN":"48H-7697-30","SitusAddress":null}},{"type":"Feature","geometry":{"type":"Polygon","coordinates":[[[-122.239153,37.867134],[-122.239495,37.866726],[-122.239599,37.866868],[-122.239719,37.867031],[-122.239628,37.867065],[-122.239469,37.867132],[-122.239388,37.867165],[-122.23925,37.867225],[-122.239249,37.867223],[-122.239247,37.86722],[-122.239245,37.867216],[-122.239243,37.867213],[-122.239241,37.86721],[-122.239239,37.867207],[-122.239236,37.867204],[-122.239234,37.867201],[-122.239232,37.867198],[-122.239229,37.867195],[-122.239227,37.867192],[-122.239224,37.867189],[-122.239221,37.867186],[-122.239219,37.867183],[-122.239216,37.86718],[-122.239213,37.867177],[-122.23921,37.867174],[-122.239207,37.867172],[-122.239206,37.86717],[-122.239204,37.867169],[-122.239201,37.867166],[-122.239198,37.867164],[-122.239195,37.867161],[-122.239192,37.867159],[-122.239188,37.867156],[-122.239185,37.867154],[-122.239182,37.867151],[-122.239178,37.867149],[-122.239175,37.867147],[-122.239171,37.867145],[-122.239168,37.867142],[-122.239164,37.86714],[-122.23916,37.867138],[-122.239157,37.867136],[-122.239153,37.867134]]]},"properties":{"APN":"48H-7697-32-1","SitusAddress":" PANORAMIC WAY OAKLAND 94705"}},{"type":"Feature","geometry":{"type":"Polygon","coordinates":[[[-122.238151,37.867219],[-122.23789,37.867585],[-122.237546,37.867506],[-122.237832,37.867106],[-122.238151,37.867219]]]},"properties":{"APN":"48H-7697-48-1","SitusAddress":" PANORAMIC WAY OAKLAND 94704"}},{"type":"Feature","geometry":{"type":"Polygon","coordinates":[[[-122.23789,37.867585],[-122.238151,37.867219],[-122.237832,37.867106],[-122.237752,37.867078],[-122.237513,37.866994],[-122.237434,37.866966],[-122.236801,37.866742],[-122.239594,37.866582],[-122.239138,37.867127],[-122.239132,37.867125],[-122.239128,37.867123],[-122.239124,37.867121],[-122.23912,37.86712],[-122.239116,37.867118],[-122.239112,37.867117],[-122.239108,37.867116],[-122.239103,37.867114],[-122.239099,37.867113],[-122.239095,37.867112],[-122.23909,37.867111],[-122.239086,37.86711],[-122.239082,37.867109],[-122.239077,37.867108],[-122.239073,37.867107],[-122.239069,37.867106],[-122.239064,37.867105],[-122.23906,37.867105],[-122.239055,37.867104],[-122.239051,37.867104],[-122.239046,37.867103],[-122.239042,37.867103],[-122.239037,37.867102],[-122.239033,37.867102],[-122.239028,37.867102],[-122.239024,37.867101],[-122.239019,37.867101],[-122.239015,37.867101],[-122.23901,37.867101],[-122.239006,37.867101],[-122.239001,37.867101],[-122.238997,37.867102],[-122.238992,37.867102],[-122.238988,37.867102],[-122.238983,37.867102],[-122.238979,37.867103],[-122.238974,37.867103],[-122.23897,37.867104],[-122.238965,37.867105],[-122.238961,37.867105],[-122.238956,37.867106],[-122.238952,37.867107],[-122.238948,37.867108],[-122.238943,37.867109],[-122.238939,37.86711],[-122.238935,37.867111],[-122.23893,37.867112],[-122.238926,37.867113],[-122.238922,37.867114],[-122.238917,37.867115],[-122.238913,37.867117],[-122.238909,37.867118],[-122.238905,37.867119],[-122.238901,37.867121],[-122.238897,37.867123],[-122.238893,37.867124],[-122.238889,37.867126],[-122.238885,37.867128],[-122.238881,37.867129],[-122.238877,37.867131],[-122.238873,37.867133],[-122.238869,37.867135],[-122.238866,37.867137],[-122.238862,37.867139],[-122.238858,37.867141],[-122.238855,37.867143],[-122.238851,37.867146],[-122.238847,37.867148],[-122.238844,37.86715],[-122.238841,37.867152],[-122.238837,37.867155],[-122.238834,37.867157],[-122.238831,37.86716],[-122.238827,37.867162],[-122.238824,37.867165],[-122.238821,37.867168],[-122.238818,37.86717],[-122.238815,37.867173],[-122.238812,37.867176],[-122.238809,37.867178],[-122.238807,37.867181],[-122.238804,37.867184],[-122.238801,37.867187],[-122.238799,37.86719],[-122.238796,37.867193],[-122.238794,37.867196],[-122.238791,37.867199],[-122.238528,37.867566],[-122.238525,37.867571],[-122.238523,37.867574],[-122.23852,37.867577],[-122.238518,37.86758],[-122.238515,37.867583],[-122.238513,37.867586],[-122.23851,37.867589],[-122.238507,37.867592],[-122.238504,37.867594],[-122.238501,37.867597],[-122.238498,37.8676],[-122.238495,37.867603],[-122.238492,37.867605],[-122.238489,37.867608],[-122.238486,37.86761],[-122.238483,37.867613],[-122.238479,37.867615],[-122.238476,37.867618],[-122.238473,37.86762],[-122.238469,37.867623],[-122.238466,37.867625],[-122.238462,37.867627],[-122.238459,37.867629],[-122.238455,37.867631],[-122.238451,37.867633],[-122.238448,37.867635],[-122.238444,37.867637],[-122.23844,37.867639],[-122.238436,37.867641],[-122.238432,37.867643],[-122.238428,37.867645],[-122.238424,37.867647],[-122.23842,37.867648],[-122.238416,37.86765],[-122.238412,37.867651],[-122.238408,37.867653],[-122.238404,37.867654],[-122.2384,37.867656],[-122.238395,37.867657],[-122.238391,37.867658],[-122.238387,37.867659],[-122.238383,37.867661],[-122.238378,37.867662],[-122.238374,37.867663],[-122.238369,37.867664],[-122.238365,37.867665],[-122.238361,37.867665],[-122.238356,37.867666],[-122.238352,37.867667],[-122.238347,37.867667],[-122.238343,37.867668],[-122.238338,37.867669],[-122.238334,37.867669],[-122.238329,37.867669],[-122.238325,37.86767],[-122.23832,37.86767],[-122.238316,37.86767],[-122.238311,37.86767],[-122.238307,37.867671],[-122.238302,37.867671],[-122.238298,37.867671],[-122.238293,37.86767],[-122.238289,37.86767],[-122.238284,37.86767],[-122.23828,37.86767],[-122.238275,37.867669],[-122.238271,37.867669],[-122.238266,37.867669],[-122.238262,37.867668],[-122.238257,37.867667],[-122.238253,37.867667],[-122.238248,37.867666],[-122.238244,37.867665],[-122.238239,37.867664],[-122.238235,37.867664],[-122.238231,37.867663],[-122.23789,37.867585]]]},"properties":{"APN":"48H-7697-68-1","SitusAddress":" PANORAMIC WAY OAKLAND 94705"}},{"type":"Feature","geometry":{"type":"Polygon","coordinates":[[[-122.239616,37.866581],[-122.239956,37.866562],[-122.239959,37.866603],[-122.239959,37.866605],[-122.239959,37.866606],[-122.239959,37.866607],[-122.23996,37.866609],[-122.23996,37.86661],[-122.239961,37.866612],[-122.239961,37.866613],[-122.239962,37.866615],[-122.239962,37.866616],[-122.239963,37.866618],[-122.239963,37.866619],[-122.239964,37.86662],[-122.239964,37.866622],[-122.239965,37.866623],[-122.239495,37.866726],[-122.239616,37.866581]]]},"properties":{"APN":"48H-7697-69","SitusAddress":" STATE PL OAKLAND 94704"}},{"type":"Feature","geometry":{"type":"Polygon","coordinates":[[[-122.239495,37.866726],[-122.239965,37.866623],[-122.239966,37.866624],[-122.239966,37.866626],[-122.239967,37.866627],[-122.239968,37.866629],[-122.239969,37.86663],[-122.23997,37.866631],[-122.23997,37.866632],[-122.239971,37.866634],[-122.239972,37.866635],[-122.239973,37.866636],[-122.239974,37.866638],[-122.239975,37.866639],[-122.239976,37.86664],[-122.239977,37.866641],[-122.239978,37.866642],[-122.23998,37.866644],[-122.239981,37.866645],[-122.239982,37.866646],[-122.239983,37.866647],[-122.239984,37.866648],[-122.239985,37.866649],[-122.239987,37.86665],[-122.239988,37.866652],[-122.239989,37.866653],[-122.239991,37.866654],[-122.239992,37.866655],[-122.239993,37.866656],[-122.239995,37.866657],[-122.239997,37.866658],[-122.239599,37.866868],[-122.239495,37.866726]]]},"properties":{"APN":"48H-7697-70","SitusAddress":" STATE PL OAKLAND 94704"}},{"type":"Feature","geometry":{"type":"Polygon","coordinates":[[[-122.239599,37.866868],[-122.239997,37.866658],[-122.239998,37.866658],[-122.239999,37.866659],[-122.240001,37.86666],[-122.240002,37.866661],[-122.240004,37.866662],[-122.240005,37.866663],[-122.240007,37.866664],[-122.240008,37.866664],[-122.24001,37.866665],[-122.240012,37.866666],[-122.240013,37.866667],[-122.240015,37.866667],[-122.240016,37.866668],[-122.240018,37.866669],[-122.24002,37.866669],[-122.240022,37.86667],[-122.240023,37.866671],[-122.240025,37.866671],[-122.240027,37.866672],[-122.240028,37.866672],[-122.24003,37.866673],[-122.240032,37.866673],[-122.240034,37.866674],[-122.240036,37.866674],[-122.240037,37.866674],[-122.240039,37.866675],[-122.240041,37.866675],[-122.240043,37.866675],[-122.240045,37.866676],[-122.240046,37.866676],[-122.240048,37.866676],[-122.24005,37.866676],[-122.240052,37.866677],[-122.240054,37.866677],[-122.240056,37.866677],[-122.240058,37.866677],[-122.240059,37.866677],[-122.240061,37.866677],[-122.240063,37.866677],[-122.239719,37.867031],[-122.239599,37.866868]]]},"properties":{"APN":"48H-7697-71","SitusAddress":" STATE PL OAKLAND 94704"}},{"type":"Feature","geometry":{"type":"Polygon","coordinates":[[[-122.239806,37.867045],[-122.239719,37.867031],[-122.240063,37.866677],[-122.240132,37.866668],[-122.239898,37.86706],[-122.239806,37.867045]]]},"properties":{"APN":"48H-7697-72","SitusAddress":" STATE PL OAKLAND 94704"}},{"type":"Feature","geometry":{"type":"Polygon","coordinates":[[[-122.239987,37.867074],[-122.239898,37.86706],[-122.240132,37.866668],[-122.240145,37.866645],[-122.240244,37.866639],[-122.240038,37.867083],[-122.239987,37.867074]]]},"properties":{"APN":"48H-7697-73","SitusAddress":" STATE PL OAKLAND 94704"}},{"type":"Feature","geometry":{"type":"Polygon","coordinates":[[[-122.240038,37.867083],[-122.240244,37.866639],[-122.240323,37.866634],[-122.240189,37.867107],[-122.240038,37.867083]]]},"properties":{"APN":"48H-7697-74","SitusAddress":" STATE PL OAKLAND 94704"}},{"type":"Feature","geometry":{"type":"Polygon","coordinates":[[[-122.240189,37.867107],[-122.240323,37.866634],[-122.240417,37.866628],[-122.240262,37.867119],[-122.240189,37.867107]]]},"properties":{"APN":"48H-7697-75","SitusAddress":" STATE PL OAKLAND 94704"}},{"type":"Feature","geometry":{"type":"Polygon","coordinates":[[[-122.240262,37.867119],[-122.240417,37.866628],[-122.240507,37.866622],[-122.240343,37.867132],[-122.240262,37.867119]]]},"properties":{"APN":"48H-7697-76","SitusAddress":" STATE PL OAKLAND 94704"}},{"type":"Feature","geometry":{"type":"Polygon","coordinates":[[[-122.240343,37.867132],[-122.240507,37.866622],[-122.240595,37.866616],[-122.240418,37.867144],[-122.240343,37.867132]]]},"properties":{"APN":"48H-7697-77","SitusAddress":" STATE PL OAKLAND 94704"}},{"type":"Feature","geometry":{"type":"Polygon","coordinates":[[[-122.240418,37.867144],[-122.240595,37.866616],[-122.240619,37.866614],[-122.240626,37.866614],[-122.24063,37.866614],[-122.240634,37.866614],[-122.240638,37.866614],[-122.240642,37.866614],[-122.240646,37.866615],[-122.24065,37.866615],[-122.240654,37.866615],[-122.240657,37.866615],[-122.240661,37.866616],[-122.240665,37.866616],[-122.240669,37.866617],[-122.240673,37.866617],[-122.240677,37.866618],[-122.240681,37.866619],[-122.240685,37.86662],[-122.240689,37.86662],[-122.240515,37.867159],[-122.240418,37.867144]]]},"properties":{"APN":"48H-7697-78","SitusAddress":" STATE PL OAKLAND 94704"}},{"type":"Feature","geometry":{"type":"Polygon","coordinates":[[[-122.240515,37.867159],[-122.240689,37.86662],[-122.240693,37.866621],[-122.240696,37.866622],[-122.2407,37.866623],[-122.240704,37.866624],[-122.240708,37.866625],[-122.240712,37.866626],[-122.240715,37.866627],[-122.240719,37.866629],[-122.240723,37.86663],[-122.240726,37.866631],[-122.24073,37.866633],[-122.240733,37.866634],[-122.240737,37.866635],[-122.24074,37.866637],[-122.240744,37.866639],[-122.240747,37.86664],[-122.240751,37.866642],[-122.240754,37.866643],[-122.240757,37.866645],[-122.240761,37.866647],[-122.240764,37.866649],[-122.240767,37.866651],[-122.24077,37.866653],[-122.240772,37.866654],[-122.240598,37.867173],[-122.240515,37.867159]]]},"properties":{"APN":"48H-7697-79","SitusAddress":" STATE PL OAKLAND 94704"}},{"type":"Feature","geometry":{"type":"Polygon","coordinates":[[[-122.24068,37.867186],[-122.240598,37.867173],[-122.240772,37.866654],[-122.240773,37.866655],[-122.240777,37.866657],[-122.24078,37.866659],[-122.240783,37.866661],[-122.240785,37.866663],[-122.240788,37.866665],[-122.240791,37.866667],[-122.240794,37.86667],[-122.240797,37.866672],[-122.240799,37.866674],[-122.240802,37.866677],[-122.240805,37.866679],[-122.240807,37.866681],[-122.24081,37.866684],[-122.240812,37.866686],[-122.240814,37.866689],[-122.240817,37.866692],[-122.240819,37.866694],[-122.240837,37.866718],[-122.240684,37.867186],[-122.24068,37.867186]]]},"properties":{"APN":"48H-7697-80","SitusAddress":" STATE PL OAKLAND 94704"}},{"type":"Feature","geometry":{"type":"Polygon","coordinates":[[[-122.240684,37.867186],[-122.240837,37.866718],[-122.2409,37.866803],[-122.240768,37.8672],[-122.240684,37.867186]]]},"properties":{"APN":"48H-7697-81","SitusAddress":" STATE PL OAKLAND 94704"}},{"type":"Feature","geometry":{"type":"Polygon","coordinates":[[[-122.240768,37.8672],[-122.2409,37.866803],[-122.240903,37.866807],[-122.240905,37.866811],[-122.240907,37.866814],[-122.240909,37.866817],[-122.240911,37.86682],[-122.240914,37.866824],[-122.240916,37.866827],[-122.240919,37.86683],[-122.240921,37.866833],[-122.240924,37.866836],[-122.240927,37.866839],[-122.24093,37.866842],[-122.240932,37.866845],[-122.240935,37.866848],[-122.240938,37.866851],[-122.240941,37.866854],[-122.240944,37.866857],[-122.240948,37.86686],[-122.240951,37.866862],[-122.240954,37.866865],[-122.240957,37.866868],[-122.240961,37.86687],[-122.240964,37.866872],[-122.240856,37.867214],[-122.240768,37.8672]]]},"properties":{"APN":"48H-7697-82","SitusAddress":" STATE PL OAKLAND 94704"}},{"type":"Feature","geometry":{"type":"Polygon","coordinates":[[[-122.240856,37.867214],[-122.240964,37.866872],[-122.240968,37.866875],[-122.240971,37.866878],[-122.240975,37.86688],[-122.240979,37.866882],[-122.240982,37.866885],[-122.240986,37.866887],[-122.24099,37.866889],[-122.240994,37.866891],[-122.240998,37.866893],[-122.241002,37.866895],[-122.241006,37.866897],[-122.24101,37.866899],[-122.241014,37.866901],[-122.241018,37.866903],[-122.241022,37.866905],[-122.241026,37.866906],[-122.24103,37.866908],[-122.241035,37.86691],[-122.240952,37.86723],[-122.240856,37.867214]]]},"properties":{"APN":"48H-7697-83","SitusAddress":" STATE PL OAKLAND 94704"}},{"type":"Feature","geometry":{"type":"Polygon","coordinates":[[[-122.240952,37.86723],[-122.241035,37.86691],[-122.241039,37.866911],[-122.241043,37.866912],[-122.241048,37.866914],[-122.241052,37.866915],[-122.241057,37.866916],[-122.241061,37.866918],[-122.241066,37.866919],[-122.24107,37.86692],[-122.241075,37.866921],[-122.241079,37.866922],[-122.241084,37.866923],[-122.241088,37.866924],[-122.241093,37.866924],[-122.241097,37.866925],[-122.241102,37.866926],[-122.241033,37.867242],[-122.240952,37.86723]]]},"properties":{"APN":"48H-7697-84","SitusAddress":" STATE PL OAKLAND 94704"}},{"type":"Feature","geometry":{"type":"Polygon","coordinates":[[[-122.241033,37.867242],[-122.241102,37.866926],[-122.241107,37.866926],[-122.241111,37.866927],[-122.241116,37.866927],[-122.241121,37.866928],[-122.241125,37.866928],[-122.24113,37.866928],[-122.241135,37.866928],[-122.24114,37.866928],[-122.24118,37.866929],[-122.241133,37.867258],[-122.241033,37.867242]]]},"properties":{"APN":"48H-7697-85","SitusAddress":" STATE PL OAKLAND 94704"}},{"type":"Feature","geometry":{"type":"Polygon","coordinates":[[[-122.241133,37.867258],[-122.24118,37.866929],[-122.241278,37.866931],[-122.241275,37.867174],[-122.241164,37.867263],[-122.241133,37.867258]]]},"properties":{"APN":"48H-7697-86","SitusAddress":" STATE PL OAKLAND 94704"}},{"type":"Feature","geometry":{"type":"Polygon","coordinates":[[[-122.241295,37.867002],[-122.241296,37.866932],[-122.241457,37.866935],[-122.241464,37.866935],[-122.241467,37.866935],[-122.241471,37.866935],[-122.241474,37.866935],[-122.241478,37.866936],[-122.241481,37.866936],[-122.241485,37.866937],[-122.241488,37.866937],[-122.241492,37.866937],[-122.241495,37.866938],[-122.241499,37.866939],[-122.241502,37.866939],[-122.241506,37.86694],[-122.241509,37.866941],[-122.241512,37.866941],[-122.241516,37.866942],[-122.241519,37.866943],[-122.241522,37.866944],[-122.241526,37.866945],[-122.241529,37.866946],[-122.241532,37.866947],[-122.241535,37.866948],[-122.241539,37.866949],[-122.241542,37.86695],[-122.241545,37.866951],[-122.241548,37.866953],[-122.241551,37.866954],[-122.241554,37.866955],[-122.241557,37.866957],[-122.24156,37.866958],[-122.241563,37.86696],[-122.241566,37.866961],[-122.241569,37.866963],[-122.241572,37.866964],[-122.241575,37.866966],[-122.241578,37.866968],[-122.24158,37.866969],[-122.241583,37.866971],[-122.241586,37.866973],[-122.241588,37.866975],[-122.241591,37.866977],[-122.241594,37.866978],[-122.241596,37.86698],[-122.241599,37.866982],[-122.241601,37.866984],[-122.241603,37.866986],[-122.241606,37.866988],[-122.241608,37.86699],[-122.24161,37.866993],[-122.241613,37.866995],[-122.241615,37.866997],[-122.241617,37.866999],[-122.241619,37.867001],[-122.241621,37.867004],[-122.241622,37.867005],[-122.241295,37.867002]]]},"properties":{"APN":"48H-7697-87","SitusAddress":" PANORAMIC WAY OAKLAND 94705"}},{"type":"Feature","geometry":{"type":"Polygon","coordinates":[[[-122.241294,37.867043],[-122.241295,37.867002],[-122.241622,37.867005],[-122.241623,37.867006],[-122.241625,37.867008],[-122.241627,37.867011],[-122.241628,37.867013],[-122.24163,37.867015],[-122.241632,37.867018],[-122.241634,37.86702],[-122.241635,37.867023],[-122.241637,37.867025],[-122.241638,37.867028],[-122.24164,37.86703],[-122.241641,37.867033],[-122.241642,37.867036],[-122.241644,37.867038],[-122.241645,37.867041],[-122.241646,37.867043],[-122.241647,37.867046],[-122.241648,37.867049],[-122.241649,37.867051],[-122.24165,37.867054],[-122.241651,37.867057],[-122.241651,37.867059],[-122.241652,37.867062],[-122.241653,37.867065],[-122.241654,37.867068],[-122.241654,37.86707],[-122.241655,37.867073],[-122.241655,37.867076],[-122.241294,37.867043]]]},"properties":{"APN":"48H-7697-88","SitusAddress":" PANORAMIC WAY OAKLAND 94705"}},{"type":"Feature","geometry":{"type":"Polygon","coordinates":[[[-122.241294,37.867087],[-122.241294,37.867043],[-122.241655,37.867076],[-122.241655,37.867079],[-122.241656,37.867081],[-122.241656,37.867084],[-122.241656,37.867087],[-122.241656,37.86709],[-122.241656,37.867092],[-122.241656,37.867095],[-122.241656,37.867098],[-122.241656,37.867101],[-122.241656,37.867104],[-122.241656,37.867106],[-122.241655,37.867109],[-122.241655,37.867112],[-122.241655,37.867115],[-122.241654,37.867117],[-122.241654,37.86712],[-122.241649,37.867139],[-122.241647,37.86715],[-122.241644,37.86716],[-122.241642,37.867166],[-122.241294,37.867087]]]},"properties":{"APN":"48H-7697-89","SitusAddress":" PANORAMIC WAY OAKLAND 94705"}},{"type":"Feature","geometry":{"type":"Polygon","coordinates":[[[-122.241293,37.867131],[-122.241294,37.867087],[-122.241642,37.867166],[-122.24164,37.86717],[-122.241637,37.867181],[-122.241633,37.867191],[-122.241629,37.867202],[-122.241625,37.867212],[-122.241621,37.867222],[-122.241616,37.867232],[-122.241611,37.867242],[-122.24161,37.867245],[-122.241293,37.867131]]]},"properties":{"APN":"48H-7697-90","SitusAddress":" PANORAMIC WAY OAKLAND 94705"}},{"type":"Feature","geometry":{"type":"Polygon","coordinates":[[[-122.241293,37.86718],[-122.241293,37.867131],[-122.24161,37.867245],[-122.241606,37.867252],[-122.241601,37.867262],[-122.241596,37.867272],[-122.24159,37.867282],[-122.241584,37.867292],[-122.241578,37.867301],[-122.241572,37.867311],[-122.241566,37.867319],[-122.241293,37.86718]]]},"properties":{"APN":"48H-7697-91","SitusAddress":" PANORAMIC WAY OAKLAND 94705"}},{"type":"Feature","geometry":{"type":"Polygon","coordinates":[[[-122.241234,37.867227],[-122.241293,37.86718],[-122.241566,37.867319],[-122.241565,37.86732],[-122.241558,37.86733],[-122.241551,37.867339],[-122.241544,37.867348],[-122.241537,37.867357],[-122.241529,37.867366],[-122.241522,37.867375],[-122.241514,37.867384],[-122.241509,37.867388],[-122.241234,37.867227]]]},"properties":{"APN":"48H-7697-92","SitusAddress":" PANORAMIC WAY OAKLAND 94705"}},{"type":"Feature","geometry":{"type":"Polygon","coordinates":[[[-122.241178,37.867272],[-122.241234,37.867227],[-122.241509,37.867388],[-122.241505,37.867392],[-122.241497,37.867401],[-122.241489,37.867409],[-122.24148,37.867418],[-122.241471,37.867426],[-122.241462,37.867434],[-122.241453,37.867442],[-122.241443,37.86745],[-122.241442,37.867451],[-122.241178,37.867272]]]},"properties":{"APN":"48H-7697-93","SitusAddress":" PANORAMIC WAY OAKLAND 94705"}},{"type":"Feature","geometry":{"type":"Polygon","coordinates":[[[-122.241129,37.867311],[-122.241178,37.867272],[-122.241442,37.867451],[-122.241434,37.867457],[-122.241424,37.867465],[-122.241375,37.867504],[-122.241129,37.867311]]]},"properties":{"APN":"48H-7697-94","SitusAddress":" PANORAMIC WAY OAKLAND 94705"}},{"type":"Feature","geometry":{"type":"Polygon","coordinates":[[[-122.241068,37.867359],[-122.241129,37.867311],[-122.241375,37.867504],[-122.241314,37.867553],[-122.241068,37.867359]]]},"properties":{"APN":"48H-7697-95","SitusAddress":" PANORAMIC WAY OAKLAND 94705"}},{"type":"Feature","geometry":{"type":"Polygon","coordinates":[[[-122.241007,37.867408],[-122.241068,37.867359],[-122.241314,37.867553],[-122.241253,37.867601],[-122.241007,37.867408]]]},"properties":{"APN":"48H-7697-96","SitusAddress":" PANORAMIC WAY OAKLAND 94705"}},{"type":"Feature","geometry":{"type":"Polygon","coordinates":[[[-122.241192,37.86765],[-122.240946,37.867457],[-122.241007,37.867408],[-122.241253,37.867601],[-122.241192,37.86765]]]},"properties":{"APN":"48H-7697-97","SitusAddress":" PANORAMIC WAY OAKLAND 94705"}},{"type":"Feature","geometry":{"type":"Polygon","coordinates":[[[-122.240885,37.867506],[-122.240946,37.867457],[-122.241192,37.86765],[-122.241131,37.867699],[-122.240885,37.867506]]]},"properties":{"APN":"48H-7697-98","SitusAddress":" PANORAMIC WAY OAKLAND 94705"}},{"type":"Feature","geometry":{"type":"Polygon","coordinates":[[[-122.240824,37.867554],[-122.240885,37.867506],[-122.241131,37.867699],[-122.241071,37.867748],[-122.240824,37.867554]]]},"properties":{"APN":"48H-7697-99","SitusAddress":" PANORAMIC WAY OAKLAND 94705"}},{"type":"Feature","geometry":{"type":"Polygon","coordinates":[[[-122.24101,37.867797],[-122.240763,37.867603],[-122.240824,37.867554],[-122.241071,37.867748],[-122.24101,37.867797]]]},"properties":{"APN":"48H-7697-100","SitusAddress":" PANORAMIC WAY OAKLAND 94705"}},{"type":"Feature","geometry":{"type":"Polygon","coordinates":[[[-122.240949,37.867845],[-122.240703,37.867652],[-122.240763,37.867603],[-122.24101,37.867797],[-122.240949,37.867845]]]},"properties":{"APN":"48H-7697-101","SitusAddress":" PANORAMIC WAY OAKLAND 94705"}},{"type":"Feature","geometry":{"type":"Polygon","coordinates":[[[-122.240888,37.867894],[-122.240642,37.867701],[-122.240703,37.867652],[-122.240949,37.867845],[-122.240888,37.867894]]]},"properties":{"APN":"48H-7697-102","SitusAddress":" PANORAMIC WAY OAKLAND 94705"}},{"type":"Feature","geometry":{"type":"Polygon","coordinates":[[[-122.240581,37.86775],[-122.240642,37.867701],[-122.240888,37.867894],[-122.240827,37.867943],[-122.240581,37.86775]]]},"properties":{"APN":"48H-7697-103","SitusAddress":" PANORAMIC WAY OAKLAND 94705"}},{"type":"Feature","geometry":{"type":"Polygon","coordinates":[[[-122.24052,37.867798],[-122.240581,37.86775],[-122.240827,37.867943],[-122.240766,37.867992],[-122.24052,37.867798]]]},"properties":{"APN":"48H-7697-104","SitusAddress":" PANORAMIC WAY OAKLAND 94705"}},{"type":"Feature","geometry":{"type":"Polygon","coordinates":[[[-122.240459,37.867847],[-122.24052,37.867798],[-122.240766,37.867992],[-122.240705,37.86804],[-122.240459,37.867847]]]},"properties":{"APN":"48H-7697-105","SitusAddress":" PANORAMIC WAY OAKLAND 94705"}},{"type":"Feature","geometry":{"type":"Polygon","coordinates":[[[-122.240398,37.867896],[-122.240459,37.867847],[-122.240705,37.86804],[-122.240653,37.868082],[-122.240646,37.868087],[-122.240644,37.868089],[-122.240398,37.867896]]]},"properties":{"APN":"48H-7697-106","SitusAddress":" PANORAMIC WAY OAKLAND 94705"}},{"type":"Feature","geometry":{"type":"Polygon","coordinates":[[[-122.240337,37.867945],[-122.240366,37.867921],[-122.240398,37.867896],[-122.240644,37.868089],[-122.240641,37.868091],[-122.240637,37.868094],[-122.240632,37.868097],[-122.240627,37.868101],[-122.240622,37.868104],[-122.240617,37.868107],[-122.240612,37.86811],[-122.240607,37.868113],[-122.240602,37.868116],[-122.240597,37.868119],[-122.240591,37.868122],[-122.240586,37.868124],[-122.24058,37.868127],[-122.240575,37.868129],[-122.240573,37.86813],[-122.240337,37.867945]]]},"properties":{"APN":"48H-7697-107","SitusAddress":" PANORAMIC WAY OAKLAND 94705"}},{"type":"Feature","geometry":{"type":"Polygon","coordinates":[[[-122.240259,37.867985],[-122.240337,37.867945],[-122.240573,37.86813],[-122.240569,37.868132],[-122.240564,37.868134],[-122.240558,37.868136],[-122.240552,37.868139],[-122.240547,37.868141],[-122.240541,37.868143],[-122.240535,37.868145],[-122.240529,37.868147],[-122.240523,37.868149],[-122.240517,37.86815],[-122.240511,37.868152],[-122.240505,37.868154],[-122.240499,37.868155],[-122.240493,37.868157],[-122.240487,37.868158],[-122.240481,37.868159],[-122.240259,37.867985]]]},"properties":{"APN":"48H-7697-108","SitusAddress":" PANORAMIC WAY OAKLAND 94705"}},{"type":"Feature","geometry":{"type":"Polygon","coordinates":[[[-122.240365,37.868182],[-122.240172,37.868029],[-122.240259,37.867985],[-122.240481,37.868159],[-122.240365,37.868182]]]},"properties":{"APN":"48H-7697-109","SitusAddress":" PANORAMIC WAY OAKLAND 94705"}},{"type":"Feature","geometry":{"type":"Polygon","coordinates":[[[-122.240055,37.868089],[-122.240084,37.868074],[-122.240172,37.868029],[-122.240365,37.868182],[-122.240311,37.868192],[-122.240306,37.868193],[-122.240302,37.868194],[-122.240298,37.868195],[-122.240293,37.868196],[-122.240289,37.868197],[-122.240285,37.868198],[-122.240281,37.8682],[-122.240276,37.868201],[-122.240272,37.868202],[-122.240268,37.868204],[-122.240264,37.868205],[-122.24026,37.868207],[-122.240256,37.868208],[-122.240252,37.86821],[-122.240248,37.868212],[-122.240244,37.868213],[-122.24024,37.868215],[-122.240236,37.868217],[-122.240232,37.868219],[-122.240228,37.868221],[-122.240225,37.868223],[-122.240055,37.868089]]]},"properties":{"APN":"48H-7697-110","SitusAddress":" PANORAMIC WAY OAKLAND 94705"}},{"type":"Feature","geometry":{"type":"Polygon","coordinates":[[[-122.240088,37.868303],[-122.239996,37.868274],[-122.239974,37.868209],[-122.239952,37.868142],[-122.240055,37.868089],[-122.240225,37.868223],[-122.240221,37.868225],[-122.240217,37.868227],[-122.240214,37.868229],[-122.24021,37.868232],[-122.240206,37.868234],[-122.240203,37.868236],[-122.2402,37.868239],[-122.240196,37.868241],[-122.240193,37.868243],[-122.24019,37.868246],[-122.240186,37.868248],[-122.240183,37.868251],[-122.24018,37.868254],[-122.240177,37.868256],[-122.240174,37.868259],[-122.240171,37.868262],[-122.240169,37.868265],[-122.240166,37.868268],[-122.240163,37.86827],[-122.24016,37.868273],[-122.240158,37.868276],[-122.240155,37.868279],[-122.240153,37.868282],[-122.24015,37.868285],[-122.240148,37.868288],[-122.240146,37.868292],[-122.240144,37.868295],[-122.240142,37.868298],[-122.24014,37.868301],[-122.240138,37.868304],[-122.240136,37.868308],[-122.240134,37.868311],[-122.240132,37.868314],[-122.240131,37.868317],[-122.240088,37.868303]]]},"properties":{"APN":"48H-7697-111","SitusAddress":" PANORAMIC WAY OAKLAND 94705"}},{"type":"Feature","geometry":{"type":"Polygon","coordinates":[[[-122.239429,37.868461],[-122.239496,37.868422],[-122.239497,37.868424],[-122.2395,37.868428],[-122.239502,37.868433],[-122.239505,37.868437],[-122.239508,37.868442],[-122.239511,37.868446],[-122.239514,37.86845],[-122.239517,37.868455],[-122.23952,37.868459],[-122.239523,37.868463],[-122.239526,37.868468],[-122.23953,37.868472],[-122.239533,37.868476],[-122.239537,37.86848],[-122.239541,37.868484],[-122.239544,37.868488],[-122.239548,37.868492],[-122.239829,37.868769],[-122.239836,37.868775],[-122.239842,37.868781],[-122.239848,37.868787],[-122.239855,37.868793],[-122.239862,37.868799],[-122.239869,37.868804],[-122.239876,37.86881],[-122.239883,37.868815],[-122.23989,37.868821],[-122.239898,37.868826],[-122.239905,37.868831],[-122.239913,37.868836],[-122.239921,37.868841],[-122.239928,37.868846],[-122.239936,37.86885],[-122.239944,37.868855],[-122.239952,37.868859],[-122.239961,37.868864],[-122.239969,37.868868],[-122.239977,37.868872],[-122.239986,37.868876],[-122.240001,37.868883],[-122.239716,37.868768],[-122.239429,37.868461]]]},"properties":{"APN":"48H-7698-1-1","SitusAddress":"929 PANORAMIC WAY OAKLAND 94704"}},{"type":"Feature","geometry":{"type":"Polygon","coordinates":[[[-122.239264,37.868284],[-122.239445,37.868252],[-122.239477,37.868372],[-122.23948,37.868381],[-122.239481,37.868386],[-122.239483,37.868391],[-122.239485,37.868396],[-122.239486,37.8684],[-122.239488,37.868405],[-122.23949,37.86841],[-122.239493,37.868414],[-122.239495,37.868419],[-122.239496,37.868422],[-122.239429,37.868461],[-122.239264,37.868284]]]},"properties":{"APN":"48H-7698-3","SitusAddress":" PANORAMIC WAY OAKLAND 94705"}},{"type":"Feature","geometry":{"type":"Polygon","coordinates":[[[-122.239161,37.868174],[-122.239419,37.868149],[-122.239419,37.86815],[-122.23942,37.868154],[-122.239421,37.868158],[-122.239421,37.868161],[-122.239422,37.868165],[-122.239423,37.868168],[-122.239445,37.868252],[-122.239264,37.868284],[-122.239161,37.868174]]]},"properties":{"APN":"48H-7698-4","SitusAddress":"959 PANORAMIC WAY OAKLAND 94704"}},{"type":"Feature","geometry":{"type":"Polygon","coordinates":[[[-122.239037,37.868041],[-122.239421,37.868093],[-122.23942,37.868097],[-122.239419,37.8681],[-122.239419,37.868104],[-122.239418,37.868107],[-122.239418,37.868111],[-122.239418,37.868115],[-122.239418,37.868118],[-122.239417,37.868122],[-122.239417,37.868125],[-122.239417,37.868129],[-122.239418,37.868133],[-122.239418,37.868136],[-122.239418,37.86814],[-122.239418,37.868143],[-122.239419,37.868147],[-122.239419,37.868149],[-122.239161,37.868174],[-122.239037,37.868041]]]},"properties":{"APN":"48H-7698-5","SitusAddress":"959 PANORAMIC WAY OAKLAND 94704"}},{"type":"Feature","geometry":{"type":"Polygon","coordinates":[[[-122.239037,37.868041],[-122.238924,37.86792],[-122.23899,37.867857],[-122.239105,37.867902],[-122.239444,37.868035],[-122.239442,37.868038],[-122.23944,37.868042],[-122.239438,37.868045],[-122.239437,37.868048],[-122.239435,37.868052],[-122.239433,37.868055],[-122.239432,37.868058],[-122.23943,37.868062],[-122.239429,37.868065],[-122.239428,37.868069],[-122.239426,37.868072],[-122.239425,37.868076],[-122.239424,37.868079],[-122.239423,37.868083],[-122.239422,37.868086],[-122.239421,37.86809],[-122.239421,37.868093],[-122.239037,37.868041]]]},"properties":{"APN":"48H-7698-6","SitusAddress":"959 PANORAMIC WAY OAKLAND 94704"}},{"type":"Feature","geometry":{"type":"Polygon","coordinates":[[[-122.238555,37.867807],[-122.23894,37.867269],[-122.238942,37.867267],[-122.238942,37.867266],[-122.238943,37.867266],[-122.238944,37.867265],[-122.238945,37.867264],[-122.238946,37.867263],[-122.238947,37.867262],[-122.238948,37.867261],[-122.238949,37.86726],[-122.23895,37.867259],[-122.238951,37.867258],[-122.238952,37.867258],[-122.238953,37.867257],[-122.238955,37.867256],[-122.238956,37.867255],[-122.238957,37.867254],[-122.238958,37.867254],[-122.238959,37.867253],[-122.23896,37.867252],[-122.238962,37.867251],[-122.238963,37.867251],[-122.238964,37.86725],[-122.238965,37.867249],[-122.238967,37.867249],[-122.238968,37.867248],[-122.238969,37.867248],[-122.23897,37.867247],[-122.238972,37.867246],[-122.238973,37.867246],[-122.238974,37.867245],[-122.238976,37.867245],[-122.238977,37.867244],[-122.238979,37.867244],[-122.23898,37.867243],[-122.238981,37.867243],[-122.238983,37.867243],[-122.238984,37.867242],[-122.238986,37.867242],[-122.238987,37.867241],[-122.238988,37.867241],[-122.23899,37.867241],[-122.238991,37.86724],[-122.238993,37.86724],[-122.238994,37.86724],[-122.238996,37.86724],[-122.238997,37.86724],[-122.238999,37.867239],[-122.239,37.867239],[-122.239002,37.867239],[-122.239003,37.867239],[-122.239005,37.867239],[-122.239006,37.867239],[-122.239008,37.867239],[-122.239009,37.867239],[-122.239011,37.867239],[-122.239012,37.867239],[-122.239014,37.867239],[-122.239015,37.867239],[-122.239017,37.867239],[-122.239018,37.867239],[-122.23902,37.867239],[-122.239021,37.867239],[-122.239023,37.867239],[-122.239024,37.867239],[-122.239026,37.867239],[-122.239027,37.86724],[-122.239029,37.86724],[-122.23903,37.86724],[-122.239032,37.86724],[-122.239033,37.867241],[-122.239034,37.867241],[-122.239036,37.867241],[-122.239037,37.867242],[-122.239039,37.867242],[-122.23904,37.867242],[-122.239042,37.867243],[-122.239043,37.867243],[-122.239044,37.867244],[-122.239046,37.867244],[-122.239047,37.867244],[-122.239049,37.867245],[-122.23905,37.867246],[-122.239051,37.867246],[-122.239053,37.867247],[-122.239054,37.867247],[-122.239055,37.867248],[-122.239056,37.867248],[-122.239058,37.867249],[-122.239059,37.86725],[-122.23906,37.86725],[-122.239061,37.867251],[-122.239063,37.867252],[-122.239064,37.867252],[-122.239065,37.867253],[-122.239066,37.867254],[-122.239067,37.867255],[-122.239069,37.867255],[-122.23907,37.867256],[-122.239071,37.867257],[-122.239072,37.867258],[-122.239073,37.867259],[-122.239074,37.86726],[-122.239075,37.86726],[-122.239076,37.867261],[-122.239077,37.867262],[-122.239078,37.867263],[-122.239079,37.867264],[-122.23908,37.867265],[-122.239081,37.867266],[-122.239082,37.867267],[-122.239083,37.867268],[-122.239083,37.867269],[-122.239084,37.86727],[-122.239085,37.867271],[-122.239086,37.867272],[-122.239087,37.867273],[-122.239087,37.867274],[-122.239088,37.867275],[-122.239089,37.867276],[-122.239089,37.867277],[-122.23909,37.867278],[-122.239091,37.867279],[-122.239091,37.86728],[-122.239092,37.867281],[-122.239092,37.867282],[-122.239093,37.867284],[-122.239093,37.867285],[-122.239094,37.867286],[-122.239094,37.867287],[-122.239095,37.867288],[-122.239144,37.86742],[-122.239146,37.867426],[-122.239148,37.867429],[-122.23915,37.867433],[-122.239152,37.867437],[-122.239154,37.86744],[-122.239156,37.867444],[-122.239158,37.867447],[-122.23916,37.867451],[-122.239163,37.867454],[-122.239165,37.867458],[-122.239167,37.867461],[-122.23917,37.867465],[-122.239173,37.867468],[-122.239175,37.867471],[-122.239178,37.867474],[-122.239181,37.867478],[-122.239184,37.867481],[-122.239187,37.867484],[-122.23919,37.867487],[-122.239193,37.86749],[-122.239196,37.867493],[-122.239199,37.867496],[-122.239203,37.867499],[-122.239206,37.867502],[-122.239209,37.867505],[-122.239213,37.867508],[-122.239216,37.86751],[-122.23922,37.867513],[-122.239224,37.867516],[-122.239227,37.867518],[-122.239231,37.867521],[-122.239235,37.867523],[-122.239239,37.867526],[-122.239243,37.867528],[-122.239247,37.86753],[-122.239251,37.867533],[-122.239255,37.867535],[-122.239259,37.867537],[-122.239263,37.867539],[-122.239268,37.867541],[-122.239272,37.867543],[-122.239276,37.867545],[-122.239281,37.867547],[-122.239285,37.867549],[-122.239289,37.867551],[-122.239294,37.867552],[-122.239298,37.867554],[-122.239303,37.867555],[-122.239308,37.867557],[-122.239312,37.867558],[-122.239317,37.86756],[-122.239322,37.867561],[-122.239326,37.867562],[-122.239331,37.867563],[-122.239336,37.867564],[-122.239341,37.867565],[-122.239345,37.867566],[-122.23935,37.867567],[-122.239355,37.867568],[-122.23936,37.867569],[-122.239365,37.86757],[-122.23937,37.86757],[-122.239375,37.867571],[-122.23938,37.867571],[-122.239384,37.867572],[-122.239389,37.867572],[-122.239394,37.867572],[-122.239399,37.867573],[-122.239404,37.867573],[-122.239409,37.867573],[-122.239414,37.867573],[-122.239419,37.867573],[-122.239424,37.867573],[-122.239429,37.867573],[-122.239434,37.867572],[-122.239581,37.867568],[-122.23958,37.867603],[-122.23935,37.867748],[-122.239241,37.867816],[-122.239105,37.867902],[-122.23899,37.867857],[-122.238924,37.86792],[-122.238836,37.867826],[-122.238555,37.867807]]]},"properties":{"APN":"48H-7698-24-2","SitusAddress":"1001 PANORAMIC WAY OAKLAND 94704"}},{"type":"Feature","geometry":{"type":"Polygon","coordinates":[[[-122.23935,37.867748],[-122.23958,37.867603],[-122.239581,37.867568],[-122.240015,37.867557],[-122.240017,37.867557],[-122.240019,37.867557],[-122.24002,37.867557],[-122.240022,37.867557],[-122.240023,37.867557],[-122.240025,37.867557],[-122.240026,37.867557],[-122.240028,37.867558],[-122.240029,37.867558],[-122.240031,37.867558],[-122.240032,37.867558],[-122.240034,37.867559],[-122.240035,37.867559],[-122.240037,37.867559],[-122.240038,37.86756],[-122.24004,37.86756],[-122.240041,37.86756],[-122.240042,37.867561],[-122.240044,37.867561],[-122.240045,37.867562],[-122.240047,37.867562],[-122.240048,37.867563],[-122.240049,37.867563],[-122.240051,37.867564],[-122.240052,37.867564],[-122.240054,37.867565],[-122.240055,37.867565],[-122.240056,37.867566],[-122.240058,37.867567],[-122.240059,37.867567],[-122.24006,37.867568],[-122.240061,37.867569],[-122.240063,37.867569],[-122.240064,37.86757],[-122.240065,37.867571],[-122.240066,37.867571],[-122.240067,37.867572],[-122.240069,37.867573],[-122.24007,37.867574],[-122.240071,37.867575],[-122.240072,37.867575],[-122.240073,37.867576],[-122.240074,37.867577],[-122.240075,37.867578],[-122.240076,37.867579],[-122.240077,37.86758],[-122.240078,37.867581],[-122.240079,37.867582],[-122.24008,37.867582],[-122.240081,37.867583],[-122.240082,37.867584],[-122.240083,37.867585],[-122.240084,37.867586],[-122.240085,37.867587],[-122.240086,37.867588],[-122.240087,37.867589],[-122.240087,37.86759],[-122.240088,37.867591],[-122.240089,37.867592],[-122.24009,37.867594],[-122.24009,37.867595],[-122.240091,37.867596],[-122.240092,37.867597],[-122.240092,37.867598],[-122.240093,37.867599],[-122.240093,37.8676],[-122.240094,37.867601],[-122.240094,37.867602],[-122.240095,37.867604],[-122.240095,37.867605],[-122.240096,37.867606],[-122.240096,37.867607],[-122.240097,37.867608],[-122.240097,37.867609],[-122.240097,37.867611],[-122.240098,37.867612],[-122.240098,37.867613],[-122.240098,37.867614],[-122.240099,37.867615],[-122.240099,37.867616],[-122.240099,37.867618],[-122.240099,37.867619],[-122.240099,37.86762],[-122.240099,37.867621],[-122.240099,37.867622],[-122.2401,37.867624],[-122.2401,37.867625],[-122.2401,37.867626],[-122.2401,37.867627],[-122.2401,37.867629],[-122.240099,37.86763],[-122.240099,37.867631],[-122.240099,37.867632],[-122.240099,37.867633],[-122.240099,37.867635],[-122.240099,37.867636],[-122.240098,37.867637],[-122.240098,37.867638],[-122.240098,37.867639],[-122.240098,37.867641],[-122.240097,37.867642],[-122.240097,37.867643],[-122.240096,37.867644],[-122.240096,37.867645],[-122.240096,37.867646],[-122.240095,37.867647],[-122.240095,37.867649],[-122.240094,37.86765],[-122.240094,37.867651],[-122.240093,37.867652],[-122.240092,37.867653],[-122.240092,37.867654],[-122.240091,37.867655],[-122.240091,37.867656],[-122.24009,37.867658],[-122.240089,37.867659],[-122.240088,37.86766],[-122.240088,37.867661],[-122.240087,37.867662],[-122.240086,37.867663],[-122.240085,37.867664],[-122.240084,37.867665],[-122.240084,37.867666],[-122.240083,37.867667],[-122.240082,37.867668],[-122.240081,37.867669],[-122.24008,37.86767],[-122.240079,37.867671],[-122.240078,37.867671],[-122.240077,37.867672],[-122.240076,37.867673],[-122.240075,37.867674],[-122.240074,37.867675],[-122.240073,37.867676],[-122.240072,37.867677],[-122.24007,37.867677],[-122.240069,37.867678],[-122.240068,37.867679],[-122.240067,37.86768],[-122.240066,37.867681],[-122.240064,37.867681],[-122.240063,37.867682],[-122.240062,37.867683],[-122.240061,37.867683],[-122.240059,37.867684],[-122.240058,37.867685],[-122.23955,37.867946],[-122.23935,37.867748]]]},"properties":{"APN":"48H-7698-24-3","SitusAddress":"999 PANORAMIC WAY OAKLAND 94704"}},{"type":"Feature","geometry":{"type":"Polygon","coordinates":[[[-122.239241,37.867816],[-122.23935,37.867748],[-122.23955,37.867946],[-122.239536,37.867953],[-122.239529,37.867957],[-122.239525,37.867959],[-122.239521,37.867961],[-122.239518,37.867963],[-122.239514,37.867965],[-122.239511,37.867968],[-122.239507,37.86797],[-122.239504,37.867972],[-122.239501,37.867975],[-122.239497,37.867977],[-122.239494,37.86798],[-122.239491,37.867982],[-122.239488,37.867985],[-122.239485,37.867988],[-122.239483,37.867989],[-122.239241,37.867816]]]},"properties":{"APN":"48H-7698-25","SitusAddress":"959 PANORAMIC WAY OAKLAND 94704"}},{"type":"Feature","geometry":{"type":"Polygon","coordinates":[[[-122.239105,37.867902],[-122.239241,37.867816],[-122.239483,37.867989],[-122.239482,37.86799],[-122.239479,37.867993],[-122.239476,37.867996],[-122.239473,37.867999],[-122.23947,37.868001],[-122.239467,37.868004],[-122.239465,37.868007],[-122.239462,37.86801],[-122.23946,37.868013],[-122.239457,37.868016],[-122.239455,37.868019],[-122.239453,37.868022],[-122.23945,37.868026],[-122.239448,37.868029],[-122.239446,37.868032],[-122.239444,37.868035],[-122.239105,37.867902]]]},"properties":{"APN":"48H-7698-26","SitusAddress":"959 PANORAMIC WAY OAKLAND 94704"}},{"type":"Feature","geometry":{"type":"Polygon","coordinates":[[[-122.24174,37.86646],[-122.242086,37.86644],[-122.24209,37.866483],[-122.242074,37.866485],[-122.242055,37.866488],[-122.242035,37.866492],[-122.242016,37.866495],[-122.241997,37.866499],[-122.241978,37.866504],[-122.241959,37.866508],[-122.24194,37.866513],[-122.241921,37.866518],[-122.241902,37.866523],[-122.241884,37.866529],[-122.241865,37.866534],[-122.241847,37.86654],[-122.241829,37.866547],[-122.241811,37.866553],[-122.241793,37.86656],[-122.241775,37.866567],[-122.241757,37.866574],[-122.241751,37.866577],[-122.24174,37.86646]]]},"properties":{"APN":"48H-7699-1","SitusAddress":" PANORAMIC WAY OAKLAND 94705"}},{"type":"Feature","geometry":{"type":"Polygon","coordinates":[[[-122.241533,37.866472],[-122.24174,37.86646],[-122.241751,37.866577],[-122.24174,37.866582],[-122.241723,37.866589],[-122.241705,37.866597],[-122.241689,37.866606],[-122.241672,37.866614],[-122.241655,37.866623],[-122.24164,37.866631],[-122.24163,37.866636],[-122.241621,37.86664],[-122.241611,37.866645],[-122.241601,37.866649],[-122.241592,37.866654],[-122.241582,37.866658],[-122.241572,37.866662],[-122.241561,37.866666],[-122.241551,37.866669],[-122.241533,37.866472]]]},"properties":{"APN":"48H-7699-2","SitusAddress":" PANORAMIC WAY OAKLAND 94705"}},{"type":"Feature","geometry":{"type":"Polygon","coordinates":[[[-122.241429,37.866478],[-122.241533,37.866472],[-122.241551,37.866669],[-122.241541,37.866673],[-122.241531,37.866676],[-122.24152,37.866679],[-122.24151,37.866683],[-122.241499,37.866686],[-122.241488,37.866688],[-122.241478,37.866691],[-122.241467,37.866694],[-122.241456,37.866696],[-122.241449,37.866697],[-122.241429,37.866478]]]},"properties":{"APN":"48H-7699-3","SitusAddress":" PANORAMIC WAY OAKLAND 94705"}},{"type":"Feature","geometry":{"type":"Polygon","coordinates":[[[-122.241343,37.866483],[-122.241429,37.866478],[-122.241449,37.866697],[-122.241445,37.866698],[-122.241434,37.8667],[-122.241423,37.866702],[-122.241412,37.866704],[-122.241401,37.866706],[-122.24139,37.866707],[-122.241379,37.866709],[-122.241368,37.86671],[-122.241364,37.86671],[-122.241343,37.866483]]]},"properties":{"APN":"48H-7699-4","SitusAddress":" STATE PL OAKLAND 94704"}},{"type":"Feature","geometry":{"type":"Polygon","coordinates":[[[-122.241343,37.866483],[-122.241364,37.86671],[-122.241357,37.866711],[-122.241346,37.866712],[-122.241334,37.866712],[-122.241323,37.866713],[-122.241312,37.866713],[-122.241301,37.866714],[-122.24129,37.866714],[-122.241278,37.866714],[-122.241277,37.866714],[-122.241256,37.866487],[-122.241343,37.866483]]]},"properties":{"APN":"48H-7699-5","SitusAddress":" STATE PL OAKLAND 94704"}},{"type":"Feature","geometry":{"type":"Polygon","coordinates":[[[-122.241189,37.866707],[-122.24117,37.866492],[-122.241256,37.866487],[-122.241277,37.866714],[-122.241267,37.866713],[-122.241256,37.866713],[-122.241245,37.866712],[-122.241233,37.866712],[-122.241222,37.866711],[-122.241211,37.86671],[-122.2412,37.866709],[-122.241189,37.866707]]]},"properties":{"APN":"48H-7699-6","SitusAddress":" STATE PL OAKLAND 94704"}},{"type":"Feature","geometry":{"type":"Polygon","coordinates":[[[-122.241101,37.866691],[-122.241084,37.866497],[-122.24117,37.866492],[-122.241189,37.866707],[-122.241178,37.866706],[-122.241167,37.866704],[-122.241156,37.866703],[-122.241145,37.866701],[-122.241134,37.866699],[-122.241123,37.866696],[-122.241112,37.866694],[-122.241101,37.866691]]]},"properties":{"APN":"48H-7699-7","SitusAddress":" STATE PL OAKLAND 94704"}},{"type":"Feature","geometry":{"type":"Polygon","coordinates":[[[-122.240918,37.866507],[-122.241084,37.866497],[-122.241101,37.866691],[-122.241097,37.86669],[-122.241092,37.866689],[-122.241088,37.866688],[-122.241084,37.866686],[-122.24108,37.866685],[-122.241075,37.866684],[-122.241071,37.866682],[-122.241067,37.866681],[-122.241063,37.866679],[-122.241059,37.866677],[-122.241055,37.866675],[-122.241051,37.866674],[-122.241047,37.866672],[-122.241043,37.86667],[-122.241039,37.866668],[-122.241035,37.866666],[-122.241031,37.866664],[-122.241027,37.866662],[-122.241024,37.86666],[-122.24102,37.866657],[-122.241016,37.866655],[-122.241013,37.866653],[-122.241009,37.86665],[-122.241006,37.866648],[-122.241002,37.866645],[-122.240999,37.866643],[-122.240996,37.86664],[-122.240992,37.866638],[-122.240989,37.866635],[-122.240986,37.866632],[-122.240983,37.86663],[-122.24098,37.866627],[-122.240977,37.866624],[-122.240974,37.866621],[-122.240971,37.866618],[-122.240969,37.866615],[-122.240966,37.866612],[-122.240963,37.866609],[-122.240961,37.866606],[-122.240958,37.866603],[-122.240956,37.8666],[-122.240953,37.866597],[-122.240951,37.866594],[-122.240949,37.866591],[-122.240947,37.866587],[-122.240945,37.866584],[-122.240943,37.866581],[-122.240941,37.866577],[-122.240939,37.866574],[-122.240937,37.866571],[-122.240936,37.866567],[-122.240934,37.866564],[-122.240932,37.86656],[-122.240931,37.866557],[-122.240929,37.866553],[-122.240928,37.86655],[-122.240927,37.866546],[-122.240926,37.866543],[-122.240925,37.866539],[-122.240924,37.866536],[-122.240923,37.866532],[-122.240922,37.866529],[-122.240921,37.866525],[-122.24092,37.866521],[-122.24092,37.866518],[-122.240919,37.866514],[-122.240919,37.86651],[-122.240918,37.866507]]]},"properties":{"APN":"48H-7699-8","SitusAddress":" STATE PL OAKLAND 94704"}},{"type":"Feature","geometry":{"type":"Polygon","coordinates":[[[-122.242086,37.86644],[-122.242661,37.866407],[-122.242655,37.866411],[-122.242648,37.866414],[-122.242642,37.866417],[-122.242635,37.86642],[-122.242629,37.866423],[-122.242622,37.866426],[-122.242615,37.866428],[-122.242608,37.866431],[-122.242601,37.866434],[-122.242594,37.866436],[-122.242587,37.866439],[-122.24258,37.866441],[-122.242573,37.866443],[-122.242566,37.866445],[-122.242559,37.866447],[-122.242552,37.866449],[-122.242544,37.866451],[-122.242537,37.866452],[-122.24253,37.866454],[-122.242522,37.866455],[-122.242515,37.866457],[-122.242507,37.866458],[-122.2425,37.866459],[-122.242492,37.86646],[-122.242485,37.866461],[-122.242477,37.866462],[-122.24247,37.866463],[-122.242462,37.866464],[-122.242455,37.866464],[-122.242447,37.866464],[-122.242434,37.866465],[-122.242261,37.866469],[-122.242232,37.86647],[-122.242212,37.866471],[-122.242192,37.866472],[-122.242172,37.866474],[-122.242152,37.866475],[-122.242133,37.866477],[-122.242113,37.86648],[-122.242094,37.866482],[-122.24209,37.866483],[-122.242086,37.86644]]]},"properties":{"APN":"48H-7699-9","SitusAddress":" STATE PL OAKLAND 94704"}},{"type":"Feature","geometry":{"type":"Polygon","coordinates":[[[-122.24379,37.867362],[-122.24384,37.867245],[-122.24387,37.867175],[-122.243875,37.867162],[-122.244204,37.86725],[-122.244166,37.867339],[-122.244165,37.867341],[-122.244164,37.867342],[-122.244164,37.867343],[-122.244163,37.867345],[-122.244162,37.867346],[-122.244162,37.867347],[-122.244161,37.867348],[-122.24416,37.867349],[-122.244159,37.86735],[-122.244158,37.867351],[-122.244157,37.867352],[-122.244156,37.867353],[-122.244155,37.867354],[-122.244153,37.867355],[-122.244152,37.867356],[-122.244151,37.867357],[-122.24415,37.867358],[-122.244149,37.867358],[-122.244147,37.867359],[-122.244146,37.86736],[-122.244145,37.867361],[-122.244143,37.867361],[-122.244142,37.867362],[-122.244141,37.867362],[-122.244139,37.867363],[-122.244138,37.867364],[-122.244137,37.867364],[-122.244135,37.867365],[-122.244134,37.867365],[-122.244132,37.867365],[-122.244131,37.867366],[-122.244129,37.867366],[-122.244128,37.867366],[-122.244126,37.867367],[-122.244124,37.867367],[-122.244123,37.867367],[-122.244121,37.867367],[-122.244119,37.867367],[-122.244118,37.867367],[-122.244116,37.867367],[-122.24379,37.867362]]]},"properties":{"APN":"48H-7700-1-1","SitusAddress":"571 DWIGHT PL OAKLAND 94704"}},{"type":"Feature","geometry":{"type":"Polygon","coordinates":[[[-122.24345,37.867304],[-122.243512,37.867158],[-122.24384,37.867245],[-122.24379,37.867362],[-122.243498,37.867358],[-122.243496,37.867358],[-122.243494,37.867358],[-122.243493,37.867358],[-122.243492,37.867358],[-122.24349,37.867357],[-122.243488,37.867357],[-122.243486,37.867357],[-122.243485,37.867356],[-122.243483,37.867356],[-122.243481,37.867355],[-122.243479,37.867355],[-122.243478,37.867355],[-122.243477,37.867354],[-122.243475,37.867353],[-122.243474,37.867353],[-122.243472,37.867352],[-122.243471,37.867352],[-122.24347,37.867351],[-122.243468,37.86735],[-122.243467,37.867349],[-122.243466,37.867348],[-122.243464,37.867347],[-122.243463,37.867346],[-122.243462,37.867345],[-122.243461,37.867345],[-122.24346,37.867344],[-122.243459,37.867343],[-122.243458,37.867342],[-122.243457,37.867341],[-122.243456,37.86734],[-122.243455,37.867339],[-122.243454,37.867338],[-122.243454,37.867337],[-122.243453,37.867335],[-122.243452,37.867334],[-122.243451,37.867333],[-122.243451,37.867332],[-122.24345,37.867331],[-122.24345,37.867329],[-122.243449,37.867328],[-122.243449,37.867327],[-122.243448,37.867325],[-122.243448,37.867324],[-122.243448,37.867323],[-122.243447,37.867322],[-122.243447,37.86732],[-122.243447,37.867319],[-122.243447,37.867318],[-122.243447,37.867317],[-122.243447,37.867315],[-122.243447,37.867314],[-122.243447,37.867313],[-122.243447,37.867312],[-122.243448,37.867311],[-122.243448,37.86731],[-122.243448,37.867308],[-122.243449,37.867307],[-122.243449,37.867306],[-122.243449,37.867305],[-122.24345,37.867304]]]},"properties":{"APN":"48H-7700-3-1","SitusAddress":"595 DWIGHT PL OAKLAND 94704"}},{"type":"Feature","geometry":{"type":"Polygon","coordinates":[[[-122.243512,37.867158],[-122.243527,37.867121],[-122.243595,37.866963],[-122.24365,37.866832],[-122.243957,37.866914],[-122.243978,37.86692],[-122.243931,37.867032],[-122.24392,37.867057],[-122.243883,37.867144],[-122.243875,37.867162],[-122.24387,37.867175],[-122.24384,37.867245],[-122.243512,37.867158]]]},"properties":{"APN":"48H-7700-7-2","SitusAddress":"3527 DWIGHT WAY OAKLAND 94704"}},{"type":"Feature","geometry":{"type":"Polygon","coordinates":[[[-122.24365,37.866832],[-122.24376,37.866572],[-122.244089,37.86666],[-122.244087,37.866664],[-122.244069,37.866707],[-122.244041,37.866772],[-122.243986,37.866902],[-122.243978,37.86692],[-122.243957,37.866914],[-122.24365,37.866832]]]},"properties":{"APN":"48H-7700-12-2","SitusAddress":"3541 DWIGHT WAY OAKLAND 94704"}},{"type":"Feature","geometry":{"type":"Polygon","coordinates":[[[-122.24376,37.866572],[-122.243791,37.866501],[-122.243795,37.866489],[-122.243798,37.866482],[-122.2438,37.866475],[-122.243803,37.866468],[-122.243805,37.866461],[-122.243807,37.866454],[-122.243808,37.866447],[-122.24381,37.86644],[-122.243811,37.866433],[-122.243813,37.866426],[-122.243814,37.866419],[-122.243815,37.866412],[-122.243816,37.866404],[-122.243816,37.866397],[-122.243817,37.86639],[-122.243817,37.866383],[-122.243818,37.866376],[-122.243818,37.866369],[-122.244282,37.866342],[-122.24429,37.866438],[-122.244262,37.866468],[-122.244207,37.866526],[-122.244151,37.866584],[-122.244096,37.866641],[-122.244089,37.86666],[-122.24376,37.866572]]]},"properties":{"APN":"48H-7700-16-1","SitusAddress":"3555 DWIGHT WAY OAKLAND 94704"}},{"type":"Feature","geometry":{"type":"Polygon","coordinates":[[[-122.244262,37.866468],[-122.24429,37.866438],[-122.244282,37.866342],[-122.244801,37.866313],[-122.244808,37.866401],[-122.244806,37.866402],[-122.244804,37.866403],[-122.244803,37.866404],[-122.244801,37.866404],[-122.244799,37.866405],[-122.244798,37.866406],[-122.244796,37.866407],[-122.244795,37.866408],[-122.244794,37.866409],[-122.244792,37.866409],[-122.244791,37.86641],[-122.244789,37.866411],[-122.244788,37.866412],[-122.244787,37.866413],[-122.244785,37.866414],[-122.244784,37.866415],[-122.244783,37.866416],[-122.244781,37.866417],[-122.24478,37.866418],[-122.244779,37.866419],[-122.244778,37.86642],[-122.244776,37.866421],[-122.244775,37.866422],[-122.244774,37.866424],[-122.244773,37.866425],[-122.244772,37.866426],[-122.244771,37.866427],[-122.24477,37.866428],[-122.244769,37.866429],[-122.244768,37.866431],[-122.244767,37.866432],[-122.244766,37.866433],[-122.244765,37.866434],[-122.244764,37.866436],[-122.244763,37.866437],[-122.244763,37.866438],[-122.244762,37.866439],[-122.244761,37.866441],[-122.24476,37.866442],[-122.24476,37.866443],[-122.244759,37.866445],[-122.244758,37.866446],[-122.244758,37.866447],[-122.244757,37.866449],[-122.244757,37.86645],[-122.244756,37.866452],[-122.244756,37.866453],[-122.244755,37.866454],[-122.244755,37.866456],[-122.244754,37.866457],[-122.244754,37.866459],[-122.244754,37.86646],[-122.244753,37.866461],[-122.244753,37.866463],[-122.244753,37.866464],[-122.244753,37.866466],[-122.244753,37.866467],[-122.244752,37.866469],[-122.244752,37.86647],[-122.244752,37.866471],[-122.244752,37.866473],[-122.244752,37.866474],[-122.244752,37.866476],[-122.244752,37.866477],[-122.244752,37.866479],[-122.244752,37.86648],[-122.244753,37.866481],[-122.244753,37.866483],[-122.244753,37.866484],[-122.244753,37.866486],[-122.244753,37.866487],[-122.244754,37.866489],[-122.244754,37.86649],[-122.244754,37.866491],[-122.244755,37.866493],[-122.244755,37.866494],[-122.244756,37.866496],[-122.244756,37.866497],[-122.244757,37.866498],[-122.244757,37.8665],[-122.244758,37.866501],[-122.244758,37.866502],[-122.244759,37.866504],[-122.24476,37.866505],[-122.24476,37.866507],[-122.244761,37.866508],[-122.244762,37.866509],[-122.244758,37.866519],[-122.244755,37.866525],[-122.244753,37.866531],[-122.24475,37.866536],[-122.244747,37.866542],[-122.244744,37.866547],[-122.244741,37.866553],[-122.244738,37.866559],[-122.244735,37.866564],[-122.244731,37.866569],[-122.244728,37.866575],[-122.244724,37.86658],[-122.24472,37.866585],[-122.244717,37.86659],[-122.244262,37.866468]]]},"properties":{"APN":"48H-7700-19-1","SitusAddress":"511 DWIGHT PL OAKLAND 94704"}},{"type":"Feature","geometry":{"type":"Polygon","coordinates":[[[-122.244662,37.866648],[-122.244207,37.866526],[-122.244262,37.866468],[-122.244717,37.86659],[-122.244717,37.86659],[-122.244713,37.866596],[-122.244708,37.866601],[-122.244704,37.866606],[-122.2447,37.866611],[-122.244695,37.866616],[-122.244691,37.86662],[-122.244686,37.866625],[-122.244681,37.86663],[-122.244677,37.866635],[-122.244672,37.866639],[-122.244667,37.866644],[-122.244662,37.866648]]]},"properties":{"APN":"48H-7700-20","SitusAddress":" DWIGHT PL OAKLAND 94705"}},{"type":"Feature","geometry":{"type":"Polygon","coordinates":[[[-122.244069,37.866707],[-122.244087,37.866664],[-122.244089,37.86666],[-122.244096,37.866641],[-122.244151,37.866584],[-122.244207,37.866526],[-122.244662,37.866648],[-122.244633,37.86667],[-122.244602,37.86669],[-122.244568,37.866708],[-122.244533,37.866723],[-122.244499,37.866738],[-122.244468,37.866756],[-122.24444,37.866776],[-122.244415,37.866799],[-122.244415,37.866799],[-122.244119,37.86672],[-122.244069,37.866707]]]},"properties":{"APN":"48H-7700-23-2","SitusAddress":"545 DWIGHT PL OAKLAND 94704"}},{"type":"Feature","geometry":{"type":"Polygon","coordinates":[[[-122.243986,37.866902],[-122.244041,37.866772],[-122.244069,37.866707],[-122.244119,37.86672],[-122.244415,37.866799],[-122.244415,37.866799],[-122.244414,37.8668],[-122.24441,37.866803],[-122.244407,37.866807],[-122.244404,37.866811],[-122.2444,37.866815],[-122.244397,37.866819],[-122.244394,37.866823],[-122.244391,37.866827],[-122.244388,37.866831],[-122.244385,37.866835],[-122.244382,37.866839],[-122.24438,37.866843],[-122.244377,37.866847],[-122.244375,37.866851],[-122.244372,37.866855],[-122.24437,37.86686],[-122.244368,37.866864],[-122.244366,37.866868],[-122.244364,37.866873],[-122.244362,37.866877],[-122.244314,37.866989],[-122.243986,37.866902]]]},"properties":{"APN":"48H-7700-25-4","SitusAddress":"545 DWIGHT PL OAKLAND 94704"}},{"type":"Feature","geometry":{"type":"Polygon","coordinates":[[[-122.243978,37.86692],[-122.243986,37.866902],[-122.244314,37.866989],[-122.244259,37.867119],[-122.243931,37.867032],[-122.243978,37.86692]]]},"properties":{"APN":"48H-7700-28-1","SitusAddress":"549 DWIGHT PL OAKLAND 94704"}},{"type":"Feature","geometry":{"type":"Polygon","coordinates":[[[-122.24392,37.867057],[-122.243931,37.867032],[-122.244259,37.867119],[-122.244204,37.86725],[-122.243875,37.867162],[-122.243883,37.867144],[-122.24392,37.867057]]]},"properties":{"APN":"48H-7700-30-1","SitusAddress":"555 DWIGHT PL OAKLAND 94704"}},{"type":"Feature","geometry":{"type":"Polygon","coordinates":[[[-122.244789,37.868288],[-122.2448,37.868008],[-122.244974,37.868085],[-122.244998,37.868293],[-122.244789,37.868288]]]},"properties":{"APN":"48H-7701-1","SitusAddress":"3303 DWIGHT WAY OAKLAND 94704"}},{"type":"Feature","geometry":{"type":"Polygon","coordinates":[[[-122.244616,37.868284],[-122.244628,37.867981],[-122.244704,37.867964],[-122.244706,37.867965],[-122.24471,37.867968],[-122.2448,37.868008],[-122.244789,37.868288],[-122.244616,37.868284]]]},"properties":{"APN":"48H-7701-2","SitusAddress":"3315 DWIGHT WAY OAKLAND 94704"}},{"type":"Feature","geometry":{"type":"Polygon","coordinates":[[[-122.244437,37.868278],[-122.244462,37.867992],[-122.24454,37.868002],[-122.244628,37.867981],[-122.244616,37.868284],[-122.244502,37.868281],[-122.244472,37.86828],[-122.244443,37.868279],[-122.244437,37.868278]]]},"properties":{"APN":"48H-7701-4-1","SitusAddress":"3323 DWIGHT WAY OAKLAND 94704"}},{"type":"Feature","geometry":{"type":"Polygon","coordinates":[[[-122.244347,37.868271],[-122.244393,37.867983],[-122.244462,37.867992],[-122.244437,37.868278],[-122.244414,37.868277],[-122.244385,37.868275],[-122.244356,37.868272],[-122.244347,37.868271]]]},"properties":{"APN":"48H-7701-5","SitusAddress":"3333 DWIGHT WAY OAKLAND 94704"}},{"type":"Feature","geometry":{"type":"Polygon","coordinates":[[[-122.244258,37.868261],[-122.244323,37.867974],[-122.244393,37.867983],[-122.244347,37.868271],[-122.244327,37.868269],[-122.244298,37.868266],[-122.244269,37.868262],[-122.244258,37.868261]]]},"properties":{"APN":"48H-7701-6","SitusAddress":"3333 DWIGHT WAY OAKLAND 94704"}},{"type":"Feature","geometry":{"type":"Polygon","coordinates":[[[-122.244216,37.867876],[-122.244254,37.867965],[-122.244323,37.867974],[-122.244258,37.868261],[-122.24424,37.868258],[-122.244211,37.868253],[-122.244183,37.868248],[-122.244154,37.868243],[-122.244126,37.868237],[-122.244098,37.868231],[-122.244086,37.868229],[-122.244216,37.867876]]]},"properties":{"APN":"48H-7701-7-1","SitusAddress":"3333 DWIGHT WAY OAKLAND 94704"}},{"type":"Feature","geometry":{"type":"Polygon","coordinates":[[[-122.243836,37.868163],[-122.243983,37.867855],[-122.244022,37.867858],[-122.244216,37.867876],[-122.244086,37.868229],[-122.24407,37.868225],[-122.24402,37.868212],[-122.243836,37.868163]]]},"properties":{"APN":"48H-7701-7-7","SitusAddress":"3341 DWIGHT WAY OAKLAND 94704"}},{"type":"Feature","geometry":{"type":"Polygon","coordinates":[[[-122.243736,37.867499],[-122.243662,37.867606],[-122.24373,37.867766],[-122.243574,37.868065],[-122.243576,37.868075],[-122.243585,37.868141],[-122.243574,37.868142],[-122.243564,37.868143],[-122.243554,37.868144],[-122.243544,37.868146],[-122.243533,37.868147],[-122.243523,37.868149],[-122.243513,37.868151],[-122.243503,37.868153],[-122.243493,37.868155],[-122.243483,37.868157],[-122.243473,37.868159],[-122.243463,37.868162],[-122.243454,37.868164],[-122.243444,37.868167],[-122.243434,37.86817],[-122.243419,37.868175],[-122.243162,37.86826],[-122.243161,37.86826],[-122.24316,37.86826],[-122.243159,37.868261],[-122.243157,37.868261],[-122.243156,37.868261],[-122.243154,37.868261],[-122.243153,37.868261],[-122.243151,37.868262],[-122.24315,37.868262],[-122.243149,37.868262],[-122.243148,37.868262],[-122.243146,37.868262],[-122.243145,37.868261],[-122.243143,37.868261],[-122.243141,37.868261],[-122.24314,37.868261],[-122.243139,37.86826],[-122.243137,37.86826],[-122.243135,37.868259],[-122.243134,37.868259],[-122.243133,37.868258],[-122.243132,37.868258],[-122.24313,37.868257],[-122.243129,37.868257],[-122.243128,37.868256],[-122.243127,37.868255],[-122.243126,37.868255],[-122.243125,37.868254],[-122.243124,37.868253],[-122.243123,37.868252],[-122.243122,37.868252],[-122.243122,37.868251],[-122.243121,37.86825],[-122.24312,37.868249],[-122.24312,37.868249],[-122.243119,37.868248],[-122.243118,37.868247],[-122.243117,37.868245],[-122.243117,37.868244],[-122.243116,37.868243],[-122.243116,37.868242],[-122.243116,37.868241],[-122.243115,37.86824],[-122.243115,37.868239],[-122.243115,37.868237],[-122.243115,37.868236],[-122.243114,37.868235],[-122.243114,37.868234],[-122.243114,37.868234],[-122.243114,37.868233],[-122.243115,37.868232],[-122.243115,37.86823],[-122.243115,37.868229],[-122.243115,37.868228],[-122.243115,37.868227],[-122.243116,37.868226],[-122.243116,37.868225],[-122.243117,37.868223],[-122.243339,37.867798],[-122.243344,37.867788],[-122.243349,37.867778],[-122.243353,37.867768],[-122.243357,37.867758],[-122.243362,37.867748],[-122.243365,37.867738],[-122.243369,37.867728],[-122.243372,37.867718],[-122.243376,37.867708],[-122.243381,37.867688],[-122.243382,37.867684],[-122.243383,37.86768],[-122.243385,37.867676],[-122.243386,37.867672],[-122.243388,37.867668],[-122.243389,37.867664],[-122.243391,37.86766],[-122.243392,37.867656],[-122.243394,37.867652],[-122.243396,37.867649],[-122.243398,37.867645],[-122.2434,37.867641],[-122.243402,37.867637],[-122.243404,37.867633],[-122.243407,37.86763],[-122.243409,37.867626],[-122.243412,37.867622],[-122.243414,37.867619],[-122.243417,37.867615],[-122.243419,37.867611],[-122.243422,37.867608],[-122.243425,37.867604],[-122.243428,37.867601],[-122.243431,37.867598],[-122.243434,37.867594],[-122.243437,37.867591],[-122.24344,37.867588],[-122.243444,37.867584],[-122.243447,37.867581],[-122.243451,37.867578],[-122.243454,37.867575],[-122.243458,37.867572],[-122.243461,37.867569],[-122.243465,37.867566],[-122.243469,37.867563],[-122.243473,37.86756],[-122.243477,37.867558],[-122.24348,37.867555],[-122.243484,37.867552],[-122.243489,37.86755],[-122.243493,37.867547],[-122.243497,37.867545],[-122.243501,37.867542],[-122.243505,37.86754],[-122.24351,37.867537],[-122.243514,37.867535],[-122.243519,37.867533],[-122.243523,37.867531],[-122.243528,37.867529],[-122.243532,37.867527],[-122.243537,37.867525],[-122.243541,37.867523],[-122.243546,37.867521],[-122.243551,37.867519],[-122.243556,37.867518],[-122.243561,37.867516],[-122.243565,37.867515],[-122.24357,37.867513],[-122.243575,37.867512],[-122.24358,37.86751],[-122.243585,37.867509],[-122.24359,37.867508],[-122.243595,37.867507],[-122.2436,37.867506],[-122.243605,37.867505],[-122.24361,37.867504],[-122.243616,37.867503],[-122.243621,37.867502],[-122.243626,37.867501],[-122.243631,37.867501],[-122.243636,37.8675],[-122.243641,37.8675],[-122.243647,37.867499],[-122.243652,37.867499],[-122.243657,37.867498],[-122.243662,37.867498],[-122.243667,37.867498],[-122.243673,37.867498],[-122.243681,37.867498],[-122.243736,37.867499]]]},"properties":{"APN":"48H-7701-7-12","SitusAddress":"3367 DWIGHT WAY OAKLAND 94704"}},{"type":"Feature","geometry":{"type":"Polygon","coordinates":[[[-122.243585,37.868141],[-122.243576,37.868075],[-122.243771,37.867798],[-122.243983,37.867855],[-122.243836,37.868163],[-122.243827,37.86816],[-122.243817,37.868158],[-122.243807,37.868156],[-122.243797,37.868154],[-122.243787,37.868152],[-122.243777,37.86815],[-122.243767,37.868148],[-122.243756,37.868147],[-122.243746,37.868145],[-122.243736,37.868144],[-122.243726,37.868143],[-122.243715,37.868142],[-122.243705,37.868141],[-122.243695,37.86814],[-122.243685,37.868139],[-122.243674,37.868139],[-122.243664,37.868139],[-122.243653,37.868139],[-122.243643,37.868138],[-122.243633,37.868139],[-122.243622,37.868139],[-122.243612,37.868139],[-122.243602,37.86814],[-122.243585,37.868141]]]},"properties":{"APN":"48H-7701-7-13","SitusAddress":"3343 DWIGHT WAY OAKLAND 94704"}},{"type":"Feature","geometry":{"type":"Polygon","coordinates":[[[-122.243574,37.868065],[-122.24373,37.867766],[-122.243662,37.867606],[-122.243736,37.867499],[-122.24403,37.867503],[-122.244022,37.867858],[-122.243983,37.867855],[-122.243771,37.867798],[-122.243576,37.868075],[-122.243574,37.868065]]]},"properties":{"APN":"48H-7701-8-4","SitusAddress":"572 DWIGHT PL OAKLAND 94704"}},{"type":"Feature","geometry":{"type":"Polygon","coordinates":[[[-122.244022,37.867858],[-122.24403,37.867503],[-122.244112,37.867505],[-122.244116,37.867505],[-122.24412,37.867505],[-122.244124,37.867505],[-122.244128,37.867504],[-122.244132,37.867504],[-122.244136,37.867504],[-122.24414,37.867504],[-122.244143,37.867503],[-122.244147,37.867503],[-122.244151,37.867503],[-122.244155,37.867502],[-122.244159,37.867501],[-122.244163,37.867501],[-122.244167,37.8675],[-122.24417,37.867499],[-122.244174,37.867499],[-122.244178,37.867498],[-122.244181,37.867497],[-122.244184,37.867497],[-122.244185,37.867497],[-122.244286,37.867747],[-122.24423,37.86785],[-122.244216,37.867875],[-122.244216,37.867876],[-122.244022,37.867858]]]},"properties":{"APN":"48H-7701-10-1","SitusAddress":"570 DWIGHT PL OAKLAND 94704"}},{"type":"Feature","geometry":{"type":"Polygon","coordinates":[[[-122.24433,37.867383],[-122.244407,37.867195],[-122.244716,37.867276],[-122.244716,37.867276],[-122.244693,37.867306],[-122.244615,37.867405],[-122.244604,37.86742],[-122.244602,37.867422],[-122.244602,37.867422],[-122.244555,37.867481],[-122.244483,37.867573],[-122.244288,37.867443],[-122.244301,37.867429],[-122.244312,37.867415],[-122.244322,37.867399],[-122.24433,37.867383]]]},"properties":{"APN":"48H-7701-13-2","SitusAddress":"560 DWIGHT PL OAKLAND 94704"}},{"type":"Feature","geometry":{"type":"Polygon","coordinates":[[[-122.244534,37.866905],[-122.244535,37.866903],[-122.244825,37.86705],[-122.244832,37.867053],[-122.244827,37.867056],[-122.244763,37.867216],[-122.244718,37.867273],[-122.244716,37.867276],[-122.244407,37.867195],[-122.244526,37.866921],[-122.244528,37.866917],[-122.244529,37.866915],[-122.24453,37.866913],[-122.244531,37.866911],[-122.244532,37.866909],[-122.244533,37.866907],[-122.244534,37.866905]]]},"properties":{"APN":"48H-7701-17-1","SitusAddress":"544 DWIGHT PL OAKLAND 94705"}},{"type":"Feature","geometry":{"type":"Polygon","coordinates":[[[-122.244604,37.86742],[-122.244615,37.867405],[-122.244616,37.867405],[-122.244656,37.867438],[-122.244837,37.867588],[-122.244662,37.867722],[-122.244483,37.867573],[-122.244555,37.867481],[-122.244602,37.867422],[-122.244602,37.867422],[-122.244604,37.86742]]]},"properties":{"APN":"48H-7701-28-1","SitusAddress":" DWIGHT WAY OAKLAND 94705"}},{"type":"Feature","geometry":{"type":"Polygon","coordinates":[[[-122.244185,37.867497],[-122.244202,37.867492],[-122.244222,37.867484],[-122.244242,37.867475],[-122.24426,37.867465],[-122.244276,37.867452],[-122.244471,37.867583],[-122.244651,37.867732],[-122.244651,37.867732],[-122.244637,37.867746],[-122.244626,37.867762],[-122.244617,37.867778],[-122.24461,37.867795],[-122.244606,37.867813],[-122.244605,37.867831],[-122.244606,37.867849],[-122.24461,37.867867],[-122.244609,37.867867],[-122.244433,37.867871],[-122.244216,37.867876],[-122.244216,37.867876],[-122.244216,37.867875],[-122.24423,37.86785],[-122.244286,37.867747],[-122.244185,37.867497]]]},"properties":{"APN":"48H-7701-30-1","SitusAddress":"3241 DWIGHT WAY OAKLAND 94704"}},{"type":"Feature","geometry":{"type":"Polygon","coordinates":[[[-122.244462,37.867992],[-122.244393,37.867983],[-122.244323,37.867974],[-122.244254,37.867965],[-122.244216,37.867876],[-122.244216,37.867876],[-122.244433,37.867871],[-122.244609,37.867867],[-122.24461,37.867867],[-122.244616,37.867882],[-122.244623,37.867896],[-122.244632,37.86791],[-122.244644,37.867923],[-122.244657,37.867935],[-122.244671,37.867946],[-122.244687,37.867956],[-122.244704,37.867964],[-122.244704,37.867964],[-122.244628,37.867981],[-122.24454,37.868002],[-122.244462,37.867992]]]},"properties":{"APN":"48H-7701-31","SitusAddress":" DWIGHT WAY OAKLAND 94705"}},{"type":"Feature","geometry":{"type":"Polygon","coordinates":[[[-122.244705,37.8668],[-122.244757,37.866766],[-122.244778,37.866749],[-122.244812,37.866705],[-122.24482,37.86671],[-122.244844,37.866725],[-122.244942,37.866783],[-122.245091,37.866872],[-122.245028,37.866924],[-122.245019,37.86693],[-122.244987,37.866951],[-122.24495,37.866976],[-122.244946,37.866973],[-122.244856,37.866908],[-122.244705,37.8668]]]},"properties":{"APN":"48H-7701-33-1","SitusAddress":"520 DWIGHT PL OAKLAND 94704"}},{"type":"Feature","geometry":{"type":"Polygon","coordinates":[[[-122.2447,37.866803],[-122.244705,37.8668],[-122.244856,37.866908],[-122.244946,37.866973],[-122.24495,37.866976],[-122.244832,37.867053],[-122.244825,37.86705],[-122.244535,37.866903],[-122.244537,37.866901],[-122.244538,37.866899],[-122.244539,37.866897],[-122.244541,37.866895],[-122.244542,37.866893],[-122.244544,37.866892],[-122.244545,37.86689],[-122.244547,37.866888],[-122.244549,37.866886],[-122.24455,37.866884],[-122.244552,37.866883],[-122.244554,37.866881],[-122.244556,37.866879],[-122.244557,37.866877],[-122.244559,37.866876],[-122.244561,37.866874],[-122.244563,37.866873],[-122.244565,37.866871],[-122.244567,37.866869],[-122.244569,37.866868],[-122.244571,37.866866],[-122.244573,37.866865],[-122.244576,37.866863],[-122.244578,37.866862],[-122.24458,37.866861],[-122.244582,37.866859],[-122.244584,37.866858],[-122.244587,37.866857],[-122.244589,37.866855],[-122.244591,37.866854],[-122.244594,37.866853],[-122.244596,37.866852],[-122.244599,37.866851],[-122.244601,37.86685],[-122.244603,37.866849],[-122.244606,37.866848],[-122.244608,37.866847],[-122.244618,37.866843],[-122.244627,37.866839],[-122.244637,37.866835],[-122.244646,37.866831],[-122.244655,37.866827],[-122.244664,37.866822],[-122.244673,37.866818],[-122.244682,37.866813],[-122.244691,37.866808],[-122.2447,37.866803]]]},"properties":{"APN":"48H-7701-35-1","SitusAddress":"540 DWIGHT PL OAKLAND 94704"}},{"type":"Feature","geometry":{"type":"Polygon","coordinates":[[[-122.244822,37.869281],[-122.244879,37.869011],[-122.245087,37.869039],[-122.245095,37.869106],[-122.2451,37.869153],[-122.245117,37.869319],[-122.244822,37.869281]]]},"properties":{"APN":"48H-7703-1-1","SitusAddress":"408 PANORAMIC WAY OAKLAND 94704"}},{"type":"Feature","geometry":{"type":"Polygon","coordinates":[[[-122.244737,37.869269],[-122.244662,37.869259],[-122.244626,37.869255],[-122.24459,37.869249],[-122.244554,37.869241],[-122.24452,37.86923],[-122.244487,37.869218],[-122.244456,37.869204],[-122.244426,37.869188],[-122.244397,37.86917],[-122.244371,37.869151],[-122.244346,37.869129],[-122.244324,37.869107],[-122.244299,37.869083],[-122.244269,37.869058],[-122.244236,37.869037],[-122.244239,37.869033],[-122.244439,37.868819],[-122.244443,37.868815],[-122.244524,37.868866],[-122.244674,37.86896],[-122.244719,37.868988],[-122.244804,37.869],[-122.244748,37.869271],[-122.244737,37.869269]]]},"properties":{"APN":"48H-7703-5-2","SitusAddress":"430 PANORAMIC WAY OAKLAND 94704"}},{"type":"Feature","geometry":{"type":"Polygon","coordinates":[[[-122.244071,37.868975],[-122.244259,37.868705],[-122.244443,37.868815],[-122.244439,37.868819],[-122.244239,37.869033],[-122.244236,37.869037],[-122.244232,37.869034],[-122.244228,37.869032],[-122.244227,37.869031],[-122.244221,37.869028],[-122.244215,37.869024],[-122.244209,37.869021],[-122.244203,37.869018],[-122.244197,37.869015],[-122.244191,37.869012],[-122.244185,37.869009],[-122.244178,37.869007],[-122.244172,37.869004],[-122.244166,37.869001],[-122.244159,37.868999],[-122.244153,37.868997],[-122.244146,37.868994],[-122.244139,37.868992],[-122.244133,37.86899],[-122.244126,37.868988],[-122.244119,37.868986],[-122.244112,37.868984],[-122.244106,37.868982],[-122.244099,37.868981],[-122.244092,37.868979],[-122.244085,37.868978],[-122.244078,37.868976],[-122.244071,37.868975]]]},"properties":{"APN":"48H-7703-10-1","SitusAddress":"442 PANORAMIC WAY OAKLAND 94704"}},{"type":"Feature","geometry":{"type":"Polygon","coordinates":[[[-122.243985,37.868967],[-122.244152,37.868679],[-122.244173,37.86868],[-122.24422,37.868681],[-122.244259,37.868705],[-122.244071,37.868975],[-122.244064,37.868974],[-122.244057,37.868973],[-122.24405,37.868972],[-122.244043,37.868971],[-122.244036,37.86897],[-122.244029,37.868969],[-122.244021,37.868969],[-122.244014,37.868968],[-122.244007,37.868968],[-122.244,37.868968],[-122.243988,37.868967],[-122.243985,37.868967]]]},"properties":{"APN":"48H-7703-11","SitusAddress":" PANORAMIC WAY OAKLAND 94704"}},{"type":"Feature","geometry":{"type":"Polygon","coordinates":[[[-122.243884,37.86894],[-122.244038,37.868677],[-122.244086,37.868678],[-122.244152,37.868679],[-122.243985,37.868967],[-122.243983,37.868967],[-122.24398,37.868967],[-122.243978,37.868967],[-122.243975,37.868967],[-122.243972,37.868967],[-122.24397,37.868966],[-122.243967,37.868966],[-122.243965,37.868966],[-122.243962,37.868965],[-122.24396,37.868965],[-122.243957,37.868964],[-122.243955,37.868964],[-122.243952,37.868963],[-122.24395,37.868963],[-122.243947,37.868962],[-122.243945,37.868962],[-122.243942,37.868961],[-122.24394,37.86896],[-122.243937,37.86896],[-122.243935,37.868959],[-122.243932,37.868958],[-122.24393,37.868957],[-122.243927,37.868956],[-122.243884,37.86894]]]},"properties":{"APN":"48H-7703-12","SitusAddress":"454 PANORAMIC WAY OAKLAND 94704"}},{"type":"Feature","geometry":{"type":"Polygon","coordinates":[[[-122.243955,37.868655],[-122.244,37.868667],[-122.244038,37.868677],[-122.243884,37.86894],[-122.243806,37.868911],[-122.243955,37.868655]]]},"properties":{"APN":"48H-7703-13","SitusAddress":" PANORAMIC WAY OAKLAND 94704"}},{"type":"Feature","geometry":{"type":"Polygon","coordinates":[[[-122.243512,37.868812],[-122.243579,37.868555],[-122.243955,37.868655],[-122.243806,37.868911],[-122.2436,37.868835],[-122.243594,37.868833],[-122.243588,37.868831],[-122.243581,37.868829],[-122.243575,37.868827],[-122.243568,37.868825],[-122.243562,37.868823],[-122.243555,37.868821],[-122.243549,37.86882],[-122.243542,37.868818],[-122.243536,37.868817],[-122.243529,37.868815],[-122.243522,37.868814],[-122.243515,37.868813],[-122.243512,37.868812]]]},"properties":{"APN":"48H-7703-17-1","SitusAddress":"470 PANORAMIC WAY OAKLAND 94704"}},{"type":"Feature","geometry":{"type":"Polygon","coordinates":[[[-122.243332,37.868813],[-122.243298,37.868591],[-122.243408,37.86857],[-122.243542,37.868545],[-122.243579,37.868555],[-122.243512,37.868812],[-122.243509,37.868812],[-122.243502,37.868811],[-122.243495,37.86881],[-122.243488,37.868809],[-122.243481,37.868808],[-122.243475,37.868808],[-122.243468,37.868807],[-122.243461,37.868807],[-122.243454,37.868806],[-122.243447,37.868806],[-122.24344,37.868806],[-122.243433,37.868806],[-122.243426,37.868806],[-122.243419,37.868806],[-122.243412,37.868806],[-122.243406,37.868807],[-122.243394,37.868807],[-122.243332,37.868813]]]},"properties":{"APN":"48H-7703-19-2","SitusAddress":"490 PANORAMIC WAY OAKLAND 94704"}},{"type":"Feature","geometry":{"type":"Polygon","coordinates":[[[-122.243146,37.868619],[-122.243263,37.868597],[-122.243298,37.868591],[-122.243332,37.868813],[-122.243177,37.868826],[-122.243146,37.868619]]]},"properties":{"APN":"48H-7703-21-1","SitusAddress":"498 PANORAMIC WAY OAKLAND 94704"}},{"type":"Feature","geometry":{"type":"Polygon","coordinates":[[[-122.243041,37.868614],[-122.243146,37.868619],[-122.243177,37.868826],[-122.243073,37.868835],[-122.243041,37.868614]]]},"properties":{"APN":"48H-7703-22","SitusAddress":" PANORAMIC WAY OAKLAND 94704"}},{"type":"Feature","geometry":{"type":"Polygon","coordinates":[[[-122.242702,37.868537],[-122.242932,37.86861],[-122.243041,37.868614],[-122.243073,37.868835],[-122.242978,37.868844],[-122.242968,37.868845],[-122.242958,37.868845],[-122.242948,37.868846],[-122.242938,37.868846],[-122.242928,37.868846],[-122.242918,37.868847],[-122.242908,37.868847],[-122.242898,37.868846],[-122.242888,37.868846],[-122.242878,37.868846],[-122.242867,37.868845],[-122.242857,37.868844],[-122.242847,37.868844],[-122.242829,37.868842],[-122.24257,37.86881],[-122.24262,37.868534],[-122.242702,37.868537]]]},"properties":{"APN":"48H-7703-27-1","SitusAddress":" PANORAMIC WAY OAKLAND 94704"}},{"type":"Feature","geometry":{"type":"Polygon","coordinates":[[[-122.242449,37.8688],[-122.2425,37.868521],[-122.242587,37.868523],[-122.242535,37.868805],[-122.242507,37.868802],[-122.242501,37.868801],[-122.242495,37.868801],[-122.24249,37.868801],[-122.242484,37.8688],[-122.242478,37.8688],[-122.242472,37.8688],[-122.242467,37.8688],[-122.242461,37.8688],[-122.242455,37.8688],[-122.242449,37.8688]]]},"properties":{"APN":"48H-7703-28","SitusAddress":" PANORAMIC WAY OAKLAND 94704"}},{"type":"Feature","geometry":{"type":"Polygon","coordinates":[[[-122.242413,37.868519],[-122.2425,37.868521],[-122.242449,37.8688],[-122.242444,37.8688],[-122.242438,37.8688],[-122.242432,37.8688],[-122.242426,37.868801],[-122.242421,37.868801],[-122.242415,37.868802],[-122.242409,37.868803],[-122.242404,37.868803],[-122.242398,37.868804],[-122.242392,37.868805],[-122.242387,37.868806],[-122.242381,37.868807],[-122.242376,37.868808],[-122.24237,37.86881],[-122.242365,37.868811],[-122.242359,37.868812],[-122.242413,37.868519]]]},"properties":{"APN":"48H-7703-29","SitusAddress":" PANORAMIC WAY OAKLAND 94704"}},{"type":"Feature","geometry":{"type":"Polygon","coordinates":[[[-122.242354,37.868517],[-122.242413,37.868519],[-122.242359,37.868812],[-122.242354,37.868814],[-122.242348,37.868815],[-122.242343,37.868817],[-122.242338,37.868818],[-122.242332,37.86882],[-122.242327,37.868822],[-122.242322,37.868824],[-122.242317,37.868826],[-122.242311,37.868828],[-122.242308,37.868829],[-122.242305,37.86883],[-122.242302,37.868831],[-122.2423,37.868832],[-122.242297,37.868833],[-122.242294,37.868834],[-122.242291,37.868835],[-122.242288,37.868835],[-122.242285,37.868836],[-122.242282,37.868837],[-122.242279,37.868838],[-122.242276,37.868838],[-122.242273,37.868839],[-122.24227,37.868839],[-122.242267,37.86884],[-122.242264,37.86884],[-122.242261,37.868841],[-122.242258,37.868841],[-122.242256,37.868841],[-122.242354,37.868517]]]},"properties":{"APN":"48H-7703-30","SitusAddress":" PANORAMIC WAY OAKLAND 94704"}},{"type":"Feature","geometry":{"type":"Polygon","coordinates":[[[-122.242125,37.868813],[-122.242309,37.868516],[-122.242354,37.868517],[-122.242256,37.868841],[-122.242252,37.868842],[-122.242249,37.868842],[-122.242246,37.868842],[-122.242243,37.868842],[-122.24224,37.868842],[-122.242237,37.868842],[-122.242234,37.868842],[-122.242231,37.868842],[-122.242228,37.868842],[-122.242225,37.868842],[-122.242222,37.868842],[-122.242218,37.868842],[-122.242215,37.868842],[-122.242212,37.868842],[-122.242209,37.868841],[-122.242206,37.868841],[-122.242203,37.86884],[-122.2422,37.86884],[-122.242197,37.86884],[-122.242194,37.868839],[-122.242191,37.868838],[-122.242188,37.868838],[-122.242185,37.868837],[-122.242182,37.868837],[-122.242179,37.868836],[-122.242177,37.868835],[-122.242174,37.868834],[-122.242171,37.868833],[-122.242168,37.868833],[-122.242165,37.868832],[-122.242162,37.868831],[-122.242159,37.86883],[-122.242157,37.868829],[-122.242154,37.868828],[-122.242151,37.868826],[-122.242148,37.868825],[-122.242146,37.868824],[-122.242143,37.868823],[-122.242141,37.868822],[-122.242138,37.86882],[-122.242135,37.868819],[-122.242133,37.868818],[-122.24213,37.868816],[-122.242128,37.868815],[-122.242125,37.868813]]]},"properties":{"APN":"48H-7703-31","SitusAddress":" PANORAMIC WAY OAKLAND 94704"}},{"type":"Feature","geometry":{"type":"Polygon","coordinates":[[[-122.242031,37.868737],[-122.242243,37.868514],[-122.242309,37.868516],[-122.242125,37.868813],[-122.242123,37.868812],[-122.242121,37.86881],[-122.242118,37.868809],[-122.242116,37.868807],[-122.242114,37.868805],[-122.242111,37.868804],[-122.242109,37.868802],[-122.242107,37.8688],[-122.242105,37.868799],[-122.242031,37.868737]]]},"properties":{"APN":"48H-7703-32","SitusAddress":" PANORAMIC WAY OAKLAND 94704"}},{"type":"Feature","geometry":{"type":"Polygon","coordinates":[[[-122.241958,37.868674],[-122.24221,37.868486],[-122.242243,37.868514],[-122.242031,37.868737],[-122.241958,37.868674]]]},"properties":{"APN":"48H-7703-33","SitusAddress":" PANORAMIC WAY OAKLAND 94704"}},{"type":"Feature","geometry":{"type":"Polygon","coordinates":[[[-122.242069,37.868266],[-122.242074,37.868262],[-122.242081,37.868257],[-122.242087,37.868252],[-122.242093,37.868247],[-122.242099,37.868241],[-122.242105,37.868236],[-122.24211,37.86823],[-122.242116,37.868225],[-122.242121,37.868219],[-122.2424,37.868383],[-122.24231,37.868458],[-122.242069,37.868266]]]},"properties":{"APN":"48H-7703-38-2","SitusAddress":" PANORAMIC WAY OAKLAND 94704"}},{"type":"Feature","geometry":{"type":"Polygon","coordinates":[[[-122.242069,37.868266],[-122.24231,37.868458],[-122.242243,37.868514],[-122.24221,37.868486],[-122.241958,37.868674],[-122.241637,37.868404],[-122.241636,37.868403],[-122.241635,37.868402],[-122.241634,37.868401],[-122.241634,37.8684],[-122.241633,37.868399],[-122.241633,37.868398],[-122.241633,37.868397],[-122.241633,37.868396],[-122.241632,37.868395],[-122.241632,37.868394],[-122.241633,37.868393],[-122.241633,37.868392],[-122.241633,37.868391],[-122.241634,37.86839],[-122.241634,37.868389],[-122.241635,37.868388],[-122.241635,37.868387],[-122.241636,37.868386],[-122.241637,37.868386],[-122.241638,37.868385],[-122.241638,37.868384],[-122.241639,37.868384],[-122.241641,37.868383],[-122.241642,37.868382],[-122.241644,37.868382],[-122.241645,37.868382],[-122.241647,37.868381],[-122.241648,37.868381],[-122.241649,37.868381],[-122.24165,37.868381],[-122.241651,37.868381],[-122.241665,37.868382],[-122.241674,37.868383],[-122.241683,37.868383],[-122.241692,37.868383],[-122.241701,37.868384],[-122.24171,37.868384],[-122.241719,37.868383],[-122.241728,37.868383],[-122.241737,37.868383],[-122.241746,37.868382],[-122.241755,37.868382],[-122.241764,37.868381],[-122.241773,37.86838],[-122.241782,37.868379],[-122.241791,37.868378],[-122.241799,37.868377],[-122.241808,37.868376],[-122.241817,37.868374],[-122.241826,37.868373],[-122.241835,37.868371],[-122.241843,37.868369],[-122.241852,37.868367],[-122.241861,37.868365],[-122.241869,37.868363],[-122.241878,37.868361],[-122.241886,37.868358],[-122.241895,37.868356],[-122.241903,37.868353],[-122.241911,37.86835],[-122.24192,37.868347],[-122.241928,37.868344],[-122.241936,37.868341],[-122.241944,37.868338],[-122.241952,37.868335],[-122.24196,37.868331],[-122.241968,37.868328],[-122.241976,37.868324],[-122.241983,37.86832],[-122.241991,37.868317],[-122.241998,37.868313],[-122.242006,37.868309],[-122.242013,37.868304],[-122.24202,37.8683],[-122.242027,37.868296],[-122.242034,37.868291],[-122.242041,37.868287],[-122.242048,37.868282],[-122.242055,37.868277],[-122.242061,37.868272],[-122.242068,37.868267],[-122.242069,37.868266]]]},"properties":{"APN":"48H-7703-38-3","SitusAddress":" PANORAMIC WAY OAKLAND 94704"}},{"type":"Feature","geometry":{"type":"Polygon","coordinates":[[[-122.242176,37.868147],[-122.242529,37.868275],[-122.242424,37.868363],[-122.242141,37.868197],[-122.242146,37.868191],[-122.242151,37.868185],[-122.242155,37.868178],[-122.24216,37.868172],[-122.242164,37.868166],[-122.242168,37.86816],[-122.242172,37.868153],[-122.242176,37.868147]]]},"properties":{"APN":"48H-7703-39","SitusAddress":"604 PANORAMIC WAY OAKLAND 94704"}},{"type":"Feature","geometry":{"type":"Polygon","coordinates":[[[-122.242176,37.868147],[-122.24218,37.86814],[-122.242183,37.868134],[-122.242187,37.868127],[-122.24219,37.86812],[-122.242193,37.868114],[-122.242196,37.868107],[-122.242199,37.8681],[-122.242202,37.868093],[-122.242204,37.868086],[-122.242207,37.86808],[-122.242209,37.868073],[-122.242211,37.868066],[-122.242213,37.868059],[-122.242215,37.868052],[-122.242216,37.868045],[-122.242218,37.868038],[-122.242219,37.868031],[-122.24222,37.868024],[-122.242221,37.868016],[-122.242222,37.868009],[-122.242223,37.868002],[-122.242223,37.867995],[-122.242224,37.867988],[-122.242224,37.867981],[-122.242225,37.867975],[-122.242225,37.867969],[-122.242226,37.867963],[-122.242227,37.867956],[-122.242228,37.86795],[-122.242229,37.867944],[-122.24223,37.867938],[-122.242231,37.867935],[-122.242637,37.868066],[-122.242566,37.868203],[-122.242529,37.868275],[-122.242176,37.868147]]]},"properties":{"APN":"48H-7703-40-1","SitusAddress":"604 PANORAMIC WAY OAKLAND 94704"}},{"type":"Feature","geometry":{"type":"Polygon","coordinates":[[[-122.242231,37.867935],[-122.242231,37.867932],[-122.242233,37.867926],[-122.242235,37.867919],[-122.242236,37.867913],[-122.242238,37.867907],[-122.24224,37.867901],[-122.242242,37.867895],[-122.242245,37.867889],[-122.242247,37.867883],[-122.24225,37.867877],[-122.242252,37.867872],[-122.242255,37.867866],[-122.242258,37.86786],[-122.242261,37.867854],[-122.242265,37.867848],[-122.242268,37.867843],[-122.242271,37.867837],[-122.242275,37.867832],[-122.242279,37.867826],[-122.242283,37.867821],[-122.242286,37.867815],[-122.242291,37.86781],[-122.242295,37.867805],[-122.242299,37.867799],[-122.242303,37.867794],[-122.242308,37.867789],[-122.242313,37.867784],[-122.242317,37.867779],[-122.242322,37.867774],[-122.242327,37.867769],[-122.242332,37.867764],[-122.242337,37.86776],[-122.242343,37.867755],[-122.242733,37.867881],[-122.2427,37.867945],[-122.242637,37.868066],[-122.242231,37.867935]]]},"properties":{"APN":"48H-7703-43-1","SitusAddress":"622 PANORAMIC WAY OAKLAND 94704"}},{"type":"Feature","geometry":{"type":"Polygon","coordinates":[[[-122.242343,37.867755],[-122.242348,37.86775],[-122.242354,37.867746],[-122.242359,37.867742],[-122.242365,37.867737],[-122.242371,37.867733],[-122.242379,37.867727],[-122.242388,37.867721],[-122.242397,37.867714],[-122.242405,37.867708],[-122.242412,37.867703],[-122.242765,37.867818],[-122.242733,37.867881],[-122.242343,37.867755]]]},"properties":{"APN":"48H-7703-46","SitusAddress":"630 PANORAMIC WAY OAKLAND 94704"}},{"type":"Feature","geometry":{"type":"Polygon","coordinates":[[[-122.242617,37.867191],[-122.242619,37.867182],[-122.242935,37.867266],[-122.242922,37.867335],[-122.24291,37.867394],[-122.242881,37.867537],[-122.242584,37.867471],[-122.242585,37.867466],[-122.242588,37.867457],[-122.242591,37.867448],[-122.242594,37.867439],[-122.242596,37.86743],[-122.242598,37.867421],[-122.2426,37.867412],[-122.242602,37.867403],[-122.242603,37.867394],[-122.242604,37.867385],[-122.242606,37.867376],[-122.242607,37.867367],[-122.242607,37.867358],[-122.242608,37.867348],[-122.242608,37.867339],[-122.242608,37.867324],[-122.242608,37.867305],[-122.242609,37.867286],[-122.24261,37.867267],[-122.242611,37.867253],[-122.242611,37.867248],[-122.242613,37.867229],[-122.242615,37.86721],[-122.242617,37.867191]]]},"properties":{"APN":"48H-7703-54-1","SitusAddress":"650 PANORAMIC WAY OAKLAND 94704"}},{"type":"Feature","geometry":{"type":"Polygon","coordinates":[[[-122.242619,37.867182],[-122.24262,37.867172],[-122.242624,37.867153],[-122.242627,37.867134],[-122.242632,37.867116],[-122.242632,37.867114],[-122.242949,37.867197],[-122.242935,37.867266],[-122.242619,37.867182]]]},"properties":{"APN":"48H-7703-55","SitusAddress":" PANORAMIC WAY OAKLAND 94704"}},{"type":"Feature","geometry":{"type":"Polygon","coordinates":[[[-122.242632,37.867114],[-122.242636,37.867097],[-122.242641,37.867078],[-122.242647,37.86706],[-122.242649,37.867052],[-122.242974,37.867137],[-122.242949,37.867197],[-122.242632,37.867114]]]},"properties":{"APN":"48H-7703-56","SitusAddress":" PANORAMIC WAY OAKLAND 94704"}},{"type":"Feature","geometry":{"type":"Polygon","coordinates":[[[-122.242665,37.867004],[-122.242673,37.866985],[-122.243001,37.867072],[-122.242974,37.867137],[-122.242649,37.867052],[-122.242653,37.867041],[-122.242659,37.867023],[-122.242665,37.867004]]]},"properties":{"APN":"48H-7703-57","SitusAddress":" PANORAMIC WAY OAKLAND 94704"}},{"type":"Feature","geometry":{"type":"Polygon","coordinates":[[[-122.242978,37.866623],[-122.243201,37.866598],[-122.243166,37.866681],[-122.243494,37.866768],[-122.24344,37.866898],[-122.243111,37.866812],[-122.242813,37.866733],[-122.242785,37.866726],[-122.242787,37.866722],[-122.24279,37.866718],[-122.242792,37.866716],[-122.242796,37.866712],[-122.242798,37.866709],[-122.242801,37.866706],[-122.242806,37.866701],[-122.242812,37.866696],[-122.242817,37.866691],[-122.242822,37.866688],[-122.242825,37.866685],[-122.242828,37.866682],[-122.242831,37.86668],[-122.242834,37.866677],[-122.242838,37.866675],[-122.242841,37.866672],[-122.242844,37.86667],[-122.242848,37.866668],[-122.242851,37.866666],[-122.242855,37.866663],[-122.242858,37.866661],[-122.242862,37.866659],[-122.242866,37.866657],[-122.24287,37.866655],[-122.242873,37.866653],[-122.242877,37.866651],[-122.242881,37.866649],[-122.242885,37.866647],[-122.242889,37.866646],[-122.242893,37.866644],[-122.242897,37.866642],[-122.242901,37.866641],[-122.242905,37.866639],[-122.242909,37.866638],[-122.242914,37.866636],[-122.242918,37.866635],[-122.242922,37.866634],[-122.242926,37.866632],[-122.242931,37.866631],[-122.242935,37.86663],[-122.242939,37.866629],[-122.242944,37.866628],[-122.242948,37.866627],[-122.242952,37.866626],[-122.242957,37.866626],[-122.242961,37.866625],[-122.242966,37.866624],[-122.24297,37.866623],[-122.242978,37.866623]]]},"properties":{"APN":"48H-7703-62-2","SitusAddress":"690 PANORAMIC WAY OAKLAND 94704"}},{"type":"Feature","geometry":{"type":"Polygon","coordinates":[[[-122.243166,37.866681],[-122.243201,37.866598],[-122.243446,37.866571],[-122.243447,37.866571],[-122.243449,37.866571],[-122.24345,37.866571],[-122.243452,37.866571],[-122.243453,37.866571],[-122.243455,37.866571],[-122.243456,37.866571],[-122.243458,37.866571],[-122.243459,37.866571],[-122.243461,37.866571],[-122.243462,37.866571],[-122.243464,37.866571],[-122.243465,37.866571],[-122.243467,37.866571],[-122.243468,37.866571],[-122.24347,37.866571],[-122.243471,37.866572],[-122.243473,37.866572],[-122.243474,37.866572],[-122.243476,37.866572],[-122.243477,37.866573],[-122.243479,37.866573],[-122.24348,37.866573],[-122.243482,37.866573],[-122.243483,37.866574],[-122.243485,37.866574],[-122.243486,37.866575],[-122.243487,37.866575],[-122.243489,37.866575],[-122.24349,37.866576],[-122.243492,37.866576],[-122.243493,37.866577],[-122.243494,37.866577],[-122.243496,37.866578],[-122.243497,37.866578],[-122.243498,37.866579],[-122.2435,37.866579],[-122.243501,37.86658],[-122.243502,37.866581],[-122.243504,37.866581],[-122.243505,37.866582],[-122.243506,37.866582],[-122.243507,37.866583],[-122.243509,37.866584],[-122.24351,37.866585],[-122.243511,37.866585],[-122.243512,37.866586],[-122.243513,37.866587],[-122.243514,37.866588],[-122.243516,37.866588],[-122.243517,37.866589],[-122.243518,37.86659],[-122.243519,37.866591],[-122.24352,37.866592],[-122.243521,37.866593],[-122.243522,37.866593],[-122.243523,37.866594],[-122.243524,37.866595],[-122.243525,37.866596],[-122.243526,37.866597],[-122.243527,37.866598],[-122.243528,37.866599],[-122.243528,37.8666],[-122.243529,37.866601],[-122.24353,37.866602],[-122.243531,37.866603],[-122.243532,37.866604],[-122.243532,37.866605],[-122.243533,37.866606],[-122.243534,37.866607],[-122.243535,37.866608],[-122.243535,37.866609],[-122.243536,37.86661],[-122.243536,37.866611],[-122.243537,37.866612],[-122.243538,37.866614],[-122.243538,37.866615],[-122.243539,37.866616],[-122.243539,37.866617],[-122.24354,37.866618],[-122.24354,37.866619],[-122.243541,37.86662],[-122.243541,37.866621],[-122.243541,37.866623],[-122.243542,37.866624],[-122.243542,37.866625],[-122.243542,37.866626],[-122.243543,37.866627],[-122.243543,37.866628],[-122.243543,37.86663],[-122.243543,37.866631],[-122.243543,37.866632],[-122.243544,37.866633],[-122.243544,37.866634],[-122.243544,37.866636],[-122.243544,37.866637],[-122.243544,37.866638],[-122.243544,37.866639],[-122.243544,37.86664],[-122.243544,37.866642],[-122.243544,37.866643],[-122.243544,37.866644],[-122.243543,37.866645],[-122.243543,37.866646],[-122.243543,37.866647],[-122.243543,37.866649],[-122.243543,37.86665],[-122.243542,37.866651],[-122.243542,37.866652],[-122.243542,37.866653],[-122.243542,37.866655],[-122.243541,37.866656],[-122.243541,37.866657],[-122.24354,37.866658],[-122.24354,37.866659],[-122.243539,37.866661],[-122.243494,37.866768],[-122.243166,37.866681]]]},"properties":{"APN":"48H-7703-65-1","SitusAddress":"3560 DWIGHT WAY OAKLAND 94704"}},{"type":"Feature","geometry":{"type":"Polygon","coordinates":[[[-122.242974,37.867137],[-122.243001,37.867072],[-122.242673,37.866985],[-122.242679,37.866971],[-122.24277,37.866753],[-122.242785,37.866726],[-122.242813,37.866733],[-122.243111,37.866812],[-122.24344,37.866898],[-122.243303,37.867224],[-122.242974,37.867137]]]},"properties":{"APN":"48H-7703-69-5","SitusAddress":"3514 DWIGHT WAY OAKLAND 94704"}},{"type":"Feature","geometry":{"type":"Polygon","coordinates":[[[-122.24291,37.867394],[-122.242922,37.867335],[-122.242935,37.867266],[-122.242949,37.867197],[-122.242974,37.867137],[-122.243303,37.867224],[-122.243294,37.867245],[-122.243287,37.867262],[-122.24328,37.867279],[-122.243274,37.867296],[-122.243268,37.867313],[-122.243263,37.867331],[-122.243258,37.867348],[-122.243253,37.867365],[-122.243249,37.867383],[-122.243245,37.8674],[-122.243242,37.867418],[-122.24324,37.867429],[-122.24291,37.867394]]]},"properties":{"APN":"48H-7703-71-3","SitusAddress":" DWIGHT WAY OAKLAND 94704"}},{"type":"Feature","geometry":{"type":"Polygon","coordinates":[[[-122.242881,37.867537],[-122.24291,37.867394],[-122.24324,37.867429],[-122.243239,37.867435],[-122.243236,37.867453],[-122.243234,37.867471],[-122.243232,37.867488],[-122.24323,37.867506],[-122.243229,37.867524],[-122.243228,37.867558],[-122.243228,37.867567],[-122.243228,37.867575],[-122.243227,37.867583],[-122.243226,37.867591],[-122.243226,37.867599],[-122.243225,37.867607],[-122.243223,37.867615],[-122.243222,37.867623],[-122.24322,37.867631],[-122.243218,37.867639],[-122.243217,37.867647],[-122.243214,37.867655],[-122.243212,37.867663],[-122.24321,37.867671],[-122.243207,37.867679],[-122.243204,37.867687],[-122.243201,37.867694],[-122.243198,37.867702],[-122.243195,37.86771],[-122.243191,37.867717],[-122.243184,37.867731],[-122.242864,37.867627],[-122.242881,37.867537]]]},"properties":{"APN":"48H-7703-76-1","SitusAddress":"3456 DWIGHT WAY OAKLAND 94704"}},{"type":"Feature","geometry":{"type":"Polygon","coordinates":[[[-122.243119,37.867858],[-122.243053,37.867985],[-122.242733,37.867881],[-122.242765,37.867818],[-122.242798,37.867754],[-122.242831,37.86769],[-122.243152,37.867795],[-122.243119,37.867858]]]},"properties":{"APN":"48H-7703-81-2","SitusAddress":"3444 DWIGHT WAY OAKLAND 94704"}},{"type":"Feature","geometry":{"type":"Polygon","coordinates":[[[-122.2427,37.867945],[-122.242733,37.867881],[-122.243053,37.867985],[-122.24302,37.868049],[-122.2427,37.867945]]]},"properties":{"APN":"48H-7703-83","SitusAddress":"3434 DWIGHT WAY OAKLAND 94704"}},{"type":"Feature","geometry":{"type":"Polygon","coordinates":[[[-122.242566,37.868203],[-122.242637,37.868066],[-122.2427,37.867945],[-122.24302,37.868049],[-122.242957,37.868172],[-122.242955,37.868174],[-122.242954,37.868177],[-122.242953,37.86818],[-122.242952,37.868183],[-122.242951,37.868185],[-122.242949,37.868188],[-122.242948,37.868191],[-122.242948,37.868194],[-122.242947,37.868196],[-122.242946,37.868199],[-122.242945,37.868202],[-122.242944,37.868205],[-122.242944,37.868208],[-122.242943,37.868211],[-122.242943,37.868213],[-122.242942,37.868216],[-122.242753,37.868213],[-122.242757,37.868206],[-122.242566,37.868203]]]},"properties":{"APN":"48H-7703-84-1","SitusAddress":"3420 DWIGHT WAY OAKLAND 94704"}},{"type":"Feature","geometry":{"type":"Polygon","coordinates":[[[-122.242529,37.868275],[-122.242566,37.868203],[-122.242757,37.868206],[-122.242753,37.868213],[-122.242942,37.868216],[-122.242942,37.868219],[-122.242942,37.868222],[-122.242941,37.868225],[-122.242941,37.868228],[-122.242941,37.868231],[-122.242941,37.868233],[-122.242941,37.868236],[-122.242941,37.868239],[-122.242941,37.868242],[-122.242942,37.868245],[-122.242942,37.868248],[-122.242942,37.868251],[-122.242943,37.868254],[-122.242943,37.868256],[-122.242944,37.868259],[-122.242944,37.868262],[-122.242945,37.868265],[-122.242945,37.868268],[-122.242946,37.868271],[-122.242947,37.868274],[-122.24261,37.868414],[-122.242529,37.868275]]]},"properties":{"APN":"48H-7703-85-4","SitusAddress":"3400 DWIGHT WAY OAKLAND 94704"}},{"type":"Feature","geometry":{"type":"Polygon","coordinates":[[[-122.243041,37.868614],[-122.242932,37.86861],[-122.242702,37.868537],[-122.24262,37.868448],[-122.242962,37.868307],[-122.242964,37.868309],[-122.242966,37.868312],[-122.242967,37.868314],[-122.242969,37.868317],[-122.242971,37.868319],[-122.242973,37.868322],[-122.242975,37.868324],[-122.242977,37.868326],[-122.242979,37.868329],[-122.242981,37.868331],[-122.242983,37.868333],[-122.242985,37.868336],[-122.242988,37.868338],[-122.24299,37.86834],[-122.242992,37.868342],[-122.242995,37.868345],[-122.242997,37.868347],[-122.243,37.868349],[-122.243002,37.868351],[-122.243005,37.868353],[-122.243007,37.868355],[-122.24301,37.868357],[-122.243013,37.868359],[-122.243015,37.868361],[-122.243018,37.868362],[-122.243021,37.868364],[-122.243024,37.868366],[-122.243027,37.868368],[-122.24303,37.868369],[-122.243033,37.868371],[-122.243036,37.868372],[-122.243039,37.868374],[-122.243042,37.868376],[-122.243045,37.868377],[-122.243048,37.868378],[-122.243051,37.86838],[-122.243055,37.868381],[-122.243058,37.868382],[-122.243061,37.868384],[-122.243065,37.868385],[-122.243068,37.868386],[-122.243071,37.868387],[-122.243075,37.868388],[-122.243078,37.868389],[-122.243081,37.86839],[-122.243085,37.868391],[-122.243088,37.868392],[-122.243092,37.868393],[-122.243095,37.868393],[-122.243099,37.868394],[-122.243102,37.868395],[-122.243106,37.868395],[-122.243109,37.868396],[-122.243113,37.868397],[-122.243117,37.868397],[-122.24312,37.868397],[-122.243124,37.868398],[-122.243127,37.868398],[-122.243131,37.868398],[-122.243135,37.868399],[-122.243138,37.868399],[-122.243142,37.868399],[-122.243145,37.868399],[-122.243149,37.868399],[-122.243153,37.868399],[-122.243156,37.868399],[-122.24316,37.868399],[-122.243164,37.868399],[-122.243167,37.868398],[-122.243171,37.868398],[-122.243174,37.868398],[-122.243178,37.868397],[-122.243182,37.868397],[-122.243185,37.868396],[-122.243189,37.868396],[-122.243192,37.868395],[-122.243196,37.868395],[-122.243199,37.868394],[-122.243201,37.868394],[-122.243263,37.868597],[-122.243146,37.868619],[-122.243041,37.868614]]]},"properties":{"APN":"48H-7703-86-1","SitusAddress":"3390 DWIGHT WAY OAKLAND 94704"}},{"type":"Feature","geometry":{"type":"Polygon","coordinates":[[[-122.243319,37.868357],[-122.243425,37.868321],[-122.243542,37.868545],[-122.243408,37.86857],[-122.243319,37.868357]]]},"properties":{"APN":"48H-7703-90-1","SitusAddress":"3374 DWIGHT WAY OAKLAND 94704"}},{"type":"Feature","geometry":{"type":"Polygon","coordinates":[[[-122.243201,37.868394],[-122.243203,37.868393],[-122.243206,37.868393],[-122.24321,37.868392],[-122.243213,37.868391],[-122.243217,37.86839],[-122.24322,37.868389],[-122.243224,37.868388],[-122.243229,37.868386],[-122.243319,37.868357],[-122.243408,37.86857],[-122.243298,37.868591],[-122.243263,37.868597],[-122.243201,37.868394]]]},"properties":{"APN":"48H-7703-90-2","SitusAddress":" DWIGHT WAY OAKLAND 94704"}},{"type":"Feature","geometry":{"type":"Polygon","coordinates":[[[-122.243955,37.868655],[-122.243579,37.868555],[-122.243542,37.868545],[-122.243425,37.868321],[-122.243486,37.868301],[-122.243492,37.868299],[-122.243499,37.868297],[-122.243506,37.868295],[-122.243513,37.868293],[-122.24352,37.868291],[-122.243527,37.86829],[-122.243534,37.868288],[-122.243541,37.868287],[-122.243548,37.868285],[-122.243555,37.868284],[-122.243562,37.868283],[-122.24357,37.868282],[-122.243577,37.86828],[-122.243584,37.86828],[-122.243591,37.868279],[-122.243599,37.868278],[-122.243606,37.868277],[-122.243613,37.868277],[-122.243621,37.868276],[-122.243628,37.868276],[-122.243635,37.868276],[-122.243642,37.868276],[-122.24365,37.868276],[-122.243657,37.868276],[-122.243664,37.868276],[-122.243672,37.868276],[-122.243679,37.868277],[-122.243686,37.868277],[-122.243694,37.868278],[-122.243701,37.868279],[-122.243708,37.868279],[-122.243715,37.86828],[-122.243723,37.868281],[-122.24373,37.868282],[-122.243737,37.868283],[-122.243744,37.868285],[-122.243751,37.868286],[-122.243758,37.868288],[-122.243765,37.868289],[-122.243772,37.868291],[-122.243781,37.868293],[-122.243965,37.868342],[-122.243996,37.86835],[-122.244012,37.868354],[-122.244,37.868667],[-122.243955,37.868655]]]},"properties":{"APN":"48H-7703-96-1","SitusAddress":"3360 DWIGHT WAY OAKLAND 94704"}},{"type":"Feature","geometry":{"type":"Polygon","coordinates":[[[-122.244038,37.868677],[-122.244,37.868667],[-122.244012,37.868354],[-122.244027,37.868358],[-122.244058,37.868365],[-122.244089,37.868372],[-122.244098,37.868373],[-122.244086,37.868678],[-122.244038,37.868677]]]},"properties":{"APN":"48H-7703-97","SitusAddress":" DWIGHT WAY OAKLAND 94704"}},{"type":"Feature","geometry":{"type":"Polygon","coordinates":[[[-122.244152,37.868679],[-122.244086,37.868678],[-122.244098,37.868373],[-122.24412,37.868378],[-122.244152,37.868384],[-122.244184,37.868389],[-122.244173,37.86868],[-122.244152,37.868679]]]},"properties":{"APN":"48H-7703-98","SitusAddress":" DWIGHT WAY OAKLAND 94704"}},{"type":"Feature","geometry":{"type":"Polygon","coordinates":[[[-122.24422,37.868681],[-122.244173,37.86868],[-122.244184,37.868389],[-122.244215,37.868394],[-122.244247,37.868398],[-122.24427,37.868401],[-122.244259,37.868682],[-122.24422,37.868681]]]},"properties":{"APN":"48H-7703-99","SitusAddress":" DWIGHT WAY OAKLAND 94704"}},{"type":"Feature","geometry":{"type":"Polygon","coordinates":[[[-122.244259,37.868682],[-122.24427,37.868401],[-122.244279,37.868402],[-122.244311,37.868406],[-122.244343,37.868409],[-122.244375,37.868412],[-122.244407,37.868414],[-122.244439,37.868416],[-122.244496,37.868418],[-122.244529,37.868419],[-122.244519,37.868688],[-122.244259,37.868682]]]},"properties":{"APN":"48H-7703-100-1","SitusAddress":"3326 DWIGHT WAY OAKLAND 94704"}},{"type":"Feature","geometry":{"type":"Polygon","coordinates":[[[-122.244822,37.869281],[-122.244737,37.869269],[-122.244737,37.869269],[-122.244748,37.869271],[-122.244804,37.869],[-122.244719,37.868988],[-122.244674,37.86896],[-122.244524,37.868866],[-122.244443,37.868815],[-122.244259,37.868705],[-122.24422,37.868681],[-122.244259,37.868682],[-122.244519,37.868688],[-122.244529,37.868419],[-122.244932,37.868429],[-122.245015,37.868462],[-122.245015,37.868465],[-122.245035,37.86859],[-122.245087,37.869039],[-122.244879,37.869011],[-122.244822,37.869281]]]},"properties":{"APN":"48H-7703-109-1","SitusAddress":"200 PANORAMIC WAY OAKLAND 94704"}},{"type":"Feature","geometry":{"type":"Polygon","coordinates":[[[-122.242412,37.867703],[-122.242413,37.867702],[-122.242421,37.867695],[-122.242429,37.867689],[-122.242437,37.867682],[-122.242445,37.867675],[-122.242452,37.867668],[-122.24246,37.867661],[-122.242467,37.867654],[-122.242474,37.867646],[-122.242481,37.867639],[-122.242488,37.867632],[-122.242494,37.867624],[-122.242501,37.867616],[-122.242507,37.867609],[-122.242513,37.867601],[-122.242519,37.867593],[-122.242521,37.86759],[-122.242791,37.867677],[-122.242847,37.867659],[-122.243168,37.867763],[-122.243152,37.867795],[-122.242831,37.86769],[-122.242798,37.867754],[-122.242765,37.867818],[-122.242412,37.867703]]]},"properties":{"APN":"48H-7703-110","SitusAddress":"630 PANORAMIC WAY OAKLAND 94704"}},{"type":"Feature","geometry":{"type":"Polygon","coordinates":[[[-122.242847,37.867659],[-122.242791,37.867677],[-122.242521,37.86759],[-122.242525,37.867585],[-122.24253,37.867577],[-122.242536,37.867569],[-122.242541,37.867561],[-122.242546,37.867552],[-122.242551,37.867544],[-122.242555,37.867535],[-122.24256,37.867527],[-122.242564,37.867518],[-122.242568,37.86751],[-122.242572,37.867501],[-122.242575,37.867493],[-122.242579,37.867484],[-122.242582,37.867475],[-122.242584,37.867471],[-122.242881,37.867537],[-122.242864,37.867627],[-122.243184,37.867731],[-122.243168,37.867763],[-122.242847,37.867659]]]},"properties":{"APN":"48H-7703-111","SitusAddress":"640 PANORAMIC WAY OAKLAND 94704"}},{"type":"Feature","geometry":{"type":"Polygon","coordinates":[[[-122.24058,37.868757],[-122.240874,37.868518],[-122.240927,37.868554],[-122.240655,37.8688],[-122.24058,37.868757]]]},"properties":{"APN":"48H-7704-1","SitusAddress":" PANORAMIC WAY OAKLAND 94704"}},{"type":"Feature","geometry":{"type":"Polygon","coordinates":[[[-122.240463,37.86869],[-122.240834,37.868491],[-122.240874,37.868518],[-122.24058,37.868757],[-122.240463,37.86869]]]},"properties":{"APN":"48H-7704-2","SitusAddress":" PANORAMIC WAY OAKLAND 94704"}},{"type":"Feature","geometry":{"type":"Polygon","coordinates":[[[-122.240345,37.868622],[-122.240732,37.868501],[-122.240812,37.868476],[-122.240834,37.868491],[-122.240463,37.86869],[-122.240345,37.868622]]]},"properties":{"APN":"48H-7704-3","SitusAddress":" PANORAMIC WAY OAKLAND 94704"}},{"type":"Feature","geometry":{"type":"Polygon","coordinates":[[[-122.240303,37.868532],[-122.240719,37.868479],[-122.240732,37.868501],[-122.240345,37.868622],[-122.240342,37.86862],[-122.240341,37.86862],[-122.24034,37.868619],[-122.240339,37.868618],[-122.240338,37.868617],[-122.240337,37.868616],[-122.240335,37.868616],[-122.240334,37.868615],[-122.240333,37.868614],[-122.240332,37.868613],[-122.240331,37.868612],[-122.24033,37.868611],[-122.240329,37.86861],[-122.240328,37.86861],[-122.240327,37.868609],[-122.240326,37.868608],[-122.240325,37.868607],[-122.240325,37.868606],[-122.240324,37.868605],[-122.240323,37.868604],[-122.240322,37.868603],[-122.240321,37.868602],[-122.24032,37.868601],[-122.24032,37.8686],[-122.240319,37.868599],[-122.240318,37.868598],[-122.240317,37.868597],[-122.240317,37.868595],[-122.240316,37.868594],[-122.240315,37.868593],[-122.240315,37.868592],[-122.240314,37.868591],[-122.240314,37.86859],[-122.240313,37.868589],[-122.240313,37.868588],[-122.240312,37.868587],[-122.240312,37.868585],[-122.240311,37.868584],[-122.240311,37.868583],[-122.240311,37.868582],[-122.24031,37.868581],[-122.24031,37.86858],[-122.24031,37.868578],[-122.240309,37.868577],[-122.240309,37.868576],[-122.240309,37.868575],[-122.240309,37.868574],[-122.240303,37.868532]]]},"properties":{"APN":"48H-7704-4","SitusAddress":" PANORAMIC WAY OAKLAND 94704"}},{"type":"Feature","geometry":{"type":"Polygon","coordinates":[[[-122.240295,37.868466],[-122.240686,37.868416],[-122.240719,37.868479],[-122.240303,37.868532],[-122.240295,37.868466]]]},"properties":{"APN":"48H-7704-5","SitusAddress":" PANORAMIC WAY OAKLAND 94704"}},{"type":"Feature","geometry":{"type":"Polygon","coordinates":[[[-122.240286,37.868398],[-122.240651,37.868351],[-122.240686,37.868416],[-122.240295,37.868466],[-122.240286,37.868399],[-122.240286,37.868398]]]},"properties":{"APN":"48H-7704-6","SitusAddress":" PANORAMIC WAY OAKLAND 94704"}},{"type":"Feature","geometry":{"type":"Polygon","coordinates":[[[-122.240607,37.86827],[-122.240651,37.868351],[-122.240286,37.868398],[-122.240286,37.868397],[-122.240286,37.868395],[-122.240286,37.868394],[-122.240286,37.868393],[-122.240286,37.868392],[-122.240286,37.868391],[-122.240286,37.868389],[-122.240286,37.868388],[-122.240286,37.868387],[-122.240286,37.868386],[-122.240287,37.868385],[-122.240287,37.868384],[-122.240287,37.868382],[-122.240287,37.868381],[-122.240287,37.86838],[-122.240288,37.868379],[-122.240288,37.868378],[-122.240288,37.868376],[-122.240289,37.868375],[-122.240289,37.868374],[-122.240289,37.868373],[-122.24029,37.868372],[-122.24029,37.868371],[-122.240291,37.86837],[-122.240291,37.868368],[-122.240292,37.868367],[-122.240292,37.868366],[-122.240293,37.868365],[-122.240294,37.868364],[-122.240294,37.868363],[-122.240295,37.868362],[-122.240296,37.868361],[-122.240296,37.86836],[-122.240297,37.868359],[-122.240298,37.868358],[-122.240299,37.868357],[-122.240299,37.868356],[-122.2403,37.868355],[-122.240301,37.868354],[-122.240302,37.868353],[-122.240303,37.868352],[-122.240304,37.868351],[-122.240305,37.86835],[-122.240306,37.868349],[-122.240307,37.868348],[-122.240307,37.868347],[-122.240308,37.868346],[-122.24031,37.868345],[-122.240311,37.868344],[-122.240312,37.868343],[-122.240313,37.868343],[-122.240314,37.868342],[-122.240315,37.868341],[-122.240316,37.86834],[-122.240317,37.868339],[-122.240318,37.868339],[-122.24032,37.868338],[-122.240321,37.868337],[-122.240322,37.868336],[-122.240323,37.868336],[-122.240324,37.868335],[-122.240326,37.868334],[-122.240327,37.868334],[-122.240328,37.868333],[-122.24033,37.868333],[-122.240331,37.868332],[-122.240332,37.868331],[-122.240334,37.868331],[-122.240335,37.86833],[-122.240336,37.86833],[-122.240338,37.868329],[-122.240339,37.868329],[-122.24034,37.868328],[-122.240342,37.868328],[-122.240343,37.868328],[-122.240345,37.868327],[-122.240346,37.868327],[-122.240348,37.868326],[-122.240349,37.868326],[-122.240351,37.868326],[-122.240352,37.868325],[-122.240522,37.868292],[-122.24054,37.868289],[-122.240549,37.868287],[-122.240558,37.868284],[-122.240567,37.868282],[-122.240576,37.86828],[-122.240585,37.868277],[-122.240593,37.868274],[-122.240602,37.868272],[-122.240607,37.86827]]]},"properties":{"APN":"48H-7704-7","SitusAddress":" PANORAMIC WAY OAKLAND 94704"}},{"type":"Feature","geometry":{"type":"Polygon","coordinates":[[[-122.240719,37.868479],[-122.240686,37.868416],[-122.240651,37.868351],[-122.240607,37.86827],[-122.240611,37.868269],[-122.240619,37.868266],[-122.240628,37.868262],[-122.240636,37.868259],[-122.240644,37.868256],[-122.240653,37.868252],[-122.240661,37.868249],[-122.240669,37.868245],[-122.240677,37.868241],[-122.240685,37.868237],[-122.240693,37.868233],[-122.240894,37.868451],[-122.240812,37.868476],[-122.240732,37.868501],[-122.240719,37.868479]]]},"properties":{"APN":"48H-7704-8","SitusAddress":" PANORAMIC WAY OAKLAND 94704"}},{"type":"Feature","geometry":{"type":"Polygon","coordinates":[[[-122.240764,37.868188],[-122.240994,37.868398],[-122.240913,37.868449],[-122.240707,37.868225],[-122.24072,37.868218],[-122.240727,37.868213],[-122.240734,37.868209],[-122.240741,37.868204],[-122.240749,37.868199],[-122.240756,37.868194],[-122.240762,37.868189],[-122.240764,37.868188]]]},"properties":{"APN":"48H-7704-9","SitusAddress":" PANORAMIC WAY OAKLAND 94704"}},{"type":"Feature","geometry":{"type":"Polygon","coordinates":[[[-122.240764,37.868188],[-122.240769,37.868184],[-122.240776,37.868179],[-122.240823,37.868141],[-122.241072,37.868335],[-122.240994,37.868398],[-122.240764,37.868188]]]},"properties":{"APN":"48H-7704-10","SitusAddress":" PANORAMIC WAY OAKLAND 94704"}},{"type":"Feature","geometry":{"type":"Polygon","coordinates":[[[-122.240884,37.868092],[-122.240945,37.868043],[-122.241193,37.868237],[-122.241156,37.868266],[-122.241156,37.868268],[-122.241133,37.868286],[-122.241072,37.868335],[-122.240823,37.868141],[-122.240884,37.868092]]]},"properties":{"APN":"48H-7704-12-1","SitusAddress":" PANORAMIC WAY OAKLAND 94704"}},{"type":"Feature","geometry":{"type":"Polygon","coordinates":[[[-122.240945,37.868043],[-122.241006,37.867994],[-122.241254,37.868188],[-122.241193,37.868237],[-122.240945,37.868043]]]},"properties":{"APN":"48H-7704-13","SitusAddress":" PANORAMIC WAY OAKLAND 94704"}},{"type":"Feature","geometry":{"type":"Polygon","coordinates":[[[-122.241006,37.867994],[-122.241067,37.867946],[-122.241315,37.868139],[-122.241254,37.868188],[-122.241006,37.867994]]]},"properties":{"APN":"48H-7704-14","SitusAddress":" PANORAMIC WAY OAKLAND 94704"}},{"type":"Feature","geometry":{"type":"Polygon","coordinates":[[[-122.241067,37.867946],[-122.241136,37.867892],[-122.241375,37.86809],[-122.241315,37.868139],[-122.241067,37.867946]]]},"properties":{"APN":"48H-7704-15","SitusAddress":" PANORAMIC WAY OAKLAND 94704"}},{"type":"Feature","geometry":{"type":"Polygon","coordinates":[[[-122.24161,37.867509],[-122.241614,37.867505],[-122.241849,37.867681],[-122.241801,37.867748],[-122.241709,37.867822],[-122.241582,37.867924],[-122.241558,37.867943],[-122.241318,37.867745],[-122.241372,37.867702],[-122.241433,37.867653],[-122.241494,37.867604],[-122.241546,37.867563],[-122.241555,37.867555],[-122.241565,37.867548],[-122.241576,37.867538],[-122.241588,37.867528],[-122.241599,37.867519],[-122.24161,37.867509]]]},"properties":{"APN":"48H-7704-23-1","SitusAddress":" PANORAMIC WAY OAKLAND 94704"}},{"type":"Feature","geometry":{"type":"Polygon","coordinates":[[[-122.242132,37.867052],[-122.242145,37.866914],[-122.242134,37.866611],[-122.242146,37.866609],[-122.242162,37.866607],[-122.242179,37.866606],[-122.242195,37.866604],[-122.242212,37.866603],[-122.242228,37.866602],[-122.242245,37.866601],[-122.242261,37.8666],[-122.242278,37.8666],[-122.242295,37.8666],[-122.242311,37.8666],[-122.242328,37.8666],[-122.242345,37.866601],[-122.242361,37.866602],[-122.242378,37.866603],[-122.242394,37.866604],[-122.242411,37.866606],[-122.242427,37.866607],[-122.242444,37.866609],[-122.24246,37.866611],[-122.242476,37.866614],[-122.242493,37.866616],[-122.242509,37.866619],[-122.242525,37.866622],[-122.242527,37.866623],[-122.242529,37.866623],[-122.24253,37.866623],[-122.242532,37.866624],[-122.242534,37.866624],[-122.242536,37.866625],[-122.242537,37.866625],[-122.242539,37.866626],[-122.242541,37.866626],[-122.242542,37.866627],[-122.242544,37.866628],[-122.242546,37.866628],[-122.242547,37.866629],[-122.242549,37.86663],[-122.24255,37.86663],[-122.242552,37.866631],[-122.242554,37.866632],[-122.242555,37.866632],[-122.242557,37.866633],[-122.242558,37.866634],[-122.24256,37.866635],[-122.242561,37.866636],[-122.242563,37.866636],[-122.242564,37.866637],[-122.242565,37.866638],[-122.242567,37.866639],[-122.242568,37.86664],[-122.24257,37.866641],[-122.242571,37.866642],[-122.242572,37.866643],[-122.242574,37.866644],[-122.242575,37.866645],[-122.242576,37.866646],[-122.242577,37.866647],[-122.242578,37.866648],[-122.24258,37.866649],[-122.242581,37.86665],[-122.242582,37.866652],[-122.242583,37.866653],[-122.242584,37.866654],[-122.242585,37.866655],[-122.242586,37.866656],[-122.242587,37.866657],[-122.242588,37.866659],[-122.242589,37.86666],[-122.24259,37.866661],[-122.242591,37.866662],[-122.242592,37.866664],[-122.242593,37.866665],[-122.242593,37.866666],[-122.242594,37.866667],[-122.242595,37.866669],[-122.242596,37.86667],[-122.242596,37.866671],[-122.242597,37.866673],[-122.242598,37.866674],[-122.242598,37.866675],[-122.242599,37.866677],[-122.242599,37.866678],[-122.2426,37.86668],[-122.2426,37.866681],[-122.242601,37.866682],[-122.242601,37.866684],[-122.242602,37.866685],[-122.242602,37.866687],[-122.242602,37.866688],[-122.242603,37.866689],[-122.242603,37.866691],[-122.242603,37.866692],[-122.242603,37.866694],[-122.242604,37.866695],[-122.242604,37.866696],[-122.242604,37.866698],[-122.242604,37.866699],[-122.242604,37.866701],[-122.242604,37.866702],[-122.242604,37.866704],[-122.242604,37.866705],[-122.242604,37.866707],[-122.242604,37.866708],[-122.242604,37.866709],[-122.242603,37.866711],[-122.242603,37.866712],[-122.242603,37.866714],[-122.242603,37.866715],[-122.242602,37.866717],[-122.242602,37.866718],[-122.242602,37.866719],[-122.242601,37.866721],[-122.242601,37.866722],[-122.2426,37.866724],[-122.2426,37.866725],[-122.242599,37.866726],[-122.242599,37.866728],[-122.242517,37.866924],[-122.242508,37.866945],[-122.2425,37.866965],[-122.242493,37.866986],[-122.242486,37.867007],[-122.242479,37.867028],[-122.242473,37.867048],[-122.242468,37.86707],[-122.242463,37.867091],[-122.242461,37.867099],[-122.242132,37.867052]]]},"properties":{"APN":"48H-7704-44-2","SitusAddress":"701 PANORAMIC WAY OAKLAND 94704"}},{"type":"Feature","geometry":{"type":"Polygon","coordinates":[[[-122.242126,37.867121],[-122.242132,37.867052],[-122.242461,37.867099],[-122.242458,37.867112],[-122.242454,37.867133],[-122.24245,37.867154],[-122.242448,37.867167],[-122.242126,37.867121]]]},"properties":{"APN":"48H-7704-46","SitusAddress":" PANORAMIC WAY OAKLAND 94704"}},{"type":"Feature","geometry":{"type":"Polygon","coordinates":[[[-122.24212,37.867189],[-122.242126,37.867121],[-122.242448,37.867167],[-122.242447,37.867176],[-122.242444,37.867197],[-122.242442,37.867218],[-122.24244,37.867235],[-122.24212,37.867189]]]},"properties":{"APN":"48H-7704-47","SitusAddress":" PANORAMIC WAY OAKLAND 94704"}},{"type":"Feature","geometry":{"type":"Polygon","coordinates":[[[-122.241986,37.867485],[-122.242108,37.867312],[-122.24212,37.867189],[-122.24244,37.867235],[-122.24244,37.86724],[-122.242439,37.867261],[-122.242438,37.867283],[-122.242437,37.867323],[-122.242437,37.86733],[-122.242437,37.867337],[-122.242437,37.867343],[-122.242436,37.86735],[-122.242436,37.867357],[-122.242435,37.867364],[-122.242434,37.867371],[-122.242433,37.867377],[-122.242432,37.867384],[-122.242431,37.867391],[-122.242429,37.867397],[-122.242427,37.867404],[-122.242426,37.867411],[-122.242424,37.867417],[-122.242422,37.867424],[-122.242419,37.86743],[-122.242417,37.867437],[-122.242415,37.867443],[-122.242412,37.86745],[-122.242409,37.867456],[-122.242406,37.867463],[-122.242403,37.867469],[-122.2424,37.867475],[-122.242397,37.867482],[-122.242393,37.867488],[-122.242389,37.867494],[-122.242386,37.8675],[-122.242382,37.867506],[-122.242378,37.867512],[-122.242374,37.867518],[-122.242369,37.867524],[-122.242365,37.86753],[-122.24236,37.867536],[-122.242356,37.867541],[-122.242351,37.867547],[-122.242346,37.867552],[-122.242341,37.867558],[-122.242336,37.867563],[-122.242331,37.867569],[-122.242325,37.867574],[-122.24232,37.867579],[-122.242314,37.867584],[-122.242308,37.867589],[-122.242302,37.867594],[-122.242296,37.867599],[-122.24229,37.867604],[-122.242284,37.867609],[-122.242278,37.867613],[-122.242268,37.86762],[-122.24226,37.867626],[-122.242252,37.867632],[-122.242244,37.867638],[-122.242236,37.867644],[-122.241986,37.867485]]]},"properties":{"APN":"48H-7704-53-3","SitusAddress":" PANORAMIC WAY OAKLAND 94704"}},{"type":"Feature","geometry":{"type":"Polygon","coordinates":[[[-122.242129,37.866612],[-122.242134,37.866611],[-122.242145,37.866914],[-122.242132,37.867052],[-122.242126,37.867121],[-122.24212,37.867189],[-122.242108,37.867312],[-122.241986,37.867485],[-122.241849,37.867681],[-122.241614,37.867505],[-122.24162,37.867499],[-122.241631,37.867488],[-122.241641,37.867478],[-122.241651,37.867467],[-122.241661,37.867457],[-122.24167,37.867446],[-122.24168,37.867435],[-122.241689,37.867424],[-122.241697,37.867413],[-122.241706,37.867401],[-122.241714,37.86739],[-122.241722,37.867378],[-122.24173,37.867367],[-122.241738,37.867355],[-122.241745,37.867343],[-122.241752,37.867331],[-122.241759,37.867319],[-122.241765,37.867307],[-122.241771,37.867295],[-122.241777,37.867283],[-122.241783,37.86727],[-122.241788,37.867258],[-122.241794,37.867245],[-122.241798,37.867233],[-122.241803,37.86722],[-122.241807,37.867207],[-122.241811,37.867194],[-122.241815,37.867182],[-122.241818,37.867169],[-122.241822,37.867156],[-122.241824,37.867143],[-122.241826,37.867137],[-122.241826,37.867132],[-122.241827,37.867127],[-122.241828,37.867122],[-122.241828,37.867116],[-122.241829,37.867111],[-122.241829,37.867106],[-122.241829,37.867101],[-122.24183,37.867096],[-122.241829,37.867091],[-122.241829,37.867085],[-122.241829,37.86708],[-122.241829,37.867075],[-122.241828,37.86707],[-122.241828,37.867065],[-122.241827,37.86706],[-122.241826,37.867054],[-122.241825,37.867049],[-122.241824,37.867044],[-122.241823,37.867039],[-122.241822,37.867034],[-122.24182,37.867029],[-122.241819,37.867024],[-122.241817,37.867019],[-122.241816,37.867014],[-122.241814,37.867009],[-122.241812,37.867004],[-122.24181,37.866999],[-122.241808,37.866994],[-122.241805,37.866989],[-122.241803,37.866985],[-122.241801,37.86698],[-122.241798,37.866975],[-122.241795,37.86697],[-122.241793,37.866966],[-122.24179,37.866961],[-122.241787,37.866956],[-122.241784,37.866952],[-122.24178,37.866947],[-122.241777,37.866943],[-122.241774,37.866938],[-122.24177,37.866934],[-122.241767,37.86693],[-122.241763,37.866925],[-122.241759,37.866921],[-122.241755,37.866917],[-122.241752,37.866913],[-122.241748,37.866909],[-122.241743,37.866905],[-122.241739,37.866901],[-122.241735,37.866897],[-122.24173,37.866893],[-122.241727,37.86689],[-122.241726,37.866889],[-122.241724,37.866888],[-122.241723,37.866886],[-122.241722,37.866885],[-122.24172,37.866883],[-122.241719,37.866882],[-122.241718,37.86688],[-122.241716,37.866879],[-122.241715,37.866877],[-122.241714,37.866875],[-122.241713,37.866874],[-122.241712,37.866872],[-122.24171,37.866871],[-122.241709,37.866869],[-122.241708,37.866867],[-122.241707,37.866866],[-122.241706,37.866864],[-122.241706,37.866862],[-122.241705,37.86686],[-122.241704,37.866859],[-122.241703,37.866857],[-122.241702,37.866855],[-122.241702,37.866854],[-122.241701,37.866852],[-122.2417,37.86685],[-122.2417,37.866848],[-122.241699,37.866846],[-122.241698,37.866845],[-122.241698,37.866843],[-122.241698,37.866841],[-122.241697,37.866839],[-122.241697,37.866837],[-122.241696,37.866836],[-122.241696,37.866834],[-122.241696,37.866832],[-122.241696,37.86683],[-122.241695,37.866828],[-122.241695,37.866826],[-122.241695,37.866825],[-122.241695,37.866823],[-122.241695,37.866821],[-122.241695,37.866819],[-122.241695,37.866817],[-122.241695,37.866815],[-122.241696,37.866813],[-122.241696,37.866812],[-122.241696,37.86681],[-122.241696,37.866808],[-122.241697,37.866806],[-122.241697,37.866804],[-122.241697,37.866802],[-122.241698,37.866801],[-122.241698,37.866799],[-122.241699,37.866797],[-122.241699,37.866795],[-122.2417,37.866794],[-122.241701,37.866792],[-122.241701,37.86679],[-122.241702,37.866788],[-122.241703,37.866786],[-122.241703,37.866785],[-122.241704,37.866783],[-122.241705,37.866781],[-122.241706,37.86678],[-122.241707,37.866778],[-122.241708,37.866776],[-122.241709,37.866775],[-122.24171,37.866773],[-122.241711,37.866771],[-122.241712,37.86677],[-122.241713,37.866768],[-122.241715,37.866766],[-122.241716,37.866765],[-122.241717,37.866763],[-122.241718,37.866762],[-122.24172,37.86676],[-122.241721,37.866759],[-122.241722,37.866757],[-122.241724,37.866756],[-122.241725,37.866754],[-122.241727,37.866753],[-122.241728,37.866752],[-122.24173,37.86675],[-122.241731,37.866749],[-122.241733,37.866748],[-122.241735,37.866746],[-122.241736,37.866745],[-122.241738,37.866744],[-122.24174,37.866742],[-122.241742,37.866741],[-122.241743,37.86674],[-122.241745,37.866739],[-122.241747,37.866738],[-122.241749,37.866737],[-122.241751,37.866736],[-122.241753,37.866734],[-122.241776,37.866722],[-122.24179,37.866715],[-122.241804,37.866708],[-122.241818,37.866701],[-122.241833,37.866695],[-122.241847,37.866689],[-122.241862,37.866683],[-122.241877,37.866677],[-122.241892,37.866671],[-122.241907,37.866665],[-122.241922,37.86666],[-122.241938,37.866655],[-122.241953,37.86665],[-122.241969,37.866646],[-122.241985,37.866641],[-122.242,37.866637],[-122.242016,37.866633],[-122.242032,37.866629],[-122.242048,37.866626],[-122.242064,37.866623],[-122.24208,37.866619],[-122.242097,37.866617],[-122.242113,37.866614],[-122.242129,37.866612]]]},"properties":{"APN":"48H-7704-53-4","SitusAddress":"777 PANORAMIC WAY OAKLAND 94704"}},{"type":"Feature","geometry":{"type":"Polygon","coordinates":[[[-122.241582,37.867924],[-122.241709,37.867822],[-122.241801,37.867748],[-122.241849,37.867681],[-122.241986,37.867485],[-122.242236,37.867644],[-122.242236,37.867644],[-122.242198,37.867677],[-122.242163,37.867713],[-122.242133,37.867752],[-122.242107,37.867793],[-122.242086,37.867835],[-122.24207,37.867878],[-122.242059,37.867923],[-122.242053,37.867968],[-122.242052,37.867996],[-122.242047,37.868025],[-122.242039,37.868052],[-122.242026,37.868079],[-122.242011,37.868105],[-122.241992,37.868129],[-122.24197,37.868151],[-122.241945,37.868172],[-122.24192,37.868188],[-122.241583,37.867924],[-122.241582,37.867924]]]},"properties":{"APN":"48H-7704-68-2","SitusAddress":" PANORAMIC WAY OAKLAND 94704"}},{"type":"Feature","geometry":{"type":"Polygon","coordinates":[[[-122.241156,37.868268],[-122.241156,37.868266],[-122.241193,37.868237],[-122.241254,37.868188],[-122.241315,37.868139],[-122.241375,37.86809],[-122.241136,37.867892],[-122.241318,37.867745],[-122.241558,37.867943],[-122.241582,37.867924],[-122.241583,37.867924],[-122.24192,37.868188],[-122.241921,37.868189],[-122.241895,37.868203],[-122.241868,37.868215],[-122.241839,37.868226],[-122.24181,37.868234],[-122.24178,37.86824],[-122.241749,37.868244],[-122.241717,37.868246],[-122.241686,37.868245],[-122.241665,37.868244],[-122.241643,37.868244],[-122.241622,37.868246],[-122.241601,37.86825],[-122.241581,37.868256],[-122.241562,37.868263],[-122.241544,37.868272],[-122.241527,37.868283],[-122.241512,37.868295],[-122.241499,37.868308],[-122.241488,37.868323],[-122.241479,37.868338],[-122.241472,37.868354],[-122.241467,37.86837],[-122.241465,37.868387],[-122.241465,37.868404],[-122.241467,37.868419],[-122.241109,37.868466],[-122.241156,37.868268]]]},"properties":{"APN":"48H-7704-68-3","SitusAddress":" PANORAMIC WAY OAKLAND 94704"}},{"type":"Feature","geometry":{"type":"Polygon","coordinates":[[[-122.241905,37.869175],[-122.241828,37.869144],[-122.241751,37.869112],[-122.241674,37.869081],[-122.241623,37.869044],[-122.241572,37.869006],[-122.241508,37.868959],[-122.241453,37.868917],[-122.241402,37.86888],[-122.241359,37.868848],[-122.241296,37.868801],[-122.241233,37.868754],[-122.24119,37.868723],[-122.241114,37.868494],[-122.241476,37.868446],[-122.241477,37.868449],[-122.241478,37.868451],[-122.241479,37.868454],[-122.241481,37.868456],[-122.241482,37.868459],[-122.241483,37.868461],[-122.241485,37.868464],[-122.241486,37.868466],[-122.241488,37.868468],[-122.241489,37.868471],[-122.241491,37.868473],[-122.241493,37.868475],[-122.241494,37.868478],[-122.241496,37.86848],[-122.241498,37.868482],[-122.2415,37.868484],[-122.241502,37.868487],[-122.241504,37.868489],[-122.241506,37.868491],[-122.241508,37.868493],[-122.24151,37.868495],[-122.241512,37.868497],[-122.241516,37.8685],[-122.241979,37.868893],[-122.241983,37.868896],[-122.241987,37.8689],[-122.241992,37.868903],[-122.241996,37.868906],[-122.242001,37.86891],[-122.242005,37.868913],[-122.24201,37.868916],[-122.242015,37.868919],[-122.242019,37.868922],[-122.242024,37.868925],[-122.242029,37.868928],[-122.242034,37.86893],[-122.242039,37.868933],[-122.242044,37.868936],[-122.242049,37.868938],[-122.242055,37.868941],[-122.24206,37.868943],[-122.242065,37.868946],[-122.242071,37.868948],[-122.242076,37.86895],[-122.242081,37.868952],[-122.242087,37.868954],[-122.242092,37.868956],[-122.242098,37.868958],[-122.242104,37.86896],[-122.242109,37.868962],[-122.242115,37.868964],[-122.242118,37.868964],[-122.241967,37.8692],[-122.241905,37.869175]]]},"properties":{"APN":"48H-7704-73-4","SitusAddress":"567 PANORAMIC WAY OAKLAND 94704"}},{"type":"Feature","geometry":{"type":"Polygon","coordinates":[[[-122.242215,37.869235],[-122.242135,37.869233],[-122.242066,37.869233],[-122.242049,37.869232],[-122.242033,37.869226],[-122.241967,37.8692],[-122.242118,37.868964],[-122.242121,37.868965],[-122.242127,37.868967],[-122.242132,37.868968],[-122.242138,37.868969],[-122.242144,37.868971],[-122.24215,37.868972],[-122.242156,37.868973],[-122.242162,37.868974],[-122.242168,37.868975],[-122.242174,37.868976],[-122.24218,37.868977],[-122.242186,37.868977],[-122.242192,37.868978],[-122.242198,37.868978],[-122.242204,37.868979],[-122.24221,37.868979],[-122.242216,37.868979],[-122.242222,37.86898],[-122.242228,37.86898],[-122.242235,37.86898],[-122.242241,37.86898],[-122.242247,37.86898],[-122.242253,37.868979],[-122.242259,37.868979],[-122.242265,37.868979],[-122.242271,37.868978],[-122.242277,37.868978],[-122.242283,37.868977],[-122.242289,37.868976],[-122.242295,37.868975],[-122.242301,37.868975],[-122.242307,37.868974],[-122.242313,37.868972],[-122.242319,37.868971],[-122.242325,37.86897],[-122.242331,37.868969],[-122.242337,37.868967],[-122.242342,37.868966],[-122.242348,37.868964],[-122.242354,37.868963],[-122.24236,37.868961],[-122.242365,37.868959],[-122.242371,37.868957],[-122.242376,37.868955],[-122.242382,37.868953],[-122.24239,37.86895],[-122.242392,37.868949],[-122.242394,37.868949],[-122.242397,37.868948],[-122.242399,37.868947],[-122.242402,37.868946],[-122.242404,37.868945],[-122.242407,37.868944],[-122.24241,37.868944],[-122.242412,37.868943],[-122.242415,37.868942],[-122.242417,37.868942],[-122.24242,37.868941],[-122.242423,37.868941],[-122.242425,37.86894],[-122.242428,37.86894],[-122.242431,37.868939],[-122.242433,37.868939],[-122.242436,37.868938],[-122.242439,37.868938],[-122.242441,37.868938],[-122.242444,37.868938],[-122.242447,37.868937],[-122.242449,37.868937],[-122.242452,37.868937],[-122.242455,37.868937],[-122.242458,37.868937],[-122.24246,37.868937],[-122.242463,37.868937],[-122.242466,37.868937],[-122.242468,37.868937],[-122.242471,37.868937],[-122.242474,37.868937],[-122.242477,37.868937],[-122.242479,37.868938],[-122.242483,37.868938],[-122.242504,37.868941],[-122.242499,37.869237],[-122.242499,37.869238],[-122.242499,37.869238],[-122.242216,37.869235],[-122.242215,37.869235],[-122.242215,37.869235],[-122.242215,37.869235]]]},"properties":{"APN":"48H-7704-78-1","SitusAddress":"545 PANORAMIC WAY OAKLAND 94704"}},{"type":"Feature","geometry":{"type":"Polygon","coordinates":[[[-122.242735,37.86924],[-122.242648,37.869239],[-122.2425,37.869238],[-122.242499,37.869238],[-122.242499,37.869237],[-122.242504,37.868941],[-122.242677,37.868962],[-122.242803,37.868978],[-122.242816,37.868979],[-122.242829,37.86898],[-122.242842,37.868981],[-122.242855,37.868982],[-122.242868,37.868983],[-122.242881,37.868983],[-122.242895,37.868984],[-122.242908,37.868984],[-122.242921,37.868984],[-122.242934,37.868984],[-122.242947,37.868983],[-122.24296,37.868983],[-122.242973,37.868982],[-122.242997,37.86898],[-122.243102,37.868978],[-122.243098,37.869226],[-122.243097,37.869244],[-122.243097,37.869251],[-122.242735,37.86924]]]},"properties":{"APN":"48H-7704-82-2","SitusAddress":"517 PANORAMIC WAY OAKLAND 94704"}},{"type":"Feature","geometry":{"type":"Polygon","coordinates":[[[-122.243097,37.869251],[-122.243097,37.869244],[-122.243098,37.869226],[-122.243102,37.868978],[-122.24311,37.868977],[-122.243402,37.868951],[-122.243432,37.868948],[-122.243462,37.868948],[-122.243492,37.868951],[-122.243521,37.868958],[-122.243756,37.869045],[-122.243597,37.869292],[-122.24352,37.869261],[-122.243488,37.869248],[-122.243126,37.869251],[-122.243097,37.869251]]]},"properties":{"APN":"48H-7704-89-1","SitusAddress":" PANORAMIC WAY OAKLAND 94704"}},{"type":"Feature","geometry":{"type":"Polygon","coordinates":[[[-122.243989,37.869451],[-122.243667,37.869321],[-122.243597,37.869292],[-122.243756,37.869045],[-122.243848,37.869079],[-122.243879,37.869089],[-122.243912,37.869097],[-122.243946,37.869102],[-122.24398,37.869104],[-122.244007,37.869106],[-122.244035,37.86911],[-122.244061,37.869117],[-122.244086,37.869127],[-122.24411,37.869138],[-122.244132,37.869152],[-122.244151,37.869168],[-122.244169,37.869185],[-122.244198,37.869215],[-122.244231,37.869244],[-122.244266,37.86927],[-122.244304,37.869295],[-122.244159,37.86952],[-122.244133,37.869509],[-122.244095,37.869494],[-122.243991,37.869452],[-122.243989,37.869451]]]},"properties":{"APN":"48H-7704-92-2","SitusAddress":"435 PANORAMIC WAY OAKLAND 94704"}},{"type":"Feature","geometry":{"type":"Polygon","coordinates":[[[-122.244159,37.86952],[-122.244304,37.869295],[-122.244327,37.86931],[-122.244352,37.869323],[-122.244378,37.869336],[-122.244405,37.869347],[-122.244433,37.869356],[-122.244462,37.869365],[-122.244491,37.869371],[-122.24452,37.869377],[-122.24442,37.86957],[-122.244213,37.869581],[-122.244209,37.86954],[-122.244159,37.86952]]]},"properties":{"APN":"48H-7704-95-1","SitusAddress":"425 PANORAMIC WAY OAKLAND 94704"}},{"type":"Feature","geometry":{"type":"Polygon","coordinates":[[[-122.24452,37.869377],[-122.244521,37.869376],[-122.244525,37.869377],[-122.244527,37.869378],[-122.244538,37.86938],[-122.244549,37.869382],[-122.244559,37.869384],[-122.24457,37.869386],[-122.244588,37.869389],[-122.244848,37.869424],[-122.244851,37.869425],[-122.244853,37.869425],[-122.244856,37.869426],[-122.244859,37.869426],[-122.244861,37.869427],[-122.244864,37.869427],[-122.244866,37.869428],[-122.244869,37.869428],[-122.244872,37.869429],[-122.244874,37.86943],[-122.244877,37.86943],[-122.244879,37.869431],[-122.244882,37.869432],[-122.244884,37.869433],[-122.244887,37.869434],[-122.244889,37.869435],[-122.244892,37.869436],[-122.244894,37.869437],[-122.244897,37.869438],[-122.244899,37.869439],[-122.244901,37.86944],[-122.244904,37.869441],[-122.244906,37.869442],[-122.244908,37.869443],[-122.244911,37.869444],[-122.244913,37.869446],[-122.244915,37.869447],[-122.244917,37.869448],[-122.244919,37.86945],[-122.244922,37.869451],[-122.244924,37.869452],[-122.244926,37.869454],[-122.244928,37.869455],[-122.24493,37.869457],[-122.244932,37.869458],[-122.244934,37.86946],[-122.244936,37.869461],[-122.244937,37.869463],[-122.244939,37.869465],[-122.244941,37.869466],[-122.244943,37.869468],[-122.244945,37.86947],[-122.244946,37.869471],[-122.244948,37.869473],[-122.24495,37.869475],[-122.244951,37.869477],[-122.244953,37.869478],[-122.244954,37.86948],[-122.244956,37.869482],[-122.244957,37.869484],[-122.244958,37.869486],[-122.24496,37.869488],[-122.244961,37.86949],[-122.244962,37.869491],[-122.244963,37.869493],[-122.244965,37.869495],[-122.244966,37.869497],[-122.244967,37.869499],[-122.244968,37.869501],[-122.244969,37.869503],[-122.24497,37.869505],[-122.244971,37.869507],[-122.244971,37.86951],[-122.244972,37.869512],[-122.244973,37.869514],[-122.244974,37.869516],[-122.244974,37.869518],[-122.244975,37.86952],[-122.244975,37.869522],[-122.244976,37.869524],[-122.244976,37.869526],[-122.244977,37.869529],[-122.244977,37.869531],[-122.244978,37.869533],[-122.244978,37.869535],[-122.244978,37.869539],[-122.24442,37.86957],[-122.24452,37.869377]]]},"properties":{"APN":"48H-7704-97-1","SitusAddress":"401 PANORAMIC WAY OAKLAND 94704"}},{"type":"Feature","geometry":{"type":"Polygon","coordinates":[[[-122.243865,37.869532],[-122.243951,37.86951],[-122.243989,37.869451],[-122.243991,37.869452],[-122.244095,37.869494],[-122.244133,37.869509],[-122.244159,37.86952],[-122.244209,37.86954],[-122.244213,37.869581],[-122.243871,37.8696],[-122.243865,37.869532]]]},"properties":{"APN":"48H-7704-98","SitusAddress":"436 PANORAMIC WAY OAKLAND 94704"}},{"type":"Feature","geometry":{"type":"Polygon","coordinates":[[[-122.243667,37.869321],[-122.243989,37.869451],[-122.243951,37.86951],[-122.243865,37.869532],[-122.243773,37.869537],[-122.243687,37.869542],[-122.243667,37.869321]]]},"properties":{"APN":"48H-7704-99-1","SitusAddress":"444 PANORAMIC WAY OAKLAND 94704"}},{"type":"Feature","geometry":{"type":"Polygon","coordinates":[[[-122.243013,37.86949],[-122.24301,37.86949],[-122.243008,37.86949],[-122.243006,37.86949],[-122.243003,37.869491],[-122.243001,37.869491],[-122.242998,37.869491],[-122.242996,37.869491],[-122.242993,37.869491],[-122.242991,37.869492],[-122.242989,37.869492],[-122.242986,37.869492],[-122.242984,37.869493],[-122.242982,37.869493],[-122.242979,37.869494],[-122.242977,37.869494],[-122.242975,37.869494],[-122.242972,37.869495],[-122.24297,37.869496],[-122.242968,37.869496],[-122.242965,37.869497],[-122.242963,37.869497],[-122.242961,37.869498],[-122.242959,37.869499],[-122.242956,37.8695],[-122.242954,37.8695],[-122.242952,37.869501],[-122.24295,37.869502],[-122.242948,37.869503],[-122.242946,37.869504],[-122.242943,37.869505],[-122.242941,37.869506],[-122.242939,37.869507],[-122.242937,37.869508],[-122.242935,37.869509],[-122.242933,37.86951],[-122.242931,37.869511],[-122.242929,37.869512],[-122.242927,37.869513],[-122.242925,37.869515],[-122.242924,37.869516],[-122.242922,37.869517],[-122.24292,37.869518],[-122.24273,37.86952],[-122.24273,37.86952],[-122.24273,37.86952],[-122.242735,37.86924],[-122.243097,37.869251],[-122.243126,37.869251],[-122.243488,37.869248],[-122.24352,37.869261],[-122.243597,37.869292],[-122.243667,37.869321],[-122.243687,37.869542],[-122.243146,37.869572],[-122.243145,37.869569],[-122.243144,37.869567],[-122.243143,37.869565],[-122.243143,37.869563],[-122.243142,37.869561],[-122.243141,37.86956],[-122.24314,37.869558],[-122.243139,37.869556],[-122.243138,37.869554],[-122.243137,37.869552],[-122.243136,37.869551],[-122.243135,37.869549],[-122.243134,37.869547],[-122.243132,37.869546],[-122.243131,37.869544],[-122.24313,37.869542],[-122.243129,37.869541],[-122.243127,37.869539],[-122.243126,37.869538],[-122.243125,37.869536],[-122.243123,37.869534],[-122.243122,37.869533],[-122.24312,37.869531],[-122.243119,37.86953],[-122.243117,37.869529],[-122.243116,37.869527],[-122.243114,37.869526],[-122.243112,37.869524],[-122.243111,37.869523],[-122.243109,37.869522],[-122.243107,37.86952],[-122.243105,37.869519],[-122.243104,37.869518],[-122.243102,37.869516],[-122.2431,37.869515],[-122.243098,37.869514],[-122.243096,37.869513],[-122.243094,37.869512],[-122.243092,37.869511],[-122.24309,37.869509],[-122.243088,37.869508],[-122.243086,37.869507],[-122.243084,37.869506],[-122.243082,37.869505],[-122.24308,37.869504],[-122.243078,37.869503],[-122.243076,37.869503],[-122.243073,37.869502],[-122.243071,37.869501],[-122.243069,37.8695],[-122.243067,37.869499],[-122.243065,37.869499],[-122.243062,37.869498],[-122.24306,37.869497],[-122.243058,37.869496],[-122.243056,37.869496],[-122.243053,37.869495],[-122.243051,37.869495],[-122.243049,37.869494],[-122.243046,37.869494],[-122.243044,37.869493],[-122.243042,37.869493],[-122.243039,37.869492],[-122.243037,37.869492],[-122.243034,37.869492],[-122.243032,37.869491],[-122.24303,37.869491],[-122.243027,37.869491],[-122.243025,37.869491],[-122.243022,37.869491],[-122.24302,37.869491],[-122.243018,37.86949],[-122.243015,37.86949],[-122.243013,37.86949]]]},"properties":{"APN":"48H-7704-104-5","SitusAddress":"474 PANORAMIC WAY OAKLAND 94704"}},{"type":"Feature","geometry":{"type":"Polygon","coordinates":[[[-122.24273,37.86952],[-122.242211,37.869524],[-122.242211,37.869524],[-122.242215,37.869235],[-122.242215,37.869235],[-122.242215,37.869235],[-122.242215,37.869235],[-122.242216,37.869235],[-122.242499,37.869238],[-122.242499,37.869238],[-122.2425,37.869238],[-122.242648,37.869239],[-122.242735,37.86924],[-122.24273,37.86952],[-122.24273,37.86952]]]},"properties":{"APN":"48H-7704-117-1","SitusAddress":"850 PANORAMIC PL OAKLAND 94704"}},{"type":"Feature","geometry":{"type":"Polygon","coordinates":[[[-122.242131,37.869524],[-122.242135,37.869233],[-122.242215,37.869235],[-122.242215,37.869235],[-122.242211,37.869524],[-122.24221,37.869524],[-122.242131,37.869524]]]},"properties":{"APN":"48H-7704-118","SitusAddress":" PANORAMIC PL OAKLAND 94704"}},{"type":"Feature","geometry":{"type":"Polygon","coordinates":[[[-122.242013,37.869521],[-122.242066,37.869233],[-122.242135,37.869233],[-122.242131,37.869524],[-122.242082,37.869525],[-122.242074,37.869525],[-122.242067,37.869524],[-122.242059,37.869524],[-122.242052,37.869524],[-122.242045,37.869524],[-122.242037,37.869523],[-122.24203,37.869522],[-122.242023,37.869522],[-122.242015,37.869521],[-122.242013,37.869521]]]},"properties":{"APN":"48H-7704-119","SitusAddress":" PANORAMIC PL OAKLAND 94704"}},{"type":"Feature","geometry":{"type":"Polygon","coordinates":[[[-122.241896,37.869492],[-122.242033,37.869226],[-122.242049,37.869232],[-122.242066,37.869233],[-122.242013,37.869521],[-122.242008,37.86952],[-122.242001,37.869519],[-122.241993,37.869518],[-122.241986,37.869517],[-122.241979,37.869515],[-122.241972,37.869514],[-122.241965,37.869512],[-122.241957,37.869511],[-122.24195,37.869509],[-122.241943,37.869507],[-122.241936,37.869505],[-122.241929,37.869503],[-122.241922,37.869501],[-122.241915,37.869499],[-122.241909,37.869497],[-122.241902,37.869494],[-122.241896,37.869492]]]},"properties":{"APN":"48H-7704-120","SitusAddress":" PANORAMIC PL OAKLAND 94704"}},{"type":"Feature","geometry":{"type":"Polygon","coordinates":[[[-122.241819,37.869461],[-122.241967,37.8692],[-122.242033,37.869226],[-122.241896,37.869492],[-122.241885,37.869488],[-122.241819,37.869461]]]},"properties":{"APN":"48H-7704-121","SitusAddress":" PANORAMIC PL OAKLAND 94704"}},{"type":"Feature","geometry":{"type":"Polygon","coordinates":[[[-122.241967,37.8692],[-122.241819,37.869461],[-122.241742,37.86943],[-122.241905,37.869175],[-122.241967,37.8692]]]},"properties":{"APN":"48H-7704-122","SitusAddress":" PANORAMIC PL OAKLAND 94704"}},{"type":"Feature","geometry":{"type":"Polygon","coordinates":[[[-122.241742,37.86943],[-122.241664,37.869399],[-122.241828,37.869144],[-122.241905,37.869175],[-122.241742,37.86943]]]},"properties":{"APN":"48H-7704-123","SitusAddress":" PANORAMIC PL OAKLAND 94704"}},{"type":"Feature","geometry":{"type":"Polygon","coordinates":[[[-122.241587,37.869368],[-122.241751,37.869112],[-122.241828,37.869144],[-122.241664,37.869399],[-122.241587,37.869368]]]},"properties":{"APN":"48H-7704-124","SitusAddress":" PANORAMIC PL OAKLAND 94704"}},{"type":"Feature","geometry":{"type":"Polygon","coordinates":[[[-122.24151,37.869337],[-122.241674,37.869081],[-122.241751,37.869112],[-122.241587,37.869368],[-122.24151,37.869337]]]},"properties":{"APN":"48H-7704-125","SitusAddress":" PANORAMIC PL OAKLAND 94704"}},{"type":"Feature","geometry":{"type":"Polygon","coordinates":[[[-122.241434,37.869306],[-122.241623,37.869044],[-122.241674,37.869081],[-122.24151,37.869337],[-122.241434,37.869306]]]},"properties":{"APN":"48H-7704-126","SitusAddress":" PANORAMIC PL OAKLAND 94704"}},{"type":"Feature","geometry":{"type":"Polygon","coordinates":[[[-122.241623,37.869044],[-122.241434,37.869306],[-122.241356,37.869275],[-122.241572,37.869006],[-122.241623,37.869044]]]},"properties":{"APN":"48H-7704-127","SitusAddress":" PANORAMIC PL OAKLAND 94704"}},{"type":"Feature","geometry":{"type":"Polygon","coordinates":[[[-122.241356,37.869275],[-122.241278,37.869243],[-122.241508,37.868959],[-122.241572,37.869006],[-122.241356,37.869275]]]},"properties":{"APN":"48H-7704-128","SitusAddress":" PANORAMIC PL OAKLAND 94704"}},{"type":"Feature","geometry":{"type":"Polygon","coordinates":[[[-122.241196,37.869208],[-122.241453,37.868917],[-122.241508,37.868959],[-122.241278,37.869243],[-122.241258,37.869235],[-122.241243,37.869229],[-122.241229,37.869223],[-122.241214,37.869216],[-122.2412,37.86921],[-122.241196,37.869208]]]},"properties":{"APN":"48H-7704-129","SitusAddress":" PANORAMIC PL OAKLAND 94704"}},{"type":"Feature","geometry":{"type":"Polygon","coordinates":[[[-122.241124,37.86917],[-122.241402,37.86888],[-122.241453,37.868917],[-122.241196,37.869208],[-122.241186,37.869203],[-122.241172,37.869196],[-122.241158,37.869189],[-122.241144,37.869181],[-122.24113,37.869173],[-122.241124,37.86917]]]},"properties":{"APN":"48H-7704-130","SitusAddress":" PANORAMIC PL OAKLAND 94704"}},{"type":"Feature","geometry":{"type":"Polygon","coordinates":[[[-122.241046,37.869119],[-122.241359,37.868848],[-122.241402,37.86888],[-122.241124,37.86917],[-122.241117,37.869166],[-122.241104,37.869158],[-122.241091,37.869149],[-122.241078,37.869141],[-122.241065,37.869133],[-122.241053,37.869124],[-122.241046,37.869119]]]},"properties":{"APN":"48H-7704-131","SitusAddress":" PANORAMIC PL OAKLAND 94704"}},{"type":"Feature","geometry":{"type":"Polygon","coordinates":[[[-122.240971,37.869058],[-122.241296,37.868801],[-122.241359,37.868848],[-122.241046,37.869119],[-122.241041,37.869115],[-122.241029,37.869106],[-122.241017,37.869097],[-122.241005,37.869087],[-122.240993,37.869078],[-122.240982,37.869068],[-122.240971,37.869058]]]},"properties":{"APN":"48H-7704-132","SitusAddress":" PANORAMIC PL OAKLAND 94704"}},{"type":"Feature","geometry":{"type":"Polygon","coordinates":[[[-122.240921,37.869013],[-122.241233,37.868754],[-122.241296,37.868801],[-122.240971,37.869058],[-122.240921,37.869013]]]},"properties":{"APN":"48H-7704-133","SitusAddress":" PANORAMIC PL OAKLAND 94704"}},{"type":"Feature","geometry":{"type":"Polygon","coordinates":[[[-122.240867,37.868964],[-122.241172,37.86871],[-122.24119,37.868723],[-122.241233,37.868754],[-122.240921,37.869013],[-122.240867,37.868964]]]},"properties":{"APN":"48H-7704-134","SitusAddress":" PANORAMIC PL OAKLAND 94704"}},{"type":"Feature","geometry":{"type":"Polygon","coordinates":[[[-122.240809,37.868912],[-122.241106,37.868666],[-122.241172,37.86871],[-122.240867,37.868964],[-122.240857,37.868955],[-122.240838,37.868937],[-122.240817,37.868919],[-122.240809,37.868912]]]},"properties":{"APN":"48H-7704-135","SitusAddress":" PANORAMIC PL OAKLAND 94704"}},{"type":"Feature","geometry":{"type":"Polygon","coordinates":[[[-122.240748,37.868864],[-122.24104,37.868622],[-122.241106,37.868666],[-122.240809,37.868912],[-122.240797,37.868902],[-122.240776,37.868885],[-122.240754,37.868868],[-122.240748,37.868864]]]},"properties":{"APN":"48H-7704-136","SitusAddress":" PANORAMIC PL OAKLAND 94704"}},{"type":"Feature","geometry":{"type":"Polygon","coordinates":[[[-122.24104,37.868622],[-122.240748,37.868864],[-122.240732,37.868852],[-122.24071,37.868836],[-122.240683,37.868816],[-122.240958,37.868567],[-122.24104,37.868622]]]},"properties":{"APN":"48H-7704-137","SitusAddress":" PANORAMIC PL OAKLAND 94704"}},{"type":"Feature","geometry":{"type":"Polygon","coordinates":[[[-122.243837,37.869616],[-122.243133,37.869654],[-122.243134,37.869652],[-122.243135,37.869651],[-122.243136,37.869649],[-122.243137,37.869647],[-122.243138,37.869645],[-122.243139,37.869644],[-122.24314,37.869642],[-122.243141,37.86964],[-122.243142,37.869638],[-122.243143,37.869636],[-122.243144,37.869635],[-122.243144,37.869633],[-122.243145,37.869631],[-122.243146,37.869629],[-122.243146,37.869627],[-122.243147,37.869625],[-122.243148,37.869624],[-122.243148,37.869622],[-122.243149,37.86962],[-122.243149,37.869618],[-122.243149,37.869616],[-122.24315,37.869614],[-122.24315,37.869612],[-122.24315,37.86961],[-122.24315,37.869608],[-122.243151,37.869606],[-122.243151,37.869605],[-122.243151,37.869603],[-122.243151,37.869601],[-122.243151,37.869599],[-122.243832,37.869561],[-122.243837,37.869616]]]},"properties":{"APN":"48H-7704-999-99","SitusAddress":null}},{"type":"Feature","geometry":{"type":"Polygon","coordinates":[[[-122.243301,37.872796],[-122.243287,37.872675],[-122.243253,37.872373],[-122.24266,37.872226],[-122.242119,37.872245],[-122.241745,37.872417],[-122.241335,37.872306],[-122.240647,37.87233],[-122.24017,37.872475],[-122.239973,37.872509],[-122.239846,37.872519],[-122.239503,37.872605],[-122.239365,37.872736],[-122.235738,37.872209],[-122.233989,37.872396],[-122.232406,37.872395],[-122.231702,37.872822],[-122.231212,37.873193],[-122.230903,37.870534],[-122.231133,37.870379],[-122.231404,37.870194],[-122.231715,37.869983],[-122.232568,37.869404],[-122.233239,37.869397],[-122.233708,37.869429],[-122.234143,37.869404],[-122.234299,37.869396],[-122.234524,37.869383],[-122.235823,37.868612],[-122.236261,37.867535],[-122.236951,37.867678],[-122.237037,37.867695],[-122.237165,37.86772],[-122.237247,37.867725],[-122.237466,37.867738],[-122.238101,37.867776],[-122.238555,37.867807],[-122.238836,37.867826],[-122.238924,37.86792],[-122.239037,37.868041],[-122.239161,37.868174],[-122.239264,37.868284],[-122.239429,37.868461],[-122.239716,37.868768],[-122.240001,37.868883],[-122.241906,37.86965],[-122.241811,37.869799],[-122.241841,37.870027],[-122.242136,37.870023],[-122.242566,37.869849],[-122.242562,37.869658],[-122.243133,37.869654],[-122.243837,37.869616],[-122.244997,37.869552],[-122.24515,37.869559],[-122.24517,37.869734],[-122.24519,37.869942],[-122.245198,37.869984],[-122.24571,37.874572],[-122.245337,37.874599],[-122.245194,37.874609],[-122.24363,37.874719],[-122.243521,37.874727],[-122.243301,37.872796]]]},"properties":{"APN":"48H-7750-1-3","SitusAddress":" PANORAMIC PL OAKLAND 94704"}},{"type":"Feature","geometry":{"type":"Polygon","coordinates":[[[-122.241906,37.86965],[-122.241937,37.869663],[-122.242562,37.869658],[-122.242566,37.869849],[-122.242136,37.870023],[-122.241841,37.870027],[-122.241811,37.869799],[-122.241906,37.86965]]]},"properties":{"APN":"48H-7750-2-3","SitusAddress":" PANORAMIC PL OAKLAND 94704"}},{"type":"Feature","geometry":{"type":"Polygon","coordinates":[[[-122.239505,37.874321],[-122.239365,37.872736],[-122.239503,37.872605],[-122.239846,37.872519],[-122.239973,37.872509],[-122.240632,37.872824],[-122.240829,37.872822],[-122.240416,37.873571],[-122.240224,37.874056],[-122.239938,37.874038],[-122.239771,37.874138],[-122.239573,37.874347],[-122.239505,37.874321]]]},"properties":{"APN":"48H-7753-39-1","SitusAddress":" SPRING AVE OAKLAND 94704"}},{"type":"Feature","geometry":{"type":"Polygon","coordinates":[[[-122.241671,37.87332],[-122.24165,37.872726],[-122.241823,37.872717],[-122.242151,37.872628],[-122.242657,37.872608],[-122.243301,37.872796],[-122.243521,37.874727],[-122.243523,37.874747],[-122.243343,37.874867],[-122.243029,37.874678],[-122.24263,37.874529],[-122.242638,37.87359],[-122.242381,37.873433],[-122.241671,37.87332]]]},"properties":{"APN":"48H-7753-39-1","SitusAddress":" SPRING AVE OAKLAND 94704"}},{"type":"Feature","geometry":{"type":"Polygon","coordinates":[[[-122.244309,37.875396],[-122.24373,37.875172],[-122.243408,37.874913],[-122.243635,37.874762],[-122.24363,37.874719],[-122.245194,37.874609],[-122.245172,37.874709],[-122.245038,37.874848],[-122.244772,37.875063],[-122.244571,37.875295],[-122.24444,37.87548],[-122.244309,37.875396]]]},"properties":{"APN":"48H-7753-39-1","SitusAddress":" SPRING AVE OAKLAND 94704"}},{"type":"Feature","geometry":{"type":"Polygon","coordinates":[[[-122.239665,37.874432],[-122.23987,37.874216],[-122.23998,37.874151],[-122.240323,37.874172],[-122.240546,37.873609],[-122.240945,37.872886],[-122.241478,37.872734],[-122.241598,37.872728],[-122.241618,37.873311],[-122.241461,37.873286],[-122.241084,37.873444],[-122.24071,37.873795],[-122.240596,37.87404],[-122.240624,37.874264],[-122.240504,37.874389],[-122.240291,37.874472],[-122.239941,37.874301],[-122.239764,37.874458],[-122.239668,37.874471],[-122.239665,37.874432]]]},"properties":{"APN":"48H-7753-39-1","SitusAddress":" SPRING AVE OAKLAND 94704"}},{"type":"Feature","geometry":{"type":"Polygon","coordinates":[[[-122.24017,37.872475],[-122.240647,37.87233],[-122.241335,37.872306],[-122.241745,37.872417],[-122.242119,37.872245],[-122.24266,37.872226],[-122.243253,37.872373],[-122.243287,37.872675],[-122.242678,37.872498],[-122.242125,37.872519],[-122.241796,37.872608],[-122.24145,37.872625],[-122.241158,37.872709],[-122.24067,37.872714],[-122.24017,37.872475]]]},"properties":{"APN":"48H-7753-39-1","SitusAddress":" SPRING AVE OAKLAND 94704"}},{"type":"Feature","geometry":{"type":"Polygon","coordinates":[[[-122.239688,37.876016],[-122.240248,37.875986],[-122.240595,37.875727],[-122.240767,37.875463],[-122.241012,37.875356],[-122.241094,37.875295],[-122.241251,37.875179],[-122.241287,37.874966],[-122.241388,37.874825],[-122.241555,37.874721],[-122.241603,37.874677],[-122.241728,37.874558],[-122.241826,37.87452],[-122.242093,37.874973],[-122.242358,37.875117],[-122.242667,37.875087],[-122.242861,37.875171],[-122.243193,37.875535],[-122.243604,37.87572],[-122.243793,37.875729],[-122.244002,37.875738],[-122.244367,37.875806],[-122.244689,37.875353],[-122.244879,37.875133],[-122.245142,37.87492],[-122.245303,37.874754],[-122.245337,37.874599],[-122.24571,37.874572],[-122.245879,37.876085],[-122.23973,37.876405],[-122.239688,37.876016]]]},"properties":{"APN":"48H-7755-29-1","SitusAddress":" BAILEY AVE OAKLAND 94704"}},{"type":"Feature","geometry":{"type":"Polygon","coordinates":[[[-122.239535,37.874602],[-122.239835,37.874559],[-122.239967,37.874442],[-122.240284,37.874597],[-122.240594,37.874476],[-122.240767,37.874296],[-122.240737,37.874055],[-122.240832,37.873851],[-122.241172,37.873531],[-122.241482,37.873402],[-122.241574,37.873863],[-122.241388,37.874008],[-122.241394,37.874199],[-122.241621,37.874489],[-122.241496,37.874606],[-122.241459,37.874642],[-122.241282,37.874751],[-122.241153,37.87493],[-122.24112,37.875125],[-122.240999,37.875215],[-122.24093,37.875267],[-122.240664,37.875383],[-122.240483,37.87566],[-122.240189,37.875879],[-122.239676,37.875907],[-122.239535,37.874602]]]},"properties":{"APN":"48H-7755-29-1","SitusAddress":" BAILEY AVE OAKLAND 94704"}},{"type":"Feature","geometry":{"type":"Polygon","coordinates":[[[-122.241814,37.873867],[-122.241981,37.873892],[-122.242051,37.873942],[-122.242128,37.874115],[-122.242072,37.874317],[-122.241911,37.87439],[-122.241894,37.874366],[-122.241827,37.874397],[-122.241677,37.874456],[-122.241463,37.874183],[-122.241458,37.87403],[-122.24161,37.873912],[-122.241814,37.873867]]]},"properties":{"APN":"48H-7756-17-1","SitusAddress":" BAILEY AVE OAKLAND 94704"}},{"type":"Feature","geometry":{"type":"Polygon","coordinates":[[[-122.241574,37.873863],[-122.241482,37.873402],[-122.242322,37.873536],[-122.242499,37.873644],[-122.24249,37.874599],[-122.242957,37.874772],[-122.243234,37.874939],[-122.242977,37.87511],[-122.242955,37.875087],[-122.242694,37.874973],[-122.242393,37.875003],[-122.242203,37.874899],[-122.241934,37.874443],[-122.242133,37.874352],[-122.2422,37.874112],[-122.24211,37.873911],[-122.242014,37.873841],[-122.24181,37.87381],[-122.241574,37.873863]]]},"properties":{"APN":"48H-7756-17-1","SitusAddress":" BAILEY AVE OAKLAND 94704"}},{"type":"Feature","geometry":{"type":"Polygon","coordinates":[[[-122.243301,37.874984],[-122.243648,37.875263],[-122.244234,37.875489],[-122.244371,37.875577],[-122.244297,37.87568],[-122.244021,37.875629],[-122.243801,37.87562],[-122.243645,37.875612],[-122.243287,37.875451],[-122.243028,37.875166],[-122.243301,37.874984]]]},"properties":{"APN":"48H-7756-17-1","SitusAddress":" BAILEY AVE OAKLAND 94704"}},{"type":"Feature","geometry":{"type":"Polygon","coordinates":[[[-122.239676,37.875907],[-122.240189,37.875879],[-122.240483,37.87566],[-122.240664,37.875383],[-122.24093,37.875267],[-122.240999,37.875215],[-122.24112,37.875125],[-122.241153,37.87493],[-122.241282,37.874751],[-122.241459,37.874642],[-122.241496,37.874606],[-122.241621,37.874489],[-122.241394,37.874199],[-122.241388,37.874008],[-122.241574,37.873863],[-122.24181,37.87381],[-122.242014,37.873841],[-122.24211,37.873911],[-122.2422,37.874112],[-122.242133,37.874352],[-122.241934,37.874443],[-122.242203,37.874899],[-122.242393,37.875003],[-122.242694,37.874973],[-122.242955,37.875087],[-122.242977,37.87511],[-122.243234,37.874939],[-122.242957,37.874772],[-122.24249,37.874599],[-122.242499,37.873644],[-122.242322,37.873536],[-122.241482,37.873402],[-122.241172,37.873531],[-122.240832,37.873851],[-122.240737,37.874055],[-122.240767,37.874296],[-122.240594,37.874476],[-122.240284,37.874597],[-122.239967,37.874442],[-122.239835,37.874559],[-122.239535,37.874602],[-122.239505,37.874321],[-122.239573,37.874347],[-122.239771,37.874138],[-122.239938,37.874038],[-122.240224,37.874056],[-122.240416,37.873571],[-122.240829,37.872822],[-122.240632,37.872824],[-122.239973,37.872509],[-122.24017,37.872475],[-122.24067,37.872714],[-122.241158,37.872709],[-122.24145,37.872625],[-122.241796,37.872608],[-122.242125,37.872519],[-122.242678,37.872498],[-122.243287,37.872675],[-122.243301,37.872796],[-122.242657,37.872608],[-122.242151,37.872628],[-122.241823,37.872717],[-122.24165,37.872726],[-122.241671,37.87332],[-122.242381,37.873433],[-122.242638,37.87359],[-122.24263,37.874529],[-122.243029,37.874678],[-122.243343,37.874867],[-122.243523,37.874747],[-122.243521,37.874727],[-122.24363,37.874719],[-122.243635,37.874762],[-122.243408,37.874913],[-122.24373,37.875172],[-122.244309,37.875396],[-122.24444,37.87548],[-122.244571,37.875295],[-122.244772,37.875063],[-122.245038,37.874848],[-122.245172,37.874709],[-122.245194,37.874609],[-122.245337,37.874599],[-122.245303,37.874754],[-122.245142,37.87492],[-122.244879,37.875133],[-122.244689,37.875353],[-122.244367,37.875806],[-122.244002,37.875738],[-122.243793,37.875729],[-122.243604,37.87572],[-122.243193,37.875535],[-122.242861,37.875171],[-122.242667,37.875087],[-122.242358,37.875117],[-122.242093,37.874973],[-122.241826,37.87452],[-122.241728,37.874558],[-122.241603,37.874677],[-122.241555,37.874721],[-122.241388,37.874825],[-122.241287,37.874966],[-122.241251,37.875179],[-122.241094,37.875295],[-122.241012,37.875356],[-122.240767,37.875463],[-122.240595,37.875727],[-122.240248,37.875986],[-122.239688,37.876016],[-122.239676,37.875907]],[[-122.239665,37.874432],[-122.239668,37.874471],[-122.239764,37.874458],[-122.239941,37.874301],[-122.240291,37.874472],[-122.240504,37.874389],[-122.240624,37.874264],[-122.240596,37.87404],[-122.24071,37.873795],[-122.241084,37.873444],[-122.241461,37.873286],[-122.241618,37.873311],[-122.241598,37.872728],[-122.241478,37.872734],[-122.240945,37.872886],[-122.240546,37.873609],[-122.240323,37.874172],[-122.23998,37.874151],[-122.23987,37.874216],[-122.239665,37.874432]],[[-122.243301,37.874984],[-122.243028,37.875166],[-122.243287,37.875451],[-122.243645,37.875612],[-122.243801,37.87562],[-122.244021,37.875629],[-122.244297,37.87568],[-122.244371,37.875577],[-122.244234,37.875489],[-122.243648,37.875263],[-122.243301,37.874984]],[[-122.241814,37.873867],[-122.24161,37.873912],[-122.241458,37.87403],[-122.241463,37.874183],[-122.241677,37.874456],[-122.241827,37.874397],[-122.241894,37.874366],[-122.241911,37.87439],[-122.242072,37.874317],[-122.242128,37.874115],[-122.242051,37.873942],[-122.241981,37.873892],[-122.241814,37.873867]]]},"properties":{"APN":"48H-7756-999-99","SitusAddress":null}},{"type":"Feature","geometry":{"type":"Polygon","coordinates":[[[-122.24669,37.883313],[-122.246713,37.883558],[-122.246745,37.883813],[-122.245068,37.883926],[-122.242569,37.882129],[-122.241714,37.882496],[-122.241727,37.882479],[-122.241734,37.882468],[-122.241741,37.882458],[-122.241747,37.882447],[-122.241754,37.882436],[-122.24176,37.882425],[-122.241766,37.882414],[-122.241772,37.882403],[-122.241777,37.882392],[-122.241782,37.882381],[-122.241787,37.88237],[-122.241792,37.882359],[-122.241796,37.882347],[-122.241801,37.882336],[-122.241805,37.882325],[-122.241808,37.882313],[-122.241812,37.882301],[-122.241815,37.88229],[-122.241818,37.882278],[-122.24182,37.882266],[-122.241823,37.882255],[-122.241825,37.882243],[-122.241827,37.882231],[-122.241829,37.88222],[-122.24183,37.882211],[-122.241833,37.882201],[-122.241835,37.882191],[-122.241837,37.882181],[-122.24184,37.882171],[-122.241843,37.882162],[-122.241846,37.882152],[-122.241849,37.882142],[-122.241853,37.882133],[-122.241857,37.882123],[-122.241861,37.882114],[-122.241865,37.882104],[-122.241869,37.882095],[-122.241874,37.882086],[-122.241878,37.882077],[-122.241883,37.882067],[-122.241889,37.882058],[-122.241894,37.882049],[-122.2419,37.88204],[-122.241905,37.882032],[-122.241911,37.882023],[-122.241918,37.882014],[-122.241924,37.882006],[-122.24193,37.881997],[-122.241937,37.881989],[-122.241944,37.88198],[-122.241951,37.881972],[-122.241958,37.881964],[-122.241966,37.881956],[-122.241974,37.881948],[-122.241981,37.88194],[-122.241989,37.881932],[-122.241997,37.881925],[-122.242006,37.881917],[-122.242014,37.88191],[-122.242023,37.881903],[-122.242032,37.881896],[-122.242041,37.881889],[-122.24205,37.881882],[-122.242059,37.881875],[-122.242068,37.881868],[-122.242078,37.881862],[-122.242088,37.881856],[-122.242097,37.881849],[-122.242107,37.881843],[-122.242118,37.881837],[-122.242128,37.881831],[-122.242138,37.881826],[-122.242149,37.88182],[-122.242159,37.881815],[-122.24217,37.88181],[-122.242181,37.881805],[-122.242192,37.8818],[-122.242203,37.881795],[-122.242214,37.88179],[-122.242225,37.881786],[-122.242236,37.881781],[-122.242248,37.881777],[-122.242259,37.881773],[-122.242271,37.88177],[-122.242283,37.881766],[-122.242294,37.881762],[-122.242309,37.881758],[-122.242323,37.881753],[-122.242336,37.881748],[-122.24235,37.881742],[-122.242364,37.881737],[-122.242377,37.881731],[-122.24239,37.881726],[-122.242404,37.88172],[-122.242417,37.881713],[-122.24243,37.881707],[-122.242442,37.881701],[-122.242455,37.881694],[-122.242468,37.881687],[-122.24248,37.88168],[-122.242492,37.881673],[-122.242504,37.881665],[-122.242516,37.881658],[-122.242528,37.88165],[-122.242539,37.881642],[-122.242551,37.881634],[-122.242562,37.881626],[-122.242573,37.881618],[-122.242583,37.881609],[-122.242594,37.881601],[-122.242604,37.881592],[-122.242615,37.881583],[-122.242625,37.881574],[-122.242635,37.881565],[-122.242644,37.881555],[-122.242654,37.881546],[-122.242663,37.881536],[-122.242672,37.881527],[-122.242681,37.881517],[-122.242689,37.881507],[-122.242697,37.881497],[-122.242706,37.881486],[-122.242713,37.881476],[-122.242721,37.881466],[-122.242728,37.881455],[-122.242736,37.881445],[-122.242743,37.881434],[-122.242749,37.881423],[-122.242756,37.881412],[-122.242762,37.881401],[-122.242768,37.88139],[-122.242774,37.881379],[-122.242841,37.881245],[-122.242845,37.881239],[-122.242848,37.881235],[-122.242851,37.88123],[-122.242855,37.881226],[-122.242858,37.881221],[-122.242861,37.881217],[-122.242865,37.881212],[-122.242869,37.881208],[-122.242872,37.881204],[-122.242876,37.8812],[-122.24288,37.881195],[-122.242884,37.881191],[-122.242888,37.881187],[-122.242893,37.881183],[-122.242897,37.881179],[-122.242901,37.881176],[-122.242906,37.881172],[-122.24291,37.881168],[-122.242915,37.881164],[-122.24292,37.881161],[-122.242925,37.881157],[-122.24293,37.881154],[-122.242934,37.88115],[-122.24294,37.881147],[-122.242945,37.881144],[-122.24295,37.881141],[-122.242955,37.881138],[-122.24296,37.881134],[-122.242966,37.881132],[-122.242971,37.881129],[-122.242977,37.881126],[-122.242982,37.881123],[-122.242988,37.88112],[-122.242994,37.881118],[-122.242999,37.881115],[-122.243005,37.881113],[-122.243011,37.881111],[-122.243017,37.881108],[-122.243023,37.881106],[-122.243029,37.881104],[-122.243035,37.881102],[-122.243041,37.8811],[-122.243047,37.881098],[-122.243053,37.881096],[-122.243059,37.881095],[-122.243066,37.881093],[-122.243072,37.881092],[-122.243078,37.88109],[-122.243085,37.881089],[-122.243091,37.881088],[-122.243097,37.881086],[-122.243104,37.881085],[-122.24311,37.881084],[-122.243117,37.881084],[-122.243123,37.881083],[-122.24313,37.881082],[-122.243136,37.881081],[-122.243143,37.881081],[-122.243149,37.88108],[-122.243156,37.88108],[-122.243162,37.88108],[-122.243169,37.88108],[-122.243175,37.88108],[-122.243182,37.88108],[-122.243188,37.88108],[-122.243195,37.88108],[-122.243202,37.88108],[-122.243208,37.881081],[-122.243215,37.881081],[-122.243221,37.881082],[-122.243228,37.881082],[-122.243234,37.881083],[-122.243241,37.881084],[-122.243247,37.881085],[-122.243253,37.881086],[-122.24326,37.881087],[-122.243266,37.881088],[-122.243273,37.881089],[-122.243279,37.881091],[-122.24353,37.881146],[-122.243533,37.881147],[-122.243536,37.881148],[-122.243539,37.881148],[-122.243541,37.881149],[-122.243544,37.88115],[-122.243547,37.881151],[-122.24355,37.881152],[-122.243552,37.881153],[-122.243555,37.881154],[-122.243558,37.881154],[-122.24356,37.881155],[-122.243563,37.881157],[-122.243565,37.881158],[-122.243568,37.881159],[-122.24357,37.88116],[-122.243573,37.881161],[-122.243575,37.881162],[-122.243578,37.881164],[-122.24358,37.881165],[-122.243583,37.881166],[-122.243585,37.881168],[-122.243587,37.881169],[-122.24359,37.88117],[-122.243592,37.881172],[-122.243594,37.881173],[-122.243596,37.881175],[-122.243599,37.881176],[-122.243601,37.881178],[-122.243603,37.88118],[-122.243605,37.881181],[-122.243607,37.881183],[-122.243609,37.881185],[-122.243611,37.881186],[-122.243613,37.881188],[-122.243615,37.88119],[-122.243616,37.881192],[-122.243618,37.881193],[-122.24362,37.881195],[-122.243622,37.881197],[-122.243623,37.881199],[-122.243625,37.881201],[-122.243626,37.881203],[-122.243628,37.881205],[-122.24363,37.881207],[-122.243631,37.881209],[-122.243632,37.881211],[-122.243634,37.881213],[-122.243635,37.881215],[-122.243636,37.881217],[-122.243638,37.881219],[-122.243639,37.881221],[-122.24364,37.881223],[-122.243641,37.881226],[-122.243642,37.881228],[-122.243643,37.88123],[-122.243644,37.881232],[-122.243645,37.881234],[-122.243646,37.881237],[-122.243647,37.881239],[-122.243647,37.881241],[-122.243648,37.881243],[-122.243649,37.881245],[-122.243649,37.881248],[-122.24365,37.88125],[-122.24365,37.881252],[-122.243651,37.881255],[-122.243651,37.881257],[-122.243651,37.881259],[-122.243652,37.881261],[-122.243652,37.881264],[-122.243652,37.881266],[-122.243652,37.881268],[-122.243652,37.881271],[-122.243652,37.881273],[-122.243652,37.881275],[-122.243652,37.881278],[-122.243652,37.88128],[-122.243652,37.881282],[-122.243652,37.881285],[-122.243652,37.881287],[-122.243651,37.881289],[-122.243651,37.881291],[-122.243651,37.881294],[-122.24365,37.881296],[-122.24365,37.881298],[-122.243649,37.881301],[-122.243648,37.881303],[-122.243648,37.881305],[-122.243542,37.881652],[-122.24354,37.88167],[-122.243539,37.881681],[-122.243539,37.881692],[-122.243539,37.881703],[-122.243539,37.881714],[-122.243539,37.881725],[-122.243539,37.881735],[-122.24354,37.881746],[-122.243541,37.881757],[-122.243542,37.881768],[-122.243543,37.881779],[-122.243545,37.88179],[-122.243547,37.881801],[-122.243549,37.881812],[-122.243551,37.881823],[-122.243554,37.881833],[-122.243557,37.881844],[-122.24356,37.881855],[-122.243563,37.881865],[-122.243567,37.881876],[-122.243571,37.881887],[-122.243575,37.881897],[-122.243579,37.881908],[-122.243583,37.881918],[-122.243588,37.881928],[-122.243593,37.881938],[-122.243598,37.881949],[-122.243604,37.881959],[-122.243609,37.881969],[-122.243615,37.881979],[-122.243621,37.881989],[-122.243627,37.881998],[-122.243634,37.882008],[-122.24364,37.882018],[-122.243647,37.882027],[-122.243654,37.882037],[-122.243662,37.882046],[-122.243669,37.882055],[-122.243677,37.882064],[-122.243685,37.882073],[-122.243693,37.882082],[-122.243701,37.882091],[-122.24371,37.8821],[-122.243718,37.882108],[-122.243727,37.882117],[-122.243736,37.882125],[-122.243746,37.882133],[-122.243755,37.882141],[-122.243765,37.882149],[-122.243774,37.882157],[-122.243784,37.882164],[-122.243794,37.882172],[-122.243805,37.882179],[-122.243815,37.882186],[-122.243826,37.882194],[-122.243836,37.8822],[-122.243847,37.882207],[-122.243858,37.882214],[-122.243869,37.88222],[-122.243881,37.882227],[-122.243892,37.882233],[-122.243904,37.882239],[-122.244883,37.882736],[-122.244943,37.882764],[-122.244974,37.882777],[-122.245005,37.88279],[-122.245036,37.882802],[-122.245067,37.882814],[-122.245099,37.882826],[-122.245131,37.882837],[-122.245164,37.882848],[-122.245196,37.882858],[-122.245229,37.882868],[-122.245262,37.882877],[-122.245295,37.882886],[-122.245328,37.882895],[-122.245362,37.882903],[-122.245396,37.88291],[-122.24669,37.883313]]]},"properties":{"APN":"48H-7800-1-2","SitusAddress":" GRIZZLY PEAK BLVD OAKLAND 94704"}},{"type":"Feature","geometry":{"type":"Polygon","coordinates":[[[-122.239285,37.883467],[-122.239248,37.883483],[-122.237746,37.88308],[-122.237759,37.883063],[-122.237767,37.883053],[-122.237775,37.883042],[-122.237783,37.883031],[-122.23779,37.883021],[-122.237797,37.88301],[-122.237804,37.882999],[-122.237811,37.882988],[-122.237817,37.882977],[-122.237823,37.882966],[-122.237829,37.882955],[-122.237835,37.882943],[-122.23784,37.882932],[-122.237845,37.88292],[-122.23785,37.882909],[-122.237855,37.882897],[-122.237859,37.882885],[-122.237863,37.882874],[-122.237867,37.882862],[-122.237871,37.88285],[-122.237873,37.882844],[-122.237874,37.88284],[-122.237876,37.882836],[-122.237877,37.882832],[-122.237879,37.882827],[-122.237881,37.882823],[-122.237883,37.882819],[-122.237884,37.882815],[-122.237886,37.882811],[-122.237889,37.882807],[-122.237891,37.882803],[-122.237893,37.882799],[-122.237895,37.882796],[-122.237899,37.88279],[-122.237902,37.882785],[-122.237906,37.88278],[-122.23791,37.882775],[-122.237914,37.88277],[-122.237918,37.882765],[-122.237922,37.88276],[-122.237926,37.882755],[-122.23793,37.88275],[-122.237934,37.882745],[-122.237939,37.882741],[-122.237943,37.882736],[-122.237948,37.882731],[-122.237953,37.882727],[-122.237958,37.882722],[-122.237963,37.882718],[-122.237968,37.882714],[-122.237973,37.882709],[-122.237978,37.882705],[-122.237984,37.882701],[-122.237989,37.882697],[-122.237995,37.882693],[-122.238,37.882689],[-122.238006,37.882685],[-122.238012,37.882682],[-122.238018,37.882678],[-122.238024,37.882675],[-122.23803,37.882671],[-122.238036,37.882668],[-122.238042,37.882664],[-122.238048,37.882661],[-122.238054,37.882658],[-122.238061,37.882655],[-122.238067,37.882652],[-122.238074,37.882649],[-122.23808,37.882646],[-122.238087,37.882644],[-122.238094,37.882641],[-122.2381,37.882639],[-122.238107,37.882636],[-122.238114,37.882634],[-122.238121,37.882632],[-122.238128,37.88263],[-122.238135,37.882628],[-122.238142,37.882626],[-122.238149,37.882624],[-122.238156,37.882622],[-122.238163,37.882621],[-122.238171,37.882619],[-122.238178,37.882618],[-122.238185,37.882616],[-122.238192,37.882615],[-122.2382,37.882614],[-122.238207,37.882613],[-122.238214,37.882612],[-122.238222,37.882611],[-122.238229,37.88261],[-122.238538,37.882629],[-122.238562,37.882631],[-122.238575,37.882633],[-122.238587,37.882634],[-122.238599,37.882636],[-122.238612,37.882638],[-122.238624,37.88264],[-122.238636,37.882643],[-122.238649,37.882645],[-122.238661,37.882648],[-122.238673,37.882651],[-122.238685,37.882654],[-122.238697,37.882657],[-122.238709,37.88266],[-122.238721,37.882664],[-122.238732,37.882667],[-122.238744,37.882671],[-122.238756,37.882675],[-122.238767,37.882679],[-122.238779,37.882683],[-122.23879,37.882688],[-122.238801,37.882692],[-122.238812,37.882697],[-122.238823,37.882702],[-122.238834,37.882707],[-122.238845,37.882712],[-122.238856,37.882718],[-122.238896,37.882739],[-122.238916,37.88275],[-122.238936,37.882762],[-122.238956,37.882774],[-122.238975,37.882786],[-122.238995,37.882799],[-122.239013,37.882811],[-122.239032,37.882824],[-122.23905,37.882838],[-122.239069,37.882851],[-122.239094,37.882871],[-122.239108,37.882883],[-122.239122,37.882895],[-122.239136,37.882907],[-122.239149,37.882919],[-122.239162,37.882931],[-122.239175,37.882944],[-122.239187,37.882956],[-122.239199,37.882969],[-122.239211,37.882982],[-122.239223,37.882995],[-122.239234,37.883009],[-122.239245,37.883022],[-122.239256,37.883036],[-122.239266,37.88305],[-122.239276,37.883063],[-122.239286,37.883078],[-122.239296,37.883092],[-122.239305,37.883106],[-122.239314,37.88312],[-122.239322,37.883135],[-122.23933,37.88315],[-122.239338,37.883165],[-122.239346,37.883179],[-122.239353,37.883194],[-122.23936,37.88321],[-122.239367,37.883225],[-122.23937,37.88323],[-122.239371,37.883233],[-122.239373,37.883236],[-122.239375,37.883239],[-122.239376,37.883242],[-122.239378,37.883245],[-122.239379,37.883248],[-122.239381,37.883251],[-122.239382,37.883254],[-122.239383,37.883257],[-122.239384,37.88326],[-122.239385,37.883263],[-122.239386,37.883266],[-122.239387,37.883269],[-122.239388,37.883273],[-122.239389,37.883276],[-122.23939,37.883279],[-122.23939,37.883282],[-122.239391,37.883285],[-122.239391,37.883289],[-122.239392,37.883292],[-122.239392,37.883295],[-122.239392,37.883298],[-122.239393,37.883302],[-122.239393,37.883305],[-122.239393,37.883308],[-122.239393,37.883311],[-122.239393,37.883315],[-122.239393,37.883318],[-122.239393,37.883321],[-122.239392,37.883324],[-122.239392,37.883328],[-122.239391,37.883331],[-122.239391,37.883334],[-122.23939,37.883337],[-122.23939,37.88334],[-122.239389,37.883344],[-122.239388,37.883347],[-122.239387,37.88335],[-122.239387,37.883353],[-122.239386,37.883356],[-122.239385,37.88336],[-122.239383,37.883363],[-122.239382,37.883366],[-122.239381,37.883369],[-122.23938,37.883372],[-122.239378,37.883375],[-122.239377,37.883378],[-122.239375,37.883381],[-122.239374,37.883384],[-122.239372,37.883387],[-122.23937,37.88339],[-122.239369,37.883393],[-122.239367,37.883396],[-122.239365,37.883399],[-122.239363,37.883401],[-122.239361,37.883404],[-122.239359,37.883407],[-122.239357,37.88341],[-122.239354,37.883413],[-122.239352,37.883415],[-122.23935,37.883418],[-122.239347,37.883421],[-122.239345,37.883423],[-122.239342,37.883426],[-122.23934,37.883428],[-122.239337,37.883431],[-122.239334,37.883433],[-122.239332,37.883436],[-122.239329,37.883438],[-122.239326,37.88344],[-122.239323,37.883443],[-122.23932,37.883445],[-122.239317,37.883447],[-122.239314,37.883449],[-122.239311,37.883451],[-122.239308,37.883454],[-122.239305,37.883456],[-122.239302,37.883458],[-122.239298,37.88346],[-122.239295,37.883462],[-122.239292,37.883463],[-122.239288,37.883465],[-122.239285,37.883467]]]},"properties":{"APN":"48H-7800-1-3","SitusAddress":" GRIZZLY PEAK BLVD OAKLAND 94704"}},{"type":"Feature","geometry":{"type":"Polygon","coordinates":[[[-122.23856,37.882438],[-122.238227,37.882417],[-122.238215,37.882418],[-122.238204,37.882419],[-122.238192,37.88242],[-122.238181,37.882422],[-122.238169,37.882423],[-122.238158,37.882425],[-122.238146,37.882426],[-122.238135,37.882428],[-122.238123,37.88243],[-122.238112,37.882432],[-122.238101,37.882435],[-122.238089,37.882437],[-122.238078,37.88244],[-122.238067,37.882443],[-122.238056,37.882446],[-122.238045,37.882449],[-122.238034,37.882452],[-122.238023,37.882456],[-122.238013,37.882459],[-122.238002,37.882463],[-122.237991,37.882467],[-122.237981,37.882471],[-122.23797,37.882475],[-122.23796,37.882479],[-122.23795,37.882484],[-122.23794,37.882488],[-122.23793,37.882493],[-122.23792,37.882498],[-122.23791,37.882503],[-122.2379,37.882508],[-122.237891,37.882514],[-122.237881,37.882519],[-122.237872,37.882525],[-122.237863,37.88253],[-122.237853,37.882536],[-122.237844,37.882542],[-122.237836,37.882548],[-122.237827,37.882554],[-122.237818,37.88256],[-122.23781,37.882567],[-122.237802,37.882573],[-122.237793,37.88258],[-122.237785,37.882587],[-122.237778,37.882594],[-122.23777,37.882601],[-122.237762,37.882608],[-122.237755,37.882615],[-122.237748,37.882622],[-122.237741,37.882629],[-122.237734,37.882637],[-122.237727,37.882645],[-122.237721,37.882652],[-122.237714,37.88266],[-122.237708,37.882668],[-122.237702,37.882676],[-122.237696,37.882684],[-122.23769,37.882692],[-122.237685,37.8827],[-122.237678,37.88271],[-122.237674,37.882717],[-122.23767,37.882724],[-122.237666,37.882731],[-122.237662,37.882738],[-122.237659,37.882745],[-122.237655,37.882752],[-122.237652,37.882759],[-122.237649,37.882767],[-122.237646,37.882774],[-122.237643,37.882781],[-122.23764,37.882789],[-122.237638,37.882796],[-122.237635,37.882807],[-122.237632,37.882815],[-122.237629,37.882824],[-122.237626,37.882832],[-122.237623,37.882841],[-122.23762,37.882849],[-122.237616,37.882858],[-122.237612,37.882866],[-122.237608,37.882874],[-122.237604,37.882882],[-122.2376,37.882891],[-122.237596,37.882898],[-122.236701,37.882799],[-122.236141,37.882648],[-122.23614,37.882639],[-122.23614,37.882629],[-122.236139,37.88262],[-122.23614,37.882611],[-122.23614,37.882602],[-122.23614,37.882592],[-122.236141,37.882583],[-122.236142,37.882574],[-122.236143,37.882565],[-122.236144,37.882555],[-122.236146,37.882546],[-122.236147,37.882537],[-122.236149,37.882528],[-122.236151,37.882519],[-122.236154,37.88251],[-122.236156,37.882501],[-122.236159,37.882492],[-122.236162,37.882483],[-122.236165,37.882474],[-122.236168,37.882465],[-122.236171,37.882456],[-122.236175,37.882447],[-122.236179,37.882438],[-122.236183,37.88243],[-122.236187,37.882421],[-122.236192,37.882412],[-122.236196,37.882404],[-122.236201,37.882395],[-122.236206,37.882387],[-122.236211,37.882379],[-122.236217,37.882371],[-122.236225,37.882359],[-122.236228,37.882353],[-122.236232,37.882347],[-122.236235,37.882341],[-122.236239,37.882335],[-122.236242,37.882329],[-122.236245,37.882323],[-122.236248,37.882317],[-122.23625,37.882311],[-122.236253,37.882305],[-122.236255,37.882299],[-122.236258,37.882292],[-122.23626,37.882286],[-122.236262,37.88228],[-122.236264,37.882273],[-122.236266,37.882267],[-122.236267,37.882261],[-122.236269,37.882254],[-122.23627,37.882248],[-122.236271,37.882241],[-122.236272,37.882235],[-122.236273,37.882229],[-122.236274,37.882222],[-122.236275,37.882216],[-122.236275,37.882209],[-122.236276,37.882203],[-122.236276,37.882196],[-122.236276,37.88219],[-122.236276,37.882183],[-122.236276,37.882177],[-122.236275,37.88217],[-122.236275,37.882164],[-122.236274,37.882157],[-122.236273,37.882151],[-122.236272,37.882144],[-122.236271,37.882138],[-122.23627,37.882131],[-122.236269,37.882125],[-122.236267,37.882119],[-122.236266,37.882112],[-122.236264,37.882106],[-122.236262,37.8821],[-122.23626,37.882093],[-122.236258,37.882087],[-122.236255,37.882081],[-122.236253,37.882075],[-122.23625,37.882068],[-122.236247,37.882062],[-122.236245,37.882056],[-122.236242,37.88205],[-122.236238,37.882044],[-122.236235,37.882038],[-122.236232,37.882032],[-122.236228,37.882026],[-122.236225,37.882021],[-122.236221,37.882015],[-122.236217,37.882009],[-122.236213,37.882004],[-122.236209,37.881998],[-122.236204,37.881992],[-122.2362,37.881987],[-122.236195,37.881981],[-122.236191,37.881976],[-122.236186,37.881971],[-122.236181,37.881966],[-122.236176,37.88196],[-122.236171,37.881955],[-122.236166,37.88195],[-122.236161,37.881945],[-122.236155,37.881941],[-122.23615,37.881936],[-122.236144,37.881931],[-122.236138,37.881926],[-122.236132,37.881922],[-122.236126,37.881917],[-122.23612,37.881913],[-122.236114,37.881909],[-122.236108,37.881904],[-122.236102,37.8819],[-122.236095,37.881896],[-122.236089,37.881892],[-122.236082,37.881888],[-122.236075,37.881885],[-122.236069,37.881881],[-122.236062,37.881877],[-122.236055,37.881874],[-122.236048,37.881871],[-122.236041,37.881867],[-122.236034,37.881864],[-122.236026,37.881861],[-122.236019,37.881858],[-122.236012,37.881855],[-122.236004,37.881852],[-122.235997,37.88185],[-122.235989,37.881847],[-122.235982,37.881845],[-122.235974,37.881842],[-122.235967,37.88184],[-122.235959,37.881838],[-122.235951,37.881836],[-122.235943,37.881834],[-122.235935,37.881832],[-122.235927,37.88183],[-122.23592,37.881829],[-122.235912,37.881827],[-122.235904,37.881826],[-122.235896,37.881824],[-122.235887,37.881823],[-122.235879,37.881822],[-122.235871,37.881821],[-122.235863,37.88182],[-122.235855,37.88182],[-122.235847,37.881819],[-122.235839,37.881818],[-122.23583,37.881818],[-122.235822,37.881818],[-122.235814,37.881818],[-122.235806,37.881817],[-122.235798,37.881818],[-122.235789,37.881818],[-122.235781,37.881818],[-122.235773,37.881818],[-122.235765,37.881819],[-122.235757,37.88182],[-122.235749,37.88182],[-122.235741,37.881821],[-122.235732,37.881822],[-122.235724,37.881823],[-122.235716,37.881824],[-122.235708,37.881826],[-122.2357,37.881827],[-122.235692,37.881829],[-122.235684,37.88183],[-122.235674,37.881833],[-122.235634,37.881842],[-122.235595,37.881852],[-122.235556,37.881863],[-122.235518,37.881874],[-122.23548,37.881885],[-122.235442,37.881897],[-122.235404,37.88191],[-122.235366,37.881923],[-122.235317,37.881941],[-122.235313,37.881943],[-122.235309,37.881944],[-122.235304,37.881946],[-122.2353,37.881947],[-122.235296,37.881949],[-122.235291,37.88195],[-122.235287,37.881951],[-122.235282,37.881952],[-122.235278,37.881954],[-122.235273,37.881955],[-122.235268,37.881956],[-122.235264,37.881957],[-122.235259,37.881957],[-122.235254,37.881958],[-122.23525,37.881959],[-122.235245,37.88196],[-122.23524,37.88196],[-122.235236,37.881961],[-122.235231,37.881961],[-122.235226,37.881962],[-122.235222,37.881962],[-122.235217,37.881962],[-122.235212,37.881962],[-122.235207,37.881963],[-122.235203,37.881963],[-122.235198,37.881963],[-122.235193,37.881963],[-122.235188,37.881962],[-122.235184,37.881962],[-122.235179,37.881962],[-122.235174,37.881962],[-122.235169,37.881961],[-122.235165,37.881961],[-122.23516,37.88196],[-122.235155,37.88196],[-122.235151,37.881959],[-122.235146,37.881958],[-122.235141,37.881958],[-122.235137,37.881957],[-122.235132,37.881956],[-122.235127,37.881955],[-122.235123,37.881954],[-122.235118,37.881953],[-122.235114,37.881952],[-122.235109,37.881951],[-122.235105,37.881949],[-122.2351,37.881948],[-122.235096,37.881947],[-122.235092,37.881945],[-122.235087,37.881944],[-122.235083,37.881942],[-122.235079,37.88194],[-122.235074,37.881939],[-122.23507,37.881937],[-122.235066,37.881935],[-122.235062,37.881933],[-122.235058,37.881931],[-122.235054,37.881929],[-122.23505,37.881927],[-122.235046,37.881925],[-122.235042,37.881923],[-122.235038,37.881921],[-122.235034,37.881919],[-122.235031,37.881916],[-122.235027,37.881914],[-122.235023,37.881911],[-122.23502,37.881909],[-122.235016,37.881906],[-122.235013,37.881904],[-122.235009,37.881901],[-122.235006,37.881899],[-122.235002,37.881896],[-122.234996,37.88189],[-122.234991,37.881886],[-122.234987,37.881882],[-122.234982,37.881878],[-122.234978,37.881873],[-122.234973,37.881869],[-122.234969,37.881865],[-122.234965,37.88186],[-122.234961,37.881855],[-122.234957,37.881851],[-122.234953,37.881846],[-122.23495,37.881841],[-122.234946,37.881836],[-122.234943,37.881832],[-122.234939,37.881827],[-122.234936,37.881822],[-122.234933,37.881817],[-122.23493,37.881812],[-122.234927,37.881807],[-122.234924,37.881802],[-122.234921,37.881796],[-122.234919,37.881791],[-122.234916,37.881786],[-122.234914,37.881781],[-122.234911,37.881775],[-122.234909,37.88177],[-122.234907,37.881765],[-122.234905,37.881759],[-122.234904,37.881754],[-122.234902,37.881748],[-122.2349,37.881743],[-122.234899,37.881738],[-122.234898,37.881732],[-122.234896,37.881727],[-122.234895,37.881721],[-122.234894,37.881711],[-122.234893,37.881705],[-122.234891,37.8817],[-122.23489,37.881694],[-122.234889,37.881689],[-122.234887,37.881683],[-122.234885,37.881678],[-122.234883,37.881672],[-122.234881,37.881667],[-122.234879,37.881661],[-122.234877,37.881656],[-122.234875,37.88165],[-122.234872,37.881645],[-122.23487,37.88164],[-122.234867,37.881635],[-122.234864,37.881629],[-122.234861,37.881624],[-122.234858,37.881619],[-122.234855,37.881614],[-122.234852,37.881609],[-122.234849,37.881604],[-122.234845,37.881599],[-122.234842,37.881594],[-122.234838,37.881589],[-122.234834,37.881584],[-122.23483,37.88158],[-122.234826,37.881575],[-122.234822,37.88157],[-122.234818,37.881566],[-122.234814,37.881561],[-122.234809,37.881557],[-122.234805,37.881552],[-122.2348,37.881548],[-122.234796,37.881544],[-122.234791,37.881539],[-122.234786,37.881535],[-122.234781,37.881531],[-122.234776,37.881527],[-122.234771,37.881523],[-122.234766,37.881519],[-122.23476,37.881516],[-122.234755,37.881512],[-122.234749,37.881508],[-122.234744,37.881505],[-122.234738,37.881501],[-122.234732,37.881498],[-122.234727,37.881494],[-122.234721,37.881491],[-122.234715,37.881488],[-122.234709,37.881485],[-122.234703,37.881482],[-122.234697,37.881479],[-122.234691,37.881476],[-122.234684,37.881473],[-122.234678,37.881471],[-122.234672,37.881468],[-122.234665,37.881466],[-122.234659,37.881463],[-122.234652,37.881461],[-122.234646,37.881459],[-122.234639,37.881457],[-122.234632,37.881455],[-122.234626,37.881453],[-122.234619,37.881451],[-122.234612,37.881449],[-122.234605,37.881447],[-122.234589,37.881444],[-122.234574,37.88144],[-122.234559,37.881435],[-122.234544,37.881431],[-122.234529,37.881427],[-122.234514,37.881422],[-122.2345,37.881417],[-122.234485,37.881412],[-122.23447,37.881406],[-122.234456,37.881401],[-122.234442,37.881395],[-122.234428,37.881389],[-122.234414,37.881383],[-122.2344,37.881376],[-122.234386,37.88137],[-122.234373,37.881363],[-122.234355,37.881354],[-122.234349,37.881351],[-122.234342,37.881348],[-122.234336,37.881344],[-122.234329,37.881341],[-122.234322,37.881338],[-122.234316,37.881335],[-122.234309,37.881333],[-122.234302,37.88133],[-122.234295,37.881327],[-122.234288,37.881325],[-122.234281,37.881322],[-122.234274,37.88132],[-122.234266,37.881318],[-122.234259,37.881316],[-122.234252,37.881314],[-122.234244,37.881312],[-122.234237,37.88131],[-122.23423,37.881308],[-122.234222,37.881306],[-122.234215,37.881305],[-122.234207,37.881303],[-122.2342,37.881302],[-122.234192,37.881301],[-122.234184,37.8813],[-122.234177,37.881299],[-122.234169,37.881298],[-122.234162,37.881297],[-122.234154,37.881297],[-122.234146,37.881296],[-122.234138,37.881295],[-122.234131,37.881295],[-122.234123,37.881295],[-122.234115,37.881295],[-122.234108,37.881295],[-122.2341,37.881295],[-122.234092,37.881295],[-122.234084,37.881295],[-122.234077,37.881296],[-122.234069,37.881296],[-122.234061,37.881297],[-122.234054,37.881297],[-122.234046,37.881298],[-122.234038,37.881299],[-122.234031,37.8813],[-122.234023,37.881301],[-122.234016,37.881303],[-122.234008,37.881304],[-122.234001,37.881305],[-122.233993,37.881307],[-122.233986,37.881309],[-122.233978,37.88131],[-122.233971,37.881312],[-122.233964,37.881314],[-122.233956,37.881316],[-122.233949,37.881318],[-122.233942,37.881321],[-122.23393,37.881324],[-122.233926,37.881326],[-122.233922,37.881327],[-122.233919,37.881328],[-122.233915,37.881329],[-122.233911,37.881331],[-122.233906,37.881332],[-122.233902,37.881333],[-122.233898,37.881334],[-122.233894,37.881334],[-122.23389,37.881335],[-122.233886,37.881336],[-122.233882,37.881337],[-122.233878,37.881337],[-122.233874,37.881338],[-122.233869,37.881339],[-122.233865,37.881339],[-122.233861,37.881339],[-122.233857,37.88134],[-122.233852,37.88134],[-122.233848,37.88134],[-122.233844,37.881341],[-122.23384,37.881341],[-122.233835,37.881341],[-122.233831,37.881341],[-122.233827,37.881341],[-122.233823,37.881341],[-122.233818,37.88134],[-122.233814,37.88134],[-122.23381,37.88134],[-122.233806,37.88134],[-122.233802,37.881339],[-122.233797,37.881339],[-122.233793,37.881338],[-122.233789,37.881338],[-122.233785,37.881337],[-122.23337,37.881277],[-122.233365,37.881276],[-122.23336,37.881275],[-122.233355,37.881275],[-122.23335,37.881274],[-122.233345,37.881273],[-122.23334,37.881271],[-122.233336,37.88127],[-122.233331,37.881269],[-122.233326,37.881268],[-122.233321,37.881266],[-122.233316,37.881265],[-122.233312,37.881264],[-122.233307,37.881262],[-122.233302,37.88126],[-122.233298,37.881259],[-122.233293,37.881257],[-122.233289,37.881255],[-122.233284,37.881253],[-122.23328,37.881251],[-122.233275,37.881249],[-122.233271,37.881247],[-122.233267,37.881245],[-122.233262,37.881243],[-122.233258,37.881241],[-122.233254,37.881238],[-122.23325,37.881236],[-122.233246,37.881234],[-122.233242,37.881231],[-122.233238,37.881229],[-122.233234,37.881226],[-122.23323,37.881223],[-122.233226,37.881221],[-122.23322,37.881216],[-122.233214,37.881212],[-122.233207,37.881207],[-122.233201,37.881203],[-122.233194,37.881199],[-122.233188,37.881195],[-122.233181,37.881191],[-122.233174,37.881188],[-122.233167,37.881184],[-122.23316,37.88118],[-122.233153,37.881177],[-122.233146,37.881173],[-122.233139,37.88117],[-122.233131,37.881167],[-122.233124,37.881164],[-122.233117,37.881161],[-122.233109,37.881158],[-122.233102,37.881155],[-122.233094,37.881152],[-122.233086,37.88115],[-122.233078,37.881147],[-122.233071,37.881145],[-122.233063,37.881142],[-122.233055,37.88114],[-122.233047,37.881138],[-122.233039,37.881136],[-122.233031,37.881134],[-122.233023,37.881133],[-122.233015,37.881131],[-122.233007,37.88113],[-122.232999,37.881128],[-122.23299,37.881127],[-122.232982,37.881126],[-122.232974,37.881125],[-122.232966,37.881124],[-122.232957,37.881123],[-122.232949,37.881122],[-122.232941,37.881122],[-122.232932,37.881121],[-122.232924,37.881121],[-122.232916,37.881121],[-122.232907,37.88112],[-122.232899,37.88112],[-122.232891,37.881121],[-122.232882,37.881121],[-122.232874,37.881121],[-122.232866,37.881122],[-122.232857,37.881122],[-122.232849,37.881123],[-122.232841,37.881124],[-122.232833,37.881124],[-122.232824,37.881125],[-122.232816,37.881127],[-122.232808,37.881128],[-122.2328,37.881129],[-122.232792,37.881131],[-122.232783,37.881132],[-122.232775,37.881134],[-122.232767,37.881136],[-122.232759,37.881138],[-122.232751,37.88114],[-122.232743,37.881142],[-122.232736,37.881144],[-122.232728,37.881146],[-122.23272,37.881149],[-122.232712,37.881152],[-122.232705,37.881154],[-122.232697,37.881157],[-122.23269,37.88116],[-122.232682,37.881163],[-122.232675,37.881166],[-122.232668,37.881169],[-122.23266,37.881172],[-122.232653,37.881176],[-122.232646,37.881179],[-122.232639,37.881183],[-122.232632,37.881187],[-122.232625,37.88119],[-122.232618,37.881194],[-122.232612,37.881198],[-122.232605,37.881202],[-122.232599,37.881206],[-122.232592,37.881211],[-122.232586,37.881215],[-122.23258,37.881219],[-122.232572,37.881225],[-122.232566,37.881231],[-122.232559,37.881236],[-122.232552,37.881242],[-122.232545,37.881247],[-122.232538,37.881253],[-122.232531,37.881258],[-122.232524,37.881263],[-122.232517,37.881268],[-122.23251,37.881273],[-122.232502,37.881278],[-122.232494,37.881282],[-122.232487,37.881287],[-122.232479,37.881291],[-122.232471,37.881296],[-122.232463,37.8813],[-122.232455,37.881304],[-122.232447,37.881308],[-122.232438,37.881312],[-122.23243,37.881316],[-122.232422,37.88132],[-122.232413,37.881323],[-122.232404,37.881327],[-122.232396,37.88133],[-122.232387,37.881333],[-122.232378,37.881336],[-122.232369,37.881339],[-122.23236,37.881342],[-122.232351,37.881345],[-122.232342,37.881348],[-122.232333,37.88135],[-122.232324,37.881352],[-122.232308,37.881356],[-122.232233,37.881372],[-122.232197,37.881099],[-122.232178,37.880957],[-122.231638,37.876857],[-122.231212,37.873193],[-122.231702,37.872822],[-122.232406,37.872395],[-122.233989,37.872396],[-122.235738,37.872209],[-122.239365,37.872736],[-122.239505,37.874321],[-122.239535,37.874602],[-122.239676,37.875907],[-122.239688,37.876016],[-122.23973,37.876405],[-122.245879,37.876085],[-122.24647,37.881375],[-122.246496,37.881605],[-122.246542,37.881975],[-122.246575,37.882283],[-122.246579,37.882317],[-122.246591,37.882427],[-122.246613,37.882623],[-122.246627,37.882748],[-122.246627,37.882756],[-122.246628,37.882763],[-122.246667,37.883105],[-122.245461,37.882725],[-122.245432,37.882718],[-122.245402,37.882711],[-122.245373,37.882704],[-122.245344,37.882696],[-122.245315,37.882688],[-122.245286,37.882679],[-122.245257,37.88267],[-122.245229,37.882661],[-122.245201,37.882651],[-122.245173,37.882641],[-122.245145,37.882631],[-122.245117,37.88262],[-122.24509,37.882608],[-122.245063,37.882597],[-122.245011,37.882573],[-122.244035,37.882077],[-122.244027,37.882073],[-122.244019,37.882068],[-122.244011,37.882064],[-122.244003,37.88206],[-122.243995,37.882055],[-122.243988,37.88205],[-122.24398,37.882045],[-122.243973,37.882041],[-122.243966,37.882036],[-122.243959,37.88203],[-122.243952,37.882025],[-122.243945,37.88202],[-122.243938,37.882015],[-122.243931,37.882009],[-122.243925,37.882003],[-122.243918,37.881998],[-122.243912,37.881992],[-122.243906,37.881986],[-122.2439,37.88198],[-122.243894,37.881974],[-122.243888,37.881968],[-122.243883,37.881962],[-122.243877,37.881956],[-122.243872,37.881949],[-122.243867,37.881943],[-122.243861,37.881937],[-122.243857,37.88193],[-122.243852,37.881923],[-122.243847,37.881917],[-122.243843,37.88191],[-122.243838,37.881903],[-122.243834,37.881896],[-122.24383,37.88189],[-122.243826,37.881883],[-122.243822,37.881876],[-122.243819,37.881868],[-122.243815,37.881861],[-122.243812,37.881854],[-122.243809,37.881847],[-122.243806,37.88184],[-122.243803,37.881832],[-122.243801,37.881825],[-122.243798,37.881818],[-122.243796,37.88181],[-122.243794,37.881803],[-122.243792,37.881796],[-122.24379,37.881788],[-122.243788,37.881781],[-122.243787,37.881773],[-122.243786,37.881765],[-122.243784,37.881758],[-122.243784,37.88175],[-122.243783,37.881743],[-122.243782,37.881735],[-122.243782,37.881728],[-122.243781,37.88172],[-122.243781,37.881712],[-122.243781,37.881705],[-122.243781,37.881697],[-122.243782,37.881682],[-122.243884,37.88135],[-122.243885,37.881345],[-122.243887,37.881339],[-122.243888,37.881334],[-122.243889,37.881328],[-122.24389,37.881322],[-122.243891,37.881317],[-122.243892,37.881311],[-122.243893,37.881306],[-122.243894,37.8813],[-122.243894,37.881294],[-122.243895,37.881289],[-122.243895,37.881283],[-122.243895,37.881277],[-122.243895,37.881272],[-122.243895,37.881266],[-122.243895,37.88126],[-122.243894,37.881255],[-122.243894,37.881249],[-122.243893,37.881243],[-122.243892,37.881238],[-122.243892,37.881232],[-122.243891,37.881227],[-122.24389,37.881221],[-122.243888,37.881215],[-122.243887,37.88121],[-122.243885,37.881204],[-122.243884,37.881199],[-122.243882,37.881193],[-122.24388,37.881188],[-122.243878,37.881182],[-122.243876,37.881177],[-122.243874,37.881171],[-122.243872,37.881166],[-122.243869,37.881161],[-122.243867,37.881155],[-122.243864,37.88115],[-122.243861,37.881145],[-122.243858,37.88114],[-122.243855,37.881135],[-122.243852,37.88113],[-122.243849,37.881125],[-122.243846,37.88112],[-122.243842,37.881115],[-122.243839,37.88111],[-122.243835,37.881105],[-122.243831,37.8811],[-122.243827,37.881095],[-122.243823,37.88109],[-122.243819,37.881086],[-122.243815,37.881081],[-122.243811,37.881077],[-122.243806,37.881072],[-122.243802,37.881068],[-122.243797,37.881063],[-122.243793,37.881059],[-122.243788,37.881055],[-122.243783,37.881051],[-122.243778,37.881047],[-122.243773,37.881043],[-122.243768,37.881039],[-122.243763,37.881035],[-122.243757,37.881031],[-122.243752,37.881027],[-122.243747,37.881024],[-122.243741,37.88102],[-122.243735,37.881017],[-122.24373,37.881013],[-122.243724,37.88101],[-122.243718,37.881007],[-122.243712,37.881003],[-122.243706,37.881],[-122.2437,37.880997],[-122.243694,37.880994],[-122.243688,37.880992],[-122.243681,37.880989],[-122.243675,37.880986],[-122.243669,37.880984],[-122.243662,37.880981],[-122.243656,37.880979],[-122.243649,37.880976],[-122.243643,37.880974],[-122.243636,37.880972],[-122.24363,37.88097],[-122.243623,37.880968],[-122.243616,37.880966],[-122.243609,37.880964],[-122.243602,37.880963],[-122.243595,37.880961],[-122.243344,37.880905],[-122.243334,37.880903],[-122.243323,37.880901],[-122.243313,37.880899],[-122.243302,37.880897],[-122.243292,37.880896],[-122.243281,37.880894],[-122.243271,37.880893],[-122.24326,37.880892],[-122.243249,37.880891],[-122.243238,37.88089],[-122.243228,37.880889],[-122.243217,37.880888],[-122.243206,37.880888],[-122.243195,37.880888],[-122.243185,37.880887],[-122.243174,37.880887],[-122.243163,37.880887],[-122.243152,37.880888],[-122.243141,37.880888],[-122.243131,37.880889],[-122.24312,37.880889],[-122.243109,37.88089],[-122.243098,37.880891],[-122.243088,37.880893],[-122.243077,37.880894],[-122.243066,37.880895],[-122.243056,37.880897],[-122.243045,37.880899],[-122.243035,37.880901],[-122.243024,37.880903],[-122.243014,37.880905],[-122.243004,37.880907],[-122.242993,37.88091],[-122.242983,37.880912],[-122.242973,37.880915],[-122.242963,37.880918],[-122.242953,37.880921],[-122.242943,37.880924],[-122.242933,37.880928],[-122.242923,37.880931],[-122.242913,37.880935],[-122.242903,37.880938],[-122.242894,37.880942],[-122.242884,37.880946],[-122.242875,37.88095],[-122.242865,37.880955],[-122.242856,37.880959],[-122.242847,37.880963],[-122.242838,37.880968],[-122.242829,37.880973],[-122.24282,37.880978],[-122.242811,37.880983],[-122.242803,37.880988],[-122.242794,37.880993],[-122.242786,37.880998],[-122.242777,37.881004],[-122.242769,37.88101],[-122.242761,37.881015],[-122.242753,37.881021],[-122.242746,37.881027],[-122.242738,37.881033],[-122.24273,37.881039],[-122.242723,37.881045],[-122.242716,37.881052],[-122.242709,37.881058],[-122.242702,37.881065],[-122.242695,37.881071],[-122.242688,37.881078],[-122.242682,37.881085],[-122.242675,37.881092],[-122.242669,37.881099],[-122.242663,37.881106],[-122.242657,37.881113],[-122.242651,37.88112],[-122.242646,37.881128],[-122.24264,37.881135],[-122.242635,37.881142],[-122.24263,37.88115],[-122.242625,37.881158],[-122.242619,37.881167],[-122.242549,37.881308],[-122.242544,37.881316],[-122.24254,37.881324],[-122.242536,37.881332],[-122.242531,37.88134],[-122.242526,37.881347],[-122.242521,37.881355],[-122.242516,37.881363],[-122.24251,37.88137],[-122.242505,37.881378],[-122.242499,37.881385],[-122.242493,37.881393],[-122.242487,37.8814],[-122.242481,37.881407],[-122.242475,37.881414],[-122.242468,37.881421],[-122.242462,37.881428],[-122.242455,37.881435],[-122.242448,37.881442],[-122.242441,37.881448],[-122.242434,37.881455],[-122.242426,37.881461],[-122.242419,37.881468],[-122.242411,37.881474],[-122.242403,37.88148],[-122.242395,37.881486],[-122.242387,37.881492],[-122.242379,37.881498],[-122.242371,37.881503],[-122.242362,37.881509],[-122.242354,37.881514],[-122.242345,37.88152],[-122.242336,37.881525],[-122.242328,37.88153],[-122.242319,37.881535],[-122.242309,37.88154],[-122.2423,37.881545],[-122.242291,37.881549],[-122.242281,37.881554],[-122.242272,37.881558],[-122.242262,37.881562],[-122.242253,37.881566],[-122.242243,37.88157],[-122.242233,37.881574],[-122.242223,37.881577],[-122.242206,37.881583],[-122.24219,37.881588],[-122.242175,37.881593],[-122.242159,37.881598],[-122.242144,37.881604],[-122.242129,37.881609],[-122.242114,37.881615],[-122.242099,37.881621],[-122.242084,37.881627],[-122.242069,37.881634],[-122.242054,37.88164],[-122.24204,37.881647],[-122.242026,37.881654],[-122.242012,37.881662],[-122.241998,37.881669],[-122.241984,37.881677],[-122.24197,37.881684],[-122.241957,37.881692],[-122.241944,37.881701],[-122.241931,37.881709],[-122.241918,37.881718],[-122.241905,37.881726],[-122.241892,37.881735],[-122.24188,37.881744],[-122.241868,37.881754],[-122.241856,37.881763],[-122.241844,37.881773],[-122.241833,37.881782],[-122.241822,37.881792],[-122.241811,37.881802],[-122.2418,37.881812],[-122.241789,37.881823],[-122.241779,37.881833],[-122.241769,37.881844],[-122.241759,37.881855],[-122.241749,37.881866],[-122.24174,37.881877],[-122.241731,37.881888],[-122.241722,37.881899],[-122.241713,37.88191],[-122.241705,37.881922],[-122.241697,37.881934],[-122.241689,37.881945],[-122.241681,37.881957],[-122.241674,37.881969],[-122.241666,37.881981],[-122.24166,37.881993],[-122.241653,37.882006],[-122.241647,37.882018],[-122.241641,37.88203],[-122.241635,37.882043],[-122.241629,37.882056],[-122.241624,37.882068],[-122.241619,37.882081],[-122.241615,37.882094],[-122.24161,37.882107],[-122.241606,37.88212],[-122.241602,37.882133],[-122.241599,37.882146],[-122.241596,37.882159],[-122.241593,37.882172],[-122.24159,37.882185],[-122.241586,37.882209],[-122.241585,37.882217],[-122.241583,37.882225],[-122.241581,37.882234],[-122.241579,37.882242],[-122.241577,37.882251],[-122.241575,37.882259],[-122.241573,37.882267],[-122.24157,37.882276],[-122.241567,37.882284],[-122.241564,37.882292],[-122.241561,37.8823],[-122.241558,37.882308],[-122.241554,37.882316],[-122.24155,37.882324],[-122.241546,37.882332],[-122.241542,37.88234],[-122.241538,37.882348],[-122.241534,37.882356],[-122.241529,37.882363],[-122.241524,37.882371],[-122.241519,37.882379],[-122.241514,37.882386],[-122.241509,37.882394],[-122.241504,37.882401],[-122.241498,37.882408],[-122.241492,37.882415],[-122.241486,37.882423],[-122.24148,37.88243],[-122.241474,37.882437],[-122.241468,37.882444],[-122.241461,37.88245],[-122.241454,37.882457],[-122.241448,37.882464],[-122.241441,37.88247],[-122.241434,37.882477],[-122.241426,37.882483],[-122.241419,37.882489],[-122.241411,37.882495],[-122.241404,37.882501],[-122.241396,37.882507],[-122.241388,37.882513],[-122.24138,37.882519],[-122.241372,37.882524],[-122.241364,37.88253],[-122.241355,37.882535],[-122.241347,37.88254],[-122.241338,37.882545],[-122.241329,37.88255],[-122.241321,37.882555],[-122.241312,37.88256],[-122.241303,37.882564],[-122.241293,37.882569],[-122.241284,37.882573],[-122.241275,37.882577],[-122.241265,37.882582],[-122.241256,37.882586],[-122.241246,37.882589],[-122.241236,37.882593],[-122.241226,37.882597],[-122.240757,37.882723],[-122.240741,37.882727],[-122.240725,37.882732],[-122.24071,37.882737],[-122.240694,37.882742],[-122.240679,37.882747],[-122.240663,37.882752],[-122.240648,37.882758],[-122.240633,37.882764],[-122.240618,37.88277],[-122.240603,37.882776],[-122.240589,37.882783],[-122.240574,37.882789],[-122.24056,37.882796],[-122.240546,37.882803],[-122.240532,37.882811],[-122.240518,37.882818],[-122.240504,37.882826],[-122.24049,37.882834],[-122.240477,37.882842],[-122.240464,37.88285],[-122.240451,37.882858],[-122.240438,37.882867],[-122.240425,37.882876],[-122.240413,37.882885],[-122.240401,37.882894],[-122.240389,37.882903],[-122.240377,37.882913],[-122.240365,37.882922],[-122.240354,37.882932],[-122.240343,37.882942],[-122.240332,37.882952],[-122.240321,37.882962],[-122.24031,37.882973],[-122.2403,37.882983],[-122.24029,37.882994],[-122.24028,37.883005],[-122.240271,37.883015],[-122.240261,37.883027],[-122.240252,37.883038],[-122.240243,37.883049],[-122.240235,37.88306],[-122.240226,37.883072],[-122.240218,37.883084],[-122.24021,37.883095],[-122.240203,37.883107],[-122.240196,37.883119],[-122.240189,37.883131],[-122.240182,37.883144],[-122.240174,37.883158],[-122.239623,37.883395],[-122.239625,37.883389],[-122.239627,37.883382],[-122.239628,37.883376],[-122.23963,37.883369],[-122.239631,37.883363],[-122.239632,37.883356],[-122.239633,37.88335],[-122.239634,37.883343],[-122.239634,37.883336],[-122.239635,37.88333],[-122.239635,37.883323],[-122.239635,37.883317],[-122.239635,37.88331],[-122.239635,37.883303],[-122.239635,37.883297],[-122.239635,37.88329],[-122.239634,37.883284],[-122.239634,37.883277],[-122.239633,37.883271],[-122.239632,37.883264],[-122.239631,37.883257],[-122.23963,37.883251],[-122.239628,37.883244],[-122.239627,37.883238],[-122.239625,37.883231],[-122.239623,37.883225],[-122.239621,37.883219],[-122.239619,37.883212],[-122.239617,37.883206],[-122.239614,37.883199],[-122.239612,37.883193],[-122.239609,37.883187],[-122.239607,37.883181],[-122.239604,37.883175],[-122.239601,37.883168],[-122.239597,37.883162],[-122.239591,37.883152],[-122.239583,37.883133],[-122.239575,37.883115],[-122.239566,37.883097],[-122.239556,37.883079],[-122.239546,37.883061],[-122.239536,37.883044],[-122.239526,37.883026],[-122.239515,37.883009],[-122.239503,37.882992],[-122.239492,37.882975],[-122.239479,37.882958],[-122.239467,37.882941],[-122.239454,37.882924],[-122.239441,37.882908],[-122.239427,37.882892],[-122.239414,37.882876],[-122.239399,37.88286],[-122.239385,37.882845],[-122.23937,37.882829],[-122.239354,37.882814],[-122.239339,37.882799],[-122.239323,37.882784],[-122.239307,37.88277],[-122.23929,37.882755],[-122.239273,37.882741],[-122.239256,37.882728],[-122.239236,37.882712],[-122.239215,37.882697],[-122.239194,37.882681],[-122.239172,37.882666],[-122.23915,37.882651],[-122.239127,37.882636],[-122.239104,37.882622],[-122.239081,37.882608],[-122.239058,37.882594],[-122.239034,37.882581],[-122.238987,37.882556],[-122.238973,37.882549],[-122.238959,37.882542],[-122.238944,37.882535],[-122.238929,37.882529],[-122.238914,37.882522],[-122.238899,37.882516],[-122.238884,37.88251],[-122.238869,37.882505],[-122.238854,37.882499],[-122.238838,37.882494],[-122.238823,37.882489],[-122.238807,37.882484],[-122.238791,37.882479],[-122.238775,37.882475],[-122.238759,37.882471],[-122.238743,37.882467],[-122.238727,37.882463],[-122.238711,37.882459],[-122.238694,37.882456],[-122.238678,37.882453],[-122.238662,37.88245],[-122.238645,37.882447],[-122.238628,37.882445],[-122.238612,37.882443],[-122.238595,37.882441],[-122.238578,37.882439],[-122.23856,37.882438]]]},"properties":{"APN":"48H-7800-2-1","SitusAddress":" GRIZZLY PEAK BLVD OAKLAND 94704"}},{"type":"Feature","geometry":{"type":"Polygon","coordinates":[[[-122.245068,37.883926],[-122.246745,37.883813],[-122.246772,37.884008],[-122.24677,37.884016],[-122.246767,37.884024],[-122.246763,37.884039],[-122.246758,37.884055],[-122.246754,37.884071],[-122.246751,37.884087],[-122.246748,37.884102],[-122.246745,37.884118],[-122.246742,37.884134],[-122.24674,37.88415],[-122.246738,37.884166],[-122.246737,37.884182],[-122.246736,37.884198],[-122.246735,37.884214],[-122.246734,37.88423],[-122.246734,37.884246],[-122.246735,37.884262],[-122.246735,37.884279],[-122.246736,37.884295],[-122.246738,37.884311],[-122.246739,37.884327],[-122.246741,37.884343],[-122.246744,37.884359],[-122.246747,37.884374],[-122.24675,37.88439],[-122.246753,37.884406],[-122.246757,37.884422],[-122.246761,37.884438],[-122.246766,37.884453],[-122.24677,37.884469],[-122.246776,37.884484],[-122.246781,37.8845],[-122.246787,37.884515],[-122.246793,37.88453],[-122.2468,37.884546],[-122.246807,37.884561],[-122.246814,37.884576],[-122.246821,37.884591],[-122.246829,37.884605],[-122.246842,37.884628],[-122.246854,37.884734],[-122.246923,37.88535],[-122.246926,37.885373],[-122.245068,37.883926]]]},"properties":{"APN":"48H-7800-3-2","SitusAddress":" SUMMIT RD OAKLAND 94704"}},{"type":"Feature","geometry":{"type":"Polygon","coordinates":[[[-122.238243,37.85995],[-122.23867,37.859879],[-122.238705,37.860048],[-122.238524,37.860045],[-122.238511,37.860045],[-122.238497,37.860045],[-122.238484,37.860046],[-122.238471,37.860046],[-122.238458,37.860047],[-122.238444,37.860047],[-122.238431,37.860048],[-122.238418,37.860049],[-122.238405,37.860051],[-122.238392,37.860052],[-122.238379,37.860054],[-122.238366,37.860056],[-122.238353,37.860058],[-122.23834,37.86006],[-122.23832,37.860064],[-122.238319,37.860064],[-122.238318,37.860064],[-122.238316,37.860064],[-122.238315,37.860065],[-122.238314,37.860065],[-122.238313,37.860065],[-122.238312,37.860065],[-122.23831,37.860065],[-122.238309,37.860065],[-122.238308,37.860065],[-122.238307,37.860065],[-122.238306,37.860065],[-122.238304,37.860065],[-122.238303,37.860065],[-122.238302,37.860065],[-122.238301,37.860065],[-122.238299,37.860065],[-122.238298,37.860065],[-122.238297,37.860065],[-122.238296,37.860065],[-122.238295,37.860065],[-122.238293,37.860065],[-122.238292,37.860065],[-122.238291,37.860065],[-122.23829,37.860064],[-122.238289,37.860064],[-122.238288,37.860064],[-122.238286,37.860064],[-122.238285,37.860064],[-122.238284,37.860063],[-122.238283,37.860063],[-122.238282,37.860063],[-122.238281,37.860062],[-122.238279,37.860062],[-122.238278,37.860062],[-122.238277,37.860061],[-122.238276,37.860061],[-122.238275,37.860061],[-122.238274,37.86006],[-122.238273,37.86006],[-122.238272,37.860059],[-122.238271,37.860059],[-122.238269,37.860059],[-122.238268,37.860058],[-122.238267,37.860058],[-122.238266,37.860057],[-122.238265,37.860057],[-122.238264,37.860056],[-122.238263,37.860056],[-122.238262,37.860055],[-122.238261,37.860054],[-122.23826,37.860054],[-122.238259,37.860053],[-122.238259,37.860053],[-122.238258,37.860052],[-122.238257,37.860051],[-122.238256,37.860051],[-122.238255,37.86005],[-122.238254,37.860049],[-122.238253,37.860049],[-122.238252,37.860048],[-122.238252,37.860047],[-122.238251,37.860047],[-122.23825,37.860046],[-122.238249,37.860045],[-122.238248,37.860044],[-122.238248,37.860044],[-122.238247,37.860043],[-122.238246,37.860042],[-122.238246,37.860041],[-122.238245,37.860041],[-122.238244,37.86004],[-122.238244,37.860039],[-122.238243,37.860038],[-122.238242,37.860037],[-122.238242,37.860036],[-122.238241,37.860036],[-122.238241,37.860035],[-122.23824,37.860034],[-122.23824,37.860033],[-122.238239,37.860032],[-122.238239,37.860031],[-122.238238,37.86003],[-122.238238,37.860029],[-122.238237,37.860029],[-122.238237,37.860028],[-122.238237,37.860027],[-122.238236,37.860026],[-122.238236,37.860025],[-122.238236,37.860024],[-122.238235,37.860023],[-122.238235,37.860022],[-122.238235,37.860021],[-122.238235,37.86002],[-122.238234,37.860019],[-122.238234,37.860018],[-122.238234,37.860017],[-122.238234,37.860016],[-122.238234,37.860015],[-122.238234,37.860014],[-122.238234,37.860014],[-122.238234,37.860013],[-122.238234,37.860012],[-122.238234,37.860011],[-122.238234,37.86001],[-122.238234,37.860009],[-122.238234,37.860008],[-122.238234,37.860007],[-122.238234,37.860006],[-122.238234,37.860005],[-122.238234,37.860004],[-122.238234,37.860003],[-122.238234,37.860002],[-122.238237,37.859986],[-122.23824,37.859971],[-122.238242,37.859955],[-122.238243,37.85995]]]},"properties":{"APN":"48H-7607-1","SitusAddress":"2 GRAVATT DR OAKLAND 94705"}},{"type":"Feature","geometry":{"type":"Polygon","coordinates":[[[-122.238244,37.859825],[-122.238612,37.859718],[-122.238652,37.859794],[-122.23867,37.859879],[-122.238243,37.85995],[-122.238244,37.85994],[-122.238247,37.85991],[-122.238248,37.859901],[-122.238248,37.859892],[-122.238248,37.859883],[-122.238248,37.859875],[-122.238248,37.859866],[-122.238247,37.859857],[-122.238247,37.859849],[-122.238246,37.85984],[-122.238245,37.859831],[-122.238244,37.859825]]]},"properties":{"APN":"48H-7607-2","SitusAddress":"8 GRAVATT DR OAKLAND 94705"}},{"type":"Feature","geometry":{"type":"Polygon","coordinates":[[[-122.238198,37.859688],[-122.238532,37.859566],[-122.238579,37.859655],[-122.238612,37.859718],[-122.238244,37.859825],[-122.238244,37.859823],[-122.238242,37.859814],[-122.238241,37.859805],[-122.238239,37.859797],[-122.238237,37.859788],[-122.238235,37.85978],[-122.238232,37.859771],[-122.23823,37.859763],[-122.238227,37.859754],[-122.238224,37.859746],[-122.238221,37.859738],[-122.238218,37.859729],[-122.238214,37.859721],[-122.238211,37.859713],[-122.238207,37.859705],[-122.238203,37.859697],[-122.238199,37.859689],[-122.238198,37.859688]]]},"properties":{"APN":"48H-7607-3","SitusAddress":"16 GRAVATT DR OAKLAND 94705"}},{"type":"Feature","geometry":{"type":"Polygon","coordinates":[[[-122.238111,37.859568],[-122.238465,37.85944],[-122.238508,37.859521],[-122.238532,37.859566],[-122.238198,37.859688],[-122.238194,37.859681],[-122.23819,37.859673],[-122.238185,37.859665],[-122.23818,37.859657],[-122.238175,37.859649],[-122.23817,37.859642],[-122.238165,37.859634],[-122.238159,37.859627],[-122.238153,37.859619],[-122.238145,37.859609],[-122.238123,37.859582],[-122.238111,37.859568]]]},"properties":{"APN":"48H-7607-4","SitusAddress":"22 GRAVATT DR OAKLAND 94705"}},{"type":"Feature","geometry":{"type":"Polygon","coordinates":[[[-122.238027,37.859454],[-122.238363,37.859326],[-122.238381,37.859358],[-122.238397,37.859386],[-122.238436,37.859383],[-122.238465,37.85944],[-122.238111,37.859568],[-122.238101,37.859556],[-122.23808,37.859529],[-122.23806,37.859501],[-122.23804,37.859474],[-122.238027,37.859454]]]},"properties":{"APN":"48H-7607-5","SitusAddress":"32 GRAVATT DR OAKLAND 94605"}},{"type":"Feature","geometry":{"type":"Polygon","coordinates":[[[-122.237943,37.859317],[-122.238287,37.859194],[-122.238363,37.859326],[-122.238027,37.859454],[-122.238021,37.859446],[-122.238002,37.859418],[-122.237977,37.859378],[-122.237943,37.859317]]]},"properties":{"APN":"48H-7607-6","SitusAddress":"40 GRAVATT DR OAKLAND 94705"}},{"type":"Feature","geometry":{"type":"Polygon","coordinates":[[[-122.237873,37.859192],[-122.238217,37.859071],[-122.238287,37.859194],[-122.237943,37.859317],[-122.237873,37.859192]]]},"properties":{"APN":"48H-7607-7","SitusAddress":"48 GRAVATT DR OAKLAND 94705"}},{"type":"Feature","geometry":{"type":"Polygon","coordinates":[[[-122.238217,37.859071],[-122.237873,37.859192],[-122.237803,37.859066],[-122.238145,37.858946],[-122.238217,37.859071]]]},"properties":{"APN":"48H-7607-8","SitusAddress":"54 GRAVATT DR OAKLAND 94705"}},{"type":"Feature","geometry":{"type":"Polygon","coordinates":[[[-122.237734,37.858943],[-122.238074,37.858821],[-122.238145,37.858946],[-122.237803,37.859066],[-122.237734,37.858943]]]},"properties":{"APN":"48H-7607-9","SitusAddress":"60 GRAVATT DR OAKLAND 94705"}},{"type":"Feature","geometry":{"type":"Polygon","coordinates":[[[-122.23766,37.858811],[-122.237995,37.858683],[-122.238002,37.858696],[-122.238074,37.858821],[-122.237734,37.858943],[-122.23766,37.858811]]]},"properties":{"APN":"48H-7607-10","SitusAddress":"72 GRAVATT DR OAKLAND 94705"}},{"type":"Feature","geometry":{"type":"Polygon","coordinates":[[[-122.237563,37.8578],[-122.238059,37.857617],[-122.238063,37.857625],[-122.238074,37.857645],[-122.238087,37.85767],[-122.238097,37.85769],[-122.23811,37.857718],[-122.238125,37.857751],[-122.237573,37.857945],[-122.237503,37.857822],[-122.237563,37.8578]]]},"properties":{"APN":"48H-7607-22","SitusAddress":"600 ALVARADO RD OAKLAND 94705"}},{"type":"Feature","geometry":{"type":"Polygon","coordinates":[[[-122.237573,37.857945],[-122.238125,37.857751],[-122.238161,37.85783],[-122.238197,37.857908],[-122.238236,37.857987],[-122.238247,37.858008],[-122.237716,37.858195],[-122.237573,37.857945]]]},"properties":{"APN":"48H-7607-23","SitusAddress":"614 ALVARADO RD OAKLAND 94705"}},{"type":"Feature","geometry":{"type":"Polygon","coordinates":[[[-122.237716,37.858195],[-122.238247,37.858008],[-122.238276,37.858064],[-122.238315,37.858135],[-122.237788,37.85832],[-122.237716,37.858195]]]},"properties":{"APN":"48H-7607-24","SitusAddress":"624 ALVARADO RD OAKLAND 94705"}},{"type":"Feature","geometry":{"type":"Polygon","coordinates":[[[-122.237788,37.85832],[-122.238315,37.858135],[-122.238318,37.858141],[-122.238362,37.858218],[-122.238387,37.85826],[-122.237859,37.858445],[-122.237788,37.85832]]]},"properties":{"APN":"48H-7607-25","SitusAddress":"632 ALVARADO RD OAKLAND 94705"}},{"type":"Feature","geometry":{"type":"Polygon","coordinates":[[[-122.237995,37.858683],[-122.237931,37.858571],[-122.238464,37.858383],[-122.238503,37.858443],[-122.238545,37.858505],[-122.238002,37.858696],[-122.237995,37.858683]]]},"properties":{"APN":"48H-7607-26-2","SitusAddress":"648 ALVARADO RD OAKLAND 94705"}},{"type":"Feature","geometry":{"type":"Polygon","coordinates":[[[-122.237864,37.858453],[-122.237859,37.858445],[-122.238387,37.85826],[-122.238407,37.858293],[-122.238454,37.858369],[-122.238464,37.858383],[-122.237931,37.858571],[-122.237864,37.858453]]]},"properties":{"APN":"48H-7607-26-3","SitusAddress":"638 ALVARADO RD OAKLAND 94705"}},{"type":"Feature","geometry":{"type":"Polygon","coordinates":[[[-122.238002,37.858696],[-122.238545,37.858505],[-122.238553,37.858517],[-122.23863,37.858625],[-122.238074,37.858821],[-122.238002,37.858696]]]},"properties":{"APN":"48H-7607-28","SitusAddress":"650 ALVARADO RD OAKLAND 94705"}},{"type":"Feature","geometry":{"type":"Polygon","coordinates":[[[-122.238074,37.858821],[-122.23863,37.858625],[-122.238653,37.858655],[-122.238675,37.858684],[-122.238685,37.858697],[-122.238694,37.858711],[-122.238704,37.858724],[-122.238713,37.858738],[-122.238717,37.858744],[-122.238145,37.858946],[-122.238074,37.858821]]]},"properties":{"APN":"48H-7607-29","SitusAddress":"654 ALVARADO RD OAKLAND 94705"}},{"type":"Feature","geometry":{"type":"Polygon","coordinates":[[[-122.238145,37.858946],[-122.238717,37.858744],[-122.238721,37.858751],[-122.238729,37.858765],[-122.238737,37.858779],[-122.238745,37.858793],[-122.238753,37.858807],[-122.23876,37.858821],[-122.238766,37.858835],[-122.238773,37.85885],[-122.238779,37.858864],[-122.238782,37.858872],[-122.238217,37.859071],[-122.238145,37.858946]]]},"properties":{"APN":"48H-7607-30","SitusAddress":"678 ALVARADO RD OAKLAND 94705"}},{"type":"Feature","geometry":{"type":"Polygon","coordinates":[[[-122.238363,37.859326],[-122.238287,37.859194],[-122.238217,37.859071],[-122.238782,37.858872],[-122.238785,37.858879],[-122.23879,37.858893],[-122.238795,37.858908],[-122.2388,37.858923],[-122.238805,37.858938],[-122.238809,37.858953],[-122.238813,37.858968],[-122.238816,37.858983],[-122.23882,37.858998],[-122.238823,37.859013],[-122.238825,37.859028],[-122.238829,37.859058],[-122.238827,37.859059],[-122.238826,37.85906],[-122.238824,37.859061],[-122.238823,37.859062],[-122.238821,37.859063],[-122.23882,37.859064],[-122.238818,37.859065],[-122.238817,37.859067],[-122.238815,37.859068],[-122.238814,37.859069],[-122.238813,37.859071],[-122.238811,37.859072],[-122.23881,37.859073],[-122.238809,37.859074],[-122.238807,37.859076],[-122.238806,37.859077],[-122.238805,37.859079],[-122.238804,37.85908],[-122.238803,37.859081],[-122.238802,37.859083],[-122.238801,37.859084],[-122.238799,37.859086],[-122.238798,37.859087],[-122.238798,37.859089],[-122.238797,37.85909],[-122.238796,37.859092],[-122.238795,37.859093],[-122.238794,37.859095],[-122.238793,37.859096],[-122.238792,37.859098],[-122.238792,37.859099],[-122.238791,37.859101],[-122.23879,37.859103],[-122.23879,37.859104],[-122.238789,37.859106],[-122.238789,37.859107],[-122.238788,37.859109],[-122.238788,37.859111],[-122.238787,37.859112],[-122.238787,37.859114],[-122.238786,37.859116],[-122.238786,37.859117],[-122.238786,37.859119],[-122.238785,37.859121],[-122.238785,37.859122],[-122.238785,37.859124],[-122.238785,37.859126],[-122.238785,37.859127],[-122.238785,37.859129],[-122.238785,37.859131],[-122.238785,37.859132],[-122.238785,37.859134],[-122.238785,37.859136],[-122.238785,37.859137],[-122.238785,37.859139],[-122.238785,37.859141],[-122.238785,37.859142],[-122.238785,37.859144],[-122.238786,37.859146],[-122.238786,37.859147],[-122.238786,37.859149],[-122.238787,37.859151],[-122.238787,37.859152],[-122.238788,37.859154],[-122.238788,37.859156],[-122.238789,37.859157],[-122.238789,37.859159],[-122.23879,37.85916],[-122.238791,37.859162],[-122.238791,37.859164],[-122.238792,37.859165],[-122.238793,37.859167],[-122.238794,37.859168],[-122.238794,37.85917],[-122.238795,37.859171],[-122.238796,37.859173],[-122.238797,37.859174],[-122.238798,37.859176],[-122.238799,37.859177],[-122.2388,37.859179],[-122.238801,37.85918],[-122.238802,37.859182],[-122.238803,37.859183],[-122.238804,37.859185],[-122.238806,37.859186],[-122.238807,37.859187],[-122.238808,37.859189],[-122.238809,37.85919],[-122.238811,37.859191],[-122.238812,37.859193],[-122.238813,37.859194],[-122.238815,37.859195],[-122.238816,37.859197],[-122.238817,37.859198],[-122.238819,37.859199],[-122.23882,37.8592],[-122.238822,37.859201],[-122.238823,37.859203],[-122.238825,37.859204],[-122.238827,37.859205],[-122.238828,37.859206],[-122.23883,37.859207],[-122.238832,37.859208],[-122.238833,37.859209],[-122.238835,37.85921],[-122.238837,37.859211],[-122.238838,37.859212],[-122.23884,37.859213],[-122.238842,37.859214],[-122.238844,37.859215],[-122.238855,37.85933],[-122.238623,37.859265],[-122.238381,37.859358],[-122.238363,37.859326]]]},"properties":{"APN":"48H-7607-31-2","SitusAddress":"688 ALVARADO RD OAKLAND 94603"}},{"type":"Feature","geometry":{"type":"Polygon","coordinates":[[[-122.238465,37.85944],[-122.238436,37.859383],[-122.238397,37.859386],[-122.238381,37.859358],[-122.238623,37.859265],[-122.238855,37.85933],[-122.238859,37.859369],[-122.238915,37.85949],[-122.238508,37.859521],[-122.238465,37.85944]]]},"properties":{"APN":"48H-7607-34-1","SitusAddress":"790 ALVARADO RD OAKLAND 94705"}},{"type":"Feature","geometry":{"type":"Polygon","coordinates":[[[-122.238532,37.859566],[-122.238508,37.859521],[-122.238915,37.85949],[-122.238976,37.859624],[-122.238579,37.859655],[-122.238532,37.859566]]]},"properties":{"APN":"48H-7607-35","SitusAddress":"780 ALVARADO RD OAKLAND 94705"}},{"type":"Feature","geometry":{"type":"Polygon","coordinates":[[[-122.238612,37.859718],[-122.238579,37.859655],[-122.238976,37.859624],[-122.239038,37.859758],[-122.238652,37.859794],[-122.238612,37.859718]]]},"properties":{"APN":"48H-7607-36","SitusAddress":"770 ALVARADO RD OAKLAND 94705"}},{"type":"Feature","geometry":{"type":"Polygon","coordinates":[[[-122.238705,37.860048],[-122.23867,37.859879],[-122.238652,37.859794],[-122.239038,37.859758],[-122.239148,37.859996],[-122.239148,37.859997],[-122.239149,37.859998],[-122.239149,37.86],[-122.23915,37.860001],[-122.23915,37.860003],[-122.23915,37.860004],[-122.23915,37.860005],[-122.239151,37.860006],[-122.239151,37.860008],[-122.239151,37.860009],[-122.239151,37.86001],[-122.239151,37.860011],[-122.239151,37.860012],[-122.239151,37.860013],[-122.23915,37.860015],[-122.23915,37.860016],[-122.23915,37.860018],[-122.239149,37.860019],[-122.239149,37.86002],[-122.239149,37.860022],[-122.239148,37.860023],[-122.239148,37.860024],[-122.239147,37.860025],[-122.239146,37.860027],[-122.239146,37.860028],[-122.239145,37.860029],[-122.239144,37.860031],[-122.239143,37.860032],[-122.239142,37.860033],[-122.239141,37.860034],[-122.23914,37.860035],[-122.239139,37.860036],[-122.239138,37.860037],[-122.239137,37.860038],[-122.239136,37.860039],[-122.239135,37.86004],[-122.239133,37.860041],[-122.239132,37.860042],[-122.239131,37.860043],[-122.23913,37.860044],[-122.239128,37.860045],[-122.239127,37.860045],[-122.239126,37.860046],[-122.239125,37.860046],[-122.239123,37.860047],[-122.239122,37.860048],[-122.23912,37.860048],[-122.239118,37.860049],[-122.239117,37.860049],[-122.239115,37.86005],[-122.239113,37.86005],[-122.239111,37.860051],[-122.23911,37.860051],[-122.239108,37.860052],[-122.239106,37.860052],[-122.239105,37.860052],[-122.239103,37.860052],[-122.239102,37.860052],[-122.2391,37.860052],[-122.239098,37.860052],[-122.239096,37.860052],[-122.238705,37.860048]]]},"properties":{"APN":"48H-7607-37-1","SitusAddress":"760 ALVARADO RD OAKLAND 94705"}},{"type":"Feature","geometry":{"type":"Polygon","coordinates":[[[-122.237964,37.857501],[-122.237983,37.857522],[-122.238018,37.857554],[-122.238021,37.857558],[-122.238032,37.857572],[-122.237704,37.857596],[-122.237964,37.857501]]]},"properties":{"APN":"48H-7607-42","SitusAddress":"290 ALVARADO RD BERKELEY 94705"}},{"type":"Feature","geometry":{"type":"Polygon","coordinates":[[[-122.237704,37.857596],[-122.238032,37.857572],[-122.238059,37.857616],[-122.23806,37.857617],[-122.238059,37.857617],[-122.237563,37.8578],[-122.237563,37.857799],[-122.23749,37.857675],[-122.237704,37.857596]]]},"properties":{"APN":"48H-7607-43","SitusAddress":"290 ALVARADO RD OAKLAND 94705"}},{"type":"Feature","geometry":{"type":"Polygon","coordinates":[[[-122.237525,37.860107],[-122.237556,37.860063],[-122.23756,37.860057],[-122.237565,37.860051],[-122.237569,37.860045],[-122.237572,37.860038],[-122.237576,37.860032],[-122.23758,37.860026],[-122.237583,37.860019],[-122.237588,37.860009],[-122.238017,37.860122],[-122.238014,37.860126],[-122.238012,37.860131],[-122.23801,37.860136],[-122.238007,37.86014],[-122.238005,37.860145],[-122.238002,37.860149],[-122.237999,37.860153],[-122.237996,37.860158],[-122.237993,37.860162],[-122.23799,37.860166],[-122.237987,37.860171],[-122.237984,37.860175],[-122.237981,37.860179],[-122.237977,37.860183],[-122.237974,37.860187],[-122.23797,37.860191],[-122.237967,37.860195],[-122.237963,37.860199],[-122.237959,37.860203],[-122.237955,37.860207],[-122.237951,37.860211],[-122.237947,37.860214],[-122.237943,37.860218],[-122.237938,37.860221],[-122.237934,37.860225],[-122.23793,37.860228],[-122.237925,37.860232],[-122.237921,37.860235],[-122.237914,37.86024],[-122.237902,37.860248],[-122.237525,37.860107]]]},"properties":{"APN":"48H-7608-8","SitusAddress":"800 ALVARADO RD OAKLAND 94705"}},{"type":"Feature","geometry":{"type":"Polygon","coordinates":[[[-122.237621,37.85988],[-122.238069,37.859951],[-122.238068,37.859954],[-122.238066,37.859967],[-122.238063,37.85998],[-122.238061,37.859993],[-122.238057,37.860006],[-122.238054,37.860019],[-122.23805,37.860032],[-122.238046,37.860045],[-122.238042,37.860057],[-122.238038,37.86007],[-122.238033,37.860083],[-122.238028,37.860095],[-122.2376,37.859983],[-122.237602,37.859976],[-122.237604,37.85997],[-122.237607,37.859963],[-122.237609,37.859956],[-122.237611,37.85995],[-122.237612,37.859943],[-122.237614,37.859936],[-122.237615,37.859929],[-122.237617,37.859922],[-122.237618,37.859915],[-122.237619,37.859908],[-122.23762,37.859902],[-122.23762,37.859895],[-122.237621,37.859888],[-122.237621,37.85988]]]},"properties":{"APN":"48H-7608-9","SitusAddress":"1 GRAVATT DR OAKLAND 94705"}},{"type":"Feature","geometry":{"type":"Polygon","coordinates":[[[-122.237621,37.85988],[-122.237622,37.859874],[-122.237622,37.859867],[-122.237622,37.85986],[-122.237621,37.859853],[-122.237621,37.859846],[-122.23762,37.859839],[-122.23762,37.859832],[-122.237619,37.859825],[-122.237618,37.859819],[-122.237617,37.859812],[-122.237616,37.859805],[-122.237614,37.859798],[-122.237613,37.859791],[-122.237611,37.859784],[-122.237609,37.859778],[-122.237607,37.859771],[-122.238044,37.859752],[-122.238047,37.859757],[-122.23805,37.859763],[-122.238052,37.859769],[-122.238055,37.859775],[-122.238057,37.859781],[-122.238059,37.859787],[-122.238061,37.859793],[-122.238063,37.859799],[-122.238065,37.859806],[-122.238066,37.859812],[-122.238068,37.859818],[-122.238069,37.859824],[-122.23807,37.85983],[-122.238071,37.859837],[-122.238072,37.859843],[-122.238073,37.859849],[-122.238074,37.859855],[-122.238074,37.859862],[-122.238075,37.859868],[-122.238075,37.859874],[-122.238075,37.859881],[-122.238075,37.859887],[-122.238075,37.859893],[-122.238074,37.859902],[-122.238073,37.859915],[-122.238072,37.859928],[-122.23807,37.859941],[-122.238069,37.859951],[-122.237621,37.85988]]]},"properties":{"APN":"48H-7608-10","SitusAddress":"11 GRAVATT DR OAKLAND 94705"}},{"type":"Feature","geometry":{"type":"Polygon","coordinates":[[[-122.237566,37.859683],[-122.237912,37.859573],[-122.23792,37.859584],[-122.237942,37.859613],[-122.237965,37.859641],[-122.238,37.859684],[-122.238005,37.859689],[-122.238009,37.859695],[-122.238013,37.8597],[-122.238017,37.859706],[-122.238021,37.859711],[-122.238024,37.859717],[-122.238028,37.859722],[-122.238031,37.859728],[-122.238035,37.859734],[-122.238038,37.85974],[-122.238041,37.859745],[-122.238044,37.859751],[-122.238044,37.859752],[-122.237607,37.859771],[-122.237605,37.859764],[-122.237602,37.859757],[-122.2376,37.859751],[-122.237597,37.859744],[-122.237595,37.859738],[-122.237592,37.859731],[-122.237589,37.859725],[-122.237585,37.859718],[-122.237582,37.859712],[-122.237579,37.859705],[-122.237574,37.859697],[-122.237566,37.859683]]]},"properties":{"APN":"48H-7608-11","SitusAddress":"23 GRAVATT DR OAKLAND 94705"}},{"type":"Feature","geometry":{"type":"Polygon","coordinates":[[[-122.237542,37.861086],[-122.238012,37.861122],[-122.238021,37.861215],[-122.237406,37.861247],[-122.237411,37.861245],[-122.237415,37.861243],[-122.237419,37.861241],[-122.237423,37.861239],[-122.237427,37.861237],[-122.237431,37.861235],[-122.237435,37.861232],[-122.237438,37.86123],[-122.237442,37.861228],[-122.237446,37.861225],[-122.23745,37.861223],[-122.237453,37.86122],[-122.237457,37.861217],[-122.23746,37.861215],[-122.237464,37.861212],[-122.237467,37.861209],[-122.237471,37.861206],[-122.237474,37.861204],[-122.237477,37.861201],[-122.23748,37.861198],[-122.237483,37.861195],[-122.237486,37.861192],[-122.237489,37.861189],[-122.237492,37.861185],[-122.237495,37.861182],[-122.237498,37.861179],[-122.2375,37.861176],[-122.237503,37.861173],[-122.237505,37.861169],[-122.237508,37.861166],[-122.23751,37.861163],[-122.237513,37.861159],[-122.237515,37.861156],[-122.237517,37.861152],[-122.237519,37.861149],[-122.237521,37.861145],[-122.237523,37.861142],[-122.237525,37.861138],[-122.237526,37.861135],[-122.237528,37.861131],[-122.23753,37.861127],[-122.237531,37.861124],[-122.237533,37.86112],[-122.237534,37.861116],[-122.237535,37.861112],[-122.237537,37.861109],[-122.237538,37.861105],[-122.237539,37.861101],[-122.23754,37.861097],[-122.23754,37.861094],[-122.237541,37.86109],[-122.237542,37.861086]]]},"properties":{"APN":"48H-7661-1","SitusAddress":"845 ALVARADO RD OAKLAND 94705"}},{"type":"Feature","geometry":{"type":"Polygon","coordinates":[[[-122.237542,37.861086],[-122.237545,37.861053],[-122.237548,37.861035],[-122.237551,37.861017],[-122.237554,37.860998],[-122.237558,37.86098],[-122.237562,37.860962],[-122.237566,37.860944],[-122.23802,37.861033],[-122.238007,37.861063],[-122.238012,37.861122],[-122.237542,37.861086]]]},"properties":{"APN":"48H-7661-2","SitusAddress":"841 ALVARADO RD OAKLAND 94705"}},{"type":"Feature","geometry":{"type":"Polygon","coordinates":[[[-122.237566,37.860944],[-122.237571,37.860926],[-122.237577,37.860908],[-122.237582,37.860891],[-122.237588,37.860873],[-122.237595,37.860855],[-122.237602,37.860838],[-122.237609,37.86082],[-122.237616,37.860803],[-122.237622,37.86079],[-122.238057,37.860944],[-122.23802,37.861033],[-122.237566,37.860944]]]},"properties":{"APN":"48H-7661-3","SitusAddress":"835 ALVARADO RD OAKLAND 94705"}},{"type":"Feature","geometry":{"type":"Polygon","coordinates":[[[-122.237702,37.860652],[-122.237707,37.860645],[-122.238134,37.860872],[-122.238123,37.860884],[-122.238121,37.860885],[-122.238112,37.860894],[-122.238066,37.860922],[-122.238057,37.860944],[-122.237622,37.86079],[-122.237624,37.860786],[-122.237633,37.860769],[-122.237642,37.860752],[-122.237651,37.860735],[-122.23766,37.860718],[-122.23767,37.860701],[-122.23768,37.860685],[-122.237691,37.860668],[-122.237702,37.860652]]]},"properties":{"APN":"48H-7661-4","SitusAddress":"823 ALVARADO RD OAKLAND 94705"}},{"type":"Feature","geometry":{"type":"Polygon","coordinates":[[[-122.237707,37.860645],[-122.237713,37.860636],[-122.237725,37.86062],[-122.237737,37.860605],[-122.237749,37.860589],[-122.237762,37.860574],[-122.237775,37.860559],[-122.237788,37.860544],[-122.237802,37.860529],[-122.237816,37.860514],[-122.23782,37.86051],[-122.238208,37.860801],[-122.238134,37.860872],[-122.237707,37.860645]]]},"properties":{"APN":"48H-7661-5","SitusAddress":"817 ALVARADO RD OAKLAND 94705"}},{"type":"Feature","geometry":{"type":"Polygon","coordinates":[[[-122.237939,37.860404],[-122.237956,37.860392],[-122.238282,37.860731],[-122.238277,37.860735],[-122.238208,37.860801],[-122.23782,37.86051],[-122.23783,37.8605],[-122.237845,37.860485],[-122.23786,37.860471],[-122.237875,37.860458],[-122.237891,37.860444],[-122.237906,37.860431],[-122.237923,37.860417],[-122.237939,37.860404]]]},"properties":{"APN":"48H-7661-6","SitusAddress":"803 ALVARADO RD OAKLAND 94705"}},{"type":"Feature","geometry":{"type":"Polygon","coordinates":[[[-122.237956,37.860392],[-122.237981,37.860373],[-122.237995,37.860363],[-122.238009,37.860353],[-122.238023,37.860343],[-122.238038,37.860334],[-122.238052,37.860325],[-122.238067,37.860316],[-122.238083,37.860307],[-122.238098,37.860299],[-122.238108,37.860293],[-122.238396,37.860659],[-122.238282,37.860731],[-122.237956,37.860392]]]},"properties":{"APN":"48H-7661-7","SitusAddress":"801 ALVARADO RD OAKLAND 94705"}},{"type":"Feature","geometry":{"type":"Polygon","coordinates":[[[-122.238108,37.860293],[-122.238113,37.86029],[-122.238129,37.860282],[-122.238145,37.860274],[-122.238161,37.860267],[-122.238177,37.860259],[-122.238193,37.860252],[-122.23821,37.860245],[-122.238227,37.860238],[-122.238244,37.860232],[-122.23826,37.860225],[-122.238271,37.860222],[-122.238281,37.860218],[-122.238495,37.860596],[-122.238396,37.860659],[-122.238108,37.860293]]]},"properties":{"APN":"48H-7661-8","SitusAddress":"789 ALVARADO RD OAKLAND 94705"}},{"type":"Feature","geometry":{"type":"Polygon","coordinates":[[[-122.238281,37.860218],[-122.23829,37.860215],[-122.2383,37.860212],[-122.238309,37.86021],[-122.238319,37.860207],[-122.238329,37.860204],[-122.238339,37.860202],[-122.238348,37.8602],[-122.238358,37.860198],[-122.238368,37.860196],[-122.238378,37.860194],[-122.238388,37.860192],[-122.238398,37.860191],[-122.238408,37.860189],[-122.238418,37.860188],[-122.238429,37.860187],[-122.238439,37.860186],[-122.238449,37.860185],[-122.238459,37.860184],[-122.238469,37.860184],[-122.238471,37.860183],[-122.238609,37.860523],[-122.238495,37.860596],[-122.238281,37.860218]]]},"properties":{"APN":"48H-7661-9","SitusAddress":"781 ALVARADO RD OAKLAND 94705"}},{"type":"Feature","geometry":{"type":"Polygon","coordinates":[[[-122.238471,37.860183],[-122.23848,37.860183],[-122.23849,37.860183],[-122.2385,37.860183],[-122.23851,37.860183],[-122.238521,37.860183],[-122.238673,37.860185],[-122.238735,37.860473],[-122.238655,37.860494],[-122.238609,37.860523],[-122.238471,37.860183]]]},"properties":{"APN":"48H-7661-10","SitusAddress":"775 ALVARADO RD OAKLAND 94705"}},{"type":"Feature","geometry":{"type":"Polygon","coordinates":[[[-122.238673,37.860185],[-122.238856,37.860187],[-122.238916,37.860461],[-122.238883,37.860463],[-122.238735,37.860473],[-122.238673,37.860185]]]},"properties":{"APN":"48H-7661-11","SitusAddress":"769 ALVARADO RD OAKLAND 94705"}},{"type":"Feature","geometry":{"type":"Polygon","coordinates":[[[-122.239117,37.860449],[-122.238916,37.860461],[-122.238856,37.860187],[-122.239053,37.860189],[-122.239117,37.860449]]]},"properties":{"APN":"48H-7661-12","SitusAddress":"763 ALVARADO RD OAKLAND 94705"}},{"type":"Feature","geometry":{"type":"Polygon","coordinates":[[[-122.239053,37.860189],[-122.239093,37.86019],[-122.239101,37.86019],[-122.239105,37.86019],[-122.239109,37.86019],[-122.239113,37.860189],[-122.239117,37.860189],[-122.239121,37.860189],[-122.239125,37.860188],[-122.239129,37.860188],[-122.239133,37.860188],[-122.239137,37.860187],[-122.23914,37.860186],[-122.239144,37.860186],[-122.239148,37.860185],[-122.239152,37.860184],[-122.239156,37.860184],[-122.23916,37.860183],[-122.239163,37.860182],[-122.239167,37.860181],[-122.239171,37.86018],[-122.239175,37.860179],[-122.239178,37.860178],[-122.239182,37.860177],[-122.239186,37.860175],[-122.239189,37.860174],[-122.239193,37.860173],[-122.239197,37.860172],[-122.2392,37.86017],[-122.239204,37.860169],[-122.239207,37.860167],[-122.239211,37.860166],[-122.239214,37.860164],[-122.239217,37.860162],[-122.239221,37.860161],[-122.239224,37.860159],[-122.239227,37.860157],[-122.239231,37.860155],[-122.239234,37.860153],[-122.239237,37.860152],[-122.23924,37.86015],[-122.239243,37.860148],[-122.239246,37.860146],[-122.239249,37.860143],[-122.239252,37.860141],[-122.239255,37.860139],[-122.239258,37.860137],[-122.23926,37.860135],[-122.239263,37.860132],[-122.239266,37.86013],[-122.239268,37.860128],[-122.239271,37.860125],[-122.239273,37.860123],[-122.239276,37.86012],[-122.239553,37.860321],[-122.239541,37.860331],[-122.23934,37.860387],[-122.239117,37.860449],[-122.239053,37.860189]]]},"properties":{"APN":"48H-7661-13","SitusAddress":"757 ALVARADO RD OAKLAND 94705"}},{"type":"Feature","geometry":{"type":"Polygon","coordinates":[[[-122.239276,37.86012],[-122.239278,37.860118],[-122.239281,37.860115],[-122.239283,37.860113],[-122.239285,37.86011],[-122.239287,37.860108],[-122.23929,37.860105],[-122.239292,37.860102],[-122.239294,37.8601],[-122.239296,37.860097],[-122.239297,37.860094],[-122.239299,37.860091],[-122.239301,37.860089],[-122.239303,37.860086],[-122.239304,37.860083],[-122.239306,37.86008],[-122.239307,37.860077],[-122.239309,37.860074],[-122.23931,37.860071],[-122.239312,37.860068],[-122.239313,37.860065],[-122.239314,37.860062],[-122.239315,37.860059],[-122.239316,37.860056],[-122.239317,37.860053],[-122.239318,37.86005],[-122.239319,37.860047],[-122.23932,37.860044],[-122.239321,37.860041],[-122.239321,37.860038],[-122.239322,37.860035],[-122.239322,37.860032],[-122.239323,37.860028],[-122.239323,37.860025],[-122.239323,37.860022],[-122.239324,37.860019],[-122.239324,37.860016],[-122.239324,37.860013],[-122.239324,37.86001],[-122.239324,37.860006],[-122.239324,37.860003],[-122.239324,37.86],[-122.239323,37.859997],[-122.239323,37.859994],[-122.239323,37.859991],[-122.239322,37.859988],[-122.239322,37.859985],[-122.239321,37.859981],[-122.239321,37.85998],[-122.239615,37.859987],[-122.239717,37.860101],[-122.239759,37.860148],[-122.239553,37.860321],[-122.239276,37.86012]]]},"properties":{"APN":"48H-7661-14","SitusAddress":"751 ALVARADO RD OAKLAND 94705"}},{"type":"Feature","geometry":{"type":"Polygon","coordinates":[[[-122.239321,37.85998],[-122.23932,37.859978],[-122.23932,37.859975],[-122.239319,37.859972],[-122.239318,37.859969],[-122.239317,37.859966],[-122.239316,37.859963],[-122.239315,37.85996],[-122.239314,37.859957],[-122.239313,37.859954],[-122.239311,37.859951],[-122.23931,37.859948],[-122.239246,37.859809],[-122.239391,37.859739],[-122.239573,37.859941],[-122.239615,37.859987],[-122.239321,37.85998]]]},"properties":{"APN":"48H-7661-15","SitusAddress":"745 ALVARADO RD OAKLAND 94705"}},{"type":"Feature","geometry":{"type":"Polygon","coordinates":[[[-122.239557,37.859659],[-122.239391,37.859739],[-122.239246,37.859809],[-122.239116,37.859527],[-122.239116,37.859526],[-122.239115,37.859524],[-122.239115,37.859523],[-122.239114,37.859522],[-122.239114,37.859521],[-122.239114,37.859519],[-122.239114,37.859518],[-122.239113,37.859517],[-122.239113,37.859516],[-122.239113,37.859514],[-122.239113,37.859513],[-122.239113,37.859512],[-122.239113,37.85951],[-122.239113,37.859509],[-122.239114,37.859508],[-122.239114,37.859507],[-122.239114,37.859505],[-122.239114,37.859504],[-122.239115,37.859502],[-122.239115,37.859501],[-122.239116,37.8595],[-122.239116,37.859499],[-122.239117,37.859498],[-122.239117,37.859497],[-122.239118,37.859496],[-122.239119,37.859495],[-122.239119,37.859494],[-122.23912,37.859492],[-122.239121,37.859491],[-122.239122,37.85949],[-122.239122,37.859489],[-122.239123,37.859488],[-122.239124,37.859488],[-122.239125,37.859487],[-122.239126,37.859486],[-122.239127,37.859485],[-122.239128,37.859484],[-122.23913,37.859483],[-122.239131,37.859482],[-122.239132,37.859481],[-122.239133,37.859481],[-122.239134,37.85948],[-122.239135,37.859479],[-122.239137,37.859478],[-122.239138,37.859478],[-122.239139,37.859477],[-122.239141,37.859477],[-122.239142,37.859476],[-122.239144,37.859475],[-122.239146,37.859475],[-122.239147,37.859474],[-122.239148,37.859474],[-122.23915,37.859474],[-122.239152,37.859473],[-122.239153,37.859473],[-122.239155,37.859473],[-122.239156,37.859472],[-122.239158,37.859472],[-122.23916,37.859472],[-122.239161,37.859472],[-122.239163,37.859472],[-122.239165,37.859472],[-122.239167,37.859472],[-122.239168,37.859472],[-122.239169,37.859472],[-122.239171,37.859472],[-122.239172,37.859472],[-122.239174,37.859472],[-122.239175,37.859472],[-122.239177,37.859473],[-122.239178,37.859473],[-122.239179,37.859473],[-122.239181,37.859474],[-122.239183,37.859474],[-122.239184,37.859475],[-122.239186,37.859475],[-122.239188,37.859476],[-122.239189,37.859476],[-122.239254,37.859505],[-122.239304,37.859528],[-122.239354,37.859552],[-122.239404,37.859576],[-122.239452,37.859602],[-122.239501,37.859628],[-122.239549,37.859654],[-122.239557,37.859659]]]},"properties":{"APN":"48H-7661-16","SitusAddress":"733 ALVARADO RD OAKLAND 94705"}},{"type":"Feature","geometry":{"type":"Polygon","coordinates":[[[-122.239391,37.859739],[-122.239557,37.859659],[-122.239596,37.859681],[-122.239642,37.859709],[-122.239688,37.859738],[-122.239733,37.859767],[-122.239778,37.859797],[-122.239822,37.859827],[-122.239573,37.859941],[-122.239391,37.859739]]]},"properties":{"APN":"48H-7661-17","SitusAddress":"16 SLATER LN OAKLAND 94705"}},{"type":"Feature","geometry":{"type":"Polygon","coordinates":[[[-122.239994,37.859945],[-122.240151,37.860054],[-122.239963,37.860164],[-122.239873,37.860217],[-122.239785,37.860167],[-122.239726,37.860102],[-122.239994,37.859945]]]},"properties":{"APN":"48H-7661-19-1","SitusAddress":"36 SLATER LN OAKLAND 94705"}},{"type":"Feature","geometry":{"type":"Polygon","coordinates":[[[-122.239986,37.860192],[-122.24037,37.860351],[-122.240355,37.860358],[-122.240342,37.860364],[-122.24033,37.860369],[-122.240317,37.860374],[-122.240305,37.860379],[-122.240292,37.860384],[-122.240279,37.860388],[-122.240266,37.860393],[-122.240253,37.860397],[-122.24024,37.860401],[-122.240227,37.860405],[-122.240214,37.860409],[-122.2402,37.860412],[-122.240187,37.860415],[-122.240173,37.860418],[-122.24016,37.860421],[-122.240146,37.860424],[-122.240132,37.860427],[-122.240118,37.860429],[-122.240087,37.860434],[-122.240068,37.860437],[-122.24005,37.86044],[-122.240031,37.860443],[-122.240013,37.860447],[-122.239994,37.860451],[-122.239984,37.860454],[-122.239875,37.860329],[-122.239986,37.860192]]]},"properties":{"APN":"48H-7661-20-1","SitusAddress":"68 EVERGREEN LN OAKLAND 94705"}},{"type":"Feature","geometry":{"type":"Polygon","coordinates":[[[-122.239986,37.860192],[-122.239963,37.860164],[-122.240151,37.860054],[-122.240253,37.860124],[-122.240262,37.860131],[-122.24027,37.860137],[-122.240278,37.860143],[-122.240286,37.86015],[-122.240293,37.860156],[-122.240301,37.860163],[-122.240308,37.860169],[-122.240315,37.860176],[-122.240322,37.860183],[-122.240329,37.86019],[-122.240335,37.860197],[-122.240342,37.860204],[-122.240348,37.860212],[-122.240354,37.860219],[-122.24036,37.860226],[-122.240366,37.860234],[-122.240372,37.860242],[-122.240377,37.860249],[-122.240382,37.860257],[-122.240388,37.860265],[-122.240393,37.860273],[-122.240397,37.860281],[-122.240398,37.860282],[-122.240398,37.860282],[-122.240399,37.860283],[-122.240399,37.860284],[-122.2404,37.860285],[-122.2404,37.860286],[-122.2404,37.860287],[-122.240401,37.860288],[-122.240401,37.860289],[-122.240401,37.86029],[-122.240402,37.860291],[-122.240402,37.860292],[-122.240402,37.860292],[-122.240403,37.860293],[-122.240403,37.860294],[-122.240403,37.860295],[-122.240403,37.860296],[-122.240403,37.860297],[-122.240403,37.860298],[-122.240404,37.860299],[-122.240404,37.8603],[-122.240404,37.860301],[-122.240404,37.860302],[-122.240404,37.860303],[-122.240404,37.860304],[-122.240404,37.860305],[-122.240404,37.860306],[-122.240404,37.860307],[-122.240404,37.860308],[-122.240404,37.860309],[-122.240403,37.86031],[-122.240403,37.860311],[-122.240403,37.860312],[-122.240403,37.860313],[-122.240403,37.860313],[-122.240403,37.860314],[-122.240402,37.860315],[-122.240402,37.860316],[-122.240402,37.860317],[-122.240401,37.860318],[-122.240401,37.860319],[-122.240401,37.86032],[-122.2404,37.860321],[-122.2404,37.860322],[-122.2404,37.860323],[-122.240399,37.860324],[-122.240399,37.860324],[-122.240398,37.860325],[-122.240398,37.860326],[-122.240397,37.860327],[-122.240397,37.860328],[-122.240396,37.860329],[-122.240396,37.86033],[-122.240395,37.860331],[-122.240395,37.860331],[-122.240394,37.860332],[-122.240393,37.860333],[-122.240393,37.860334],[-122.240392,37.860335],[-122.240391,37.860335],[-122.240391,37.860336],[-122.24039,37.860337],[-122.240389,37.860338],[-122.240388,37.860338],[-122.240388,37.860339],[-122.240387,37.86034],[-122.240386,37.860341],[-122.240385,37.860341],[-122.240384,37.860342],[-122.240384,37.860343],[-122.240383,37.860343],[-122.240382,37.860344],[-122.240381,37.860345],[-122.24038,37.860345],[-122.240379,37.860346],[-122.240378,37.860347],[-122.240377,37.860347],[-122.240376,37.860348],[-122.240375,37.860348],[-122.240374,37.860349],[-122.240373,37.860349],[-122.240372,37.86035],[-122.240371,37.86035],[-122.24037,37.860351],[-122.239986,37.860192]]]},"properties":{"APN":"48H-7661-20-2","SitusAddress":"42 SLATER LN OAKLAND 94705"}},{"type":"Feature","geometry":{"type":"Polygon","coordinates":[[[-122.239543,37.860333],[-122.239763,37.860148],[-122.239721,37.860101],[-122.239991,37.859944],[-122.239994,37.859945],[-122.239726,37.860102],[-122.239785,37.860167],[-122.239873,37.860217],[-122.239963,37.860164],[-122.239986,37.860192],[-122.239875,37.860329],[-122.239984,37.860454],[-122.239976,37.860455],[-122.239958,37.86046],[-122.23994,37.860465],[-122.239922,37.86047],[-122.239904,37.860475],[-122.239886,37.860481],[-122.239868,37.860486],[-122.239851,37.860492],[-122.239833,37.860499],[-122.239822,37.860503],[-122.239543,37.860333]]]},"properties":{"APN":"48H-7661-22-2","SitusAddress":"80 EVERGREEN LN OAKLAND 94705"}},{"type":"Feature","geometry":{"type":"Polygon","coordinates":[[[-122.23934,37.860387],[-122.239541,37.860331],[-122.239543,37.860333],[-122.239822,37.860503],[-122.239816,37.860505],[-122.239799,37.860512],[-122.239782,37.860519],[-122.239765,37.860526],[-122.239749,37.860534],[-122.239732,37.860541],[-122.239705,37.860553],[-122.239691,37.860559],[-122.239676,37.860565],[-122.239661,37.860571],[-122.239646,37.860576],[-122.239631,37.860581],[-122.239616,37.860586],[-122.239468,37.860627],[-122.23934,37.860387]]]},"properties":{"APN":"48H-7661-22-3","SitusAddress":"90 EVERGREEN LN OAKLAND 94705"}},{"type":"Feature","geometry":{"type":"Polygon","coordinates":[[[-122.239117,37.860449],[-122.23934,37.860387],[-122.239468,37.860627],[-122.239267,37.860683],[-122.239256,37.860686],[-122.239117,37.860449]]]},"properties":{"APN":"48H-7661-23-1","SitusAddress":" EVERGREEN LN OAKLAND 94603"}},{"type":"Feature","geometry":{"type":"Polygon","coordinates":[[[-122.238883,37.860463],[-122.238916,37.860461],[-122.239117,37.860449],[-122.239256,37.860686],[-122.239248,37.860688],[-122.239236,37.860691],[-122.239223,37.860694],[-122.23921,37.860696],[-122.239198,37.860699],[-122.239185,37.860701],[-122.239172,37.860703],[-122.239159,37.860705],[-122.239138,37.860708],[-122.239125,37.86071],[-122.239112,37.860713],[-122.239099,37.860715],[-122.239087,37.860718],[-122.239074,37.86072],[-122.239062,37.860723],[-122.239049,37.860727],[-122.239048,37.860727],[-122.238883,37.860463]]]},"properties":{"APN":"48H-7661-24","SitusAddress":"106 EVERGREEN LN OAKLAND 94603"}},{"type":"Feature","geometry":{"type":"Polygon","coordinates":[[[-122.238735,37.860473],[-122.238883,37.860463],[-122.239048,37.860727],[-122.239037,37.86073],[-122.239024,37.860733],[-122.239012,37.860737],[-122.239,37.860741],[-122.238988,37.860745],[-122.238976,37.860749],[-122.238964,37.860753],[-122.238952,37.860758],[-122.238941,37.860762],[-122.238929,37.860767],[-122.238918,37.860772],[-122.238906,37.860777],[-122.238895,37.860782],[-122.238884,37.860788],[-122.238876,37.860792],[-122.238876,37.860792],[-122.238874,37.86079],[-122.238655,37.860494],[-122.238735,37.860473]]]},"properties":{"APN":"48H-7661-25","SitusAddress":"114 EVERGREEN LN OAKLAND 94603"}},{"type":"Feature","geometry":{"type":"Polygon","coordinates":[[[-122.238066,37.860922],[-122.238112,37.860894],[-122.238112,37.860894],[-122.238472,37.861071],[-122.238471,37.861073],[-122.238469,37.861076],[-122.238466,37.861079],[-122.238464,37.861082],[-122.238462,37.861085],[-122.238459,37.861088],[-122.238457,37.861092],[-122.238455,37.861095],[-122.238453,37.861098],[-122.238451,37.861101],[-122.238449,37.861105],[-122.238447,37.861108],[-122.238446,37.861111],[-122.238444,37.861115],[-122.238443,37.861118],[-122.238441,37.861122],[-122.23844,37.861125],[-122.238438,37.861129],[-122.238437,37.861132],[-122.238436,37.861136],[-122.238435,37.861139],[-122.238434,37.861143],[-122.238433,37.861146],[-122.238432,37.86115],[-122.238431,37.861153],[-122.23843,37.861157],[-122.23843,37.861161],[-122.238429,37.861164],[-122.238429,37.861168],[-122.238428,37.861171],[-122.238428,37.861175],[-122.238428,37.861179],[-122.238427,37.861182],[-122.238427,37.861186],[-122.238427,37.86119],[-122.238427,37.861193],[-122.238021,37.861215],[-122.238012,37.861122],[-122.238007,37.861063],[-122.23802,37.861033],[-122.238057,37.860944],[-122.238066,37.860922]]]},"properties":{"APN":"48H-7661-29","SitusAddress":"144 EVERGREEN LN OAKLAND 94603"}},{"type":"Feature","geometry":{"type":"Polygon","coordinates":[[[-122.239573,37.859941],[-122.239822,37.859827],[-122.239988,37.859942],[-122.239991,37.859944],[-122.239721,37.860101],[-122.239763,37.860148],[-122.239543,37.860333],[-122.239541,37.860331],[-122.239553,37.860321],[-122.239759,37.860148],[-122.239717,37.860101],[-122.239615,37.859987],[-122.239573,37.859941]]]},"properties":{"APN":"48H-7661-30-1","SitusAddress":"26 SLATER LN OAKLAND 94705"}},{"type":"Feature","geometry":{"type":"Polygon","coordinates":[[[-122.238609,37.860523],[-122.238655,37.860494],[-122.238874,37.86079],[-122.238876,37.860792],[-122.238876,37.860792],[-122.238844,37.860808],[-122.238814,37.860825],[-122.238784,37.860843],[-122.238756,37.860862],[-122.238506,37.861042],[-122.238488,37.861056],[-122.238472,37.861071],[-122.238112,37.860894],[-122.238112,37.860894],[-122.238121,37.860885],[-122.238123,37.860884],[-122.238134,37.860872],[-122.238208,37.860801],[-122.238277,37.860735],[-122.238282,37.860731],[-122.238396,37.860659],[-122.238495,37.860596],[-122.238609,37.860523]]]},"properties":{"APN":"48H-7661-31","SitusAddress":"136 EVERGREEN LN OAKLAND 94603"}},{"type":"Feature","geometry":{"type":"Polygon","coordinates":[[[-122.238915,37.860877],[-122.239123,37.861155],[-122.238538,37.861187],[-122.238538,37.861185],[-122.238538,37.861183],[-122.238538,37.861181],[-122.238539,37.861179],[-122.238539,37.861177],[-122.238539,37.861175],[-122.238539,37.861173],[-122.23854,37.86117],[-122.23854,37.861168],[-122.238541,37.861166],[-122.238541,37.861164],[-122.238542,37.861162],[-122.238542,37.86116],[-122.238543,37.861158],[-122.238544,37.861156],[-122.238544,37.861154],[-122.238545,37.861152],[-122.238546,37.86115],[-122.238547,37.861148],[-122.238548,37.861146],[-122.238549,37.861144],[-122.23855,37.861142],[-122.238551,37.86114],[-122.238552,37.861138],[-122.238553,37.861136],[-122.238554,37.861134],[-122.238555,37.861133],[-122.238557,37.861131],[-122.238558,37.861129],[-122.238559,37.861127],[-122.23856,37.861125],[-122.238562,37.861123],[-122.238563,37.861122],[-122.238565,37.86112],[-122.238566,37.861118],[-122.238568,37.861116],[-122.23857,37.861115],[-122.238571,37.861113],[-122.238573,37.861111],[-122.238575,37.86111],[-122.238576,37.861108],[-122.238578,37.861107],[-122.23858,37.861105],[-122.238582,37.861104],[-122.238584,37.861102],[-122.238586,37.861101],[-122.238587,37.861099],[-122.238589,37.861098],[-122.238591,37.861096],[-122.238866,37.860907],[-122.238877,37.860899],[-122.238886,37.860894],[-122.238895,37.860888],[-122.238904,37.860883],[-122.238913,37.860878],[-122.238915,37.860877]]]},"properties":{"APN":"48H-7662-1","SitusAddress":"135 EVERGREEN LN OAKLAND 94603"}},{"type":"Feature","geometry":{"type":"Polygon","coordinates":[[[-122.238915,37.860877],[-122.238922,37.860873],[-122.238931,37.860868],[-122.238941,37.860863],[-122.23895,37.860859],[-122.23896,37.860854],[-122.238969,37.86085],[-122.238979,37.860846],[-122.238989,37.860841],[-122.238999,37.860837],[-122.239009,37.860834],[-122.239019,37.86083],[-122.239029,37.860826],[-122.239039,37.860823],[-122.23905,37.86082],[-122.23906,37.860817],[-122.23907,37.860814],[-122.239081,37.860811],[-122.239092,37.860808],[-122.239098,37.860807],[-122.239324,37.861144],[-122.239123,37.861155],[-122.238915,37.860877]]]},"properties":{"APN":"48H-7662-2","SitusAddress":" EVERGREEN LN OAKLAND 94603"}},{"type":"Feature","geometry":{"type":"Polygon","coordinates":[[[-122.239098,37.860807],[-122.239102,37.860806],[-122.239113,37.860803],[-122.239124,37.860801],[-122.239135,37.860799],[-122.239145,37.860797],[-122.239156,37.860795],[-122.239167,37.860793],[-122.239178,37.860792],[-122.239202,37.860788],[-122.239217,37.860786],[-122.239232,37.860783],[-122.239246,37.86078],[-122.239261,37.860777],[-122.239275,37.860773],[-122.239289,37.86077],[-122.239304,37.860766],[-122.239504,37.861134],[-122.239324,37.861144],[-122.239098,37.860807]]]},"properties":{"APN":"48H-7662-3","SitusAddress":"105 EVERGREEN LN OAKLAND 94603"}},{"type":"Feature","geometry":{"type":"Polygon","coordinates":[[[-122.239304,37.860766],[-122.23947,37.86072],[-122.239685,37.861124],[-122.239504,37.861134],[-122.239304,37.860766]]]},"properties":{"APN":"48H-7662-4","SitusAddress":"99 EVERGREEN LN OAKLAND 94705"}},{"type":"Feature","geometry":{"type":"Polygon","coordinates":[[[-122.23947,37.86072],[-122.239632,37.860675],[-122.239879,37.861113],[-122.239685,37.861124],[-122.23947,37.86072]]]},"properties":{"APN":"48H-7662-5","SitusAddress":"95 EVERGREEN LN OAKLAND 94705"}},{"type":"Feature","geometry":{"type":"Polygon","coordinates":[[[-122.239632,37.860675],[-122.239655,37.860668],[-122.239673,37.860662],[-122.23969,37.860657],[-122.239707,37.860651],[-122.239723,37.860644],[-122.23974,37.860638],[-122.239756,37.860631],[-122.239772,37.860624],[-122.239788,37.860617],[-122.240077,37.861102],[-122.239879,37.861113],[-122.239632,37.860675]]]},"properties":{"APN":"48H-7662-6","SitusAddress":"91 EVERGREEN LN OAKLAND 94705"}},{"type":"Feature","geometry":{"type":"Polygon","coordinates":[[[-122.239788,37.860617],[-122.239816,37.860604],[-122.239831,37.860598],[-122.239846,37.860592],[-122.239861,37.860586],[-122.239877,37.86058],[-122.239892,37.860574],[-122.239908,37.860568],[-122.239924,37.860563],[-122.23994,37.860558],[-122.239956,37.860553],[-122.239972,37.860549],[-122.239988,37.860544],[-122.240005,37.86054],[-122.240021,37.860536],[-122.240029,37.860535],[-122.240358,37.861009],[-122.240272,37.861091],[-122.240077,37.861102],[-122.239788,37.860617]]]},"properties":{"APN":"48H-7662-7-1","SitusAddress":"85 EVERGREEN LN OAKLAND 94705"}},{"type":"Feature","geometry":{"type":"Polygon","coordinates":[[[-122.240029,37.860535],[-122.240038,37.860533],[-122.240054,37.860529],[-122.240071,37.860526],[-122.240088,37.860523],[-122.240105,37.86052],[-122.240122,37.860518],[-122.240138,37.860516],[-122.240166,37.860511],[-122.240181,37.860508],[-122.240197,37.860505],[-122.240212,37.860501],[-122.240227,37.860497],[-122.240243,37.860493],[-122.240258,37.860489],[-122.240273,37.860485],[-122.240288,37.860481],[-122.24029,37.86048],[-122.240597,37.86078],[-122.240358,37.861009],[-122.240029,37.860535]]]},"properties":{"APN":"48H-7662-9-1","SitusAddress":"73 EVERGREEN LN OAKLAND 94705"}},{"type":"Feature","geometry":{"type":"Polygon","coordinates":[[[-122.24029,37.86048],[-122.240303,37.860476],[-122.240318,37.860471],[-122.240332,37.860466],[-122.240347,37.86046],[-122.240361,37.860455],[-122.240376,37.860449],[-122.24039,37.860443],[-122.240404,37.860437],[-122.240418,37.860431],[-122.240432,37.860424],[-122.240445,37.860418],[-122.240459,37.860411],[-122.240472,37.860404],[-122.24048,37.860399],[-122.240785,37.8606],[-122.240736,37.860647],[-122.240597,37.86078],[-122.24029,37.86048]]]},"properties":{"APN":"48H-7662-10","SitusAddress":"65 EVERGREEN LN OAKLAND 94705"}},{"type":"Feature","geometry":{"type":"Polygon","coordinates":[[[-122.24048,37.860399],[-122.240485,37.860396],[-122.240498,37.860389],[-122.240511,37.860381],[-122.240524,37.860374],[-122.240529,37.86037],[-122.240534,37.860367],[-122.240539,37.860364],[-122.240543,37.860362],[-122.240547,37.860359],[-122.240552,37.860355],[-122.240556,37.860352],[-122.24056,37.860349],[-122.240564,37.860346],[-122.240568,37.860343],[-122.240572,37.860339],[-122.240576,37.860336],[-122.24058,37.860332],[-122.240584,37.860329],[-122.240588,37.860325],[-122.240591,37.860322],[-122.240595,37.860318],[-122.240598,37.860314],[-122.240602,37.860311],[-122.240605,37.860307],[-122.240608,37.860303],[-122.240611,37.860299],[-122.240614,37.860295],[-122.240616,37.860292],[-122.240992,37.860401],[-122.240877,37.860511],[-122.240785,37.8606],[-122.24048,37.860399]]]},"properties":{"APN":"48H-7662-11","SitusAddress":"57 EVERGREEN LN OAKLAND 94705"}},{"type":"Feature","geometry":{"type":"Polygon","coordinates":[[[-122.240616,37.860292],[-122.240617,37.860291],[-122.24062,37.860287],[-122.240623,37.860283],[-122.240625,37.860279],[-122.240628,37.860275],[-122.24063,37.860271],[-122.240633,37.860267],[-122.240635,37.860262],[-122.240637,37.860258],[-122.240639,37.860254],[-122.240641,37.86025],[-122.240643,37.860245],[-122.240645,37.860241],[-122.240647,37.860236],[-122.240649,37.860232],[-122.24065,37.860228],[-122.240651,37.860223],[-122.240653,37.860219],[-122.240654,37.860214],[-122.240655,37.86021],[-122.240656,37.860205],[-122.240657,37.860201],[-122.240658,37.860196],[-122.240659,37.860191],[-122.240659,37.860187],[-122.24066,37.860182],[-122.24066,37.860178],[-122.240661,37.860173],[-122.240661,37.860169],[-122.240661,37.860167],[-122.240963,37.860191],[-122.24101,37.860178],[-122.24114,37.860141],[-122.241238,37.860114],[-122.241274,37.860199],[-122.241175,37.860225],[-122.240992,37.860401],[-122.240616,37.860292]]]},"properties":{"APN":"48H-7662-12-4","SitusAddress":"49 EVERGREEN LN OAKLAND 94603"}},{"type":"Feature","geometry":{"type":"Polygon","coordinates":[[[-122.240661,37.860167],[-122.240661,37.860164],[-122.240661,37.860159],[-122.240661,37.860155],[-122.240661,37.86015],[-122.240661,37.860146],[-122.24066,37.860141],[-122.24066,37.860136],[-122.240659,37.860132],[-122.240659,37.860127],[-122.240658,37.860123],[-122.240654,37.860107],[-122.240652,37.860097],[-122.240649,37.860087],[-122.240646,37.860077],[-122.240642,37.860067],[-122.240639,37.860057],[-122.240635,37.860047],[-122.240631,37.860037],[-122.240627,37.860027],[-122.240626,37.860025],[-122.241086,37.860015],[-122.241185,37.859989],[-122.241238,37.860114],[-122.24114,37.860141],[-122.24101,37.860178],[-122.240963,37.860191],[-122.240661,37.860167]]]},"properties":{"APN":"48H-7662-13-4","SitusAddress":"41 EVERGREEN LN OAKLAND 94603"}},{"type":"Feature","geometry":{"type":"Polygon","coordinates":[[[-122.240542,37.859884],[-122.241023,37.859866],[-122.241086,37.860015],[-122.240626,37.860025],[-122.240623,37.860017],[-122.240618,37.860008],[-122.240613,37.859998],[-122.240608,37.859988],[-122.240603,37.859979],[-122.240597,37.85997],[-122.240592,37.85996],[-122.240586,37.859951],[-122.24058,37.859942],[-122.240574,37.859933],[-122.240567,37.859924],[-122.240556,37.859907],[-122.240547,37.859893],[-122.240542,37.859884]]]},"properties":{"APN":"48H-7662-14-1","SitusAddress":"33 EVERGREEN LN OAKLAND 94705"}},{"type":"Feature","geometry":{"type":"Polygon","coordinates":[[[-122.24048,37.859755],[-122.240966,37.859732],[-122.241023,37.859866],[-122.240542,37.859884],[-122.240539,37.859878],[-122.240531,37.859864],[-122.240523,37.859849],[-122.240515,37.859834],[-122.240508,37.859819],[-122.240501,37.859804],[-122.240494,37.859789],[-122.240488,37.859774],[-122.240482,37.859759],[-122.24048,37.859755]]]},"properties":{"APN":"48H-7662-15-1","SitusAddress":"25 EVERGREEN LN OAKLAND 94705"}},{"type":"Feature","geometry":{"type":"Polygon","coordinates":[[[-122.240158,37.859942],[-122.240283,37.859808],[-122.240357,37.859729],[-122.240361,37.859742],[-122.240366,37.859758],[-122.240372,37.859774],[-122.240378,37.859791],[-122.240385,37.859807],[-122.240392,37.859823],[-122.240399,37.859839],[-122.240406,37.859855],[-122.240414,37.859871],[-122.240423,37.859886],[-122.240431,37.859902],[-122.24044,37.859917],[-122.24045,37.859933],[-122.240459,37.859948],[-122.240469,37.859963],[-122.24048,37.859978],[-122.240486,37.859985],[-122.240491,37.859993],[-122.240497,37.86],[-122.240502,37.860008],[-122.240508,37.860016],[-122.240513,37.860024],[-122.240518,37.860031],[-122.240522,37.860039],[-122.240527,37.860047],[-122.240531,37.860056],[-122.240536,37.860064],[-122.24054,37.860072],[-122.24054,37.860073],[-122.240541,37.860074],[-122.240541,37.860075],[-122.240541,37.860076],[-122.240542,37.860077],[-122.240542,37.860078],[-122.240542,37.860079],[-122.240543,37.86008],[-122.240543,37.860081],[-122.240543,37.860081],[-122.240543,37.860082],[-122.240544,37.860083],[-122.240544,37.860084],[-122.240544,37.860085],[-122.240544,37.860086],[-122.240544,37.860087],[-122.240544,37.860088],[-122.240544,37.860089],[-122.240544,37.86009],[-122.240544,37.860091],[-122.240544,37.860092],[-122.240544,37.860093],[-122.240544,37.860094],[-122.240544,37.860095],[-122.240544,37.860096],[-122.240544,37.860097],[-122.240544,37.860098],[-122.240544,37.860099],[-122.240544,37.8601],[-122.240543,37.860101],[-122.240543,37.860101],[-122.240543,37.860102],[-122.240543,37.860103],[-122.240542,37.860104],[-122.240542,37.860105],[-122.240542,37.860106],[-122.240541,37.860107],[-122.240541,37.860108],[-122.240541,37.860109],[-122.24054,37.86011],[-122.24054,37.860111],[-122.24054,37.860112],[-122.240539,37.860112],[-122.240539,37.860113],[-122.240538,37.860114],[-122.240538,37.860115],[-122.240537,37.860116],[-122.240537,37.860117],[-122.240536,37.860118],[-122.240535,37.860119],[-122.240535,37.860119],[-122.240534,37.86012],[-122.240534,37.860121],[-122.240533,37.860122],[-122.240532,37.860123],[-122.240532,37.860123],[-122.240531,37.860124],[-122.24053,37.860125],[-122.240529,37.860126],[-122.240529,37.860126],[-122.240528,37.860127],[-122.240527,37.860128],[-122.240526,37.860129],[-122.240525,37.860129],[-122.240525,37.86013],[-122.240524,37.860131],[-122.240523,37.860131],[-122.240522,37.860132],[-122.240521,37.860133],[-122.24052,37.860133],[-122.240519,37.860134],[-122.240518,37.860134],[-122.240517,37.860135],[-122.240516,37.860136],[-122.240515,37.860136],[-122.240514,37.860137],[-122.240513,37.860137],[-122.240512,37.860138],[-122.240511,37.860138],[-122.24051,37.860139],[-122.240509,37.860139],[-122.240508,37.86014],[-122.240507,37.86014],[-122.240506,37.860141],[-122.240505,37.860141],[-122.240504,37.860141],[-122.240503,37.860142],[-122.240502,37.860142],[-122.240501,37.860143],[-122.240499,37.860143],[-122.240498,37.860143],[-122.240497,37.860144],[-122.240496,37.860144],[-122.240495,37.860144],[-122.240494,37.860144],[-122.240492,37.860145],[-122.240491,37.860145],[-122.24049,37.860145],[-122.240489,37.860145],[-122.240488,37.860146],[-122.240487,37.860146],[-122.240485,37.860146],[-122.240484,37.860146],[-122.240483,37.860146],[-122.240482,37.860146],[-122.240481,37.860146],[-122.240479,37.860146],[-122.240478,37.860146],[-122.240477,37.860146],[-122.240476,37.860146],[-122.240475,37.860146],[-122.240473,37.860146],[-122.240472,37.860146],[-122.240471,37.860146],[-122.24047,37.860146],[-122.240468,37.860146],[-122.240467,37.860146],[-122.240466,37.860146],[-122.240465,37.860146],[-122.240464,37.860146],[-122.240463,37.860146],[-122.240461,37.860145],[-122.24046,37.860145],[-122.240459,37.860145],[-122.240458,37.860145],[-122.240457,37.860144],[-122.240455,37.860144],[-122.240454,37.860144],[-122.240453,37.860144],[-122.240452,37.860143],[-122.240451,37.860143],[-122.24045,37.860143],[-122.240449,37.860142],[-122.240448,37.860142],[-122.240446,37.860142],[-122.240445,37.860141],[-122.240444,37.860141],[-122.240443,37.86014],[-122.240442,37.86014],[-122.240441,37.860139],[-122.24044,37.860139],[-122.240439,37.860138],[-122.240438,37.860138],[-122.240437,37.860137],[-122.240436,37.860137],[-122.240435,37.860136],[-122.240434,37.860136],[-122.240433,37.860135],[-122.240432,37.860135],[-122.240431,37.860134],[-122.24043,37.860133],[-122.240429,37.860133],[-122.240428,37.860132],[-122.240427,37.860131],[-122.240427,37.860131],[-122.240426,37.86013],[-122.240425,37.860129],[-122.240415,37.860121],[-122.240406,37.860114],[-122.240396,37.860107],[-122.240387,37.8601],[-122.240377,37.860093],[-122.240367,37.860086],[-122.240158,37.859942]]]},"properties":{"APN":"48H-7662-16","SitusAddress":"43 SLATER LN OAKLAND 94705"}},{"type":"Feature","geometry":{"type":"Polygon","coordinates":[[[-122.239806,37.8597],[-122.239938,37.859568],[-122.240283,37.859808],[-122.240158,37.859942],[-122.239895,37.859761],[-122.239837,37.859721],[-122.239806,37.8597]]]},"properties":{"APN":"48H-7662-17-3","SitusAddress":"29 SLATER LN OAKLAND 94705"}},{"type":"Feature","geometry":{"type":"Polygon","coordinates":[[[-122.239938,37.859568],[-122.240056,37.85945],[-122.240225,37.859438],[-122.240224,37.85944],[-122.240223,37.859442],[-122.240223,37.859444],[-122.240222,37.859445],[-122.240221,37.859447],[-122.240221,37.859449],[-122.24022,37.859451],[-122.24022,37.859453],[-122.240219,37.859455],[-122.240219,37.859457],[-122.240219,37.859459],[-122.240218,37.85946],[-122.240218,37.859462],[-122.240218,37.859464],[-122.240217,37.859466],[-122.240217,37.859468],[-122.240217,37.85947],[-122.240217,37.859472],[-122.240217,37.859474],[-122.240217,37.859476],[-122.240217,37.859478],[-122.240217,37.85948],[-122.240217,37.859481],[-122.240217,37.859483],[-122.240218,37.859485],[-122.240218,37.859487],[-122.240218,37.859489],[-122.240218,37.859491],[-122.240219,37.859493],[-122.240219,37.859495],[-122.24022,37.859497],[-122.24022,37.859499],[-122.240221,37.8595],[-122.240221,37.859502],[-122.240222,37.859504],[-122.240223,37.859506],[-122.240223,37.859508],[-122.240224,37.85951],[-122.240225,37.859511],[-122.240226,37.859513],[-122.240227,37.859515],[-122.240227,37.859517],[-122.240228,37.859519],[-122.240229,37.85952],[-122.24023,37.859522],[-122.240231,37.859524],[-122.240233,37.859526],[-122.240234,37.859527],[-122.240235,37.859529],[-122.240236,37.859531],[-122.240237,37.859532],[-122.240239,37.859534],[-122.24024,37.859535],[-122.240241,37.859537],[-122.240243,37.859539],[-122.240244,37.85954],[-122.240245,37.859542],[-122.240247,37.859543],[-122.240248,37.859545],[-122.24025,37.859546],[-122.240252,37.859548],[-122.240253,37.859549],[-122.240255,37.85955],[-122.240257,37.859552],[-122.240258,37.859553],[-122.24026,37.859555],[-122.240262,37.859556],[-122.240264,37.859557],[-122.240265,37.859558],[-122.240267,37.85956],[-122.240269,37.859561],[-122.240271,37.859562],[-122.240273,37.859563],[-122.240275,37.859564],[-122.240277,37.859565],[-122.240279,37.859567],[-122.240281,37.859568],[-122.240283,37.859569],[-122.240285,37.85957],[-122.240287,37.859571],[-122.240289,37.859573],[-122.24029,37.859574],[-122.240292,37.859575],[-122.240294,37.859576],[-122.240296,37.859578],[-122.240297,37.859579],[-122.240299,37.85958],[-122.240301,37.859582],[-122.240302,37.859583],[-122.240304,37.859585],[-122.240305,37.859586],[-122.240307,37.859588],[-122.240308,37.859589],[-122.24031,37.859591],[-122.240311,37.859592],[-122.240313,37.859594],[-122.240314,37.859595],[-122.240315,37.859597],[-122.240317,37.859599],[-122.240318,37.8596],[-122.240319,37.859602],[-122.24032,37.859604],[-122.240321,37.859605],[-122.240322,37.859607],[-122.240323,37.859609],[-122.240324,37.859611],[-122.240325,37.859612],[-122.240326,37.859614],[-122.240327,37.859616],[-122.240328,37.859618],[-122.240329,37.859619],[-122.24033,37.859621],[-122.24033,37.859623],[-122.240331,37.859625],[-122.240332,37.859627],[-122.240332,37.859629],[-122.240333,37.859631],[-122.240334,37.859632],[-122.240334,37.859634],[-122.240335,37.859636],[-122.240335,37.859638],[-122.240335,37.85964],[-122.240339,37.859658],[-122.240343,37.859675],[-122.240347,37.859692],[-122.240351,37.859709],[-122.240356,37.859725],[-122.240357,37.859729],[-122.240283,37.859808],[-122.239938,37.859568]]]},"properties":{"APN":"48H-7662-18-3","SitusAddress":"10 EVERGREEN LN OAKLAND 94705"}},{"type":"Feature","geometry":{"type":"Polygon","coordinates":[[[-122.239585,37.859567],[-122.239666,37.85948],[-122.239865,37.859465],[-122.240056,37.85945],[-122.239938,37.859568],[-122.239806,37.8597],[-122.239791,37.859691],[-122.239744,37.859661],[-122.239696,37.859631],[-122.239648,37.859603],[-122.239599,37.859575],[-122.239585,37.859567]]]},"properties":{"APN":"48H-7662-19","SitusAddress":"21 SLATER LN OAKLAND 94705"}},{"type":"Feature","geometry":{"type":"Polygon","coordinates":[[[-122.239451,37.859496],[-122.239583,37.859362],[-122.239851,37.859342],[-122.239865,37.859465],[-122.239666,37.85948],[-122.239585,37.859567],[-122.239549,37.859547],[-122.239499,37.859521],[-122.239451,37.859496]]]},"properties":{"APN":"48H-7662-20-1","SitusAddress":"15 SLATER LN OAKLAND 94705"}},{"type":"Feature","geometry":{"type":"Polygon","coordinates":[[[-122.239133,37.859355],[-122.239661,37.859315],[-122.239846,37.859301],[-122.239851,37.859342],[-122.239583,37.859362],[-122.239451,37.859496],[-122.239449,37.859495],[-122.239397,37.85947],[-122.239346,37.859445],[-122.239293,37.859421],[-122.23924,37.859398],[-122.239187,37.859376],[-122.239133,37.859355]]]},"properties":{"APN":"48H-7662-20-2","SitusAddress":"1 SLATER LN OAKLAND 94705"}},{"type":"Feature","geometry":{"type":"Polygon","coordinates":[[[-122.239851,37.859342],[-122.239846,37.859301],[-122.240346,37.859263],[-122.240352,37.859315],[-122.240352,37.859316],[-122.240352,37.859317],[-122.240352,37.859318],[-122.240352,37.859319],[-122.240352,37.85932],[-122.240352,37.859321],[-122.240352,37.859322],[-122.240352,37.859323],[-122.240352,37.859324],[-122.240352,37.859325],[-122.240352,37.859326],[-122.240352,37.859327],[-122.240352,37.859328],[-122.240351,37.859329],[-122.240351,37.85933],[-122.240351,37.859331],[-122.240351,37.859332],[-122.240351,37.859332],[-122.24035,37.859333],[-122.24035,37.859334],[-122.24035,37.859335],[-122.240349,37.859336],[-122.240349,37.859337],[-122.240349,37.859338],[-122.240348,37.859339],[-122.240348,37.85934],[-122.240347,37.859341],[-122.240347,37.859342],[-122.240346,37.859342],[-122.240346,37.859343],[-122.240345,37.859344],[-122.240345,37.859345],[-122.240344,37.859346],[-122.240344,37.859347],[-122.240343,37.859348],[-122.240343,37.859348],[-122.240342,37.859349],[-122.240341,37.85935],[-122.240341,37.859351],[-122.24034,37.859352],[-122.240339,37.859352],[-122.240339,37.859353],[-122.240338,37.859354],[-122.240337,37.859355],[-122.240336,37.859356],[-122.240336,37.859356],[-122.240335,37.859357],[-122.240334,37.859358],[-122.240333,37.859358],[-122.240332,37.859359],[-122.240331,37.85936],[-122.240331,37.85936],[-122.24033,37.859361],[-122.240329,37.859362],[-122.240328,37.859362],[-122.240327,37.859363],[-122.240326,37.859364],[-122.240325,37.859364],[-122.240324,37.859365],[-122.240323,37.859365],[-122.240322,37.859366],[-122.240321,37.859366],[-122.24032,37.859367],[-122.240319,37.859367],[-122.240318,37.859368],[-122.240317,37.859368],[-122.240316,37.859369],[-122.240315,37.859369],[-122.240314,37.85937],[-122.240313,37.85937],[-122.240312,37.859371],[-122.24031,37.859371],[-122.240309,37.859371],[-122.240308,37.859372],[-122.240307,37.859372],[-122.240303,37.859373],[-122.2403,37.859374],[-122.240298,37.859375],[-122.240296,37.859376],[-122.240294,37.859377],[-122.240292,37.859377],[-122.24029,37.859378],[-122.240287,37.859379],[-122.240285,37.85938],[-122.240283,37.859381],[-122.240281,37.859382],[-122.240279,37.859383],[-122.240277,37.859384],[-122.240275,37.859385],[-122.240273,37.859387],[-122.240271,37.859388],[-122.240269,37.859389],[-122.240268,37.85939],[-122.240266,37.859391],[-122.240264,37.859393],[-122.240262,37.859394],[-122.24026,37.859395],[-122.240259,37.859396],[-122.240257,37.859398],[-122.240255,37.859399],[-122.240254,37.859401],[-122.240252,37.859402],[-122.24025,37.859403],[-122.240249,37.859405],[-122.240247,37.859406],[-122.240246,37.859408],[-122.240244,37.859409],[-122.240243,37.859411],[-122.240241,37.859413],[-122.24024,37.859414],[-122.240239,37.859416],[-122.240238,37.859417],[-122.240236,37.859419],[-122.240235,37.859421],[-122.240234,37.859422],[-122.240233,37.859424],[-122.240232,37.859426],[-122.240231,37.859427],[-122.24023,37.859429],[-122.240229,37.859431],[-122.240228,37.859433],[-122.240227,37.859435],[-122.240226,37.859436],[-122.240225,37.859438],[-122.240056,37.85945],[-122.239865,37.859465],[-122.239851,37.859342]]]},"properties":{"APN":"48H-7662-21","SitusAddress":"2 EVERGREEN LN OAKLAND 94705"}},{"type":"Feature","geometry":{"type":"Polygon","coordinates":[[[-122.240765,37.859259],[-122.240835,37.859425],[-122.240489,37.859446],[-122.240488,37.859444],[-122.240488,37.859442],[-122.240487,37.85944],[-122.240486,37.859438],[-122.240485,37.859437],[-122.240485,37.859435],[-122.240484,37.859433],[-122.240483,37.859431],[-122.240482,37.85943],[-122.240481,37.859428],[-122.24048,37.859426],[-122.240479,37.859424],[-122.240477,37.859423],[-122.240476,37.859421],[-122.240475,37.859419],[-122.240474,37.859418],[-122.240473,37.859416],[-122.240471,37.859415],[-122.24047,37.859413],[-122.240468,37.859411],[-122.240467,37.85941],[-122.240466,37.859408],[-122.240464,37.859407],[-122.240463,37.859405],[-122.240461,37.859404],[-122.240459,37.859402],[-122.240458,37.859401],[-122.240456,37.859399],[-122.240455,37.859398],[-122.240453,37.859397],[-122.240451,37.859395],[-122.240449,37.859394],[-122.240448,37.859393],[-122.240446,37.859392],[-122.240444,37.85939],[-122.240442,37.859389],[-122.24044,37.859388],[-122.240438,37.859387],[-122.240436,37.859386],[-122.240434,37.859385],[-122.240432,37.859383],[-122.24043,37.859382],[-122.240428,37.859381],[-122.240426,37.85938],[-122.240424,37.859379],[-122.240422,37.859379],[-122.240421,37.859378],[-122.24042,37.859377],[-122.240419,37.859377],[-122.240418,37.859376],[-122.240417,37.859376],[-122.240416,37.859375],[-122.240415,37.859375],[-122.240414,37.859374],[-122.240413,37.859373],[-122.240412,37.859373],[-122.240411,37.859372],[-122.240411,37.859372],[-122.24041,37.859371],[-122.240409,37.85937],[-122.240408,37.859369],[-122.240407,37.859369],[-122.240406,37.859368],[-122.240406,37.859367],[-122.240405,37.859367],[-122.240404,37.859366],[-122.240403,37.859365],[-122.240403,37.859364],[-122.240402,37.859364],[-122.240401,37.859363],[-122.2404,37.859362],[-122.2404,37.859361],[-122.240399,37.85936],[-122.240399,37.85936],[-122.240398,37.859359],[-122.240397,37.859358],[-122.240397,37.859357],[-122.240396,37.859356],[-122.240396,37.859355],[-122.240395,37.859354],[-122.240395,37.859354],[-122.240394,37.859353],[-122.240394,37.859352],[-122.240393,37.859351],[-122.240393,37.85935],[-122.240393,37.859349],[-122.240392,37.859348],[-122.240392,37.859347],[-122.240391,37.859346],[-122.240391,37.859345],[-122.240391,37.859344],[-122.240391,37.859344],[-122.24039,37.859343],[-122.24039,37.859342],[-122.24039,37.859341],[-122.24039,37.85934],[-122.24039,37.859339],[-122.240389,37.859338],[-122.240389,37.859337],[-122.240383,37.859288],[-122.240765,37.859259]]]},"properties":{"APN":"48H-7662-22","SitusAddress":"1 EVERGREEN LN OAKLAND 94705"}},{"type":"Feature","geometry":{"type":"Polygon","coordinates":[[[-122.240489,37.859446],[-122.240835,37.859425],[-122.240901,37.859581],[-122.240442,37.859598],[-122.240442,37.859596],[-122.240443,37.859594],[-122.240443,37.859592],[-122.240443,37.85959],[-122.240443,37.859588],[-122.240444,37.859587],[-122.240444,37.859585],[-122.240444,37.859583],[-122.240445,37.859581],[-122.240445,37.859579],[-122.240446,37.859577],[-122.240447,37.859575],[-122.240447,37.859573],[-122.240448,37.859572],[-122.240449,37.85957],[-122.240449,37.859568],[-122.24045,37.859566],[-122.240451,37.859564],[-122.240452,37.859563],[-122.240453,37.859561],[-122.240454,37.859559],[-122.240455,37.859557],[-122.240456,37.859555],[-122.240457,37.859554],[-122.240458,37.859552],[-122.240459,37.85955],[-122.24046,37.859549],[-122.240461,37.859547],[-122.240463,37.859545],[-122.240464,37.859544],[-122.240465,37.859542],[-122.240467,37.859541],[-122.240468,37.859539],[-122.24047,37.859537],[-122.240471,37.859536],[-122.240472,37.859534],[-122.240474,37.859533],[-122.240475,37.859531],[-122.240476,37.859529],[-122.240477,37.859528],[-122.240478,37.859526],[-122.240479,37.859524],[-122.24048,37.859522],[-122.240481,37.859521],[-122.240482,37.859519],[-122.240483,37.859517],[-122.240484,37.859515],[-122.240485,37.859514],[-122.240486,37.859512],[-122.240487,37.85951],[-122.240488,37.859508],[-122.240488,37.859506],[-122.240489,37.859505],[-122.24049,37.859503],[-122.24049,37.859501],[-122.240491,37.859499],[-122.240491,37.859497],[-122.240492,37.859495],[-122.240492,37.859493],[-122.240493,37.859491],[-122.240493,37.85949],[-122.240493,37.859488],[-122.240493,37.859486],[-122.240494,37.859484],[-122.240494,37.859482],[-122.240494,37.85948],[-122.240494,37.859478],[-122.240494,37.859476],[-122.240494,37.859474],[-122.240494,37.859472],[-122.240494,37.85947],[-122.240494,37.859468],[-122.240494,37.859467],[-122.240493,37.859465],[-122.240493,37.859463],[-122.240493,37.859461],[-122.240493,37.859459],[-122.240492,37.859457],[-122.240492,37.859455],[-122.240491,37.859453],[-122.240491,37.859451],[-122.24049,37.85945],[-122.24049,37.859448],[-122.240489,37.859446]]]},"properties":{"APN":"48H-7662-23","SitusAddress":"9 EVERGREEN LN OAKLAND 94705"}},{"type":"Feature","geometry":{"type":"Polygon","coordinates":[[[-122.240442,37.859598],[-122.240901,37.859581],[-122.240966,37.859732],[-122.24048,37.859755],[-122.240476,37.859743],[-122.240471,37.859728],[-122.240466,37.859712],[-122.240461,37.859697],[-122.240457,37.859681],[-122.240453,37.859665],[-122.240449,37.85965],[-122.240446,37.859634],[-122.240443,37.859618],[-122.240443,37.859615],[-122.240443,37.859613],[-122.240442,37.859611],[-122.240442,37.859609],[-122.240442,37.859608],[-122.240442,37.859606],[-122.240442,37.859604],[-122.240442,37.859602],[-122.240442,37.8596],[-122.240442,37.859598]]]},"properties":{"APN":"48H-7662-24","SitusAddress":"17 EVERGREEN LN OAKLAND 94705"}},{"type":"Feature","geometry":{"type":"Polygon","coordinates":[[[-122.240877,37.860511],[-122.240992,37.860401],[-122.241175,37.860225],[-122.241376,37.860698],[-122.241364,37.860704],[-122.241351,37.860711],[-122.241339,37.860718],[-122.241326,37.860725],[-122.241314,37.860732],[-122.241302,37.860739],[-122.24129,37.860747],[-122.241279,37.860754],[-122.241267,37.860762],[-122.241247,37.860777],[-122.241215,37.860801],[-122.240877,37.860511]]]},"properties":{"APN":"48H-7662-25","SitusAddress":"7350 CLAREMONT AVE OAKLAND 94705"}},{"type":"Feature","geometry":{"type":"Polygon","coordinates":[[[-122.240736,37.860647],[-122.240785,37.8606],[-122.240877,37.860511],[-122.241215,37.860801],[-122.241055,37.860924],[-122.240736,37.860647]]]},"properties":{"APN":"48H-7662-28","SitusAddress":"7360 CLAREMONT AVE OAKLAND 94705"}},{"type":"Feature","geometry":{"type":"Polygon","coordinates":[[[-122.240784,37.860989],[-122.240597,37.86078],[-122.240736,37.860647],[-122.241055,37.860924],[-122.240958,37.860999],[-122.240933,37.860977],[-122.240893,37.86098],[-122.240784,37.860989]]]},"properties":{"APN":"48H-7662-29","SitusAddress":"7370 CLAREMONT AVE OAKLAND 94705"}},{"type":"Feature","geometry":{"type":"Polygon","coordinates":[[[-122.240358,37.861009],[-122.240597,37.86078],[-122.240784,37.860989],[-122.240893,37.86098],[-122.240933,37.860977],[-122.240958,37.860999],[-122.240928,37.861021],[-122.240922,37.861025],[-122.240877,37.861058],[-122.240874,37.861058],[-122.24079,37.861062],[-122.240753,37.861064],[-122.240272,37.861091],[-122.240358,37.861009]]]},"properties":{"APN":"48H-7662-30","SitusAddress":"7380 CLAREMONT AVE OAKLAND 94705"}},{"type":"Feature","geometry":{"type":"Polygon","coordinates":[[[-122.239026,37.859121],[-122.239541,37.859103],[-122.239657,37.859307],[-122.239661,37.859315],[-122.239133,37.859355],[-122.23912,37.859345],[-122.239112,37.859339],[-122.239104,37.859333],[-122.239097,37.859327],[-122.23909,37.859321],[-122.239082,37.859315],[-122.239075,37.859309],[-122.239068,37.859302],[-122.239061,37.859296],[-122.239055,37.859289],[-122.239048,37.859283],[-122.239042,37.859276],[-122.239036,37.859269],[-122.239029,37.859262],[-122.239023,37.859255],[-122.239018,37.859248],[-122.239012,37.859241],[-122.239007,37.859234],[-122.239001,37.859226],[-122.238996,37.859219],[-122.238991,37.859211],[-122.238986,37.859204],[-122.238989,37.859202],[-122.238991,37.859201],[-122.238992,37.859199],[-122.238994,37.859198],[-122.238995,37.859197],[-122.238997,37.859196],[-122.238998,37.859194],[-122.238999,37.859193],[-122.239001,37.859192],[-122.239002,37.85919],[-122.239003,37.859189],[-122.239004,37.859188],[-122.239006,37.859186],[-122.239007,37.859185],[-122.239008,37.859184],[-122.239009,37.859182],[-122.23901,37.859181],[-122.239011,37.859179],[-122.239012,37.859178],[-122.239013,37.859176],[-122.239014,37.859175],[-122.239015,37.859173],[-122.239016,37.859172],[-122.239017,37.85917],[-122.239018,37.859169],[-122.239019,37.859167],[-122.239019,37.859166],[-122.23902,37.859164],[-122.239021,37.859162],[-122.239021,37.859161],[-122.239022,37.859159],[-122.239023,37.859158],[-122.239023,37.859156],[-122.239024,37.859154],[-122.239024,37.859153],[-122.239025,37.859151],[-122.239025,37.859149],[-122.239025,37.859148],[-122.239026,37.859146],[-122.239026,37.859144],[-122.239026,37.859143],[-122.239026,37.859141],[-122.239027,37.859139],[-122.239027,37.859138],[-122.239027,37.859136],[-122.239027,37.859134],[-122.239027,37.859133],[-122.239027,37.859131],[-122.239027,37.859129],[-122.239027,37.859128],[-122.239027,37.859126],[-122.239027,37.859124],[-122.239026,37.859123],[-122.239026,37.859121]]]},"properties":{"APN":"48H-7663-1","SitusAddress":"697 ALVARADO RD OAKLAND 94705"}},{"type":"Feature","geometry":{"type":"Polygon","coordinates":[[[-122.238956,37.85898],[-122.239398,37.858852],[-122.23947,37.858979],[-122.239541,37.859103],[-122.239026,37.859121],[-122.239026,37.859119],[-122.239026,37.859118],[-122.239025,37.859116],[-122.239025,37.859114],[-122.239025,37.859113],[-122.239024,37.859111],[-122.239024,37.85911],[-122.239023,37.859108],[-122.239023,37.859106],[-122.239022,37.859105],[-122.239021,37.859103],[-122.239021,37.859101],[-122.23902,37.8591],[-122.239019,37.859098],[-122.239019,37.859097],[-122.239018,37.859095],[-122.239017,37.859094],[-122.239016,37.859092],[-122.239015,37.859091],[-122.239014,37.859089],[-122.239013,37.859088],[-122.239012,37.859086],[-122.239011,37.859085],[-122.23901,37.859083],[-122.239009,37.859082],[-122.239008,37.85908],[-122.239007,37.859079],[-122.239006,37.859078],[-122.239004,37.859076],[-122.239003,37.859075],[-122.239002,37.859073],[-122.239001,37.859072],[-122.238999,37.859071],[-122.238998,37.85907],[-122.238997,37.859068],[-122.238995,37.859067],[-122.238994,37.859066],[-122.238992,37.859065],[-122.238991,37.859063],[-122.238989,37.859062],[-122.238988,37.859061],[-122.238986,37.85906],[-122.238984,37.859059],[-122.238983,37.859058],[-122.238981,37.859057],[-122.23898,37.859056],[-122.238978,37.859055],[-122.238976,37.859054],[-122.238974,37.859053],[-122.238973,37.859052],[-122.238971,37.859051],[-122.238969,37.85905],[-122.238967,37.859049],[-122.238963,37.859017],[-122.23896,37.859],[-122.238957,37.858983],[-122.238956,37.85898]]]},"properties":{"APN":"48H-7663-2","SitusAddress":"689 ALVARADO RD OAKLAND 94705"}},{"type":"Feature","geometry":{"type":"Polygon","coordinates":[[[-122.239317,37.85871],[-122.239398,37.858852],[-122.238956,37.85898],[-122.238954,37.858966],[-122.23895,37.858949],[-122.238945,37.858933],[-122.238941,37.858916],[-122.238936,37.858899],[-122.23893,37.858882],[-122.238924,37.858866],[-122.238918,37.858849],[-122.239317,37.85871]]]},"properties":{"APN":"48H-7663-3","SitusAddress":"681 ALVARADO RD OAKLAND 94705"}},{"type":"Feature","geometry":{"type":"Polygon","coordinates":[[[-122.238822,37.858667],[-122.239169,37.858566],[-122.23923,37.858696],[-122.238902,37.85881],[-122.238895,37.858794],[-122.238887,37.858778],[-122.238879,37.858762],[-122.238871,37.858746],[-122.238862,37.85873],[-122.238853,37.858715],[-122.238843,37.858699],[-122.238834,37.858684],[-122.238823,37.858669],[-122.238822,37.858667]]]},"properties":{"APN":"48H-7663-4-2","SitusAddress":"675 ALVARADO RD OAKLAND 94705"}},{"type":"Feature","geometry":{"type":"Polygon","coordinates":[[[-122.238733,37.858547],[-122.23911,37.858437],[-122.239169,37.858566],[-122.238822,37.858667],[-122.238813,37.858654],[-122.238794,37.858627],[-122.238741,37.858557],[-122.238733,37.858547]]]},"properties":{"APN":"48H-7663-4-3","SitusAddress":"665 ALVARADO RD OAKLAND 94705"}},{"type":"Feature","geometry":{"type":"Polygon","coordinates":[[[-122.238648,37.858425],[-122.23905,37.858308],[-122.23911,37.858437],[-122.238733,37.858547],[-122.23869,37.858486],[-122.238648,37.858425]]]},"properties":{"APN":"48H-7663-6","SitusAddress":"657 ALVARADO RD OAKLAND 94705"}},{"type":"Feature","geometry":{"type":"Polygon","coordinates":[[[-122.238567,37.858303],[-122.239029,37.85817],[-122.239452,37.858048],[-122.239568,37.858157],[-122.239375,37.858213],[-122.23905,37.858308],[-122.238648,37.858425],[-122.23864,37.858414],[-122.238592,37.858341],[-122.238567,37.858303]]]},"properties":{"APN":"48H-7663-7","SitusAddress":"649 ALVARADO RD OAKLAND 94705"}},{"type":"Feature","geometry":{"type":"Polygon","coordinates":[[[-122.238493,37.858181],[-122.238949,37.858049],[-122.238969,37.858043],[-122.239029,37.85817],[-122.238567,37.858303],[-122.238546,37.858268],[-122.238501,37.858194],[-122.238493,37.858181]]]},"properties":{"APN":"48H-7663-8-2","SitusAddress":"637 ALVARADO RD OAKLAND 94705"}},{"type":"Feature","geometry":{"type":"Polygon","coordinates":[[[-122.239452,37.858048],[-122.239029,37.85817],[-122.238969,37.858043],[-122.238949,37.858049],[-122.23889,37.857925],[-122.239219,37.85783],[-122.239452,37.858048]]]},"properties":{"APN":"48H-7663-8-3","SitusAddress":"641 ALVARADO RD OAKLAND 94705"}},{"type":"Feature","geometry":{"type":"Polygon","coordinates":[[[-122.238424,37.858059],[-122.23889,37.857925],[-122.238949,37.858049],[-122.238493,37.858181],[-122.238458,37.85812],[-122.238424,37.858059]]]},"properties":{"APN":"48H-7663-9-2","SitusAddress":"633 ALVARADO RD OAKLAND 94705"}},{"type":"Feature","geometry":{"type":"Polygon","coordinates":[[[-122.238328,37.857873],[-122.239044,37.857667],[-122.239219,37.85783],[-122.23889,37.857925],[-122.238424,37.858059],[-122.238416,37.858044],[-122.238376,37.857969],[-122.238338,37.857893],[-122.238328,37.857873]]]},"properties":{"APN":"48H-7663-10-1","SitusAddress":"625 ALVARADO RD OAKLAND 94705"}},{"type":"Feature","geometry":{"type":"Polygon","coordinates":[[[-122.23964,37.857558],[-122.239752,37.857663],[-122.239583,37.857776],[-122.239527,37.857724],[-122.239308,37.857871],[-122.239252,37.857819],[-122.23964,37.857558]]]},"properties":{"APN":"48H-7663-14","SitusAddress":"107 ALVARADO RD OAKLAND 94705"}},{"type":"Feature","geometry":{"type":"Polygon","coordinates":[[[-122.239308,37.857871],[-122.239527,37.857724],[-122.239583,37.857776],[-122.239752,37.857663],[-122.239864,37.857768],[-122.239476,37.858028],[-122.239308,37.857871]]]},"properties":{"APN":"48H-7663-15","SitusAddress":"103 ALVARADO RD OAKLAND 94705"}},{"type":"Feature","geometry":{"type":"Polygon","coordinates":[[[-122.239476,37.858028],[-122.239864,37.857768],[-122.239976,37.857872],[-122.239588,37.858133],[-122.239476,37.858028]]]},"properties":{"APN":"48H-7663-16","SitusAddress":"99 ALVARADO RD OAKLAND 94705"}},{"type":"Feature","geometry":{"type":"Polygon","coordinates":[[[-122.239588,37.858133],[-122.239976,37.857872],[-122.240088,37.857977],[-122.239699,37.858238],[-122.239588,37.858133]]]},"properties":{"APN":"48H-7663-17","SitusAddress":"95 ALVARADO RD OAKLAND 94705"}},{"type":"Feature","geometry":{"type":"Polygon","coordinates":[[[-122.239699,37.858238],[-122.240088,37.857977],[-122.2402,37.858082],[-122.239811,37.858343],[-122.239699,37.858238]]]},"properties":{"APN":"48H-7663-18","SitusAddress":"89 ALVARADO RD OAKLAND 94705"}},{"type":"Feature","geometry":{"type":"Polygon","coordinates":[[[-122.239811,37.858343],[-122.2402,37.858082],[-122.240307,37.858181],[-122.23987,37.858398],[-122.239811,37.858343]]]},"properties":{"APN":"48H-7663-19-1","SitusAddress":"85 ALVARADO RD OAKLAND 94705"}},{"type":"Feature","geometry":{"type":"Polygon","coordinates":[[[-122.23987,37.858398],[-122.240307,37.858181],[-122.240415,37.858282],[-122.239928,37.858452],[-122.23987,37.858398]]]},"properties":{"APN":"48H-7663-19-2","SitusAddress":"81 ALVARADO RD OAKLAND 94705"}},{"type":"Feature","geometry":{"type":"Polygon","coordinates":[[[-122.239537,37.858515],[-122.239494,37.858436],[-122.239777,37.858353],[-122.239895,37.858463],[-122.239725,37.858523],[-122.239724,37.858521],[-122.239722,37.85852],[-122.239721,37.858519],[-122.23972,37.858518],[-122.239718,37.858516],[-122.239717,37.858515],[-122.239715,37.858514],[-122.239714,37.858513],[-122.239712,37.858511],[-122.239711,37.85851],[-122.239709,37.858509],[-122.239708,37.858508],[-122.239706,37.858507],[-122.239705,37.858506],[-122.239703,37.858505],[-122.239701,37.858504],[-122.2397,37.858503],[-122.239698,37.858502],[-122.239696,37.858501],[-122.239694,37.8585],[-122.239693,37.858499],[-122.239691,37.858498],[-122.239689,37.858497],[-122.239687,37.858496],[-122.239685,37.858495],[-122.239684,37.858495],[-122.239682,37.858494],[-122.23968,37.858493],[-122.239678,37.858492],[-122.239676,37.858492],[-122.239674,37.858491],[-122.239672,37.85849],[-122.23967,37.85849],[-122.239668,37.858489],[-122.239666,37.858489],[-122.239664,37.858488],[-122.239662,37.858488],[-122.23966,37.858487],[-122.239658,37.858487],[-122.239656,37.858486],[-122.239654,37.858486],[-122.239652,37.858485],[-122.23965,37.858485],[-122.239648,37.858485],[-122.239646,37.858485],[-122.239644,37.858484],[-122.239641,37.858484],[-122.239639,37.858484],[-122.239637,37.858484],[-122.239635,37.858484],[-122.239633,37.858484],[-122.239631,37.858483],[-122.239629,37.858483],[-122.239627,37.858483],[-122.239625,37.858483],[-122.239622,37.858483],[-122.23962,37.858484],[-122.239618,37.858484],[-122.239616,37.858484],[-122.239614,37.858484],[-122.239612,37.858484],[-122.23961,37.858484],[-122.239608,37.858485],[-122.239606,37.858485],[-122.239604,37.858485],[-122.239601,37.858486],[-122.239599,37.858486],[-122.239597,37.858486],[-122.239595,37.858487],[-122.239593,37.858487],[-122.239591,37.858488],[-122.239589,37.858488],[-122.239587,37.858489],[-122.239585,37.858489],[-122.239583,37.85849],[-122.239581,37.85849],[-122.239579,37.858491],[-122.239577,37.858492],[-122.239575,37.858492],[-122.239574,37.858493],[-122.239572,37.858494],[-122.23957,37.858495],[-122.239568,37.858496],[-122.239566,37.858496],[-122.239564,37.858497],[-122.239562,37.858498],[-122.239561,37.858499],[-122.239559,37.8585],[-122.239557,37.858501],[-122.239555,37.858502],[-122.239554,37.858503],[-122.239552,37.858504],[-122.23955,37.858505],[-122.239549,37.858506],[-122.239547,37.858507],[-122.239546,37.858508],[-122.239544,37.858509],[-122.239543,37.858511],[-122.239541,37.858512],[-122.23954,37.858513],[-122.239538,37.858514],[-122.239537,37.858515]]]},"properties":{"APN":"48H-7663-20","SitusAddress":"36 EUCALYPTUS PATH OAKLAND 94705"}},{"type":"Feature","geometry":{"type":"Polygon","coordinates":[[[-122.239432,37.85832],[-122.239375,37.858213],[-122.239568,37.858157],[-122.239777,37.858353],[-122.239494,37.858436],[-122.239432,37.85832]]]},"properties":{"APN":"48H-7663-21","SitusAddress":"93 SUNSET TRL OAKLAND 94705"}},{"type":"Feature","geometry":{"type":"Polygon","coordinates":[[[-122.239432,37.85832],[-122.239494,37.858436],[-122.239537,37.858515],[-122.239535,37.858517],[-122.239534,37.858518],[-122.239533,37.858519],[-122.239531,37.858521],[-122.23953,37.858522],[-122.239529,37.858523],[-122.239527,37.858525],[-122.239526,37.858526],[-122.239525,37.858527],[-122.239524,37.858529],[-122.239523,37.85853],[-122.239522,37.858532],[-122.239521,37.858533],[-122.23952,37.858535],[-122.239519,37.858536],[-122.239518,37.858538],[-122.239517,37.858539],[-122.239516,37.858541],[-122.239515,37.858542],[-122.239514,37.858544],[-122.239514,37.858545],[-122.239513,37.858547],[-122.239512,37.858548],[-122.239512,37.85855],[-122.239511,37.858552],[-122.23951,37.858553],[-122.23951,37.858555],[-122.239509,37.858556],[-122.239509,37.858558],[-122.239508,37.85856],[-122.239508,37.858561],[-122.239508,37.858563],[-122.239507,37.858565],[-122.239507,37.858566],[-122.239507,37.858568],[-122.239506,37.85857],[-122.239506,37.858571],[-122.239506,37.858573],[-122.239506,37.858575],[-122.239506,37.858576],[-122.239506,37.858578],[-122.239506,37.85858],[-122.239506,37.858581],[-122.239506,37.858583],[-122.239506,37.858585],[-122.239506,37.858586],[-122.239506,37.858588],[-122.239506,37.85859],[-122.239507,37.858591],[-122.239507,37.858593],[-122.239507,37.858595],[-122.239508,37.858596],[-122.239508,37.858598],[-122.239261,37.858685],[-122.239177,37.858502],[-122.239307,37.858464],[-122.239263,37.858369],[-122.239432,37.85832]]]},"properties":{"APN":"48H-7663-22-1","SitusAddress":"44 EUCALYPTUS PATH OAKLAND 94705"}},{"type":"Feature","geometry":{"type":"Polygon","coordinates":[[[-122.239169,37.858566],[-122.23911,37.858437],[-122.23905,37.858308],[-122.239375,37.858213],[-122.239432,37.85832],[-122.239263,37.858369],[-122.239307,37.858464],[-122.239177,37.858502],[-122.239261,37.858685],[-122.23923,37.858696],[-122.239169,37.858566]]]},"properties":{"APN":"48H-7663-22-2","SitusAddress":"35 EUCALYPTUS PATH OAKLAND 94705"}},{"type":"Feature","geometry":{"type":"Polygon","coordinates":[[[-122.239398,37.858852],[-122.239317,37.85871],[-122.239529,37.858636],[-122.239531,37.858638],[-122.239532,37.858639],[-122.239533,37.858641],[-122.239535,37.858642],[-122.239536,37.858643],[-122.239537,37.858644],[-122.239539,37.858646],[-122.23954,37.858647],[-122.239542,37.858648],[-122.239543,37.858649],[-122.239545,37.85865],[-122.239546,37.858651],[-122.239548,37.858652],[-122.23955,37.858654],[-122.239551,37.858655],[-122.239553,37.858656],[-122.239555,37.858657],[-122.239556,37.858658],[-122.239558,37.858659],[-122.23956,37.85866],[-122.239562,37.85866],[-122.239563,37.858661],[-122.239565,37.858662],[-122.239567,37.858663],[-122.239569,37.858664],[-122.239571,37.858665],[-122.239573,37.858665],[-122.239575,37.858666],[-122.239576,37.858667],[-122.239578,37.858668],[-122.23958,37.858668],[-122.239582,37.858669],[-122.239584,37.858669],[-122.239586,37.85867],[-122.239588,37.858671],[-122.23959,37.858671],[-122.239592,37.858672],[-122.239594,37.858672],[-122.239596,37.858673],[-122.239598,37.858673],[-122.2396,37.858673],[-122.239603,37.858674],[-122.239605,37.858674],[-122.239607,37.858674],[-122.239609,37.858675],[-122.239611,37.858675],[-122.239613,37.858675],[-122.239615,37.858675],[-122.239617,37.858675],[-122.239619,37.858675],[-122.239621,37.858676],[-122.239624,37.858676],[-122.239626,37.858676],[-122.239628,37.858676],[-122.23963,37.858676],[-122.239632,37.858676],[-122.239634,37.858675],[-122.239636,37.858675],[-122.239638,37.858675],[-122.23964,37.858675],[-122.239643,37.858675],[-122.239645,37.858675],[-122.239647,37.858674],[-122.239649,37.858674],[-122.239651,37.858674],[-122.239653,37.858673],[-122.239655,37.858673],[-122.239657,37.858673],[-122.239659,37.858672],[-122.239661,37.858672],[-122.239663,37.858671],[-122.239665,37.858671],[-122.239667,37.85867],[-122.239669,37.85867],[-122.239671,37.858669],[-122.239673,37.858668],[-122.239675,37.858668],[-122.239677,37.858667],[-122.239679,37.858666],[-122.23978,37.858845],[-122.239664,37.858881],[-122.23955,37.85895],[-122.23947,37.858979],[-122.239398,37.858852]]]},"properties":{"APN":"48H-7663-23-1","SitusAddress":"51 EUCALYPTUS PATH OAKLAND 94705"}},{"type":"Feature","geometry":{"type":"Polygon","coordinates":[[[-122.239541,37.859103],[-122.23947,37.858979],[-122.23955,37.85895],[-122.239664,37.858881],[-122.23978,37.858845],[-122.239878,37.859018],[-122.23995,37.859143],[-122.240027,37.859279],[-122.239657,37.859307],[-122.239541,37.859103]]]},"properties":{"APN":"48H-7663-23-2","SitusAddress":"43 EUCALYPTUS PATH OAKLAND 94705"}},{"type":"Feature","geometry":{"type":"Polygon","coordinates":[[[-122.239798,37.858542],[-122.239956,37.858487],[-122.240053,37.858657],[-122.240124,37.858782],[-122.240195,37.858907],[-122.240037,37.858963],[-122.239798,37.858542]]]},"properties":{"APN":"48H-7663-25-1","SitusAddress":"27 EUCALYPTUS PATH OAKLAND 94705"}},{"type":"Feature","geometry":{"type":"Polygon","coordinates":[[[-122.23978,37.858845],[-122.239679,37.858666],[-122.239681,37.858666],[-122.239683,37.858665],[-122.239685,37.858664],[-122.239686,37.858663],[-122.239688,37.858662],[-122.23969,37.858662],[-122.239692,37.858661],[-122.239694,37.85866],[-122.239695,37.858659],[-122.239697,37.858658],[-122.239699,37.858657],[-122.239701,37.858656],[-122.239702,37.858655],[-122.239704,37.858654],[-122.239706,37.858653],[-122.239707,37.858652],[-122.239709,37.85865],[-122.23971,37.858649],[-122.239712,37.858648],[-122.239713,37.858647],[-122.239715,37.858646],[-122.239716,37.858645],[-122.239718,37.858643],[-122.239719,37.858642],[-122.23972,37.858641],[-122.239722,37.858639],[-122.239723,37.858638],[-122.239724,37.858637],[-122.239726,37.858635],[-122.239727,37.858634],[-122.239728,37.858633],[-122.239729,37.858631],[-122.23973,37.85863],[-122.239731,37.858628],[-122.239732,37.858627],[-122.239733,37.858626],[-122.239734,37.858624],[-122.239735,37.858623],[-122.239736,37.858621],[-122.239737,37.85862],[-122.239738,37.858618],[-122.239739,37.858616],[-122.23974,37.858615],[-122.23974,37.858613],[-122.239741,37.858612],[-122.239742,37.85861],[-122.239742,37.858609],[-122.239743,37.858607],[-122.239744,37.858605],[-122.239744,37.858604],[-122.239745,37.858602],[-122.239745,37.8586],[-122.239746,37.858599],[-122.239746,37.858597],[-122.239746,37.858596],[-122.239747,37.858594],[-122.239747,37.858592],[-122.239747,37.858591],[-122.239748,37.858589],[-122.239748,37.858587],[-122.239748,37.858586],[-122.239748,37.858584],[-122.239748,37.858582],[-122.239748,37.858581],[-122.239748,37.858579],[-122.239748,37.858577],[-122.239748,37.858575],[-122.239748,37.858574],[-122.239748,37.858572],[-122.239748,37.85857],[-122.239747,37.858569],[-122.239747,37.858567],[-122.239747,37.858565],[-122.239747,37.858564],[-122.239746,37.858562],[-122.239746,37.858561],[-122.239798,37.858542],[-122.240037,37.858963],[-122.239878,37.859018],[-122.23978,37.858845]]]},"properties":{"APN":"48H-7663-25-2","SitusAddress":"37 EUCALYPTUS PATH OAKLAND 94705"}},{"type":"Feature","geometry":{"type":"Polygon","coordinates":[[[-122.239956,37.858487],[-122.240439,37.858318],[-122.24044,37.858322],[-122.240441,37.858324],[-122.240442,37.858326],[-122.240442,37.858328],[-122.240443,37.858331],[-122.240443,37.858333],[-122.240444,37.858335],[-122.240444,37.858337],[-122.240445,37.858339],[-122.240445,37.858341],[-122.240445,37.858344],[-122.240445,37.858346],[-122.240446,37.858348],[-122.240446,37.85835],[-122.240446,37.858352],[-122.240446,37.858355],[-122.240446,37.858357],[-122.240446,37.858359],[-122.240446,37.858361],[-122.240445,37.858363],[-122.240445,37.858365],[-122.240445,37.858368],[-122.240445,37.85837],[-122.240444,37.858372],[-122.240443,37.858382],[-122.240442,37.858391],[-122.240441,37.858401],[-122.24044,37.85841],[-122.24044,37.85842],[-122.240439,37.858429],[-122.240439,37.858439],[-122.24044,37.858449],[-122.24044,37.858458],[-122.24044,37.858468],[-122.240441,37.858477],[-122.240442,37.858487],[-122.240443,37.858496],[-122.240445,37.858506],[-122.240446,37.858515],[-122.240447,37.858518],[-122.240053,37.858657],[-122.239956,37.858487]]]},"properties":{"APN":"48H-7663-26","SitusAddress":"4 ALVARADO CT OAKLAND 94705"}},{"type":"Feature","geometry":{"type":"Polygon","coordinates":[[[-122.240053,37.858657],[-122.240447,37.858518],[-122.240448,37.858524],[-122.24045,37.858534],[-122.240452,37.858543],[-122.240455,37.858553],[-122.240457,37.858562],[-122.24046,37.858571],[-122.240463,37.85858],[-122.240467,37.85859],[-122.24047,37.858599],[-122.240474,37.858608],[-122.240478,37.858617],[-122.240482,37.858626],[-122.240486,37.858635],[-122.24049,37.858644],[-122.240495,37.858652],[-122.240124,37.858782],[-122.240053,37.858657]]]},"properties":{"APN":"48H-7663-27","SitusAddress":"14 ALVARADO CT OAKLAND 94705"}},{"type":"Feature","geometry":{"type":"Polygon","coordinates":[[[-122.240124,37.858782],[-122.240495,37.858652],[-122.240495,37.858652],[-122.2405,37.858661],[-122.240505,37.85867],[-122.24051,37.858678],[-122.240515,37.858687],[-122.240521,37.858695],[-122.240527,37.858704],[-122.240533,37.858712],[-122.240539,37.85872],[-122.240545,37.858728],[-122.240552,37.858736],[-122.240558,37.858744],[-122.240565,37.858752],[-122.240572,37.85876],[-122.240582,37.858771],[-122.240195,37.858907],[-122.240124,37.858782]]]},"properties":{"APN":"48H-7663-28","SitusAddress":"22 ALVARADO CT OAKLAND 94705"}},{"type":"Feature","geometry":{"type":"Polygon","coordinates":[[[-122.239878,37.859018],[-122.240037,37.858963],[-122.240195,37.858907],[-122.240582,37.858771],[-122.240644,37.858837],[-122.240643,37.858839],[-122.240643,37.85884],[-122.240643,37.858841],[-122.240642,37.858843],[-122.240642,37.858844],[-122.240642,37.858846],[-122.240642,37.858847],[-122.240642,37.858849],[-122.240641,37.85885],[-122.240641,37.858851],[-122.240641,37.858853],[-122.240641,37.858854],[-122.240641,37.858856],[-122.240641,37.858857],[-122.240642,37.858859],[-122.240642,37.85886],[-122.240642,37.858861],[-122.240642,37.858863],[-122.240642,37.858864],[-122.240642,37.858866],[-122.240643,37.858867],[-122.240643,37.858869],[-122.240643,37.85887],[-122.240644,37.858871],[-122.240644,37.858873],[-122.240645,37.858874],[-122.240645,37.858876],[-122.240645,37.858877],[-122.240646,37.858878],[-122.240647,37.85888],[-122.240647,37.858881],[-122.240648,37.858882],[-122.240648,37.858884],[-122.240649,37.858885],[-122.24065,37.858886],[-122.24065,37.858888],[-122.240651,37.858889],[-122.240652,37.85889],[-122.240653,37.858892],[-122.240654,37.858893],[-122.240655,37.858894],[-122.240655,37.858895],[-122.23995,37.859143],[-122.239878,37.859018]]]},"properties":{"APN":"48H-7663-29","SitusAddress":"30 ALVARADO CT OAKLAND 94705"}},{"type":"Feature","geometry":{"type":"Polygon","coordinates":[[[-122.23995,37.859143],[-122.240655,37.858895],[-122.240656,37.858897],[-122.240657,37.858898],[-122.240658,37.858899],[-122.240659,37.8589],[-122.24066,37.858901],[-122.240661,37.858903],[-122.240662,37.858904],[-122.240664,37.858905],[-122.240665,37.858906],[-122.240666,37.858907],[-122.240667,37.858908],[-122.240668,37.858909],[-122.24067,37.85891],[-122.240671,37.858911],[-122.240672,37.858912],[-122.240673,37.858913],[-122.240675,37.858914],[-122.240676,37.858915],[-122.240677,37.858916],[-122.240679,37.858917],[-122.24068,37.858918],[-122.240682,37.858919],[-122.240683,37.85892],[-122.240684,37.858921],[-122.240686,37.858922],[-122.240687,37.858922],[-122.240689,37.858923],[-122.24069,37.858924],[-122.240692,37.858925],[-122.240694,37.858925],[-122.240695,37.858926],[-122.240697,37.858927],[-122.240698,37.858928],[-122.2407,37.858928],[-122.240702,37.858929],[-122.240703,37.858929],[-122.240705,37.85893],[-122.240707,37.85893],[-122.240708,37.858931],[-122.24071,37.858932],[-122.240712,37.858932],[-122.240713,37.858932],[-122.240715,37.858933],[-122.240717,37.858933],[-122.240719,37.858934],[-122.24072,37.858934],[-122.240722,37.858934],[-122.240724,37.858935],[-122.240763,37.859223],[-122.240595,37.859236],[-122.240027,37.859279],[-122.23995,37.859143]]]},"properties":{"APN":"48H-7663-30-1","SitusAddress":"50 ALVARADO CT OAKLAND 94705"}},{"type":"Feature","geometry":{"type":"Polygon","coordinates":[[[-122.240724,37.858935],[-122.240726,37.858935],[-122.240728,37.858935],[-122.240729,37.858935],[-122.240731,37.858936],[-122.240733,37.858936],[-122.240735,37.858936],[-122.240737,37.858936],[-122.240738,37.858936],[-122.24074,37.858936],[-122.240742,37.858936],[-122.240744,37.858936],[-122.240746,37.858936],[-122.240747,37.858936],[-122.240749,37.858936],[-122.240751,37.858936],[-122.240753,37.858936],[-122.240755,37.858936],[-122.240756,37.858936],[-122.240758,37.858936],[-122.24076,37.858936],[-122.240762,37.858935],[-122.240764,37.858935],[-122.240765,37.858935],[-122.240767,37.858935],[-122.240769,37.858934],[-122.240771,37.858934],[-122.240772,37.858934],[-122.240774,37.858933],[-122.240776,37.858933],[-122.240778,37.858932],[-122.240779,37.858932],[-122.240781,37.858931],[-122.240783,37.858931],[-122.240785,37.85893],[-122.240786,37.85893],[-122.240788,37.858929],[-122.240789,37.858929],[-122.240791,37.858928],[-122.240793,37.858927],[-122.240794,37.858927],[-122.240796,37.858926],[-122.240798,37.858925],[-122.240799,37.858924],[-122.240801,37.858924],[-122.240802,37.858923],[-122.240804,37.858922],[-122.240805,37.858921],[-122.240807,37.85892],[-122.240808,37.85892],[-122.24081,37.858919],[-122.240811,37.858918],[-122.240812,37.858917],[-122.240814,37.858916],[-122.240815,37.858915],[-122.240816,37.858914],[-122.241091,37.859198],[-122.240763,37.859223],[-122.240724,37.858935]]]},"properties":{"APN":"48H-7663-31-1","SitusAddress":"50 ALVARADO CT OAKLAND 94705"}},{"type":"Feature","geometry":{"type":"Polygon","coordinates":[[[-122.239657,37.859307],[-122.240027,37.859279],[-122.240595,37.859236],[-122.240763,37.859223],[-122.241091,37.859198],[-122.241099,37.859206],[-122.240346,37.859263],[-122.239846,37.859301],[-122.239661,37.859315],[-122.239657,37.859307]]]},"properties":{"APN":"48H-7663-35","SitusAddress":"2 EVERGREEN LN OAKLAND 94705"}},{"type":"Feature","geometry":{"type":"Polygon","coordinates":[[[-122.238243,37.857683],[-122.238245,37.857683],[-122.238486,37.857613],[-122.238679,37.857558],[-122.238924,37.857553],[-122.239044,37.857667],[-122.238328,37.857873],[-122.238302,37.857816],[-122.238243,37.857683]]]},"properties":{"APN":"48H-7663-36-1","SitusAddress":"617 ALVARADO RD OAKLAND 94705"}},{"type":"Feature","geometry":{"type":"Polygon","coordinates":[[[-122.23887,37.857503],[-122.238924,37.857553],[-122.238679,37.857558],[-122.238749,37.857538],[-122.238863,37.857505],[-122.23887,37.857503]]]},"properties":{"APN":"48H-7663-37","SitusAddress":"617 ALVARADO RD BERKELEY 94705"}},{"type":"Feature","geometry":{"type":"Polygon","coordinates":[[[-122.239528,37.857454],[-122.239585,37.857507],[-122.239437,37.857515],[-122.23947,37.857492],[-122.239473,37.857491],[-122.239521,37.857458],[-122.239528,37.857454]]]},"properties":{"APN":"48H-7663-38","SitusAddress":"111 ALVARADO RD BERKELEY 94705"}},{"type":"Feature","geometry":{"type":"Polygon","coordinates":[[[-122.23914,37.857714],[-122.239148,37.857709],[-122.239342,37.857578],[-122.239437,37.857515],[-122.239585,37.857507],[-122.23964,37.857558],[-122.239252,37.857819],[-122.23914,37.857714]]]},"properties":{"APN":"48H-7663-39","SitusAddress":"111 ALVARADO RD OAKLAND 94705"}},{"type":"Feature","geometry":{"type":"Polygon","coordinates":[[[-122.240266,37.857974],[-122.240639,37.857816],[-122.240647,37.857825],[-122.240672,37.85785],[-122.240697,37.857875],[-122.240722,37.857899],[-122.240726,37.857903],[-122.240728,37.857905],[-122.24073,37.857907],[-122.240732,37.85791],[-122.240734,37.857912],[-122.240736,37.857914],[-122.240737,37.857917],[-122.240739,37.857919],[-122.240741,37.857922],[-122.240743,37.857924],[-122.240744,37.857927],[-122.240746,37.857929],[-122.240747,37.857932],[-122.240749,37.857935],[-122.24075,37.857937],[-122.240752,37.85794],[-122.240753,37.857942],[-122.240754,37.857945],[-122.240755,37.857948],[-122.240756,37.85795],[-122.240757,37.857953],[-122.240758,37.857956],[-122.240759,37.857959],[-122.24076,37.857961],[-122.240761,37.857964],[-122.240762,37.857967],[-122.240762,37.85797],[-122.240763,37.857972],[-122.240764,37.857975],[-122.240764,37.857978],[-122.240764,37.857981],[-122.240765,37.857984],[-122.240765,37.857987],[-122.240765,37.857989],[-122.240766,37.857992],[-122.240766,37.857995],[-122.240766,37.857998],[-122.240766,37.858001],[-122.240766,37.858003],[-122.240766,37.858006],[-122.240765,37.858009],[-122.240765,37.858012],[-122.240765,37.858015],[-122.240764,37.858018],[-122.240764,37.85802],[-122.240763,37.858023],[-122.240763,37.858026],[-122.240762,37.858029],[-122.240762,37.858032],[-122.240761,37.858034],[-122.24076,37.858037],[-122.240759,37.85804],[-122.240758,37.858043],[-122.240757,37.858045],[-122.240756,37.858048],[-122.240755,37.858051],[-122.240754,37.858053],[-122.240753,37.858056],[-122.240751,37.858059],[-122.24075,37.858061],[-122.240749,37.858064],[-122.240747,37.858067],[-122.240746,37.858069],[-122.240744,37.858072],[-122.240743,37.858074],[-122.240741,37.858077],[-122.240739,37.858079],[-122.240737,37.858082],[-122.240736,37.858084],[-122.240734,37.858086],[-122.240732,37.858089],[-122.24073,37.858091],[-122.240728,37.858093],[-122.240726,37.858096],[-122.240723,37.858098],[-122.240721,37.8581],[-122.240719,37.858102],[-122.240717,37.858105],[-122.240714,37.858107],[-122.240712,37.858109],[-122.240709,37.858111],[-122.240707,37.858113],[-122.240704,37.858115],[-122.240702,37.858117],[-122.240699,37.858119],[-122.240697,37.858121],[-122.240694,37.858123],[-122.240691,37.858124],[-122.240688,37.858126],[-122.240686,37.858128],[-122.240683,37.85813],[-122.24068,37.858131],[-122.240677,37.858133],[-122.240674,37.858135],[-122.240671,37.858136],[-122.240668,37.858138],[-122.240665,37.858139],[-122.240662,37.85814],[-122.240659,37.858142],[-122.240656,37.858143],[-122.240652,37.858144],[-122.240649,37.858146],[-122.240646,37.858147],[-122.240643,37.858148],[-122.240639,37.858149],[-122.240636,37.85815],[-122.240633,37.858151],[-122.240629,37.858152],[-122.240626,37.858153],[-122.240623,37.858154],[-122.240619,37.858155],[-122.240616,37.858156],[-122.240612,37.858156],[-122.240609,37.858157],[-122.240605,37.858158],[-122.240602,37.858158],[-122.240598,37.858159],[-122.240595,37.858159],[-122.240591,37.85816],[-122.240588,37.85816],[-122.240584,37.85816],[-122.240581,37.858161],[-122.240577,37.858161],[-122.240573,37.858161],[-122.24057,37.858161],[-122.240566,37.858161],[-122.240563,37.858161],[-122.240559,37.858161],[-122.240556,37.858161],[-122.240552,37.858161],[-122.240548,37.858161],[-122.240545,37.858161],[-122.240541,37.858161],[-122.240538,37.85816],[-122.240534,37.85816],[-122.240531,37.85816],[-122.240527,37.858159],[-122.240524,37.858159],[-122.24052,37.858158],[-122.240517,37.858158],[-122.240513,37.858157],[-122.24051,37.858156],[-122.240506,37.858156],[-122.240503,37.858155],[-122.240499,37.858154],[-122.240496,37.858153],[-122.240493,37.858152],[-122.240489,37.858151],[-122.240486,37.85815],[-122.240483,37.858149],[-122.240479,37.858148],[-122.240476,37.858147],[-122.240473,37.858146],[-122.24047,37.858144],[-122.240466,37.858143],[-122.240463,37.858142],[-122.24046,37.85814],[-122.240457,37.858139],[-122.240454,37.858137],[-122.240451,37.858136],[-122.240448,37.858134],[-122.240445,37.858133],[-122.240442,37.858131],[-122.240439,37.85813],[-122.240436,37.858128],[-122.240434,37.858126],[-122.240431,37.858124],[-122.240428,37.858123],[-122.240425,37.858121],[-122.240423,37.858119],[-122.24042,37.858117],[-122.240418,37.858115],[-122.240415,37.858113],[-122.240413,37.858111],[-122.24041,37.858109],[-122.240408,37.858107],[-122.240405,37.858105],[-122.240266,37.857974]]]},"properties":{"APN":"48H-7664-1","SitusAddress":"66 ALVARADO RD OAKLAND 94705"}},{"type":"Feature","geometry":{"type":"Polygon","coordinates":[[[-122.240036,37.857759],[-122.240452,37.857584],[-122.240454,37.857587],[-122.240473,37.857615],[-122.240493,37.857642],[-122.240513,37.857669],[-122.240534,37.857696],[-122.240556,37.857722],[-122.240578,37.857748],[-122.2406,37.857774],[-122.240624,37.8578],[-122.240639,37.857816],[-122.240266,37.857974],[-122.240036,37.857759]]]},"properties":{"APN":"48H-7664-2","SitusAddress":"62 ALVARADO RD OAKLAND 94705"}},{"type":"Feature","geometry":{"type":"Polygon","coordinates":[[[-122.239807,37.857544],[-122.239979,37.857471],[-122.24,37.857462],[-122.240037,37.857447],[-122.240312,37.857331],[-122.240338,37.857387],[-122.240353,37.857416],[-122.240368,37.857445],[-122.240384,37.857474],[-122.240401,37.857503],[-122.240418,37.857531],[-122.240436,37.857559],[-122.240452,37.857584],[-122.240036,37.857759],[-122.239807,37.857544]]]},"properties":{"APN":"48H-7664-3","SitusAddress":"52 ALVARADO RD OAKLAND 94705"}},{"type":"Feature","geometry":{"type":"Polygon","coordinates":[[[-122.24107,37.857734],[-122.241321,37.857621],[-122.241323,37.857623],[-122.241326,37.857625],[-122.241329,37.857628],[-122.241333,37.85763],[-122.241336,37.857632],[-122.24134,37.857634],[-122.241344,37.857637],[-122.241347,37.857639],[-122.241351,37.857641],[-122.241357,37.857644],[-122.241473,37.857706],[-122.241183,37.857888],[-122.24107,37.857734]]]},"properties":{"APN":"48H-7670-13-1","SitusAddress":" ALVARADO RD OAKLAND 94603"}},{"type":"Feature","geometry":{"type":"Polygon","coordinates":[[[-122.240851,37.857833],[-122.24107,37.857734],[-122.241183,37.857888],[-122.241031,37.857984],[-122.241029,37.857983],[-122.241027,37.857982],[-122.241025,37.857981],[-122.241023,37.857981],[-122.241021,37.85798],[-122.241019,37.857979],[-122.241017,37.857979],[-122.241015,37.857978],[-122.241013,37.857978],[-122.241011,37.857977],[-122.241009,37.857976],[-122.241006,37.857976],[-122.241004,37.857975],[-122.241002,37.857975],[-122.241,37.857975],[-122.240998,37.857974],[-122.240996,37.857974],[-122.240994,37.857974],[-122.240992,37.857973],[-122.240989,37.857973],[-122.240987,37.857973],[-122.240985,37.857973],[-122.240983,37.857972],[-122.240981,37.857972],[-122.240979,37.857972],[-122.240976,37.857972],[-122.240974,37.857972],[-122.240972,37.857972],[-122.24097,37.857972],[-122.240967,37.857972],[-122.240902,37.857974],[-122.240902,37.857969],[-122.240901,37.857963],[-122.240901,37.857958],[-122.2409,37.857952],[-122.240899,37.857947],[-122.240898,37.857941],[-122.240897,37.857936],[-122.240896,37.85793],[-122.240895,37.857925],[-122.240893,37.85792],[-122.240892,37.857914],[-122.24089,37.857909],[-122.240888,37.857903],[-122.240886,37.857898],[-122.240884,37.857893],[-122.240882,37.857887],[-122.24088,37.857882],[-122.240877,37.857877],[-122.240875,37.857872],[-122.240872,37.857867],[-122.240869,37.857862],[-122.240867,37.857856],[-122.240864,37.857851],[-122.24086,37.857846],[-122.240857,37.857842],[-122.240854,37.857837],[-122.240851,37.857833]]]},"properties":{"APN":"48H-7670-13-2","SitusAddress":"73 ALVARADO RD OAKLAND 94705"}},{"type":"Feature","geometry":{"type":"Polygon","coordinates":[[[-122.240705,37.857672],[-122.241186,37.857458],[-122.241194,37.857469],[-122.241236,37.857525],[-122.24128,37.857581],[-122.241282,37.857584],[-122.241285,37.857587],[-122.241287,37.85759],[-122.24129,37.857593],[-122.241292,37.857596],[-122.241295,37.857599],[-122.241298,37.857602],[-122.241301,37.857604],[-122.241304,37.857607],[-122.241307,37.85761],[-122.24131,37.857612],[-122.241313,37.857615],[-122.241316,37.857618],[-122.241319,37.85762],[-122.241321,37.857621],[-122.24107,37.857734],[-122.240851,37.857833],[-122.240851,37.857832],[-122.240847,37.857827],[-122.240844,37.857822],[-122.24084,37.857818],[-122.240836,37.857813],[-122.240832,37.857808],[-122.240828,37.857804],[-122.240824,37.857799],[-122.24082,37.857795],[-122.240815,37.85779],[-122.240811,37.857786],[-122.240788,37.857763],[-122.240766,37.85774],[-122.240744,37.857716],[-122.240722,37.857692],[-122.240705,37.857672]]]},"properties":{"APN":"48H-7670-14","SitusAddress":"61 ALVARADO RD OAKLAND 94705"}},{"type":"Feature","geometry":{"type":"Polygon","coordinates":[[[-122.243054,37.858697],[-122.243094,37.858695],[-122.243824,37.858647],[-122.243861,37.859012],[-122.243092,37.859062],[-122.243054,37.858697]]]},"properties":{"APN":"48H-7670-17-1","SitusAddress":"1 TUNNEL RD OAKLAND 94603"}},{"type":"Feature","geometry":{"type":"Polygon","coordinates":[[[-122.241091,37.859198],[-122.240816,37.858914],[-122.240818,37.858913],[-122.240819,37.858912],[-122.24082,37.858911],[-122.240822,37.85891],[-122.240823,37.858909],[-122.240824,37.858908],[-122.240825,37.858907],[-122.240826,37.858906],[-122.240827,37.858905],[-122.240828,37.858903],[-122.24083,37.858902],[-122.240831,37.858901],[-122.240832,37.8589],[-122.240833,37.858899],[-122.240834,37.858897],[-122.240835,37.858896],[-122.240835,37.858895],[-122.240836,37.858894],[-122.240837,37.858892],[-122.240838,37.858891],[-122.240839,37.85889],[-122.24084,37.858889],[-122.24084,37.858887],[-122.240841,37.858886],[-122.240842,37.858885],[-122.240842,37.858883],[-122.240843,37.858882],[-122.240844,37.858881],[-122.240844,37.858879],[-122.240845,37.858878],[-122.240845,37.858876],[-122.240846,37.858875],[-122.240846,37.858874],[-122.240847,37.858872],[-122.240847,37.858871],[-122.240847,37.858869],[-122.240848,37.858868],[-122.240848,37.858867],[-122.240848,37.858865],[-122.240848,37.858864],[-122.240849,37.858862],[-122.240849,37.858861],[-122.240849,37.858859],[-122.240849,37.858858],[-122.240849,37.858857],[-122.241181,37.858863],[-122.24114,37.859203],[-122.241099,37.859206],[-122.241091,37.859198]]]},"properties":{"APN":"48H-7670-19","SitusAddress":" ALVARADO CT OAKLAND 94603"}},{"type":"Feature","geometry":{"type":"Polygon","coordinates":[[[-122.240849,37.858857],[-122.240849,37.858855],[-122.240849,37.858854],[-122.240849,37.858852],[-122.240849,37.858851],[-122.240849,37.858849],[-122.240849,37.858848],[-122.240849,37.858847],[-122.240849,37.858845],[-122.240848,37.858844],[-122.240848,37.858842],[-122.240848,37.858841],[-122.240848,37.858839],[-122.240847,37.858838],[-122.240847,37.858837],[-122.240846,37.858835],[-122.240846,37.858834],[-122.240846,37.858832],[-122.240845,37.858831],[-122.240845,37.85883],[-122.240844,37.858828],[-122.240843,37.858827],[-122.240843,37.858826],[-122.240842,37.858824],[-122.240841,37.858823],[-122.240841,37.858822],[-122.24084,37.85882],[-122.240839,37.858819],[-122.240839,37.858818],[-122.240838,37.858816],[-122.240837,37.858815],[-122.240836,37.858814],[-122.240835,37.858813],[-122.240834,37.858811],[-122.240833,37.85881],[-122.240832,37.858809],[-122.240831,37.858808],[-122.24083,37.858807],[-122.240829,37.858805],[-122.240828,37.858804],[-122.240827,37.858803],[-122.240826,37.858802],[-122.240825,37.858801],[-122.240823,37.8588],[-122.240822,37.858799],[-122.240821,37.858798],[-122.24082,37.858797],[-122.240819,37.858796],[-122.240817,37.858795],[-122.240816,37.858794],[-122.240815,37.858793],[-122.240813,37.858792],[-122.240812,37.858791],[-122.24081,37.85879],[-122.240809,37.858789],[-122.240808,37.858788],[-122.240806,37.858787],[-122.240805,37.858786],[-122.240803,37.858786],[-122.240802,37.858785],[-122.2408,37.858784],[-122.240798,37.858783],[-122.240797,37.858783],[-122.240795,37.858782],[-122.240794,37.858781],[-122.240792,37.85878],[-122.240791,37.85878],[-122.240789,37.858779],[-122.240787,37.858779],[-122.240786,37.858778],[-122.240784,37.858778],[-122.240782,37.858777],[-122.24078,37.858776],[-122.240779,37.858776],[-122.240777,37.858776],[-122.240775,37.858775],[-122.240774,37.858775],[-122.240772,37.858774],[-122.24077,37.858774],[-122.240768,37.858774],[-122.240767,37.858773],[-122.240765,37.858773],[-122.240763,37.858773],[-122.240761,37.858773],[-122.240759,37.858772],[-122.240758,37.858772],[-122.240756,37.858772],[-122.240684,37.858695],[-122.240673,37.858683],[-122.240668,37.858676],[-122.240662,37.85867],[-122.240657,37.858663],[-122.240652,37.858657],[-122.240648,37.85865],[-122.240643,37.858643],[-122.240639,37.858637],[-122.240634,37.85863],[-122.24063,37.858623],[-122.240626,37.858616],[-122.240622,37.858609],[-122.240619,37.858602],[-122.240615,37.858595],[-122.240612,37.858588],[-122.240608,37.858581],[-122.240605,37.858574],[-122.240602,37.858566],[-122.2406,37.858559],[-122.240597,37.858552],[-122.240595,37.858544],[-122.240592,37.858537],[-122.24059,37.858529],[-122.240588,37.858522],[-122.240587,37.858514],[-122.240585,37.858507],[-122.240583,37.858499],[-122.240582,37.858492],[-122.240581,37.858484],[-122.24058,37.858477],[-122.240579,37.858469],[-122.240579,37.858461],[-122.240578,37.858454],[-122.240578,37.858446],[-122.240578,37.858439],[-122.240578,37.858431],[-122.240578,37.858423],[-122.240579,37.858416],[-122.240579,37.858408],[-122.24058,37.858401],[-122.240581,37.858393],[-122.240582,37.858385],[-122.240583,37.858381],[-122.240583,37.858378],[-122.240584,37.858375],[-122.240585,37.858372],[-122.240585,37.85837],[-122.240586,37.858367],[-122.240587,37.858364],[-122.240588,37.858362],[-122.240589,37.858359],[-122.24059,37.858356],[-122.240591,37.858354],[-122.240592,37.858351],[-122.240593,37.858348],[-122.240595,37.858346],[-122.240596,37.858343],[-122.240597,37.858341],[-122.240599,37.858338],[-122.2406,37.858336],[-122.240602,37.858333],[-122.240603,37.858331],[-122.240605,37.858328],[-122.240607,37.858326],[-122.240608,37.858323],[-122.24061,37.858321],[-122.240612,37.858319],[-122.240614,37.858316],[-122.240616,37.858314],[-122.240618,37.858312],[-122.24062,37.85831],[-122.240622,37.858307],[-122.240624,37.858305],[-122.240626,37.858303],[-122.240629,37.858301],[-122.240631,37.858299],[-122.240633,37.858297],[-122.240636,37.858295],[-122.240638,37.858293],[-122.240641,37.858291],[-122.240643,37.858289],[-122.240646,37.858287],[-122.240648,37.858285],[-122.240651,37.858283],[-122.240654,37.858282],[-122.240656,37.85828],[-122.240659,37.858278],[-122.240662,37.858276],[-122.240665,37.858275],[-122.240668,37.858273],[-122.240671,37.858272],[-122.240674,37.85827],[-122.240676,37.858269],[-122.240679,37.858267],[-122.240683,37.858266],[-122.240686,37.858265],[-122.240689,37.858263],[-122.240699,37.858259],[-122.240706,37.858256],[-122.240713,37.858253],[-122.24072,37.858249],[-122.240726,37.858246],[-122.240733,37.858243],[-122.24074,37.858239],[-122.240746,37.858235],[-122.240753,37.858232],[-122.240759,37.858228],[-122.240765,37.858224],[-122.240767,37.858222],[-122.241127,37.85853],[-122.241181,37.858863],[-122.240849,37.858857]]]},"properties":{"APN":"48H-7670-20","SitusAddress":" ALVARADO CT OAKLAND 94603"}},{"type":"Feature","geometry":{"type":"Polygon","coordinates":[[[-122.240767,37.858222],[-122.240771,37.85822],[-122.240778,37.858216],[-122.240784,37.858211],[-122.240789,37.858207],[-122.240795,37.858203],[-122.240801,37.858198],[-122.240807,37.858194],[-122.240812,37.858189],[-122.240818,37.858185],[-122.240823,37.85818],[-122.240828,37.858175],[-122.240833,37.85817],[-122.240838,37.858165],[-122.240843,37.85816],[-122.240848,37.858155],[-122.240853,37.85815],[-122.240857,37.858145],[-122.240862,37.85814],[-122.240918,37.858165],[-122.240922,37.858167],[-122.240924,37.858168],[-122.240926,37.858168],[-122.240928,37.858169],[-122.24093,37.85817],[-122.240932,37.85817],[-122.240934,37.858171],[-122.240936,37.858171],[-122.240938,37.858172],[-122.24094,37.858172],[-122.240942,37.858173],[-122.240944,37.858173],[-122.240946,37.858174],[-122.240948,37.858174],[-122.240951,37.858174],[-122.240953,37.858175],[-122.240955,37.858175],[-122.240957,37.858175],[-122.240959,37.858175],[-122.240961,37.858175],[-122.240964,37.858176],[-122.240966,37.858176],[-122.240968,37.858176],[-122.24097,37.858176],[-122.240972,37.858176],[-122.240974,37.858176],[-122.240977,37.858176],[-122.240979,37.858176],[-122.240981,37.858176],[-122.240983,37.858176],[-122.240985,37.858176],[-122.240987,37.858175],[-122.24099,37.858175],[-122.240992,37.858175],[-122.240994,37.858175],[-122.240996,37.858174],[-122.240998,37.858174],[-122.241,37.858174],[-122.241002,37.858173],[-122.241005,37.858173],[-122.241007,37.858173],[-122.241009,37.858172],[-122.241011,37.858172],[-122.241013,37.858171],[-122.241015,37.85817],[-122.241017,37.85817],[-122.241019,37.858169],[-122.241021,37.858169],[-122.241023,37.858168],[-122.241025,37.858167],[-122.241027,37.858167],[-122.241029,37.858166],[-122.241031,37.858165],[-122.241033,37.858164],[-122.241035,37.858163],[-122.241037,37.858163],[-122.241039,37.858162],[-122.24104,37.858161],[-122.241042,37.85816],[-122.241044,37.858159],[-122.241046,37.858158],[-122.241048,37.858157],[-122.241049,37.858156],[-122.241051,37.858155],[-122.241053,37.858154],[-122.241054,37.858153],[-122.241056,37.858152],[-122.241058,37.85815],[-122.241059,37.858149],[-122.241061,37.858148],[-122.241062,37.858147],[-122.241064,37.858146],[-122.241065,37.858144],[-122.241067,37.858143],[-122.241068,37.858142],[-122.24107,37.85814],[-122.241071,37.858139],[-122.241073,37.858138],[-122.241074,37.858136],[-122.241075,37.858135],[-122.241076,37.858134],[-122.241078,37.858132],[-122.241079,37.858131],[-122.24108,37.858129],[-122.24124,37.85836],[-122.241127,37.85853],[-122.240767,37.858222]]]},"properties":{"APN":"48H-7670-21","SitusAddress":" ALVARADO RD OAKLAND 94603"}},{"type":"Feature","geometry":{"type":"Polygon","coordinates":[[[-122.244226,37.860244],[-122.244192,37.859959],[-122.244261,37.859964],[-122.244226,37.860244]]]},"properties":{"APN":"48H-7670-22","SitusAddress":"41 TUNNEL RD OAKLAND 94705"}},{"type":"Feature","geometry":{"type":"Polygon","coordinates":[[[-122.244192,37.859959],[-122.244173,37.859792],[-122.244282,37.8598],[-122.244261,37.859964],[-122.244192,37.859959]]]},"properties":{"APN":"48H-7670-23","SitusAddress":"2829 CLAREMONT AVE OAKLAND 94705"}},{"type":"Feature","geometry":{"type":"Polygon","coordinates":[[[-122.244192,37.859959],[-122.243717,37.85992],[-122.243715,37.859755],[-122.244173,37.859792],[-122.244192,37.859959]]]},"properties":{"APN":"48H-7670-24","SitusAddress":"2829 CLAREMONT AVE OAKLAND 94705"}},{"type":"Feature","geometry":{"type":"Polygon","coordinates":[[[-122.244173,37.859792],[-122.244134,37.859457],[-122.244324,37.859472],[-122.244282,37.8598],[-122.244173,37.859792]]]},"properties":{"APN":"48H-7670-25","SitusAddress":"41 TUNNEL RD OAKLAND 94705"}},{"type":"Feature","geometry":{"type":"Polygon","coordinates":[[[-122.242412,37.85764],[-122.24245,37.857647],[-122.242537,37.857665],[-122.242602,37.857691],[-122.242701,37.857729],[-122.242798,37.857782],[-122.242886,37.857836],[-122.242961,37.857883],[-122.243047,37.857925],[-122.242845,37.857934],[-122.24275,37.857937],[-122.242732,37.857938],[-122.242724,37.857927],[-122.242618,37.857786],[-122.242601,37.857763],[-122.242574,37.857729],[-122.242565,37.857718],[-122.242427,37.857647],[-122.242412,37.85764]]]},"properties":{"APN":"48H-7670-26","SitusAddress":"41 TUNNEL RD BERKELEY 94705"}},{"type":"Feature","geometry":{"type":"Polygon","coordinates":[[[-122.241376,37.860698],[-122.241175,37.860225],[-122.241274,37.860199],[-122.241238,37.860114],[-122.241185,37.859989],[-122.241086,37.860015],[-122.241023,37.859866],[-122.240966,37.859732],[-122.240901,37.859581],[-122.240835,37.859425],[-122.240765,37.859259],[-122.241143,37.85923],[-122.24114,37.859203],[-122.241181,37.858863],[-122.241127,37.85853],[-122.24124,37.85836],[-122.24108,37.858129],[-122.241081,37.858128],[-122.241082,37.858126],[-122.241083,37.858125],[-122.241084,37.858123],[-122.241085,37.858122],[-122.241086,37.85812],[-122.241087,37.858119],[-122.241088,37.858117],[-122.241089,37.858115],[-122.24109,37.858114],[-122.241091,37.858112],[-122.241091,37.858111],[-122.241092,37.858109],[-122.241093,37.858107],[-122.241093,37.858106],[-122.241094,37.858104],[-122.241095,37.858102],[-122.241095,37.858101],[-122.241096,37.858099],[-122.241096,37.858097],[-122.241096,37.858096],[-122.241097,37.858094],[-122.241097,37.858092],[-122.241098,37.858091],[-122.241098,37.858089],[-122.241098,37.858087],[-122.241098,37.858085],[-122.241098,37.858084],[-122.241099,37.858082],[-122.241099,37.85808],[-122.241099,37.858079],[-122.241099,37.858077],[-122.241099,37.858075],[-122.241099,37.858073],[-122.241099,37.858072],[-122.241098,37.85807],[-122.241098,37.858068],[-122.241098,37.858066],[-122.241098,37.858065],[-122.241097,37.858063],[-122.241097,37.858061],[-122.241097,37.85806],[-122.241096,37.858058],[-122.241096,37.858056],[-122.241095,37.858055],[-122.241095,37.858053],[-122.241094,37.858051],[-122.241094,37.85805],[-122.241093,37.858048],[-122.241092,37.858046],[-122.241092,37.858045],[-122.241091,37.858043],[-122.24109,37.858041],[-122.241089,37.85804],[-122.241089,37.858038],[-122.241088,37.858037],[-122.241087,37.858035],[-122.241086,37.858033],[-122.241085,37.858032],[-122.241084,37.85803],[-122.241083,37.858029],[-122.241082,37.858027],[-122.241081,37.858026],[-122.24108,37.858024],[-122.241078,37.858023],[-122.241077,37.858022],[-122.241076,37.85802],[-122.241075,37.858019],[-122.241073,37.858017],[-122.241072,37.858016],[-122.241071,37.858015],[-122.241922,37.85748],[-122.241932,37.857487],[-122.241943,37.857494],[-122.241954,37.857501],[-122.241965,37.857507],[-122.241977,37.857514],[-122.241988,37.85752],[-122.242,37.857526],[-122.242012,37.857532],[-122.242024,37.857538],[-122.242036,37.857544],[-122.242048,37.85755],[-122.24206,37.857555],[-122.242072,37.85756],[-122.242085,37.857565],[-122.242098,37.85757],[-122.24211,37.857575],[-122.242123,37.857579],[-122.242136,37.857584],[-122.242149,37.857588],[-122.242162,37.857592],[-122.242175,37.857595],[-122.242189,37.857599],[-122.242202,37.857603],[-122.242215,37.857606],[-122.242229,37.857609],[-122.242242,37.857612],[-122.242256,37.857614],[-122.24227,37.857617],[-122.242283,37.857619],[-122.242297,37.857621],[-122.242314,37.857624],[-122.242339,37.857627],[-122.242359,37.85763],[-122.242379,37.857633],[-122.242399,37.857637],[-122.242412,37.85764],[-122.242427,37.857647],[-122.242565,37.857718],[-122.242574,37.857729],[-122.242601,37.857763],[-122.242618,37.857786],[-122.242724,37.857927],[-122.242732,37.857938],[-122.242535,37.85794],[-122.242616,37.858726],[-122.243054,37.858697],[-122.243092,37.859062],[-122.243861,37.859012],[-122.243865,37.859058],[-122.244086,37.859043],[-122.244091,37.859085],[-122.244086,37.859086],[-122.244081,37.859087],[-122.244075,37.859088],[-122.24407,37.859089],[-122.244065,37.85909],[-122.24406,37.859091],[-122.244054,37.859092],[-122.244049,37.859094],[-122.244044,37.859095],[-122.244039,37.859097],[-122.244034,37.859098],[-122.244029,37.8591],[-122.244024,37.859102],[-122.244019,37.859103],[-122.244014,37.859105],[-122.244009,37.859107],[-122.244005,37.859109],[-122.244,37.859111],[-122.243995,37.859113],[-122.243991,37.859115],[-122.243986,37.859118],[-122.243981,37.85912],[-122.243977,37.859122],[-122.243972,37.859125],[-122.243968,37.859127],[-122.243964,37.85913],[-122.243959,37.859132],[-122.243955,37.859135],[-122.243951,37.859138],[-122.243947,37.85914],[-122.243943,37.859143],[-122.243939,37.859146],[-122.243935,37.859149],[-122.243931,37.859152],[-122.243927,37.859155],[-122.243923,37.859158],[-122.24392,37.859161],[-122.243916,37.859165],[-122.243913,37.859168],[-122.243906,37.859174],[-122.243873,37.859436],[-122.244134,37.859457],[-122.244173,37.859792],[-122.243715,37.859755],[-122.243717,37.85992],[-122.244192,37.859959],[-122.244226,37.860244],[-122.244212,37.860347],[-122.24421,37.86036],[-122.244208,37.860369],[-122.244207,37.860377],[-122.244204,37.860385],[-122.244202,37.860394],[-122.2442,37.860402],[-122.244197,37.86041],[-122.244194,37.860418],[-122.244191,37.860426],[-122.244188,37.860434],[-122.244185,37.860442],[-122.244181,37.86045],[-122.244178,37.860458],[-122.244174,37.860466],[-122.24417,37.860474],[-122.244166,37.860482],[-122.244161,37.86049],[-122.244157,37.860497],[-122.244152,37.860505],[-122.244147,37.860512],[-122.244142,37.86052],[-122.244137,37.860527],[-122.244132,37.860535],[-122.244126,37.860542],[-122.24412,37.860549],[-122.244115,37.860556],[-122.244109,37.860563],[-122.244103,37.86057],[-122.244096,37.860577],[-122.24409,37.860583],[-122.244083,37.86059],[-122.244076,37.860597],[-122.24407,37.860603],[-122.244063,37.860609],[-122.244055,37.860616],[-122.244048,37.860622],[-122.244041,37.860628],[-122.244033,37.860634],[-122.244025,37.86064],[-122.244018,37.860646],[-122.243955,37.860683],[-122.24392,37.860703],[-122.243885,37.860723],[-122.243849,37.860742],[-122.243813,37.86076],[-122.243776,37.860778],[-122.243739,37.860795],[-122.243702,37.860812],[-122.243516,37.860889],[-122.243501,37.860894],[-122.243493,37.860896],[-122.243485,37.860899],[-122.243477,37.860901],[-122.243469,37.860903],[-122.243461,37.860905],[-122.243453,37.860906],[-122.243445,37.860908],[-122.243437,37.860909],[-122.243428,37.860911],[-122.24342,37.860912],[-122.243412,37.860913],[-122.243404,37.860914],[-122.243395,37.860915],[-122.243387,37.860916],[-122.243379,37.860917],[-122.24337,37.860918],[-122.243362,37.860918],[-122.243354,37.860918],[-122.243345,37.860919],[-122.243337,37.860919],[-122.243328,37.860919],[-122.24332,37.860919],[-122.243312,37.860919],[-122.243303,37.860918],[-122.243295,37.860918],[-122.243286,37.860917],[-122.243278,37.860917],[-122.24327,37.860916],[-122.243261,37.860915],[-122.243253,37.860914],[-122.243245,37.860913],[-122.243237,37.860912],[-122.243228,37.86091],[-122.24322,37.860909],[-122.243212,37.860907],[-122.243204,37.860905],[-122.243196,37.860904],[-122.243188,37.860902],[-122.24318,37.8609],[-122.243172,37.860898],[-122.243164,37.860895],[-122.243156,37.860893],[-122.243148,37.860891],[-122.243141,37.860888],[-122.243133,37.860885],[-122.243125,37.860882],[-122.243118,37.86088],[-122.24311,37.860877],[-122.243103,37.860873],[-122.243095,37.86087],[-122.243088,37.860867],[-122.243081,37.860864],[-122.243074,37.86086],[-122.243067,37.860857],[-122.24306,37.860853],[-122.243053,37.860849],[-122.243046,37.860845],[-122.243039,37.860841],[-122.243033,37.860837],[-122.243026,37.860833],[-122.24302,37.860829],[-122.243014,37.860825],[-122.24301,37.860822],[-122.243007,37.86082],[-122.243004,37.860817],[-122.243001,37.860815],[-122.242998,37.860812],[-122.242995,37.860809],[-122.242992,37.860807],[-122.242989,37.860804],[-122.242986,37.860801],[-122.242983,37.860798],[-122.24298,37.860796],[-122.242977,37.860793],[-122.242975,37.86079],[-122.242972,37.860787],[-122.24297,37.860784],[-122.242967,37.860781],[-122.242965,37.860778],[-122.242963,37.860775],[-122.24296,37.860771],[-122.242956,37.860765],[-122.242952,37.86076],[-122.242948,37.860755],[-122.242944,37.86075],[-122.24294,37.860745],[-122.242935,37.86074],[-122.242931,37.860735],[-122.242926,37.86073],[-122.242922,37.860725],[-122.242917,37.860721],[-122.242912,37.860716],[-122.242907,37.860712],[-122.242902,37.860707],[-122.242897,37.860703],[-122.242892,37.860698],[-122.242887,37.860694],[-122.242881,37.86069],[-122.242876,37.860686],[-122.24287,37.860682],[-122.242864,37.860678],[-122.242859,37.860674],[-122.242853,37.86067],[-122.242847,37.860667],[-122.242841,37.860663],[-122.242835,37.860659],[-122.242549,37.860497],[-122.242537,37.86049],[-122.242531,37.860487],[-122.242524,37.860483],[-122.242518,37.86048],[-122.242512,37.860477],[-122.242505,37.860474],[-122.242498,37.860472],[-122.242492,37.860469],[-122.242485,37.860466],[-122.242478,37.860464],[-122.242471,37.860461],[-122.242464,37.860459],[-122.242457,37.860456],[-122.24245,37.860454],[-122.242443,37.860452],[-122.242436,37.86045],[-122.242429,37.860448],[-122.242421,37.860447],[-122.242414,37.860445],[-122.242407,37.860443],[-122.2424,37.860442],[-122.242392,37.86044],[-122.242385,37.860439],[-122.242377,37.860438],[-122.24237,37.860437],[-122.242363,37.860436],[-122.242355,37.860435],[-122.242348,37.860434],[-122.24234,37.860434],[-122.242333,37.860433],[-122.242325,37.860433],[-122.242317,37.860432],[-122.24231,37.860432],[-122.242302,37.860432],[-122.242295,37.860432],[-122.242287,37.860432],[-122.24228,37.860432],[-122.242272,37.860432],[-122.242265,37.860433],[-122.242257,37.860433],[-122.24225,37.860434],[-122.242242,37.860435],[-122.242235,37.860435],[-122.242227,37.860436],[-122.24222,37.860437],[-122.242212,37.860438],[-122.242205,37.86044],[-122.242197,37.860441],[-122.24219,37.860442],[-122.242183,37.860444],[-122.242176,37.860446],[-122.242168,37.860447],[-122.242161,37.860449],[-122.242154,37.860451],[-122.242147,37.860453],[-122.24214,37.860455],[-122.241593,37.860623],[-122.241582,37.860626],[-122.241575,37.860628],[-122.241568,37.860629],[-122.241561,37.860631],[-122.241554,37.860633],[-122.241547,37.860636],[-122.24154,37.860638],[-122.241534,37.86064],[-122.241527,37.860642],[-122.24152,37.860645],[-122.241514,37.860648],[-122.241507,37.86065],[-122.241501,37.860653],[-122.241495,37.860656],[-122.241488,37.860659],[-122.241482,37.860662],[-122.241476,37.860665],[-122.24147,37.860668],[-122.241464,37.860671],[-122.241458,37.860675],[-122.241452,37.860678],[-122.241446,37.860682],[-122.241441,37.860685],[-122.241435,37.860689],[-122.241429,37.860693],[-122.241424,37.860697],[-122.241419,37.860701],[-122.241413,37.860705],[-122.241408,37.860709],[-122.241403,37.860713],[-122.241398,37.860717],[-122.241393,37.860721],[-122.241388,37.860726],[-122.241376,37.860698]]]},"properties":{"APN":"48H-7670-27","SitusAddress":"41 TUNNEL RD OAKLAND 94705"}},{"type":"Feature","geometry":{"type":"Polygon","coordinates":[[[-122.241321,37.857621],[-122.241319,37.85762],[-122.241316,37.857618],[-122.241313,37.857615],[-122.24131,37.857612],[-122.241307,37.85761],[-122.241304,37.857607],[-122.241301,37.857604],[-122.241298,37.857602],[-122.241295,37.857599],[-122.241292,37.857596],[-122.24129,37.857593],[-122.241287,37.85759],[-122.241285,37.857587],[-122.241282,37.857584],[-122.24128,37.857581],[-122.241236,37.857525],[-122.241194,37.857469],[-122.241186,37.857458],[-122.241175,37.857442],[-122.241167,37.857431],[-122.241164,37.857427],[-122.241154,37.857412],[-122.241152,37.857409],[-122.241226,37.857402],[-122.241236,37.857417],[-122.241253,37.857441],[-122.241365,37.857391],[-122.241438,37.857358],[-122.241456,37.857383],[-122.241504,37.857379],[-122.241767,37.857358],[-122.241774,37.857364],[-122.241785,37.857374],[-122.241796,37.857384],[-122.241807,37.857393],[-122.241819,37.857403],[-122.24183,37.857412],[-122.241842,37.857421],[-122.241854,37.85743],[-122.241867,37.857439],[-122.241881,37.857449],[-122.241473,37.857706],[-122.241357,37.857644],[-122.241351,37.857641],[-122.241347,37.857639],[-122.241344,37.857637],[-122.24134,37.857634],[-122.241336,37.857632],[-122.241333,37.85763],[-122.241329,37.857628],[-122.241326,37.857625],[-122.241323,37.857623],[-122.241321,37.857621]]]},"properties":{"APN":"48H-7670-28-3","SitusAddress":" TUNNEL RD OAKLAND 94705"}},{"type":"Feature","geometry":{"type":"Polygon","coordinates":[[[-122.241704,37.85729],[-122.241713,37.857301],[-122.241723,37.857312],[-122.241732,37.857322],[-122.241742,37.857333],[-122.241753,37.857343],[-122.241763,37.857354],[-122.241767,37.857358],[-122.241504,37.857379],[-122.24164,37.857319],[-122.241704,37.85729]]]},"properties":{"APN":"48H-7670-29-2","SitusAddress":" TUNNEL RD BERKELEY 94705"}},{"type":"Feature","geometry":{"type":"Polygon","coordinates":[[[-122.240597,37.857531],[-122.240807,37.857437],[-122.241138,37.85741],[-122.241152,37.857409],[-122.241154,37.857412],[-122.241164,37.857427],[-122.241167,37.857431],[-122.241175,37.857442],[-122.241186,37.857458],[-122.240705,37.857672],[-122.240701,37.857668],[-122.240681,37.857644],[-122.240661,37.857619],[-122.240642,37.857594],[-122.240624,37.857569],[-122.240597,37.857531]]]},"properties":{"APN":"48H-7670-30","SitusAddress":"59 ALVARADO RD OAKLAND 94705"}},{"type":"Feature","geometry":{"type":"Polygon","coordinates":[[[-122.241097,37.857308],[-122.241109,37.857333],[-122.241118,37.857349],[-122.241126,37.857365],[-122.241135,37.857381],[-122.241145,37.857396],[-122.241152,37.857409],[-122.241138,37.85741],[-122.240807,37.857437],[-122.241097,37.857308]]]},"properties":{"APN":"48H-7670-31","SitusAddress":"59 ALVARADO RD BERKELEY 94705"}},{"type":"Feature","geometry":{"type":"Polygon","coordinates":[[[-122.238189,37.862295],[-122.238222,37.862278],[-122.238239,37.86227],[-122.238256,37.862262],[-122.238274,37.862254],[-122.238291,37.862246],[-122.238309,37.862239],[-122.238327,37.862232],[-122.238345,37.862226],[-122.238364,37.862219],[-122.238382,37.862213],[-122.2384,37.862207],[-122.238419,37.862201],[-122.238485,37.862184],[-122.238585,37.862436],[-122.238739,37.862551],[-122.239139,37.862459],[-122.239386,37.862961],[-122.23881,37.862994],[-122.238189,37.862295]]]},"properties":{"APN":"48H-7672-4-8","SitusAddress":"7515 CLAREMONT AVE OAKLAND 94705"}},{"type":"Feature","geometry":{"type":"Polygon","coordinates":[[[-122.238485,37.862184],[-122.238869,37.862082],[-122.239139,37.862459],[-122.238739,37.862551],[-122.238585,37.862436],[-122.238485,37.862184]]]},"properties":{"APN":"48H-7672-4-9","SitusAddress":"7501 CLAREMONT AVE OAKLAND 94705"}},{"type":"Feature","geometry":{"type":"Polygon","coordinates":[[[-122.239139,37.862459],[-122.238869,37.862082],[-122.239072,37.862027],[-122.239103,37.862019],[-122.239133,37.862011],[-122.239163,37.862002],[-122.239193,37.861992],[-122.239222,37.861983],[-122.239252,37.861972],[-122.239253,37.861972],[-122.239551,37.862388],[-122.239616,37.862624],[-122.239704,37.862942],[-122.239386,37.862961],[-122.239139,37.862459]]]},"properties":{"APN":"48H-7672-5-2","SitusAddress":" CLAREMONT AVE OAKLAND 94603"}},{"type":"Feature","geometry":{"type":"Polygon","coordinates":[[[-122.239616,37.862624],[-122.239551,37.862388],[-122.239253,37.861972],[-122.239281,37.861962],[-122.23931,37.861951],[-122.239338,37.86194],[-122.239367,37.861928],[-122.239395,37.861916],[-122.239423,37.861903],[-122.23945,37.86189],[-122.239478,37.861877],[-122.239505,37.861863],[-122.239531,37.861849],[-122.239569,37.861828],[-122.239824,37.86168],[-122.239848,37.861666],[-122.239873,37.861652],[-122.239898,37.861639],[-122.239924,37.861626],[-122.23995,37.861613],[-122.239976,37.861601],[-122.240042,37.86188],[-122.240073,37.862009],[-122.240225,37.862325],[-122.240445,37.862292],[-122.240434,37.862296],[-122.240423,37.862299],[-122.240412,37.862303],[-122.240401,37.862307],[-122.24039,37.862311],[-122.240379,37.862316],[-122.240368,37.86232],[-122.240357,37.862325],[-122.240347,37.86233],[-122.240337,37.862335],[-122.240326,37.86234],[-122.240316,37.862345],[-122.240306,37.86235],[-122.240296,37.862356],[-122.240286,37.862361],[-122.240276,37.862367],[-122.240267,37.862373],[-122.240254,37.862381],[-122.24028,37.862435],[-122.240272,37.86244],[-122.240263,37.862446],[-122.240255,37.862451],[-122.240247,37.862457],[-122.240238,37.862462],[-122.24023,37.862468],[-122.240223,37.862474],[-122.240215,37.86248],[-122.240207,37.862486],[-122.2402,37.862493],[-122.240192,37.862499],[-122.240185,37.862505],[-122.240175,37.862515],[-122.240103,37.862587],[-122.240099,37.862591],[-122.240097,37.862593],[-122.240094,37.862595],[-122.240092,37.862598],[-122.240089,37.8626],[-122.240086,37.862602],[-122.240084,37.862604],[-122.240081,37.862606],[-122.240078,37.862608],[-122.240075,37.86261],[-122.240072,37.862612],[-122.24007,37.862614],[-122.240067,37.862616],[-122.240064,37.862618],[-122.240061,37.86262],[-122.240057,37.862621],[-122.240054,37.862623],[-122.240051,37.862625],[-122.240048,37.862626],[-122.240045,37.862628],[-122.240042,37.862629],[-122.240038,37.862631],[-122.240035,37.862632],[-122.240032,37.862634],[-122.240028,37.862635],[-122.240025,37.862636],[-122.240021,37.862638],[-122.240018,37.862639],[-122.240014,37.86264],[-122.240011,37.862641],[-122.240007,37.862642],[-122.240004,37.862643],[-122.24,37.862644],[-122.239997,37.862645],[-122.239993,37.862646],[-122.239989,37.862647],[-122.239986,37.862647],[-122.239982,37.862648],[-122.239978,37.862649],[-122.239975,37.862649],[-122.239971,37.86265],[-122.239967,37.86265],[-122.239963,37.862651],[-122.23996,37.862651],[-122.239956,37.862652],[-122.239952,37.862652],[-122.239948,37.862652],[-122.239944,37.862652],[-122.239941,37.862653],[-122.239937,37.862653],[-122.239933,37.862653],[-122.239929,37.862653],[-122.239926,37.862653],[-122.239922,37.862652],[-122.239918,37.862652],[-122.239914,37.862652],[-122.23991,37.862652],[-122.239907,37.862651],[-122.239616,37.862624]]]},"properties":{"APN":"48H-7672-6","SitusAddress":"7441 CLAREMONT AVE OAKLAND 94705"}},{"type":"Feature","geometry":{"type":"Polygon","coordinates":[[[-122.240042,37.86188],[-122.240362,37.861828],[-122.240681,37.861776],[-122.240869,37.862155],[-122.240627,37.862188],[-122.240643,37.862263],[-122.240445,37.862292],[-122.240225,37.862325],[-122.240073,37.862009],[-122.240042,37.86188]]]},"properties":{"APN":"48H-7672-8-1","SitusAddress":"280 STONEWALL RD OAKLAND 94705"}},{"type":"Feature","geometry":{"type":"Polygon","coordinates":[[[-122.240511,37.861432],[-122.240867,37.861385],[-122.240903,37.861349],[-122.240995,37.861384],[-122.241178,37.86141],[-122.241245,37.861496],[-122.241248,37.8615],[-122.241249,37.861502],[-122.241177,37.861553],[-122.240977,37.861692],[-122.240828,37.861734],[-122.240681,37.861776],[-122.240511,37.861432]]]},"properties":{"APN":"48H-7672-9-1","SitusAddress":"7365 CLAREMONT AVE OAKLAND 94603"}},{"type":"Feature","geometry":{"type":"Polygon","coordinates":[[[-122.241372,37.861411],[-122.241359,37.861394],[-122.241245,37.861246],[-122.241232,37.86123],[-122.241224,37.861219],[-122.241148,37.861121],[-122.241155,37.861114],[-122.241158,37.861112],[-122.241293,37.860996],[-122.241299,37.861003],[-122.241335,37.861044],[-122.241379,37.861095],[-122.241402,37.861149],[-122.241465,37.861303],[-122.241479,37.861337],[-122.24148,37.861338],[-122.241374,37.861414],[-122.241372,37.861411]]]},"properties":{"APN":"48H-7672-10-2","SitusAddress":"7361 CLAREMONT AVE OAKLAND 94705"}},{"type":"Feature","geometry":{"type":"Polygon","coordinates":[[[-122.241299,37.861003],[-122.241305,37.860996],[-122.241409,37.860878],[-122.241599,37.861261],[-122.241575,37.861269],[-122.24148,37.861338],[-122.241479,37.861337],[-122.241465,37.861303],[-122.241402,37.861149],[-122.241379,37.861095],[-122.241335,37.861044],[-122.241299,37.861003]]]},"properties":{"APN":"48H-7672-12","SitusAddress":"7351 CLAREMONT AVE OAKLAND 94705"}},{"type":"Feature","geometry":{"type":"Polygon","coordinates":[[[-122.241409,37.860878],[-122.241413,37.860874],[-122.241417,37.860869],[-122.241422,37.860865],[-122.241427,37.860861],[-122.241432,37.860856],[-122.241437,37.860852],[-122.241442,37.860848],[-122.241447,37.860844],[-122.241452,37.86084],[-122.241457,37.860836],[-122.241463,37.860832],[-122.241468,37.860828],[-122.241474,37.860825],[-122.241479,37.860821],[-122.241485,37.860818],[-122.241491,37.860814],[-122.241497,37.860811],[-122.241503,37.860808],[-122.241509,37.860804],[-122.241515,37.860801],[-122.241521,37.860798],[-122.241527,37.860795],[-122.241533,37.860792],[-122.24154,37.86079],[-122.241546,37.860787],[-122.241553,37.860784],[-122.241559,37.860782],[-122.241566,37.860779],[-122.241572,37.860777],[-122.241579,37.860775],[-122.241587,37.860772],[-122.241758,37.860717],[-122.241759,37.860719],[-122.241806,37.860821],[-122.241886,37.861166],[-122.241599,37.861261],[-122.241409,37.860878]]]},"properties":{"APN":"48H-7672-13","SitusAddress":" CLAREMONT AVE OAKLAND 94603"}},{"type":"Feature","geometry":{"type":"Polygon","coordinates":[[[-122.242448,37.861156],[-122.242794,37.860819],[-122.242795,37.860818],[-122.242799,37.860823],[-122.242802,37.860825],[-122.242804,37.860828],[-122.242808,37.860833],[-122.242811,37.860838],[-122.242813,37.860842],[-122.242817,37.860848],[-122.24282,37.860854],[-122.242825,37.860859],[-122.242829,37.860864],[-122.242833,37.860869],[-122.242837,37.860873],[-122.242842,37.860878],[-122.242847,37.860883],[-122.242851,37.860888],[-122.242856,37.860892],[-122.242861,37.860897],[-122.242866,37.860901],[-122.242871,37.860906],[-122.242876,37.86091],[-122.242882,37.860914],[-122.242887,37.860919],[-122.242892,37.860923],[-122.242898,37.860927],[-122.242908,37.860933],[-122.242916,37.860939],[-122.242925,37.860945],[-122.242928,37.860947],[-122.24264,37.861221],[-122.242517,37.861179],[-122.242498,37.861173],[-122.242448,37.861156]]]},"properties":{"APN":"48H-7672-15","SitusAddress":"7283 CLAREMONT AVE OAKLAND 94603"}},{"type":"Feature","geometry":{"type":"Polygon","coordinates":[[[-122.239616,37.862624],[-122.239907,37.862651],[-122.23991,37.862652],[-122.239914,37.862652],[-122.239918,37.862652],[-122.239922,37.862652],[-122.239926,37.862653],[-122.239929,37.862653],[-122.239933,37.862653],[-122.239937,37.862653],[-122.239941,37.862653],[-122.239944,37.862652],[-122.239948,37.862652],[-122.239952,37.862652],[-122.239956,37.862652],[-122.23996,37.862651],[-122.239963,37.862651],[-122.239967,37.86265],[-122.239971,37.86265],[-122.239975,37.862649],[-122.239978,37.862649],[-122.239982,37.862648],[-122.239986,37.862647],[-122.239989,37.862647],[-122.239993,37.862646],[-122.239997,37.862645],[-122.24,37.862644],[-122.240004,37.862643],[-122.240007,37.862642],[-122.240011,37.862641],[-122.240014,37.86264],[-122.240018,37.862639],[-122.240021,37.862638],[-122.240025,37.862636],[-122.240028,37.862635],[-122.240032,37.862634],[-122.240035,37.862632],[-122.240038,37.862631],[-122.240042,37.862629],[-122.240045,37.862628],[-122.240048,37.862626],[-122.240051,37.862625],[-122.240054,37.862623],[-122.240057,37.862621],[-122.240061,37.86262],[-122.240064,37.862618],[-122.240067,37.862616],[-122.24007,37.862614],[-122.240072,37.862612],[-122.240075,37.86261],[-122.240078,37.862608],[-122.240081,37.862606],[-122.240084,37.862604],[-122.240086,37.862602],[-122.240089,37.8626],[-122.240092,37.862598],[-122.240094,37.862595],[-122.240097,37.862593],[-122.240099,37.862591],[-122.240103,37.862587],[-122.240175,37.862515],[-122.240185,37.862505],[-122.240192,37.862499],[-122.2402,37.862493],[-122.240207,37.862486],[-122.240215,37.86248],[-122.240223,37.862474],[-122.24023,37.862468],[-122.240238,37.862462],[-122.240247,37.862457],[-122.240255,37.862451],[-122.240263,37.862446],[-122.240272,37.86244],[-122.24028,37.862435],[-122.240379,37.862639],[-122.240285,37.862719],[-122.240229,37.862777],[-122.239959,37.86279],[-122.239973,37.862927],[-122.239704,37.862942],[-122.239616,37.862624]]]},"properties":{"APN":"48H-7672-16","SitusAddress":"285 STONEWALL RD OAKLAND 94705"}},{"type":"Feature","geometry":{"type":"Polygon","coordinates":[[[-122.240379,37.862639],[-122.240558,37.862893],[-122.239973,37.862927],[-122.239959,37.86279],[-122.240229,37.862777],[-122.240285,37.862719],[-122.240379,37.862639]]]},"properties":{"APN":"48H-7672-17","SitusAddress":"283 STONEWALL RD OAKLAND 94705"}},{"type":"Feature","geometry":{"type":"Polygon","coordinates":[[[-122.240228,37.86147],[-122.240511,37.861432],[-122.240681,37.861776],[-122.240362,37.861828],[-122.240228,37.86147]]]},"properties":{"APN":"48H-7672-18","SitusAddress":" CLAREMONT AVE OAKLAND 94705"}},{"type":"Feature","geometry":{"type":"Polygon","coordinates":[[[-122.239976,37.861601],[-122.23996,37.86153],[-122.240092,37.861489],[-122.240228,37.86147],[-122.240362,37.861828],[-122.240042,37.86188],[-122.239976,37.861601]]]},"properties":{"APN":"48H-7672-19","SitusAddress":"7401 CLAREMONT AVE BERKELEY 94705"}},{"type":"Feature","geometry":{"type":"Polygon","coordinates":[[[-122.237862,37.8627],[-122.238059,37.862588],[-122.237877,37.862387],[-122.237996,37.862269],[-122.238124,37.862222],[-122.238189,37.862295],[-122.23881,37.862994],[-122.237998,37.863041],[-122.237988,37.862917],[-122.237984,37.862917],[-122.237982,37.862917],[-122.23798,37.862917],[-122.237978,37.862917],[-122.237976,37.862916],[-122.237974,37.862916],[-122.237972,37.862916],[-122.23797,37.862916],[-122.237968,37.862915],[-122.237966,37.862915],[-122.237964,37.862915],[-122.237961,37.862914],[-122.237959,37.862914],[-122.237957,37.862913],[-122.237955,37.862913],[-122.237953,37.862912],[-122.237951,37.862912],[-122.237949,37.862911],[-122.237947,37.862911],[-122.237945,37.86291],[-122.237943,37.86291],[-122.237942,37.862909],[-122.23794,37.862908],[-122.237938,37.862907],[-122.237936,37.862907],[-122.237934,37.862906],[-122.237932,37.862905],[-122.23793,37.862904],[-122.237928,37.862903],[-122.237927,37.862903],[-122.237925,37.862902],[-122.237923,37.862901],[-122.237921,37.8629],[-122.23792,37.862899],[-122.237918,37.862898],[-122.237916,37.862897],[-122.237915,37.862896],[-122.237913,37.862895],[-122.237911,37.862894],[-122.23791,37.862893],[-122.237908,37.862891],[-122.237907,37.86289],[-122.237905,37.862889],[-122.237904,37.862888],[-122.237902,37.862887],[-122.237901,37.862886],[-122.237899,37.862884],[-122.237898,37.862883],[-122.237897,37.862882],[-122.237895,37.86288],[-122.237894,37.862879],[-122.237893,37.862878],[-122.237892,37.862876],[-122.23789,37.862875],[-122.237889,37.862874],[-122.237888,37.862872],[-122.237887,37.862871],[-122.237886,37.862869],[-122.237885,37.862868],[-122.237884,37.862866],[-122.237883,37.862865],[-122.237882,37.862863],[-122.237881,37.862862],[-122.23788,37.86286],[-122.237879,37.862859],[-122.237878,37.862857],[-122.237878,37.862856],[-122.237877,37.862854],[-122.237876,37.862853],[-122.237875,37.862851],[-122.237875,37.862849],[-122.237874,37.862848],[-122.237874,37.862846],[-122.237873,37.862845],[-122.237873,37.862843],[-122.237872,37.862841],[-122.237872,37.86284],[-122.237871,37.862838],[-122.237871,37.862836],[-122.237871,37.862835],[-122.23787,37.862833],[-122.23787,37.862831],[-122.23787,37.86283],[-122.23787,37.862828],[-122.23787,37.862826],[-122.23787,37.862825],[-122.237869,37.862823],[-122.237869,37.862821],[-122.237869,37.86282],[-122.237869,37.862818],[-122.23787,37.862816],[-122.23787,37.862815],[-122.23787,37.862813],[-122.23787,37.862811],[-122.23787,37.86281],[-122.237871,37.862808],[-122.237871,37.862806],[-122.237871,37.862805],[-122.237872,37.862803],[-122.237872,37.862802],[-122.237873,37.862798],[-122.237873,37.862795],[-122.237874,37.862792],[-122.237875,37.862789],[-122.237875,37.862786],[-122.237876,37.862783],[-122.237876,37.86278],[-122.237876,37.862777],[-122.237877,37.862773],[-122.237877,37.86277],[-122.237877,37.862767],[-122.237877,37.862764],[-122.237877,37.862761],[-122.237877,37.862758],[-122.237876,37.862755],[-122.237876,37.862751],[-122.237876,37.862748],[-122.237875,37.862745],[-122.237875,37.862742],[-122.237874,37.862739],[-122.237874,37.862736],[-122.237873,37.862733],[-122.237872,37.86273],[-122.237872,37.862727],[-122.237871,37.862723],[-122.23787,37.86272],[-122.237869,37.862717],[-122.237868,37.862714],[-122.237867,37.862711],[-122.237865,37.862708],[-122.237864,37.862705],[-122.237863,37.862702],[-122.237862,37.8627]]]},"properties":{"APN":"48H-7672-20","SitusAddress":"7535 CLAREMONT AVE OAKLAND 94705"}},{"type":"Feature","geometry":{"type":"Polygon","coordinates":[[[-122.237773,37.862491],[-122.237877,37.862387],[-122.238059,37.862588],[-122.237862,37.8627],[-122.237859,37.862694],[-122.237768,37.862519],[-122.237773,37.862491]]]},"properties":{"APN":"48H-7672-21","SitusAddress":"7541 CLAREMONT AVE OAKLAND 94705"}},{"type":"Feature","geometry":{"type":"Polygon","coordinates":[[[-122.241758,37.860717],[-122.242198,37.860585],[-122.242229,37.860577],[-122.242261,37.860573],[-122.242294,37.860571],[-122.242326,37.860573],[-122.242358,37.860578],[-122.242388,37.860586],[-122.242418,37.860597],[-122.242445,37.860611],[-122.242768,37.8608],[-122.242795,37.860818],[-122.242794,37.860819],[-122.242448,37.861156],[-122.242448,37.861156],[-122.242417,37.861145],[-122.242034,37.861143],[-122.241956,37.861143],[-122.241886,37.861166],[-122.241806,37.860821],[-122.241759,37.860719],[-122.241758,37.860717]]]},"properties":{"APN":"48H-7672-28","SitusAddress":"7287 CLAREMONT AVE OAKLAND 94705"}},{"type":"Feature","geometry":{"type":"Polygon","coordinates":[[[-122.240995,37.861384],[-122.240903,37.861349],[-122.240949,37.861306],[-122.241016,37.861331],[-122.24113,37.861347],[-122.241156,37.861351],[-122.241174,37.861337],[-122.241184,37.861322],[-122.241224,37.861219],[-122.241232,37.86123],[-122.241245,37.861246],[-122.241359,37.861394],[-122.241372,37.861411],[-122.241374,37.861414],[-122.241361,37.861423],[-122.241249,37.861502],[-122.241248,37.8615],[-122.241245,37.861496],[-122.241178,37.86141],[-122.240995,37.861384]]]},"properties":{"APN":"48H-7672-33","SitusAddress":"7363 CLAREMONT AVE OAKLAND 94605"}},{"type":"Feature","geometry":{"type":"Polygon","coordinates":[[[-122.241036,37.861225],[-122.241148,37.861121],[-122.241224,37.861219],[-122.241184,37.861322],[-122.241174,37.861337],[-122.241156,37.861351],[-122.24113,37.861347],[-122.241016,37.861331],[-122.240949,37.861306],[-122.241036,37.861225]]]},"properties":{"APN":"48H-7672-34","SitusAddress":"7363 CLAREMONT AVE OAKLAND 94705"}},{"type":"Feature","geometry":{"type":"Polygon","coordinates":[[[-122.242928,37.860947],[-122.242934,37.86095],[-122.242943,37.860956],[-122.242952,37.860961],[-122.242961,37.860966],[-122.242971,37.860971],[-122.24298,37.860976],[-122.24299,37.86098],[-122.243,37.860985],[-122.243009,37.86099],[-122.243019,37.860994],[-122.243029,37.860998],[-122.243039,37.861002],[-122.243049,37.861006],[-122.243059,37.86101],[-122.24307,37.861013],[-122.24308,37.861017],[-122.243091,37.86102],[-122.243101,37.861023],[-122.243112,37.861026],[-122.243122,37.861029],[-122.243133,37.861032],[-122.243144,37.861034],[-122.243155,37.861037],[-122.243166,37.861039],[-122.243176,37.861041],[-122.243187,37.861043],[-122.243198,37.861045],[-122.24321,37.861047],[-122.243221,37.861048],[-122.243232,37.86105],[-122.243243,37.861051],[-122.243254,37.861052],[-122.243265,37.861053],[-122.243279,37.861054],[-122.243278,37.861071],[-122.243277,37.861086],[-122.243277,37.861101],[-122.243278,37.861116],[-122.243278,37.861131],[-122.243279,37.861146],[-122.24328,37.861161],[-122.243282,37.861176],[-122.243282,37.861178],[-122.24264,37.861221],[-122.242928,37.860947]]]},"properties":{"APN":"48H-7673-1","SitusAddress":"2 STONEWALL RD OAKLAND 94705"}},{"type":"Feature","geometry":{"type":"Polygon","coordinates":[[[-122.242767,37.861324],[-122.24264,37.861221],[-122.243282,37.861178],[-122.243284,37.861191],[-122.243286,37.861206],[-122.243288,37.861221],[-122.243291,37.861236],[-122.243295,37.861251],[-122.243298,37.861265],[-122.243302,37.86128],[-122.243306,37.861295],[-122.243311,37.861309],[-122.243315,37.861322],[-122.24286,37.861399],[-122.242767,37.861324]]]},"properties":{"APN":"48H-7673-2","SitusAddress":"8 STONEWALL RD OAKLAND 94705"}},{"type":"Feature","geometry":{"type":"Polygon","coordinates":[[[-122.243129,37.861616],[-122.242936,37.86146],[-122.24286,37.861399],[-122.243315,37.861322],[-122.243315,37.861324],[-122.243321,37.861338],[-122.243326,37.861353],[-122.243332,37.861367],[-122.243338,37.861381],[-122.243344,37.861395],[-122.243351,37.86141],[-122.243358,37.861423],[-122.243365,37.861437],[-122.243373,37.861451],[-122.243381,37.861465],[-122.243389,37.861478],[-122.243398,37.861492],[-122.243406,37.861505],[-122.243416,37.861518],[-122.243425,37.861531],[-122.243455,37.861572],[-122.24321,37.861681],[-122.243129,37.861616]]]},"properties":{"APN":"48H-7673-3","SitusAddress":"20 STONEWALL RD OAKLAND 94705"}},{"type":"Feature","geometry":{"type":"Polygon","coordinates":[[[-122.24321,37.861681],[-122.243455,37.861572],[-122.243576,37.861738],[-122.243384,37.861822],[-122.24321,37.861681]]]},"properties":{"APN":"48H-7673-4","SitusAddress":"32 STONEWALL RD OAKLAND 94705"}},{"type":"Feature","geometry":{"type":"Polygon","coordinates":[[[-122.243193,37.861907],[-122.243384,37.861822],[-122.243576,37.861738],[-122.243676,37.861876],[-122.243356,37.862016],[-122.243334,37.861999],[-122.243314,37.861985],[-122.243294,37.861971],[-122.243274,37.861957],[-122.243253,37.861944],[-122.243232,37.86193],[-122.243211,37.861917],[-122.243193,37.861907]]]},"properties":{"APN":"48H-7673-5","SitusAddress":"148 STONEWALL RD OAKLAND 94705"}},{"type":"Feature","geometry":{"type":"Polygon","coordinates":[[[-122.243806,37.86207],[-122.24354,37.862187],[-122.243532,37.862178],[-122.243517,37.862161],[-122.2435,37.862144],[-122.243484,37.862127],[-122.243467,37.862111],[-122.24345,37.862095],[-122.243432,37.862079],[-122.243414,37.862063],[-122.243395,37.862048],[-122.243377,37.862032],[-122.24369,37.861895],[-122.243697,37.861905],[-122.243725,37.861943],[-122.243745,37.861973],[-122.243765,37.862004],[-122.243785,37.862035],[-122.243804,37.862066],[-122.243806,37.86207]]]},"properties":{"APN":"48H-7673-6","SitusAddress":"140 STONEWALL RD OAKLAND 94705"}},{"type":"Feature","geometry":{"type":"Polygon","coordinates":[[[-122.24354,37.862187],[-122.243806,37.86207],[-122.243822,37.862097],[-122.243839,37.862129],[-122.243856,37.862161],[-122.243871,37.862193],[-122.243887,37.862226],[-122.243901,37.862258],[-122.24391,37.862278],[-122.243688,37.862374],[-122.243646,37.862319],[-122.243604,37.862264],[-122.243578,37.862231],[-122.243563,37.862213],[-122.243548,37.862196],[-122.24354,37.862187]]]},"properties":{"APN":"48H-7673-7","SitusAddress":"70 STONEWALL RD OAKLAND 94705"}},{"type":"Feature","geometry":{"type":"Polygon","coordinates":[[[-122.243688,37.862374],[-122.24391,37.862278],[-122.243915,37.862291],[-122.243928,37.862324],[-122.24394,37.862357],[-122.243952,37.862391],[-122.243963,37.862424],[-122.243973,37.862458],[-122.243982,37.862491],[-122.243991,37.862525],[-122.243991,37.862527],[-122.243991,37.862529],[-122.243992,37.86253],[-122.243992,37.862531],[-122.243992,37.862532],[-122.243992,37.862533],[-122.243992,37.862534],[-122.243992,37.862536],[-122.243992,37.862537],[-122.243992,37.862538],[-122.243992,37.862539],[-122.243992,37.86254],[-122.243992,37.862542],[-122.243992,37.862543],[-122.243991,37.862544],[-122.243991,37.862545],[-122.243991,37.862546],[-122.243991,37.862548],[-122.24399,37.862549],[-122.24399,37.86255],[-122.24399,37.862551],[-122.243989,37.862552],[-122.243989,37.862553],[-122.243989,37.862555],[-122.243988,37.862556],[-122.243988,37.862557],[-122.243987,37.862558],[-122.243987,37.862559],[-122.243986,37.86256],[-122.243986,37.862561],[-122.243985,37.862562],[-122.243985,37.862563],[-122.243984,37.862565],[-122.243983,37.862566],[-122.243983,37.862567],[-122.243982,37.862568],[-122.243981,37.862569],[-122.243981,37.86257],[-122.24398,37.862571],[-122.243979,37.862572],[-122.243978,37.862573],[-122.243977,37.862574],[-122.243977,37.862575],[-122.243976,37.862576],[-122.243975,37.862577],[-122.243974,37.862578],[-122.243973,37.862579],[-122.243972,37.86258],[-122.243971,37.862581],[-122.24397,37.862581],[-122.243969,37.862582],[-122.243968,37.862583],[-122.243967,37.862584],[-122.243966,37.862585],[-122.243965,37.862586],[-122.243964,37.862587],[-122.243963,37.862587],[-122.243961,37.862588],[-122.24396,37.862589],[-122.243959,37.86259],[-122.243958,37.86259],[-122.243957,37.862591],[-122.243956,37.862592],[-122.243954,37.862592],[-122.243953,37.862593],[-122.243952,37.862594],[-122.24395,37.862594],[-122.243949,37.862595],[-122.243948,37.862596],[-122.243947,37.862596],[-122.243945,37.862597],[-122.243944,37.862597],[-122.243943,37.862598],[-122.243941,37.862598],[-122.24394,37.862599],[-122.243938,37.862599],[-122.243937,37.8626],[-122.243936,37.8626],[-122.243934,37.862601],[-122.243933,37.862601],[-122.243931,37.862601],[-122.24393,37.862602],[-122.243928,37.862602],[-122.243927,37.862602],[-122.243926,37.862603],[-122.243924,37.862603],[-122.243923,37.862603],[-122.243921,37.862603],[-122.24392,37.862603],[-122.243918,37.862604],[-122.243917,37.862604],[-122.243915,37.862604],[-122.243914,37.862604],[-122.243912,37.862604],[-122.243911,37.862604],[-122.243909,37.862604],[-122.243908,37.862604],[-122.243906,37.862604],[-122.243905,37.862604],[-122.243903,37.862604],[-122.243902,37.862604],[-122.2439,37.862604],[-122.243899,37.862604],[-122.243897,37.862604],[-122.243896,37.862604],[-122.243894,37.862604],[-122.243893,37.862604],[-122.243891,37.862603],[-122.24389,37.862603],[-122.243888,37.862603],[-122.243887,37.862603],[-122.243885,37.862602],[-122.243884,37.862602],[-122.243882,37.862602],[-122.243881,37.862601],[-122.243879,37.862601],[-122.243878,37.862601],[-122.243877,37.8626],[-122.243875,37.8626],[-122.243874,37.8626],[-122.243872,37.862599],[-122.243871,37.862599],[-122.24387,37.862598],[-122.243868,37.862598],[-122.243867,37.862597],[-122.243866,37.862597],[-122.243864,37.862596],[-122.243863,37.862595],[-122.243862,37.862595],[-122.24386,37.862594],[-122.243859,37.862594],[-122.243858,37.862593],[-122.243857,37.862592],[-122.243855,37.862592],[-122.243854,37.862591],[-122.243853,37.86259],[-122.243852,37.862589],[-122.243851,37.862589],[-122.243849,37.862588],[-122.243848,37.862587],[-122.243847,37.862586],[-122.243846,37.862585],[-122.243845,37.862585],[-122.243844,37.862584],[-122.243843,37.862583],[-122.243842,37.862582],[-122.243841,37.862581],[-122.24384,37.86258],[-122.243839,37.862579],[-122.243838,37.862578],[-122.243837,37.862577],[-122.243836,37.862576],[-122.243835,37.862575],[-122.243834,37.862575],[-122.243834,37.862574],[-122.243833,37.862573],[-122.243832,37.862572],[-122.243831,37.86257],[-122.24383,37.862569],[-122.24376,37.862472],[-122.243688,37.862374]]]},"properties":{"APN":"48H-7673-8","SitusAddress":"100 STONEWALL RD OAKLAND 94705"}},{"type":"Feature","geometry":{"type":"Polygon","coordinates":[[[-122.242994,37.861809],[-122.243129,37.861616],[-122.24321,37.861681],[-122.243384,37.861822],[-122.243193,37.861907],[-122.243189,37.861905],[-122.243168,37.861893],[-122.243145,37.86188],[-122.243123,37.861869],[-122.243101,37.861857],[-122.243078,37.861846],[-122.243055,37.861835],[-122.243031,37.861825],[-122.243008,37.861815],[-122.242994,37.861809]]]},"properties":{"APN":"48H-7673-9","SitusAddress":"160 STONEWALL RD OAKLAND 94705"}},{"type":"Feature","geometry":{"type":"Polygon","coordinates":[[[-122.242776,37.861732],[-122.242936,37.86146],[-122.243129,37.861616],[-122.242994,37.861809],[-122.242984,37.861805],[-122.24296,37.861795],[-122.242936,37.861786],[-122.242912,37.861777],[-122.242887,37.861769],[-122.242776,37.861732]]]},"properties":{"APN":"48H-7673-10","SitusAddress":" STONEWALL RD OAKLAND 94603"}},{"type":"Feature","geometry":{"type":"Polygon","coordinates":[[[-122.242566,37.861661],[-122.242767,37.861324],[-122.24286,37.861399],[-122.242936,37.86146],[-122.242776,37.861732],[-122.242566,37.861661]]]},"properties":{"APN":"48H-7673-11","SitusAddress":"180 STONEWALL RD OAKLAND 94705"}},{"type":"Feature","geometry":{"type":"Polygon","coordinates":[[[-122.242301,37.861577],[-122.242517,37.861179],[-122.24264,37.861221],[-122.242767,37.861324],[-122.242566,37.861661],[-122.242399,37.861605],[-122.242377,37.861597],[-122.242364,37.861593],[-122.242352,37.86159],[-122.242339,37.861586],[-122.242326,37.861583],[-122.242314,37.86158],[-122.242301,37.861577]]]},"properties":{"APN":"48H-7673-12","SitusAddress":"190 STONEWALL RD OAKLAND 94705"}},{"type":"Feature","geometry":{"type":"Polygon","coordinates":[[[-122.242052,37.861556],[-122.242034,37.861143],[-122.242417,37.861145],[-122.242448,37.861156],[-122.242448,37.861156],[-122.242498,37.861173],[-122.242281,37.861573],[-122.242263,37.861569],[-122.24225,37.861567],[-122.242237,37.861565],[-122.242224,37.861563],[-122.24221,37.861562],[-122.242197,37.86156],[-122.242184,37.861559],[-122.242171,37.861558],[-122.242157,37.861557],[-122.242144,37.861556],[-122.242131,37.861555],[-122.242117,37.861555],[-122.242104,37.861555],[-122.242091,37.861555],[-122.242077,37.861555],[-122.242064,37.861555],[-122.242052,37.861556]]]},"properties":{"APN":"48H-7673-13","SitusAddress":"200 STONEWALL RD OAKLAND 94705"}},{"type":"Feature","geometry":{"type":"Polygon","coordinates":[[[-122.241575,37.861269],[-122.241599,37.861261],[-122.241886,37.861166],[-122.241956,37.861143],[-122.242034,37.861143],[-122.242052,37.861556],[-122.242051,37.861556],[-122.242038,37.861556],[-122.242024,37.861557],[-122.242011,37.861558],[-122.241998,37.86156],[-122.241984,37.861561],[-122.241971,37.861563],[-122.241958,37.861565],[-122.241945,37.861567],[-122.241932,37.861569],[-122.241919,37.861571],[-122.241906,37.861574],[-122.241893,37.861576],[-122.24188,37.861579],[-122.241868,37.861582],[-122.241855,37.861586],[-122.241842,37.861589],[-122.24183,37.861593],[-122.241817,37.861596],[-122.241805,37.8616],[-122.241804,37.861601],[-122.241575,37.861269]]]},"properties":{"APN":"48H-7673-14","SitusAddress":"210 STONEWALL RD OAKLAND 94705"}},{"type":"Feature","geometry":{"type":"Polygon","coordinates":[[[-122.24148,37.861338],[-122.241575,37.861269],[-122.241804,37.861601],[-122.241793,37.861604],[-122.24178,37.861609],[-122.241768,37.861613],[-122.241756,37.861618],[-122.241744,37.861622],[-122.241732,37.861627],[-122.241721,37.861633],[-122.241709,37.861638],[-122.241698,37.861643],[-122.241686,37.861649],[-122.241675,37.861655],[-122.241664,37.86166],[-122.241653,37.861666],[-122.241642,37.861673],[-122.241632,37.861679],[-122.241621,37.861685],[-122.241611,37.861692],[-122.241601,37.861699],[-122.241383,37.861425],[-122.241379,37.861419],[-122.241374,37.861414],[-122.24148,37.861338]]]},"properties":{"APN":"48H-7673-15","SitusAddress":"220 STONEWALL RD OAKLAND 94705"}},{"type":"Feature","geometry":{"type":"Polygon","coordinates":[[[-122.241361,37.861423],[-122.241374,37.861414],[-122.241379,37.861419],[-122.241383,37.861425],[-122.241601,37.861699],[-122.24159,37.861706],[-122.241581,37.861713],[-122.241571,37.86172],[-122.241561,37.861727],[-122.241552,37.861735],[-122.241542,37.861742],[-122.241533,37.86175],[-122.241432,37.861837],[-122.241186,37.861563],[-122.241177,37.861553],[-122.241249,37.861502],[-122.241361,37.861423]]]},"properties":{"APN":"48H-7673-16","SitusAddress":"230 STONEWALL RD OAKLAND 94705"}},{"type":"Feature","geometry":{"type":"Polygon","coordinates":[[[-122.240977,37.861692],[-122.241177,37.861553],[-122.241186,37.861563],[-122.241432,37.861837],[-122.241274,37.861974],[-122.240977,37.861692]]]},"properties":{"APN":"48H-7673-17","SitusAddress":"240 STONEWALL RD OAKLAND 94705"}},{"type":"Feature","geometry":{"type":"Polygon","coordinates":[[[-122.240681,37.861776],[-122.240828,37.861734],[-122.24096,37.861993],[-122.241059,37.862109],[-122.241054,37.862111],[-122.241044,37.862115],[-122.241034,37.862118],[-122.241024,37.862122],[-122.241013,37.862125],[-122.241003,37.862128],[-122.240993,37.862131],[-122.240982,37.862134],[-122.240972,37.862137],[-122.240961,37.862139],[-122.24095,37.862141],[-122.24094,37.862144],[-122.240929,37.862146],[-122.240918,37.862148],[-122.240906,37.86215],[-122.240869,37.862155],[-122.240681,37.861776]]]},"properties":{"APN":"48H-7673-18-1","SitusAddress":"260 STONEWALL RD OAKLAND 94705"}},{"type":"Feature","geometry":{"type":"Polygon","coordinates":[[[-122.240828,37.861734],[-122.240977,37.861692],[-122.241274,37.861974],[-122.241225,37.862016],[-122.241217,37.862022],[-122.241209,37.862028],[-122.241201,37.862034],[-122.241192,37.86204],[-122.241184,37.862045],[-122.241175,37.862051],[-122.241167,37.862056],[-122.241158,37.862061],[-122.241149,37.862067],[-122.24114,37.862072],[-122.241131,37.862076],[-122.241121,37.862081],[-122.241112,37.862086],[-122.241103,37.86209],[-122.241093,37.862095],[-122.241083,37.862099],[-122.241074,37.862103],[-122.241064,37.862107],[-122.241059,37.862109],[-122.24096,37.861993],[-122.240828,37.861734]]]},"properties":{"APN":"48H-7673-18-2","SitusAddress":"250 STONEWALL RD OAKLAND 94705"}},{"type":"Feature","geometry":{"type":"Polygon","coordinates":[[[-122.240379,37.862639],[-122.24028,37.862435],[-122.240254,37.862381],[-122.240267,37.862373],[-122.240276,37.862367],[-122.240286,37.862361],[-122.240296,37.862356],[-122.240306,37.86235],[-122.240316,37.862345],[-122.240326,37.86234],[-122.240337,37.862335],[-122.240347,37.86233],[-122.240357,37.862325],[-122.240368,37.86232],[-122.240379,37.862316],[-122.24039,37.862311],[-122.240401,37.862307],[-122.240412,37.862303],[-122.240423,37.862299],[-122.240434,37.862296],[-122.240445,37.862292],[-122.240643,37.862263],[-122.240656,37.862323],[-122.240936,37.862285],[-122.240949,37.862283],[-122.240962,37.862281],[-122.240975,37.862279],[-122.240988,37.862276],[-122.241001,37.862273],[-122.241013,37.86227],[-122.241026,37.862267],[-122.241039,37.862264],[-122.241051,37.862261],[-122.241064,37.862257],[-122.241076,37.862253],[-122.241088,37.862249],[-122.2411,37.862245],[-122.241112,37.862241],[-122.241131,37.862234],[-122.241299,37.86226],[-122.241122,37.862861],[-122.240572,37.862893],[-122.240558,37.862893],[-122.240379,37.862639]]]},"properties":{"APN":"48H-7673-21-1","SitusAddress":"261 STONEWALL RD OAKLAND 94705"}},{"type":"Feature","geometry":{"type":"Polygon","coordinates":[[[-122.241315,37.86285],[-122.241122,37.862861],[-122.241299,37.86226],[-122.241306,37.862234],[-122.2415,37.862268],[-122.241315,37.86285]]]},"properties":{"APN":"48H-7673-22","SitusAddress":"253 STONEWALL RD OAKLAND 94705"}},{"type":"Feature","geometry":{"type":"Polygon","coordinates":[[[-122.241306,37.862234],[-122.241314,37.862207],[-122.241298,37.862205],[-122.241297,37.862205],[-122.241296,37.862204],[-122.241295,37.862204],[-122.241293,37.862204],[-122.241292,37.862204],[-122.241291,37.862203],[-122.24129,37.862203],[-122.241288,37.862202],[-122.241287,37.862201],[-122.241285,37.862201],[-122.241284,37.8622],[-122.241283,37.862199],[-122.241282,37.862199],[-122.241281,37.862198],[-122.241279,37.862197],[-122.241278,37.862196],[-122.241278,37.862195],[-122.241277,37.862195],[-122.241276,37.862194],[-122.241275,37.862193],[-122.241275,37.862192],[-122.241274,37.862191],[-122.241273,37.86219],[-122.241272,37.862189],[-122.241272,37.862188],[-122.241271,37.862186],[-122.241271,37.862185],[-122.24127,37.862184],[-122.24127,37.862183],[-122.24127,37.862182],[-122.24127,37.862181],[-122.24127,37.862179],[-122.24127,37.862178],[-122.24127,37.862177],[-122.24127,37.862176],[-122.24127,37.862175],[-122.24127,37.862173],[-122.24127,37.862172],[-122.241271,37.86217],[-122.241271,37.862169],[-122.241272,37.862169],[-122.241272,37.862167],[-122.241273,37.862166],[-122.241273,37.862165],[-122.241274,37.862164],[-122.241275,37.862163],[-122.241276,37.862162],[-122.241277,37.862161],[-122.241278,37.86216],[-122.241278,37.86216],[-122.241279,37.862159],[-122.24128,37.862158],[-122.241281,37.862158],[-122.241282,37.862157],[-122.241292,37.86215],[-122.241302,37.862143],[-122.241312,37.862136],[-122.241322,37.862129],[-122.241331,37.862122],[-122.241348,37.862108],[-122.241451,37.862021],[-122.242003,37.862214],[-122.241897,37.862404],[-122.241786,37.862366],[-122.241524,37.862838],[-122.241315,37.86285],[-122.2415,37.862268],[-122.241306,37.862234]]]},"properties":{"APN":"48H-7673-23-1","SitusAddress":"245 STONEWALL RD OAKLAND 94705"}},{"type":"Feature","geometry":{"type":"Polygon","coordinates":[[[-122.241451,37.862021],[-122.241639,37.861862],[-122.241998,37.861985],[-122.242109,37.862024],[-122.242003,37.862214],[-122.241451,37.862021]]]},"properties":{"APN":"48H-7673-24","SitusAddress":"233 STONEWALL RD OAKLAND 94705"}},{"type":"Feature","geometry":{"type":"Polygon","coordinates":[[[-122.241639,37.861862],[-122.24166,37.861843],[-122.241667,37.861838],[-122.241675,37.861832],[-122.241682,37.861826],[-122.241689,37.86182],[-122.241697,37.861815],[-122.241704,37.861809],[-122.24171,37.861806],[-122.24171,37.861807],[-122.241709,37.861808],[-122.241708,37.861809],[-122.241707,37.86181],[-122.241706,37.861811],[-122.241705,37.861812],[-122.241705,37.861813],[-122.241705,37.861814],[-122.241704,37.861816],[-122.241704,37.861817],[-122.241703,37.861818],[-122.241703,37.861819],[-122.241703,37.86182],[-122.241703,37.861821],[-122.241703,37.861822],[-122.241703,37.861824],[-122.241703,37.861825],[-122.241703,37.861826],[-122.241703,37.861827],[-122.241703,37.861828],[-122.241704,37.861829],[-122.241704,37.86183],[-122.241704,37.861831],[-122.241705,37.861832],[-122.241705,37.861833],[-122.241706,37.861834],[-122.241706,37.861835],[-122.241707,37.861836],[-122.241707,37.861837],[-122.241708,37.861838],[-122.241709,37.861839],[-122.24171,37.86184],[-122.24171,37.861841],[-122.241711,37.861841],[-122.241712,37.861842],[-122.241713,37.861843],[-122.241714,37.861844],[-122.241715,37.861844],[-122.241716,37.861845],[-122.241717,37.861846],[-122.241718,37.861846],[-122.241719,37.861847],[-122.241721,37.861847],[-122.241722,37.861848],[-122.241723,37.861848],[-122.242018,37.86195],[-122.241998,37.861985],[-122.241639,37.861862]]]},"properties":{"APN":"48H-7673-25","SitusAddress":" STONEWALL RD OAKLAND 94603"}},{"type":"Feature","geometry":{"type":"Polygon","coordinates":[[[-122.241723,37.861848],[-122.241722,37.861848],[-122.241721,37.861847],[-122.241719,37.861847],[-122.241718,37.861846],[-122.241717,37.861846],[-122.241716,37.861845],[-122.241715,37.861844],[-122.241714,37.861844],[-122.241713,37.861843],[-122.241712,37.861842],[-122.241711,37.861841],[-122.24171,37.861841],[-122.24171,37.86184],[-122.241709,37.861839],[-122.241708,37.861838],[-122.241707,37.861837],[-122.241707,37.861836],[-122.241706,37.861835],[-122.241706,37.861834],[-122.241705,37.861833],[-122.241705,37.861832],[-122.241704,37.861831],[-122.241704,37.86183],[-122.241704,37.861829],[-122.241703,37.861828],[-122.241703,37.861827],[-122.241703,37.861826],[-122.241703,37.861825],[-122.241703,37.861824],[-122.241703,37.861822],[-122.241703,37.861821],[-122.241703,37.86182],[-122.241703,37.861819],[-122.241703,37.861818],[-122.241704,37.861817],[-122.241704,37.861816],[-122.241705,37.861814],[-122.241705,37.861813],[-122.241705,37.861812],[-122.241706,37.861811],[-122.241707,37.86181],[-122.241708,37.861809],[-122.241709,37.861808],[-122.24171,37.861807],[-122.24171,37.861806],[-122.241711,37.861805],[-122.241712,37.861804],[-122.241713,37.861803],[-122.241714,37.861803],[-122.241715,37.861802],[-122.24172,37.861799],[-122.241728,37.861793],[-122.241736,37.861788],[-122.241745,37.861783],[-122.241753,37.861779],[-122.241761,37.861774],[-122.24177,37.861769],[-122.241779,37.861765],[-122.241787,37.861761],[-122.241796,37.861756],[-122.241805,37.861752],[-122.241814,37.861748],[-122.241823,37.861745],[-122.241833,37.861741],[-122.241842,37.861737],[-122.241851,37.861734],[-122.241861,37.861731],[-122.24187,37.861727],[-122.24188,37.861724],[-122.241889,37.861721],[-122.241899,37.861719],[-122.241909,37.861716],[-122.241919,37.861713],[-122.241928,37.861711],[-122.241938,37.861709],[-122.241948,37.861707],[-122.241958,37.861705],[-122.241968,37.861703],[-122.241979,37.861701],[-122.241989,37.8617],[-122.241999,37.861698],[-122.242009,37.861697],[-122.242019,37.861696],[-122.242029,37.861695],[-122.24204,37.861694],[-122.24205,37.861693],[-122.24206,37.861693],[-122.242071,37.861692],[-122.242081,37.861692],[-122.242091,37.861692],[-122.242102,37.861692],[-122.242112,37.861692],[-122.242122,37.861692],[-122.242132,37.861693],[-122.242143,37.861693],[-122.242153,37.861694],[-122.24216,37.861695],[-122.242018,37.86195],[-122.241723,37.861848]]]},"properties":{"APN":"48H-7673-26","SitusAddress":"221 STONEWALL RD OAKLAND 94705"}},{"type":"Feature","geometry":{"type":"Polygon","coordinates":[[[-122.242018,37.86195],[-122.24216,37.861695],[-122.242163,37.861695],[-122.242174,37.861696],[-122.242184,37.861697],[-122.242194,37.861698],[-122.242204,37.8617],[-122.242214,37.861702],[-122.242224,37.861703],[-122.242234,37.861705],[-122.242244,37.861707],[-122.242254,37.861709],[-122.242264,37.861711],[-122.242274,37.861714],[-122.242284,37.861716],[-122.242294,37.861719],[-122.242303,37.861722],[-122.242313,37.861725],[-122.242322,37.861728],[-122.242336,37.861733],[-122.242455,37.861773],[-122.242344,37.861967],[-122.242299,37.862046],[-122.242018,37.86195]]]},"properties":{"APN":"48H-7673-27","SitusAddress":"201 STONEWALL RD OAKLAND 94705"}},{"type":"Feature","geometry":{"type":"Polygon","coordinates":[[[-122.242299,37.862046],[-122.242344,37.861967],[-122.242498,37.862021],[-122.242452,37.862103],[-122.242299,37.862046]]]},"properties":{"APN":"48H-7673-28-2","SitusAddress":" STONEWALL RD OAKLAND 94603"}},{"type":"Feature","geometry":{"type":"Polygon","coordinates":[[[-122.242344,37.861967],[-122.242455,37.861773],[-122.242659,37.861841],[-122.242572,37.861997],[-122.242522,37.861979],[-122.242498,37.862021],[-122.242344,37.861967]]]},"properties":{"APN":"48H-7673-28-3","SitusAddress":"189 STONEWALL RD OAKLAND 94705"}},{"type":"Feature","geometry":{"type":"Polygon","coordinates":[[[-122.242452,37.862103],[-122.242498,37.862021],[-122.242522,37.861979],[-122.242572,37.861997],[-122.242659,37.861841],[-122.242819,37.861895],[-122.242833,37.8619],[-122.242669,37.862188],[-122.242658,37.862182],[-122.242644,37.862176],[-122.242631,37.86217],[-122.242617,37.862165],[-122.242603,37.862159],[-122.242589,37.862154],[-122.242565,37.862145],[-122.242452,37.862103]]]},"properties":{"APN":"48H-7673-29-1","SitusAddress":"181 STONEWALL RD OAKLAND 94705"}},{"type":"Feature","geometry":{"type":"Polygon","coordinates":[[[-122.242669,37.862188],[-122.242833,37.8619],[-122.242841,37.861903],[-122.242863,37.861911],[-122.242884,37.861919],[-122.242905,37.861927],[-122.242926,37.861936],[-122.242947,37.861945],[-122.242968,37.861954],[-122.242988,37.861964],[-122.243009,37.861974],[-122.243027,37.861983],[-122.242798,37.862264],[-122.242796,37.862262],[-122.242784,37.862254],[-122.242772,37.862246],[-122.24276,37.862238],[-122.242748,37.862231],[-122.242735,37.862223],[-122.242723,37.862216],[-122.24271,37.862209],[-122.242697,37.862202],[-122.242684,37.862195],[-122.242671,37.862189],[-122.242669,37.862188]]]},"properties":{"APN":"48H-7673-30","SitusAddress":"175 STONEWALL RD OAKLAND 94705"}},{"type":"Feature","geometry":{"type":"Polygon","coordinates":[[[-122.242798,37.862264],[-122.243027,37.861983],[-122.243029,37.861984],[-122.243049,37.861994],[-122.243068,37.862005],[-122.243087,37.862016],[-122.243107,37.862027],[-122.243125,37.862039],[-122.243144,37.86205],[-122.243162,37.862062],[-122.24318,37.862075],[-122.243198,37.862087],[-122.243207,37.862093],[-122.242907,37.862356],[-122.242902,37.862351],[-122.242893,37.862342],[-122.242883,37.862332],[-122.242872,37.862323],[-122.242862,37.862314],[-122.242851,37.862305],[-122.242841,37.862296],[-122.24283,37.862287],[-122.242819,37.862279],[-122.242807,37.86227],[-122.242798,37.862264]]]},"properties":{"APN":"48H-7673-31","SitusAddress":"163 STONEWALL RD OAKLAND 94705"}},{"type":"Feature","geometry":{"type":"Polygon","coordinates":[[[-122.242907,37.862356],[-122.243207,37.862093],[-122.243216,37.8621],[-122.243233,37.862113],[-122.24325,37.862126],[-122.243267,37.862139],[-122.243283,37.862153],[-122.243299,37.862167],[-122.243315,37.862181],[-122.24333,37.862196],[-122.243345,37.86221],[-122.24336,37.862225],[-122.242991,37.862459],[-122.242988,37.862454],[-122.24298,37.862443],[-122.242973,37.862433],[-122.242965,37.862422],[-122.242956,37.862412],[-122.242948,37.862401],[-122.242939,37.862391],[-122.24293,37.862381],[-122.242921,37.862371],[-122.242912,37.862361],[-122.242907,37.862356]]]},"properties":{"APN":"48H-7673-32","SitusAddress":"155 STONEWALL RD OAKLAND 94705"}},{"type":"Feature","geometry":{"type":"Polygon","coordinates":[[[-122.242991,37.862459],[-122.24336,37.862225],[-122.243374,37.86224],[-122.243389,37.862255],[-122.243402,37.86227],[-122.243416,37.862286],[-122.243429,37.862302],[-122.243442,37.862317],[-122.243455,37.862335],[-122.243486,37.862375],[-122.243053,37.862575],[-122.24305,37.862567],[-122.243045,37.862555],[-122.243039,37.862544],[-122.243034,37.862532],[-122.243028,37.862521],[-122.243022,37.862509],[-122.243016,37.862498],[-122.243009,37.862487],[-122.243002,37.862476],[-122.242995,37.862465],[-122.242991,37.862459]]]},"properties":{"APN":"48H-7673-33","SitusAddress":"139 STONEWALL RD OAKLAND 94705"}},{"type":"Feature","geometry":{"type":"Polygon","coordinates":[[[-122.243053,37.862575],[-122.243486,37.862375],[-122.243569,37.862486],[-122.243604,37.862533],[-122.243079,37.862654],[-122.243078,37.86265],[-122.243075,37.862638],[-122.243071,37.862626],[-122.243067,37.862614],[-122.243063,37.862602],[-122.243059,37.86259],[-122.243055,37.862579],[-122.243053,37.862575]]]},"properties":{"APN":"48H-7673-34","SitusAddress":"133 STONEWALL RD OAKLAND 94705"}},{"type":"Feature","geometry":{"type":"Polygon","coordinates":[[[-122.243079,37.862654],[-122.243604,37.862533],[-122.24368,37.862638],[-122.243683,37.862641],[-122.243685,37.862644],[-122.243688,37.862647],[-122.24369,37.86265],[-122.243693,37.862653],[-122.243695,37.862656],[-122.243698,37.862659],[-122.243701,37.862662],[-122.243703,37.862665],[-122.243706,37.862668],[-122.243709,37.86267],[-122.243712,37.862673],[-122.243715,37.862676],[-122.243718,37.862678],[-122.243721,37.862681],[-122.243725,37.862683],[-122.243728,37.862686],[-122.243732,37.862689],[-122.243297,37.862714],[-122.243313,37.862735],[-122.243094,37.862748],[-122.243093,37.862735],[-122.243092,37.862723],[-122.24309,37.862711],[-122.243088,37.862699],[-122.243086,37.862687],[-122.243083,37.862674],[-122.243081,37.862662],[-122.243079,37.862654]]]},"properties":{"APN":"48H-7673-35-1","SitusAddress":"125 STONEWALL RD OAKLAND 94603"}},{"type":"Feature","geometry":{"type":"Polygon","coordinates":[[[-122.242003,37.862214],[-122.242109,37.862024],[-122.241998,37.861985],[-122.242018,37.86195],[-122.242299,37.862046],[-122.242452,37.862103],[-122.242565,37.862145],[-122.242589,37.862154],[-122.242603,37.862159],[-122.242617,37.862165],[-122.242631,37.86217],[-122.242644,37.862176],[-122.242658,37.862182],[-122.242669,37.862188],[-122.242671,37.862189],[-122.242684,37.862195],[-122.242697,37.862202],[-122.24271,37.862209],[-122.242723,37.862216],[-122.242735,37.862223],[-122.242748,37.862231],[-122.24276,37.862238],[-122.242772,37.862246],[-122.242784,37.862254],[-122.242796,37.862262],[-122.242798,37.862264],[-122.242807,37.86227],[-122.242819,37.862279],[-122.24283,37.862287],[-122.242841,37.862296],[-122.242851,37.862305],[-122.242862,37.862314],[-122.242872,37.862323],[-122.242883,37.862332],[-122.242893,37.862342],[-122.242902,37.862351],[-122.242907,37.862356],[-122.242912,37.862361],[-122.242921,37.862371],[-122.24293,37.862381],[-122.242939,37.862391],[-122.242948,37.862401],[-122.242956,37.862412],[-122.242965,37.862422],[-122.242973,37.862433],[-122.24298,37.862443],[-122.242988,37.862454],[-122.242991,37.862459],[-122.242995,37.862465],[-122.243002,37.862476],[-122.243009,37.862487],[-122.243016,37.862498],[-122.243022,37.862509],[-122.243028,37.862521],[-122.243034,37.862532],[-122.243039,37.862544],[-122.243045,37.862555],[-122.24305,37.862567],[-122.243053,37.862575],[-122.243055,37.862579],[-122.243059,37.86259],[-122.243063,37.862602],[-122.243067,37.862614],[-122.243071,37.862626],[-122.243075,37.862638],[-122.243078,37.86265],[-122.243079,37.862654],[-122.243081,37.862662],[-122.243083,37.862674],[-122.243086,37.862687],[-122.243088,37.862699],[-122.24309,37.862711],[-122.243092,37.862723],[-122.243093,37.862735],[-122.243094,37.862748],[-122.241524,37.862838],[-122.241786,37.862366],[-122.241897,37.862404],[-122.242003,37.862214]]]},"properties":{"APN":"48H-7673-36","SitusAddress":" STONEWALL RD OAKLAND 94603"}},{"type":"Feature","geometry":{"type":"Polygon","coordinates":[[[-122.245108,37.862382],[-122.245138,37.862422],[-122.245196,37.862479],[-122.245246,37.862525],[-122.245293,37.862549],[-122.245351,37.862584],[-122.244861,37.862617],[-122.244829,37.862406],[-122.245108,37.862382]]]},"properties":{"APN":"48H-7680-1-2","SitusAddress":"3 TANGLEWOOD RD BERKELEY 94705"}},{"type":"Feature","geometry":{"type":"Polygon","coordinates":[[[-122.245097,37.862367],[-122.245108,37.862382],[-122.244829,37.862406],[-122.244861,37.862617],[-122.244513,37.862644],[-122.244431,37.862447],[-122.244444,37.862445],[-122.244829,37.862389],[-122.245097,37.862367]]]},"properties":{"APN":"48H-7680-2-1","SitusAddress":"5 TANGLEWOOD RD BERKELEY 94705"}},{"type":"Feature","geometry":{"type":"Polygon","coordinates":[[[-122.244024,37.862125],[-122.244282,37.86208],[-122.244373,37.862305],[-122.244382,37.862327],[-122.244123,37.862367],[-122.244117,37.862348],[-122.244104,37.862312],[-122.244091,37.862277],[-122.244077,37.862241],[-122.244062,37.862206],[-122.244046,37.862171],[-122.24403,37.862137],[-122.244024,37.862125]]]},"properties":{"APN":"48H-7680-4","SitusAddress":"91 STONEWALL RD OAKLAND 94705"}},{"type":"Feature","geometry":{"type":"Polygon","coordinates":[[[-122.243758,37.861713],[-122.244106,37.861525],[-122.244151,37.861501],[-122.244307,37.861675],[-122.243897,37.861907],[-122.243893,37.861901],[-122.24387,37.861868],[-122.243847,37.861836],[-122.243758,37.861713]]]},"properties":{"APN":"48H-7680-6","SitusAddress":"27 TANGLEWOOD RD OAKLAND 94705"}},{"type":"Feature","geometry":{"type":"Polygon","coordinates":[[[-122.243633,37.861542],[-122.243967,37.861363],[-122.244106,37.861525],[-122.243758,37.861713],[-122.243633,37.861542]]]},"properties":{"APN":"48H-7680-7","SitusAddress":"35 STONEWALL RD OAKLAND 94705"}},{"type":"Feature","geometry":{"type":"Polygon","coordinates":[[[-122.243533,37.861398],[-122.24385,37.861226],[-122.243967,37.861363],[-122.243633,37.861542],[-122.243575,37.861462],[-122.243563,37.861446],[-122.243556,37.861435],[-122.243549,37.861424],[-122.243541,37.861413],[-122.243535,37.861401],[-122.243533,37.861398]]]},"properties":{"APN":"48H-7680-8","SitusAddress":"25 STONEWALL RD OAKLAND 94705"}},{"type":"Feature","geometry":{"type":"Polygon","coordinates":[[[-122.243643,37.860984],[-122.24385,37.861226],[-122.243533,37.861398],[-122.243528,37.86139],[-122.243522,37.861378],[-122.243516,37.861366],[-122.24351,37.861355],[-122.243504,37.861343],[-122.243499,37.861331],[-122.243494,37.861319],[-122.243489,37.861307],[-122.243485,37.861295],[-122.243481,37.861283],[-122.243477,37.86127],[-122.243473,37.861258],[-122.24347,37.861246],[-122.243467,37.861233],[-122.243464,37.861221],[-122.243461,37.861209],[-122.243459,37.861196],[-122.243457,37.861184],[-122.243455,37.861171],[-122.243454,37.861158],[-122.243453,37.861146],[-122.243452,37.861133],[-122.243451,37.861121],[-122.243451,37.861108],[-122.243451,37.861095],[-122.243451,37.861083],[-122.243451,37.861082],[-122.243451,37.861081],[-122.243451,37.86108],[-122.243451,37.861079],[-122.243451,37.861078],[-122.243451,37.861077],[-122.243451,37.861076],[-122.243452,37.861075],[-122.243452,37.861074],[-122.243452,37.861073],[-122.243452,37.861072],[-122.243453,37.861071],[-122.243453,37.86107],[-122.243453,37.861069],[-122.243454,37.861068],[-122.243454,37.861067],[-122.243454,37.861067],[-122.243455,37.861066],[-122.243455,37.861065],[-122.243455,37.861064],[-122.243456,37.861063],[-122.243456,37.861062],[-122.243457,37.861061],[-122.243457,37.86106],[-122.243458,37.861059],[-122.243458,37.861059],[-122.243459,37.861058],[-122.24346,37.861057],[-122.24346,37.861056],[-122.243461,37.861055],[-122.243461,37.861054],[-122.243462,37.861054],[-122.243463,37.861053],[-122.243463,37.861052],[-122.243464,37.861051],[-122.243465,37.86105],[-122.243466,37.86105],[-122.243466,37.861049],[-122.243467,37.861048],[-122.243468,37.861048],[-122.243469,37.861047],[-122.24347,37.861046],[-122.24347,37.861045],[-122.243471,37.861045],[-122.243472,37.861044],[-122.243473,37.861043],[-122.243474,37.861043],[-122.243475,37.861042],[-122.243476,37.861042],[-122.243477,37.861041],[-122.243478,37.86104],[-122.243479,37.86104],[-122.24348,37.861039],[-122.243481,37.861039],[-122.243482,37.861038],[-122.243483,37.861038],[-122.243484,37.861037],[-122.243485,37.861037],[-122.243486,37.861036],[-122.243487,37.861036],[-122.243488,37.861035],[-122.243489,37.861035],[-122.24349,37.861034],[-122.243491,37.861034],[-122.243492,37.861034],[-122.243493,37.861033],[-122.243643,37.860984]]]},"properties":{"APN":"48H-7680-9","SitusAddress":"1 STONEWALL RD OAKLAND 94618"}},{"type":"Feature","geometry":{"type":"Polygon","coordinates":[[[-122.243643,37.860984],[-122.243909,37.860896],[-122.243929,37.860889],[-122.243942,37.860884],[-122.243955,37.860879],[-122.243967,37.860874],[-122.24398,37.860869],[-122.243993,37.860863],[-122.244005,37.860858],[-122.244018,37.860852],[-122.244019,37.860851],[-122.24402,37.86085],[-122.244022,37.86085],[-122.244023,37.860849],[-122.244024,37.860849],[-122.244026,37.860849],[-122.244027,37.860848],[-122.244029,37.860848],[-122.24403,37.860848],[-122.244031,37.860847],[-122.244032,37.860847],[-122.244034,37.860847],[-122.244035,37.860847],[-122.244036,37.860847],[-122.244037,37.860847],[-122.244038,37.860847],[-122.24404,37.860847],[-122.244041,37.860847],[-122.244043,37.860847],[-122.244044,37.860847],[-122.244046,37.860847],[-122.244047,37.860847],[-122.244049,37.860847],[-122.24405,37.860848],[-122.244052,37.860848],[-122.244053,37.860848],[-122.244054,37.860849],[-122.244055,37.860849],[-122.244056,37.860849],[-122.244057,37.86085],[-122.244058,37.86085],[-122.244059,37.86085],[-122.244061,37.860851],[-122.244061,37.860851],[-122.244063,37.860852],[-122.244064,37.860853],[-122.244065,37.860853],[-122.244066,37.860854],[-122.244068,37.860855],[-122.244069,37.860855],[-122.244069,37.860856],[-122.24407,37.860857],[-122.244071,37.860857],[-122.244072,37.860858],[-122.244073,37.860859],[-122.244074,37.86086],[-122.244074,37.86086],[-122.244075,37.860861],[-122.244076,37.860862],[-122.244214,37.86103],[-122.24385,37.861226],[-122.243643,37.860984]]]},"properties":{"APN":"48H-7680-10","SitusAddress":"33 TANGLEWOOD RD OAKLAND 94705"}},{"type":"Feature","geometry":{"type":"Polygon","coordinates":[[[-122.244428,37.862079],[-122.244427,37.862076],[-122.244427,37.862074],[-122.244426,37.862072],[-122.244426,37.86207],[-122.244426,37.862068],[-122.244425,37.862066],[-122.244425,37.862064],[-122.244425,37.862062],[-122.244425,37.86206],[-122.244424,37.862059],[-122.244424,37.862057],[-122.244424,37.862055],[-122.244424,37.862053],[-122.244424,37.862051],[-122.244424,37.862049],[-122.244425,37.862047],[-122.244425,37.862045],[-122.244425,37.862043],[-122.244425,37.862041],[-122.244426,37.862039],[-122.244426,37.862038],[-122.244426,37.862036],[-122.244427,37.862034],[-122.244427,37.862032],[-122.244428,37.86203],[-122.244428,37.862028],[-122.244429,37.862026],[-122.244429,37.862024],[-122.244487,37.861876],[-122.244489,37.861869],[-122.244492,37.861864],[-122.244493,37.861859],[-122.244495,37.861855],[-122.244497,37.861851],[-122.244499,37.861847],[-122.244501,37.861843],[-122.244504,37.861839],[-122.244506,37.861836],[-122.244508,37.861832],[-122.244511,37.861828],[-122.244513,37.861824],[-122.244516,37.86182],[-122.244519,37.861816],[-122.244521,37.861813],[-122.244524,37.861809],[-122.244527,37.861806],[-122.24453,37.861802],[-122.244533,37.861798],[-122.244536,37.861795],[-122.24454,37.861791],[-122.244543,37.861788],[-122.244546,37.861785],[-122.24455,37.861781],[-122.244554,37.861778],[-122.244557,37.861775],[-122.244561,37.861772],[-122.244565,37.861769],[-122.244568,37.861766],[-122.244572,37.861763],[-122.244576,37.86176],[-122.24458,37.861757],[-122.244584,37.861754],[-122.244589,37.861751],[-122.244689,37.861686],[-122.244691,37.861684],[-122.244693,37.861682],[-122.244696,37.861681],[-122.244698,37.861679],[-122.2447,37.861677],[-122.244702,37.861676],[-122.244704,37.861674],[-122.244706,37.861672],[-122.244708,37.861671],[-122.24471,37.861669],[-122.244712,37.861667],[-122.244714,37.861665],[-122.244716,37.861663],[-122.244718,37.861661],[-122.244719,37.861659],[-122.244721,37.861657],[-122.244723,37.861655],[-122.244724,37.861653],[-122.244726,37.861651],[-122.244727,37.861649],[-122.244729,37.861647],[-122.24473,37.861645],[-122.244732,37.861643],[-122.244733,37.861641],[-122.244734,37.861639],[-122.244736,37.861636],[-122.244737,37.861634],[-122.244738,37.861632],[-122.244739,37.86163],[-122.24474,37.861627],[-122.244741,37.861625],[-122.244742,37.861623],[-122.244743,37.861621],[-122.244744,37.861618],[-122.244745,37.861616],[-122.244746,37.861614],[-122.244746,37.861611],[-122.244747,37.861609],[-122.244748,37.861607],[-122.244748,37.861604],[-122.244749,37.861601],[-122.244757,37.861561],[-122.244769,37.861576],[-122.244785,37.861596],[-122.2448,37.861616],[-122.244815,37.861637],[-122.244829,37.861658],[-122.244843,37.861679],[-122.244857,37.8617],[-122.24487,37.861722],[-122.244882,37.861743],[-122.244894,37.861765],[-122.244905,37.861787],[-122.244916,37.861809],[-122.244927,37.861832],[-122.244937,37.861854],[-122.244947,37.861877],[-122.244954,37.861896],[-122.244467,37.862079],[-122.244428,37.862079]]]},"properties":{"APN":"48H-7680-14","SitusAddress":"19 TANGLEWOOD RD BERKELEY 94705"}},{"type":"Feature","geometry":{"type":"Polygon","coordinates":[[[-122.244431,37.862447],[-122.244513,37.862644],[-122.244416,37.86265],[-122.244382,37.862327],[-122.244421,37.862423],[-122.244426,37.862435],[-122.244431,37.862447]]]},"properties":{"APN":"48H-7680-17","SitusAddress":"97 STONEWALL RD BERKELEY 94705"}},{"type":"Feature","geometry":{"type":"Polygon","coordinates":[[[-122.244123,37.862367],[-122.244382,37.862327],[-122.244416,37.86265],[-122.244105,37.862668],[-122.244108,37.862665],[-122.244111,37.862662],[-122.244113,37.862659],[-122.244116,37.862656],[-122.244119,37.862653],[-122.244121,37.86265],[-122.244124,37.862647],[-122.244126,37.862644],[-122.244129,37.862641],[-122.244131,37.862638],[-122.244133,37.862635],[-122.244135,37.862632],[-122.244137,37.862629],[-122.244139,37.862625],[-122.244141,37.862622],[-122.244143,37.862619],[-122.244145,37.862615],[-122.244147,37.862612],[-122.244148,37.862609],[-122.24415,37.862605],[-122.244151,37.862602],[-122.244153,37.862599],[-122.244154,37.862595],[-122.244155,37.862592],[-122.244157,37.862588],[-122.244158,37.862585],[-122.244159,37.862581],[-122.24416,37.862578],[-122.244161,37.862574],[-122.244161,37.862571],[-122.244162,37.862567],[-122.244163,37.862563],[-122.244163,37.86256],[-122.244164,37.862556],[-122.244164,37.862553],[-122.244165,37.862549],[-122.244165,37.862545],[-122.244165,37.862542],[-122.244165,37.862538],[-122.244165,37.862535],[-122.244165,37.862531],[-122.244165,37.862527],[-122.244165,37.862524],[-122.244165,37.86252],[-122.244164,37.862517],[-122.244164,37.862513],[-122.244163,37.862509],[-122.244163,37.862506],[-122.244162,37.862502],[-122.244161,37.862499],[-122.24416,37.862495],[-122.24415,37.862456],[-122.24414,37.86242],[-122.244129,37.862384],[-122.244123,37.862367]]]},"properties":{"APN":"48H-7680-18","SitusAddress":"97 STONEWALL RD OAKLAND 94705"}},{"type":"Feature","geometry":{"type":"Polygon","coordinates":[[[-122.244356,37.86208],[-122.244388,37.862079],[-122.244391,37.862079],[-122.244428,37.862079],[-122.244467,37.862079],[-122.244954,37.861896],[-122.244956,37.861899],[-122.244964,37.861922],[-122.244972,37.861945],[-122.24498,37.861968],[-122.244987,37.861991],[-122.244993,37.862014],[-122.244999,37.862038],[-122.245005,37.862061],[-122.24501,37.862084],[-122.245014,37.862108],[-122.245014,37.862111],[-122.244414,37.862293],[-122.24441,37.862294],[-122.244379,37.862303],[-122.244356,37.86208]]]},"properties":{"APN":"48H-7680-19","SitusAddress":"11 TANGLEWOOD RD BERKELEY 94705"}},{"type":"Feature","geometry":{"type":"Polygon","coordinates":[[[-122.244282,37.86208],[-122.244356,37.86208],[-122.244379,37.862303],[-122.244373,37.862305],[-122.244282,37.86208]]]},"properties":{"APN":"48H-7680-20","SitusAddress":"11 TANGLEWOOD RD OAKLAND 94705"}},{"type":"Feature","geometry":{"type":"Polygon","coordinates":[[[-122.244248,37.861071],[-122.244296,37.86113],[-122.244318,37.861157],[-122.244332,37.861173],[-122.244363,37.861206],[-122.244395,37.861234],[-122.244439,37.861265],[-122.2445,37.861313],[-122.244286,37.861428],[-122.244248,37.861071]]]},"properties":{"APN":"48H-7680-27","SitusAddress":"29 TANGLEWOOD RD BERKELEY 94705"}},{"type":"Feature","geometry":{"type":"Polygon","coordinates":[[[-122.243967,37.861363],[-122.24385,37.861226],[-122.244214,37.86103],[-122.244248,37.861071],[-122.244286,37.861428],[-122.244151,37.861501],[-122.244106,37.861525],[-122.243967,37.861363]]]},"properties":{"APN":"48H-7680-28","SitusAddress":"29 TANGLEWOOD RD OAKLAND 94705"}},{"type":"Feature","geometry":{"type":"Polygon","coordinates":[[[-122.244382,37.862327],[-122.244373,37.862305],[-122.244379,37.862303],[-122.244382,37.862327]]]},"properties":{"APN":"48H-7680-30","SitusAddress":"7 TANGLEWOOD RD OAKLAND 94705"}},{"type":"Feature","geometry":{"type":"Polygon","coordinates":[[[-122.244382,37.862327],[-122.244379,37.862303],[-122.24441,37.862294],[-122.244414,37.862293],[-122.245014,37.862111],[-122.245018,37.862131],[-122.245022,37.86216],[-122.245023,37.862169],[-122.245025,37.862179],[-122.245026,37.862188],[-122.245028,37.862197],[-122.24503,37.862207],[-122.245033,37.862216],[-122.245035,37.862226],[-122.245038,37.862235],[-122.245041,37.862244],[-122.245044,37.862253],[-122.245047,37.862262],[-122.245051,37.862272],[-122.245054,37.862281],[-122.245058,37.86229],[-122.245062,37.862299],[-122.245067,37.862307],[-122.245071,37.862316],[-122.245076,37.862325],[-122.245081,37.862334],[-122.245086,37.862342],[-122.245091,37.862351],[-122.245097,37.86236],[-122.245101,37.862366],[-122.245097,37.862367],[-122.244829,37.862389],[-122.244444,37.862445],[-122.244431,37.862447],[-122.244426,37.862435],[-122.244421,37.862423],[-122.244382,37.862327]]]},"properties":{"APN":"48H-7680-31","SitusAddress":"7 TANGLEWOOD RD BERKELEY 94705"}},{"type":"Feature","geometry":{"type":"Polygon","coordinates":[[[-122.244307,37.861675],[-122.244151,37.861501],[-122.244286,37.861428],[-122.2445,37.861313],[-122.244506,37.861318],[-122.244527,37.861334],[-122.244548,37.861351],[-122.244569,37.861369],[-122.244589,37.861386],[-122.244609,37.861404],[-122.244628,37.861422],[-122.244647,37.86144],[-122.244666,37.861459],[-122.244684,37.861478],[-122.244702,37.861497],[-122.24472,37.861516],[-122.244737,37.861536],[-122.244753,37.861556],[-122.244757,37.861561],[-122.244749,37.861601],[-122.244748,37.861604],[-122.244748,37.861607],[-122.244747,37.861609],[-122.244746,37.861611],[-122.244746,37.861614],[-122.244745,37.861616],[-122.244744,37.861618],[-122.244743,37.861621],[-122.244742,37.861623],[-122.244741,37.861625],[-122.24474,37.861627],[-122.244739,37.86163],[-122.244738,37.861632],[-122.244737,37.861634],[-122.244736,37.861636],[-122.244734,37.861639],[-122.244733,37.861641],[-122.244732,37.861643],[-122.24473,37.861645],[-122.244729,37.861647],[-122.244727,37.861649],[-122.244726,37.861651],[-122.244724,37.861653],[-122.244723,37.861655],[-122.244721,37.861657],[-122.244719,37.861659],[-122.244718,37.861661],[-122.244716,37.861663],[-122.244714,37.861665],[-122.244712,37.861667],[-122.24471,37.861669],[-122.244708,37.861671],[-122.244706,37.861672],[-122.244704,37.861674],[-122.244702,37.861676],[-122.2447,37.861677],[-122.244698,37.861679],[-122.244696,37.861681],[-122.244693,37.861682],[-122.244691,37.861684],[-122.244689,37.861686],[-122.244589,37.861751],[-122.244584,37.861754],[-122.24458,37.861757],[-122.244576,37.86176],[-122.244572,37.861763],[-122.244568,37.861766],[-122.244565,37.861769],[-122.244561,37.861772],[-122.244557,37.861775],[-122.244554,37.861778],[-122.24455,37.861781],[-122.244546,37.861785],[-122.244543,37.861788],[-122.24454,37.861791],[-122.244536,37.861795],[-122.244533,37.861798],[-122.24453,37.861802],[-122.244527,37.861806],[-122.244524,37.861809],[-122.244521,37.861813],[-122.244519,37.861816],[-122.244516,37.86182],[-122.244513,37.861824],[-122.244511,37.861828],[-122.244508,37.861832],[-122.244506,37.861836],[-122.244504,37.861839],[-122.244501,37.861843],[-122.244499,37.861847],[-122.244497,37.861851],[-122.244495,37.861855],[-122.244493,37.861859],[-122.244492,37.861864],[-122.244489,37.861869],[-122.244487,37.861876],[-122.244313,37.861683],[-122.244307,37.861675]]]},"properties":{"APN":"48H-7680-32-1","SitusAddress":"25 TANGLEWOOD RD BERKELEY 94705"}},{"type":"Feature","geometry":{"type":"Polygon","coordinates":[[[-122.243897,37.861907],[-122.244307,37.861675],[-122.244313,37.861683],[-122.244487,37.861876],[-122.244429,37.862024],[-122.244429,37.862026],[-122.244428,37.862028],[-122.244428,37.86203],[-122.244427,37.862032],[-122.244427,37.862034],[-122.244426,37.862036],[-122.244426,37.862038],[-122.244426,37.862039],[-122.244425,37.862041],[-122.244425,37.862043],[-122.244425,37.862045],[-122.244425,37.862047],[-122.244424,37.862049],[-122.244424,37.862051],[-122.244424,37.862053],[-122.244424,37.862055],[-122.244424,37.862057],[-122.244424,37.862059],[-122.244425,37.86206],[-122.244425,37.862062],[-122.244425,37.862064],[-122.244425,37.862066],[-122.244426,37.862068],[-122.244426,37.86207],[-122.244426,37.862072],[-122.244427,37.862074],[-122.244427,37.862076],[-122.244428,37.862079],[-122.244391,37.862079],[-122.244388,37.862079],[-122.244356,37.86208],[-122.244282,37.86208],[-122.244024,37.862125],[-122.244012,37.862102],[-122.243994,37.862068],[-122.243975,37.862034],[-122.243956,37.862],[-122.243936,37.861967],[-122.243915,37.861934],[-122.243897,37.861907]]]},"properties":{"APN":"48H-7680-33-2","SitusAddress":"21 TANGLEWOOD RD OAKLAND 94705"}},{"type":"Feature","geometry":{"type":"Polygon","coordinates":[[[-122.236631,37.861289],[-122.237158,37.861261],[-122.237162,37.861262],[-122.237167,37.861263],[-122.237171,37.861265],[-122.237176,37.861266],[-122.237181,37.861267],[-122.237185,37.861268],[-122.23719,37.861269],[-122.237195,37.86127],[-122.237199,37.861271],[-122.237204,37.861272],[-122.237209,37.861273],[-122.237214,37.861274],[-122.237219,37.861275],[-122.237223,37.861275],[-122.237228,37.861276],[-122.237233,37.861276],[-122.237238,37.861277],[-122.237243,37.861277],[-122.237248,37.861277],[-122.237252,37.861277],[-122.237257,37.861278],[-122.237262,37.861278],[-122.237267,37.861278],[-122.237272,37.861278],[-122.237277,37.861277],[-122.237282,37.861277],[-122.237286,37.861277],[-122.237291,37.861277],[-122.237296,37.861276],[-122.237301,37.861276],[-122.237306,37.861275],[-122.237311,37.861275],[-122.237315,37.861274],[-122.23732,37.861273],[-122.237325,37.861273],[-122.23733,37.861272],[-122.237334,37.861271],[-122.237339,37.86127],[-122.237344,37.861269],[-122.237349,37.861268],[-122.237353,37.861266],[-122.237358,37.861265],[-122.237362,37.861264],[-122.237367,37.861263],[-122.237371,37.861261],[-122.237376,37.86126],[-122.23738,37.861258],[-122.237385,37.861256],[-122.237389,37.861255],[-122.237394,37.861253],[-122.237398,37.861251],[-122.237402,37.861249],[-122.237406,37.861247],[-122.238021,37.861215],[-122.238427,37.861193],[-122.238538,37.861187],[-122.239123,37.861155],[-122.239324,37.861144],[-122.239504,37.861134],[-122.239685,37.861124],[-122.239879,37.861113],[-122.240077,37.861102],[-122.240272,37.861091],[-122.240753,37.861064],[-122.24079,37.861062],[-122.240874,37.861058],[-122.240877,37.861058],[-122.240859,37.861069],[-122.240838,37.861082],[-122.240818,37.861095],[-122.240797,37.861107],[-122.240776,37.861119],[-122.240754,37.86113],[-122.240733,37.861142],[-122.240711,37.861153],[-122.240689,37.861163],[-122.240666,37.861174],[-122.240644,37.861184],[-122.240621,37.861193],[-122.240598,37.861203],[-122.240574,37.861212],[-122.240551,37.861221],[-122.240527,37.861229],[-122.240504,37.861237],[-122.24048,37.861245],[-122.240455,37.861252],[-122.240431,37.86126],[-122.240407,37.861266],[-122.240378,37.861274],[-122.239434,37.861568],[-122.239135,37.861836],[-122.238515,37.861958],[-122.237908,37.86218],[-122.237475,37.862611],[-122.236699,37.862932],[-122.236298,37.862965],[-122.235756,37.863169],[-122.235329,37.863194],[-122.235303,37.862947],[-122.235282,37.862747],[-122.235269,37.862622],[-122.235267,37.862607],[-122.235252,37.862461],[-122.235238,37.862333],[-122.235226,37.862214],[-122.235207,37.862049],[-122.235187,37.861885],[-122.235166,37.861707],[-122.235145,37.861529],[-122.235143,37.861515],[-122.235126,37.861369],[-122.235291,37.86136],[-122.235457,37.861351],[-122.235623,37.861342],[-122.235789,37.861333],[-122.235955,37.861325],[-122.236121,37.861316],[-122.236289,37.861307],[-122.236458,37.861298],[-122.236631,37.861289]]]},"properties":{"APN":"48H-7690-2","SitusAddress":" CLAREMONT AVE OAKLAND 94705"}},{"type":"Feature","geometry":{"type":"Polygon","coordinates":[[[-122.246509,37.862618],[-122.246513,37.862616],[-122.246513,37.862616],[-122.24762,37.862544],[-122.24762,37.862547],[-122.247616,37.862547],[-122.24762,37.862712],[-122.247895,37.862838],[-122.247933,37.862915],[-122.247939,37.862925],[-122.248058,37.862986],[-122.248172,37.863043],[-122.248184,37.86306],[-122.2483,37.863207],[-122.248308,37.863217],[-122.248387,37.863368],[-122.248387,37.863369],[-122.247287,37.86381],[-122.247265,37.863819],[-122.247151,37.863865],[-122.24715,37.863866],[-122.247074,37.863942],[-122.247067,37.863949],[-122.247026,37.864075],[-122.247025,37.864079],[-122.246866,37.864032],[-122.246821,37.864014],[-122.246714,37.863972],[-122.246552,37.863908],[-122.246543,37.863899],[-122.246373,37.863759],[-122.24637,37.863748],[-122.246324,37.863575],[-122.246327,37.863567],[-122.246368,37.863445],[-122.246371,37.863442],[-122.246376,37.863436],[-122.246379,37.863433],[-122.246523,37.863279],[-122.246452,37.863189],[-122.246507,37.863112],[-122.246537,37.863058],[-122.246509,37.862618]]]},"properties":{"APN":"48H-7690-3","SitusAddress":"2951 DERBY ST BERKELEY 94705"}},{"type":"Feature","geometry":{"type":"Polygon","coordinates":[[[-122.244746,37.865793],[-122.244634,37.864726],[-122.244637,37.864726],[-122.244887,37.864711],[-122.245118,37.864391],[-122.245264,37.864263],[-122.245538,37.864042],[-122.245038,37.863361],[-122.245021,37.863207],[-122.244963,37.863064],[-122.244779,37.862861],[-122.24443,37.862719],[-122.244426,37.862718],[-122.244423,37.862716],[-122.244419,37.862672],[-122.244426,37.862671],[-122.245396,37.862609],[-122.245456,37.862631],[-122.245552,37.86265],[-122.245642,37.862664],[-122.245694,37.862666],[-122.246509,37.862618],[-122.246537,37.863058],[-122.246507,37.863112],[-122.246452,37.863189],[-122.246523,37.863279],[-122.246379,37.863433],[-122.246376,37.863436],[-122.246371,37.863442],[-122.246368,37.863445],[-122.246327,37.863567],[-122.246324,37.863575],[-122.24637,37.863748],[-122.246373,37.863759],[-122.246543,37.863899],[-122.246552,37.863908],[-122.246714,37.863972],[-122.246821,37.864014],[-122.246866,37.864032],[-122.247025,37.864079],[-122.247026,37.864075],[-122.247067,37.863949],[-122.247074,37.863942],[-122.24715,37.863866],[-122.247151,37.863865],[-122.247265,37.863819],[-122.247287,37.86381],[-122.248387,37.863369],[-122.248387,37.863368],[-122.248308,37.863217],[-122.2483,37.863207],[-122.248184,37.86306],[-122.248172,37.863043],[-122.248058,37.862986],[-122.247939,37.862925],[-122.247933,37.862915],[-122.247895,37.862838],[-122.24762,37.862712],[-122.247616,37.862547],[-122.24762,37.862547],[-122.249834,37.86242],[-122.249883,37.862436],[-122.249921,37.862449],[-122.249951,37.862469],[-122.249974,37.862492],[-122.249998,37.862519],[-122.250006,37.862569],[-122.250316,37.865871],[-122.248273,37.865994],[-122.246318,37.866111],[-122.24629,37.866188],[-122.245548,37.866242],[-122.245205,37.865803],[-122.244746,37.865793]]]},"properties":{"APN":"48H-7690-4","SitusAddress":"1 TANGLEWOOD RD BERKELEY 94705"}},{"type":"Feature","geometry":{"type":"Polygon","coordinates":[[[-122.244746,37.865793],[-122.244727,37.865793],[-122.244724,37.865793],[-122.243494,37.865767],[-122.243065,37.865779],[-122.242987,37.864828],[-122.244621,37.864727],[-122.244624,37.864727],[-122.244634,37.864726],[-122.244746,37.865793]]]},"properties":{"APN":"48H-7690-5","SitusAddress":" WARRING ST OAKLAND 94705"}},{"type":"Feature","geometry":{"type":"Polygon","coordinates":[[[-122.236604,37.863121],[-122.237243,37.863084],[-122.237763,37.863054],[-122.237998,37.863041],[-122.23881,37.862994],[-122.239386,37.862961],[-122.239704,37.862942],[-122.239973,37.862927],[-122.240558,37.862893],[-122.240572,37.862893],[-122.241122,37.862861],[-122.241315,37.86285],[-122.241524,37.862838],[-122.243094,37.862748],[-122.243313,37.862735],[-122.243766,37.862709],[-122.24377,37.862711],[-122.243773,37.862713],[-122.243777,37.862715],[-122.243781,37.862717],[-122.243785,37.862718],[-122.243789,37.86272],[-122.243793,37.862721],[-122.243798,37.862723],[-122.243802,37.862724],[-122.243806,37.862726],[-122.24381,37.862727],[-122.243814,37.862728],[-122.243818,37.86273],[-122.243823,37.862731],[-122.243827,37.862732],[-122.243831,37.862733],[-122.243836,37.862734],[-122.24384,37.862735],[-122.243844,37.862736],[-122.243849,37.862737],[-122.243853,37.862737],[-122.243858,37.862738],[-122.243862,37.862739],[-122.243867,37.862739],[-122.243871,37.86274],[-122.243876,37.86274],[-122.24388,37.862741],[-122.243885,37.862741],[-122.243889,37.862741],[-122.243894,37.862741],[-122.243898,37.862742],[-122.243903,37.862742],[-122.243907,37.862742],[-122.243912,37.862742],[-122.243916,37.862742],[-122.243921,37.862741],[-122.243925,37.862741],[-122.24393,37.862741],[-122.243934,37.86274],[-122.243939,37.86274],[-122.243943,37.86274],[-122.243948,37.862739],[-122.243952,37.862738],[-122.243957,37.862738],[-122.243961,37.862737],[-122.243966,37.862736],[-122.24397,37.862735],[-122.243974,37.862734],[-122.243979,37.862733],[-122.243983,37.862732],[-122.243987,37.862731],[-122.243992,37.86273],[-122.243996,37.862729],[-122.244,37.862728],[-122.244004,37.862726],[-122.244009,37.862725],[-122.244013,37.862723],[-122.244017,37.862722],[-122.244021,37.86272],[-122.244025,37.862719],[-122.244029,37.862717],[-122.244033,37.862715],[-122.244037,37.862713],[-122.244041,37.862712],[-122.244045,37.86271],[-122.244048,37.862708],[-122.244052,37.862706],[-122.244056,37.862704],[-122.244059,37.862702],[-122.244063,37.8627],[-122.244067,37.862697],[-122.24407,37.862695],[-122.244076,37.862691],[-122.244419,37.862672],[-122.244423,37.862716],[-122.244426,37.862718],[-122.24443,37.862719],[-122.244779,37.862861],[-122.244963,37.863064],[-122.245021,37.863207],[-122.245038,37.863361],[-122.245538,37.864042],[-122.245264,37.864263],[-122.245118,37.864391],[-122.244887,37.864711],[-122.244637,37.864726],[-122.244634,37.864726],[-122.244624,37.864727],[-122.244621,37.864727],[-122.242987,37.864828],[-122.243065,37.865779],[-122.243494,37.865767],[-122.244724,37.865793],[-122.244727,37.865793],[-122.244746,37.865793],[-122.245205,37.865803],[-122.245548,37.866242],[-122.245271,37.866258],[-122.245257,37.866259],[-122.244831,37.866283],[-122.242661,37.866407],[-122.242086,37.86644],[-122.24174,37.86646],[-122.241533,37.866472],[-122.241429,37.866478],[-122.241343,37.866483],[-122.241256,37.866487],[-122.24117,37.866492],[-122.241084,37.866497],[-122.240918,37.866507],[-122.239956,37.866562],[-122.239616,37.866581],[-122.239594,37.866582],[-122.236801,37.866742],[-122.235724,37.866803],[-122.235363,37.863453],[-122.236604,37.863121]]]},"properties":{"APN":"48H-7690-9-1","SitusAddress":" CLAREMONT AVE OAKLAND 94705"}},{"type":"Feature","geometry":{"type":"Polygon","coordinates":[[[-122.237466,37.867738],[-122.237499,37.867639],[-122.238101,37.867776],[-122.237466,37.867738]]]},"properties":{"APN":"48H-7696-1","SitusAddress":" PANORAMIC WAY OAKLAND 94705"}},{"type":"Feature","geometry":{"type":"Polygon","coordinates":[[[-122.240081,37.868769],[-122.240182,37.868683],[-122.240184,37.868686],[-122.240187,37.868689],[-122.24019,37.868692],[-122.240193,37.868695],[-122.240195,37.868698],[-122.240198,37.8687],[-122.240201,37.868703],[-122.240204,37.868706],[-122.240208,37.868708],[-122.240211,37.868711],[-122.240214,37.868714],[-122.240217,37.868716],[-122.240221,37.868718],[-122.240224,37.868721],[-122.240227,37.868723],[-122.240231,37.868725],[-122.240235,37.868728],[-122.240238,37.86873],[-122.240242,37.868732],[-122.240384,37.868817],[-122.240385,37.868818],[-122.240386,37.868818],[-122.240387,37.868819],[-122.240388,37.86882],[-122.240389,37.868821],[-122.24039,37.868821],[-122.240391,37.868822],[-122.240392,37.868823],[-122.240393,37.868824],[-122.240393,37.868825],[-122.240394,37.868826],[-122.240395,37.868827],[-122.240395,37.868827],[-122.240396,37.868828],[-122.240396,37.868829],[-122.240397,37.86883],[-122.240397,37.868831],[-122.240398,37.868832],[-122.240398,37.868833],[-122.240399,37.868834],[-122.240399,37.868835],[-122.240399,37.868836],[-122.2404,37.868837],[-122.2404,37.868838],[-122.2404,37.868839],[-122.2404,37.86884],[-122.2404,37.868841],[-122.240401,37.868842],[-122.240401,37.868843],[-122.240401,37.868845],[-122.240401,37.868845],[-122.2404,37.868846],[-122.2404,37.868847],[-122.2404,37.868849],[-122.2404,37.86885],[-122.2404,37.868851],[-122.240399,37.868852],[-122.240399,37.868853],[-122.240398,37.868854],[-122.240398,37.868855],[-122.240397,37.868857],[-122.240397,37.868858],[-122.240396,37.868858],[-122.240396,37.868859],[-122.240395,37.86886],[-122.240395,37.868861],[-122.240394,37.868862],[-122.240394,37.868862],[-122.240393,37.868863],[-122.240392,37.868864],[-122.240392,37.868864],[-122.240391,37.868865],[-122.24039,37.868866],[-122.240389,37.868867],[-122.240388,37.868868],[-122.240387,37.868868],[-122.240386,37.868869],[-122.240385,37.86887],[-122.240384,37.86887],[-122.240383,37.868871],[-122.240382,37.868872],[-122.240381,37.868872],[-122.24038,37.868873],[-122.240379,37.868873],[-122.240377,37.868874],[-122.240376,37.868874],[-122.240375,37.868875],[-122.240374,37.868875],[-122.240373,37.868875],[-122.240372,37.868876],[-122.240371,37.868876],[-122.24037,37.868876],[-122.240369,37.868876],[-122.240368,37.868877],[-122.240366,37.868877],[-122.240365,37.868877],[-122.240363,37.868877],[-122.240362,37.868877],[-122.240361,37.868877],[-122.240359,37.868877],[-122.240358,37.868877],[-122.240357,37.868877],[-122.240355,37.868877],[-122.240354,37.868877],[-122.240353,37.868877],[-122.240352,37.868877],[-122.240351,37.868877],[-122.240349,37.868877],[-122.240348,37.868876],[-122.240347,37.868876],[-122.240346,37.868876],[-122.240344,37.868876],[-122.240343,37.868875],[-122.240342,37.868875],[-122.240341,37.868874],[-122.240339,37.868874],[-122.240112,37.868783],[-122.240102,37.868779],[-122.240096,37.868777],[-122.24009,37.868774],[-122.240084,37.868771],[-122.240081,37.868769]]]},"properties":{"APN":"48H-7697-1","SitusAddress":" PANORAMIC WAY OAKLAND 94705"}},{"type":"Feature","geometry":{"type":"Polygon","coordinates":[[[-122.268783,37.850684],[-122.268799,37.850682],[-122.268812,37.85068],[-122.268916,37.850665],[-122.26897,37.850961],[-122.268917,37.850975],[-122.26886,37.850981],[-122.26884,37.850984],[-122.268783,37.850684]]]},"properties":{"APN":"52-1529-1","SitusAddress":"1934 FAIRVIEW ST BERKELEY 94703"}},{"type":"Feature","geometry":{"type":"Polygon","coordinates":[[[-122.268764,37.850595],[-122.268781,37.850593],[-122.26915,37.850544],[-122.269168,37.85063],[-122.269032,37.850649],[-122.268916,37.850665],[-122.268812,37.85068],[-122.268799,37.850682],[-122.268783,37.850684],[-122.268764,37.850595]]]},"properties":{"APN":"52-1529-2","SitusAddress":"6535 DOVER ST BERKELEY 94609"}},{"type":"Feature","geometry":{"type":"Polygon","coordinates":[[[-122.269279,37.850434],[-122.269297,37.850525],[-122.26915,37.850544],[-122.268781,37.850593],[-122.268764,37.850595],[-122.268744,37.850499],[-122.268761,37.850497],[-122.269279,37.850434]]]},"properties":{"APN":"52-1529-3","SitusAddress":"6531 DOVER ST BERKELEY 94609"}},{"type":"Feature","geometry":{"type":"Polygon","coordinates":[[[-122.269279,37.850434],[-122.268761,37.850497],[-122.268744,37.850499],[-122.268728,37.850407],[-122.268743,37.850405],[-122.26926,37.85034],[-122.269279,37.850434]]]},"properties":{"APN":"52-1529-4","SitusAddress":"6525 DOVER ST BERKELEY 94609"}},{"type":"Feature","geometry":{"type":"Polygon","coordinates":[[[-122.268717,37.850321],[-122.268725,37.85032],[-122.268867,37.8503],[-122.268995,37.850281],[-122.269128,37.850262],[-122.26924,37.850246],[-122.26926,37.85034],[-122.268743,37.850405],[-122.268728,37.850407],[-122.268717,37.850321]]]},"properties":{"APN":"52-1529-5","SitusAddress":"6521 DOVER ST BERKELEY 94609"}},{"type":"Feature","geometry":{"type":"Polygon","coordinates":[[[-122.268716,37.850317],[-122.268669,37.850042],[-122.268689,37.850039],[-122.268807,37.850021],[-122.268867,37.8503],[-122.268725,37.85032],[-122.268717,37.850321],[-122.268716,37.850317]]]},"properties":{"APN":"52-1529-6","SitusAddress":"1925 HARMON ST BERKELEY 94703"}},{"type":"Feature","geometry":{"type":"Polygon","coordinates":[[[-122.268807,37.850021],[-122.268945,37.850003],[-122.268995,37.850281],[-122.268867,37.8503],[-122.268807,37.850021]]]},"properties":{"APN":"52-1529-7","SitusAddress":"1921 HARMON ST BERKELEY 94703"}},{"type":"Feature","geometry":{"type":"Polygon","coordinates":[[[-122.269128,37.850262],[-122.268995,37.850281],[-122.268945,37.850003],[-122.269075,37.849985],[-122.269128,37.850262]]]},"properties":{"APN":"52-1529-8","SitusAddress":"1917 HARMON ST BERKELEY 94703"}},{"type":"Feature","geometry":{"type":"Polygon","coordinates":[[[-122.269075,37.849985],[-122.269187,37.84997],[-122.26924,37.850246],[-122.269128,37.850262],[-122.269075,37.849985]]]},"properties":{"APN":"52-1529-9-4","SitusAddress":"1915 HARMON ST BERKELEY 94703"}},{"type":"Feature","geometry":{"type":"Polygon","coordinates":[[[-122.269187,37.84997],[-122.269306,37.849956],[-122.269361,37.850231],[-122.26924,37.850246],[-122.269187,37.84997]]]},"properties":{"APN":"52-1529-9-6","SitusAddress":"1911 HARMON ST BERKELEY 94703"}},{"type":"Feature","geometry":{"type":"Polygon","coordinates":[[[-122.269306,37.849956],[-122.269398,37.849943],[-122.269454,37.850219],[-122.269385,37.850228],[-122.269361,37.850231],[-122.269306,37.849956]]]},"properties":{"APN":"52-1529-10-2","SitusAddress":"1909 HARMON ST BERKELEY 94703"}},{"type":"Feature","geometry":{"type":"Polygon","coordinates":[[[-122.269398,37.849943],[-122.269501,37.849928],[-122.269558,37.850206],[-122.269454,37.850219],[-122.269398,37.849943]]]},"properties":{"APN":"52-1529-11","SitusAddress":"1907 HARMON ST BERKELEY 94703"}},{"type":"Feature","geometry":{"type":"Polygon","coordinates":[[[-122.269501,37.849928],[-122.269631,37.849912],[-122.269688,37.850189],[-122.269558,37.850206],[-122.269501,37.849928]]]},"properties":{"APN":"52-1529-12","SitusAddress":"1905 HARMON ST BERKELEY 94703"}},{"type":"Feature","geometry":{"type":"Polygon","coordinates":[[[-122.269631,37.849912],[-122.26976,37.849894],[-122.269821,37.850173],[-122.269688,37.850189],[-122.269631,37.849912]]]},"properties":{"APN":"52-1529-13","SitusAddress":"1901 HARMON ST BERKELEY 94703"}},{"type":"Feature","geometry":{"type":"Polygon","coordinates":[[[-122.270045,37.849858],[-122.270188,37.84984],[-122.27026,37.850166],[-122.270131,37.850182],[-122.270091,37.849983],[-122.270071,37.849984],[-122.270045,37.849858]]]},"properties":{"APN":"52-1529-16","SitusAddress":"1885 HARMON ST BERKELEY 94703"}},{"type":"Feature","geometry":{"type":"Polygon","coordinates":[[[-122.270188,37.84984],[-122.270404,37.849809],[-122.270439,37.849971],[-122.270473,37.850138],[-122.27026,37.850166],[-122.270188,37.84984]]]},"properties":{"APN":"52-1529-17","SitusAddress":"1883 HARMON ST BERKELEY 94703"}},{"type":"Feature","geometry":{"type":"Polygon","coordinates":[[[-122.270439,37.849971],[-122.270648,37.849948],[-122.270576,37.850125],[-122.270473,37.850138],[-122.270439,37.849971]]]},"properties":{"APN":"52-1529-19","SitusAddress":"3217 ADELINE ST BERKELEY 94703"}},{"type":"Feature","geometry":{"type":"Polygon","coordinates":[[[-122.269927,37.850208],[-122.269955,37.850204],[-122.270131,37.850182],[-122.27026,37.850166],[-122.270473,37.850138],[-122.270576,37.850125],[-122.270523,37.850271],[-122.269953,37.850343],[-122.269927,37.850208]]]},"properties":{"APN":"52-1529-20","SitusAddress":"3215 ADELINE ST BERKELEY 94703"}},{"type":"Feature","geometry":{"type":"Polygon","coordinates":[[[-122.269968,37.850414],[-122.269953,37.850343],[-122.270523,37.850271],[-122.270477,37.850381],[-122.269974,37.850447],[-122.269968,37.850414]]]},"properties":{"APN":"52-1529-21","SitusAddress":"3209 ADELINE ST BERKELEY 94703"}},{"type":"Feature","geometry":{"type":"Polygon","coordinates":[[[-122.269974,37.850447],[-122.270477,37.850381],[-122.270434,37.850496],[-122.269998,37.850551],[-122.269974,37.850447]]]},"properties":{"APN":"52-1529-22","SitusAddress":"3205 ADELINE ST BERKELEY 94703"}},{"type":"Feature","geometry":{"type":"Polygon","coordinates":[[[-122.269998,37.850551],[-122.270434,37.850496],[-122.270377,37.850647],[-122.270025,37.850684],[-122.269998,37.850551]]]},"properties":{"APN":"52-1529-23","SitusAddress":"3201 ADELINE ST BERKELEY 94703"}},{"type":"Feature","geometry":{"type":"Polygon","coordinates":[[[-122.269828,37.850432],[-122.269968,37.850414],[-122.269974,37.850447],[-122.269998,37.850551],[-122.270025,37.850684],[-122.26989,37.8507],[-122.269828,37.850432]]]},"properties":{"APN":"52-1529-24","SitusAddress":"1908 FAIRVIEW ST BERKELEY 94703"}},{"type":"Feature","geometry":{"type":"Polygon","coordinates":[[[-122.269828,37.850432],[-122.26989,37.8507],[-122.269752,37.850716],[-122.269694,37.85045],[-122.269828,37.850432]]]},"properties":{"APN":"52-1529-25","SitusAddress":"1912 FAIRVIEW ST BERKELEY 94703"}},{"type":"Feature","geometry":{"type":"Polygon","coordinates":[[[-122.269438,37.850479],[-122.269385,37.850228],[-122.269454,37.850219],[-122.269558,37.850206],[-122.269688,37.850189],[-122.269821,37.850173],[-122.269827,37.850212],[-122.26983,37.850224],[-122.269927,37.850208],[-122.269953,37.850343],[-122.269968,37.850414],[-122.269828,37.850432],[-122.269694,37.85045],[-122.269752,37.850716],[-122.269623,37.850731],[-122.269568,37.850464],[-122.269438,37.850479]]]},"properties":{"APN":"52-1529-26-1","SitusAddress":" FAIRVIEW ST BERKELEY 94703"}},{"type":"Feature","geometry":{"type":"Polygon","coordinates":[[[-122.269438,37.850479],[-122.269568,37.850464],[-122.269623,37.850731],[-122.269493,37.850747],[-122.269438,37.850479]]]},"properties":{"APN":"52-1529-27","SitusAddress":"1922 FAIRVIEW ST BERKELEY 94703"}},{"type":"Feature","geometry":{"type":"Polygon","coordinates":[[[-122.269297,37.850525],[-122.269279,37.850434],[-122.26926,37.85034],[-122.26924,37.850246],[-122.269361,37.850231],[-122.269385,37.850228],[-122.269438,37.850479],[-122.269493,37.850747],[-122.269346,37.850762],[-122.269297,37.850525]]]},"properties":{"APN":"52-1529-29","SitusAddress":"1924 FAIRVIEW ST BERKELEY 94703"}},{"type":"Feature","geometry":{"type":"Polygon","coordinates":[[[-122.269168,37.85063],[-122.26915,37.850544],[-122.269297,37.850525],[-122.269346,37.850762],[-122.269356,37.850792],[-122.269309,37.850812],[-122.269268,37.850828],[-122.269225,37.850852],[-122.269213,37.850854],[-122.269168,37.85063]]]},"properties":{"APN":"52-1529-30","SitusAddress":"1926 FAIRVIEW ST BERKELEY 94703"}},{"type":"Feature","geometry":{"type":"Polygon","coordinates":[[[-122.269168,37.85063],[-122.269213,37.850854],[-122.269157,37.850885],[-122.269111,37.850908],[-122.269088,37.85092],[-122.269032,37.850649],[-122.269168,37.85063]]]},"properties":{"APN":"52-1529-31","SitusAddress":"1930 FAIRVIEW ST BERKELEY 94703"}},{"type":"Feature","geometry":{"type":"Polygon","coordinates":[[[-122.269032,37.850649],[-122.269088,37.85092],[-122.269054,37.850932],[-122.269013,37.850947],[-122.26897,37.850961],[-122.268916,37.850665],[-122.269032,37.850649]]]},"properties":{"APN":"52-1529-32","SitusAddress":"1932 FAIRVIEW ST BERKELEY 94703"}},{"type":"Feature","geometry":{"type":"Polygon","coordinates":[[[-122.269821,37.850173],[-122.26976,37.849894],[-122.269886,37.849879],[-122.269955,37.850204],[-122.269927,37.850208],[-122.26983,37.850224],[-122.269827,37.850212],[-122.269821,37.850173]]]},"properties":{"APN":"52-1529-33","SitusAddress":"1899 HARMON ST BERKELEY 94703"}},{"type":"Feature","geometry":{"type":"Polygon","coordinates":[[[-122.269886,37.849879],[-122.270045,37.849858],[-122.270071,37.849984],[-122.270091,37.849983],[-122.270131,37.850182],[-122.269955,37.850204],[-122.269886,37.849879]]]},"properties":{"APN":"52-1529-34","SitusAddress":"1889 HARMON ST BERKELEY 94703"}},{"type":"Feature","geometry":{"type":"Polygon","coordinates":[[[-122.271148,37.850341],[-122.271555,37.850289],[-122.271578,37.850493],[-122.271065,37.850556],[-122.271148,37.850341]]]},"properties":{"APN":"52-1530-1","SitusAddress":"3200 ADELINE ST BERKELEY 94703"}},{"type":"Feature","geometry":{"type":"Polygon","coordinates":[[[-122.271176,37.850268],[-122.271548,37.850218],[-122.271551,37.850248],[-122.271555,37.850289],[-122.271148,37.850341],[-122.271176,37.850268]]]},"properties":{"APN":"52-1530-2","SitusAddress":"3212 ADELINE ST BERKELEY 94703"}},{"type":"Feature","geometry":{"type":"Polygon","coordinates":[[[-122.27121,37.850178],[-122.271538,37.850134],[-122.271548,37.850218],[-122.271176,37.850268],[-122.27121,37.850178]]]},"properties":{"APN":"52-1530-3","SitusAddress":"3220 ADELINE ST BERKELEY 94703"}},{"type":"Feature","geometry":{"type":"Polygon","coordinates":[[[-122.271298,37.849945],[-122.271671,37.8499],[-122.27168,37.850007],[-122.271257,37.85006],[-122.271298,37.849945]]]},"properties":{"APN":"52-1530-5","SitusAddress":"3228 ADELINE ST BERKELEY 94703"}},{"type":"Feature","geometry":{"type":"Polygon","coordinates":[[[-122.271671,37.8499],[-122.271665,37.849808],[-122.271658,37.849735],[-122.2718,37.849712],[-122.271825,37.849989],[-122.27168,37.850007],[-122.271671,37.8499]]]},"properties":{"APN":"52-1530-8","SitusAddress":"1835 HARMON ST BERKELEY 94703"}},{"type":"Feature","geometry":{"type":"Polygon","coordinates":[[[-122.271825,37.849989],[-122.2718,37.849712],[-122.271931,37.849696],[-122.271971,37.850082],[-122.271909,37.850087],[-122.271835,37.850097],[-122.271825,37.849989]]]},"properties":{"APN":"52-1530-9","SitusAddress":"1829 HARMON ST BERKELEY 94703"}},{"type":"Feature","geometry":{"type":"Polygon","coordinates":[[[-122.271931,37.849696],[-122.272069,37.84968],[-122.272109,37.850061],[-122.272083,37.850065],[-122.271971,37.850082],[-122.271931,37.849696]]]},"properties":{"APN":"52-1530-10","SitusAddress":"1825 HARMON ST BERKELEY 94703"}},{"type":"Feature","geometry":{"type":"Polygon","coordinates":[[[-122.272069,37.84968],[-122.272237,37.849659],[-122.272248,37.849781],[-122.272257,37.849864],[-122.272267,37.849985],[-122.272273,37.85004],[-122.272109,37.850061],[-122.272069,37.84968]]]},"properties":{"APN":"52-1530-11","SitusAddress":"1823 HARMON ST BERKELEY 94703"}},{"type":"Feature","geometry":{"type":"Polygon","coordinates":[[[-122.272273,37.85004],[-122.272267,37.849985],[-122.272683,37.84993],[-122.27269,37.850015],[-122.272383,37.850057],[-122.27239,37.85013],[-122.272284,37.850139],[-122.272273,37.85004]]]},"properties":{"APN":"52-1530-15","SitusAddress":"3207 ELLIS ST BERKELEY 94703"}},{"type":"Feature","geometry":{"type":"Polygon","coordinates":[[[-122.27239,37.85013],[-122.272383,37.850057],[-122.27269,37.850015],[-122.272727,37.850342],[-122.272417,37.850385],[-122.27239,37.85013]]]},"properties":{"APN":"52-1530-16","SitusAddress":"1802 FAIRVIEW ST BERKELEY 94703"}},{"type":"Feature","geometry":{"type":"Polygon","coordinates":[[[-122.272284,37.850139],[-122.27239,37.85013],[-122.272417,37.850385],[-122.272313,37.850395],[-122.272284,37.850139]]]},"properties":{"APN":"52-1530-17","SitusAddress":"1810 FAIRVIEW ST BERKELEY 94703"}},{"type":"Feature","geometry":{"type":"Polygon","coordinates":[[[-122.272083,37.850065],[-122.272109,37.850061],[-122.272273,37.85004],[-122.272284,37.850139],[-122.272313,37.850395],[-122.272123,37.850425],[-122.272083,37.850065]]]},"properties":{"APN":"52-1530-18","SitusAddress":"1812 FAIRVIEW ST BERKELEY 94703"}},{"type":"Feature","geometry":{"type":"Polygon","coordinates":[[[-122.271909,37.850087],[-122.271971,37.850082],[-122.272083,37.850065],[-122.272123,37.850425],[-122.271951,37.850444],[-122.271909,37.850087]]]},"properties":{"APN":"52-1530-19","SitusAddress":"1816 FAIRVIEW ST BERKELEY 94703"}},{"type":"Feature","geometry":{"type":"Polygon","coordinates":[[[-122.271835,37.850097],[-122.271909,37.850087],[-122.271951,37.850444],[-122.271825,37.850462],[-122.271783,37.850105],[-122.271835,37.850097]]]},"properties":{"APN":"52-1530-20","SitusAddress":"1820 FAIRVIEW ST BERKELEY 94703"}},{"type":"Feature","geometry":{"type":"Polygon","coordinates":[[[-122.271551,37.850248],[-122.271548,37.850218],[-122.271538,37.850134],[-122.27121,37.850178],[-122.271257,37.85006],[-122.27168,37.850007],[-122.271825,37.849989],[-122.271835,37.850097],[-122.271783,37.850105],[-122.271825,37.850462],[-122.271693,37.850478],[-122.271668,37.850235],[-122.271551,37.850248]]]},"properties":{"APN":"52-1530-21-2","SitusAddress":"3222 ADELINE ST BERKELEY 94703"}},{"type":"Feature","geometry":{"type":"Polygon","coordinates":[[[-122.271555,37.850289],[-122.271551,37.850248],[-122.271668,37.850235],[-122.271693,37.850478],[-122.271578,37.850493],[-122.271555,37.850289]]]},"properties":{"APN":"52-1530-22","SitusAddress":"1826 FAIRVIEW ST BERKELEY 94703"}},{"type":"Feature","geometry":{"type":"Polygon","coordinates":[[[-122.273595,37.850056],[-122.273735,37.850038],[-122.273753,37.85021],[-122.273613,37.850231],[-122.273595,37.850056]]]},"properties":{"APN":"52-1534-1","SitusAddress":"1702 FAIRVIEW ST BERKELEY 94703"}},{"type":"Feature","geometry":{"type":"Polygon","coordinates":[[[-122.273446,37.849974],[-122.273584,37.849956],[-122.273595,37.850056],[-122.273613,37.850231],[-122.273475,37.850249],[-122.273446,37.849974]]]},"properties":{"APN":"52-1534-2","SitusAddress":"1706 FAIRVIEW ST BERKELEY 94703"}},{"type":"Feature","geometry":{"type":"Polygon","coordinates":[[[-122.27333,37.850166],[-122.273318,37.850068],[-122.27331,37.849992],[-122.273446,37.849974],[-122.273475,37.850249],[-122.273339,37.850262],[-122.27333,37.850166]]]},"properties":{"APN":"52-1534-3","SitusAddress":"1710 FAIRVIEW ST BERKELEY 94703"}},{"type":"Feature","geometry":{"type":"Polygon","coordinates":[[[-122.272924,37.850216],[-122.27333,37.850166],[-122.273339,37.850262],[-122.272935,37.850314],[-122.272924,37.850216]]]},"properties":{"APN":"52-1534-4","SitusAddress":"1714 FAIRVIEW ST BERKELEY 94703"}},{"type":"Feature","geometry":{"type":"Polygon","coordinates":[[[-122.272918,37.850118],[-122.273318,37.850068],[-122.27333,37.850166],[-122.272924,37.850216],[-122.272918,37.850118]]]},"properties":{"APN":"52-1534-5","SitusAddress":"3202 ELLIS ST BERKELEY 94703"}},{"type":"Feature","geometry":{"type":"Polygon","coordinates":[[[-122.272907,37.850012],[-122.273307,37.84996],[-122.27331,37.849992],[-122.273318,37.850068],[-122.272918,37.850118],[-122.272907,37.850012]]]},"properties":{"APN":"52-1534-6","SitusAddress":"3204 ELLIS ST BERKELEY 94703"}},{"type":"Feature","geometry":{"type":"Polygon","coordinates":[[[-122.272896,37.849923],[-122.2733,37.849867],[-122.273307,37.84996],[-122.272907,37.850012],[-122.272896,37.849923]]]},"properties":{"APN":"52-1534-7","SitusAddress":"3206 ELLIS ST BERKELEY 94703"}},{"type":"Feature","geometry":{"type":"Polygon","coordinates":[[[-122.273584,37.849956],[-122.273724,37.849937],[-122.273735,37.850038],[-122.273595,37.850056],[-122.273584,37.849956]]]},"properties":{"APN":"52-1534-15","SitusAddress":"3207 KING ST BERKELEY 94703"}},{"type":"Feature","geometry":{"type":"Polygon","coordinates":[[[-122.273954,37.850048],[-122.274211,37.850014],[-122.274225,37.850147],[-122.273964,37.850179],[-122.273954,37.850048]]]},"properties":{"APN":"52-1535-1","SitusAddress":"3200 KING ST BERKELEY 94703"}},{"type":"Feature","geometry":{"type":"Polygon","coordinates":[[[-122.27394,37.849931],[-122.2742,37.8499],[-122.274211,37.850014],[-122.273954,37.850048],[-122.27394,37.849931]]]},"properties":{"APN":"52-1535-2","SitusAddress":"3206 KING ST BERKELEY 94703"}},{"type":"Feature","geometry":{"type":"Polygon","coordinates":[[[-122.275157,37.849648],[-122.275325,37.849626],[-122.275326,37.849631],[-122.275399,37.849995],[-122.275229,37.850018],[-122.275158,37.849655],[-122.275157,37.849648]]]},"properties":{"APN":"52-1535-24","SitusAddress":"1618 FAIRVIEW ST BERKELEY 94703"}},{"type":"Feature","geometry":{"type":"Polygon","coordinates":[[[-122.275154,37.849648],[-122.275157,37.849648],[-122.275158,37.849655],[-122.275229,37.850018],[-122.275057,37.85004],[-122.27498,37.849671],[-122.275154,37.849648]]]},"properties":{"APN":"52-1535-25","SitusAddress":"1622 FAIRVIEW ST BERKELEY 94703"}},{"type":"Feature","geometry":{"type":"Polygon","coordinates":[[[-122.274812,37.849693],[-122.274812,37.849692],[-122.27498,37.849671],[-122.275057,37.85004],[-122.274889,37.850058],[-122.274812,37.849693]]]},"properties":{"APN":"52-1535-26","SitusAddress":"1628 FAIRVIEW ST BERKELEY 94703"}},{"type":"Feature","geometry":{"type":"Polygon","coordinates":[[[-122.274641,37.849715],[-122.274812,37.849693],[-122.274889,37.850058],[-122.274884,37.850058],[-122.274718,37.850082],[-122.274641,37.849715]]]},"properties":{"APN":"52-1535-27","SitusAddress":"1630 FAIRVIEW ST BERKELEY 94703"}},{"type":"Feature","geometry":{"type":"Polygon","coordinates":[[[-122.274523,37.849729],[-122.274641,37.849715],[-122.274718,37.850082],[-122.274603,37.850097],[-122.274523,37.849729]]]},"properties":{"APN":"52-1535-28","SitusAddress":"1634 FAIRVIEW ST BERKELEY 94703"}},{"type":"Feature","geometry":{"type":"Polygon","coordinates":[[[-122.274471,37.849735],[-122.274523,37.849729],[-122.274603,37.850097],[-122.274485,37.850111],[-122.274428,37.84974],[-122.274471,37.849735]]]},"properties":{"APN":"52-1535-29","SitusAddress":"1636 FAIRVIEW ST BERKELEY 94703"}},{"type":"Feature","geometry":{"type":"Polygon","coordinates":[[[-122.274344,37.849846],[-122.274337,37.849787],[-122.274336,37.849753],[-122.274428,37.84974],[-122.274485,37.850111],[-122.274371,37.850127],[-122.274344,37.849846]]]},"properties":{"APN":"52-1535-30","SitusAddress":"1638 FAIRVIEW ST BERKELEY 94703"}},{"type":"Feature","geometry":{"type":"Polygon","coordinates":[[[-122.274211,37.850014],[-122.2742,37.8499],[-122.274195,37.849866],[-122.274344,37.849846],[-122.274371,37.850127],[-122.274225,37.850147],[-122.274211,37.850014]]]},"properties":{"APN":"52-1535-31","SitusAddress":"1640 FAIRVIEW ST BERKELEY 94703"}},{"type":"Feature","geometry":{"type":"Polygon","coordinates":[[[-122.276589,37.851309],[-122.276763,37.851286],[-122.276836,37.851653],[-122.276667,37.851675],[-122.276589,37.851309]]]},"properties":{"APN":"52-1542-1","SitusAddress":"3102 CALIFORNIA ST BERKELEY 94703"}},{"type":"Feature","geometry":{"type":"Polygon","coordinates":[[[-122.276569,37.851222],[-122.276913,37.851175],[-122.276931,37.851264],[-122.276763,37.851286],[-122.276589,37.851309],[-122.276569,37.851222]]]},"properties":{"APN":"52-1542-2","SitusAddress":"3110 CALIFORNIA ST BERKELEY 94703"}},{"type":"Feature","geometry":{"type":"Polygon","coordinates":[[[-122.276548,37.851131],[-122.276721,37.851107],[-122.276894,37.851084],[-122.276913,37.851175],[-122.276569,37.851222],[-122.276548,37.851131]]]},"properties":{"APN":"52-1542-3","SitusAddress":"3114 CALIFORNIA ST BERKELEY 94703"}},{"type":"Feature","geometry":{"type":"Polygon","coordinates":[[[-122.276532,37.851035],[-122.276876,37.850992],[-122.276894,37.851084],[-122.276721,37.851107],[-122.276548,37.851131],[-122.276532,37.851035]]]},"properties":{"APN":"52-1542-4","SitusAddress":"3116 CALIFORNIA ST BERKELEY 94703"}},{"type":"Feature","geometry":{"type":"Polygon","coordinates":[[[-122.276854,37.850894],[-122.276876,37.850992],[-122.276532,37.851035],[-122.276509,37.850945],[-122.276854,37.850894]]]},"properties":{"APN":"52-1542-5","SitusAddress":"3118 CALIFORNIA ST BERKELEY 94703"}},{"type":"Feature","geometry":{"type":"Polygon","coordinates":[[[-122.276913,37.851175],[-122.276894,37.851084],[-122.276876,37.850992],[-122.276854,37.850894],[-122.277025,37.850873],[-122.277064,37.851056],[-122.277103,37.851239],[-122.276931,37.851264],[-122.276913,37.851175]]]},"properties":{"APN":"52-1542-6","SitusAddress":"1533 WOOLSEY ST BERKELEY 94703"}},{"type":"Feature","geometry":{"type":"Polygon","coordinates":[[[-122.277025,37.850873],[-122.277196,37.850852],[-122.277273,37.851216],[-122.277103,37.851239],[-122.277064,37.851056],[-122.277025,37.850873]]]},"properties":{"APN":"52-1542-7","SitusAddress":"1529 WOOLSEY ST BERKELEY 94703"}},{"type":"Feature","geometry":{"type":"Polygon","coordinates":[[[-122.277196,37.850852],[-122.277329,37.850834],[-122.277402,37.851201],[-122.277273,37.851216],[-122.277196,37.850852]]]},"properties":{"APN":"52-1542-8","SitusAddress":"1527 WOOLSEY ST BERKELEY 94703"}},{"type":"Feature","geometry":{"type":"Polygon","coordinates":[[[-122.277329,37.850834],[-122.277459,37.850818],[-122.277532,37.851185],[-122.277445,37.851196],[-122.277402,37.851201],[-122.277329,37.850834]]]},"properties":{"APN":"52-1542-9","SitusAddress":"1523 WOOLSEY ST BERKELEY 94703"}},{"type":"Feature","geometry":{"type":"Polygon","coordinates":[[[-122.277459,37.850818],[-122.277588,37.8508],[-122.277661,37.851168],[-122.277616,37.851174],[-122.277532,37.851185],[-122.277459,37.850818]]]},"properties":{"APN":"52-1542-10","SitusAddress":"1521 WOOLSEY ST BERKELEY 94703"}},{"type":"Feature","geometry":{"type":"Polygon","coordinates":[[[-122.277588,37.8508],[-122.277709,37.850786],[-122.277784,37.851152],[-122.277661,37.851168],[-122.277588,37.8508]]]},"properties":{"APN":"52-1542-11","SitusAddress":"1517 WOOLSEY ST BERKELEY 94703"}},{"type":"Feature","geometry":{"type":"Polygon","coordinates":[[[-122.277709,37.850786],[-122.277878,37.850765],[-122.277953,37.85113],[-122.277891,37.851137],[-122.277784,37.851152],[-122.277709,37.850786]]]},"properties":{"APN":"52-1542-12","SitusAddress":"1515 WOOLSEY ST BERKELEY 94703"}},{"type":"Feature","geometry":{"type":"Polygon","coordinates":[[[-122.277878,37.850765],[-122.27798,37.85075],[-122.278055,37.851118],[-122.277996,37.851125],[-122.277953,37.85113],[-122.277878,37.850765]]]},"properties":{"APN":"52-1542-13","SitusAddress":"1513 WOOLSEY ST BERKELEY 94703"}},{"type":"Feature","geometry":{"type":"Polygon","coordinates":[[[-122.27798,37.85075],[-122.278113,37.850734],[-122.278184,37.8511],[-122.278127,37.851108],[-122.278055,37.851118],[-122.27798,37.85075]]]},"properties":{"APN":"52-1542-14","SitusAddress":"1511 WOOLSEY ST BERKELEY 94703"}},{"type":"Feature","geometry":{"type":"Polygon","coordinates":[[[-122.277996,37.851125],[-122.278055,37.851118],[-122.278127,37.851108],[-122.278159,37.851268],[-122.278198,37.851476],[-122.278072,37.851492],[-122.277996,37.851125]]]},"properties":{"APN":"52-1542-18","SitusAddress":"1510 PRINCE ST BERKELEY 94703"}},{"type":"Feature","geometry":{"type":"Polygon","coordinates":[[[-122.277891,37.851137],[-122.277953,37.85113],[-122.277996,37.851125],[-122.278072,37.851492],[-122.277964,37.851507],[-122.277891,37.851137]]]},"properties":{"APN":"52-1542-19","SitusAddress":"1512 PRINCE ST BERKELEY 94703"}},{"type":"Feature","geometry":{"type":"Polygon","coordinates":[[[-122.277784,37.851152],[-122.277891,37.851137],[-122.277964,37.851507],[-122.277858,37.851518],[-122.277784,37.851152]]]},"properties":{"APN":"52-1542-20","SitusAddress":"1514 PRINCE ST BERKELEY 94703"}},{"type":"Feature","geometry":{"type":"Polygon","coordinates":[[[-122.277616,37.851174],[-122.277661,37.851168],[-122.277784,37.851152],[-122.277858,37.851518],[-122.277682,37.851541],[-122.277616,37.851174]]]},"properties":{"APN":"52-1542-21","SitusAddress":"1516 PRINCE ST BERKELEY 94703"}},{"type":"Feature","geometry":{"type":"Polygon","coordinates":[[[-122.277445,37.851196],[-122.277532,37.851185],[-122.277616,37.851174],[-122.277682,37.851541],[-122.277522,37.851567],[-122.277445,37.851196]]]},"properties":{"APN":"52-1542-22","SitusAddress":"1522 PRINCE ST BERKELEY 94703"}},{"type":"Feature","geometry":{"type":"Polygon","coordinates":[[[-122.277273,37.851216],[-122.277402,37.851201],[-122.277445,37.851196],[-122.277522,37.851567],[-122.277349,37.851585],[-122.277273,37.851216]]]},"properties":{"APN":"52-1542-23","SitusAddress":"1524 PRINCE ST BERKELEY 94703"}},{"type":"Feature","geometry":{"type":"Polygon","coordinates":[[[-122.277103,37.851239],[-122.277273,37.851216],[-122.277349,37.851585],[-122.277173,37.851608],[-122.277103,37.851239]]]},"properties":{"APN":"52-1542-24","SitusAddress":"1530 PRINCE ST BERKELEY 94703"}},{"type":"Feature","geometry":{"type":"Polygon","coordinates":[[[-122.276931,37.851264],[-122.277103,37.851239],[-122.277173,37.851608],[-122.277004,37.851632],[-122.276931,37.851264]]]},"properties":{"APN":"52-1542-25","SitusAddress":"1534 PRINCE ST BERKELEY 94703"}},{"type":"Feature","geometry":{"type":"Polygon","coordinates":[[[-122.276763,37.851286],[-122.276931,37.851264],[-122.277004,37.851632],[-122.276836,37.851653],[-122.276763,37.851286]]]},"properties":{"APN":"52-1542-26","SitusAddress":"1540 PRINCE ST BERKELEY 94703"}},{"type":"Feature","geometry":{"type":"Polygon","coordinates":[[[-122.274038,37.850965],[-122.274449,37.850912],[-122.274461,37.851039],[-122.274053,37.851091],[-122.274038,37.850965]]]},"properties":{"APN":"52-1543-1","SitusAddress":"3128 KING ST BERKELEY 94703"}},{"type":"Feature","geometry":{"type":"Polygon","coordinates":[[[-122.27403,37.850848],[-122.274436,37.850796],[-122.274449,37.850912],[-122.274038,37.850965],[-122.27403,37.850848]]]},"properties":{"APN":"52-1543-2","SitusAddress":"3132 KING ST BERKELEY 94703"}},{"type":"Feature","geometry":{"type":"Polygon","coordinates":[[[-122.274019,37.850749],[-122.274425,37.850697],[-122.274436,37.850796],[-122.27403,37.850848],[-122.274019,37.850749]]]},"properties":{"APN":"52-1543-3","SitusAddress":"3134 KING ST BERKELEY 94703"}},{"type":"Feature","geometry":{"type":"Polygon","coordinates":[[[-122.252585,37.850935],[-122.252946,37.850877],[-122.252947,37.850887],[-122.252977,37.851106],[-122.252862,37.851121],[-122.252604,37.851155],[-122.252585,37.850935]]]},"properties":{"APN":"52-1409-1-1","SitusAddress":"3200 COLLEGE AVE BERKELEY 94705"}},{"type":"Feature","geometry":{"type":"Polygon","coordinates":[[[-122.252564,37.850827],[-122.252569,37.850826],[-122.252932,37.850778],[-122.252946,37.850877],[-122.252585,37.850935],[-122.252564,37.850827]]]},"properties":{"APN":"52-1409-3","SitusAddress":"3212 COLLEGE AVE BERKELEY 94705"}},{"type":"Feature","geometry":{"type":"Polygon","coordinates":[[[-122.252815,37.853533],[-122.25311,37.853495],[-122.253137,37.853643],[-122.25315,37.853712],[-122.25316,37.85377],[-122.252841,37.853812],[-122.252815,37.853533]]]},"properties":{"APN":"52-1410-2","SitusAddress":"3100 COLLEGE AVE BERKELEY 94705"}},{"type":"Feature","geometry":{"type":"Polygon","coordinates":[[[-122.252668,37.852001],[-122.253072,37.851952],[-122.253077,37.851972],[-122.253077,37.851972],[-122.25308,37.851988],[-122.253105,37.852108],[-122.252971,37.852118],[-122.25268,37.852139],[-122.252668,37.852001]]]},"properties":{"APN":"52-1410-12","SitusAddress":"3148 COLLEGE AVE BERKELEY 94705"}},{"type":"Feature","geometry":{"type":"Polygon","coordinates":[[[-122.252638,37.851694],[-122.253008,37.851646],[-122.25302,37.851701],[-122.253042,37.851806],[-122.253048,37.851835],[-122.253048,37.851836],[-122.253048,37.851837],[-122.252656,37.851864],[-122.252638,37.851694]]]},"properties":{"APN":"52-1410-14-2","SitusAddress":"3158 COLLEGE AVE BERKELEY 94705"}},{"type":"Feature","geometry":{"type":"Polygon","coordinates":[[[-122.252968,37.851291],[-122.253025,37.851561],[-122.252991,37.851566],[-122.253006,37.851639],[-122.253008,37.851646],[-122.252638,37.851694],[-122.252608,37.851324],[-122.252968,37.851291]]]},"properties":{"APN":"52-1410-16-1","SitusAddress":"3170 COLLEGE AVE BERKELEY 94705"}},{"type":"Feature","geometry":{"type":"Polygon","coordinates":[[[-122.253255,37.85348],[-122.253285,37.853476],[-122.253331,37.853694],[-122.253279,37.853701],[-122.253278,37.853695],[-122.253255,37.85348]]]},"properties":{"APN":"52-1410-17","SitusAddress":"2638 WOOLSEY ST OAKLAND 94705"}},{"type":"Feature","geometry":{"type":"Polygon","coordinates":[[[-122.25315,37.853712],[-122.253137,37.853643],[-122.25311,37.853495],[-122.253121,37.853494],[-122.253255,37.85348],[-122.253278,37.853695],[-122.253279,37.853701],[-122.253331,37.853694],[-122.253334,37.853704],[-122.253343,37.853748],[-122.25316,37.85377],[-122.25315,37.853712]]]},"properties":{"APN":"52-1410-18","SitusAddress":"2638 WOOLSEY ST BERKELEY 94705"}},{"type":"Feature","geometry":{"type":"Polygon","coordinates":[[[-122.253255,37.85348],[-122.253121,37.853494],[-122.25311,37.853495],[-122.252815,37.853533],[-122.252786,37.853254],[-122.253091,37.85322],[-122.253266,37.8532],[-122.253294,37.853336],[-122.253323,37.853471],[-122.253285,37.853476],[-122.253255,37.85348]]]},"properties":{"APN":"52-1410-20-1","SitusAddress":"3110 COLLEGE AVE BERKELEY 94705"}},{"type":"Feature","geometry":{"type":"Polygon","coordinates":[[[-122.252774,37.853112],[-122.25321,37.853068],[-122.253237,37.853065],[-122.253266,37.8532],[-122.253091,37.85322],[-122.252786,37.853254],[-122.252774,37.853112]]]},"properties":{"APN":"52-1410-22-1","SitusAddress":"3118 COLLEGE AVE BERKELEY 94705"}},{"type":"Feature","geometry":{"type":"Polygon","coordinates":[[[-122.253243,37.852925],[-122.253271,37.85306],[-122.253237,37.853065],[-122.25321,37.853068],[-122.253195,37.852931],[-122.253243,37.852925]]]},"properties":{"APN":"52-1410-23","SitusAddress":"3122 COLLEGE AVE OAKLAND 94705"}},{"type":"Feature","geometry":{"type":"Polygon","coordinates":[[[-122.252762,37.852969],[-122.253195,37.852931],[-122.25321,37.853068],[-122.252774,37.853112],[-122.252762,37.852969]]]},"properties":{"APN":"52-1410-24","SitusAddress":"3122 COLLEGE AVE BERKELEY 94705"}},{"type":"Feature","geometry":{"type":"Polygon","coordinates":[[[-122.253243,37.852925],[-122.253195,37.852931],[-122.25318,37.852794],[-122.253214,37.852789],[-122.253243,37.852925]]]},"properties":{"APN":"52-1410-25","SitusAddress":"3126 COLLEGE AVE OAKLAND 94705"}},{"type":"Feature","geometry":{"type":"Polygon","coordinates":[[[-122.253195,37.852931],[-122.252762,37.852969],[-122.25275,37.852832],[-122.25318,37.852794],[-122.253195,37.852931]]]},"properties":{"APN":"52-1410-26","SitusAddress":"3126 COLLEGE AVE BERKELEY 94705"}},{"type":"Feature","geometry":{"type":"Polygon","coordinates":[[[-122.253214,37.852789],[-122.25318,37.852794],[-122.253164,37.852657],[-122.253186,37.852654],[-122.253214,37.852789]]]},"properties":{"APN":"52-1410-27","SitusAddress":"3128 COLLEGE AVE OAKLAND 94705"}},{"type":"Feature","geometry":{"type":"Polygon","coordinates":[[[-122.25318,37.852794],[-122.25275,37.852832],[-122.252738,37.852697],[-122.253164,37.852657],[-122.25318,37.852794]]]},"properties":{"APN":"52-1410-28","SitusAddress":"3128 COLLEGE AVE BERKELEY 94705"}},{"type":"Feature","geometry":{"type":"Polygon","coordinates":[[[-122.253186,37.852654],[-122.253164,37.852657],[-122.253147,37.85252],[-122.253157,37.852519],[-122.253186,37.852654]]]},"properties":{"APN":"52-1410-29","SitusAddress":"3132 COLLEGE AVE OAKLAND 94705"}},{"type":"Feature","geometry":{"type":"Polygon","coordinates":[[[-122.253164,37.852657],[-122.252738,37.852697],[-122.252721,37.852555],[-122.253147,37.85252],[-122.253164,37.852657]]]},"properties":{"APN":"52-1410-30","SitusAddress":"3132 COLLEGE AVE BERKELEY 94705"}},{"type":"Feature","geometry":{"type":"Polygon","coordinates":[[[-122.253157,37.852519],[-122.253147,37.85252],[-122.253134,37.852409],[-122.253157,37.852519]]]},"properties":{"APN":"52-1410-31","SitusAddress":"3136 COLLEGE AVE OAKLAND 94705"}},{"type":"Feature","geometry":{"type":"Polygon","coordinates":[[[-122.253147,37.85252],[-122.252721,37.852555],[-122.252706,37.85242],[-122.252999,37.852381],[-122.253133,37.852364],[-122.253135,37.852382],[-122.253128,37.852383],[-122.253134,37.852409],[-122.253147,37.85252]]]},"properties":{"APN":"52-1410-32","SitusAddress":"3136 COLLEGE AVE BERKELEY 94705"}},{"type":"Feature","geometry":{"type":"Polygon","coordinates":[[[-122.253133,37.852364],[-122.253128,37.852319],[-122.25312,37.852245],[-122.253129,37.852244],[-122.253134,37.852243],[-122.253163,37.852379],[-122.253135,37.852382],[-122.253133,37.852364]]]},"properties":{"APN":"52-1410-33","SitusAddress":"3140 COLLEGE AVE OAKLAND 94705"}},{"type":"Feature","geometry":{"type":"Polygon","coordinates":[[[-122.253133,37.852364],[-122.252999,37.852381],[-122.252706,37.85242],[-122.252692,37.852285],[-122.252986,37.852258],[-122.25312,37.852245],[-122.253128,37.852319],[-122.253133,37.852364]]]},"properties":{"APN":"52-1410-34","SitusAddress":"3140 COLLEGE AVE BERKELEY 94705"}},{"type":"Feature","geometry":{"type":"Polygon","coordinates":[[[-122.253105,37.852108],[-122.253134,37.852243],[-122.253129,37.852244],[-122.25312,37.852245],[-122.253105,37.852108]]]},"properties":{"APN":"52-1410-35","SitusAddress":"3144 COLLEGE AVE OAKLAND 94705"}},{"type":"Feature","geometry":{"type":"Polygon","coordinates":[[[-122.25312,37.852245],[-122.252986,37.852258],[-122.252692,37.852285],[-122.25268,37.852139],[-122.252971,37.852118],[-122.253105,37.852108],[-122.25312,37.852245]]]},"properties":{"APN":"52-1410-36","SitusAddress":"3144 COLLEGE AVE BERKELEY 94705"}},{"type":"Feature","geometry":{"type":"Polygon","coordinates":[[[-122.252656,37.851864],[-122.253048,37.851837],[-122.253048,37.851837],[-122.253052,37.851853],[-122.253072,37.851952],[-122.252668,37.852001],[-122.252656,37.851864]]]},"properties":{"APN":"52-1410-41","SitusAddress":"3154 COLLEGE AVE BERKELEY 94705"}},{"type":"Feature","geometry":{"type":"Polygon","coordinates":[[[-122.25997,37.852908],[-122.259781,37.852932],[-122.259767,37.85286],[-122.25998,37.852832],[-122.25997,37.852908]]]},"properties":{"APN":"52-1421-1-1","SitusAddress":"3201 TELEGRAPH AVE BERKELEY 94705"}},{"type":"Feature","geometry":{"type":"Polygon","coordinates":[[[-122.261916,37.852568],[-122.261922,37.852567],[-122.262234,37.852526],[-122.262237,37.852538],[-122.262237,37.852539],[-122.261919,37.85258],[-122.261916,37.852568]]]},"properties":{"APN":"52-1423-2","SitusAddress":"3200 DEAKIN ST OAKLAND 94705"}},{"type":"Feature","geometry":{"type":"Polygon","coordinates":[[[-122.262251,37.852611],[-122.261934,37.852652],[-122.261924,37.852604],[-122.26192,37.852584],[-122.261919,37.85258],[-122.262237,37.852539],[-122.262251,37.852611]]]},"properties":{"APN":"52-1423-3","SitusAddress":"3200 DEAKIN ST BERKELEY 94705"}},{"type":"Feature","geometry":{"type":"Polygon","coordinates":[[[-122.265207,37.852184],[-122.265318,37.852169],[-122.265365,37.8524],[-122.265248,37.852416],[-122.265207,37.852184]]]},"properties":{"APN":"52-1425-11","SitusAddress":"2116 WOOLSEY ST BERKELEY 94705"}}]}