{"type":"FeatureCollection","source":"https://cache.gis.lacounty.gov/cache/rest/services/LACounty_Cache/LACounty_Parcel/FeatureServer/0","retrieved":"2026-09-25","features":[{"type":"Feature","geometry":{"type":"Polygon","coordinates":[[[-118.473219,34.093966],[-118.473928,34.09419],[-118.475008,34.094533],[-118.474969,34.09206],[-118.474968,34.092],[-118.474965,34.091785],[-118.474959,34.091413],[-118.474958,34.091402],[-118.474954,34.091132],[-118.474953,34.091077],[-118.47495,34.090881],[-118.474948,34.090715],[-118.474856,34.0902],[-118.474776,34.089746],[-118.474767,34.089692],[-118.473307,34.089865],[-118.473094,34.088661],[-118.473032,34.088691],[-118.472628,34.088886],[-118.472614,34.088892],[-118.4727,34.089295],[-118.472255,34.090038],[-118.472451,34.090506],[-118.472459,34.090524],[-118.472609,34.090882],[-118.472708,34.091121],[-118.472713,34.091133],[-118.472835,34.091425],[-118.472608,34.091763],[-118.472143,34.092456],[-118.473219,34.093966]]]},"properties":{"APN":"4368-001-006","SitusFullAddress":""}},{"type":"Feature","geometry":{"type":"Polygon","coordinates":[[[-118.475017,34.088728],[-118.474984,34.088731],[-118.47497,34.088733],[-118.474963,34.088733],[-118.474946,34.088735],[-118.474945,34.088735],[-118.474963,34.088865],[-118.474971,34.08892],[-118.474972,34.088931],[-118.475013,34.089205],[-118.475057,34.089478],[-118.475104,34.089751],[-118.475106,34.089764],[-118.475173,34.089757],[-118.475044,34.088898],[-118.475032,34.088819],[-118.475019,34.088728],[-118.475017,34.088728]]]},"properties":{"APN":"4368-001-018","SitusFullAddress":""}},{"type":"Feature","geometry":{"type":"Polygon","coordinates":[[[-118.474922,34.088571],[-118.474922,34.088571],[-118.474946,34.088569],[-118.474994,34.088564],[-118.474995,34.088564],[-118.474982,34.088474],[-118.474914,34.088001],[-118.474893,34.088003],[-118.474887,34.087965],[-118.474909,34.087963],[-118.474829,34.087408],[-118.474761,34.087415],[-118.474759,34.087403],[-118.474867,34.088179],[-118.474871,34.088208],[-118.474922,34.088571]]]},"properties":{"APN":"4368-001-019","SitusFullAddress":""}},{"type":"Feature","geometry":{"type":"Polygon","coordinates":[[[-118.473094,34.088661],[-118.473307,34.089865],[-118.474767,34.089692],[-118.474858,34.089681],[-118.474792,34.089285],[-118.474733,34.088887],[-118.474713,34.088741],[-118.474705,34.088685],[-118.474668,34.088409],[-118.474649,34.088411],[-118.474643,34.08837],[-118.474662,34.088368],[-118.474358,34.086156],[-118.474215,34.086169],[-118.473855,34.086379],[-118.473801,34.08641],[-118.473507,34.086581],[-118.473168,34.086648],[-118.473215,34.086754],[-118.473266,34.08687],[-118.473291,34.087012],[-118.473348,34.087337],[-118.473389,34.087569],[-118.473419,34.087737],[-118.473461,34.087977],[-118.473469,34.088019],[-118.473387,34.08816],[-118.473247,34.0884],[-118.473216,34.088451],[-118.473188,34.088501],[-118.473137,34.088588],[-118.473106,34.088641],[-118.473094,34.088661]]]},"properties":{"APN":"4368-001-020","SitusFullAddress":"1340 N SEPULVEDA BLVD LOS ANGELES CA 90049"}},{"type":"Feature","geometry":{"type":"Polygon","coordinates":[[[-118.470166,34.091316],[-118.469922,34.091491],[-118.46993,34.091737],[-118.472608,34.091763],[-118.472835,34.091425],[-118.472713,34.091133],[-118.472708,34.091121],[-118.472609,34.090882],[-118.472459,34.090524],[-118.472451,34.090506],[-118.472255,34.090038],[-118.4727,34.089295],[-118.472614,34.088892],[-118.472513,34.088941],[-118.472207,34.089088],[-118.471956,34.089013],[-118.471432,34.088855],[-118.471569,34.08927],[-118.470732,34.089398],[-118.470508,34.089654],[-118.470672,34.090261],[-118.471141,34.090604],[-118.470761,34.090883],[-118.470482,34.091088],[-118.470166,34.091316]]]},"properties":{"APN":"4368-001-900","SitusFullAddress":""}},{"type":"Feature","geometry":{"type":"Polygon","coordinates":[[[-118.468998,34.090493],[-118.469061,34.090537],[-118.470166,34.091316],[-118.470482,34.091088],[-118.470761,34.090883],[-118.471141,34.090604],[-118.470672,34.090261],[-118.470508,34.089654],[-118.470732,34.089398],[-118.471569,34.08927],[-118.471432,34.088855],[-118.471431,34.088852],[-118.471363,34.088644],[-118.471357,34.088626],[-118.471358,34.088609],[-118.470839,34.088383],[-118.469905,34.088717],[-118.46986,34.088709],[-118.469792,34.088698],[-118.469784,34.088724],[-118.469633,34.089053],[-118.469559,34.089214],[-118.46962,34.089389],[-118.469781,34.089848],[-118.469772,34.089878],[-118.46976,34.089907],[-118.469243,34.090252],[-118.468998,34.090493]]]},"properties":{"APN":"4368-002-023","SitusFullAddress":"1323 MORAGA DR LOS ANGELES CA 90049"}},{"type":"Feature","geometry":{"type":"Polygon","coordinates":[[[-118.469792,34.088698],[-118.46986,34.088709],[-118.469905,34.088717],[-118.470839,34.088383],[-118.471358,34.088609],[-118.471361,34.088387],[-118.471366,34.0881],[-118.471367,34.088093],[-118.471369,34.087964],[-118.471277,34.087882],[-118.471053,34.08768],[-118.470734,34.087393],[-118.47073,34.087389],[-118.470765,34.087078],[-118.470782,34.086919],[-118.470785,34.086899],[-118.470665,34.086889],[-118.470451,34.087087],[-118.470308,34.086923],[-118.470268,34.086871],[-118.470233,34.086817],[-118.470204,34.086758],[-118.470204,34.086757],[-118.470189,34.086719],[-118.470177,34.08668],[-118.470172,34.086658],[-118.470155,34.086585],[-118.470148,34.086565],[-118.470137,34.086547],[-118.470124,34.086532],[-118.470108,34.086518],[-118.470089,34.086508],[-118.47007,34.086501],[-118.470049,34.086497],[-118.470037,34.086495],[-118.47001,34.086493],[-118.469848,34.086482],[-118.469823,34.086626],[-118.469811,34.086694],[-118.4698,34.086758],[-118.469797,34.086777],[-118.469851,34.086932],[-118.469926,34.087143],[-118.469951,34.087464],[-118.469956,34.087529],[-118.469953,34.087778],[-118.469978,34.088094],[-118.469792,34.088698]]]},"properties":{"APN":"4368-002-024","SitusFullAddress":"1119 MORAGA DR LOS ANGELES CA 90049"}},{"type":"Feature","geometry":{"type":"Polygon","coordinates":[[[-118.470264,34.083516],[-118.470273,34.083558],[-118.471059,34.08352],[-118.471051,34.083451],[-118.471039,34.083383],[-118.471021,34.083315],[-118.471,34.083249],[-118.47024,34.083419],[-118.470264,34.083516]]]},"properties":{"APN":"4368-007-019","SitusFullAddress":"1212 CASIANO RD LOS ANGELES CA 90049"}},{"type":"Feature","geometry":{"type":"Polygon","coordinates":[[[-118.470316,34.083769],[-118.471051,34.083796],[-118.47106,34.083686],[-118.471063,34.083603],[-118.471059,34.08352],[-118.470273,34.083558],[-118.470316,34.083769]]]},"properties":{"APN":"4368-007-020","SitusFullAddress":"1224 CASIANO RD LOS ANGELES CA 90049"}},{"type":"Feature","geometry":{"type":"Polygon","coordinates":[[[-118.470372,34.084114],[-118.470377,34.084141],[-118.471041,34.084087],[-118.471039,34.083989],[-118.471044,34.083892],[-118.471051,34.083796],[-118.470316,34.083769],[-118.470325,34.083814],[-118.470372,34.084114]]]},"properties":{"APN":"4368-007-021","SitusFullAddress":"1232 CASIANO RD LOS ANGELES CA 90049"}},{"type":"Feature","geometry":{"type":"Polygon","coordinates":[[[-118.47042,34.084413],[-118.470428,34.084452],[-118.471087,34.084373],[-118.471065,34.084279],[-118.47105,34.084184],[-118.471041,34.084087],[-118.470377,34.084141],[-118.47042,34.084413]]]},"properties":{"APN":"4368-007-022","SitusFullAddress":"1240 CASIANO RD LOS ANGELES CA 90049"}},{"type":"Feature","geometry":{"type":"Polygon","coordinates":[[[-118.470717,34.085263],[-118.470742,34.085374],[-118.471444,34.085219],[-118.471316,34.084934],[-118.470677,34.085088],[-118.470717,34.085263]]]},"properties":{"APN":"4368-007-025","SitusFullAddress":"1264 CASIANO RD LOS ANGELES CA 90049"}},{"type":"Feature","geometry":{"type":"Polygon","coordinates":[[[-118.470748,34.0854],[-118.470804,34.08565],[-118.471567,34.085494],[-118.471444,34.085219],[-118.470742,34.085374],[-118.470748,34.0854]]]},"properties":{"APN":"4368-007-035","SitusFullAddress":"1270 CASIANO RD LOS ANGELES CA 90049"}},{"type":"Feature","geometry":{"type":"Polygon","coordinates":[[[-118.470831,34.085772],[-118.470868,34.085937],[-118.471624,34.085786],[-118.471624,34.085728],[-118.47162,34.085673],[-118.471611,34.085618],[-118.471596,34.085564],[-118.471576,34.085512],[-118.471572,34.085504],[-118.471567,34.085494],[-118.470804,34.08565],[-118.470806,34.085661],[-118.470831,34.085772]]]},"properties":{"APN":"4368-007-036","SitusFullAddress":"1276 CASIANO RD LOS ANGELES CA 90049"}},{"type":"Feature","geometry":{"type":"Polygon","coordinates":[[[-118.470475,34.084682],[-118.470537,34.084807],[-118.470865,34.084735],[-118.471194,34.084662],[-118.471191,34.084656],[-118.471171,34.084611],[-118.471138,34.084533],[-118.47111,34.084454],[-118.471087,34.084373],[-118.470428,34.084452],[-118.470475,34.084682]]]},"properties":{"APN":"4368-007-040","SitusFullAddress":"1248 CASIANO RD LOS ANGELES CA 90049"}},{"type":"Feature","geometry":{"type":"Polygon","coordinates":[[[-118.470655,34.085043],[-118.470677,34.085088],[-118.471316,34.084934],[-118.471194,34.084662],[-118.470865,34.084735],[-118.470537,34.084807],[-118.47054,34.084813],[-118.470626,34.084986],[-118.470646,34.085025],[-118.470655,34.085043]]]},"properties":{"APN":"4368-007-041","SitusFullAddress":"1256 CASIANO RD LOS ANGELES CA 90049"}},{"type":"Feature","geometry":{"type":"Polygon","coordinates":[[[-118.470912,34.086132],[-118.470888,34.086188],[-118.470867,34.086246],[-118.470851,34.086305],[-118.471382,34.086142],[-118.471646,34.086062],[-118.471644,34.086057],[-118.471644,34.086055],[-118.471643,34.086053],[-118.471643,34.086051],[-118.471642,34.086049],[-118.471642,34.086047],[-118.47164,34.086042],[-118.471638,34.086031],[-118.471636,34.086021],[-118.471634,34.08601],[-118.471632,34.086],[-118.47163,34.08599],[-118.471629,34.085979],[-118.471628,34.085969],[-118.471627,34.085958],[-118.471626,34.085948],[-118.471626,34.085937],[-118.471626,34.085926],[-118.471626,34.085912],[-118.471626,34.08591],[-118.471626,34.085907],[-118.471626,34.085901],[-118.471626,34.0859],[-118.471626,34.085899],[-118.471624,34.085794],[-118.471624,34.085786],[-118.470868,34.085937],[-118.470877,34.085977],[-118.470912,34.086132]]]},"properties":{"APN":"4368-007-042","SitusFullAddress":"1282 CASIANO RD LOS ANGELES CA 90049"}},{"type":"Feature","geometry":{"type":"Polygon","coordinates":[[[-118.470964,34.082391],[-118.471056,34.082534],[-118.471327,34.082455],[-118.471004,34.082419],[-118.470964,34.082391]]]},"properties":{"APN":"4368-008-003","SitusFullAddress":""}},{"type":"Feature","geometry":{"type":"Polygon","coordinates":[[[-118.471634,34.083355],[-118.471802,34.083363],[-118.471743,34.08325],[-118.471687,34.08314],[-118.471642,34.083054],[-118.471168,34.083093],[-118.471069,34.083084],[-118.471106,34.083164],[-118.471137,34.083247],[-118.471161,34.083332],[-118.471634,34.083355]]]},"properties":{"APN":"4368-008-009","SitusFullAddress":"1219 CASIANO RD LOS ANGELES CA 90049"}},{"type":"Feature","geometry":{"type":"Polygon","coordinates":[[[-118.471069,34.083084],[-118.471168,34.083093],[-118.471642,34.083054],[-118.47159,34.082951],[-118.471516,34.082812],[-118.471019,34.082873],[-118.470921,34.082856],[-118.470937,34.082876],[-118.470985,34.082942],[-118.471029,34.083012],[-118.471069,34.083084]]]},"properties":{"APN":"4368-008-010","SitusFullAddress":"1211 CASIANO RD LOS ANGELES CA 90049"}},{"type":"Feature","geometry":{"type":"Polygon","coordinates":[[[-118.471354,34.082506],[-118.471516,34.082812],[-118.471731,34.082787],[-118.471921,34.082725],[-118.471946,34.082716],[-118.47197,34.082704],[-118.471992,34.082688],[-118.47201,34.082669],[-118.472026,34.082647],[-118.472038,34.082623],[-118.472046,34.082597],[-118.472046,34.082594],[-118.472059,34.082518],[-118.471945,34.082358],[-118.471871,34.082253],[-118.471858,34.082233],[-118.471423,34.082415],[-118.471327,34.082455],[-118.471354,34.082506]]]},"properties":{"APN":"4368-008-012","SitusFullAddress":"1010 MONTEGO DR LOS ANGELES CA 90049"}},{"type":"Feature","geometry":{"type":"Polygon","coordinates":[[[-118.471876,34.08376],[-118.471794,34.083991],[-118.471948,34.083947],[-118.472156,34.083887],[-118.472312,34.083841],[-118.472332,34.083761],[-118.472385,34.083545],[-118.472486,34.083482],[-118.472474,34.083478],[-118.472462,34.083476],[-118.47245,34.083476],[-118.472437,34.083478],[-118.472427,34.083448],[-118.472272,34.083495],[-118.471948,34.083605],[-118.471929,34.083611],[-118.471876,34.08376]]]},"properties":{"APN":"4368-008-016","SitusFullAddress":"1040 MONTEGO DR LOS ANGELES CA 90049"}},{"type":"Feature","geometry":{"type":"Polygon","coordinates":[[[-118.470921,34.082856],[-118.471019,34.082873],[-118.471516,34.082812],[-118.471354,34.082506],[-118.470859,34.082649],[-118.470774,34.082616],[-118.470743,34.082625],[-118.470921,34.082856]]]},"properties":{"APN":"4368-008-018","SitusFullAddress":"1201 CASIANO RD LOS ANGELES CA 90049"}},{"type":"Feature","geometry":{"type":"Polygon","coordinates":[[[-118.471161,34.083332],[-118.471176,34.0834],[-118.471187,34.083468],[-118.471193,34.083537],[-118.471195,34.083607],[-118.471737,34.083549],[-118.471634,34.083355],[-118.471161,34.083332]]]},"properties":{"APN":"4368-008-020","SitusFullAddress":"1225 CASIANO RD LOS ANGELES CA 90049"}},{"type":"Feature","geometry":{"type":"Polygon","coordinates":[[[-118.471737,34.083549],[-118.471801,34.083669],[-118.471929,34.083611],[-118.471948,34.083605],[-118.472272,34.083495],[-118.472427,34.083448],[-118.472417,34.083419],[-118.472423,34.083418],[-118.47243,34.083415],[-118.472435,34.083412],[-118.47244,34.083407],[-118.472444,34.083402],[-118.472448,34.083396],[-118.47245,34.08339],[-118.472451,34.083383],[-118.472451,34.083377],[-118.472449,34.08337],[-118.472393,34.083212],[-118.471947,34.083326],[-118.471808,34.083361],[-118.471802,34.083363],[-118.471634,34.083355],[-118.471737,34.083549]]]},"properties":{"APN":"4368-008-021","SitusFullAddress":"1032 MONTEGO DR LOS ANGELES CA 90049"}},{"type":"Feature","geometry":{"type":"Polygon","coordinates":[[[-118.471182,34.083813],[-118.471175,34.083899],[-118.471172,34.083962],[-118.471172,34.083966],[-118.471172,34.083971],[-118.471172,34.084037],[-118.471175,34.084102],[-118.471181,34.084167],[-118.471792,34.083992],[-118.471794,34.083991],[-118.471876,34.08376],[-118.471659,34.0837],[-118.4712,34.083842],[-118.471198,34.083841],[-118.471197,34.08384],[-118.471196,34.083838],[-118.471195,34.083838],[-118.471194,34.083837],[-118.471193,34.083835],[-118.471193,34.083835],[-118.471192,34.083833],[-118.471191,34.083832],[-118.47119,34.083831],[-118.47119,34.08383],[-118.471189,34.083829],[-118.471189,34.083828],[-118.471188,34.083827],[-118.471188,34.083826],[-118.471187,34.083825],[-118.471186,34.083823],[-118.471185,34.083821],[-118.471185,34.083819],[-118.471184,34.083817],[-118.471184,34.083815],[-118.471182,34.083813]]]},"properties":{"APN":"4368-008-026","SitusFullAddress":"1237 CASIANO RD LOS ANGELES CA 90049"}},{"type":"Feature","geometry":{"type":"Polygon","coordinates":[[[-118.471182,34.083813],[-118.471184,34.083815],[-118.471184,34.083817],[-118.471185,34.083819],[-118.471185,34.083821],[-118.471186,34.083823],[-118.471187,34.083825],[-118.471188,34.083826],[-118.471188,34.083827],[-118.471189,34.083828],[-118.471189,34.083829],[-118.47119,34.08383],[-118.47119,34.083831],[-118.471191,34.083832],[-118.471192,34.083833],[-118.471193,34.083835],[-118.471193,34.083835],[-118.471194,34.083837],[-118.471195,34.083838],[-118.471196,34.083838],[-118.471197,34.08384],[-118.471198,34.083841],[-118.4712,34.083842],[-118.471659,34.0837],[-118.471876,34.08376],[-118.471929,34.083611],[-118.471801,34.083669],[-118.471737,34.083549],[-118.471195,34.083607],[-118.471191,34.083693],[-118.471183,34.083802],[-118.471182,34.083813]]]},"properties":{"APN":"4368-008-027","SitusFullAddress":"1231 CASIANO RD LOS ANGELES CA 90049"}},{"type":"Feature","geometry":{"type":"Polygon","coordinates":[[[-118.471642,34.083054],[-118.471687,34.08314],[-118.471743,34.08325],[-118.471802,34.083363],[-118.471808,34.083361],[-118.471947,34.083326],[-118.472393,34.083212],[-118.472305,34.082961],[-118.47224,34.082775],[-118.472215,34.082738],[-118.472059,34.082518],[-118.472046,34.082594],[-118.472046,34.082597],[-118.472038,34.082623],[-118.472026,34.082647],[-118.47201,34.082669],[-118.471992,34.082688],[-118.47197,34.082704],[-118.471946,34.082716],[-118.471921,34.082725],[-118.471731,34.082787],[-118.471516,34.082812],[-118.47159,34.082951],[-118.471642,34.083054]]]},"properties":{"APN":"4368-008-029","SitusFullAddress":"1018 MONTEGO DR LOS ANGELES CA 90049"}},{"type":"Feature","geometry":{"type":"Polygon","coordinates":[[[-118.470743,34.082625],[-118.470774,34.082616],[-118.470859,34.082649],[-118.471354,34.082506],[-118.471327,34.082455],[-118.471056,34.082534],[-118.470964,34.082391],[-118.470917,34.082317],[-118.470775,34.082178],[-118.470723,34.082128],[-118.470506,34.082059],[-118.470396,34.081995],[-118.470216,34.082148],[-118.470069,34.082153],[-118.470147,34.082207],[-118.470157,34.082213],[-118.47019,34.082234],[-118.470225,34.082252],[-118.470434,34.082357],[-118.470495,34.08239],[-118.470553,34.08243],[-118.470608,34.082474],[-118.470659,34.082523],[-118.470705,34.082576],[-118.470743,34.082625]]]},"properties":{"APN":"4368-008-030","SitusFullAddress":"1167 CASIANO RD LOS ANGELES CA 90049"}},{"type":"Feature","geometry":{"type":"Polygon","coordinates":[[[-118.472332,34.083761],[-118.472458,34.083784],[-118.472489,34.08379],[-118.472526,34.083797],[-118.472635,34.0838],[-118.472753,34.083765],[-118.472754,34.083713],[-118.472873,34.083678],[-118.472912,34.083661],[-118.472731,34.083394],[-118.47255,34.083128],[-118.472406,34.082916],[-118.472609,34.083491],[-118.472516,34.083514],[-118.472512,34.083506],[-118.472507,34.083498],[-118.472501,34.083492],[-118.472494,34.083487],[-118.472486,34.083482],[-118.472385,34.083545],[-118.472332,34.083761]]]},"properties":{"APN":"4368-008-032","SitusFullAddress":"1044 MONTEGO DR LOS ANGELES CA 90049"}},{"type":"Feature","geometry":{"type":"Polygon","coordinates":[[[-118.472873,34.083678],[-118.472951,34.083884],[-118.473434,34.083782],[-118.473406,34.083689],[-118.473382,34.083621],[-118.473352,34.083556],[-118.473316,34.083494],[-118.473315,34.083492],[-118.473283,34.083505],[-118.472912,34.083661],[-118.472873,34.083678]]]},"properties":{"APN":"4368-009-001","SitusFullAddress":"1050 ACANTO PL LOS ANGELES CA 90049"}},{"type":"Feature","geometry":{"type":"Polygon","coordinates":[[[-118.472951,34.083884],[-118.473051,34.084146],[-118.473515,34.084049],[-118.473434,34.083782],[-118.472951,34.083884]]]},"properties":{"APN":"4368-009-002","SitusFullAddress":"1060 ACANTO PL LOS ANGELES CA 90049"}},{"type":"Feature","geometry":{"type":"Polygon","coordinates":[[[-118.473227,34.084467],[-118.473232,34.084471],[-118.473237,34.084474],[-118.473243,34.084476],[-118.473249,34.084477],[-118.473255,34.084477],[-118.473261,34.084476],[-118.473267,34.084474],[-118.473273,34.084471],[-118.47349,34.084327],[-118.473508,34.084314],[-118.473524,34.084298],[-118.473537,34.08428],[-118.473547,34.08426],[-118.473554,34.084239],[-118.473557,34.084217],[-118.473557,34.084194],[-118.473553,34.084172],[-118.473515,34.084049],[-118.473051,34.084146],[-118.473227,34.084467]]]},"properties":{"APN":"4368-009-003","SitusFullAddress":"1080 ACANTO PL LOS ANGELES CA 90049"}},{"type":"Feature","geometry":{"type":"Polygon","coordinates":[[[-118.472899,34.086291],[-118.473168,34.086648],[-118.473507,34.086581],[-118.473801,34.08641],[-118.473855,34.086379],[-118.474215,34.086169],[-118.474358,34.086156],[-118.474351,34.086101],[-118.474344,34.086047],[-118.47375,34.086102],[-118.473324,34.085979],[-118.473034,34.085926],[-118.47273,34.085986],[-118.472676,34.085996],[-118.472899,34.086291]]]},"properties":{"APN":"4368-009-017","SitusFullAddress":"1224 N SEPULVEDA BLVD LOS ANGELES CA 90049"}},{"type":"Feature","geometry":{"type":"Polygon","coordinates":[[[-118.473914,34.085866],[-118.47375,34.086102],[-118.474344,34.086047],[-118.474314,34.085828],[-118.474012,34.085857],[-118.473914,34.085866]]]},"properties":{"APN":"4368-009-018","SitusFullAddress":"1216 N SEPULVEDA BLVD LOS ANGELES CA 90049"}},{"type":"Feature","geometry":{"type":"Polygon","coordinates":[[[-118.473969,34.085542],[-118.474012,34.085857],[-118.474314,34.085828],[-118.474279,34.085568],[-118.474275,34.085558],[-118.47427,34.085549],[-118.474264,34.08554],[-118.474256,34.085533],[-118.474247,34.085527],[-118.474237,34.085522],[-118.474227,34.08552],[-118.474216,34.085519],[-118.474206,34.08552],[-118.473969,34.085542]]]},"properties":{"APN":"4368-009-019","SitusFullAddress":"11849 BEL TER LOS ANGELES CA 90049"}},{"type":"Feature","geometry":{"type":"Polygon","coordinates":[[[-118.473706,34.085552],[-118.47375,34.086102],[-118.473914,34.085866],[-118.474012,34.085857],[-118.473969,34.085542],[-118.473898,34.085549],[-118.473864,34.085551],[-118.473785,34.085554],[-118.473706,34.085552]]]},"properties":{"APN":"4368-009-020","SitusFullAddress":"11839 BEL TER LOS ANGELES CA 90049"}},{"type":"Feature","geometry":{"type":"Polygon","coordinates":[[[-118.473324,34.085979],[-118.47375,34.086102],[-118.473706,34.085552],[-118.473624,34.085545],[-118.473435,34.085522],[-118.473324,34.085979]]]},"properties":{"APN":"4368-009-021","SitusFullAddress":"11831 BEL TER LOS ANGELES CA 90049"}},{"type":"Feature","geometry":{"type":"Polygon","coordinates":[[[-118.473034,34.085926],[-118.473324,34.085979],[-118.473435,34.085522],[-118.473141,34.085485],[-118.473034,34.085926]]]},"properties":{"APN":"4368-009-022","SitusFullAddress":"11821 BEL TER LOS ANGELES CA 90049"}},{"type":"Feature","geometry":{"type":"Polygon","coordinates":[[[-118.472859,34.085451],[-118.47273,34.085986],[-118.473034,34.085926],[-118.473141,34.085485],[-118.472859,34.085451]]]},"properties":{"APN":"4368-009-023","SitusFullAddress":"11813 BEL TER LOS ANGELES CA 90049"}},{"type":"Feature","geometry":{"type":"Polygon","coordinates":[[[-118.472673,34.085991],[-118.472676,34.085996],[-118.47273,34.085986],[-118.472859,34.085451],[-118.47281,34.085445],[-118.472768,34.08544],[-118.472709,34.085431],[-118.47258,34.085409],[-118.472496,34.085756],[-118.472627,34.085931],[-118.472673,34.085991]]]},"properties":{"APN":"4368-009-024","SitusFullAddress":"11807 BEL TER LOS ANGELES CA 90049"}},{"type":"Feature","geometry":{"type":"Polygon","coordinates":[[[-118.472409,34.085642],[-118.472496,34.085756],[-118.47258,34.085409],[-118.472514,34.085397],[-118.472494,34.085393],[-118.472475,34.085386],[-118.472458,34.085375],[-118.472442,34.085362],[-118.472429,34.085347],[-118.472419,34.085329],[-118.472411,34.085311],[-118.47195,34.085385],[-118.47185,34.085401],[-118.47181,34.085498],[-118.471951,34.085471],[-118.472239,34.085416],[-118.472409,34.085642]]]},"properties":{"APN":"4368-009-025","SitusFullAddress":"11805 BEL TER LOS ANGELES CA 90049"}},{"type":"Feature","geometry":{"type":"Polygon","coordinates":[[[-118.471996,34.08505],[-118.47195,34.085162],[-118.47185,34.085401],[-118.47195,34.085385],[-118.472411,34.085311],[-118.472409,34.085296],[-118.472409,34.085282],[-118.472411,34.085267],[-118.472416,34.085253],[-118.472423,34.08524],[-118.472431,34.085229],[-118.472296,34.085103],[-118.471996,34.08505]]]},"properties":{"APN":"4368-009-026","SitusFullAddress":"11801 BEL TER LOS ANGELES CA 90049"}},{"type":"Feature","geometry":{"type":"Polygon","coordinates":[[[-118.471996,34.08505],[-118.472296,34.085103],[-118.472431,34.085229],[-118.472445,34.085214],[-118.472462,34.085201],[-118.47248,34.085192],[-118.472345,34.085066],[-118.472426,34.084735],[-118.472363,34.084552],[-118.472292,34.08434],[-118.472036,34.084956],[-118.471998,34.085048],[-118.471996,34.08505]]]},"properties":{"APN":"4368-009-027","SitusFullAddress":"11800 BEL TER LOS ANGELES CA 90049"}},{"type":"Feature","geometry":{"type":"Polygon","coordinates":[[[-118.47248,34.085192],[-118.472504,34.085184],[-118.472529,34.08518],[-118.472555,34.08518],[-118.47258,34.085185],[-118.472603,34.085193],[-118.472667,34.08493],[-118.472426,34.084735],[-118.472345,34.085066],[-118.47248,34.085192]]]},"properties":{"APN":"4368-009-028","SitusFullAddress":"11804 BEL TER LOS ANGELES CA 90049"}},{"type":"Feature","geometry":{"type":"Polygon","coordinates":[[[-118.472603,34.085193],[-118.472621,34.085202],[-118.472637,34.085214],[-118.472651,34.085229],[-118.472662,34.085245],[-118.472664,34.085249],[-118.472679,34.08527],[-118.472697,34.085287],[-118.472717,34.085302],[-118.47274,34.085313],[-118.472764,34.085321],[-118.472788,34.085325],[-118.472845,34.085332],[-118.472929,34.085018],[-118.472667,34.08493],[-118.472603,34.085193]]]},"properties":{"APN":"4368-009-029","SitusFullAddress":"11810 BEL TER LOS ANGELES CA 90049"}},{"type":"Feature","geometry":{"type":"Polygon","coordinates":[[[-118.472845,34.085332],[-118.473126,34.085367],[-118.473204,34.085047],[-118.473153,34.085043],[-118.472929,34.085018],[-118.472845,34.085332]]]},"properties":{"APN":"4368-009-030","SitusFullAddress":"11814 BEL TER LOS ANGELES CA 90049"}},{"type":"Feature","geometry":{"type":"Polygon","coordinates":[[[-118.473126,34.085367],[-118.473407,34.085401],[-118.473488,34.085067],[-118.473204,34.085047],[-118.473126,34.085367]]]},"properties":{"APN":"4368-009-031","SitusFullAddress":"11820 BEL TER LOS ANGELES CA 90049"}},{"type":"Feature","geometry":{"type":"Polygon","coordinates":[[[-118.473407,34.085401],[-118.473644,34.085431],[-118.473693,34.085435],[-118.473674,34.085177],[-118.473488,34.085067],[-118.473407,34.085401]]]},"properties":{"APN":"4368-009-032","SitusFullAddress":"11830 BEL TER LOS ANGELES CA 90049"}},{"type":"Feature","geometry":{"type":"Polygon","coordinates":[[[-118.473693,34.085435],[-118.473756,34.085439],[-118.473819,34.085438],[-118.473882,34.085434],[-118.473987,34.085424],[-118.47395,34.085151],[-118.473897,34.085156],[-118.473674,34.085177],[-118.473693,34.085435]]]},"properties":{"APN":"4368-009-033","SitusFullAddress":"11838 BEL TER LOS ANGELES CA 90049"}},{"type":"Feature","geometry":{"type":"Polygon","coordinates":[[[-118.47395,34.085151],[-118.473987,34.085424],[-118.474064,34.085417],[-118.474192,34.085405],[-118.474202,34.085404],[-118.47421,34.085401],[-118.474219,34.085398],[-118.474226,34.085393],[-118.474233,34.085386],[-118.474239,34.085379],[-118.474243,34.085371],[-118.474246,34.085362],[-118.474248,34.085353],[-118.474248,34.085344],[-118.474219,34.085126],[-118.47395,34.085151]]]},"properties":{"APN":"4368-009-034","SitusFullAddress":"11848 BEL TER LOS ANGELES CA 90049"}},{"type":"Feature","geometry":{"type":"Polygon","coordinates":[[[-118.473629,34.084364],[-118.473602,34.08439],[-118.473572,34.084413],[-118.473398,34.084529],[-118.473391,34.084534],[-118.473385,34.084539],[-118.47338,34.084546],[-118.473376,34.084553],[-118.473374,34.084561],[-118.473373,34.08457],[-118.473373,34.084578],[-118.473375,34.084586],[-118.473378,34.084594],[-118.473382,34.084601],[-118.473388,34.084607],[-118.473422,34.084641],[-118.473441,34.084657],[-118.473463,34.084669],[-118.473486,34.084678],[-118.47351,34.084684],[-118.473534,34.084686],[-118.473559,34.084684],[-118.473578,34.084682],[-118.473597,34.084682],[-118.473616,34.084684],[-118.473848,34.084524],[-118.473629,34.084364]]]},"properties":{"APN":"4368-009-035","SitusFullAddress":"1085 ACANTO PL LOS ANGELES CA 90049"}},{"type":"Feature","geometry":{"type":"Polygon","coordinates":[[[-118.473616,34.084684],[-118.473634,34.084687],[-118.473651,34.084692],[-118.473667,34.084701],[-118.473682,34.084712],[-118.473695,34.084725],[-118.473705,34.084739],[-118.473713,34.084756],[-118.473718,34.084773],[-118.47372,34.084791],[-118.47372,34.084809],[-118.474167,34.084746],[-118.474154,34.084649],[-118.474144,34.08458],[-118.474137,34.084537],[-118.474098,34.08456],[-118.474093,34.084563],[-118.474053,34.084586],[-118.473986,34.084625],[-118.473848,34.084524],[-118.473616,34.084684]]]},"properties":{"APN":"4368-009-036","SitusFullAddress":"1087 ACANTO PL LOS ANGELES CA 90049"}},{"type":"Feature","geometry":{"type":"Polygon","coordinates":[[[-118.473697,34.084855],[-118.473864,34.084919],[-118.473897,34.085156],[-118.47395,34.085151],[-118.474219,34.085126],[-118.474167,34.084746],[-118.47372,34.084809],[-118.473715,34.084826],[-118.473707,34.084841],[-118.473697,34.084855]]]},"properties":{"APN":"4368-009-037","SitusFullAddress":"1091 ACANTO PL LOS ANGELES CA 90049"}},{"type":"Feature","geometry":{"type":"Polygon","coordinates":[[[-118.473488,34.085067],[-118.473674,34.085177],[-118.473897,34.085156],[-118.473864,34.084919],[-118.473697,34.084855],[-118.473678,34.084872],[-118.473656,34.084886],[-118.473632,34.084895],[-118.473607,34.0849],[-118.473581,34.084901],[-118.473556,34.084898],[-118.473531,34.08489],[-118.473508,34.084878],[-118.473488,34.084862],[-118.473435,34.084809],[-118.473153,34.085043],[-118.473204,34.085047],[-118.473488,34.085067]]]},"properties":{"APN":"4368-009-038","SitusFullAddress":"1104 ACANTO PL LOS ANGELES CA 90049"}},{"type":"Feature","geometry":{"type":"Polygon","coordinates":[[[-118.473461,34.083432],[-118.473433,34.083443],[-118.473473,34.083513],[-118.473507,34.083586],[-118.473534,34.083662],[-118.473562,34.083755],[-118.473804,34.083704],[-118.473818,34.083701],[-118.473867,34.083691],[-118.473906,34.083683],[-118.473789,34.083297],[-118.473769,34.083305],[-118.473461,34.083432]]]},"properties":{"APN":"4368-009-041","SitusFullAddress":"1055 ACANTO PL LOS ANGELES CA 90049"}},{"type":"Feature","geometry":{"type":"Polygon","coordinates":[[[-118.473562,34.083755],[-118.473671,34.084115],[-118.473913,34.084064],[-118.474015,34.084043],[-118.473906,34.083683],[-118.473867,34.083691],[-118.473818,34.083701],[-118.473804,34.083704],[-118.473562,34.083755]]]},"properties":{"APN":"4368-009-042","SitusFullAddress":"1065 ACANTO PL LOS ANGELES CA 90049"}},{"type":"Feature","geometry":{"type":"Polygon","coordinates":[[[-118.473848,34.084524],[-118.473986,34.084625],[-118.474053,34.084586],[-118.474093,34.084563],[-118.474098,34.08456],[-118.474137,34.084537],[-118.47411,34.084395],[-118.474077,34.084254],[-118.474037,34.084114],[-118.474015,34.084043],[-118.473913,34.084064],[-118.473671,34.084115],[-118.473685,34.084161],[-118.47369,34.084197],[-118.473689,34.084233],[-118.473682,34.084269],[-118.473669,34.084303],[-118.473652,34.084335],[-118.473629,34.084364],[-118.473848,34.084524]]]},"properties":{"APN":"4368-009-043","SitusFullAddress":"1075 ACANTO PL LOS ANGELES CA 90049"}},{"type":"Feature","geometry":{"type":"Polygon","coordinates":[[[-118.471191,34.084233],[-118.47121,34.084328],[-118.471237,34.084421],[-118.471269,34.084512],[-118.471294,34.084572],[-118.471326,34.084643],[-118.471575,34.084565],[-118.471635,34.084546],[-118.4715,34.084136],[-118.471191,34.084233]]]},"properties":{"APN":"4368-009-044","SitusFullAddress":"1247 CASIANO RD LOS ANGELES CA 90049"}},{"type":"Feature","geometry":{"type":"Polygon","coordinates":[[[-118.4715,34.084136],[-118.471635,34.084546],[-118.471949,34.084448],[-118.472292,34.08434],[-118.472156,34.083887],[-118.471948,34.083947],[-118.471794,34.083991],[-118.471792,34.083992],[-118.471181,34.084167],[-118.471183,34.084181],[-118.471187,34.084209],[-118.471191,34.084233],[-118.4715,34.084136]]]},"properties":{"APN":"4368-009-045","SitusFullAddress":"1245 CASIANO RD LOS ANGELES CA 90049"}},{"type":"Feature","geometry":{"type":"Polygon","coordinates":[[[-118.471326,34.084643],[-118.471442,34.0849],[-118.471828,34.08478],[-118.471575,34.084565],[-118.471326,34.084643]]]},"properties":{"APN":"4368-009-047","SitusFullAddress":"1253 CASIANO RD LOS ANGELES CA 90049"}},{"type":"Feature","geometry":{"type":"Polygon","coordinates":[[[-118.472918,34.084927],[-118.473085,34.084981],[-118.473085,34.084981],[-118.473325,34.084814],[-118.473393,34.084767],[-118.473179,34.084552],[-118.473158,34.084568],[-118.473113,34.084528],[-118.472957,34.084635],[-118.472824,34.084812],[-118.472849,34.08486],[-118.472918,34.084927]]]},"properties":{"APN":"4368-009-049","SitusFullAddress":"1096 ACANTO PL LOS ANGELES CA 90049"}},{"type":"Feature","geometry":{"type":"Polygon","coordinates":[[[-118.472929,34.085018],[-118.473153,34.085043],[-118.473435,34.084809],[-118.473393,34.084767],[-118.473325,34.084814],[-118.473085,34.084981],[-118.473085,34.084981],[-118.472918,34.084927],[-118.472849,34.08486],[-118.472824,34.084812],[-118.472957,34.084635],[-118.473113,34.084528],[-118.472957,34.084416],[-118.472363,34.084552],[-118.472426,34.084735],[-118.472667,34.08493],[-118.472929,34.085018]]]},"properties":{"APN":"4368-009-050","SitusFullAddress":"1100 ACANTO PL LOS ANGELES CA 90049"}},{"type":"Feature","geometry":{"type":"Polygon","coordinates":[[[-118.473113,34.084528],[-118.473158,34.084568],[-118.473179,34.084552],[-118.473148,34.084522],[-118.473176,34.084502],[-118.472876,34.084206],[-118.472812,34.084221],[-118.472292,34.08434],[-118.472363,34.084552],[-118.472957,34.084416],[-118.473113,34.084528]]]},"properties":{"APN":"4368-009-051","SitusFullAddress":"1094 ACANTO PL LOS ANGELES CA 90049"}},{"type":"Feature","geometry":{"type":"Polygon","coordinates":[[[-118.472876,34.084206],[-118.473176,34.084502],[-118.473227,34.084467],[-118.473051,34.084146],[-118.472951,34.083884],[-118.472873,34.083678],[-118.472754,34.083713],[-118.472753,34.083765],[-118.472635,34.0838],[-118.472526,34.083797],[-118.472489,34.08379],[-118.472458,34.083784],[-118.472332,34.083761],[-118.472312,34.083841],[-118.472156,34.083887],[-118.472292,34.08434],[-118.472812,34.084221],[-118.472876,34.084206]]]},"properties":{"APN":"4368-009-053","SitusFullAddress":"1090 ACANTO PL LOS ANGELES CA 90049"}},{"type":"Feature","geometry":{"type":"Polygon","coordinates":[[[-118.47195,34.084882],[-118.472036,34.084956],[-118.472292,34.08434],[-118.471949,34.084448],[-118.471635,34.084546],[-118.471575,34.084565],[-118.471828,34.08478],[-118.471442,34.0849],[-118.471453,34.084926],[-118.471854,34.084801],[-118.47195,34.084882]]]},"properties":{"APN":"4368-009-055","SitusFullAddress":""}},{"type":"Feature","geometry":{"type":"Polygon","coordinates":[[[-118.471453,34.084926],[-118.471569,34.085184],[-118.47195,34.085063],[-118.471998,34.085048],[-118.472036,34.084956],[-118.47195,34.084882],[-118.471854,34.084801],[-118.471453,34.084926]]]},"properties":{"APN":"4368-009-056","SitusFullAddress":"1263 CASIANO RD LOS ANGELES CA 90049"}},{"type":"Feature","geometry":{"type":"Polygon","coordinates":[[[-118.471569,34.085184],[-118.4717,34.085474],[-118.471717,34.085516],[-118.47181,34.085498],[-118.47185,34.085401],[-118.47195,34.085162],[-118.471996,34.08505],[-118.471998,34.085048],[-118.47195,34.085063],[-118.471569,34.085184]]]},"properties":{"APN":"4368-009-057","SitusFullAddress":"1265 CASIANO RD LOS ANGELES CA 90049"}},{"type":"Feature","geometry":{"type":"Polygon","coordinates":[[[-118.472139,34.08239],[-118.472344,34.082705],[-118.47235,34.082712],[-118.472357,34.082717],[-118.472365,34.082722],[-118.472374,34.082725],[-118.472383,34.082726],[-118.472392,34.082726],[-118.472401,34.082725],[-118.47241,34.082722],[-118.472676,34.082609],[-118.472457,34.082254],[-118.472139,34.08239]]]},"properties":{"APN":"4368-010-001","SitusFullAddress":"1023 MONTEGO DR LOS ANGELES CA 90049"}},{"type":"Feature","geometry":{"type":"Polygon","coordinates":[[[-118.472457,34.082254],[-118.472676,34.082609],[-118.472897,34.082514],[-118.472907,34.08251],[-118.472925,34.082501],[-118.472942,34.082489],[-118.472956,34.082475],[-118.472968,34.082458],[-118.472976,34.08244],[-118.472981,34.08242],[-118.472983,34.0824],[-118.472982,34.08238],[-118.472976,34.08236],[-118.472968,34.082342],[-118.472957,34.082325],[-118.472943,34.082311],[-118.472744,34.082132],[-118.472457,34.082254]]]},"properties":{"APN":"4368-010-002","SitusFullAddress":"1027 ACANTO PL LOS ANGELES CA 90049"}},{"type":"Feature","geometry":{"type":"Polygon","coordinates":[[[-118.472406,34.082916],[-118.47255,34.083128],[-118.473017,34.082929],[-118.472842,34.082703],[-118.472836,34.082697],[-118.472829,34.082692],[-118.472821,34.082688],[-118.472812,34.082685],[-118.472804,34.082684],[-118.472795,34.082684],[-118.472786,34.082686],[-118.472778,34.082688],[-118.472475,34.082818],[-118.472469,34.08282],[-118.472464,34.082824],[-118.472459,34.082828],[-118.472455,34.082833],[-118.472452,34.082839],[-118.47245,34.082845],[-118.472449,34.082852],[-118.472449,34.082858],[-118.47245,34.082864],[-118.472452,34.082871],[-118.472454,34.082874],[-118.472464,34.082889],[-118.472406,34.082916]]]},"properties":{"APN":"4368-010-004","SitusFullAddress":"1030 ACANTO PL LOS ANGELES CA 90049"}},{"type":"Feature","geometry":{"type":"Polygon","coordinates":[[[-118.47255,34.083128],[-118.472731,34.083394],[-118.473144,34.083217],[-118.473126,34.08318],[-118.473112,34.08314],[-118.473102,34.0831],[-118.473101,34.083093],[-118.473091,34.083055],[-118.473076,34.083019],[-118.473057,34.082985],[-118.473035,34.082953],[-118.473017,34.082929],[-118.47255,34.083128]]]},"properties":{"APN":"4368-010-005","SitusFullAddress":"1036 ACANTO PL LOS ANGELES CA 90049"}},{"type":"Feature","geometry":{"type":"Polygon","coordinates":[[[-118.472907,34.08251],[-118.47297,34.082593],[-118.472965,34.082596],[-118.47296,34.082599],[-118.472956,34.082603],[-118.472953,34.082608],[-118.472951,34.082614],[-118.472949,34.082619],[-118.472949,34.082625],[-118.472949,34.082631],[-118.47295,34.082636],[-118.472953,34.082642],[-118.472956,34.082646],[-118.473135,34.082879],[-118.473468,34.082739],[-118.473383,34.082583],[-118.473287,34.0824],[-118.473103,34.082273],[-118.47282,34.082162],[-118.472744,34.082132],[-118.472943,34.082311],[-118.472957,34.082325],[-118.472968,34.082342],[-118.472976,34.08236],[-118.472982,34.08238],[-118.472983,34.0824],[-118.472981,34.08242],[-118.472976,34.08244],[-118.472968,34.082458],[-118.472956,34.082475],[-118.472942,34.082489],[-118.472925,34.082501],[-118.472907,34.08251]]]},"properties":{"APN":"4368-010-009","SitusFullAddress":"1031 ACANTO PL LOS ANGELES CA 90049"}},{"type":"Feature","geometry":{"type":"Polygon","coordinates":[[[-118.472196,34.081906],[-118.472457,34.082254],[-118.472744,34.082132],[-118.472821,34.082099],[-118.472796,34.082082],[-118.472511,34.081891],[-118.472486,34.081868],[-118.472464,34.081841],[-118.472447,34.081811],[-118.472434,34.08178],[-118.472379,34.081818],[-118.472321,34.081851],[-118.472261,34.081879],[-118.472196,34.081906]]]},"properties":{"APN":"4368-010-013","SitusFullAddress":"961 CASIANO RD LOS ANGELES CA 90049"}},{"type":"Feature","geometry":{"type":"Polygon","coordinates":[[[-118.472196,34.081906],[-118.472093,34.08195],[-118.47207,34.081959],[-118.472049,34.081972],[-118.47203,34.081988],[-118.472014,34.082007],[-118.472001,34.082028],[-118.471992,34.082051],[-118.471987,34.082075],[-118.471985,34.0821],[-118.471988,34.082125],[-118.471995,34.082148],[-118.472005,34.082171],[-118.472139,34.08239],[-118.472457,34.082254],[-118.472196,34.081906]]]},"properties":{"APN":"4368-010-014","SitusFullAddress":"965 CASIANO RD LOS ANGELES CA 90049"}},{"type":"Feature","geometry":{"type":"Polygon","coordinates":[[[-118.472731,34.083394],[-118.472912,34.083661],[-118.473283,34.083505],[-118.473253,34.083456],[-118.473257,34.083454],[-118.473261,34.083452],[-118.473264,34.08345],[-118.473267,34.083447],[-118.473269,34.083443],[-118.473271,34.083439],[-118.473272,34.083435],[-118.473272,34.083431],[-118.473272,34.083427],[-118.473271,34.083423],[-118.473269,34.083419],[-118.473163,34.08325],[-118.473144,34.083217],[-118.472731,34.083394]]]},"properties":{"APN":"4368-010-015","SitusFullAddress":"1044 ACANTO PL LOS ANGELES CA 90049"}},{"type":"Feature","geometry":{"type":"Polygon","coordinates":[[[-118.473265,34.083175],[-118.47328,34.083199],[-118.473387,34.08337],[-118.473391,34.083375],[-118.473396,34.083379],[-118.473401,34.083382],[-118.473407,34.083384],[-118.473413,34.083385],[-118.473419,34.083386],[-118.473425,34.083385],[-118.473431,34.083383],[-118.473461,34.083432],[-118.473769,34.083305],[-118.473789,34.083297],[-118.473697,34.082995],[-118.473673,34.083005],[-118.473621,34.083027],[-118.473265,34.083175]]]},"properties":{"APN":"4368-010-016","SitusFullAddress":"1045 ACANTO PL LOS ANGELES CA 90049"}},{"type":"Feature","geometry":{"type":"Polygon","coordinates":[[[-118.473135,34.082879],[-118.473146,34.082894],[-118.473175,34.082935],[-118.473199,34.082979],[-118.473218,34.083025],[-118.473231,34.083074],[-118.473233,34.083082],[-118.473246,34.08313],[-118.473265,34.083175],[-118.473621,34.083027],[-118.473673,34.083005],[-118.473697,34.082995],[-118.473626,34.082762],[-118.473612,34.082718],[-118.4736,34.082683],[-118.473576,34.082693],[-118.473527,34.082714],[-118.473468,34.082739],[-118.473135,34.082879]]]},"properties":{"APN":"4368-010-017","SitusFullAddress":"1037 ACANTO PL LOS ANGELES CA 90049"}},{"type":"Feature","geometry":{"type":"Polygon","coordinates":[[[-118.47282,34.082162],[-118.473103,34.082273],[-118.473287,34.0824],[-118.473383,34.082583],[-118.473468,34.082739],[-118.473527,34.082714],[-118.473576,34.082693],[-118.4736,34.082683],[-118.473561,34.082578],[-118.473517,34.082475],[-118.473468,34.082374],[-118.473415,34.082276],[-118.473357,34.08218],[-118.473231,34.081981],[-118.473208,34.081992],[-118.47289,34.082131],[-118.47282,34.082162]]]},"properties":{"APN":"4368-010-024","SitusFullAddress":"1024 N SEPULVEDA BLVD LOS ANGELES CA 90049"}},{"type":"Feature","geometry":{"type":"Polygon","coordinates":[[[-118.472614,34.081571],[-118.472656,34.081612],[-118.472761,34.081705],[-118.472814,34.081677],[-118.47296,34.081601],[-118.472945,34.081577],[-118.472857,34.081438],[-118.472847,34.081423],[-118.472835,34.08141],[-118.472821,34.081398],[-118.472805,34.081389],[-118.472788,34.081383],[-118.47277,34.08138],[-118.472752,34.08138],[-118.472734,34.081383],[-118.472716,34.081389],[-118.4727,34.081398],[-118.472686,34.08141],[-118.472674,34.081423],[-118.472665,34.081439],[-118.472663,34.081445],[-118.47265,34.081488],[-118.472634,34.08153],[-118.472614,34.081571]]]},"properties":{"APN":"4368-010-027","SitusFullAddress":"951 CASIANO RD LOS ANGELES CA 90049"}},{"type":"Feature","geometry":{"type":"Polygon","coordinates":[[[-118.472761,34.081705],[-118.472988,34.081907],[-118.473103,34.081826],[-118.47296,34.081601],[-118.472814,34.081677],[-118.472761,34.081705]]]},"properties":{"APN":"4368-010-028","SitusFullAddress":"1008 N SEPULVEDA BLVD LOS ANGELES CA 90049"}},{"type":"Feature","geometry":{"type":"Polygon","coordinates":[[[-118.472434,34.08178],[-118.472447,34.081811],[-118.472464,34.081841],[-118.472486,34.081868],[-118.472511,34.081891],[-118.472796,34.082082],[-118.472972,34.081918],[-118.472988,34.081907],[-118.472761,34.081705],[-118.472656,34.081612],[-118.472614,34.081571],[-118.47261,34.081579],[-118.472574,34.081635],[-118.472532,34.081688],[-118.472485,34.081737],[-118.472434,34.08178]]]},"properties":{"APN":"4368-010-031","SitusFullAddress":"955 CASIANO RD LOS ANGELES CA 90049"}},{"type":"Feature","geometry":{"type":"Polygon","coordinates":[[[-118.472988,34.081907],[-118.472972,34.081918],[-118.472796,34.082082],[-118.472821,34.082099],[-118.472744,34.082132],[-118.47282,34.082162],[-118.47289,34.082131],[-118.473208,34.081992],[-118.473103,34.081826],[-118.472988,34.081907]]]},"properties":{"APN":"4368-010-032","SitusFullAddress":"1016 SEPULVEDA BLVD LOS ANGELES CA 90049"}},{"type":"Feature","geometry":{"type":"Polygon","coordinates":[[[-118.470256,34.081666],[-118.470373,34.081941],[-118.471022,34.081536],[-118.470984,34.081493],[-118.47095,34.081446],[-118.47092,34.081397],[-118.470893,34.081346],[-118.470871,34.081297],[-118.470794,34.081334],[-118.470601,34.081428],[-118.470302,34.081574],[-118.4703,34.081575],[-118.470231,34.081609],[-118.470256,34.081666]]]},"properties":{"APN":"4368-012-007","SitusFullAddress":"1003 CASIANO RD LOS ANGELES CA 90049"}},{"type":"Feature","geometry":{"type":"Polygon","coordinates":[[[-118.470373,34.081941],[-118.470396,34.081995],[-118.470506,34.082059],[-118.470723,34.082128],[-118.470775,34.082178],[-118.470917,34.082317],[-118.470964,34.082391],[-118.471004,34.082419],[-118.471327,34.082455],[-118.471423,34.082415],[-118.471327,34.082208],[-118.471318,34.082189],[-118.4713,34.082173],[-118.471204,34.082084],[-118.471123,34.082009],[-118.471107,34.081994],[-118.470924,34.082009],[-118.470916,34.082009],[-118.470658,34.081934],[-118.470609,34.081879],[-118.470599,34.081867],[-118.471064,34.081579],[-118.471041,34.081556],[-118.471022,34.081536],[-118.470373,34.081941]]]},"properties":{"APN":"4368-012-009","SitusFullAddress":"1001 CASIANO RD LOS ANGELES CA 90049"}},{"type":"Feature","geometry":{"type":"Polygon","coordinates":[[[-118.471064,34.081579],[-118.470599,34.081867],[-118.470609,34.081879],[-118.470658,34.081934],[-118.470916,34.082009],[-118.470924,34.082009],[-118.471107,34.081994],[-118.471123,34.082009],[-118.471204,34.082084],[-118.471233,34.081864],[-118.471338,34.081755],[-118.471291,34.081733],[-118.471249,34.081712],[-118.471208,34.081688],[-118.471158,34.081655],[-118.47111,34.081618],[-118.471064,34.081579]]]},"properties":{"APN":"4368-012-012","SitusFullAddress":"999 CASIANO RD LOS ANGELES CA 90049"}},{"type":"Feature","geometry":{"type":"Polygon","coordinates":[[[-118.471204,34.082084],[-118.4713,34.082173],[-118.471318,34.082189],[-118.471394,34.082141],[-118.471401,34.082136],[-118.471728,34.081929],[-118.471696,34.081904],[-118.471662,34.081884],[-118.47163,34.08187],[-118.471361,34.081764],[-118.471353,34.081761],[-118.471338,34.081755],[-118.471233,34.081864],[-118.471204,34.082084]]]},"properties":{"APN":"4368-012-013","SitusFullAddress":"979 CASIANO RD LOS ANGELES CA 90049"}},{"type":"Feature","geometry":{"type":"Polygon","coordinates":[[[-118.471318,34.082189],[-118.471327,34.082208],[-118.471423,34.082415],[-118.471858,34.082233],[-118.471842,34.082204],[-118.47183,34.082173],[-118.471822,34.082141],[-118.471819,34.082108],[-118.471818,34.082103],[-118.471818,34.082098],[-118.471811,34.08206],[-118.471798,34.082022],[-118.47178,34.081988],[-118.471756,34.081956],[-118.471728,34.081929],[-118.471401,34.082136],[-118.471394,34.082141],[-118.471318,34.082189]]]},"properties":{"APN":"4368-012-014","SitusFullAddress":"967 CASIANO RD LOS ANGELES CA 90049"}},{"type":"Feature","geometry":{"type":"Polygon","coordinates":[[[-118.472009,34.081423],[-118.472236,34.081701],[-118.472281,34.081675],[-118.472324,34.081643],[-118.472362,34.081607],[-118.472395,34.081567],[-118.472423,34.081523],[-118.472446,34.081476],[-118.472463,34.081426],[-118.472474,34.081375],[-118.472479,34.081322],[-118.472477,34.08127],[-118.472469,34.081218],[-118.472009,34.081423]]]},"properties":{"APN":"4368-013-001","SitusFullAddress":"950 CASIANO RD LOS ANGELES CA 90049"}},{"type":"Feature","geometry":{"type":"Polygon","coordinates":[[[-118.47173,34.081775],[-118.471798,34.081785],[-118.471866,34.081789],[-118.471934,34.081788],[-118.471945,34.081787],[-118.472,34.08178],[-118.472056,34.08177],[-118.47211,34.081755],[-118.472163,34.081736],[-118.4722,34.081719],[-118.472236,34.081701],[-118.472009,34.081423],[-118.471944,34.081505],[-118.47173,34.081775]]]},"properties":{"APN":"4368-013-002","SitusFullAddress":"966 CASIANO RD LOS ANGELES CA 90049"}},{"type":"Feature","geometry":{"type":"Polygon","coordinates":[[[-118.471536,34.081711],[-118.471604,34.081738],[-118.471666,34.081759],[-118.47173,34.081775],[-118.471944,34.081505],[-118.472009,34.081423],[-118.471944,34.081344],[-118.471919,34.081314],[-118.471839,34.081287],[-118.471812,34.081278],[-118.471536,34.081711]]]},"properties":{"APN":"4368-013-003","SitusFullAddress":"978 CASIANO RD LOS ANGELES CA 90049"}},{"type":"Feature","geometry":{"type":"Polygon","coordinates":[[[-118.471839,34.081287],[-118.471919,34.081314],[-118.471944,34.081344],[-118.472009,34.081423],[-118.472469,34.081218],[-118.472454,34.081171],[-118.472433,34.081125],[-118.472407,34.081083],[-118.472377,34.081043],[-118.471944,34.081239],[-118.471839,34.081287]]]},"properties":{"APN":"4368-013-004","SitusFullAddress":"11839 BELLAGIO RD LOS ANGELES CA 90049"}},{"type":"Feature","geometry":{"type":"Polygon","coordinates":[[[-118.471812,34.081278],[-118.471839,34.081287],[-118.471944,34.081239],[-118.472377,34.081043],[-118.472336,34.081002],[-118.472292,34.080965],[-118.472244,34.080933],[-118.472193,34.080907],[-118.471943,34.081037],[-118.471613,34.08121],[-118.471812,34.081278]]]},"properties":{"APN":"4368-013-005","SitusFullAddress":"11833 BELLAGIO RD LOS ANGELES CA 90049"}},{"type":"Feature","geometry":{"type":"Polygon","coordinates":[[[-118.47133,34.081624],[-118.471373,34.081646],[-118.471417,34.081664],[-118.471536,34.081711],[-118.471812,34.081278],[-118.471613,34.08121],[-118.47133,34.081624]]]},"properties":{"APN":"4368-013-006","SitusFullAddress":"984 CASIANO RD LOS ANGELES CA 90049"}},{"type":"Feature","geometry":{"type":"Polygon","coordinates":[[[-118.471491,34.081168],[-118.471613,34.08121],[-118.471943,34.081037],[-118.472193,34.080907],[-118.472132,34.080882],[-118.471953,34.080821],[-118.471943,34.080826],[-118.471434,34.081096],[-118.471491,34.081168]]]},"properties":{"APN":"4368-013-008","SitusFullAddress":"11823 BELLAGIO RD LOS ANGELES CA 90049"}},{"type":"Feature","geometry":{"type":"Polygon","coordinates":[[[-118.470868,34.080999],[-118.470888,34.081032],[-118.470905,34.081066],[-118.470992,34.081253],[-118.471327,34.080962],[-118.471319,34.080952],[-118.47121,34.080814],[-118.471163,34.080755],[-118.470868,34.080999]]]},"properties":{"APN":"4368-013-011","SitusFullAddress":"1010 CASIANO RD LOS ANGELES CA 90049"}},{"type":"Feature","geometry":{"type":"Polygon","coordinates":[[[-118.47121,34.080814],[-118.471319,34.080952],[-118.47173,34.080734],[-118.471675,34.080701],[-118.471624,34.080663],[-118.471576,34.08062],[-118.47121,34.080814]]]},"properties":{"APN":"4368-013-012","SitusFullAddress":"11811 BELLAGIO RD LOS ANGELES CA 90049"}},{"type":"Feature","geometry":{"type":"Polygon","coordinates":[[[-118.471163,34.080755],[-118.47121,34.080814],[-118.471576,34.08062],[-118.471552,34.080595],[-118.471529,34.080569],[-118.471522,34.08056],[-118.471513,34.080549],[-118.471463,34.080485],[-118.471434,34.080449],[-118.471406,34.080413],[-118.471389,34.080393],[-118.471035,34.080595],[-118.47107,34.080638],[-118.471104,34.080681],[-118.471134,34.080718],[-118.471163,34.080755]]]},"properties":{"APN":"4368-013-013","SitusFullAddress":"11805 BELLAGIO RD LOS ANGELES CA 90049"}},{"type":"Feature","geometry":{"type":"Polygon","coordinates":[[[-118.470618,34.080758],[-118.470677,34.080796],[-118.470732,34.08084],[-118.470782,34.080888],[-118.470828,34.080941],[-118.470868,34.080999],[-118.471163,34.080755],[-118.471134,34.080718],[-118.471104,34.080681],[-118.47107,34.080638],[-118.471035,34.080595],[-118.471,34.080552],[-118.470998,34.08055],[-118.470618,34.080758]]]},"properties":{"APN":"4368-013-014","SitusFullAddress":"1020 CASIANO RD LOS ANGELES CA 90049"}},{"type":"Feature","geometry":{"type":"Polygon","coordinates":[[[-118.470545,34.08004],[-118.470662,34.080165],[-118.47067,34.080173],[-118.47072,34.080228],[-118.47106,34.080011],[-118.471002,34.079948],[-118.470948,34.079889],[-118.470881,34.079818],[-118.470545,34.08004]]]},"properties":{"APN":"4368-013-020","SitusFullAddress":"11775 BELLAGIO RD LOS ANGELES CA 90049"}},{"type":"Feature","geometry":{"type":"Polygon","coordinates":[[[-118.470783,34.080298],[-118.470889,34.08042],[-118.471238,34.080213],[-118.471183,34.080148],[-118.471122,34.080079],[-118.471091,34.080045],[-118.47106,34.080011],[-118.47072,34.080228],[-118.470761,34.080274],[-118.470777,34.080292],[-118.470783,34.080298]]]},"properties":{"APN":"4368-013-023","SitusFullAddress":"11787 BELLAGIO RD LOS ANGELES CA 90049"}},{"type":"Feature","geometry":{"type":"Polygon","coordinates":[[[-118.471,34.080552],[-118.471035,34.080595],[-118.471389,34.080393],[-118.471352,34.080348],[-118.471296,34.08028],[-118.471238,34.080213],[-118.470889,34.08042],[-118.470893,34.080424],[-118.470998,34.08055],[-118.471,34.080552]]]},"properties":{"APN":"4368-013-024","SitusFullAddress":"11797 BELLAGIO RD LOS ANGELES CA 90049"}},{"type":"Feature","geometry":{"type":"Polygon","coordinates":[[[-118.471327,34.080962],[-118.471395,34.081047],[-118.471429,34.081089],[-118.471434,34.081096],[-118.471943,34.080826],[-118.471953,34.080821],[-118.471941,34.080817],[-118.471849,34.080785],[-118.471788,34.080762],[-118.47173,34.080734],[-118.471319,34.080952],[-118.471327,34.080962]]]},"properties":{"APN":"4368-013-026","SitusFullAddress":"11817 BELLAGIO RD LOS ANGELES CA 90049"}},{"type":"Feature","geometry":{"type":"Polygon","coordinates":[[[-118.471135,34.081478],[-118.471135,34.081478],[-118.471179,34.08152],[-118.471227,34.081559],[-118.471277,34.081594],[-118.47133,34.081624],[-118.471613,34.08121],[-118.471491,34.081168],[-118.471135,34.081478]]]},"properties":{"APN":"4368-013-027","SitusFullAddress":"998 CASIANO RD LOS ANGELES CA 90049"}},{"type":"Feature","geometry":{"type":"Polygon","coordinates":[[[-118.470992,34.081253],[-118.471016,34.081306],[-118.471041,34.081353],[-118.471069,34.081397],[-118.4711,34.081439],[-118.471135,34.081478],[-118.471491,34.081168],[-118.471434,34.081096],[-118.471429,34.081089],[-118.471395,34.081047],[-118.471327,34.080962],[-118.470992,34.081253]]]},"properties":{"APN":"4368-013-028","SitusFullAddress":"1000 CASIANO RD LOS ANGELES CA 90049"}},{"type":"Feature","geometry":{"type":"Polygon","coordinates":[[[-118.471793,34.080568],[-118.471834,34.080593],[-118.471878,34.080615],[-118.471924,34.080633],[-118.471943,34.080639],[-118.471951,34.080641],[-118.471995,34.08065],[-118.47204,34.080654],[-118.472085,34.080652],[-118.472129,34.080646],[-118.472172,34.080634],[-118.472205,34.080621],[-118.472211,34.080618],[-118.472218,34.080614],[-118.472224,34.080609],[-118.47223,34.080604],[-118.472234,34.080597],[-118.472237,34.08059],[-118.472239,34.080582],[-118.47224,34.080574],[-118.472239,34.080566],[-118.472238,34.080558],[-118.472235,34.080551],[-118.472231,34.080544],[-118.472123,34.080399],[-118.472121,34.080396],[-118.471942,34.080489],[-118.471793,34.080568]]]},"properties":{"APN":"4368-014-001","SitusFullAddress":"11818 BELLAGIO RD LOS ANGELES CA 90049"}},{"type":"Feature","geometry":{"type":"Polygon","coordinates":[[[-118.471628,34.080394],[-118.471689,34.080471],[-118.471699,34.080483],[-118.471727,34.080514],[-118.471759,34.080542],[-118.471793,34.080568],[-118.471942,34.080489],[-118.472121,34.080396],[-118.472012,34.080255],[-118.471972,34.080205],[-118.471942,34.080222],[-118.471628,34.080394]]]},"properties":{"APN":"4368-014-002","SitusFullAddress":"11812 BELLAGIO RD LOS ANGELES CA 90049"}},{"type":"Feature","geometry":{"type":"Polygon","coordinates":[[[-118.471579,34.080333],[-118.471628,34.080394],[-118.471942,34.080222],[-118.471972,34.080205],[-118.471942,34.080167],[-118.471898,34.080112],[-118.471819,34.080016],[-118.47148,34.080212],[-118.471579,34.080333]]]},"properties":{"APN":"4368-014-003","SitusFullAddress":"11806 BELLAGIO RD LOS ANGELES CA 90049"}},{"type":"Feature","geometry":{"type":"Polygon","coordinates":[[[-118.471468,34.080197],[-118.47148,34.080212],[-118.471819,34.080016],[-118.471735,34.079916],[-118.471661,34.07983],[-118.471327,34.080033],[-118.471353,34.080062],[-118.471468,34.080197]]]},"properties":{"APN":"4368-014-004","SitusFullAddress":"11790 BELLAGIO RD LOS ANGELES CA 90049"}},{"type":"Feature","geometry":{"type":"Polygon","coordinates":[[[-118.471235,34.079929],[-118.471327,34.080033],[-118.471661,34.07983],[-118.471615,34.079778],[-118.471497,34.079648],[-118.471169,34.079857],[-118.471235,34.079929]]]},"properties":{"APN":"4368-014-005","SitusFullAddress":"11788 BELLAGIO RD LOS ANGELES CA 90049"}},{"type":"Feature","geometry":{"type":"Polygon","coordinates":[[[-118.471115,34.079798],[-118.471169,34.079857],[-118.471497,34.079648],[-118.471491,34.079641],[-118.471365,34.079507],[-118.471328,34.079469],[-118.471006,34.079684],[-118.471115,34.079798]]]},"properties":{"APN":"4368-014-006","SitusFullAddress":"11782 BELLAGIO RD LOS ANGELES CA 90049"}},{"type":"Feature","geometry":{"type":"Polygon","coordinates":[[[-118.470992,34.079669],[-118.471006,34.079684],[-118.471328,34.079469],[-118.471235,34.079374],[-118.471154,34.079293],[-118.470838,34.079514],[-118.470866,34.079542],[-118.470992,34.079669]]]},"properties":{"APN":"4368-014-007","SitusFullAddress":"11776 BELLAGIO RD LOS ANGELES CA 90049"}},{"type":"Feature","geometry":{"type":"Polygon","coordinates":[[[-118.470737,34.079416],[-118.470838,34.079514],[-118.471154,34.079293],[-118.471103,34.079243],[-118.470975,34.07912],[-118.470665,34.079348],[-118.470737,34.079416]]]},"properties":{"APN":"4368-014-008","SitusFullAddress":"11760 BELLAGIO RD LOS ANGELES CA 90049"}},{"type":"Feature","geometry":{"type":"Polygon","coordinates":[[[-118.470734,34.087393],[-118.471053,34.08768],[-118.471302,34.087663],[-118.471954,34.087545],[-118.47197,34.087542],[-118.47197,34.087501],[-118.471974,34.087459],[-118.471999,34.087304],[-118.471954,34.087306],[-118.471542,34.087325],[-118.470734,34.087393]]]},"properties":{"APN":"4368-025-006","SitusFullAddress":"1350 CASIANO RD LOS ANGELES CA 90049"}},{"type":"Feature","geometry":{"type":"Polygon","coordinates":[[[-118.471053,34.08768],[-118.471277,34.087882],[-118.471954,34.087749],[-118.472016,34.087737],[-118.471985,34.087627],[-118.471975,34.087585],[-118.47197,34.087542],[-118.471954,34.087545],[-118.471302,34.087663],[-118.471053,34.08768]]]},"properties":{"APN":"4368-025-007","SitusFullAddress":"1358 CASIANO RD LOS ANGELES CA 90049"}},{"type":"Feature","geometry":{"type":"Polygon","coordinates":[[[-118.471357,34.088626],[-118.471363,34.088644],[-118.471846,34.088549],[-118.47186,34.088546],[-118.471956,34.088528],[-118.472225,34.088475],[-118.472157,34.088234],[-118.471955,34.088273],[-118.471361,34.088387],[-118.471358,34.088609],[-118.471357,34.088626]]]},"properties":{"APN":"4368-025-010","SitusFullAddress":"1386 CASIANO RD LOS ANGELES CA 90049"}},{"type":"Feature","geometry":{"type":"Polygon","coordinates":[[[-118.472408,34.088593],[-118.473035,34.088636],[-118.473106,34.088641],[-118.473137,34.088588],[-118.473188,34.088501],[-118.473216,34.088451],[-118.473247,34.0884],[-118.472782,34.088366],[-118.472385,34.088398],[-118.472335,34.088383],[-118.472367,34.088496],[-118.472384,34.088545],[-118.472408,34.088593]]]},"properties":{"APN":"4368-025-014","SitusFullAddress":"1393 CASIANO RD LOS ANGELES CA 90049"}},{"type":"Feature","geometry":{"type":"Polygon","coordinates":[[[-118.472782,34.088366],[-118.473247,34.0884],[-118.473387,34.08816],[-118.472619,34.088104],[-118.472339,34.088159],[-118.472263,34.088131],[-118.472335,34.088383],[-118.472385,34.088398],[-118.472782,34.088366]]]},"properties":{"APN":"4368-025-015","SitusFullAddress":"1387 CASIANO RD LOS ANGELES CA 90049"}},{"type":"Feature","geometry":{"type":"Polygon","coordinates":[[[-118.472619,34.088104],[-118.473387,34.08816],[-118.473469,34.088019],[-118.473461,34.087977],[-118.472413,34.087876],[-118.472203,34.087917],[-118.472263,34.088131],[-118.472339,34.088159],[-118.472619,34.088104]]]},"properties":{"APN":"4368-025-016","SitusFullAddress":"1377 CASIANO RD LOS ANGELES CA 90049"}},{"type":"Feature","geometry":{"type":"Polygon","coordinates":[[[-118.472413,34.087876],[-118.473461,34.087977],[-118.473419,34.087737],[-118.47247,34.08765],[-118.472145,34.087714],[-118.472203,34.087917],[-118.472413,34.087876]]]},"properties":{"APN":"4368-025-017","SitusFullAddress":"1367 CASIANO RD LOS ANGELES CA 90049"}},{"type":"Feature","geometry":{"type":"Polygon","coordinates":[[[-118.472145,34.087714],[-118.47247,34.08765],[-118.473419,34.087737],[-118.473389,34.087569],[-118.47211,34.087446],[-118.472105,34.087473],[-118.472102,34.087498],[-118.472102,34.087533],[-118.472106,34.087568],[-118.472113,34.087602],[-118.472145,34.087714]]]},"properties":{"APN":"4368-025-018","SitusFullAddress":"1357 CASIANO RD LOS ANGELES CA 90049"}},{"type":"Feature","geometry":{"type":"Polygon","coordinates":[[[-118.47211,34.087446],[-118.473389,34.087569],[-118.473348,34.087337],[-118.472144,34.087228],[-118.47211,34.087446]]]},"properties":{"APN":"4368-025-019","SitusFullAddress":"1349 CASIANO RD LOS ANGELES CA 90049"}},{"type":"Feature","geometry":{"type":"Polygon","coordinates":[[[-118.471846,34.088549],[-118.471871,34.088582],[-118.471956,34.088695],[-118.472048,34.088817],[-118.47203,34.088822],[-118.471989,34.088808],[-118.472011,34.088859],[-118.472034,34.088882],[-118.472086,34.088867],[-118.472214,34.089037],[-118.472486,34.088906],[-118.472419,34.088818],[-118.472411,34.08881],[-118.472401,34.088804],[-118.472391,34.088799],[-118.47238,34.088796],[-118.472368,34.088795],[-118.472339,34.088794],[-118.472315,34.088763],[-118.472291,34.088732],[-118.472296,34.088732],[-118.472301,34.088732],[-118.472305,34.088731],[-118.472309,34.088729],[-118.472313,34.088727],[-118.472317,34.088723],[-118.47232,34.08872],[-118.472322,34.088715],[-118.472324,34.088711],[-118.472324,34.088706],[-118.472324,34.088702],[-118.472323,34.088697],[-118.472322,34.088692],[-118.472291,34.088645],[-118.472265,34.088594],[-118.472244,34.088541],[-118.472238,34.088521],[-118.472225,34.088475],[-118.471956,34.088528],[-118.47186,34.088546],[-118.471846,34.088549]]]},"properties":{"APN":"4368-025-021","SitusFullAddress":"1392 CASIANO RD LOS ANGELES CA 90049"}},{"type":"Feature","geometry":{"type":"Polygon","coordinates":[[[-118.471432,34.088855],[-118.471956,34.089013],[-118.472207,34.089088],[-118.472513,34.088941],[-118.472486,34.088906],[-118.472214,34.089037],[-118.472086,34.088867],[-118.472034,34.088882],[-118.472011,34.088859],[-118.471989,34.088808],[-118.47203,34.088822],[-118.472048,34.088817],[-118.471956,34.088695],[-118.471871,34.088582],[-118.471846,34.088549],[-118.471363,34.088644],[-118.471431,34.088852],[-118.471432,34.088855]]]},"properties":{"APN":"4368-025-022","SitusFullAddress":"1394 CASIANO RD LOS ANGELES CA 90049"}},{"type":"Feature","geometry":{"type":"Polygon","coordinates":[[[-118.472408,34.088593],[-118.472425,34.088622],[-118.472445,34.08865],[-118.472628,34.088886],[-118.473032,34.088691],[-118.473094,34.088661],[-118.473106,34.088641],[-118.473035,34.088636],[-118.472408,34.088593]]]},"properties":{"APN":"4368-025-023","SitusFullAddress":"1399 CASIANO RD LOS ANGELES CA 90049"}},{"type":"Feature","geometry":{"type":"Polygon","coordinates":[[[-118.471277,34.087882],[-118.471369,34.087964],[-118.471367,34.088093],[-118.471366,34.0881],[-118.471832,34.088005],[-118.471872,34.087975],[-118.471882,34.087973],[-118.471885,34.087972],[-118.471888,34.087972],[-118.471891,34.087973],[-118.471894,34.087974],[-118.471896,34.087975],[-118.471899,34.087977],[-118.471901,34.087979],[-118.471903,34.087982],[-118.471904,34.087984],[-118.471951,34.087975],[-118.471951,34.087979],[-118.472025,34.087965],[-118.472026,34.087969],[-118.472079,34.087959],[-118.472016,34.087737],[-118.471954,34.087749],[-118.471277,34.087882]]]},"properties":{"APN":"4368-025-028","SitusFullAddress":"1366 CASIANO RD LOS ANGELES CA 90049"}},{"type":"Feature","geometry":{"type":"Polygon","coordinates":[[[-118.471366,34.0881],[-118.471361,34.088387],[-118.471955,34.088273],[-118.472157,34.088234],[-118.472079,34.087959],[-118.472026,34.087969],[-118.472025,34.087965],[-118.471951,34.087979],[-118.471951,34.087975],[-118.471904,34.087984],[-118.471903,34.087982],[-118.471901,34.087979],[-118.471899,34.087977],[-118.471896,34.087975],[-118.471894,34.087974],[-118.471891,34.087973],[-118.471888,34.087972],[-118.471885,34.087972],[-118.471882,34.087973],[-118.471872,34.087975],[-118.471832,34.088005],[-118.471366,34.0881]]]},"properties":{"APN":"4368-025-029","SitusFullAddress":"1378 CASIANO RD LOS ANGELES CA 90049"}},{"type":"Feature","geometry":{"type":"Polygon","coordinates":[[[-118.4708,34.086757],[-118.470799,34.086771],[-118.471511,34.086767],[-118.471524,34.086756],[-118.471575,34.086709],[-118.471478,34.086511],[-118.471792,34.086377],[-118.471772,34.086336],[-118.471193,34.086534],[-118.470824,34.086544],[-118.4708,34.086757]]]},"properties":{"APN":"4368-027-003","SitusFullAddress":"1312 CASIANO RD LOS ANGELES CA 90049"}},{"type":"Feature","geometry":{"type":"Polygon","coordinates":[[[-118.471478,34.086511],[-118.471575,34.086709],[-118.471891,34.086578],[-118.471792,34.086377],[-118.471478,34.086511]]]},"properties":{"APN":"4368-027-004","SitusFullAddress":"1316 CASIANO RD LOS ANGELES CA 90049"}},{"type":"Feature","geometry":{"type":"Polygon","coordinates":[[[-118.470782,34.086919],[-118.471455,34.086924],[-118.471953,34.086789],[-118.471982,34.086781],[-118.471989,34.086779],[-118.471978,34.086756],[-118.471953,34.086704],[-118.471891,34.086578],[-118.471575,34.086709],[-118.471524,34.086756],[-118.471511,34.086767],[-118.470799,34.086771],[-118.470785,34.086899],[-118.470782,34.086919]]]},"properties":{"APN":"4368-027-005","SitusFullAddress":"1324 CASIANO RD LOS ANGELES CA 90049"}},{"type":"Feature","geometry":{"type":"Polygon","coordinates":[[[-118.470765,34.087078],[-118.470882,34.08708],[-118.471953,34.08703],[-118.472042,34.087026],[-118.472045,34.086975],[-118.472041,34.086925],[-118.472032,34.086886],[-118.472021,34.086848],[-118.472002,34.086805],[-118.471989,34.086779],[-118.471982,34.086781],[-118.471953,34.086789],[-118.471455,34.086924],[-118.470782,34.086919],[-118.470765,34.087078]]]},"properties":{"APN":"4368-027-006","SitusFullAddress":"1334 CASIANO RD LOS ANGELES CA 90049"}},{"type":"Feature","geometry":{"type":"Polygon","coordinates":[[[-118.47073,34.087389],[-118.470734,34.087393],[-118.471542,34.087325],[-118.471954,34.087306],[-118.471999,34.087304],[-118.47204,34.08704],[-118.472041,34.087032],[-118.472042,34.087026],[-118.471953,34.08703],[-118.470882,34.08708],[-118.470765,34.087078],[-118.47073,34.087389]]]},"properties":{"APN":"4368-027-007","SitusFullAddress":"1344 CASIANO RD LOS ANGELES CA 90049"}},{"type":"Feature","geometry":{"type":"Polygon","coordinates":[[[-118.472144,34.087228],[-118.473348,34.087337],[-118.473291,34.087012],[-118.472597,34.087025],[-118.472174,34.087032],[-118.472144,34.087228]]]},"properties":{"APN":"4368-027-008","SitusFullAddress":"1345 CASIANO RD LOS ANGELES CA 90049"}},{"type":"Feature","geometry":{"type":"Polygon","coordinates":[[[-118.472154,34.086836],[-118.472168,34.086887],[-118.472175,34.086935],[-118.472177,34.086984],[-118.472174,34.087032],[-118.472597,34.087025],[-118.472512,34.086838],[-118.472408,34.086796],[-118.472154,34.086836]]]},"properties":{"APN":"4368-027-009","SitusFullAddress":"1337 CASIANO RD LOS ANGELES CA 90049"}},{"type":"Feature","geometry":{"type":"Polygon","coordinates":[[[-118.472129,34.086772],[-118.472133,34.086781],[-118.472236,34.086755],[-118.472418,34.08671],[-118.472429,34.086686],[-118.472391,34.086609],[-118.472335,34.086495],[-118.472042,34.086595],[-118.472121,34.086755],[-118.472124,34.086763],[-118.472129,34.086772]]]},"properties":{"APN":"4368-027-012","SitusFullAddress":"1331 CASIANO RD LOS ANGELES CA 90049"}},{"type":"Feature","geometry":{"type":"Polygon","coordinates":[[[-118.471952,34.086413],[-118.472042,34.086595],[-118.472335,34.086495],[-118.472254,34.08633],[-118.472161,34.086293],[-118.471952,34.086364],[-118.471931,34.086371],[-118.471952,34.086413]]]},"properties":{"APN":"4368-027-013","SitusFullAddress":"1315 CASIANO RD LOS ANGELES CA 90049"}},{"type":"Feature","geometry":{"type":"Polygon","coordinates":[[[-118.471787,34.086075],[-118.471802,34.086109],[-118.471898,34.086303],[-118.471952,34.086284],[-118.472188,34.086204],[-118.472165,34.086152],[-118.472104,34.086021],[-118.471952,34.086047],[-118.471787,34.086075]]]},"properties":{"APN":"4368-027-016","SitusFullAddress":"1305 CASIANO RD LOS ANGELES CA 90049"}},{"type":"Feature","geometry":{"type":"Polygon","coordinates":[[[-118.471757,34.08584],[-118.471758,34.085925],[-118.471762,34.085976],[-118.471772,34.086027],[-118.471787,34.086075],[-118.471952,34.086047],[-118.472104,34.086021],[-118.472627,34.085931],[-118.472496,34.085756],[-118.472409,34.085642],[-118.472031,34.085838],[-118.471951,34.085839],[-118.471757,34.08584]]]},"properties":{"APN":"4368-027-017","SitusFullAddress":"1287 CASIANO RD LOS ANGELES CA 90049"}},{"type":"Feature","geometry":{"type":"Polygon","coordinates":[[[-118.471717,34.085516],[-118.471733,34.085568],[-118.471745,34.08562],[-118.471753,34.085674],[-118.471756,34.085727],[-118.471757,34.08584],[-118.471951,34.085839],[-118.472031,34.085838],[-118.472409,34.085642],[-118.472239,34.085416],[-118.471951,34.085471],[-118.47181,34.085498],[-118.471717,34.085516]]]},"properties":{"APN":"4368-027-018","SitusFullAddress":"1279 CASIANO RD LOS ANGELES CA 90049"}},{"type":"Feature","geometry":{"type":"Polygon","coordinates":[[[-118.471382,34.086142],[-118.471458,34.086349],[-118.471461,34.086356],[-118.471463,34.08636],[-118.471465,34.086361],[-118.471466,34.086362],[-118.471468,34.086364],[-118.471469,34.086366],[-118.47147,34.086367],[-118.471472,34.086369],[-118.471473,34.08637],[-118.471475,34.086371],[-118.471477,34.086373],[-118.471478,34.086374],[-118.47148,34.086375],[-118.471482,34.086376],[-118.471484,34.086377],[-118.471486,34.086379],[-118.471488,34.08638],[-118.47149,34.086381],[-118.471492,34.086381],[-118.471494,34.086382],[-118.471496,34.086383],[-118.471498,34.086384],[-118.4715,34.086384],[-118.471502,34.086385],[-118.471505,34.086386],[-118.471507,34.086386],[-118.471509,34.086386],[-118.471511,34.086387],[-118.471514,34.086387],[-118.471516,34.086387],[-118.471518,34.086387],[-118.471521,34.086387],[-118.471523,34.086387],[-118.471525,34.086387],[-118.471528,34.086387],[-118.47153,34.086387],[-118.471532,34.086387],[-118.471535,34.086387],[-118.471539,34.086386],[-118.471545,34.086384],[-118.471759,34.086311],[-118.47168,34.08615],[-118.471661,34.086107],[-118.471646,34.086062],[-118.471382,34.086142]]]},"properties":{"APN":"4368-027-019","SitusFullAddress":"1306 CASIANO RD LOS ANGELES CA 90049"}},{"type":"Feature","geometry":{"type":"Polygon","coordinates":[[[-118.470851,34.086305],[-118.470824,34.086544],[-118.471193,34.086534],[-118.471772,34.086336],[-118.471759,34.086311],[-118.471545,34.086384],[-118.471539,34.086386],[-118.471535,34.086387],[-118.471532,34.086387],[-118.47153,34.086387],[-118.471528,34.086387],[-118.471525,34.086387],[-118.471523,34.086387],[-118.471521,34.086387],[-118.471518,34.086387],[-118.471516,34.086387],[-118.471514,34.086387],[-118.471511,34.086387],[-118.471509,34.086386],[-118.471507,34.086386],[-118.471505,34.086386],[-118.471502,34.086385],[-118.4715,34.086384],[-118.471498,34.086384],[-118.471496,34.086383],[-118.471494,34.086382],[-118.471492,34.086381],[-118.47149,34.086381],[-118.471488,34.08638],[-118.471486,34.086379],[-118.471484,34.086377],[-118.471482,34.086376],[-118.47148,34.086375],[-118.471478,34.086374],[-118.471477,34.086373],[-118.471475,34.086371],[-118.471473,34.08637],[-118.471472,34.086369],[-118.47147,34.086367],[-118.471469,34.086366],[-118.471468,34.086364],[-118.471466,34.086362],[-118.471465,34.086361],[-118.471463,34.08636],[-118.471461,34.086356],[-118.471458,34.086349],[-118.471382,34.086142],[-118.470851,34.086305]]]},"properties":{"APN":"4368-027-020","SitusFullAddress":"1310 CASIANO RD LOS ANGELES CA 90049"}},{"type":"Feature","geometry":{"type":"Polygon","coordinates":[[[-118.472512,34.086838],[-118.472597,34.087025],[-118.473291,34.087012],[-118.473266,34.08687],[-118.473215,34.086754],[-118.473168,34.086648],[-118.472851,34.086743],[-118.472795,34.086755],[-118.472624,34.086791],[-118.472534,34.086755],[-118.472467,34.086728],[-118.47243,34.086738],[-118.472359,34.086755],[-118.472144,34.086809],[-118.472147,34.086816],[-118.47215,34.086826],[-118.472154,34.086836],[-118.472408,34.086796],[-118.472512,34.086838]]]},"properties":{"APN":"4368-027-021","SitusFullAddress":"1335 CASIANO RD LOS ANGELES CA 90049"}},{"type":"Feature","geometry":{"type":"Polygon","coordinates":[[[-118.47214,34.086799],[-118.472144,34.086809],[-118.472359,34.086755],[-118.47243,34.086738],[-118.472467,34.086728],[-118.472534,34.086755],[-118.472624,34.086791],[-118.472795,34.086755],[-118.472851,34.086743],[-118.473168,34.086648],[-118.472899,34.086291],[-118.472789,34.086488],[-118.472463,34.086588],[-118.472391,34.086609],[-118.472429,34.086686],[-118.472418,34.08671],[-118.472236,34.086755],[-118.472133,34.086781],[-118.472136,34.086789],[-118.47214,34.086799]]]},"properties":{"APN":"4368-027-022","SitusFullAddress":"1333 CASIANO RD LOS ANGELES CA 90049"}},{"type":"Feature","geometry":{"type":"Polygon","coordinates":[[[-118.472335,34.086495],[-118.472391,34.086609],[-118.472463,34.086588],[-118.472789,34.086488],[-118.472899,34.086291],[-118.472676,34.085996],[-118.472673,34.085991],[-118.472496,34.086311],[-118.472445,34.086326],[-118.472307,34.086271],[-118.472293,34.086266],[-118.472272,34.086257],[-118.472217,34.086235],[-118.472201,34.086229],[-118.471952,34.086314],[-118.47191,34.086328],[-118.471931,34.086371],[-118.471952,34.086364],[-118.472161,34.086293],[-118.472254,34.08633],[-118.472335,34.086495]]]},"properties":{"APN":"4368-027-023","SitusFullAddress":"1313 CASIANO RD LOS ANGELES CA 90049"}},{"type":"Feature","geometry":{"type":"Polygon","coordinates":[[[-118.472307,34.086271],[-118.472445,34.086326],[-118.472496,34.086311],[-118.472673,34.085991],[-118.472627,34.085931],[-118.472104,34.086021],[-118.472165,34.086152],[-118.472188,34.086204],[-118.471952,34.086284],[-118.471898,34.086303],[-118.47191,34.086328],[-118.471952,34.086314],[-118.472201,34.086229],[-118.472217,34.086235],[-118.472272,34.086257],[-118.472293,34.086266],[-118.472307,34.086271]]]},"properties":{"APN":"4368-027-024","SitusFullAddress":""}},{"type":"Feature","geometry":{"type":"Polygon","coordinates":[[[-118.47175,34.098634],[-118.471973,34.098957],[-118.472249,34.099357],[-118.471974,34.099668],[-118.471616,34.100073],[-118.471975,34.100182],[-118.472957,34.100483],[-118.473037,34.101005],[-118.471976,34.101219],[-118.471941,34.101226],[-118.471977,34.101441],[-118.472098,34.102174],[-118.471978,34.102193],[-118.47188,34.102209],[-118.470975,34.102354],[-118.47158,34.103243],[-118.471934,34.103766],[-118.471981,34.103836],[-118.472127,34.104053],[-118.472276,34.105391],[-118.472389,34.106412],[-118.471985,34.106706],[-118.47173,34.106893],[-118.471986,34.10723],[-118.472056,34.107321],[-118.472545,34.107101],[-118.472805,34.107485],[-118.473866,34.106741],[-118.47403,34.106663],[-118.473692,34.105812],[-118.473799,34.105605],[-118.47495,34.105739],[-118.475498,34.106271],[-118.477338,34.10602],[-118.476314,34.105389],[-118.476145,34.105285],[-118.476178,34.104955],[-118.477009,34.104422],[-118.476667,34.103488],[-118.476735,34.103237],[-118.476893,34.102657],[-118.47686,34.102464],[-118.477031,34.101707],[-118.47686,34.101232],[-118.476894,34.100954],[-118.477481,34.100672],[-118.47763,34.099964],[-118.477626,34.099897],[-118.477212,34.099493],[-118.476467,34.099051],[-118.476526,34.097112],[-118.476363,34.096959],[-118.476531,34.096962],[-118.476533,34.096865],[-118.476279,34.09653],[-118.475714,34.096414],[-118.475628,34.096386],[-118.475544,34.096352],[-118.475463,34.096311],[-118.475386,34.096264],[-118.475312,34.096211],[-118.475243,34.096153],[-118.475179,34.096089],[-118.475119,34.096021],[-118.475066,34.095948],[-118.475018,34.095871],[-118.474976,34.095791],[-118.474941,34.095708],[-118.474912,34.095622],[-118.47489,34.095534],[-118.474876,34.095444],[-118.474868,34.095354],[-118.474867,34.095264],[-118.474873,34.095173],[-118.474886,34.095084],[-118.474907,34.094996],[-118.474907,34.094995],[-118.474916,34.094968],[-118.474916,34.094968],[-118.474931,34.094926],[-118.474971,34.094809],[-118.475012,34.094696],[-118.475051,34.094583],[-118.475062,34.09455],[-118.475008,34.094533],[-118.473928,34.09419],[-118.473219,34.093966],[-118.472143,34.092456],[-118.472608,34.091763],[-118.46993,34.091737],[-118.469933,34.091834],[-118.470341,34.092287],[-118.470223,34.092351],[-118.47006,34.092511],[-118.470008,34.092562],[-118.470005,34.092662],[-118.470095,34.092695],[-118.470342,34.092786],[-118.470344,34.092981],[-118.470168,34.093086],[-118.469652,34.093394],[-118.469766,34.09362],[-118.469882,34.094201],[-118.470285,34.094582],[-118.470467,34.094682],[-118.47072,34.094821],[-118.470552,34.095001],[-118.470531,34.095022],[-118.470298,34.095271],[-118.470282,34.095458],[-118.470322,34.095755],[-118.470704,34.095945],[-118.470829,34.096006],[-118.470776,34.096326],[-118.470726,34.096629],[-118.47076,34.097022],[-118.471046,34.0978],[-118.471053,34.097805],[-118.471159,34.097863],[-118.471507,34.097929],[-118.471971,34.09805],[-118.472113,34.098087],[-118.471972,34.098301],[-118.47175,34.098634]]]},"properties":{"APN":"4377-001-902","SitusFullAddress":""}},{"type":"Feature","geometry":{"type":"Polygon","coordinates":[[[-118.467125,34.113805],[-118.467125,34.114006],[-118.467962,34.113999],[-118.47045,34.113978],[-118.470239,34.112947],[-118.470891,34.112767],[-118.472152,34.112419],[-118.472417,34.111486],[-118.472677,34.110566],[-118.472926,34.109706],[-118.471989,34.109103],[-118.471749,34.108949],[-118.471748,34.107987],[-118.471987,34.107873],[-118.472805,34.107485],[-118.472545,34.107101],[-118.472056,34.107321],[-118.471986,34.10723],[-118.47173,34.106893],[-118.471985,34.106706],[-118.472389,34.106412],[-118.472276,34.105391],[-118.472127,34.104053],[-118.471981,34.103836],[-118.471934,34.103766],[-118.47158,34.103243],[-118.470975,34.102354],[-118.47188,34.102209],[-118.471978,34.102193],[-118.472098,34.102174],[-118.471977,34.101441],[-118.471941,34.101226],[-118.471976,34.101219],[-118.473037,34.101005],[-118.472957,34.100483],[-118.471975,34.100182],[-118.471616,34.100073],[-118.471974,34.099668],[-118.472249,34.099357],[-118.471973,34.098957],[-118.47175,34.098634],[-118.471232,34.098757],[-118.470484,34.098934],[-118.470411,34.098951],[-118.469784,34.0991],[-118.469475,34.099522],[-118.469137,34.099508],[-118.468453,34.09964],[-118.467369,34.100682],[-118.467545,34.101226],[-118.466636,34.10143],[-118.466273,34.101883],[-118.466089,34.102526],[-118.466267,34.103083],[-118.466221,34.103249],[-118.466081,34.103761],[-118.466062,34.104236],[-118.466062,34.104237],[-118.466609,34.10403],[-118.466683,34.104571],[-118.466714,34.104801],[-118.46674,34.104993],[-118.466741,34.105001],[-118.466768,34.105198],[-118.466794,34.105394],[-118.46681,34.105511],[-118.466839,34.105722],[-118.466853,34.105828],[-118.466813,34.106031],[-118.46845,34.106482],[-118.468632,34.10701],[-118.467457,34.107291],[-118.466809,34.107445],[-118.466764,34.107648],[-118.466719,34.107851],[-118.46668,34.108027],[-118.466675,34.108054],[-118.46667,34.108075],[-118.46664,34.10821],[-118.466624,34.108282],[-118.467826,34.108366],[-118.46777,34.108914],[-118.467067,34.109616],[-118.467486,34.109947],[-118.467522,34.110207],[-118.465897,34.110361],[-118.465899,34.110449],[-118.465901,34.110549],[-118.465903,34.11065],[-118.465906,34.110754],[-118.465908,34.110857],[-118.465913,34.111065],[-118.466275,34.111326],[-118.466274,34.111491],[-118.466269,34.111492],[-118.465877,34.111623],[-118.46587,34.111731],[-118.46586,34.11194],[-118.46585,34.11215],[-118.46584,34.112359],[-118.46583,34.112568],[-118.46582,34.112777],[-118.466599,34.112921],[-118.466399,34.113672],[-118.466416,34.113675],[-118.467125,34.113805]]]},"properties":{"APN":"4377-002-004","SitusFullAddress":""}},{"type":"Feature","geometry":{"type":"Polygon","coordinates":[[[-118.468098,34.098761],[-118.468453,34.09964],[-118.469137,34.099508],[-118.469475,34.099522],[-118.469784,34.0991],[-118.470411,34.098951],[-118.470484,34.098934],[-118.471232,34.098757],[-118.47175,34.098634],[-118.471972,34.098301],[-118.472113,34.098087],[-118.471971,34.09805],[-118.471507,34.097929],[-118.471159,34.097863],[-118.471053,34.097805],[-118.471046,34.0978],[-118.47076,34.097022],[-118.470726,34.096629],[-118.470776,34.096326],[-118.470829,34.096006],[-118.470704,34.095945],[-118.470322,34.095755],[-118.470282,34.095458],[-118.470298,34.095271],[-118.469578,34.095345],[-118.469446,34.095358],[-118.469021,34.095401],[-118.467986,34.095832],[-118.467929,34.095836],[-118.467934,34.095852],[-118.467895,34.096118],[-118.467883,34.096203],[-118.467602,34.096589],[-118.467991,34.097044],[-118.467843,34.097502],[-118.468413,34.098055],[-118.468197,34.098538],[-118.468098,34.098761]]]},"properties":{"APN":"4377-002-031","SitusFullAddress":""}},{"type":"Feature","geometry":{"type":"Polygon","coordinates":[[[-118.472624,34.114277],[-118.47268,34.114279],[-118.472735,34.114275],[-118.47279,34.114264],[-118.472843,34.114248],[-118.472894,34.114226],[-118.472899,34.114224],[-118.473062,34.11414],[-118.473185,34.114076],[-118.473156,34.114032],[-118.473132,34.113986],[-118.473114,34.113937],[-118.473102,34.113886],[-118.473096,34.113834],[-118.473097,34.113782],[-118.472952,34.113774],[-118.472956,34.113739],[-118.472962,34.113705],[-118.472594,34.113651],[-118.472586,34.11423],[-118.472585,34.114274],[-118.472624,34.114277]]]},"properties":{"APN":"4377-040-062","SitusFullAddress":"2496 LANCELOT LN LOS ANGELES CA 90077"}},{"type":"Feature","geometry":{"type":"Polygon","coordinates":[[[-118.472254,34.114247],[-118.472585,34.114274],[-118.472586,34.11423],[-118.472594,34.113651],[-118.472319,34.113538],[-118.472258,34.114198],[-118.472254,34.114247]]]},"properties":{"APN":"4377-040-063","SitusFullAddress":"2484 LANCELOT LN LOS ANGELES CA 90077"}},{"type":"Feature","geometry":{"type":"Polygon","coordinates":[[[-118.472056,34.11423],[-118.472254,34.114247],[-118.472258,34.114198],[-118.472319,34.113538],[-118.472184,34.113133],[-118.472036,34.113143],[-118.471996,34.113327],[-118.471896,34.113792],[-118.471998,34.114063],[-118.472005,34.114083],[-118.472063,34.114173],[-118.472056,34.11423]]]},"properties":{"APN":"4377-040-064","SitusFullAddress":"2476 LANCELOT LANE LOS ANGELES CA 90077"}},{"type":"Feature","geometry":{"type":"Polygon","coordinates":[[[-118.471677,34.11399],[-118.47194,34.114182],[-118.471998,34.114178],[-118.472063,34.114173],[-118.472005,34.114083],[-118.471998,34.114063],[-118.471896,34.113792],[-118.471996,34.113327],[-118.472036,34.113143],[-118.471996,34.113146],[-118.471339,34.113191],[-118.471182,34.11334],[-118.471666,34.113977],[-118.471677,34.11399]]]},"properties":{"APN":"4377-040-065","SitusFullAddress":"2472 LANCELOT LANE LOS ANGELES CA 90077"}},{"type":"Feature","geometry":{"type":"Polygon","coordinates":[[[-118.472594,34.113651],[-118.472962,34.113705],[-118.472978,34.113648],[-118.473001,34.113593],[-118.473029,34.113541],[-118.473049,34.113507],[-118.473173,34.113303],[-118.473274,34.113136],[-118.472152,34.112419],[-118.471995,34.112568],[-118.471339,34.113191],[-118.471996,34.113146],[-118.472036,34.113143],[-118.472184,34.113133],[-118.472319,34.113538],[-118.472594,34.113651]]]},"properties":{"APN":"4377-040-066","SitusFullAddress":""}},{"type":"Feature","geometry":{"type":"Polygon","coordinates":[[[-118.471847,34.114785],[-118.471924,34.115165],[-118.471999,34.115154],[-118.472355,34.115104],[-118.472729,34.115052],[-118.472883,34.114935],[-118.472929,34.114897],[-118.47297,34.114855],[-118.473007,34.114808],[-118.473038,34.114757],[-118.473063,34.114703],[-118.473082,34.114647],[-118.473085,34.114636],[-118.473103,34.114591],[-118.473127,34.114548],[-118.473157,34.114509],[-118.473191,34.114474],[-118.47323,34.114443],[-118.473272,34.114418],[-118.473277,34.114416],[-118.47346,34.114321],[-118.473425,34.114275],[-118.47332,34.114255],[-118.473185,34.114076],[-118.473062,34.11414],[-118.472899,34.114224],[-118.472894,34.114226],[-118.472843,34.114248],[-118.47279,34.114264],[-118.472735,34.114275],[-118.47268,34.114279],[-118.472624,34.114277],[-118.472585,34.114274],[-118.472254,34.114247],[-118.472056,34.11423],[-118.472063,34.114173],[-118.471998,34.114178],[-118.47194,34.114182],[-118.471677,34.11399],[-118.471241,34.114404],[-118.471847,34.114785]]]},"properties":{"APN":"4377-040-067","SitusFullAddress":"11701 BEL AIR CREST RD LOS ANGELES CA 90077"}},{"type":"Feature","geometry":{"type":"Polygon","coordinates":[[[-118.472,34.115545],[-118.472332,34.117197],[-118.473239,34.116681],[-118.473226,34.116574],[-118.473191,34.116283],[-118.473147,34.115923],[-118.473106,34.115587],[-118.473069,34.115287],[-118.473067,34.115268],[-118.473035,34.115225],[-118.472892,34.115036],[-118.473126,34.11489],[-118.473125,34.114889],[-118.473106,34.114857],[-118.473174,34.114829],[-118.473204,34.114816],[-118.473188,34.11479],[-118.473145,34.11472],[-118.473232,34.114542],[-118.473372,34.114551],[-118.473495,34.114486],[-118.473471,34.114455],[-118.473495,34.114368],[-118.47346,34.114321],[-118.473277,34.114416],[-118.473272,34.114418],[-118.47323,34.114443],[-118.473191,34.114474],[-118.473157,34.114509],[-118.473127,34.114548],[-118.473103,34.114591],[-118.473085,34.114636],[-118.473082,34.114647],[-118.473063,34.114703],[-118.473038,34.114757],[-118.473007,34.114808],[-118.47297,34.114855],[-118.472929,34.114897],[-118.472883,34.114935],[-118.472729,34.115052],[-118.472355,34.115104],[-118.471999,34.115154],[-118.471924,34.115165],[-118.472,34.115545]]]},"properties":{"APN":"4377-040-068","SitusFullAddress":"11701 BEL AIR CREST RD LOS ANGELES CA 90077"}},{"type":"Feature","geometry":{"type":"Polygon","coordinates":[[[-118.473827,34.115139],[-118.474125,34.115168],[-118.474259,34.115166],[-118.47427,34.115115],[-118.47419,34.115055],[-118.474189,34.115043],[-118.474188,34.115038],[-118.474173,34.114923],[-118.474052,34.114934],[-118.473976,34.114878],[-118.473943,34.114876],[-118.473959,34.114756],[-118.473895,34.114747],[-118.473863,34.114865],[-118.473863,34.114865],[-118.47383,34.115088],[-118.473822,34.115138],[-118.473827,34.115139]]]},"properties":{"APN":"4377-041-001","SitusFullAddress":"11734 FOLKSTONE LN LOS ANGELES CA 90077"}},{"type":"Feature","geometry":{"type":"Polygon","coordinates":[[[-118.473742,34.115131],[-118.473822,34.115138],[-118.47383,34.115088],[-118.473863,34.114865],[-118.473863,34.114865],[-118.473895,34.114747],[-118.473837,34.114733],[-118.473781,34.114714],[-118.47372,34.114824],[-118.473619,34.115058],[-118.473619,34.115058],[-118.473602,34.115106],[-118.473668,34.11512],[-118.473742,34.115131]]]},"properties":{"APN":"4377-041-002","SitusFullAddress":"11728 FOLKSTONE LN LOS ANGELES CA 90077"}},{"type":"Feature","geometry":{"type":"Polygon","coordinates":[[[-118.473527,34.115084],[-118.473602,34.115106],[-118.473619,34.115058],[-118.473619,34.115058],[-118.47372,34.114824],[-118.473781,34.114714],[-118.473743,34.114699],[-118.473706,34.11468],[-118.473627,34.114782],[-118.47338,34.114957],[-118.473376,34.114961],[-118.473342,34.114997],[-118.473386,34.115023],[-118.473455,34.115057],[-118.473527,34.115084]]]},"properties":{"APN":"4377-041-003","SitusFullAddress":"11722 FOLKSTONE LN LOS ANGELES CA 90077"}},{"type":"Feature","geometry":{"type":"Polygon","coordinates":[[[-118.474672,34.11403],[-118.474733,34.114094],[-118.475277,34.113737],[-118.475329,34.113728],[-118.475291,34.113575],[-118.475266,34.113476],[-118.475206,34.113504],[-118.475189,34.11348],[-118.475143,34.113502],[-118.474605,34.113757],[-118.474702,34.113899],[-118.47471,34.113912],[-118.474715,34.113926],[-118.474718,34.113941],[-118.474718,34.113956],[-118.474716,34.113971],[-118.474712,34.113985],[-118.474705,34.113999],[-118.474696,34.114011],[-118.474685,34.114021],[-118.474672,34.11403]]]},"properties":{"APN":"4377-041-028","SitusFullAddress":"2339 WORTHING LN LOS ANGELES CA 90077"}},{"type":"Feature","geometry":{"type":"Polygon","coordinates":[[[-118.474474,34.113567],[-118.474605,34.113757],[-118.475143,34.113502],[-118.475189,34.11348],[-118.47508,34.113321],[-118.475058,34.113289],[-118.475012,34.113311],[-118.474474,34.113567]]]},"properties":{"APN":"4377-041-029","SitusFullAddress":"2331 WORTHING LN LOS ANGELES CA 90077"}},{"type":"Feature","geometry":{"type":"Polygon","coordinates":[[[-118.474391,34.113446],[-118.474474,34.113567],[-118.475012,34.113311],[-118.475058,34.113289],[-118.474954,34.113138],[-118.474926,34.113098],[-118.474881,34.11312],[-118.474346,34.113374],[-118.474391,34.113446]]]},"properties":{"APN":"4377-041-030","SitusFullAddress":"2323 WORTHING LN LOS ANGELES CA 90077"}},{"type":"Feature","geometry":{"type":"Polygon","coordinates":[[[-118.4743,34.113285],[-118.474322,34.11333],[-118.474346,34.113374],[-118.474881,34.11312],[-118.474926,34.113098],[-118.47482,34.112943],[-118.474818,34.112941],[-118.474772,34.112962],[-118.474232,34.113129],[-118.4743,34.113285]]]},"properties":{"APN":"4377-041-031","SitusFullAddress":"2311 WORTHING LN LOS ANGELES CA 90077"}},{"type":"Feature","geometry":{"type":"Polygon","coordinates":[[[-118.474155,34.112954],[-118.474232,34.113129],[-118.474772,34.112962],[-118.474818,34.112941],[-118.474694,34.11276],[-118.474649,34.112782],[-118.47455,34.11276],[-118.474492,34.112782],[-118.474434,34.112802],[-118.4742,34.112873],[-118.474155,34.112954]]]},"properties":{"APN":"4377-041-032","SitusFullAddress":"2305 WORTHING LN LOS ANGELES CA 90077"}},{"type":"Feature","geometry":{"type":"Polygon","coordinates":[[[-118.474818,34.112941],[-118.47482,34.112943],[-118.474866,34.112921],[-118.47527,34.112623],[-118.475298,34.112539],[-118.475254,34.112526],[-118.475211,34.112509],[-118.475067,34.112441],[-118.475015,34.112518],[-118.474918,34.112533],[-118.47487,34.112578],[-118.474819,34.112619],[-118.474763,34.112654],[-118.47474,34.112737],[-118.474694,34.11276],[-118.474818,34.112941]]]},"properties":{"APN":"4377-041-033","SitusFullAddress":"2303 WEYBRIDGE LN LOS ANGELES CA 90077"}},{"type":"Feature","geometry":{"type":"Polygon","coordinates":[[[-118.474926,34.113098],[-118.474954,34.113138],[-118.475,34.113117],[-118.475465,34.112774],[-118.475481,34.112632],[-118.475463,34.112545],[-118.475408,34.11255],[-118.475353,34.112547],[-118.475298,34.112539],[-118.47527,34.112623],[-118.474866,34.112921],[-118.47482,34.112943],[-118.474926,34.113098]]]},"properties":{"APN":"4377-041-034","SitusFullAddress":"2309 WEYBRIDGE LN LOS ANGELES CA 90077"}},{"type":"Feature","geometry":{"type":"Polygon","coordinates":[[[-118.475058,34.113289],[-118.47508,34.113321],[-118.475194,34.113267],[-118.475731,34.112873],[-118.475526,34.112624],[-118.475498,34.112539],[-118.475463,34.112545],[-118.475481,34.112632],[-118.475465,34.112774],[-118.475,34.113117],[-118.474954,34.113138],[-118.475058,34.113289]]]},"properties":{"APN":"4377-041-035","SitusFullAddress":"2317 WEYBRIDGE LN LOS ANGELES CA 90077"}},{"type":"Feature","geometry":{"type":"Polygon","coordinates":[[[-118.475189,34.11348],[-118.475206,34.113504],[-118.475266,34.113476],[-118.475374,34.113429],[-118.475882,34.113055],[-118.475731,34.112873],[-118.475194,34.113267],[-118.47508,34.113321],[-118.475189,34.11348]]]},"properties":{"APN":"4377-041-036","SitusFullAddress":"2327 WEYBRIDGE LN LOS ANGELES CA 90077"}},{"type":"Feature","geometry":{"type":"Polygon","coordinates":[[[-118.475291,34.113575],[-118.475329,34.113728],[-118.475762,34.113655],[-118.475955,34.113213],[-118.475882,34.113055],[-118.475374,34.113429],[-118.475266,34.113476],[-118.475291,34.113575]]]},"properties":{"APN":"4377-041-037","SitusFullAddress":"2341 WEYBRIDGE LN LOS ANGELES CA 90077"}},{"type":"Feature","geometry":{"type":"Polygon","coordinates":[[[-118.473774,34.113859],[-118.473823,34.113882],[-118.47389,34.113827],[-118.474299,34.113489],[-118.474391,34.113446],[-118.474346,34.113374],[-118.474322,34.11333],[-118.4743,34.113285],[-118.474232,34.113129],[-118.474155,34.112954],[-118.474104,34.112967],[-118.474044,34.11283],[-118.473611,34.112961],[-118.473567,34.112977],[-118.473524,34.112996],[-118.47356,34.113049],[-118.473562,34.113051],[-118.474005,34.113569],[-118.473842,34.113774],[-118.473774,34.113859]]]},"properties":{"APN":"4377-041-039","SitusFullAddress":"2373 EARLS CT LOS ANGELES CA 90077"}},{"type":"Feature","geometry":{"type":"Polygon","coordinates":[[[-118.473592,34.114014],[-118.473698,34.114064],[-118.473706,34.114053],[-118.473823,34.113882],[-118.473774,34.113859],[-118.473675,34.113799],[-118.473179,34.113562],[-118.473049,34.113507],[-118.473029,34.113541],[-118.473001,34.113593],[-118.472978,34.113648],[-118.472962,34.113705],[-118.472956,34.113739],[-118.472952,34.113774],[-118.473097,34.113782],[-118.473097,34.113778],[-118.473592,34.114014],[-118.473592,34.114014]]]},"properties":{"APN":"4377-041-042","SitusFullAddress":"2380 EARLS CT LOS ANGELES CA 90077"}},{"type":"Feature","geometry":{"type":"Polygon","coordinates":[[[-118.473425,34.114275],[-118.47346,34.114321],[-118.473502,34.114296],[-118.473541,34.114267],[-118.473577,34.114234],[-118.473607,34.114196],[-118.473698,34.114064],[-118.473592,34.114014],[-118.473592,34.114014],[-118.473097,34.113778],[-118.473097,34.113782],[-118.473096,34.113834],[-118.473102,34.113886],[-118.473114,34.113937],[-118.473132,34.113986],[-118.473156,34.114032],[-118.473185,34.114076],[-118.47332,34.114255],[-118.473425,34.114275]]]},"properties":{"APN":"4377-041-043","SitusFullAddress":"2390 EARLS CT LOS ANGELES CA 90077"}},{"type":"Feature","geometry":{"type":"Polygon","coordinates":[[[-118.473895,34.114747],[-118.473959,34.114756],[-118.474174,34.114527],[-118.473629,34.114268],[-118.473577,34.114234],[-118.473541,34.114267],[-118.473502,34.114296],[-118.47346,34.114321],[-118.473495,34.114368],[-118.473471,34.114455],[-118.473495,34.114486],[-118.473527,34.11453],[-118.473563,34.114571],[-118.473602,34.114609],[-118.473652,34.114647],[-118.473706,34.11468],[-118.473743,34.114699],[-118.473781,34.114714],[-118.473837,34.114733],[-118.473895,34.114747]]]},"properties":{"APN":"4377-041-044","SitusFullAddress":"2395 EARLS CT LOS ANGELES CA 90077"}},{"type":"Feature","geometry":{"type":"Polygon","coordinates":[[[-118.473629,34.114268],[-118.474174,34.114527],[-118.474337,34.114353],[-118.473763,34.11408],[-118.473706,34.114053],[-118.473698,34.114064],[-118.473607,34.114196],[-118.473577,34.114234],[-118.473629,34.114268]]]},"properties":{"APN":"4377-041-045","SitusFullAddress":"2387 EARLS CT LOS ANGELES CA 90077"}},{"type":"Feature","geometry":{"type":"Polygon","coordinates":[[[-118.473763,34.11408],[-118.474337,34.114353],[-118.474733,34.114094],[-118.474672,34.11403],[-118.474597,34.11395],[-118.474491,34.114001],[-118.474034,34.113962],[-118.47389,34.113894],[-118.473823,34.113882],[-118.473706,34.114053],[-118.473763,34.11408]]]},"properties":{"APN":"4377-041-046","SitusFullAddress":"2379 EARLS CT LOS ANGELES CA 90077"}},{"type":"Feature","geometry":{"type":"Polygon","coordinates":[[[-118.474597,34.11395],[-118.474672,34.11403],[-118.474685,34.114021],[-118.474696,34.114011],[-118.474705,34.113999],[-118.474712,34.113985],[-118.474716,34.113971],[-118.474718,34.113956],[-118.474718,34.113941],[-118.474715,34.113926],[-118.47471,34.113912],[-118.474702,34.113899],[-118.474605,34.113757],[-118.474474,34.113567],[-118.474391,34.113446],[-118.474299,34.113489],[-118.47389,34.113827],[-118.473823,34.113882],[-118.47389,34.113894],[-118.474034,34.113962],[-118.474491,34.114001],[-118.474597,34.11395]]]},"properties":{"APN":"4377-041-047","SitusFullAddress":"2375 EARLS CT LOS ANGELES CA 90077"}},{"type":"Feature","geometry":{"type":"Polygon","coordinates":[[[-118.473069,34.115287],[-118.473226,34.115324],[-118.473352,34.115066],[-118.473386,34.115023],[-118.473342,34.114997],[-118.473307,34.114974],[-118.473272,34.114948],[-118.473231,34.114985],[-118.473035,34.115225],[-118.473067,34.115268],[-118.473069,34.115287]]]},"properties":{"APN":"4377-041-049","SitusFullAddress":"11719 FOLKSTONE LN LOS ANGELES CA 90077"}},{"type":"Feature","geometry":{"type":"Polygon","coordinates":[[[-118.473272,34.114948],[-118.473307,34.114974],[-118.473342,34.114997],[-118.473376,34.114961],[-118.47338,34.114957],[-118.473627,34.114782],[-118.473706,34.11468],[-118.473652,34.114647],[-118.473602,34.114609],[-118.473497,34.114693],[-118.473359,34.114791],[-118.473297,34.114791],[-118.473262,34.114792],[-118.473204,34.114816],[-118.473174,34.114829],[-118.47318,34.114847],[-118.473188,34.114865],[-118.473198,34.114881],[-118.473212,34.114895],[-118.473241,34.114923],[-118.473272,34.114948]]]},"properties":{"APN":"4377-041-056","SitusFullAddress":"11718 FOLKSTONE LN LOS ANGELES CA 90077"}},{"type":"Feature","geometry":{"type":"Polygon","coordinates":[[[-118.473188,34.11479],[-118.473204,34.114816],[-118.473262,34.114792],[-118.473297,34.114791],[-118.473359,34.114791],[-118.473497,34.114693],[-118.473602,34.114609],[-118.473563,34.114571],[-118.473527,34.11453],[-118.473495,34.114486],[-118.473372,34.114551],[-118.473232,34.114542],[-118.473145,34.11472],[-118.473188,34.11479]]]},"properties":{"APN":"4377-041-057","SitusFullAddress":"11714 FOLKSTONE LN LOS ANGELES CA 90077"}},{"type":"Feature","geometry":{"type":"Polygon","coordinates":[[[-118.472892,34.115036],[-118.473035,34.115225],[-118.473231,34.114985],[-118.473272,34.114948],[-118.473241,34.114923],[-118.473212,34.114895],[-118.473198,34.114881],[-118.473188,34.114865],[-118.47318,34.114847],[-118.473174,34.114829],[-118.473106,34.114857],[-118.473125,34.114889],[-118.473126,34.11489],[-118.472892,34.115036]]]},"properties":{"APN":"4377-041-058","SitusFullAddress":"11715 FOLKSTONE LN LOS ANGELES CA 90077"}},{"type":"Feature","geometry":{"type":"Polygon","coordinates":[[[-118.473049,34.113507],[-118.473179,34.113562],[-118.473675,34.113799],[-118.473774,34.113859],[-118.473842,34.113774],[-118.474005,34.113569],[-118.473562,34.113051],[-118.47356,34.113049],[-118.473524,34.112996],[-118.473478,34.113023],[-118.473435,34.113054],[-118.473384,34.113011],[-118.473343,34.113048],[-118.473306,34.11309],[-118.473274,34.113136],[-118.473173,34.113303],[-118.473049,34.113507]]]},"properties":{"APN":"4377-041-059","SitusFullAddress":"2374 EARLS CT LOS ANGELES CA 90077"}},{"type":"Feature","geometry":{"type":"Polygon","coordinates":[[[-118.47462,34.112653],[-118.474694,34.11276],[-118.47474,34.112737],[-118.474763,34.112654],[-118.474819,34.112619],[-118.47487,34.112578],[-118.474918,34.112533],[-118.475015,34.112518],[-118.475067,34.112441],[-118.475033,34.112364],[-118.475053,34.112312],[-118.475067,34.112257],[-118.475076,34.112202],[-118.475078,34.112146],[-118.47514,34.112083],[-118.475128,34.112029],[-118.474993,34.112048],[-118.474926,34.11208],[-118.47449,34.112219],[-118.474429,34.112239],[-118.474434,34.11225],[-118.47462,34.112653]]]},"properties":{"APN":"4377-042-001","SitusFullAddress":"2295 WEYBRIDGE LN LOS ANGELES CA 90077"}},{"type":"Feature","geometry":{"type":"Polygon","coordinates":[[[-118.474375,34.112128],[-118.474402,34.112181],[-118.474429,34.112239],[-118.47449,34.112219],[-118.474926,34.11208],[-118.474993,34.112048],[-118.475128,34.112029],[-118.475115,34.111975],[-118.47503,34.111936],[-118.475002,34.111881],[-118.474935,34.11177],[-118.474804,34.111824],[-118.474372,34.112002],[-118.474315,34.11203],[-118.474347,34.112078],[-118.474375,34.112128]]]},"properties":{"APN":"4377-042-002","SitusFullAddress":"2283 WEYBRIDGE LN LOS ANGELES CA 90077"}},{"type":"Feature","geometry":{"type":"Polygon","coordinates":[[[-118.474307,34.112019],[-118.474315,34.11203],[-118.474372,34.112002],[-118.474804,34.111824],[-118.474935,34.11177],[-118.474815,34.111568],[-118.474796,34.111537],[-118.474666,34.111591],[-118.474236,34.111826],[-118.474181,34.111857],[-118.474272,34.111971],[-118.474307,34.112019]]]},"properties":{"APN":"4377-042-003","SitusFullAddress":"2279 WEYBRIDGE LN LOS ANGELES CA 90077"}},{"type":"Feature","geometry":{"type":"Polygon","coordinates":[[[-118.474152,34.111821],[-118.474181,34.111857],[-118.474236,34.111826],[-118.474666,34.111591],[-118.474796,34.111537],[-118.474789,34.111525],[-118.474765,34.111483],[-118.474759,34.111472],[-118.474735,34.111422],[-118.474714,34.11137],[-118.474735,34.111342],[-118.474567,34.111382],[-118.474381,34.111483],[-118.474091,34.111643],[-118.474035,34.111673],[-118.474152,34.111821]]]},"properties":{"APN":"4377-042-004","SitusFullAddress":"2267 WEYBRIDGE LN LOS ANGELES CA 90077"}},{"type":"Feature","geometry":{"type":"Polygon","coordinates":[[[-118.47397,34.111591],[-118.474035,34.111673],[-118.474091,34.111643],[-118.474381,34.111483],[-118.474567,34.111382],[-118.474735,34.111342],[-118.474772,34.111289],[-118.474762,34.111246],[-118.474752,34.111203],[-118.474708,34.111175],[-118.474662,34.111146],[-118.474662,34.111141],[-118.474661,34.111132],[-118.474516,34.11114],[-118.473991,34.111429],[-118.47399,34.111429],[-118.47389,34.111484],[-118.473887,34.111486],[-118.47397,34.111591]]]},"properties":{"APN":"4377-042-005","SitusFullAddress":"2259 WEYBRIDGE LN LOS ANGELES CA 90077"}},{"type":"Feature","geometry":{"type":"Polygon","coordinates":[[[-118.473885,34.111484],[-118.473887,34.111486],[-118.47389,34.111484],[-118.47399,34.111429],[-118.473991,34.111429],[-118.474516,34.11114],[-118.474661,34.111132],[-118.474658,34.111071],[-118.47466,34.11101],[-118.474666,34.110949],[-118.474676,34.110889],[-118.474532,34.110868],[-118.473889,34.111221],[-118.473797,34.111288],[-118.47375,34.111314],[-118.473885,34.111484]]]},"properties":{"APN":"4377-042-006","SitusFullAddress":"2251 WEYBRIDGE LN LOS ANGELES CA 90077"}},{"type":"Feature","geometry":{"type":"Polygon","coordinates":[[[-118.473794,34.111186],[-118.473797,34.111288],[-118.473889,34.111221],[-118.474532,34.110868],[-118.474676,34.110889],[-118.474719,34.110679],[-118.474731,34.110625],[-118.474589,34.1106],[-118.47459,34.110598],[-118.47371,34.110583],[-118.473784,34.110796],[-118.473794,34.111186]]]},"properties":{"APN":"4377-042-022","SitusFullAddress":"2245 WEYBRIDGE LN LOS ANGELES CA 90077"}},{"type":"Feature","geometry":{"type":"Polygon","coordinates":[[[-118.473677,34.111268],[-118.473797,34.111288],[-118.473794,34.111186],[-118.473784,34.110796],[-118.47371,34.110583],[-118.473479,34.110579],[-118.473187,34.110891],[-118.473142,34.110932],[-118.473677,34.111268]]]},"properties":{"APN":"4377-042-023","SitusFullAddress":"2230 WEYBRIDGE LN LOS ANGELES CA 90077"}},{"type":"Feature","geometry":{"type":"Polygon","coordinates":[[[-118.472819,34.111226],[-118.473006,34.111485],[-118.473128,34.111655],[-118.473439,34.111484],[-118.473695,34.111344],[-118.47375,34.111314],[-118.473797,34.111288],[-118.473677,34.111268],[-118.473142,34.110932],[-118.472819,34.111226]]]},"properties":{"APN":"4377-042-024","SitusFullAddress":"2244 WEYBRIDGE LN LOS ANGELES CA 90077"}},{"type":"Feature","geometry":{"type":"Polygon","coordinates":[[[-118.473191,34.111743],[-118.473333,34.111941],[-118.473915,34.111622],[-118.47397,34.111591],[-118.473887,34.111486],[-118.473885,34.111484],[-118.47375,34.111314],[-118.473695,34.111344],[-118.473439,34.111484],[-118.473128,34.111655],[-118.473191,34.111743]]]},"properties":{"APN":"4377-042-025","SitusFullAddress":"2256 WEYBRIDGE LN LOS ANGELES CA 90077"}},{"type":"Feature","geometry":{"type":"Polygon","coordinates":[[[-118.473516,34.112104],[-118.473553,34.11215],[-118.473608,34.112119],[-118.474097,34.111851],[-118.474152,34.111821],[-118.474035,34.111673],[-118.47397,34.111591],[-118.473915,34.111622],[-118.473333,34.111941],[-118.473407,34.112042],[-118.473469,34.11213],[-118.473516,34.112104]]]},"properties":{"APN":"4377-042-026","SitusFullAddress":"2269 WORTHING LN LOS ANGELES CA 90077"}},{"type":"Feature","geometry":{"type":"Polygon","coordinates":[[[-118.473676,34.112306],[-118.473707,34.112345],[-118.473762,34.112314],[-118.47425,34.112047],[-118.474307,34.112019],[-118.474272,34.111971],[-118.474181,34.111857],[-118.474152,34.111821],[-118.474097,34.111851],[-118.473608,34.112119],[-118.473553,34.11215],[-118.473676,34.112306]]]},"properties":{"APN":"4377-042-027","SitusFullAddress":"2277 WORTHING LN LOS ANGELES CA 90077"}},{"type":"Feature","geometry":{"type":"Polygon","coordinates":[[[-118.473822,34.112489],[-118.473867,34.112547],[-118.473922,34.112516],[-118.474372,34.11227],[-118.474434,34.11225],[-118.474429,34.112239],[-118.474402,34.112181],[-118.474375,34.112128],[-118.474347,34.112078],[-118.474315,34.11203],[-118.474307,34.112019],[-118.47425,34.112047],[-118.473762,34.112314],[-118.473707,34.112345],[-118.473822,34.112489]]]},"properties":{"APN":"4377-042-028","SitusFullAddress":"2285 WORTHING LN LOS ANGELES CA 90077"}},{"type":"Feature","geometry":{"type":"Polygon","coordinates":[[[-118.474044,34.11283],[-118.474104,34.112967],[-118.474155,34.112954],[-118.4742,34.112873],[-118.474434,34.112802],[-118.474492,34.112782],[-118.47455,34.11276],[-118.474649,34.112782],[-118.474694,34.11276],[-118.47462,34.112653],[-118.474434,34.11225],[-118.474372,34.11227],[-118.473922,34.112516],[-118.473867,34.112547],[-118.473956,34.112659],[-118.473962,34.112666],[-118.473984,34.112699],[-118.474002,34.112734],[-118.474044,34.11283]]]},"properties":{"APN":"4377-042-029","SitusFullAddress":"2297 WORTHING LN LOS ANGELES CA 90077"}},{"type":"Feature","geometry":{"type":"Polygon","coordinates":[[[-118.472609,34.112033],[-118.47291,34.112412],[-118.473356,34.112167],[-118.473469,34.11213],[-118.473407,34.112042],[-118.473333,34.111941],[-118.473191,34.111743],[-118.472609,34.112033]]]},"properties":{"APN":"4377-042-030","SitusFullAddress":"2270 WORTHING LN LOS ANGELES CA 90077"}},{"type":"Feature","geometry":{"type":"Polygon","coordinates":[[[-118.47291,34.112412],[-118.473083,34.112631],[-118.473593,34.112352],[-118.473676,34.112306],[-118.473553,34.11215],[-118.473516,34.112104],[-118.473469,34.11213],[-118.473356,34.112167],[-118.47291,34.112412]]]},"properties":{"APN":"4377-042-031","SitusFullAddress":"2278 WORTHING LN LOS ANGELES CA 90077"}},{"type":"Feature","geometry":{"type":"Polygon","coordinates":[[[-118.473083,34.112631],[-118.473229,34.112815],[-118.473767,34.112519],[-118.473822,34.112489],[-118.473707,34.112345],[-118.473676,34.112306],[-118.473593,34.112352],[-118.473083,34.112631]]]},"properties":{"APN":"4377-042-032","SitusFullAddress":"2286 WORTHING LN LOS ANGELES CA 90077"}},{"type":"Feature","geometry":{"type":"Polygon","coordinates":[[[-118.473384,34.113011],[-118.473435,34.113054],[-118.473478,34.113023],[-118.473524,34.112996],[-118.473567,34.112977],[-118.473611,34.112961],[-118.474044,34.11283],[-118.474002,34.112734],[-118.473984,34.112699],[-118.473962,34.112666],[-118.473956,34.112659],[-118.473867,34.112547],[-118.473822,34.112489],[-118.473767,34.112519],[-118.473229,34.112815],[-118.473384,34.113011]]]},"properties":{"APN":"4377-042-033","SitusFullAddress":"2294 WORTHING LN LOS ANGELES CA 90077"}},{"type":"Feature","geometry":{"type":"Polygon","coordinates":[[[-118.472152,34.112419],[-118.473274,34.113136],[-118.473306,34.11309],[-118.473343,34.113048],[-118.473384,34.113011],[-118.473229,34.112815],[-118.473083,34.112631],[-118.47291,34.112412],[-118.472609,34.112033],[-118.473191,34.111743],[-118.473128,34.111655],[-118.473006,34.111485],[-118.472819,34.111226],[-118.473142,34.110932],[-118.473187,34.110891],[-118.473479,34.110579],[-118.472677,34.110566],[-118.472417,34.111486],[-118.472152,34.112419]]]},"properties":{"APN":"4377-042-034","SitusFullAddress":""}},{"type":"Feature","geometry":{"type":"Polygon","coordinates":[[[-118.473959,34.114756],[-118.473943,34.114876],[-118.473976,34.114878],[-118.474052,34.114934],[-118.474173,34.114923],[-118.474353,34.114872],[-118.474515,34.114827],[-118.474664,34.114785],[-118.474691,34.114785],[-118.474909,34.114782],[-118.474887,34.114633],[-118.475062,34.114469],[-118.475031,34.114444],[-118.475107,34.114434],[-118.475191,34.114423],[-118.475521,34.114291],[-118.475906,34.114137],[-118.475964,34.114121],[-118.476023,34.114105],[-118.476547,34.114032],[-118.476608,34.114027],[-118.476669,34.114023],[-118.476673,34.114052],[-118.476681,34.11408],[-118.47707,34.11406],[-118.477191,34.114054],[-118.477373,34.114044],[-118.477561,34.114035],[-118.47779,34.113987],[-118.477586,34.113786],[-118.477662,34.113741],[-118.477831,34.113641],[-118.477854,34.113628],[-118.47793,34.113587],[-118.478008,34.11355],[-118.478088,34.113518],[-118.47817,34.113489],[-118.478453,34.113397],[-118.478534,34.113368],[-118.478612,34.113332],[-118.478687,34.11329],[-118.478759,34.113243],[-118.478826,34.113189],[-118.478889,34.11313],[-118.478947,34.113067],[-118.479329,34.112594],[-118.479379,34.112538],[-118.479433,34.112485],[-118.47949,34.112437],[-118.479551,34.112393],[-118.479616,34.112353],[-118.48017,34.112037],[-118.480249,34.111989],[-118.480325,34.111935],[-118.480391,34.111881],[-118.480453,34.111823],[-118.480512,34.111761],[-118.480647,34.111605],[-118.480689,34.11156],[-118.480734,34.111516],[-118.480781,34.111476],[-118.480849,34.111424],[-118.481141,34.111216],[-118.481198,34.111173],[-118.48125,34.111125],[-118.481297,34.111073],[-118.48134,34.111016],[-118.48139,34.110943],[-118.481371,34.110958],[-118.48135,34.110969],[-118.481327,34.110977],[-118.481304,34.11098],[-118.48128,34.11098],[-118.481256,34.110975],[-118.481234,34.110967],[-118.481213,34.110954],[-118.481195,34.110938],[-118.48118,34.11092],[-118.481168,34.110899],[-118.481161,34.110876],[-118.481157,34.110853],[-118.481157,34.110829],[-118.481161,34.110805],[-118.481169,34.110783],[-118.481113,34.110823],[-118.48106,34.110867],[-118.481012,34.110917],[-118.480968,34.11097],[-118.480929,34.111027],[-118.480895,34.111087],[-118.480867,34.11115],[-118.480864,34.111158],[-118.480845,34.111197],[-118.480822,34.111234],[-118.480702,34.111247],[-118.480651,34.11129],[-118.480598,34.111382],[-118.480546,34.111425],[-118.48055,34.111476],[-118.480552,34.111507],[-118.480544,34.111518],[-118.480529,34.111534],[-118.480394,34.11169],[-118.48034,34.111748],[-118.480282,34.111801],[-118.48022,34.111851],[-118.480156,34.111897],[-118.480088,34.111938],[-118.479533,34.112254],[-118.479461,34.112298],[-118.479391,34.112348],[-118.479326,34.112403],[-118.479265,34.112463],[-118.479208,34.112527],[-118.478871,34.112943],[-118.478817,34.113003],[-118.478759,34.113058],[-118.478696,34.113107],[-118.478629,34.113152],[-118.478559,34.113191],[-118.478486,34.113224],[-118.478411,34.113251],[-118.478104,34.113351],[-118.478007,34.113385],[-118.477912,34.113425],[-118.477819,34.11347],[-118.477729,34.11352],[-118.477559,34.11362],[-118.477449,34.113608],[-118.477422,34.113575],[-118.477409,34.113556],[-118.477401,34.113535],[-118.477396,34.113513],[-118.477396,34.11351],[-118.477397,34.113508],[-118.477395,34.113505],[-118.477335,34.113508],[-118.477273,34.11351],[-118.477272,34.113514],[-118.477273,34.113519],[-118.477275,34.113532],[-118.477289,34.113677],[-118.47729,34.113681],[-118.477292,34.113704],[-118.477228,34.11378],[-118.477164,34.113795],[-118.477099,34.113806],[-118.477033,34.113813],[-118.476947,34.113819],[-118.476731,34.113834],[-118.476644,34.113777],[-118.476583,34.113781],[-118.476522,34.113785],[-118.476448,34.113854],[-118.476206,34.11387],[-118.476186,34.113662],[-118.476171,34.11352],[-118.476157,34.113377],[-118.47615,34.113154],[-118.476144,34.112984],[-118.475882,34.113055],[-118.475955,34.113213],[-118.475762,34.113655],[-118.475329,34.113728],[-118.475277,34.113737],[-118.474733,34.114094],[-118.474337,34.114353],[-118.474174,34.114527],[-118.473959,34.114756]]]},"properties":{"APN":"4377-043-004","SitusFullAddress":"12099 BEL AIR CREST RD WEST LOS ANGELES CA 90077"}},{"type":"Feature","geometry":{"type":"Polygon","coordinates":[[[-118.474589,34.1106],[-118.474731,34.110625],[-118.474759,34.110537],[-118.474794,34.11045],[-118.474834,34.110367],[-118.47488,34.110286],[-118.474932,34.110209],[-118.474989,34.110136],[-118.475052,34.110068],[-118.475119,34.110003],[-118.47519,34.109944],[-118.475266,34.10989],[-118.475337,34.109841],[-118.475444,34.109849],[-118.475485,34.109821],[-118.475525,34.109793],[-118.475535,34.109704],[-118.47599,34.109389],[-118.476045,34.109349],[-118.476097,34.109304],[-118.476145,34.109256],[-118.47619,34.109205],[-118.476231,34.10915],[-118.476396,34.108912],[-118.476431,34.108868],[-118.476471,34.108827],[-118.476515,34.108791],[-118.476562,34.108759],[-118.476632,34.108718],[-118.476738,34.108732],[-118.476781,34.108706],[-118.476824,34.108681],[-118.476841,34.108592],[-118.476884,34.108567],[-118.476905,34.108555],[-118.47696,34.108528],[-118.477016,34.108507],[-118.477075,34.108491],[-118.477134,34.108481],[-118.477194,34.108475],[-118.477392,34.108466],[-118.47759,34.108457],[-118.477838,34.108617],[-118.477991,34.108811],[-118.478127,34.109059],[-118.478249,34.108929],[-118.478524,34.109288],[-118.478834,34.109691],[-118.47923,34.109547],[-118.479293,34.109517],[-118.47936,34.109454],[-118.479423,34.109424],[-118.480229,34.109095],[-118.480173,34.109],[-118.480106,34.10893],[-118.479691,34.109041],[-118.479499,34.108936],[-118.479322,34.108181],[-118.478813,34.108054],[-118.478543,34.108807],[-118.478501,34.108773],[-118.478479,34.108753],[-118.478264,34.108555],[-118.478215,34.108514],[-118.478163,34.108478],[-118.478108,34.108446],[-118.47805,34.108419],[-118.47799,34.108397],[-118.47794,34.108382],[-118.477888,34.10837],[-118.477792,34.108351],[-118.477767,34.108347],[-118.477705,34.108339],[-118.477644,34.108335],[-118.477582,34.108336],[-118.477443,34.108342],[-118.477363,34.108283],[-118.47731,34.108285],[-118.477258,34.108288],[-118.477186,34.108355],[-118.477118,34.10836],[-118.477051,34.108371],[-118.476986,34.108388],[-118.476921,34.10841],[-118.476859,34.108437],[-118.476799,34.108469],[-118.476756,34.108494],[-118.47665,34.10848],[-118.476607,34.108506],[-118.476564,34.108531],[-118.476547,34.108619],[-118.476477,34.108661],[-118.476457,34.108674],[-118.476404,34.108711],[-118.476355,34.108754],[-118.47631,34.1088],[-118.476203,34.108814],[-118.476159,34.108896],[-118.476182,34.108979],[-118.476105,34.10909],[-118.476062,34.109147],[-118.476014,34.1092],[-118.475961,34.109248],[-118.475848,34.109244],[-118.475809,34.109273],[-118.475769,34.109302],[-118.47576,34.109391],[-118.475452,34.109604],[-118.475345,34.109596],[-118.475294,34.109631],[-118.475244,34.109666],[-118.475234,34.109755],[-118.475173,34.109797],[-118.475095,34.109853],[-118.475021,34.109913],[-118.474952,34.109979],[-118.474886,34.110049],[-118.474826,34.110123],[-118.474771,34.110201],[-118.474721,34.110282],[-118.474676,34.110367],[-118.474638,34.110454],[-118.474605,34.110544],[-118.47459,34.110598],[-118.474589,34.1106]]]},"properties":{"APN":"4377-043-012","SitusFullAddress":""}},{"type":"Feature","geometry":{"type":"Polygon","coordinates":[[[-118.478716,34.110865],[-118.480546,34.111425],[-118.480598,34.111382],[-118.480651,34.11129],[-118.480702,34.111247],[-118.480822,34.111234],[-118.480845,34.111197],[-118.480864,34.111158],[-118.480867,34.11115],[-118.480895,34.111087],[-118.480929,34.111027],[-118.480968,34.11097],[-118.481012,34.110917],[-118.48106,34.110867],[-118.481113,34.110823],[-118.481169,34.110783],[-118.481181,34.110769],[-118.481195,34.110757],[-118.48121,34.110747],[-118.481253,34.110724],[-118.481332,34.110683],[-118.481248,34.110522],[-118.480838,34.109897],[-118.480693,34.109676],[-118.480229,34.109095],[-118.479423,34.109424],[-118.47936,34.109454],[-118.479293,34.109517],[-118.47923,34.109547],[-118.478834,34.109691],[-118.478917,34.109799],[-118.478587,34.109813],[-118.478607,34.110135],[-118.478808,34.110555],[-118.478709,34.110558],[-118.478716,34.110865]]]},"properties":{"APN":"4377-043-013","SitusFullAddress":""}},{"type":"Feature","geometry":{"type":"Polygon","coordinates":[[[-118.475731,34.112873],[-118.475882,34.113055],[-118.476144,34.112984],[-118.47576,34.112518],[-118.475701,34.112446],[-118.475616,34.112494],[-118.475573,34.112515],[-118.475536,34.112529],[-118.475498,34.112539],[-118.475526,34.112624],[-118.475731,34.112873]]]},"properties":{"APN":"4377-044-001","SitusFullAddress":"2387 STRATFORD CIR LOS ANGELES CA 90077"}},{"type":"Feature","geometry":{"type":"Polygon","coordinates":[[[-118.47576,34.112518],[-118.476144,34.112984],[-118.476219,34.112918],[-118.476329,34.11282],[-118.475978,34.112394],[-118.475919,34.112322],[-118.475793,34.112393],[-118.475701,34.112446],[-118.47576,34.112518]]]},"properties":{"APN":"4377-044-002","SitusFullAddress":"2381 STRATFORD CIR LOS ANGELES CA 90077"}},{"type":"Feature","geometry":{"type":"Polygon","coordinates":[[[-118.475978,34.112394],[-118.476329,34.11282],[-118.476414,34.112772],[-118.476547,34.112696],[-118.476196,34.11227],[-118.476137,34.112197],[-118.476011,34.112269],[-118.475919,34.112322],[-118.475978,34.112394]]]},"properties":{"APN":"4377-044-003","SitusFullAddress":"2371 STRATFORD CIR LOS ANGELES CA 90077"}},{"type":"Feature","geometry":{"type":"Polygon","coordinates":[[[-118.476196,34.11227],[-118.476547,34.112696],[-118.476559,34.112685],[-118.476678,34.112578],[-118.476742,34.11252],[-118.476428,34.112138],[-118.476368,34.112065],[-118.476229,34.112145],[-118.476137,34.112197],[-118.476196,34.11227]]]},"properties":{"APN":"4377-044-004","SitusFullAddress":"2361 STRATFORD CIR LOS ANGELES CA 90077"}},{"type":"Feature","geometry":{"type":"Polygon","coordinates":[[[-118.476428,34.112138],[-118.476742,34.11252],[-118.476956,34.112455],[-118.477015,34.112437],[-118.476667,34.112015],[-118.476631,34.111932],[-118.476574,34.111952],[-118.47652,34.111979],[-118.476447,34.11202],[-118.476368,34.112065],[-118.476428,34.112138]]]},"properties":{"APN":"4377-044-005","SitusFullAddress":"2353 STRATFORD CIR LOS ANGELES CA 90077"}},{"type":"Feature","geometry":{"type":"Polygon","coordinates":[[[-118.476667,34.112015],[-118.477015,34.112437],[-118.477301,34.112396],[-118.476949,34.111969],[-118.476928,34.111882],[-118.476918,34.111884],[-118.476896,34.111887],[-118.47671,34.111914],[-118.476684,34.111919],[-118.476631,34.111932],[-118.476667,34.112015]]]},"properties":{"APN":"4377-044-006","SitusFullAddress":"2345 STRATFORD CIR LOS ANGELES CA 90077"}},{"type":"Feature","geometry":{"type":"Polygon","coordinates":[[[-118.476949,34.111969],[-118.477301,34.112396],[-118.477591,34.112354],[-118.477216,34.111899],[-118.477174,34.111818],[-118.477087,34.111846],[-118.477008,34.111866],[-118.476928,34.111882],[-118.476949,34.111969]]]},"properties":{"APN":"4377-044-007","SitusFullAddress":"2339 STRATFORD CIR LOS ANGELES CA 90077"}},{"type":"Feature","geometry":{"type":"Polygon","coordinates":[[[-118.477216,34.111899],[-118.477591,34.112354],[-118.477717,34.112336],[-118.477835,34.112257],[-118.477451,34.111791],[-118.477391,34.111718],[-118.477321,34.111756],[-118.477249,34.111789],[-118.477174,34.111818],[-118.477216,34.111899]]]},"properties":{"APN":"4377-044-008","SitusFullAddress":"2333 STRATFORD CIR LOS ANGELES CA 90077"}},{"type":"Feature","geometry":{"type":"Polygon","coordinates":[[[-118.477451,34.111791],[-118.477835,34.112257],[-118.478114,34.112069],[-118.477636,34.111664],[-118.477562,34.111601],[-118.477488,34.111657],[-118.477409,34.111708],[-118.477403,34.111712],[-118.477391,34.111718],[-118.477451,34.111791]]]},"properties":{"APN":"4377-044-009","SitusFullAddress":"2327 STRATFORD CIR LOS ANGELES CA 90077"}},{"type":"Feature","geometry":{"type":"Polygon","coordinates":[[[-118.477636,34.111664],[-118.478114,34.112069],[-118.478342,34.111848],[-118.477789,34.111516],[-118.477728,34.11148],[-118.477695,34.11146],[-118.477682,34.11148],[-118.477664,34.111504],[-118.477644,34.111527],[-118.47761,34.11156],[-118.477562,34.111601],[-118.477636,34.111664]]]},"properties":{"APN":"4377-044-010","SitusFullAddress":"2321 STRATFORD CIR LOS ANGELES CA 90077"}},{"type":"Feature","geometry":{"type":"Polygon","coordinates":[[[-118.477789,34.111516],[-118.478342,34.111848],[-118.478513,34.111594],[-118.478229,34.111479],[-118.477909,34.111349],[-118.477757,34.11132],[-118.477754,34.111332],[-118.477739,34.111377],[-118.477719,34.11142],[-118.477695,34.11146],[-118.477728,34.11148],[-118.477789,34.111516]]]},"properties":{"APN":"4377-044-011","SitusFullAddress":"2315 STRATFORD CIR LOS ANGELES CA 90077"}},{"type":"Feature","geometry":{"type":"Polygon","coordinates":[[[-118.478229,34.111479],[-118.478513,34.111594],[-118.478546,34.111479],[-118.478592,34.111312],[-118.477993,34.111167],[-118.477809,34.111132],[-118.477787,34.111212],[-118.477757,34.11132],[-118.477909,34.111349],[-118.478229,34.111479]]]},"properties":{"APN":"4377-044-012","SitusFullAddress":"2307 STRATFORD CIR LOS ANGELES CA 90077"}},{"type":"Feature","geometry":{"type":"Polygon","coordinates":[[[-118.477993,34.111167],[-118.478592,34.111312],[-118.478657,34.11108],[-118.478052,34.110964],[-118.477846,34.110925],[-118.47786,34.110945],[-118.477809,34.111132],[-118.477993,34.111167]]]},"properties":{"APN":"4377-044-013","SitusFullAddress":"2301 STRATFORD CIR LOS ANGELES CA 90077"}},{"type":"Feature","geometry":{"type":"Polygon","coordinates":[[[-118.478052,34.110964],[-118.478657,34.11108],[-118.478716,34.110865],[-118.478111,34.11075],[-118.477924,34.110715],[-118.477918,34.110736],[-118.477827,34.110783],[-118.477815,34.110826],[-118.477803,34.110869],[-118.477846,34.110925],[-118.478052,34.110964]]]},"properties":{"APN":"4377-044-014","SitusFullAddress":"2297 STRATFORD CIR LOS ANGELES CA 90077"}},{"type":"Feature","geometry":{"type":"Polygon","coordinates":[[[-118.475298,34.112539],[-118.475353,34.112547],[-118.475408,34.11255],[-118.475463,34.112545],[-118.475498,34.112539],[-118.475536,34.112529],[-118.475573,34.112515],[-118.475208,34.112072],[-118.475191,34.112018],[-118.475164,34.112023],[-118.475128,34.112029],[-118.47514,34.112083],[-118.475078,34.112146],[-118.475076,34.112202],[-118.475067,34.112257],[-118.475053,34.112312],[-118.475033,34.112364],[-118.475067,34.112441],[-118.475211,34.112509],[-118.475254,34.112526],[-118.475298,34.112539]]]},"properties":{"APN":"4377-045-001","SitusFullAddress":"11701 WETHERBY LN LOS ANGELES CA 90077"}},{"type":"Feature","geometry":{"type":"Polygon","coordinates":[[[-118.475208,34.112072],[-118.475573,34.112515],[-118.475616,34.112494],[-118.475701,34.112446],[-118.475793,34.112393],[-118.475443,34.111968],[-118.475406,34.111923],[-118.475329,34.111966],[-118.475318,34.111972],[-118.475278,34.111992],[-118.475235,34.112007],[-118.475191,34.112018],[-118.475208,34.112072]]]},"properties":{"APN":"4377-045-002","SitusFullAddress":"11709 WETHERBY LN LOS ANGELES CA 90077"}},{"type":"Feature","geometry":{"type":"Polygon","coordinates":[[[-118.475443,34.111968],[-118.475793,34.112393],[-118.475919,34.112322],[-118.476011,34.112269],[-118.475662,34.111845],[-118.475624,34.111798],[-118.47542,34.111914],[-118.475406,34.111923],[-118.475443,34.111968]]]},"properties":{"APN":"4377-045-003","SitusFullAddress":"11717 WETHERBY LN LOS ANGELES CA 90077"}},{"type":"Feature","geometry":{"type":"Polygon","coordinates":[[[-118.475662,34.111845],[-118.476011,34.112269],[-118.476137,34.112197],[-118.476229,34.112145],[-118.475881,34.111722],[-118.475842,34.111674],[-118.475638,34.11179],[-118.475624,34.111798],[-118.475662,34.111845]]]},"properties":{"APN":"4377-045-004","SitusFullAddress":"11723 WETHERBY LN LOS ANGELES CA 90077"}},{"type":"Feature","geometry":{"type":"Polygon","coordinates":[[[-118.475881,34.111722],[-118.476229,34.112145],[-118.476368,34.112065],[-118.476447,34.11202],[-118.4761,34.111599],[-118.47606,34.11155],[-118.475856,34.111666],[-118.475842,34.111674],[-118.475881,34.111722]]]},"properties":{"APN":"4377-045-005","SitusFullAddress":"11729 WETHERBY LN LOS ANGELES CA 90077"}},{"type":"Feature","geometry":{"type":"Polygon","coordinates":[[[-118.4761,34.111599],[-118.476447,34.11202],[-118.47652,34.111979],[-118.476574,34.111952],[-118.476631,34.111932],[-118.476684,34.111919],[-118.476324,34.111481],[-118.476319,34.111475],[-118.476278,34.111426],[-118.47618,34.111481],[-118.476074,34.111542],[-118.47606,34.11155],[-118.4761,34.111599]]]},"properties":{"APN":"4377-045-006","SitusFullAddress":"11735 WETHERBY LN LOS ANGELES CA 90077"}},{"type":"Feature","geometry":{"type":"Polygon","coordinates":[[[-118.476324,34.111481],[-118.476684,34.111919],[-118.47671,34.111914],[-118.476896,34.111887],[-118.476674,34.111481],[-118.476602,34.111349],[-118.476575,34.111299],[-118.476491,34.111325],[-118.476431,34.111348],[-118.476372,34.111374],[-118.476315,34.111404],[-118.476292,34.111417],[-118.476278,34.111426],[-118.476319,34.111475],[-118.476324,34.111481]]]},"properties":{"APN":"4377-045-007","SitusFullAddress":"11741 WETHERBY LN LOS ANGELES CA 90077"}},{"type":"Feature","geometry":{"type":"Polygon","coordinates":[[[-118.476674,34.111481],[-118.476896,34.111887],[-118.476918,34.111884],[-118.476928,34.111882],[-118.477008,34.111866],[-118.477087,34.111846],[-118.476983,34.11148],[-118.476945,34.111347],[-118.476911,34.11123],[-118.476687,34.111275],[-118.476645,34.111283],[-118.476575,34.111299],[-118.476602,34.111349],[-118.476674,34.111481]]]},"properties":{"APN":"4377-045-008","SitusFullAddress":"11747 WETHERBY LN LOS ANGELES CA 90077"}},{"type":"Feature","geometry":{"type":"Polygon","coordinates":[[[-118.476911,34.11123],[-118.476945,34.111347],[-118.476983,34.11148],[-118.477087,34.111846],[-118.477174,34.111818],[-118.477249,34.111789],[-118.477321,34.111756],[-118.477391,34.111718],[-118.477403,34.111712],[-118.477409,34.111708],[-118.477271,34.11148],[-118.477177,34.111327],[-118.477122,34.111236],[-118.477109,34.111191],[-118.476911,34.11123]]]},"properties":{"APN":"4377-045-009","SitusFullAddress":"11753 WETHERBY LN LOS ANGELES CA 90077"}},{"type":"Feature","geometry":{"type":"Polygon","coordinates":[[[-118.477271,34.11148],[-118.477409,34.111708],[-118.477488,34.111657],[-118.477562,34.111601],[-118.47761,34.11156],[-118.477644,34.111527],[-118.477664,34.111504],[-118.477682,34.11148],[-118.477695,34.11146],[-118.477719,34.11142],[-118.477739,34.111377],[-118.477754,34.111332],[-118.477757,34.11132],[-118.477787,34.111212],[-118.477262,34.111326],[-118.477234,34.111278],[-118.477233,34.111278],[-118.477122,34.111236],[-118.477177,34.111327],[-118.477271,34.11148]]]},"properties":{"APN":"4377-045-010","SitusFullAddress":"11759 WETHERBY LN LOS ANGELES CA 90077"}},{"type":"Feature","geometry":{"type":"Polygon","coordinates":[[[-118.477234,34.111278],[-118.477262,34.111326],[-118.477787,34.111212],[-118.477809,34.111132],[-118.47786,34.110945],[-118.477846,34.110925],[-118.477803,34.110869],[-118.477815,34.110826],[-118.477827,34.110783],[-118.477676,34.110754],[-118.477652,34.11084],[-118.477603,34.111018],[-118.477222,34.111101],[-118.477211,34.111166],[-118.477122,34.111236],[-118.477233,34.111278],[-118.477234,34.111278]]]},"properties":{"APN":"4377-045-011","SitusFullAddress":"11766 WETHERBY LN LOS ANGELES CA 90077"}},{"type":"Feature","geometry":{"type":"Polygon","coordinates":[[[-118.477139,34.111135],[-118.477122,34.111236],[-118.477211,34.111166],[-118.477222,34.111101],[-118.477603,34.111018],[-118.477652,34.11084],[-118.477676,34.110754],[-118.477618,34.110743],[-118.477605,34.110741],[-118.477579,34.110734],[-118.477551,34.110725],[-118.477524,34.110714],[-118.477334,34.110631],[-118.477264,34.110603],[-118.477192,34.110581],[-118.477118,34.110564],[-118.477034,34.110552],[-118.477021,34.110639],[-118.477148,34.111081],[-118.477139,34.111135]]]},"properties":{"APN":"4377-045-012","SitusFullAddress":"11760 WETHERBY LN LOS ANGELES CA 90077"}},{"type":"Feature","geometry":{"type":"Polygon","coordinates":[[[-118.477109,34.111191],[-118.477122,34.111236],[-118.477139,34.111135],[-118.477148,34.111081],[-118.477021,34.110639],[-118.477034,34.110552],[-118.476958,34.110546],[-118.476882,34.110546],[-118.476805,34.110552],[-118.476729,34.110564],[-118.476752,34.110649],[-118.476896,34.111176],[-118.476911,34.11123],[-118.477109,34.111191]]]},"properties":{"APN":"4377-045-013","SitusFullAddress":"11756 WETHERBY LN LOS ANGELES CA 90077"}},{"type":"Feature","geometry":{"type":"Polygon","coordinates":[[[-118.476672,34.111221],[-118.476687,34.111275],[-118.476911,34.11123],[-118.476896,34.111176],[-118.476752,34.110649],[-118.476729,34.110564],[-118.47665,34.110582],[-118.476427,34.110642],[-118.476416,34.110645],[-118.476448,34.110729],[-118.476672,34.111221]]]},"properties":{"APN":"4377-045-014","SitusFullAddress":"11750 WETHERBY LN LOS ANGELES CA 90077"}},{"type":"Feature","geometry":{"type":"Polygon","coordinates":[[[-118.476072,34.110629],[-118.476144,34.110812],[-118.476466,34.111274],[-118.476491,34.111325],[-118.476575,34.111299],[-118.476645,34.111283],[-118.476687,34.111275],[-118.476672,34.111221],[-118.476448,34.110729],[-118.476416,34.110645],[-118.476396,34.110649],[-118.476355,34.110654],[-118.476314,34.110655],[-118.476274,34.110652],[-118.476234,34.110644],[-118.476226,34.110642],[-118.476185,34.110634],[-118.476144,34.11063],[-118.476102,34.110628],[-118.476072,34.110629]]]},"properties":{"APN":"4377-045-015","SitusFullAddress":"11744 WETHERBY LN LOS ANGELES CA 90077"}},{"type":"Feature","geometry":{"type":"Polygon","coordinates":[[[-118.476258,34.111375],[-118.476292,34.111417],[-118.476315,34.111404],[-118.476372,34.111374],[-118.476431,34.111348],[-118.476491,34.111325],[-118.476466,34.111274],[-118.476144,34.110812],[-118.476072,34.110629],[-118.476017,34.110635],[-118.475963,34.110647],[-118.475932,34.110655],[-118.476008,34.110849],[-118.47602,34.110881],[-118.475905,34.110947],[-118.476258,34.111375]]]},"properties":{"APN":"4377-045-016","SitusFullAddress":"11740 WETHERBY LN LOS ANGELES CA 90077"}},{"type":"Feature","geometry":{"type":"Polygon","coordinates":[[[-118.476038,34.111498],[-118.476074,34.111542],[-118.47618,34.111481],[-118.476278,34.111426],[-118.476292,34.111417],[-118.476258,34.111375],[-118.475905,34.110947],[-118.475687,34.111071],[-118.476025,34.111481],[-118.476038,34.111498]]]},"properties":{"APN":"4377-045-017","SitusFullAddress":"11736 WETHERBY LN LOS ANGELES CA 90077"}},{"type":"Feature","geometry":{"type":"Polygon","coordinates":[[[-118.475819,34.111621],[-118.475856,34.111666],[-118.47606,34.11155],[-118.476074,34.111542],[-118.476038,34.111498],[-118.476025,34.111481],[-118.475687,34.111071],[-118.475469,34.111196],[-118.475705,34.111482],[-118.475819,34.111621]]]},"properties":{"APN":"4377-045-018","SitusFullAddress":"11730 WETHERBY LN LOS ANGELES CA 90077"}},{"type":"Feature","geometry":{"type":"Polygon","coordinates":[[[-118.475601,34.111745],[-118.475638,34.11179],[-118.475842,34.111674],[-118.475856,34.111666],[-118.475819,34.111621],[-118.475705,34.111482],[-118.475469,34.111196],[-118.475251,34.11132],[-118.475385,34.111482],[-118.475601,34.111745]]]},"properties":{"APN":"4377-045-019","SitusFullAddress":"11724 WETHERBY LN LOS ANGELES CA 90077"}},{"type":"Feature","geometry":{"type":"Polygon","coordinates":[[[-118.475383,34.111869],[-118.47542,34.111914],[-118.475624,34.111798],[-118.475638,34.11179],[-118.475601,34.111745],[-118.475385,34.111482],[-118.475251,34.11132],[-118.475033,34.111444],[-118.475064,34.111483],[-118.475383,34.111869]]]},"properties":{"APN":"4377-045-020","SitusFullAddress":"11718 WETHERBY LN LOS ANGELES CA 90077"}},{"type":"Feature","geometry":{"type":"Polygon","coordinates":[[[-118.475115,34.111975],[-118.475128,34.112029],[-118.475164,34.112023],[-118.475191,34.112018],[-118.475235,34.112007],[-118.475278,34.111992],[-118.475318,34.111972],[-118.475329,34.111966],[-118.475406,34.111923],[-118.47542,34.111914],[-118.475383,34.111869],[-118.475064,34.111483],[-118.475033,34.111444],[-118.474965,34.111483],[-118.474815,34.111568],[-118.474935,34.11177],[-118.475002,34.111881],[-118.47503,34.111936],[-118.475115,34.111975]]]},"properties":{"APN":"4377-045-021","SitusFullAddress":"11710 WETHERBY LN LOS ANGELES CA 90077"}},{"type":"Feature","geometry":{"type":"Polygon","coordinates":[[[-118.475128,34.111187],[-118.475237,34.111235],[-118.475542,34.111061],[-118.475737,34.110882],[-118.475383,34.110512],[-118.475268,34.111075],[-118.475216,34.111117],[-118.475216,34.111117],[-118.475128,34.111187]]]},"properties":{"APN":"4377-045-022","SitusFullAddress":"2219 TUNBRIDGE CT LOS ANGELES CA 90077"}},{"type":"Feature","geometry":{"type":"Polygon","coordinates":[[[-118.474982,34.11116],[-118.474994,34.111209],[-118.475128,34.111187],[-118.475216,34.111117],[-118.475216,34.111117],[-118.475268,34.111075],[-118.475383,34.110512],[-118.475123,34.110475],[-118.474982,34.11116]]]},"properties":{"APN":"4377-045-023","SitusFullAddress":"2215 TUNBRIDGE CT LOS ANGELES CA 90077"}},{"type":"Feature","geometry":{"type":"Polygon","coordinates":[[[-118.474752,34.111203],[-118.474762,34.111246],[-118.474994,34.111209],[-118.474982,34.11116],[-118.475123,34.110475],[-118.474841,34.110525],[-118.474708,34.111175],[-118.474752,34.111203]]]},"properties":{"APN":"4377-045-024","SitusFullAddress":"2205 TUNBRIDGE CT LOS ANGELES CA 90077"}},{"type":"Feature","geometry":{"type":"Polygon","coordinates":[[[-118.474796,34.111537],[-118.474815,34.111568],[-118.474965,34.111483],[-118.475033,34.111444],[-118.475251,34.11132],[-118.475469,34.111196],[-118.475687,34.111071],[-118.475905,34.110947],[-118.47602,34.110881],[-118.476008,34.110849],[-118.475932,34.110655],[-118.475913,34.110662],[-118.475896,34.110671],[-118.475881,34.110682],[-118.475867,34.110696],[-118.47586,34.110707],[-118.475854,34.110719],[-118.47585,34.110731],[-118.475848,34.110744],[-118.475848,34.110758],[-118.47585,34.110771],[-118.475853,34.110783],[-118.475832,34.110789],[-118.475516,34.110551],[-118.475394,34.11024],[-118.475654,34.11006],[-118.475695,34.110031],[-118.475736,34.110003],[-118.475525,34.109793],[-118.475485,34.109821],[-118.475444,34.109849],[-118.475337,34.109841],[-118.475266,34.10989],[-118.47519,34.109944],[-118.475119,34.110003],[-118.475052,34.110068],[-118.474989,34.110136],[-118.474932,34.110209],[-118.47488,34.110286],[-118.474834,34.110367],[-118.474794,34.11045],[-118.474759,34.110537],[-118.474731,34.110625],[-118.474719,34.110679],[-118.474676,34.110889],[-118.474666,34.110949],[-118.47466,34.11101],[-118.474658,34.111071],[-118.474661,34.111132],[-118.474662,34.111141],[-118.474662,34.111146],[-118.474708,34.111175],[-118.474841,34.110525],[-118.475123,34.110475],[-118.475383,34.110512],[-118.475737,34.110882],[-118.475542,34.111061],[-118.475237,34.111235],[-118.475128,34.111187],[-118.474994,34.111209],[-118.474762,34.111246],[-118.474772,34.111289],[-118.474735,34.111342],[-118.474714,34.11137],[-118.474735,34.111422],[-118.474759,34.111472],[-118.474765,34.111483],[-118.474789,34.111525],[-118.474796,34.111537]]]},"properties":{"APN":"4377-045-025","SitusFullAddress":""}},{"type":"Feature","geometry":{"type":"Polygon","coordinates":[[[-118.477091,34.108931],[-118.477218,34.108961],[-118.477233,34.108919],[-118.477405,34.108658],[-118.477392,34.108466],[-118.477194,34.108475],[-118.477134,34.108481],[-118.477075,34.108491],[-118.477016,34.108507],[-118.47696,34.108528],[-118.476905,34.108555],[-118.476884,34.108567],[-118.476841,34.108592],[-118.476824,34.108681],[-118.476781,34.108706],[-118.476857,34.108794],[-118.476885,34.108823],[-118.476916,34.108849],[-118.476949,34.108872],[-118.476994,34.108897],[-118.477042,34.108917],[-118.477091,34.108931]]]},"properties":{"APN":"4377-046-001","SitusFullAddress":"2211 QUEENSBOROUGH LN LOS ANGELES CA 90077"}},{"type":"Feature","geometry":{"type":"Polygon","coordinates":[[[-118.477396,34.109045],[-118.477414,34.109059],[-118.477452,34.109029],[-118.477838,34.108617],[-118.47759,34.108457],[-118.477392,34.108466],[-118.477405,34.108658],[-118.477233,34.108919],[-118.477218,34.108961],[-118.477266,34.108975],[-118.477312,34.108993],[-118.477355,34.109017],[-118.477396,34.109045]]]},"properties":{"APN":"4377-046-002","SitusFullAddress":"2223 QUEENSBOROUGH LN LOS ANGELES CAA 90077"}},{"type":"Feature","geometry":{"type":"Polygon","coordinates":[[[-118.477565,34.109229],[-118.477573,34.109237],[-118.477616,34.109212],[-118.477991,34.108811],[-118.477838,34.108617],[-118.477452,34.109029],[-118.477414,34.109059],[-118.477434,34.109078],[-118.477453,34.109099],[-118.477565,34.109229]]]},"properties":{"APN":"4377-046-003","SitusFullAddress":"2231 QUEENSBOROUGH LN LOS ANGELES CA 90077"}},{"type":"Feature","geometry":{"type":"Polygon","coordinates":[[[-118.477723,34.109412],[-118.477749,34.109443],[-118.477792,34.109417],[-118.478127,34.109059],[-118.477991,34.108811],[-118.477616,34.109212],[-118.477573,34.109237],[-118.477723,34.109412]]]},"properties":{"APN":"4377-046-004","SitusFullAddress":"2239 QUEENSBOROUGH LN LOS ANGELES CA 90077"}},{"type":"Feature","geometry":{"type":"Polygon","coordinates":[[[-118.477903,34.11027],[-118.477944,34.110296],[-118.477982,34.110328],[-118.478016,34.110364],[-118.478046,34.110403],[-118.478091,34.110381],[-118.478607,34.110135],[-118.478587,34.109813],[-118.478559,34.109814],[-118.478437,34.109819],[-118.478412,34.109873],[-118.478393,34.109914],[-118.477932,34.110234],[-118.477903,34.11027]]]},"properties":{"APN":"4377-046-007","SitusFullAddress":"2281 STRATFORD CIR LOS ANGELES CA 90077"}},{"type":"Feature","geometry":{"type":"Polygon","coordinates":[[[-118.477883,34.110259],[-118.477903,34.11027],[-118.477932,34.110234],[-118.478393,34.109914],[-118.478412,34.109873],[-118.478134,34.109786],[-118.478081,34.109765],[-118.478055,34.109804],[-118.477697,34.110116],[-118.47767,34.110154],[-118.477746,34.110191],[-118.477883,34.110259]]]},"properties":{"APN":"4377-046-008","SitusFullAddress":"2273 STRATFORD CIR LOS ANGELES CA 90077"}},{"type":"Feature","geometry":{"type":"Polygon","coordinates":[[[-118.477573,34.110106],[-118.477613,34.110125],[-118.47767,34.110154],[-118.477697,34.110116],[-118.478055,34.109804],[-118.478081,34.109765],[-118.47804,34.109745],[-118.478001,34.109719],[-118.477966,34.10969],[-118.477934,34.109658],[-118.477882,34.109597],[-118.477839,34.109623],[-118.477423,34.11],[-118.477404,34.110041],[-118.477452,34.110057],[-118.477499,34.110075],[-118.477573,34.110106]]]},"properties":{"APN":"4377-046-009","SitusFullAddress":"2265 STRATFORD CIR LOS ANGELES CA 90077"}},{"type":"Feature","geometry":{"type":"Polygon","coordinates":[[[-118.477237,34.109998],[-118.477321,34.110017],[-118.477404,34.110041],[-118.477423,34.11],[-118.477839,34.109623],[-118.477882,34.109597],[-118.477749,34.109443],[-118.477723,34.109412],[-118.47768,34.109437],[-118.477318,34.109765],[-118.477266,34.109775],[-118.477272,34.109806],[-118.477274,34.109837],[-118.477272,34.109868],[-118.477266,34.109899],[-118.477237,34.109998]]]},"properties":{"APN":"4377-046-010","SitusFullAddress":"11803 NORFIELD CT LOS ANGELES CA 90077"}},{"type":"Feature","geometry":{"type":"Polygon","coordinates":[[[-118.477209,34.109672],[-118.477233,34.109703],[-118.477253,34.109738],[-118.477266,34.109775],[-118.477318,34.109765],[-118.47768,34.109437],[-118.477723,34.109412],[-118.477573,34.109237],[-118.477565,34.109229],[-118.477522,34.109255],[-118.47718,34.109565],[-118.477137,34.109591],[-118.477209,34.109672]]]},"properties":{"APN":"4377-046-011","SitusFullAddress":"11811 NORFIELD CT LOS ANGELES CA 90077"}},{"type":"Feature","geometry":{"type":"Polygon","coordinates":[[[-118.477012,34.109451],[-118.477137,34.109591],[-118.47718,34.109565],[-118.477522,34.109255],[-118.477565,34.109229],[-118.477453,34.109099],[-118.477434,34.109078],[-118.477414,34.109059],[-118.477396,34.109045],[-118.47736,34.109077],[-118.477009,34.109394],[-118.476956,34.109486],[-118.477012,34.109451]]]},"properties":{"APN":"4377-046-012","SitusFullAddress":"11819 NORFIELD CT LOS ANGELES CA 90077"}},{"type":"Feature","geometry":{"type":"Polygon","coordinates":[[[-118.476883,34.109404],[-118.476956,34.109486],[-118.477009,34.109394],[-118.47736,34.109077],[-118.477396,34.109045],[-118.477355,34.109017],[-118.477312,34.108993],[-118.477266,34.108975],[-118.477218,34.108961],[-118.477091,34.108931],[-118.477042,34.108917],[-118.476994,34.108897],[-118.476949,34.108872],[-118.476917,34.108907],[-118.476745,34.10925],[-118.476883,34.109404]]]},"properties":{"APN":"4377-046-013","SitusFullAddress":"11829 NORFIELD CT LOS ANGELES CA 90077"}},{"type":"Feature","geometry":{"type":"Polygon","coordinates":[[[-118.477161,34.109985],[-118.477237,34.109998],[-118.477266,34.109899],[-118.477272,34.109868],[-118.477274,34.109837],[-118.477272,34.109806],[-118.477266,34.109775],[-118.477253,34.109738],[-118.477233,34.109703],[-118.477209,34.109672],[-118.477137,34.109591],[-118.477012,34.109451],[-118.476956,34.109486],[-118.476835,34.109473],[-118.476745,34.109423],[-118.476803,34.10993],[-118.476808,34.109974],[-118.476897,34.10997],[-118.476985,34.10997],[-118.477074,34.109975],[-118.477161,34.109985]]]},"properties":{"APN":"4377-046-014","SitusFullAddress":"2249 STRATFORD CIR LOS ANGELES CA 90077"}},{"type":"Feature","geometry":{"type":"Polygon","coordinates":[[[-118.476543,34.109972],[-118.476558,34.110015],[-118.47664,34.109997],[-118.476724,34.109983],[-118.476808,34.109974],[-118.476803,34.10993],[-118.476745,34.109423],[-118.476676,34.109384],[-118.476481,34.109439],[-118.476543,34.109972]]]},"properties":{"APN":"4377-046-015","SitusFullAddress":""}},{"type":"Feature","geometry":{"type":"Polygon","coordinates":[[[-118.475516,34.110551],[-118.475832,34.110789],[-118.475853,34.110783],[-118.47585,34.110771],[-118.475848,34.110758],[-118.475848,34.110744],[-118.47585,34.110731],[-118.475854,34.110719],[-118.47586,34.110707],[-118.475867,34.110696],[-118.475846,34.110685],[-118.475655,34.110196],[-118.4757,34.110099],[-118.4757,34.110099],[-118.475736,34.110067],[-118.475715,34.11005],[-118.475695,34.110031],[-118.475654,34.11006],[-118.475394,34.11024],[-118.475516,34.110551]]]},"properties":{"APN":"4377-046-018","SitusFullAddress":"11730 STONEHENGE LN LOS ANGELES CA 90077"}},{"type":"Feature","geometry":{"type":"Polygon","coordinates":[[[-118.475846,34.110685],[-118.475867,34.110696],[-118.475881,34.110682],[-118.475896,34.110671],[-118.475913,34.110662],[-118.475932,34.110655],[-118.475963,34.110647],[-118.476017,34.110635],[-118.476072,34.110629],[-118.476102,34.110628],[-118.475934,34.110198],[-118.475944,34.110155],[-118.475903,34.110146],[-118.475862,34.110134],[-118.475818,34.110116],[-118.475775,34.110094],[-118.475736,34.110067],[-118.4757,34.110099],[-118.4757,34.110099],[-118.475655,34.110196],[-118.475846,34.110685]]]},"properties":{"APN":"4377-046-019","SitusFullAddress":""}},{"type":"Feature","geometry":{"type":"Polygon","coordinates":[[[-118.476226,34.110642],[-118.476234,34.110644],[-118.476274,34.110652],[-118.476314,34.110655],[-118.476355,34.110654],[-118.476396,34.110649],[-118.476222,34.110174],[-118.476201,34.110133],[-118.476151,34.110148],[-118.4761,34.110158],[-118.476048,34.110162],[-118.475996,34.110161],[-118.475944,34.110155],[-118.475934,34.110198],[-118.476102,34.110628],[-118.476144,34.11063],[-118.476185,34.110634],[-118.476226,34.110642]]]},"properties":{"APN":"4377-046-020","SitusFullAddress":"11746 STONEHENGE LN LOS ANGELES CA 90077"}},{"type":"Feature","geometry":{"type":"Polygon","coordinates":[[[-118.476222,34.110174],[-118.476396,34.110649],[-118.476416,34.110645],[-118.476427,34.110642],[-118.47665,34.110582],[-118.476483,34.110082],[-118.476464,34.110041],[-118.476416,34.110057],[-118.476307,34.110096],[-118.476201,34.110133],[-118.476222,34.110174]]]},"properties":{"APN":"4377-046-021","SitusFullAddress":"11754 STONEHENGE LN LOS ANGELES CA 90077"}},{"type":"Feature","geometry":{"type":"Polygon","coordinates":[[[-118.476483,34.110082],[-118.47665,34.110582],[-118.476729,34.110564],[-118.476805,34.110552],[-118.476882,34.110546],[-118.476813,34.110018],[-118.476808,34.109974],[-118.476724,34.109983],[-118.47664,34.109997],[-118.476558,34.110015],[-118.476464,34.110041],[-118.476483,34.110082]]]},"properties":{"APN":"4377-046-022","SitusFullAddress":"11762 STONEHENGE LN LOS ANGELES CA 90077"}},{"type":"Feature","geometry":{"type":"Polygon","coordinates":[[[-118.477034,34.110552],[-118.477118,34.110564],[-118.477152,34.110029],[-118.477161,34.109985],[-118.477074,34.109975],[-118.476985,34.10997],[-118.476897,34.10997],[-118.476808,34.109974],[-118.476813,34.110018],[-118.476882,34.110546],[-118.476958,34.110546],[-118.477034,34.110552]]]},"properties":{"APN":"4377-046-023","SitusFullAddress":"11770 STONEHENGE LN LOS ANGELES CA 90077"}},{"type":"Feature","geometry":{"type":"Polygon","coordinates":[[[-118.477118,34.110564],[-118.477192,34.110581],[-118.477264,34.110603],[-118.477334,34.110631],[-118.477477,34.110114],[-118.477499,34.110075],[-118.477452,34.110057],[-118.477404,34.110041],[-118.477321,34.110017],[-118.477237,34.109998],[-118.477161,34.109985],[-118.477152,34.110029],[-118.477118,34.110564]]]},"properties":{"APN":"4377-046-024","SitusFullAddress":"11778 STONEHENGE LN LOS ANGELES CA 90077"}},{"type":"Feature","geometry":{"type":"Polygon","coordinates":[[[-118.477524,34.110714],[-118.477551,34.110725],[-118.477579,34.110734],[-118.477719,34.110229],[-118.477746,34.110191],[-118.47767,34.110154],[-118.477613,34.110125],[-118.477573,34.110106],[-118.477499,34.110075],[-118.477477,34.110114],[-118.477334,34.110631],[-118.477524,34.110714]]]},"properties":{"APN":"4377-046-025","SitusFullAddress":"11786 STONEHENGE LN LOS ANGELES CA 90077"}},{"type":"Feature","geometry":{"type":"Polygon","coordinates":[[[-118.477676,34.110754],[-118.477827,34.110783],[-118.477918,34.110736],[-118.477924,34.110715],[-118.477972,34.110541],[-118.477977,34.110516],[-118.477979,34.11049],[-118.477977,34.110464],[-118.477972,34.110439],[-118.478046,34.110403],[-118.478016,34.110364],[-118.477982,34.110328],[-118.477944,34.110296],[-118.477903,34.11027],[-118.477883,34.110259],[-118.477746,34.110191],[-118.477719,34.110229],[-118.477579,34.110734],[-118.477605,34.110741],[-118.477618,34.110743],[-118.477676,34.110754]]]},"properties":{"APN":"4377-046-026","SitusFullAddress":"11794 STONEHENGE LN LOS ANGELES CA 90077"}},{"type":"Feature","geometry":{"type":"Polygon","coordinates":[[[-118.475736,34.110067],[-118.475775,34.110094],[-118.475818,34.110116],[-118.475862,34.110134],[-118.475883,34.110094],[-118.475821,34.109689],[-118.476227,34.109535],[-118.476481,34.109439],[-118.476676,34.109384],[-118.476745,34.109423],[-118.476835,34.109473],[-118.476956,34.109486],[-118.476883,34.109404],[-118.476745,34.10925],[-118.476917,34.108907],[-118.476949,34.108872],[-118.476916,34.108849],[-118.476885,34.108823],[-118.476857,34.108794],[-118.476781,34.108706],[-118.476738,34.108732],[-118.476632,34.108718],[-118.476562,34.108759],[-118.476515,34.108791],[-118.476471,34.108827],[-118.476431,34.108868],[-118.476396,34.108912],[-118.476231,34.10915],[-118.47619,34.109205],[-118.476145,34.109256],[-118.476097,34.109304],[-118.476045,34.109349],[-118.47599,34.109389],[-118.475535,34.109704],[-118.475525,34.109793],[-118.475736,34.110003],[-118.475695,34.110031],[-118.475715,34.11005],[-118.475736,34.110067]]]},"properties":{"APN":"4377-046-027","SitusFullAddress":""}},{"type":"Feature","geometry":{"type":"Polygon","coordinates":[[[-118.478111,34.11075],[-118.478716,34.110865],[-118.478709,34.110558],[-118.478148,34.110572],[-118.477972,34.110541],[-118.477924,34.110715],[-118.478111,34.11075]]]},"properties":{"APN":"4377-046-028","SitusFullAddress":"2293 STRATFORD CIR LOS ANGELES CA 90077"}},{"type":"Feature","geometry":{"type":"Polygon","coordinates":[[[-118.477882,34.109597],[-118.477934,34.109658],[-118.477975,34.109633],[-118.477977,34.109632],[-118.478524,34.109288],[-118.478249,34.108929],[-118.478127,34.109059],[-118.477792,34.109417],[-118.477749,34.109443],[-118.477882,34.109597]]]},"properties":{"APN":"4377-046-032","SitusFullAddress":"2247 QUEENSBOROUGH LN LOS ANGELES CA 90077"}},{"type":"Feature","geometry":{"type":"Polygon","coordinates":[[[-118.478134,34.109786],[-118.478412,34.109873],[-118.478437,34.109819],[-118.478559,34.109814],[-118.478587,34.109813],[-118.478917,34.109799],[-118.478834,34.109691],[-118.478524,34.109288],[-118.477977,34.109632],[-118.477975,34.109633],[-118.477934,34.109658],[-118.477966,34.10969],[-118.478001,34.109719],[-118.47804,34.109745],[-118.478081,34.109765],[-118.478134,34.109786]]]},"properties":{"APN":"4377-046-033","SitusFullAddress":"2259 QUEENSBOROUGH LN LOS ANGELES CA 90077"}},{"type":"Feature","geometry":{"type":"Polygon","coordinates":[[[-118.477972,34.110541],[-118.478148,34.110572],[-118.478709,34.110558],[-118.478808,34.110555],[-118.478607,34.110135],[-118.478091,34.110381],[-118.478046,34.110403],[-118.477972,34.110439],[-118.477977,34.110464],[-118.477979,34.11049],[-118.477977,34.110516],[-118.477972,34.110541]]]},"properties":{"APN":"4377-046-034","SitusFullAddress":"2289 STRATFORD CIR LOS ANGELES CA 90077"}},{"type":"Feature","geometry":{"type":"Polygon","coordinates":[[[-118.475944,34.110155],[-118.475996,34.110161],[-118.476048,34.110162],[-118.4761,34.110158],[-118.476151,34.110148],[-118.476201,34.110133],[-118.476307,34.110096],[-118.476287,34.110055],[-118.476227,34.109535],[-118.475821,34.109689],[-118.475883,34.110094],[-118.475862,34.110134],[-118.475903,34.110146],[-118.475944,34.110155]]]},"properties":{"APN":"4377-046-036","SitusFullAddress":"2227 STRATFORD CIR LOS ANGELES CA 90077"}},{"type":"Feature","geometry":{"type":"Polygon","coordinates":[[[-118.476287,34.110055],[-118.476307,34.110096],[-118.476416,34.110057],[-118.476464,34.110041],[-118.476558,34.110015],[-118.476543,34.109972],[-118.476481,34.109439],[-118.476227,34.109535],[-118.476287,34.110055]]]},"properties":{"APN":"4377-046-037","SitusFullAddress":"2235 STRATFORD CIR LOS ANGELES CA 90077"}},{"type":"Feature","geometry":{"type":"Polygon","coordinates":[[[-118.476186,34.113662],[-118.476206,34.11387],[-118.476448,34.113854],[-118.476522,34.113785],[-118.476583,34.113781],[-118.476569,34.113635],[-118.476508,34.113639],[-118.476186,34.113662]]]},"properties":{"APN":"4377-047-001","SitusFullAddress":"2396 BUCKINGHAM LN LOS ANGELES CA 90077"}},{"type":"Feature","geometry":{"type":"Polygon","coordinates":[[[-118.476171,34.11352],[-118.476186,34.113662],[-118.476508,34.113639],[-118.476569,34.113635],[-118.476568,34.11363],[-118.476554,34.113493],[-118.476493,34.113498],[-118.476171,34.11352]]]},"properties":{"APN":"4377-047-002","SitusFullAddress":"2390 BUCKINGHAM LN LOS ANGELES CA 90077"}},{"type":"Feature","geometry":{"type":"Polygon","coordinates":[[[-118.476157,34.113377],[-118.476171,34.11352],[-118.476493,34.113498],[-118.476554,34.113493],[-118.476542,34.113365],[-118.476541,34.11336],[-118.476541,34.113357],[-118.47648,34.11336],[-118.476157,34.113377]]]},"properties":{"APN":"4377-047-003","SitusFullAddress":"2384 BUCKINGHAM LN LOS ANGELES CA 90077"}},{"type":"Feature","geometry":{"type":"Polygon","coordinates":[[[-118.47615,34.113154],[-118.476157,34.113377],[-118.47648,34.11336],[-118.476541,34.113357],[-118.476541,34.113314],[-118.476545,34.113278],[-118.476555,34.113242],[-118.476495,34.11323],[-118.47615,34.113154]]]},"properties":{"APN":"4377-047-004","SitusFullAddress":"2378 BUCKINGHAM LN LOS ANGELES CA 90077"}},{"type":"Feature","geometry":{"type":"Polygon","coordinates":[[[-118.476495,34.11323],[-118.476555,34.113242],[-118.476569,34.113204],[-118.476589,34.113168],[-118.476613,34.113135],[-118.476562,34.113106],[-118.476219,34.112918],[-118.476144,34.112984],[-118.47615,34.113154],[-118.476495,34.11323]]]},"properties":{"APN":"4377-047-005","SitusFullAddress":"2372 BUCKINGHAM LN LOS ANGELES CA 90077"}},{"type":"Feature","geometry":{"type":"Polygon","coordinates":[[[-118.476562,34.113106],[-118.476613,34.113135],[-118.476636,34.113108],[-118.476662,34.113083],[-118.476681,34.113067],[-118.476735,34.113018],[-118.47669,34.112983],[-118.476414,34.112772],[-118.476329,34.11282],[-118.476219,34.112918],[-118.476562,34.113106]]]},"properties":{"APN":"4377-047-006","SitusFullAddress":"2366 BUCKINGHAM LN LOS ANGELES CA 90077"}},{"type":"Feature","geometry":{"type":"Polygon","coordinates":[[[-118.47669,34.112983],[-118.476735,34.113018],[-118.476797,34.112962],[-118.476854,34.112911],[-118.476809,34.112877],[-118.476559,34.112685],[-118.476547,34.112696],[-118.476414,34.112772],[-118.47669,34.112983]]]},"properties":{"APN":"4377-047-007","SitusFullAddress":"2360 BUCKINGHAM LN LOS ANGELES CA 90077"}},{"type":"Feature","geometry":{"type":"Polygon","coordinates":[[[-118.476809,34.112877],[-118.476854,34.112911],[-118.476914,34.112857],[-118.476973,34.112804],[-118.476928,34.11277],[-118.476678,34.112578],[-118.476559,34.112685],[-118.476809,34.112877]]]},"properties":{"APN":"4377-047-008","SitusFullAddress":"2354 BUCKINGHAM LN LOS ANGELES CA 90077"}},{"type":"Feature","geometry":{"type":"Polygon","coordinates":[[[-118.476928,34.11277],[-118.476973,34.112804],[-118.477031,34.112752],[-118.477149,34.112645],[-118.477174,34.112623],[-118.477072,34.112544],[-118.477015,34.112437],[-118.476956,34.112455],[-118.476742,34.11252],[-118.476678,34.112578],[-118.476928,34.11277]]]},"properties":{"APN":"4377-047-009","SitusFullAddress":"2348 BUCKINGHAM LN LOS ANGELES CA 90077"}},{"type":"Feature","geometry":{"type":"Polygon","coordinates":[[[-118.477293,34.112587],[-118.47762,34.112644],[-118.477717,34.112336],[-118.477591,34.112354],[-118.477301,34.112396],[-118.477015,34.112437],[-118.477072,34.112544],[-118.477174,34.112623],[-118.477241,34.112562],[-118.477261,34.112577],[-118.477293,34.112587]]]},"properties":{"APN":"4377-047-010","SitusFullAddress":"2331 BUCKINGHAM LN LOS ANGELES CA 90077"}},{"type":"Feature","geometry":{"type":"Polygon","coordinates":[[[-118.477194,34.11268],[-118.477398,34.112836],[-118.477533,34.112719],[-118.47762,34.112644],[-118.477293,34.112587],[-118.477261,34.112577],[-118.477241,34.112562],[-118.477174,34.112623],[-118.477149,34.112645],[-118.477194,34.11268]]]},"properties":{"APN":"4377-047-011","SitusFullAddress":"2337 BUCKINGHAM LN LOS ANGELES CA 90077"}},{"type":"Feature","geometry":{"type":"Polygon","coordinates":[[[-118.477075,34.112786],[-118.477277,34.112941],[-118.477387,34.112846],[-118.477398,34.112836],[-118.477194,34.11268],[-118.477149,34.112645],[-118.477031,34.112752],[-118.477075,34.112786]]]},"properties":{"APN":"4377-047-012","SitusFullAddress":"2343 BUCKINGHAM LN LOS ANGELES CA 90077"}},{"type":"Feature","geometry":{"type":"Polygon","coordinates":[[[-118.476959,34.112891],[-118.477158,34.113044],[-118.477239,34.112974],[-118.477277,34.112941],[-118.477075,34.112786],[-118.477031,34.112752],[-118.476973,34.112804],[-118.476914,34.112857],[-118.476959,34.112891]]]},"properties":{"APN":"4377-047-013","SitusFullAddress":"2349 BUCKINGHAM LN LOS ANGELES CA 90077"}},{"type":"Feature","geometry":{"type":"Polygon","coordinates":[[[-118.476842,34.112996],[-118.477038,34.113147],[-118.477088,34.113104],[-118.477158,34.113044],[-118.476959,34.112891],[-118.476914,34.112857],[-118.476854,34.112911],[-118.476797,34.112962],[-118.476842,34.112996]]]},"properties":{"APN":"4377-047-014","SitusFullAddress":"2355 BUCKINGHAM LN LOS ANGELES CA 90077"}},{"type":"Feature","geometry":{"type":"Polygon","coordinates":[[[-118.476726,34.113101],[-118.476919,34.11325],[-118.477038,34.113147],[-118.476842,34.112996],[-118.476797,34.112962],[-118.476735,34.113018],[-118.476681,34.113067],[-118.476726,34.113101]]]},"properties":{"APN":"4377-047-015","SitusFullAddress":"2363 BUCKINGHAM LN LOS ANGELES CA 90077"}},{"type":"Feature","geometry":{"type":"Polygon","coordinates":[[[-118.476602,34.113317],[-118.476898,34.113331],[-118.476911,34.11328],[-118.476919,34.11325],[-118.476726,34.113101],[-118.476681,34.113067],[-118.476662,34.113083],[-118.476636,34.113108],[-118.476613,34.113135],[-118.476589,34.113168],[-118.476569,34.113204],[-118.476555,34.113242],[-118.476545,34.113278],[-118.476541,34.113314],[-118.476602,34.113317]]]},"properties":{"APN":"4377-047-016","SitusFullAddress":"2371 BUCKINGHAM LN LOS ANGELES CA 90077"}},{"type":"Feature","geometry":{"type":"Polygon","coordinates":[[[-118.476542,34.113365],[-118.476554,34.113493],[-118.476615,34.113489],[-118.476912,34.113468],[-118.476898,34.113331],[-118.476602,34.113317],[-118.476541,34.113314],[-118.476541,34.113357],[-118.476541,34.11336],[-118.476542,34.113365]]]},"properties":{"APN":"4377-047-017","SitusFullAddress":"2383 BUCKINGHAM LN LOS ANGELES CA 90077"}},{"type":"Feature","geometry":{"type":"Polygon","coordinates":[[[-118.476554,34.113493],[-118.476568,34.11363],[-118.476629,34.113625],[-118.476925,34.113605],[-118.47692,34.113557],[-118.476912,34.113468],[-118.476615,34.113489],[-118.476554,34.113493]]]},"properties":{"APN":"4377-047-018","SitusFullAddress":"2389 BUCKINGHAM LN LOS ANGELES CA 90077"}},{"type":"Feature","geometry":{"type":"Polygon","coordinates":[[[-118.476644,34.113777],[-118.476731,34.113834],[-118.476947,34.113819],[-118.476925,34.113605],[-118.476629,34.113625],[-118.476568,34.11363],[-118.476569,34.113635],[-118.476583,34.113781],[-118.476644,34.113777]]]},"properties":{"APN":"4377-047-019","SitusFullAddress":"2395 BUCKINGHAM LN LOS ANGELES CA 90077"}},{"type":"Feature","geometry":{"type":"Polygon","coordinates":[[[-118.476925,34.113605],[-118.476947,34.113819],[-118.477033,34.113813],[-118.477099,34.113806],[-118.477164,34.113795],[-118.477228,34.11378],[-118.477292,34.113704],[-118.47729,34.113681],[-118.477289,34.113677],[-118.477275,34.113532],[-118.47727,34.113533],[-118.47692,34.113557],[-118.476925,34.113605]]]},"properties":{"APN":"4377-047-020","SitusFullAddress":"2394 BROOKSHIRE LN LOS ANGELES CA 90077"}},{"type":"Feature","geometry":{"type":"Polygon","coordinates":[[[-118.476912,34.113468],[-118.47692,34.113557],[-118.47727,34.113533],[-118.477275,34.113532],[-118.477273,34.113519],[-118.477272,34.113514],[-118.477273,34.11351],[-118.477335,34.113508],[-118.477342,34.113477],[-118.477285,34.113459],[-118.476911,34.11328],[-118.476898,34.113331],[-118.476912,34.113468]]]},"properties":{"APN":"4377-047-021","SitusFullAddress":"2388 BROOKSHIRE LN LOS ANGELES CA 90077"}},{"type":"Feature","geometry":{"type":"Polygon","coordinates":[[[-118.477285,34.113459],[-118.477342,34.113477],[-118.477358,34.113434],[-118.477381,34.113393],[-118.477408,34.113355],[-118.477427,34.113335],[-118.477429,34.113333],[-118.477381,34.113301],[-118.477088,34.113104],[-118.477038,34.113147],[-118.476919,34.11325],[-118.476911,34.11328],[-118.477285,34.113459]]]},"properties":{"APN":"4377-047-022","SitusFullAddress":"2382 BROOKSHIRE LN LOS ANGELES CA 90077"}},{"type":"Feature","geometry":{"type":"Polygon","coordinates":[[[-118.477381,34.113301],[-118.477429,34.113333],[-118.47746,34.113301],[-118.477502,34.113259],[-118.477548,34.113216],[-118.477556,34.113209],[-118.47751,34.113175],[-118.477239,34.112974],[-118.477158,34.113044],[-118.477088,34.113104],[-118.477381,34.113301]]]},"properties":{"APN":"4377-047-023","SitusFullAddress":"2376 BROOKSHIRE LN LOS ANGELES CA 90077"}},{"type":"Feature","geometry":{"type":"Polygon","coordinates":[[[-118.47751,34.113175],[-118.477556,34.113209],[-118.477577,34.113188],[-118.477676,34.113101],[-118.477634,34.113064],[-118.477387,34.112846],[-118.477277,34.112941],[-118.477239,34.112974],[-118.47751,34.113175]]]},"properties":{"APN":"4377-047-024","SitusFullAddress":"2370 BROOKSHIRE LN LOS ANGELES CA 90077"}},{"type":"Feature","geometry":{"type":"Polygon","coordinates":[[[-118.477634,34.113064],[-118.477676,34.113101],[-118.477688,34.113091],[-118.477701,34.11308],[-118.477788,34.113009],[-118.477827,34.112979],[-118.477786,34.112941],[-118.477533,34.112719],[-118.477398,34.112836],[-118.477387,34.112846],[-118.477634,34.113064]]]},"properties":{"APN":"4377-047-025","SitusFullAddress":"2364 BROOKSHIRE LN LOS ANGELES CA 90077"}},{"type":"Feature","geometry":{"type":"Polygon","coordinates":[[[-118.477786,34.112941],[-118.477827,34.112979],[-118.477918,34.112907],[-118.477943,34.112886],[-118.477969,34.112859],[-118.477992,34.11283],[-118.478012,34.112798],[-118.478026,34.112772],[-118.478037,34.112745],[-118.477978,34.112731],[-118.47762,34.112644],[-118.477533,34.112719],[-118.477786,34.112941]]]},"properties":{"APN":"4377-047-026","SitusFullAddress":"2358 BROOKSHIRE LN LOS ANGELES CA 90077"}},{"type":"Feature","geometry":{"type":"Polygon","coordinates":[[[-118.477978,34.112731],[-118.478037,34.112745],[-118.478056,34.112689],[-118.478104,34.112554],[-118.478125,34.112492],[-118.478024,34.112468],[-118.478034,34.11244],[-118.477835,34.112257],[-118.477717,34.112336],[-118.47762,34.112644],[-118.477978,34.112731]]]},"properties":{"APN":"4377-047-027","SitusFullAddress":"2350 BROOKSHIRE LN LOS ANGELES CA 90077"}},{"type":"Feature","geometry":{"type":"Polygon","coordinates":[[[-118.47821,34.112433],[-118.478496,34.112503],[-118.478546,34.112359],[-118.478114,34.112069],[-118.477835,34.112257],[-118.478034,34.11244],[-118.478024,34.112468],[-118.478125,34.112492],[-118.478151,34.112419],[-118.47821,34.112433]]]},"properties":{"APN":"4377-047-028","SitusFullAddress":"2339 BROOKSHIRE LN LOS ANGELES CA 90077"}},{"type":"Feature","geometry":{"type":"Polygon","coordinates":[[[-118.478162,34.112568],[-118.478448,34.112638],[-118.478496,34.112503],[-118.47821,34.112433],[-118.478151,34.112419],[-118.478125,34.112492],[-118.478104,34.112554],[-118.478162,34.112568]]]},"properties":{"APN":"4377-047-029","SitusFullAddress":"2343 BROOKSHIRE LN LOS ANGELES CA 90077"}},{"type":"Feature","geometry":{"type":"Polygon","coordinates":[[[-118.478115,34.112703],[-118.478401,34.112772],[-118.478448,34.112638],[-118.478162,34.112568],[-118.478104,34.112554],[-118.478056,34.112689],[-118.478115,34.112703]]]},"properties":{"APN":"4377-047-030","SitusFullAddress":"2345 BROOKSHIRE LN LOS ANGELES CA 90077"}},{"type":"Feature","geometry":{"type":"Polygon","coordinates":[[[-118.478068,34.11282],[-118.478346,34.112929],[-118.478401,34.112772],[-118.478115,34.112703],[-118.478056,34.112689],[-118.478037,34.112745],[-118.478026,34.112772],[-118.478012,34.112798],[-118.478068,34.11282]]]},"properties":{"APN":"4377-047-031","SitusFullAddress":"2349 BROOKSHIRE LN LOS ANGELES CA 90077"}},{"type":"Feature","geometry":{"type":"Polygon","coordinates":[[[-118.477989,34.11292],[-118.478217,34.11309],[-118.478315,34.113017],[-118.478346,34.112929],[-118.478068,34.11282],[-118.478012,34.112798],[-118.477992,34.11283],[-118.477969,34.112859],[-118.477943,34.112886],[-118.477989,34.11292]]]},"properties":{"APN":"4377-047-032","SitusFullAddress":"2353 BROOKSHIRE LANE LOS ANGELES CA 90077"}},{"type":"Feature","geometry":{"type":"Polygon","coordinates":[[[-118.477869,34.113015],[-118.478074,34.113196],[-118.478217,34.11309],[-118.477989,34.11292],[-118.477943,34.112886],[-118.477918,34.112907],[-118.477827,34.112979],[-118.477869,34.113015]]]},"properties":{"APN":"4377-047-033","SitusFullAddress":"2357 BROOKSHIRE LN LOS ANGELES CA 90077"}},{"type":"Feature","geometry":{"type":"Polygon","coordinates":[[[-118.477744,34.113116],[-118.477951,34.113287],[-118.478074,34.113196],[-118.477869,34.113015],[-118.477827,34.112979],[-118.477788,34.113009],[-118.477701,34.11308],[-118.477744,34.113116]]]},"properties":{"APN":"4377-047-034","SitusFullAddress":"2361 BROOKSHIRE LN LOS ANGELES CA 90077"}},{"type":"Feature","geometry":{"type":"Polygon","coordinates":[[[-118.477623,34.113222],[-118.477829,34.113378],[-118.477951,34.113287],[-118.477744,34.113116],[-118.477701,34.11308],[-118.477688,34.113091],[-118.477676,34.113101],[-118.477577,34.113188],[-118.477623,34.113222]]]},"properties":{"APN":"4377-047-035","SitusFullAddress":"2367 BROOKSHIRE LN LOS ANGELES CA 90077"}},{"type":"Feature","geometry":{"type":"Polygon","coordinates":[[[-118.477507,34.113333],[-118.477705,34.11347],[-118.477829,34.113378],[-118.477623,34.113222],[-118.477577,34.113188],[-118.477556,34.113209],[-118.477548,34.113216],[-118.477502,34.113259],[-118.47746,34.113301],[-118.477507,34.113333]]]},"properties":{"APN":"4377-047-036","SitusFullAddress":"2375 BROOKSHIRE LN LOS ANGELES CA 90077"}},{"type":"Feature","geometry":{"type":"Polygon","coordinates":[[[-118.477449,34.113608],[-118.477559,34.11362],[-118.477729,34.11352],[-118.477705,34.11347],[-118.477507,34.113333],[-118.47746,34.113301],[-118.477429,34.113333],[-118.477427,34.113335],[-118.477408,34.113355],[-118.477381,34.113393],[-118.477358,34.113434],[-118.477342,34.113477],[-118.477335,34.113508],[-118.477395,34.113505],[-118.477397,34.113508],[-118.477396,34.11351],[-118.477396,34.113513],[-118.477401,34.113535],[-118.477409,34.113556],[-118.477422,34.113575],[-118.477449,34.113608]]]},"properties":{"APN":"4377-047-037","SitusFullAddress":"2383 BROOKSHIRE LN LOS ANGELES CA 90077"}},{"type":"Feature","geometry":{"type":"Polygon","coordinates":[[[-118.477705,34.11347],[-118.477729,34.11352],[-118.477819,34.11347],[-118.477912,34.113425],[-118.478007,34.113385],[-118.478104,34.113351],[-118.478411,34.113251],[-118.478486,34.113224],[-118.478559,34.113191],[-118.478629,34.113152],[-118.478696,34.113107],[-118.478759,34.113058],[-118.478817,34.113003],[-118.478871,34.112943],[-118.479208,34.112527],[-118.479265,34.112463],[-118.479326,34.112403],[-118.479391,34.112348],[-118.479461,34.112298],[-118.479533,34.112254],[-118.480088,34.111938],[-118.480156,34.111897],[-118.48022,34.111851],[-118.480282,34.111801],[-118.48034,34.111748],[-118.480394,34.11169],[-118.480529,34.111534],[-118.480544,34.111518],[-118.480552,34.111507],[-118.48055,34.111476],[-118.480546,34.111425],[-118.478716,34.110865],[-118.478657,34.11108],[-118.478592,34.111312],[-118.478546,34.111479],[-118.478513,34.111594],[-118.478342,34.111848],[-118.478114,34.112069],[-118.478546,34.112359],[-118.478496,34.112503],[-118.478448,34.112638],[-118.478401,34.112772],[-118.478346,34.112929],[-118.478315,34.113017],[-118.478217,34.11309],[-118.478074,34.113196],[-118.477951,34.113287],[-118.477829,34.113378],[-118.477705,34.11347]]]},"properties":{"APN":"4377-047-038","SitusFullAddress":""}},{"type":"Feature","geometry":{"type":"Polygon","coordinates":[[[-118.475635,34.109099],[-118.475809,34.109273],[-118.475848,34.109244],[-118.475961,34.109248],[-118.476014,34.1092],[-118.476062,34.109147],[-118.476105,34.10909],[-118.476182,34.108979],[-118.476159,34.108896],[-118.476203,34.108814],[-118.476165,34.108786],[-118.47613,34.108753],[-118.476046,34.108807],[-118.475671,34.109067],[-118.47563,34.109095],[-118.475635,34.109099]]]},"properties":{"APN":"4377-048-001","SitusFullAddress":"2197 SHERINGHAM LN LOS ANGELES CA 90077"}},{"type":"Feature","geometry":{"type":"Polygon","coordinates":[[[-118.475543,34.109006],[-118.475561,34.109025],[-118.47563,34.109095],[-118.475671,34.109067],[-118.476046,34.108807],[-118.47613,34.108753],[-118.476107,34.108725],[-118.476087,34.108695],[-118.476071,34.108661],[-118.47606,34.108627],[-118.476053,34.108591],[-118.475948,34.108599],[-118.475462,34.108809],[-118.475414,34.108827],[-118.475444,34.108878],[-118.475477,34.108928],[-118.475509,34.108968],[-118.475543,34.109006]]]},"properties":{"APN":"4377-048-002","SitusFullAddress":"2189 SHERINGHAM LN LOS ANGELES CA 90077"}},{"type":"Feature","geometry":{"type":"Polygon","coordinates":[[[-118.475386,34.108767],[-118.475414,34.108827],[-118.475462,34.108809],[-118.475948,34.108599],[-118.476053,34.108591],[-118.476052,34.108575],[-118.476051,34.108564],[-118.47605,34.108512],[-118.476049,34.108419],[-118.475943,34.108421],[-118.47534,34.10851],[-118.475288,34.108517],[-118.475295,34.108545],[-118.475305,34.108573],[-118.475386,34.108767]]]},"properties":{"APN":"4377-048-003","SitusFullAddress":"2171 W SHERINGHAM LANE LOS ANGELES CA 90049"}},{"type":"Feature","geometry":{"type":"Polygon","coordinates":[[[-118.475285,34.108503],[-118.475288,34.108517],[-118.47534,34.10851],[-118.475943,34.108421],[-118.476049,34.108419],[-118.476047,34.108309],[-118.476044,34.108267],[-118.476037,34.108225],[-118.476024,34.108177],[-118.476007,34.10813],[-118.475984,34.108085],[-118.475957,34.108043],[-118.475866,34.108087],[-118.47533,34.108295],[-118.475278,34.108296],[-118.475281,34.108461],[-118.475285,34.108503]]]},"properties":{"APN":"4377-048-004","SitusFullAddress":"2167 SHERINGHAM LN LOS ANGELES CA 90077"}},{"type":"Feature","geometry":{"type":"Polygon","coordinates":[[[-118.474643,34.108526],[-118.474672,34.108585],[-118.474697,34.108646],[-118.47476,34.108628],[-118.475175,34.108516],[-118.475285,34.108503],[-118.475281,34.108461],[-118.475278,34.108296],[-118.475208,34.108297],[-118.475192,34.108196],[-118.47518,34.108116],[-118.475147,34.108131],[-118.474626,34.108374],[-118.474568,34.108401],[-118.474607,34.108462],[-118.474643,34.108526]]]},"properties":{"APN":"4377-048-005","SitusFullAddress":"2165 STRATFORD CIR LOS ANGELES CA 90077"}},{"type":"Feature","geometry":{"type":"Polygon","coordinates":[[[-118.47476,34.108858],[-118.474769,34.108899],[-118.474834,34.108888],[-118.475336,34.108782],[-118.475386,34.108767],[-118.475305,34.108573],[-118.475295,34.108545],[-118.475288,34.108517],[-118.475285,34.108503],[-118.475175,34.108516],[-118.47476,34.108628],[-118.474697,34.108646],[-118.474727,34.108729],[-118.47475,34.108814],[-118.47476,34.108858]]]},"properties":{"APN":"4377-048-006","SitusFullAddress":"2171 STRATFORD CIR LOS ANGELES CA 90077"}},{"type":"Feature","geometry":{"type":"Polygon","coordinates":[[[-118.474834,34.109116],[-118.474863,34.109171],[-118.474897,34.109222],[-118.474954,34.109194],[-118.475432,34.108951],[-118.475477,34.108928],[-118.475444,34.108878],[-118.475414,34.108827],[-118.475386,34.108767],[-118.475336,34.108782],[-118.474834,34.108888],[-118.474769,34.108899],[-118.474791,34.108993],[-118.474809,34.109056],[-118.474834,34.109116]]]},"properties":{"APN":"4377-048-007","SitusFullAddress":"2185 STRATFORD CIR LOS ANGELES CA 90077"}},{"type":"Feature","geometry":{"type":"Polygon","coordinates":[[[-118.475054,34.109391],[-118.475107,34.109444],[-118.475158,34.109409],[-118.475594,34.109127],[-118.475635,34.109099],[-118.47563,34.109095],[-118.475561,34.109025],[-118.475543,34.109006],[-118.475509,34.108968],[-118.475477,34.108928],[-118.475432,34.108951],[-118.474954,34.109194],[-118.474897,34.109222],[-118.474931,34.109264],[-118.474967,34.109303],[-118.475054,34.109391]]]},"properties":{"APN":"4377-048-008","SitusFullAddress":"2191 STRATFORD CIR LOS ANGELES CA 90077"}},{"type":"Feature","geometry":{"type":"Polygon","coordinates":[[[-118.475125,34.109462],[-118.475294,34.109631],[-118.475345,34.109596],[-118.475452,34.109604],[-118.47576,34.109391],[-118.475769,34.109302],[-118.475809,34.109273],[-118.475635,34.109099],[-118.475594,34.109127],[-118.475158,34.109409],[-118.475107,34.109444],[-118.475125,34.109462]]]},"properties":{"APN":"4377-048-009","SitusFullAddress":"2199 STRATFORD CIR LOS ANGELES CA 90077"}},{"type":"Feature","geometry":{"type":"Polygon","coordinates":[[[-118.473723,34.110529],[-118.474605,34.110544],[-118.474638,34.110454],[-118.474676,34.110367],[-118.474721,34.110282],[-118.474771,34.110201],[-118.474826,34.110123],[-118.474886,34.110049],[-118.474952,34.109979],[-118.475021,34.109913],[-118.475095,34.109853],[-118.475173,34.109797],[-118.475234,34.109755],[-118.475244,34.109666],[-118.475294,34.109631],[-118.475125,34.109462],[-118.475062,34.109506],[-118.475026,34.109533],[-118.474994,34.109564],[-118.474966,34.1096],[-118.474942,34.109638],[-118.474924,34.109679],[-118.474911,34.109723],[-118.474907,34.109744],[-118.474976,34.109751],[-118.474956,34.109851],[-118.474756,34.110032],[-118.474661,34.110141],[-118.474599,34.110269],[-118.473754,34.110254],[-118.473723,34.110529]]]},"properties":{"APN":"4377-048-010","SitusFullAddress":"11776 SOUTHAMPTON CT LOS ANGELES CA 90077"}},{"type":"Feature","geometry":{"type":"Polygon","coordinates":[[[-118.473754,34.110254],[-118.474599,34.110269],[-118.474661,34.110141],[-118.474756,34.110032],[-118.474956,34.109851],[-118.474976,34.109751],[-118.474894,34.109826],[-118.474707,34.109996],[-118.47378,34.110027],[-118.473754,34.110254]]]},"properties":{"APN":"4377-048-011","SitusFullAddress":"11782 SOUTHAMPTON CT LOS ANGELES CA 90077"}},{"type":"Feature","geometry":{"type":"Polygon","coordinates":[[[-118.473823,34.109651],[-118.47378,34.110027],[-118.474707,34.109996],[-118.474894,34.109826],[-118.474976,34.109751],[-118.474907,34.109744],[-118.474911,34.109723],[-118.474859,34.109715],[-118.473823,34.109651]]]},"properties":{"APN":"4377-048-012","SitusFullAddress":"11790 W SOUTHAMPTON CT LOS ANGELES CA 90077"}},{"type":"Feature","geometry":{"type":"Polygon","coordinates":[[[-118.473898,34.108995],[-118.473866,34.10928],[-118.474772,34.109136],[-118.474834,34.109116],[-118.474809,34.109056],[-118.474791,34.108993],[-118.474769,34.108899],[-118.47476,34.108858],[-118.474695,34.108869],[-118.473898,34.108995]]]},"properties":{"APN":"4377-048-015","SitusFullAddress":"2180 STRATFORD CIRCLE LOS ANGELES CA 90077"}},{"type":"Feature","geometry":{"type":"Polygon","coordinates":[[[-118.473764,34.108843],[-118.473898,34.108995],[-118.474695,34.108869],[-118.47476,34.108858],[-118.47475,34.108814],[-118.474727,34.108729],[-118.474697,34.108646],[-118.474672,34.108585],[-118.474643,34.108526],[-118.474582,34.108548],[-118.473764,34.108843]]]},"properties":{"APN":"4377-048-016","SitusFullAddress":"2172 STRATFORD CIR LOS ANGELES CA 90077"}},{"type":"Feature","geometry":{"type":"Polygon","coordinates":[[[-118.473565,34.108615],[-118.473764,34.108843],[-118.474582,34.108548],[-118.474643,34.108526],[-118.474607,34.108462],[-118.474568,34.108401],[-118.474485,34.108277],[-118.474428,34.108304],[-118.473565,34.108615]]]},"properties":{"APN":"4377-048-017","SitusFullAddress":"2164 STRATFORD CIR LOS ANGELES CA 90077"}},{"type":"Feature","geometry":{"type":"Polygon","coordinates":[[[-118.47371,34.110583],[-118.47459,34.110598],[-118.474605,34.110544],[-118.473723,34.110529],[-118.473754,34.110254],[-118.47378,34.110027],[-118.473823,34.109651],[-118.473845,34.10946],[-118.473866,34.10928],[-118.473898,34.108995],[-118.473764,34.108843],[-118.473565,34.108615],[-118.473373,34.108396],[-118.473375,34.108282],[-118.473376,34.108204],[-118.473382,34.107898],[-118.473344,34.107614],[-118.473586,34.107208],[-118.473726,34.106975],[-118.473866,34.106741],[-118.472805,34.107485],[-118.471987,34.107873],[-118.471748,34.107987],[-118.471749,34.108949],[-118.471989,34.109103],[-118.472926,34.109706],[-118.472677,34.110566],[-118.473479,34.110579],[-118.47371,34.110583]]]},"properties":{"APN":"4377-048-018","SitusFullAddress":""}},{"type":"Feature","geometry":{"type":"Polygon","coordinates":[[[-118.474859,34.109715],[-118.474911,34.109723],[-118.474924,34.109679],[-118.474942,34.109638],[-118.474966,34.1096],[-118.474994,34.109564],[-118.475026,34.109533],[-118.475062,34.109506],[-118.475125,34.109462],[-118.475107,34.109444],[-118.475054,34.109391],[-118.474967,34.109303],[-118.474931,34.109264],[-118.474897,34.109222],[-118.474863,34.109171],[-118.474834,34.109116],[-118.474772,34.109136],[-118.473866,34.10928],[-118.473845,34.10946],[-118.473823,34.109651],[-118.474859,34.109715]]]},"properties":{"APN":"4377-048-019","SitusFullAddress":"2188 STRATFORD CIRCLE LOS ANGELES CA 90077"}},{"type":"Feature","geometry":{"type":"Polygon","coordinates":[[[-118.475192,34.108196],[-118.475208,34.108297],[-118.475278,34.108296],[-118.47533,34.108295],[-118.475866,34.108087],[-118.475957,34.108043],[-118.475939,34.108019],[-118.475898,34.107973],[-118.475853,34.107932],[-118.475804,34.107896],[-118.475751,34.107864],[-118.475688,34.107835],[-118.475623,34.107811],[-118.475582,34.1078],[-118.475535,34.107788],[-118.475497,34.107777],[-118.475461,34.107762],[-118.475427,34.107742],[-118.475395,34.107718],[-118.475367,34.107691],[-118.475267,34.10758],[-118.475249,34.107564],[-118.475229,34.107552],[-118.475207,34.107544],[-118.475184,34.107539],[-118.47516,34.107539],[-118.475136,34.107542],[-118.475114,34.10755],[-118.475093,34.107561],[-118.475081,34.10757],[-118.47507,34.107581],[-118.475061,34.107594],[-118.475054,34.107608],[-118.475169,34.10764],[-118.475119,34.10768],[-118.475159,34.107712],[-118.475203,34.107738],[-118.475175,34.107775],[-118.475069,34.107915],[-118.475051,34.107939],[-118.475082,34.107958],[-118.47511,34.10798],[-118.475134,34.108007],[-118.475154,34.108038],[-118.475169,34.108071],[-118.475178,34.108106],[-118.47518,34.108116],[-118.475192,34.108196]]]},"properties":{"APN":"4377-049-001","SitusFullAddress":"2157 W SHERINGHAM LANE LOS ANGELES CA 90049"}},{"type":"Feature","geometry":{"type":"Polygon","coordinates":[[[-118.47435,34.108077],[-118.474375,34.108113],[-118.474432,34.108086],[-118.474763,34.107932],[-118.474802,34.107917],[-118.474844,34.107907],[-118.474886,34.107903],[-118.474929,34.107904],[-118.474971,34.10791],[-118.475012,34.107922],[-118.475051,34.107939],[-118.475069,34.107915],[-118.475175,34.107775],[-118.475203,34.107738],[-118.475159,34.107712],[-118.475119,34.10768],[-118.475169,34.10764],[-118.475054,34.107608],[-118.47448,34.107446],[-118.474532,34.107359],[-118.474555,34.107326],[-118.474582,34.107297],[-118.474614,34.107272],[-118.474648,34.107251],[-118.474655,34.107248],[-118.474701,34.107219],[-118.474743,34.107185],[-118.47478,34.107145],[-118.474811,34.107101],[-118.474826,34.107076],[-118.474829,34.107072],[-118.474834,34.107058],[-118.474838,34.107043],[-118.474838,34.107028],[-118.474837,34.107013],[-118.474832,34.106998],[-118.474825,34.106985],[-118.474816,34.106972],[-118.474716,34.107031],[-118.474666,34.10701],[-118.474637,34.10706],[-118.474497,34.107293],[-118.474357,34.107527],[-118.474335,34.107564],[-118.474313,34.107606],[-118.474294,34.10765],[-118.47428,34.107696],[-118.474271,34.107745],[-118.474266,34.107795],[-118.474268,34.107845],[-118.474274,34.107895],[-118.474288,34.107947],[-118.474307,34.107998],[-118.474331,34.108046],[-118.47435,34.108077]]]},"properties":{"APN":"4377-049-002","SitusFullAddress":""}},{"type":"Feature","geometry":{"type":"Polygon","coordinates":[[[-118.474485,34.108277],[-118.474568,34.108401],[-118.474626,34.108374],[-118.475147,34.108131],[-118.47518,34.108116],[-118.475178,34.108106],[-118.475169,34.108071],[-118.475154,34.108038],[-118.475134,34.108007],[-118.47511,34.10798],[-118.475082,34.107958],[-118.475051,34.107939],[-118.475012,34.107922],[-118.474971,34.10791],[-118.474929,34.107904],[-118.474886,34.107903],[-118.474844,34.107907],[-118.474802,34.107917],[-118.474763,34.107932],[-118.474432,34.108086],[-118.474375,34.108113],[-118.474485,34.108277]]]},"properties":{"APN":"4377-049-003","SitusFullAddress":"2159 W STRATFORD CIRCLE LOS ANGELES CA 90077"}},{"type":"Feature","geometry":{"type":"Polygon","coordinates":[[[-118.473382,34.107898],[-118.474209,34.107903],[-118.474274,34.107895],[-118.474268,34.107845],[-118.474266,34.107795],[-118.474271,34.107745],[-118.47428,34.107696],[-118.474216,34.107685],[-118.473344,34.107614],[-118.473382,34.107898]]]},"properties":{"APN":"4377-049-006","SitusFullAddress":"2140 W STRATFORD CIRCLE LOS ANGELES CA 90077"}},{"type":"Feature","geometry":{"type":"Polygon","coordinates":[[[-118.474216,34.107685],[-118.47428,34.107696],[-118.474294,34.10765],[-118.474313,34.107606],[-118.474335,34.107564],[-118.474357,34.107527],[-118.474298,34.107503],[-118.473586,34.107208],[-118.473344,34.107614],[-118.474216,34.107685]]]},"properties":{"APN":"4377-049-007","SitusFullAddress":"2132 W STRATFORD CIRCLE LOS ANGELES CA 90077"}},{"type":"Feature","geometry":{"type":"Polygon","coordinates":[[[-118.474298,34.107503],[-118.474357,34.107527],[-118.474497,34.107293],[-118.474438,34.107269],[-118.473726,34.106975],[-118.473586,34.107208],[-118.474298,34.107503]]]},"properties":{"APN":"4377-049-008","SitusFullAddress":"2124 STRATFORD CIR LOS ANGELES CA 90077"}},{"type":"Feature","geometry":{"type":"Polygon","coordinates":[[[-118.474438,34.107269],[-118.474497,34.107293],[-118.474637,34.10706],[-118.474577,34.107035],[-118.473866,34.106741],[-118.473726,34.106975],[-118.474438,34.107269]]]},"properties":{"APN":"4377-049-009","SitusFullAddress":"2116 STRATFORD CIR LOS ANGELES CA 90077"}},{"type":"Feature","geometry":{"type":"Polygon","coordinates":[[[-118.474577,34.107035],[-118.474637,34.10706],[-118.474666,34.10701],[-118.474716,34.107031],[-118.474695,34.106931],[-118.474662,34.106779],[-118.474329,34.106522],[-118.47403,34.106663],[-118.473866,34.106741],[-118.474577,34.107035]]]},"properties":{"APN":"4377-049-010","SitusFullAddress":"2108 STRATFORD CIRCLE LOS ANGELES CA 90077"}},{"type":"Feature","geometry":{"type":"Polygon","coordinates":[[[-118.474695,34.106931],[-118.474716,34.107031],[-118.474816,34.106972],[-118.474861,34.10691],[-118.475296,34.106299],[-118.475498,34.106271],[-118.47495,34.105739],[-118.473799,34.105605],[-118.473692,34.105812],[-118.47403,34.106663],[-118.474329,34.106522],[-118.474662,34.106779],[-118.474695,34.106931]]]},"properties":{"APN":"4377-049-012","SitusFullAddress":"2100 W STRATFORD CIRCLE LOS ANGELES CA 90077"}},{"type":"Feature","geometry":{"type":"Polygon","coordinates":[[[-118.473376,34.108204],[-118.473544,34.10825],[-118.474293,34.108104],[-118.47435,34.108077],[-118.474331,34.108046],[-118.474307,34.107998],[-118.474288,34.107947],[-118.474274,34.107895],[-118.474209,34.107903],[-118.473382,34.107898],[-118.473376,34.108204]]]},"properties":{"APN":"4377-049-014","SitusFullAddress":"2148 STRATFORD CIR LOS ANGELES CA 90077"}},{"type":"Feature","geometry":{"type":"Polygon","coordinates":[[[-118.473373,34.108396],[-118.473565,34.108615],[-118.474428,34.108304],[-118.474485,34.108277],[-118.474375,34.108113],[-118.47435,34.108077],[-118.474293,34.108104],[-118.473544,34.10825],[-118.473376,34.108204],[-118.473375,34.108282],[-118.473373,34.108396]]]},"properties":{"APN":"4377-049-015","SitusFullAddress":"2156 W STRATFORD CIR LOS ANGELES CA 90049"}},{"type":"Feature","geometry":{"type":"Polygon","coordinates":[[[-118.477888,34.10837],[-118.47794,34.108382],[-118.47799,34.108397],[-118.478222,34.107825],[-118.477352,34.108126],[-118.4773,34.108128],[-118.47731,34.108285],[-118.477363,34.108283],[-118.477443,34.108342],[-118.477582,34.108336],[-118.477644,34.108335],[-118.477705,34.108339],[-118.477767,34.108347],[-118.477792,34.108351],[-118.477888,34.10837]]]},"properties":{"APN":"4377-050-001","SitusFullAddress":"2199 PEMBRIDGE COURT LOS ANGELES CA 90077"}},{"type":"Feature","geometry":{"type":"Polygon","coordinates":[[[-118.477307,34.108052],[-118.47723,34.108132],[-118.4773,34.108128],[-118.477352,34.108126],[-118.478222,34.107825],[-118.477654,34.107542],[-118.477322,34.107458],[-118.477337,34.108021],[-118.477307,34.108052]]]},"properties":{"APN":"4377-050-002","SitusFullAddress":"2195 PEMBRIDGE CT LOS ANGELES CA 90077"}},{"type":"Feature","geometry":{"type":"Polygon","coordinates":[[[-118.477124,34.108082],[-118.47723,34.108132],[-118.477307,34.108052],[-118.477337,34.108021],[-118.477322,34.107458],[-118.477056,34.107391],[-118.477068,34.107866],[-118.477073,34.108058],[-118.477124,34.108082]]]},"properties":{"APN":"4377-050-003","SitusFullAddress":"2191 PEMBRIDGE CT LOS ANGELES CA 90077"}},{"type":"Feature","geometry":{"type":"Polygon","coordinates":[[[-118.476542,34.108394],[-118.476559,34.108434],[-118.476581,34.108471],[-118.476607,34.108506],[-118.47665,34.10848],[-118.476756,34.108494],[-118.476799,34.108469],[-118.476859,34.108437],[-118.476921,34.10841],[-118.476986,34.108388],[-118.477051,34.108371],[-118.477118,34.10836],[-118.477186,34.108355],[-118.477258,34.108288],[-118.47731,34.108285],[-118.4773,34.108128],[-118.47723,34.108132],[-118.477108,34.108137],[-118.476595,34.108162],[-118.476543,34.108156],[-118.476541,34.108166],[-118.476529,34.108248],[-118.476525,34.108285],[-118.476527,34.108322],[-118.476532,34.108358],[-118.476542,34.108394]]]},"properties":{"APN":"4377-050-004","SitusFullAddress":"2175 QUEENSBOROUGH LN LOS ANGELES CA 90077"}},{"type":"Feature","geometry":{"type":"Polygon","coordinates":[[[-118.476543,34.108156],[-118.476595,34.108162],[-118.477108,34.108137],[-118.47723,34.108132],[-118.477124,34.108082],[-118.477073,34.108058],[-118.477068,34.107866],[-118.476615,34.10794],[-118.476563,34.107945],[-118.476566,34.107987],[-118.476562,34.10803],[-118.476543,34.108156]]]},"properties":{"APN":"4377-050-005","SitusFullAddress":"2167 QUEENSBOROUGH LN LOS ANGELES CA 90077"}},{"type":"Feature","geometry":{"type":"Polygon","coordinates":[[[-118.476513,34.107812],[-118.476536,34.107853],[-118.476553,34.107898],[-118.476563,34.107945],[-118.476615,34.10794],[-118.477068,34.107866],[-118.477056,34.107391],[-118.47656,34.107791],[-118.476513,34.107812]]]},"properties":{"APN":"4377-050-006","SitusFullAddress":"2165 QUEENSBOROUGH LN LOS ANGELES CA 90077"}},{"type":"Feature","geometry":{"type":"Polygon","coordinates":[[[-118.476443,34.107732],[-118.476469,34.107756],[-118.476492,34.107783],[-118.476513,34.107812],[-118.47656,34.107791],[-118.477056,34.107391],[-118.476848,34.107212],[-118.476365,34.107601],[-118.476327,34.107632],[-118.476443,34.107732]]]},"properties":{"APN":"4377-050-007","SitusFullAddress":"2161 QUEENSBOROUGH LN LOS ANGELES CA 90077"}},{"type":"Feature","geometry":{"type":"Polygon","coordinates":[[[-118.476186,34.107511],[-118.476327,34.107632],[-118.476365,34.107601],[-118.476848,34.107212],[-118.476641,34.107035],[-118.476158,34.107424],[-118.47612,34.107454],[-118.476186,34.107511]]]},"properties":{"APN":"4377-050-008","SitusFullAddress":""}},{"type":"Feature","geometry":{"type":"Polygon","coordinates":[[[-118.475983,34.107337],[-118.47612,34.107454],[-118.476158,34.107424],[-118.476641,34.107035],[-118.476457,34.106877],[-118.475959,34.107278],[-118.475933,34.107377],[-118.475983,34.107337]]]},"properties":{"APN":"4377-050-009","SitusFullAddress":"2129 QUEENSBOROUGH LN LOS ANGELES CA 90077"}},{"type":"Feature","geometry":{"type":"Polygon","coordinates":[[[-118.475848,34.107304],[-118.475933,34.107377],[-118.475959,34.107278],[-118.476457,34.106877],[-118.476216,34.106669],[-118.475646,34.10713],[-118.475848,34.107304]]]},"properties":{"APN":"4377-050-010","SitusFullAddress":"2119 QUEENSBOROUGH LN LOS ANGELES CA 90077"}},{"type":"Feature","geometry":{"type":"Polygon","coordinates":[[[-118.475267,34.10758],[-118.475367,34.107691],[-118.475845,34.107448],[-118.475933,34.107377],[-118.475848,34.107304],[-118.475646,34.10713],[-118.475041,34.107508],[-118.475093,34.107561],[-118.475114,34.10755],[-118.475136,34.107542],[-118.47516,34.107539],[-118.475184,34.107539],[-118.475207,34.107544],[-118.475229,34.107552],[-118.475249,34.107564],[-118.475267,34.10758]]]},"properties":{"APN":"4377-050-011","SitusFullAddress":"2147 RAVENSFIELD LANE LOS ANGELES CA 90077"}},{"type":"Feature","geometry":{"type":"Polygon","coordinates":[[[-118.475623,34.107811],[-118.475688,34.107835],[-118.475751,34.107864],[-118.476106,34.107575],[-118.476186,34.107511],[-118.47612,34.107454],[-118.475983,34.107337],[-118.475933,34.107377],[-118.475845,34.107448],[-118.475367,34.107691],[-118.475395,34.107718],[-118.475427,34.107742],[-118.475461,34.107762],[-118.475497,34.107777],[-118.475535,34.107788],[-118.475582,34.1078],[-118.475623,34.107811]]]},"properties":{"APN":"4377-050-012","SitusFullAddress":"2151 RAVENSFIELD LN LOS ANGELES CA 90077"}},{"type":"Feature","geometry":{"type":"Polygon","coordinates":[[[-118.475751,34.107864],[-118.475804,34.107896],[-118.475853,34.107932],[-118.475898,34.107973],[-118.475939,34.108019],[-118.476405,34.107762],[-118.476443,34.107732],[-118.476327,34.107632],[-118.476186,34.107511],[-118.476106,34.107575],[-118.475751,34.107864]]]},"properties":{"APN":"4377-050-013","SitusFullAddress":"2157 RAVENSFIELD LN LOS ANGELES CA 90077"}},{"type":"Feature","geometry":{"type":"Polygon","coordinates":[[[-118.475957,34.108043],[-118.475984,34.108085],[-118.476007,34.10813],[-118.476024,34.108177],[-118.476037,34.108225],[-118.476489,34.108161],[-118.476541,34.108166],[-118.476543,34.108156],[-118.476562,34.10803],[-118.476566,34.107987],[-118.476563,34.107945],[-118.476553,34.107898],[-118.476536,34.107853],[-118.476513,34.107812],[-118.476492,34.107783],[-118.476469,34.107756],[-118.476443,34.107732],[-118.476405,34.107762],[-118.475939,34.108019],[-118.475957,34.108043]]]},"properties":{"APN":"4377-050-014","SitusFullAddress":"2163 RAVENSFIELD LN LOS ANGELES CA 90077"}},{"type":"Feature","geometry":{"type":"Polygon","coordinates":[[[-118.476049,34.108419],[-118.47605,34.108512],[-118.476491,34.108406],[-118.476542,34.108394],[-118.476532,34.108358],[-118.476527,34.108322],[-118.476525,34.108285],[-118.476529,34.108248],[-118.476541,34.108166],[-118.476489,34.108161],[-118.476037,34.108225],[-118.476044,34.108267],[-118.476047,34.108309],[-118.476049,34.108419]]]},"properties":{"APN":"4377-050-015","SitusFullAddress":"2173 RAVENSFIELD LN LOS ANGELES CA 90077"}},{"type":"Feature","geometry":{"type":"Polygon","coordinates":[[[-118.47613,34.108753],[-118.476165,34.108786],[-118.476203,34.108814],[-118.47631,34.1088],[-118.476355,34.108754],[-118.476404,34.108711],[-118.476457,34.108674],[-118.476477,34.108661],[-118.476547,34.108619],[-118.476564,34.108531],[-118.476607,34.108506],[-118.476581,34.108471],[-118.476559,34.108434],[-118.476542,34.108394],[-118.476491,34.108406],[-118.47605,34.108512],[-118.476051,34.108564],[-118.476052,34.108575],[-118.476053,34.108591],[-118.47606,34.108627],[-118.476071,34.108661],[-118.476087,34.108695],[-118.476107,34.108725],[-118.47613,34.108753]]]},"properties":{"APN":"4377-050-016","SitusFullAddress":"2187 W RAVENSFIELD LANE LOS ANGELES CA 90049"}},{"type":"Feature","geometry":{"type":"Polygon","coordinates":[[[-118.478222,34.107825],[-118.47867,34.108018],[-118.478126,34.1073],[-118.478213,34.106841],[-118.478186,34.106316],[-118.477871,34.10589],[-118.477338,34.10602],[-118.475498,34.106271],[-118.475296,34.106299],[-118.474861,34.10691],[-118.474816,34.106972],[-118.474825,34.106985],[-118.474832,34.106998],[-118.474837,34.107013],[-118.474838,34.107028],[-118.474838,34.107043],[-118.474834,34.107058],[-118.474829,34.107072],[-118.474826,34.107076],[-118.474811,34.107101],[-118.47478,34.107145],[-118.474743,34.107185],[-118.474701,34.107219],[-118.474655,34.107248],[-118.474648,34.107251],[-118.474614,34.107272],[-118.474582,34.107297],[-118.474555,34.107326],[-118.474532,34.107359],[-118.47448,34.107446],[-118.475054,34.107608],[-118.475061,34.107594],[-118.47507,34.107581],[-118.475081,34.10757],[-118.475093,34.107561],[-118.475041,34.107508],[-118.475646,34.10713],[-118.476216,34.106669],[-118.476457,34.106877],[-118.476641,34.107035],[-118.476848,34.107212],[-118.477056,34.107391],[-118.477322,34.107458],[-118.477654,34.107542],[-118.478222,34.107825]]]},"properties":{"APN":"4377-050-017","SitusFullAddress":""}},{"type":"Feature","geometry":{"type":"Polygon","coordinates":[[[-118.478479,34.108753],[-118.478501,34.108773],[-118.478543,34.108807],[-118.478813,34.108054],[-118.47867,34.108018],[-118.478222,34.107825],[-118.47799,34.108397],[-118.47805,34.108419],[-118.478108,34.108446],[-118.478163,34.108478],[-118.478215,34.108514],[-118.478264,34.108555],[-118.478479,34.108753]]]},"properties":{"APN":"4377-050-018","SitusFullAddress":""}},{"type":"Feature","geometry":{"type":"Polygon","coordinates":[[[-118.470099,34.122076],[-118.470699,34.122075],[-118.470965,34.121577],[-118.470998,34.121323],[-118.47104,34.121004],[-118.471229,34.12073],[-118.47142,34.120451],[-118.471684,34.120215],[-118.471858,34.120188],[-118.472007,34.120083],[-118.472019,34.120075],[-118.472307,34.119895],[-118.472572,34.119729],[-118.472692,34.119654],[-118.47276,34.119729],[-118.47278,34.119751],[-118.472813,34.119729],[-118.473046,34.119576],[-118.473273,34.119418],[-118.473467,34.119202],[-118.473657,34.11899],[-118.473796,34.118835],[-118.473743,34.118608],[-118.473682,34.118351],[-118.473583,34.118188],[-118.473376,34.118018],[-118.473119,34.117806],[-118.472332,34.117197],[-118.472,34.115545],[-118.471924,34.115165],[-118.471847,34.114785],[-118.471241,34.114404],[-118.471677,34.11399],[-118.471666,34.113977],[-118.471182,34.11334],[-118.471339,34.113191],[-118.471995,34.112568],[-118.472152,34.112419],[-118.470891,34.112767],[-118.470239,34.112947],[-118.47045,34.113978],[-118.470605,34.114733],[-118.469021,34.116109],[-118.469684,34.11702],[-118.469566,34.117518],[-118.468628,34.118082],[-118.469511,34.118776],[-118.469654,34.118889],[-118.469769,34.119732],[-118.469773,34.119762],[-118.469748,34.119763],[-118.469139,34.11978],[-118.468988,34.119902],[-118.46862,34.1202],[-118.468654,34.120651],[-118.470077,34.122076],[-118.470099,34.122076]]]},"properties":{"APN":"4378-001-904","SitusFullAddress":""}},{"type":"Feature","geometry":{"type":"Polygon","coordinates":[[[-118.47485,34.12547],[-118.474948,34.125529],[-118.475744,34.12468],[-118.475765,34.12459],[-118.476155,34.124093],[-118.476173,34.12407],[-118.476124,34.123702],[-118.476162,34.123471],[-118.476742,34.123226],[-118.476996,34.123167],[-118.477576,34.122549],[-118.477588,34.122537],[-118.477595,34.122529],[-118.477636,34.122487],[-118.477671,34.122454],[-118.477711,34.122425],[-118.477752,34.1224],[-118.477797,34.122379],[-118.477844,34.122363],[-118.477891,34.122351],[-118.478021,34.12213],[-118.478155,34.122099],[-118.478276,34.122071],[-118.478338,34.121956],[-118.477842,34.121943],[-118.47785,34.120465],[-118.478786,34.119885],[-118.478962,34.119777],[-118.479135,34.119721],[-118.480431,34.119308],[-118.479702,34.118127],[-118.481362,34.116369],[-118.480077,34.115241],[-118.480011,34.114967],[-118.480818,34.114452],[-118.481413,34.114072],[-118.48144,34.113745],[-118.481478,34.113275],[-118.480288,34.112892],[-118.480094,34.113168],[-118.480161,34.113687],[-118.479712,34.114231],[-118.479646,34.114453],[-118.479569,34.114711],[-118.478422,34.115309],[-118.477318,34.116138],[-118.476798,34.116165],[-118.476991,34.116762],[-118.476377,34.1169],[-118.476417,34.117115],[-118.476629,34.117562],[-118.476463,34.117616],[-118.476239,34.117428],[-118.476103,34.117725],[-118.475859,34.117944],[-118.475574,34.11819],[-118.475386,34.11841],[-118.475289,34.118712],[-118.475114,34.118947],[-118.475137,34.119408],[-118.475217,34.119491],[-118.475442,34.119726],[-118.475534,34.119821],[-118.475452,34.11989],[-118.47525,34.12006],[-118.475204,34.120077],[-118.474949,34.120174],[-118.474468,34.120196],[-118.474009,34.120413],[-118.473898,34.120904],[-118.474322,34.121155],[-118.474324,34.12117],[-118.474352,34.121471],[-118.47437,34.121661],[-118.474384,34.121804],[-118.474408,34.122052],[-118.474431,34.122299],[-118.474439,34.122378],[-118.474616,34.122525],[-118.47472,34.122611],[-118.474328,34.123304],[-118.474176,34.123573],[-118.474107,34.123665],[-118.473926,34.123907],[-118.473753,34.123955],[-118.473414,34.124048],[-118.473562,34.124418],[-118.473611,34.124543],[-118.4744,34.12544],[-118.474663,34.125359],[-118.47485,34.12547]]]},"properties":{"APN":"4378-001-907","SitusFullAddress":""}},{"type":"Feature","geometry":{"type":"Polygon","coordinates":[[[-118.474942,34.114789],[-118.475103,34.114823],[-118.475292,34.114598],[-118.475327,34.114557],[-118.475278,34.114529],[-118.475159,34.114466],[-118.475132,34.114451],[-118.475107,34.114434],[-118.475031,34.114444],[-118.475062,34.114469],[-118.474887,34.114633],[-118.474909,34.114782],[-118.474942,34.114789]]]},"properties":{"APN":"4378-037-022","SitusFullAddress":"2408 COBHAM CT LOS ANGELES CA 90077"}},{"type":"Feature","geometry":{"type":"Polygon","coordinates":[[[-118.475234,34.114928],[-118.47524,34.114933],[-118.475417,34.114779],[-118.475514,34.114695],[-118.475451,34.114645],[-118.475432,34.114629],[-118.475381,34.114591],[-118.475327,34.114557],[-118.475292,34.114598],[-118.475103,34.114823],[-118.475234,34.114928]]]},"properties":{"APN":"4378-037-023","SitusFullAddress":"2414 COBHAM CT LOS ANGELES CA 90077"}},{"type":"Feature","geometry":{"type":"Polygon","coordinates":[[[-118.475531,34.115165],[-118.47568,34.115284],[-118.475828,34.114946],[-118.475604,34.114767],[-118.475603,34.114766],[-118.475577,34.114745],[-118.475514,34.114695],[-118.475417,34.114779],[-118.47524,34.114933],[-118.475407,34.115066],[-118.475531,34.115165]]]},"properties":{"APN":"4378-037-024","SitusFullAddress":"2424 COBHAM CT LOS ANGELES CA 90077"}},{"type":"Feature","geometry":{"type":"Polygon","coordinates":[[[-118.475327,34.114557],[-118.475381,34.114591],[-118.475432,34.114629],[-118.475451,34.114645],[-118.475493,34.114608],[-118.475696,34.114431],[-118.475521,34.114291],[-118.475191,34.114423],[-118.475107,34.114434],[-118.475132,34.114451],[-118.475159,34.114466],[-118.475278,34.114529],[-118.475327,34.114557]]]},"properties":{"APN":"4378-037-027","SitusFullAddress":"2411 COBHAM CT LOS ANGELES CA 90077"}},{"type":"Feature","geometry":{"type":"Polygon","coordinates":[[[-118.475696,34.114431],[-118.475764,34.114485],[-118.476004,34.114277],[-118.476046,34.11424],[-118.476019,34.11421],[-118.475995,34.114177],[-118.475975,34.114142],[-118.475964,34.114121],[-118.475906,34.114137],[-118.475521,34.114291],[-118.475696,34.114431]]]},"properties":{"APN":"4378-037-028","SitusFullAddress":"2406 CLAYGATE CT LOS ANGELES CA 90077"}},{"type":"Feature","geometry":{"type":"Polygon","coordinates":[[[-118.475823,34.114532],[-118.475961,34.114643],[-118.476131,34.114534],[-118.476158,34.114506],[-118.476186,34.114478],[-118.47619,34.114473],[-118.476165,34.114453],[-118.476211,34.114414],[-118.476235,34.114393],[-118.476076,34.114266],[-118.476046,34.11424],[-118.476004,34.114277],[-118.475764,34.114485],[-118.475823,34.114532]]]},"properties":{"APN":"4378-037-029","SitusFullAddress":"2412 CLAYGATE CT LOS ANGELES CA 90077"}},{"type":"Feature","geometry":{"type":"Polygon","coordinates":[[[-118.476131,34.114534],[-118.476323,34.114806],[-118.47689,34.114615],[-118.476943,34.114403],[-118.476956,34.114353],[-118.47691,34.114343],[-118.476865,34.114329],[-118.476822,34.11431],[-118.476792,34.114354],[-118.476729,34.114444],[-118.476343,34.114519],[-118.476236,34.114434],[-118.476211,34.114414],[-118.476165,34.114453],[-118.47619,34.114473],[-118.476186,34.114478],[-118.476158,34.114506],[-118.476131,34.114534]]]},"properties":{"APN":"4378-037-030","SitusFullAddress":"2422 CLAYGATE CT LOS ANGELES CA 90077"}},{"type":"Feature","geometry":{"type":"Polygon","coordinates":[[[-118.476236,34.114434],[-118.476343,34.114519],[-118.476729,34.114444],[-118.476792,34.114354],[-118.476822,34.11431],[-118.476784,34.11429],[-118.476748,34.114265],[-118.476716,34.114237],[-118.476686,34.114206],[-118.47666,34.114171],[-118.476606,34.114196],[-118.476333,34.114321],[-118.476303,34.114334],[-118.476235,34.114393],[-118.476211,34.114414],[-118.476236,34.114434]]]},"properties":{"APN":"4378-037-031","SitusFullAddress":"2423 CLAYGATE CT LOS ANGELES CA 90077"}},{"type":"Feature","geometry":{"type":"Polygon","coordinates":[[[-118.476076,34.114266],[-118.476235,34.114393],[-118.476303,34.114334],[-118.476333,34.114321],[-118.476606,34.114196],[-118.47666,34.114171],[-118.47664,34.114138],[-118.476625,34.114102],[-118.476614,34.114065],[-118.476608,34.114027],[-118.476547,34.114032],[-118.476023,34.114105],[-118.475964,34.114121],[-118.475975,34.114142],[-118.475995,34.114177],[-118.476019,34.11421],[-118.476046,34.11424],[-118.476076,34.114266]]]},"properties":{"APN":"4378-037-032","SitusFullAddress":"2415 CLAYGATE CT LOS ANGELES CA 90077"}},{"type":"Feature","geometry":{"type":"Polygon","coordinates":[[[-118.47689,34.114615],[-118.477148,34.114676],[-118.477149,34.114412],[-118.477148,34.114361],[-118.477084,34.114361],[-118.47702,34.114359],[-118.477002,34.114358],[-118.476976,34.114356],[-118.476956,34.114353],[-118.476943,34.114403],[-118.47689,34.114615]]]},"properties":{"APN":"4378-037-051","SitusFullAddress":"2428 BUCKINGHAM LN LOS ANGELES CA 90077"}},{"type":"Feature","geometry":{"type":"Polygon","coordinates":[[[-118.477306,34.114776],[-118.477358,34.114801],[-118.477382,34.114764],[-118.477401,34.114725],[-118.477415,34.114688],[-118.477425,34.114651],[-118.477431,34.114612],[-118.477433,34.11456],[-118.477428,34.114509],[-118.477423,34.114484],[-118.4774,34.114345],[-118.477321,34.114353],[-118.477243,34.114358],[-118.477148,34.114361],[-118.477149,34.114412],[-118.477148,34.114676],[-118.477306,34.114776]]]},"properties":{"APN":"4378-037-052","SitusFullAddress":"2434 BUCKINGHAM LN LOS ANGELES CA 90077"}},{"type":"Feature","geometry":{"type":"Polygon","coordinates":[[[-118.477197,34.114906],[-118.477247,34.114935],[-118.477333,34.114834],[-118.477338,34.114827],[-118.47734,34.114826],[-118.477358,34.114801],[-118.477306,34.114776],[-118.477148,34.114676],[-118.47689,34.114615],[-118.476878,34.114718],[-118.477197,34.114906]]]},"properties":{"APN":"4378-037-053","SitusFullAddress":"2518 CARDIGAN CT LOS ANGELES CA 90077"}},{"type":"Feature","geometry":{"type":"Polygon","coordinates":[[[-118.476942,34.115092],[-118.477056,34.115159],[-118.477141,34.11506],[-118.477239,34.114945],[-118.477247,34.114935],[-118.477197,34.114906],[-118.476878,34.114718],[-118.476842,34.115033],[-118.476942,34.115092]]]},"properties":{"APN":"4378-037-054","SitusFullAddress":"2530 CARDIGAN CT LOS ANGELES CA 90077"}},{"type":"Feature","geometry":{"type":"Polygon","coordinates":[[[-118.477289,34.114974],[-118.477668,34.115197],[-118.477801,34.115097],[-118.47739,34.114854],[-118.47734,34.114826],[-118.477338,34.114827],[-118.477333,34.114834],[-118.477247,34.114935],[-118.477239,34.114945],[-118.477289,34.114974]]]},"properties":{"APN":"4378-037-058","SitusFullAddress":"2521 CARDIGAN CT LOS ANGELES CA 90077"}},{"type":"Feature","geometry":{"type":"Polygon","coordinates":[[[-118.47739,34.114854],[-118.477801,34.115097],[-118.478013,34.11494],[-118.478006,34.114918],[-118.477459,34.114742],[-118.477401,34.114725],[-118.477382,34.114764],[-118.477358,34.114801],[-118.47734,34.114826],[-118.47739,34.114854]]]},"properties":{"APN":"4378-037-059","SitusFullAddress":"2515 CARDIGAN CT LOS ANGELES CA 90077"}},{"type":"Feature","geometry":{"type":"Polygon","coordinates":[[[-118.477459,34.114742],[-118.478006,34.114918],[-118.47792,34.114667],[-118.477492,34.114617],[-118.477431,34.114612],[-118.477425,34.114651],[-118.477415,34.114688],[-118.477401,34.114725],[-118.477459,34.114742]]]},"properties":{"APN":"4378-037-060","SitusFullAddress":"2509 CARDIGAN CT LOS ANGELES CA 90077"}},{"type":"Feature","geometry":{"type":"Polygon","coordinates":[[[-118.477519,34.114328],[-118.477521,34.114335],[-118.477528,34.114334],[-118.47809,34.114285],[-118.47779,34.113987],[-118.477561,34.114035],[-118.4776,34.114261],[-118.477516,34.114277],[-118.477507,34.114278],[-118.477519,34.114328]]]},"properties":{"APN":"4378-037-063","SitusFullAddress":"2447 BUCKINGHAM LN LOS ANGELES CA 90077"}},{"type":"Feature","geometry":{"type":"Polygon","coordinates":[[[-118.477415,34.114292],[-118.477425,34.114342],[-118.477519,34.114328],[-118.477507,34.114278],[-118.477516,34.114277],[-118.4776,34.114261],[-118.477561,34.114035],[-118.477373,34.114044],[-118.477415,34.114292]]]},"properties":{"APN":"4378-037-064","SitusFullAddress":"2443 BUCKINGHAM LN LOS ANGELES CA 90077"}},{"type":"Feature","geometry":{"type":"Polygon","coordinates":[[[-118.477234,34.114308],[-118.477243,34.114358],[-118.477321,34.114353],[-118.4774,34.114345],[-118.477425,34.114342],[-118.477415,34.114292],[-118.477373,34.114044],[-118.477191,34.114054],[-118.477234,34.114308]]]},"properties":{"APN":"4378-037-065","SitusFullAddress":"2437 BUCKINGHAM LN LOS ANGELES CA 90077"}},{"type":"Feature","geometry":{"type":"Polygon","coordinates":[[[-118.477002,34.114358],[-118.47702,34.114359],[-118.477084,34.114361],[-118.477148,34.114361],[-118.477243,34.114358],[-118.477234,34.114308],[-118.477191,34.114054],[-118.47707,34.11406],[-118.476985,34.114306],[-118.476976,34.114356],[-118.477002,34.114358]]]},"properties":{"APN":"4378-037-066","SitusFullAddress":"2431 BUCKINGHAM LN LOS ANGELES CA 90077"}},{"type":"Feature","geometry":{"type":"Polygon","coordinates":[[[-118.476956,34.114353],[-118.476976,34.114356],[-118.476985,34.114306],[-118.47707,34.11406],[-118.476681,34.11408],[-118.476673,34.114052],[-118.476669,34.114023],[-118.476608,34.114027],[-118.476614,34.114065],[-118.476625,34.114102],[-118.47664,34.114138],[-118.47666,34.114171],[-118.476686,34.114206],[-118.476716,34.114237],[-118.476748,34.114265],[-118.476784,34.11429],[-118.476822,34.11431],[-118.476865,34.114329],[-118.47691,34.114343],[-118.476956,34.114353]]]},"properties":{"APN":"4378-037-067","SitusFullAddress":"2419 BUCKINGHAM LN LOS ANGELES CA 90077"}}]}