{"type":"FeatureCollection","source":"https://services5.arcgis.com/wXYNaciObHUosEnt/arcgis/rest/services/Marin_County_Parcel/FeatureServer/0","retrieved":"2026-09-25","features":[{"type":"Feature","geometry":{"type":"Polygon","coordinates":[[[-122.546646,37.899905],[-122.546646,37.899905],[-122.546646,37.899905],[-122.546873,37.899918],[-122.546873,37.899918],[-122.546902,37.899919],[-122.546938,37.899921],[-122.547223,37.899937],[-122.547223,37.899937],[-122.547218,37.899938],[-122.547218,37.899938],[-122.546812,37.900044],[-122.546653,37.90002],[-122.546646,37.899907],[-122.546646,37.899907],[-122.546646,37.899905]]]},"properties":{"prop_id":"047-121-14","situsforma":"","situsfor_2":""}},{"type":"Feature","geometry":{"type":"Polygon","coordinates":[[[-122.542365,37.901278],[-122.542369,37.901277],[-122.542371,37.90128],[-122.542491,37.901426],[-122.542604,37.901563],[-122.542592,37.901572],[-122.542478,37.90165],[-122.542337,37.901517],[-122.542203,37.901392],[-122.542365,37.901278]]]},"properties":{"prop_id":"028-181-04","situsforma":"12 UNA WAY","situsfor_2":"12 UNA WAY  MILL VALLEY"}},{"type":"Feature","geometry":{"type":"Polygon","coordinates":[[[-122.534549,37.901673],[-122.534437,37.901753],[-122.534426,37.901744],[-122.534556,37.901651],[-122.534567,37.90166],[-122.534549,37.901673]]]},"properties":{"prop_id":"030-032-23","situsforma":"","situsfor_2":""}},{"type":"Feature","geometry":{"type":"Polygon","coordinates":[[[-122.563127,37.917594],[-122.562927,37.917558],[-122.563009,37.917507],[-122.563096,37.917297],[-122.563173,37.916983],[-122.563394,37.916748],[-122.563645,37.916769],[-122.563745,37.916951],[-122.563721,37.917301],[-122.563674,37.917535],[-122.563709,37.917696],[-122.563527,37.917664],[-122.563127,37.917594]]]},"properties":{"prop_id":"027-066-22","situsforma":"4 WALDEN LN","situsfor_2":"4 WALDEN LN  MILL VALLEY"}},{"type":"Feature","geometry":{"type":"Polygon","coordinates":[[[-122.556922,37.907938],[-122.557407,37.907593],[-122.557409,37.907592],[-122.557611,37.907459],[-122.557617,37.907465],[-122.55768,37.907522],[-122.557847,37.907673],[-122.557844,37.907675],[-122.557771,37.907726],[-122.557753,37.907711],[-122.557608,37.907821],[-122.557615,37.907828],[-122.557631,37.907844],[-122.557627,37.907847],[-122.557178,37.908179],[-122.556922,37.907938]]]},"properties":{"prop_id":"027-214-11","situsforma":"471 THROCKMORTON AVE","situsfor_2":"471 THROCKMORTON AVE  MILL VALLEY"}},{"type":"Feature","geometry":{"type":"Polygon","coordinates":[[[-122.561593,37.905065],[-122.561421,37.904938],[-122.561453,37.904846],[-122.561434,37.904764],[-122.56155,37.904854],[-122.561719,37.904727],[-122.561808,37.904703],[-122.561888,37.904682],[-122.561885,37.904751],[-122.561884,37.904776],[-122.561962,37.904843],[-122.561593,37.905065]]]},"properties":{"prop_id":"027-251-26","situsforma":"339 HAZEL AVE","situsfor_2":"339 HAZEL AVE  MILL VALLEY"}},{"type":"Feature","geometry":{"type":"Polygon","coordinates":[[[-122.552439,37.901566],[-122.552458,37.901382],[-122.552743,37.901349],[-122.552612,37.90158],[-122.552439,37.901566]]]},"properties":{"prop_id":"028-154-11","situsforma":"190 EDGEWOOD AVE","situsfor_2":"190 EDGEWOOD AVE  MILL VALLEY"}},{"type":"Feature","geometry":{"type":"Polygon","coordinates":[[[-122.548995,37.910319],[-122.549118,37.91027],[-122.549143,37.910298],[-122.549161,37.910318],[-122.549168,37.910338],[-122.549174,37.910364],[-122.54919,37.910389],[-122.549193,37.910402],[-122.549189,37.910425],[-122.549179,37.910451],[-122.549175,37.910475],[-122.549175,37.910478],[-122.549061,37.910523],[-122.548995,37.910319]]]},"properties":{"prop_id":"029-052-15","situsforma":"","situsfor_2":""}},{"type":"Feature","geometry":{"type":"Polygon","coordinates":[[[-122.547941,37.897215],[-122.54796,37.897156],[-122.547991,37.897161],[-122.548092,37.897061],[-122.548109,37.897083],[-122.54823,37.896973],[-122.548232,37.896972],[-122.548232,37.896974],[-122.54825,37.897012],[-122.548337,37.89721],[-122.548337,37.897211],[-122.548242,37.89735],[-122.547948,37.897333],[-122.547986,37.897224],[-122.547941,37.897215]]]},"properties":{"prop_id":"047-132-36","situsforma":"361 MONTFORD AVE","situsfor_2":"361 MONTFORD AVE  MILL VALLEY"}},{"type":"Feature","geometry":{"type":"Polygon","coordinates":[[[-122.545441,37.906529],[-122.545663,37.906359],[-122.545785,37.906452],[-122.545559,37.906628],[-122.545558,37.906628],[-122.545465,37.906551],[-122.54544,37.90653],[-122.545441,37.906529]]]},"properties":{"prop_id":"028-016-03","situsforma":"27 E BLITHEDALE AVE","situsfor_2":"27 E BLITHEDALE AVE  MILL VALLEY"}},{"type":"Feature","geometry":{"type":"Polygon","coordinates":[[[-122.543128,37.90567],[-122.543303,37.90567],[-122.543303,37.906008],[-122.543126,37.906007],[-122.543128,37.90567]]]},"properties":{"prop_id":"029-185-05","situsforma":"94 SUNNYSIDE AVE","situsfor_2":"94 SUNNYSIDE AVE  MILL VALLEY"}},{"type":"Feature","geometry":{"type":"Polygon","coordinates":[[[-122.529277,37.909585],[-122.529256,37.909574],[-122.529335,37.909348],[-122.529826,37.909441],[-122.529824,37.909456],[-122.529824,37.909457],[-122.529824,37.909459],[-122.529817,37.909492],[-122.529817,37.909492],[-122.529817,37.909493],[-122.529807,37.909526],[-122.529806,37.909527],[-122.529806,37.909527],[-122.529806,37.909527],[-122.529792,37.90956],[-122.529792,37.909561],[-122.529792,37.909561],[-122.529791,37.909561],[-122.529774,37.909593],[-122.529773,37.909593],[-122.529773,37.909594],[-122.529752,37.909624],[-122.529751,37.909625],[-122.52975,37.909625],[-122.529726,37.909654],[-122.529725,37.909655],[-122.529725,37.909655],[-122.529697,37.909682],[-122.529697,37.909683],[-122.529696,37.909683],[-122.529665,37.909708],[-122.529665,37.909709],[-122.529664,37.909709],[-122.52963,37.909732],[-122.52963,37.909732],[-122.529629,37.909733],[-122.529593,37.909754],[-122.529277,37.909585]]]},"properties":{"prop_id":"033-193-07","situsforma":"16 OVERHILL RD","situsfor_2":"16 OVERHILL RD  MILL VALLEY"}},{"type":"Feature","geometry":{"type":"Polygon","coordinates":[[[-122.540289,37.903388],[-122.540289,37.903379],[-122.54046,37.903379],[-122.540466,37.903379],[-122.54046,37.903719],[-122.54029,37.903718],[-122.540289,37.903388]]]},"properties":{"prop_id":"028-032-28","situsforma":"280 E BLITHEDALE AVE","situsfor_2":"280 E BLITHEDALE AVE  MILL VALLEY"}},{"type":"Feature","geometry":{"type":"Polygon","coordinates":[[[-122.53295,37.898845],[-122.532832,37.89894],[-122.532521,37.898699],[-122.532642,37.898604],[-122.53295,37.898845]]]},"properties":{"prop_id":"030-061-11","situsforma":"25 NELSON AVE","situsfor_2":"25 NELSON AVE  MILL VALLEY"}},{"type":"Feature","geometry":{"type":"Polygon","coordinates":[[[-122.547024,37.908548],[-122.54703,37.908493],[-122.546971,37.908436],[-122.547332,37.908379],[-122.547352,37.908499],[-122.547024,37.908548]]]},"properties":{"prop_id":"029-102-05","situsforma":"40 HILLSIDE AVE","situsfor_2":"40 HILLSIDE AVE  MILL VALLEY"}},{"type":"Feature","geometry":{"type":"Polygon","coordinates":[[[-122.538007,37.899706],[-122.538035,37.899687],[-122.538148,37.89979],[-122.538147,37.89979],[-122.538121,37.899808],[-122.538007,37.899706]]]},"properties":{"prop_id":"028-222-84","situsforma":"","situsfor_2":""}},{"type":"Feature","geometry":{"type":"Polygon","coordinates":[[[-122.531003,37.924666],[-122.530996,37.924638],[-122.531132,37.924667],[-122.53113,37.924692],[-122.531003,37.924666]]]},"properties":{"prop_id":"025-034-12","situsforma":"","situsfor_2":""}},{"type":"Feature","geometry":{"type":"Polygon","coordinates":[[[-122.546464,37.9044],[-122.546598,37.904422],[-122.546597,37.904485],[-122.546568,37.904514],[-122.546391,37.904445],[-122.546207,37.904389],[-122.546196,37.904386],[-122.545798,37.904303],[-122.545924,37.904092],[-122.545971,37.904213],[-122.546048,37.904104],[-122.546464,37.9044]]]},"properties":{"prop_id":"028-064-08","situsforma":"77 MILLER AVE","situsfor_2":"77 MILLER AVE  MILL VALLEY"}},{"type":"Feature","geometry":{"type":"Polygon","coordinates":[[[-122.548332,37.906963],[-122.548466,37.907101],[-122.548192,37.907285],[-122.54805,37.907157],[-122.548332,37.906963]]]},"properties":{"prop_id":"028-012-15","situsforma":"25 CORTE MADERA AVE","situsfor_2":"25 CORTE MADERA AVE  MILL VALLEY"}},{"type":"Feature","geometry":{"type":"Polygon","coordinates":[[[-122.54924,37.906145],[-122.549371,37.906059],[-122.549546,37.906217],[-122.549407,37.906302],[-122.549398,37.906308],[-122.549229,37.906152],[-122.54924,37.906145]]]},"properties":{"prop_id":"028-056-10","situsforma":"16 MADRONA ST","situsfor_2":"16 MADRONA ST  MILL VALLEY"}},{"type":"Feature","geometry":{"type":"Polygon","coordinates":[[[-122.531887,37.89858],[-122.531916,37.898148],[-122.531933,37.898149],[-122.531934,37.89815],[-122.531934,37.89815],[-122.53195,37.89815],[-122.531952,37.89815],[-122.531952,37.89815],[-122.531968,37.898149],[-122.53197,37.898149],[-122.531971,37.898149],[-122.531986,37.898147],[-122.531987,37.898147],[-122.531989,37.898147],[-122.532004,37.898144],[-122.532005,37.898144],[-122.532006,37.898143],[-122.532021,37.89814],[-122.532022,37.898139],[-122.532023,37.898139],[-122.532038,37.898134],[-122.532038,37.898134],[-122.532039,37.898134],[-122.532054,37.898128],[-122.532054,37.898127],[-122.532055,37.898127],[-122.53222,37.898394],[-122.532213,37.898401],[-122.532092,37.898503],[-122.531957,37.898619],[-122.531887,37.89858]]]},"properties":{"prop_id":"030-062-39","situsforma":"52 VALLEY CIR","situsfor_2":"52 VALLEY CIR  MILL VALLEY"}},{"type":"Feature","geometry":{"type":"Polygon","coordinates":[[[-122.542384,37.894044],[-122.542818,37.894182],[-122.54275,37.894272],[-122.542472,37.894389],[-122.542216,37.894449],[-122.542008,37.894486],[-122.542384,37.894044]]]},"properties":{"prop_id":"048-031-38","situsforma":"215 LAVERNE AVE","situsfor_2":"215 LAVERNE AVE  MILL VALLEY"}},{"type":"Feature","geometry":{"type":"Polygon","coordinates":[[[-122.544023,37.904563],[-122.544051,37.904523],[-122.544078,37.904485],[-122.544396,37.904631],[-122.54434,37.904711],[-122.544023,37.904563]]]},"properties":{"prop_id":"028-024-14","situsforma":"12 HILL ST","situsfor_2":"12 HILL ST  MILL VALLEY"}},{"type":"Feature","geometry":{"type":"Polygon","coordinates":[[[-122.566569,37.903678],[-122.566601,37.903458],[-122.56692,37.903578],[-122.567085,37.903637],[-122.567031,37.903898],[-122.567007,37.90389],[-122.566867,37.903845],[-122.566572,37.90375],[-122.566563,37.903713],[-122.566569,37.903678]]]},"properties":{"prop_id":"045-131-23","situsforma":"659 EDGEWOOD AVE","situsfor_2":"659 EDGEWOOD AVE  MILL VALLEY"}},{"type":"Feature","geometry":{"type":"Polygon","coordinates":[[[-122.561442,37.899664],[-122.561809,37.899588],[-122.561867,37.899772],[-122.561712,37.899815],[-122.561632,37.899874],[-122.56164,37.899995],[-122.561682,37.900116],[-122.56162,37.900149],[-122.56162,37.900149],[-122.561611,37.900154],[-122.561438,37.899664],[-122.561442,37.899664],[-122.561442,37.899664]]]},"properties":{"prop_id":"046-173-02","situsforma":"172 LONE TREE AVE","situsfor_2":"172 LONE TREE AVE  MILL VALLEY"}},{"type":"Feature","geometry":{"type":"Polygon","coordinates":[[[-122.529515,37.900398],[-122.529834,37.90046],[-122.529828,37.900475],[-122.529778,37.90061],[-122.529644,37.900573],[-122.529542,37.900538],[-122.52954,37.900537],[-122.529539,37.900537],[-122.529535,37.900536],[-122.529534,37.900535],[-122.529533,37.900535],[-122.52953,37.900533],[-122.529529,37.900533],[-122.529528,37.900532],[-122.529525,37.900531],[-122.529523,37.90053],[-122.529523,37.90053],[-122.529522,37.900529],[-122.529519,37.900528],[-122.529518,37.900527],[-122.529518,37.900527],[-122.529517,37.900527],[-122.529513,37.900523],[-122.529509,37.90052],[-122.529509,37.90052],[-122.529509,37.90052],[-122.529507,37.900519],[-122.529505,37.900517],[-122.529505,37.900516],[-122.529504,37.900516],[-122.529504,37.900515],[-122.529501,37.900512],[-122.529501,37.900511],[-122.5295,37.90051],[-122.529498,37.900508],[-122.529498,37.900507],[-122.529497,37.900506],[-122.529496,37.900503],[-122.529495,37.900502],[-122.529495,37.900501],[-122.529493,37.900499],[-122.529493,37.900497],[-122.529493,37.900497],[-122.529492,37.900496],[-122.529492,37.900494],[-122.529491,37.900492],[-122.529491,37.900492],[-122.529491,37.900492],[-122.52949,37.900487],[-122.529495,37.900474],[-122.529515,37.900398]]]},"properties":{"prop_id":"030-043-37","situsforma":"121 RYAN AVE","situsfor_2":"121 RYAN AVE  MILL VALLEY"}},{"type":"Feature","geometry":{"type":"Polygon","coordinates":[[[-122.538187,37.897978],[-122.538407,37.898187],[-122.538222,37.898304],[-122.538005,37.898106],[-122.538187,37.897978]]]},"properties":{"prop_id":"028-213-14","situsforma":"340 MILLER AVE","situsfor_2":"340 MILLER AVE  MILL VALLEY"}},{"type":"Feature","geometry":{"type":"Polygon","coordinates":[[[-122.531975,37.897665],[-122.53209,37.89775],[-122.531832,37.897968],[-122.531705,37.897878],[-122.531964,37.897657],[-122.531975,37.897665]]]},"properties":{"prop_id":"030-063-05","situsforma":"41 VALLEY CIR","situsfor_2":"41 VALLEY CIR  MILL VALLEY"}},{"type":"Feature","geometry":{"type":"Polygon","coordinates":[[[-122.532529,37.92605],[-122.532697,37.92597],[-122.532873,37.926197],[-122.532705,37.926277],[-122.532705,37.926277],[-122.532682,37.92625],[-122.532609,37.926165],[-122.532529,37.92605]]]},"properties":{"prop_id":"025-012-09","situsforma":"30 CRESCENT RD","situsfor_2":"30 CRESCENT RD  CORTE MADERA"}},{"type":"Feature","geometry":{"type":"Polygon","coordinates":[[[-122.553028,37.908241],[-122.552896,37.908168],[-122.5532,37.907747],[-122.553229,37.90794],[-122.553257,37.908135],[-122.553198,37.908474],[-122.553028,37.908241]]]},"properties":{"prop_id":"029-095-34","situsforma":"95 CORNELIA AVE","situsfor_2":"95 CORNELIA AVE  MILL VALLEY"}},{"type":"Feature","geometry":{"type":"Polygon","coordinates":[[[-122.531678,37.927002],[-122.531432,37.927174],[-122.531429,37.927171],[-122.531273,37.927022],[-122.53154,37.92685],[-122.531569,37.926914],[-122.531678,37.927002]]]},"properties":{"prop_id":"025-011-28","situsforma":"37 CORTE MADERA AVE 1","situsfor_2":"37 CORTE MADERA AVE 1 CORTE MADERA"}},{"type":"Feature","geometry":{"type":"Polygon","coordinates":[[[-122.533884,37.901347],[-122.534141,37.901454],[-122.534003,37.901546],[-122.53365,37.90139],[-122.533781,37.9013],[-122.533884,37.901347]]]},"properties":{"prop_id":"030-034-12","situsforma":"228 ELM AVE","situsfor_2":"228 ELM AVE  MILL VALLEY"}},{"type":"Feature","geometry":{"type":"Polygon","coordinates":[[[-122.533276,37.923308],[-122.533196,37.923251],[-122.533616,37.92283],[-122.533648,37.923041],[-122.533696,37.923185],[-122.533815,37.923298],[-122.533846,37.923311],[-122.533974,37.923354],[-122.533977,37.923365],[-122.533686,37.923467],[-122.533655,37.923429],[-122.533619,37.923351],[-122.533599,37.923354],[-122.533311,37.923395],[-122.533276,37.923308]]]},"properties":{"prop_id":"025-084-17","situsforma":"640 REDWOOD AVE","situsfor_2":"640 REDWOOD AVE  CORTE MADERA"}},{"type":"Feature","geometry":{"type":"Polygon","coordinates":[[[-122.555658,37.911874],[-122.555419,37.911957],[-122.555204,37.911942],[-122.554996,37.911927],[-122.555025,37.911715],[-122.555196,37.911731],[-122.555249,37.911793],[-122.55549,37.911666],[-122.555658,37.911874]]]},"properties":{"prop_id":"027-181-53","situsforma":"370 SUMMIT AVE","situsfor_2":"370 SUMMIT AVE  MILL VALLEY"}},{"type":"Feature","geometry":{"type":"Polygon","coordinates":[[[-122.54416,37.909448],[-122.54434,37.909012],[-122.544729,37.909152],[-122.544865,37.909229],[-122.544753,37.909426],[-122.54449,37.909417],[-122.544484,37.909418],[-122.54416,37.909448]]]},"properties":{"prop_id":"029-103-60","situsforma":"255 HILLSIDE AVE","situsfor_2":"255 HILLSIDE AVE  MILL VALLEY"}},{"type":"Feature","geometry":{"type":"Polygon","coordinates":[[[-122.548332,37.906963],[-122.548266,37.906897],[-122.548439,37.906788],[-122.548481,37.906828],[-122.548443,37.906852],[-122.548496,37.906904],[-122.548606,37.90701],[-122.548466,37.907101],[-122.548332,37.906963]]]},"properties":{"prop_id":"028-012-03","situsforma":"15 LOVELL AVE","situsfor_2":"15 LOVELL AVE  MILL VALLEY"}},{"type":"Feature","geometry":{"type":"Polygon","coordinates":[[[-122.567651,37.904247],[-122.567595,37.904402],[-122.567568,37.904394],[-122.56754,37.904386],[-122.567521,37.90438],[-122.5675,37.904448],[-122.567307,37.90442],[-122.567242,37.904325],[-122.567236,37.904317],[-122.567223,37.904292],[-122.567134,37.90412],[-122.567028,37.903929],[-122.567381,37.904042],[-122.567551,37.904097],[-122.567691,37.904142],[-122.567701,37.904115],[-122.56771,37.904096],[-122.568032,37.90412],[-122.568057,37.904227],[-122.56831,37.904322],[-122.568117,37.904427],[-122.568043,37.904465],[-122.567824,37.904279],[-122.567732,37.904311],[-122.567651,37.904247]]]},"properties":{"prop_id":"045-113-46","situsforma":"689 EDGEWOOD AVE","situsfor_2":"689 EDGEWOOD AVE  MILL VALLEY"}},{"type":"Feature","geometry":{"type":"Polygon","coordinates":[[[-122.549642,37.905876],[-122.549923,37.906155],[-122.54979,37.90624],[-122.54951,37.905968],[-122.549642,37.905876]]]},"properties":{"prop_id":"028-055-31","situsforma":"19 MADRONA ST","situsfor_2":"19 MADRONA ST  MILL VALLEY"}},{"type":"Feature","geometry":{"type":"Polygon","coordinates":[[[-122.557404,37.909624],[-122.556944,37.909192],[-122.557125,37.908971],[-122.557362,37.909132],[-122.557321,37.909163],[-122.557423,37.909246],[-122.557414,37.909282],[-122.557372,37.909362],[-122.557547,37.909463],[-122.557404,37.909624]]]},"properties":{"prop_id":"027-213-17","situsforma":"281 LOVELL AVE","situsfor_2":"281 LOVELL AVE  MILL VALLEY"}},{"type":"Feature","geometry":{"type":"Polygon","coordinates":[[[-122.533319,37.898543],[-122.533433,37.898451],[-122.533435,37.898452],[-122.533778,37.898717],[-122.533666,37.89881],[-122.533321,37.898545],[-122.533319,37.898543]]]},"properties":{"prop_id":"030-058-06","situsforma":"22 AMICITA AVE","situsfor_2":"22 AMICITA AVE  MILL VALLEY"}},{"type":"Feature","geometry":{"type":"Polygon","coordinates":[[[-122.541835,37.90842],[-122.541814,37.908301],[-122.542122,37.908375],[-122.542114,37.908263],[-122.542212,37.908287],[-122.542464,37.908348],[-122.542465,37.908285],[-122.542565,37.908285],[-122.54257,37.908394],[-122.542135,37.908288],[-122.542163,37.908541],[-122.541839,37.90844],[-122.541835,37.90842]]]},"properties":{"prop_id":"029-114-24","situsforma":"126 OAKDALE AVE","situsfor_2":"126 OAKDALE AVE  MILL VALLEY"}},{"type":"Feature","geometry":{"type":"Polygon","coordinates":[[[-122.551421,37.913502],[-122.551124,37.913702],[-122.551056,37.913596],[-122.551345,37.913398],[-122.551421,37.913502]]]},"properties":{"prop_id":"029-042-03","situsforma":"225 W BLITHEDALE AVE","situsfor_2":"225 W BLITHEDALE AVE  MILL VALLEY"}},{"type":"Feature","geometry":{"type":"Polygon","coordinates":[[[-122.549638,37.897832],[-122.549556,37.897498],[-122.549764,37.897476],[-122.550046,37.897591],[-122.550152,37.897655],[-122.550493,37.897564],[-122.550564,37.897509],[-122.550706,37.89747],[-122.550739,37.897554],[-122.550116,37.897721],[-122.549869,37.897945],[-122.549816,37.897919],[-122.549638,37.897832]]]},"properties":{"prop_id":"047-112-61","situsforma":"430 LAVERNE AVE","situsfor_2":"430 LAVERNE AVE  MILL VALLEY"}},{"type":"Feature","geometry":{"type":"Polygon","coordinates":[[[-122.539122,37.89792],[-122.53944,37.898198],[-122.539195,37.898376],[-122.538903,37.898211],[-122.538808,37.898063],[-122.539122,37.89792]]]},"properties":{"prop_id":"028-214-09","situsforma":"465 MOLINO AVE A","situsfor_2":"465 MOLINO AVE A MILL VALLEY"}},{"type":"Feature","geometry":{"type":"Polygon","coordinates":[[[-122.562394,37.902189],[-122.562402,37.902116],[-122.562216,37.902141],[-122.562274,37.901921],[-122.562294,37.901848],[-122.562358,37.901597],[-122.562358,37.901596],[-122.562358,37.901596],[-122.562358,37.901596],[-122.562365,37.901596],[-122.562568,37.901571],[-122.562725,37.901552],[-122.562724,37.901554],[-122.562724,37.901554],[-122.562563,37.902147],[-122.562394,37.902189]]]},"properties":{"prop_id":"045-222-13","situsforma":"60 MONO WAY","situsfor_2":"60 MONO WAY  MILL VALLEY"}},{"type":"Feature","geometry":{"type":"Polygon","coordinates":[[[-122.567814,37.904636],[-122.567819,37.904633],[-122.568087,37.904493],[-122.568284,37.904648],[-122.568112,37.904754],[-122.568111,37.904778],[-122.567814,37.904636]]]},"properties":{"prop_id":"045-111-10","situsforma":"","situsfor_2":""}},{"type":"Feature","geometry":{"type":"Polygon","coordinates":[[[-122.537334,37.928526],[-122.537709,37.928315],[-122.537709,37.928315],[-122.53774,37.928317],[-122.537811,37.92832],[-122.537966,37.928345],[-122.537859,37.928511],[-122.537857,37.928516],[-122.537857,37.928517],[-122.537853,37.928526],[-122.537852,37.928527],[-122.537852,37.928528],[-122.537846,37.928536],[-122.537846,37.928537],[-122.537845,37.928537],[-122.537839,37.928545],[-122.537839,37.928546],[-122.537838,37.928546],[-122.537831,37.928554],[-122.53783,37.928555],[-122.53783,37.928556],[-122.537821,37.928563],[-122.537821,37.928563],[-122.53782,37.928564],[-122.537811,37.92857],[-122.537811,37.928571],[-122.537811,37.928571],[-122.53781,37.928571],[-122.537801,37.928577],[-122.5378,37.928578],[-122.537799,37.928578],[-122.537788,37.928583],[-122.537788,37.928584],[-122.537786,37.928584],[-122.537775,37.928589],[-122.537714,37.928617],[-122.537335,37.928526],[-122.537334,37.928526]]]},"properties":{"prop_id":"021-282-02","situsforma":"147 PIEDMONT CT","situsfor_2":"147 PIEDMONT CT  LARKSPUR"}},{"type":"Feature","geometry":{"type":"Polygon","coordinates":[[[-122.546327,37.905424],[-122.546313,37.905403],[-122.546254,37.905374],[-122.546489,37.90524],[-122.546587,37.905298],[-122.546677,37.905347],[-122.546327,37.905424]]]},"properties":{"prop_id":"028-065-02","situsforma":"19 LAURELWOOD AVE","situsfor_2":"19 LAURELWOOD AVE  MILL VALLEY"}},{"type":"Feature","geometry":{"type":"Polygon","coordinates":[[[-122.540634,37.897235],[-122.540532,37.8973],[-122.540246,37.897213],[-122.540279,37.897046],[-122.540307,37.897041],[-122.540634,37.897235]]]},"properties":{"prop_id":"028-202-12","situsforma":"80 MONTFORD AVE","situsfor_2":"80 MONTFORD AVE  MILL VALLEY"}},{"type":"Feature","geometry":{"type":"Polygon","coordinates":[[[-122.531003,37.924666],[-122.53113,37.924692],[-122.531107,37.924721],[-122.531103,37.924725],[-122.531009,37.9247],[-122.530656,37.924926],[-122.530621,37.924906],[-122.531003,37.924666]]]},"properties":{"prop_id":"025-034-10","situsforma":"","situsfor_2":""}},{"type":"Feature","geometry":{"type":"Polygon","coordinates":[[[-122.562204,37.901618],[-122.562358,37.901596],[-122.562358,37.901597],[-122.562294,37.901848],[-122.562274,37.901921],[-122.561906,37.90197],[-122.561999,37.901646],[-122.561999,37.901646],[-122.562204,37.901618]]]},"properties":{"prop_id":"045-222-09","situsforma":"","situsfor_2":""}},{"type":"Feature","geometry":{"type":"Polygon","coordinates":[[[-122.528727,37.926507],[-122.528712,37.926487],[-122.528682,37.926449],[-122.528987,37.926294],[-122.529041,37.926356],[-122.528727,37.926507]]]},"properties":{"prop_id":"024-134-21","situsforma":"12 TAMALPAIS DR","situsfor_2":"12 TAMALPAIS DR  CORTE MADERA"}},{"type":"Feature","geometry":{"type":"Polygon","coordinates":[[[-122.543168,37.894376],[-122.543241,37.894226],[-122.54329,37.894247],[-122.543306,37.894253],[-122.543322,37.894258],[-122.543338,37.894263],[-122.543657,37.894449],[-122.543592,37.894605],[-122.543523,37.894592],[-122.543168,37.894376]]]},"properties":{"prop_id":"048-031-15","situsforma":"307 WICKHAM DR","situsfor_2":"307 WICKHAM DR  MILL VALLEY"}},{"type":"Feature","geometry":{"type":"Polygon","coordinates":[[[-122.555274,37.901504],[-122.555158,37.90144],[-122.555164,37.901169],[-122.555176,37.901168],[-122.555177,37.901168],[-122.555178,37.901168],[-122.555189,37.901167],[-122.55519,37.901167],[-122.555191,37.901166],[-122.555201,37.901164],[-122.555202,37.901164],[-122.555203,37.901164],[-122.555213,37.901161],[-122.555214,37.901161],[-122.555216,37.90116],[-122.555226,37.901156],[-122.555226,37.901156],[-122.555236,37.901152],[-122.555237,37.901151],[-122.555238,37.901151],[-122.555247,37.901146],[-122.555248,37.901145],[-122.555249,37.901145],[-122.555257,37.901139],[-122.555258,37.901139],[-122.555258,37.901138],[-122.555266,37.901132],[-122.555267,37.901131],[-122.555268,37.90113],[-122.555275,37.901123],[-122.555275,37.901123],[-122.555275,37.901123],[-122.555282,37.901115],[-122.555283,37.901114],[-122.555284,37.901112],[-122.555611,37.901488],[-122.555533,37.901558],[-122.555453,37.901632],[-122.555274,37.901504]]]},"properties":{"prop_id":"047-021-27","situsforma":"606 DOUGLAS DR","situsfor_2":"606 DOUGLAS DR  MILL VALLEY"}},{"type":"Feature","geometry":{"type":"Polygon","coordinates":[[[-122.536427,37.899326],[-122.536429,37.899325],[-122.536545,37.899268],[-122.536546,37.899268],[-122.536548,37.899267],[-122.536551,37.899265],[-122.53657,37.899255],[-122.536576,37.899252],[-122.536576,37.899252],[-122.536576,37.899252],[-122.536577,37.899252],[-122.536583,37.899249],[-122.536584,37.899249],[-122.536585,37.899249],[-122.536591,37.899247],[-122.536592,37.899247],[-122.536593,37.899246],[-122.536601,37.899245],[-122.536601,37.899245],[-122.536609,37.899244],[-122.53661,37.899243],[-122.536611,37.899243],[-122.536617,37.899243],[-122.536619,37.899243],[-122.53662,37.899243],[-122.536627,37.899243],[-122.536628,37.899243],[-122.536628,37.899243],[-122.536628,37.899243],[-122.536636,37.899243],[-122.536637,37.899244],[-122.536638,37.899244],[-122.536644,37.899245],[-122.536646,37.899245],[-122.536647,37.899245],[-122.536653,37.899246],[-122.536654,37.899247],[-122.536655,37.899247],[-122.536655,37.899247],[-122.536662,37.899249],[-122.536663,37.899249],[-122.536663,37.899249],[-122.536664,37.89925],[-122.53667,37.899252],[-122.536671,37.899252],[-122.536673,37.899253],[-122.536678,37.899255],[-122.53668,37.899256],[-122.53668,37.899256],[-122.536681,37.899256],[-122.536687,37.899259],[-122.536687,37.89926],[-122.536687,37.89926],[-122.536688,37.89926],[-122.536694,37.899264],[-122.536695,37.899264],[-122.536696,37.899265],[-122.5367,37.899269],[-122.536701,37.899269],[-122.536702,37.89927],[-122.536707,37.899275],[-122.536707,37.899275],[-122.536708,37.899275],[-122.536708,37.899275],[-122.536713,37.89928],[-122.536713,37.899281],[-122.536714,37.899282],[-122.536717,37.899286],[-122.536718,37.899287],[-122.536719,37.899288],[-122.536722,37.899293],[-122.536747,37.899325],[-122.536562,37.899448],[-122.536427,37.899326]]]},"properties":{"prop_id":"030-052-09","situsforma":"35 LOCUST AVE","situsfor_2":"35 LOCUST AVE  MILL VALLEY"}},{"type":"Feature","geometry":{"type":"Polygon","coordinates":[[[-122.534165,37.896753],[-122.534199,37.896712],[-122.53438,37.8968],[-122.534345,37.896841],[-122.534314,37.896826],[-122.534165,37.896753]]]},"properties":{"prop_id":"030-271-37","situsforma":"37 PARK TER","situsfor_2":"37 PARK TER  MILL VALLEY"}},{"type":"Feature","geometry":{"type":"Polygon","coordinates":[[[-122.541798,37.901232],[-122.541793,37.901227],[-122.541748,37.901188],[-122.541739,37.90118],[-122.541751,37.901172],[-122.54178,37.901151],[-122.541806,37.901132],[-122.541816,37.90114],[-122.541857,37.901111],[-122.541876,37.901128],[-122.541917,37.901099],[-122.541947,37.901125],[-122.541798,37.901232]]]},"properties":{"prop_id":"028-241-10","situsforma":"","situsfor_2":""}},{"type":"Feature","geometry":{"type":"Polygon","coordinates":[[[-122.569541,37.914327],[-122.569364,37.914291],[-122.569096,37.914321],[-122.568895,37.914311],[-122.568555,37.914236],[-122.568277,37.91419],[-122.568129,37.914214],[-122.568274,37.91384],[-122.568279,37.913841],[-122.568281,37.913841],[-122.568301,37.913846],[-122.568527,37.913902],[-122.568532,37.913903],[-122.568704,37.913862],[-122.568833,37.913831],[-122.568943,37.913919],[-122.568954,37.913938],[-122.569023,37.914058],[-122.569045,37.914065],[-122.569247,37.914129],[-122.569556,37.91418],[-122.56961,37.914189],[-122.569703,37.91404],[-122.56984,37.913908],[-122.569848,37.913901],[-122.569975,37.913848],[-122.570097,37.913858],[-122.570227,37.913953],[-122.570237,37.913961],[-122.570108,37.914002],[-122.569957,37.913973],[-122.569772,37.914071],[-122.569586,37.914324],[-122.569541,37.914327]]]},"properties":{"prop_id":"027-151-01","situsforma":"","situsfor_2":""}},{"type":"Feature","geometry":{"type":"Polygon","coordinates":[[[-122.55029,37.898172],[-122.550292,37.898171],[-122.550291,37.898172],[-122.550244,37.898229],[-122.549797,37.898791],[-122.549768,37.89876],[-122.549793,37.89825],[-122.549796,37.898249],[-122.55029,37.898172]]]},"properties":{"prop_id":"047-112-47","situsforma":"427 MONTFORD AVE","situsfor_2":"427 MONTFORD AVE  MILL VALLEY"}},{"type":"Feature","geometry":{"type":"Polygon","coordinates":[[[-122.559127,37.897781],[-122.558827,37.897425],[-122.558478,37.897554],[-122.558473,37.897556],[-122.558478,37.897513],[-122.55848,37.897496],[-122.558994,37.89731],[-122.559284,37.897184],[-122.559446,37.897667],[-122.559448,37.897673],[-122.559453,37.89776],[-122.55945,37.897761],[-122.559127,37.897781]]]},"properties":{"prop_id":"046-231-02","situsforma":"690 SEQUOIA VALLEY RD","situsfor_2":"690 SEQUOIA VALLEY RD  MILL VALLEY"}},{"type":"Feature","geometry":{"type":"Polygon","coordinates":[[[-122.537833,37.911253],[-122.537755,37.911207],[-122.537845,37.910951],[-122.538293,37.911138],[-122.538203,37.911248],[-122.538189,37.911403],[-122.537879,37.911275],[-122.537833,37.911253]]]},"properties":{"prop_id":"029-273-05","situsforma":"325 BUENA VISTA AVE","situsfor_2":"325 BUENA VISTA AVE  MILL VALLEY"}},{"type":"Feature","geometry":{"type":"Polygon","coordinates":[[[-122.533923,37.90193],[-122.534039,37.902027],[-122.533785,37.90221],[-122.533628,37.902141],[-122.533923,37.90193]]]},"properties":{"prop_id":"030-032-07","situsforma":"241 ELM AVE","situsfor_2":"241 ELM AVE  MILL VALLEY"}},{"type":"Feature","geometry":{"type":"Polygon","coordinates":[[[-122.5422,37.895575],[-122.542147,37.895722],[-122.541824,37.895648],[-122.541876,37.895504],[-122.5422,37.895575]]]},"properties":{"prop_id":"047-221-25","situsforma":"204 SCOTT ST","situsfor_2":"204 SCOTT ST  MILL VALLEY"}},{"type":"Feature","geometry":{"type":"Polygon","coordinates":[[[-122.542337,37.901517],[-122.542075,37.901706],[-122.541936,37.90158],[-122.542203,37.901392],[-122.542337,37.901517]]]},"properties":{"prop_id":"028-181-03","situsforma":"210 MILLER AVE","situsfor_2":"210 MILLER AVE  MILL VALLEY"}},{"type":"Feature","geometry":{"type":"Polygon","coordinates":[[[-122.529989,37.898292],[-122.530409,37.898392],[-122.530408,37.898394],[-122.530407,37.898395],[-122.530405,37.898399],[-122.530404,37.8984],[-122.530404,37.898401],[-122.5304,37.898407],[-122.530395,37.898412],[-122.530395,37.898413],[-122.530394,37.898414],[-122.53039,37.898418],[-122.530389,37.898419],[-122.530388,37.89842],[-122.530383,37.898425],[-122.530368,37.898437],[-122.530368,37.898438],[-122.530367,37.898438],[-122.530367,37.898439],[-122.530354,37.898452],[-122.530353,37.898453],[-122.530353,37.898454],[-122.530342,37.898467],[-122.530341,37.898468],[-122.53034,37.898469],[-122.530331,37.898483],[-122.53033,37.898484],[-122.53033,37.898485],[-122.530322,37.898499],[-122.530321,37.8985],[-122.53032,37.898503],[-122.530301,37.898554],[-122.530288,37.898595],[-122.529961,37.898389],[-122.529989,37.898292]]]},"properties":{"prop_id":"030-044-13","situsforma":"60 RYAN AVE","situsfor_2":"60 RYAN AVE  MILL VALLEY"}},{"type":"Feature","geometry":{"type":"Polygon","coordinates":[[[-122.541531,37.899667],[-122.541643,37.89949],[-122.541695,37.899554],[-122.541824,37.899346],[-122.541916,37.899465],[-122.541703,37.899823],[-122.541531,37.899667]]]},"properties":{"prop_id":"028-184-09","situsforma":"389 MOLINO AVE","situsfor_2":"389 MOLINO AVE  MILL VALLEY"}},{"type":"Feature","geometry":{"type":"Polygon","coordinates":[[[-122.557692,37.911518],[-122.558092,37.911423],[-122.558092,37.911425],[-122.558098,37.911487],[-122.558111,37.911646],[-122.558118,37.911714],[-122.557726,37.911817],[-122.557729,37.911693],[-122.557692,37.911518]]]},"properties":{"prop_id":"027-131-20","situsforma":"251 TAMALPAIS AVE","situsfor_2":"251 TAMALPAIS AVE  MILL VALLEY"}},{"type":"Feature","geometry":{"type":"Polygon","coordinates":[[[-122.554684,37.902638],[-122.554491,37.90269],[-122.554353,37.90264],[-122.554172,37.902761],[-122.554138,37.902577],[-122.554483,37.902439],[-122.554514,37.902489],[-122.554578,37.90247],[-122.554684,37.902638]]]},"properties":{"prop_id":"028-142-35","situsforma":"25 HAZEL AVE","situsfor_2":"25 HAZEL AVE  MILL VALLEY"}},{"type":"Feature","geometry":{"type":"Polygon","coordinates":[[[-122.544101,37.895789],[-122.544047,37.895937],[-122.543551,37.895851],[-122.543606,37.895687],[-122.543847,37.895737],[-122.544101,37.895789]]]},"properties":{"prop_id":"047-161-26","situsforma":"218 MELROSE AVE","situsfor_2":"218 MELROSE AVE  MILL VALLEY"}},{"type":"Feature","geometry":{"type":"Polygon","coordinates":[[[-122.549623,37.905433],[-122.549805,37.90532],[-122.549892,37.905305],[-122.550001,37.905638],[-122.549996,37.905639],[-122.54996,37.905662],[-122.54989,37.905709],[-122.549623,37.905433]]]},"properties":{"prop_id":"028-055-35","situsforma":"190 THROCKMORTON AVE","situsfor_2":"190 THROCKMORTON AVE  MILL VALLEY"}},{"type":"Feature","geometry":{"type":"Polygon","coordinates":[[[-122.551459,37.89979],[-122.552107,37.900373],[-122.551941,37.901108],[-122.551847,37.90114],[-122.551828,37.900949],[-122.551735,37.900801],[-122.551718,37.900573],[-122.55151,37.900359],[-122.551362,37.900149],[-122.551191,37.900054],[-122.550972,37.900057],[-122.550715,37.899941],[-122.550784,37.899722],[-122.551135,37.899753],[-122.551459,37.89979]]]},"properties":{"prop_id":"047-042-09","situsforma":"","situsfor_2":""}},{"type":"Feature","geometry":{"type":"Polygon","coordinates":[[[-122.553381,37.907759],[-122.553361,37.90765],[-122.55334,37.90764],[-122.553476,37.907453],[-122.553534,37.907517],[-122.553557,37.907647],[-122.553542,37.907657],[-122.553593,37.907733],[-122.553381,37.907759]]]},"properties":{"prop_id":"028-041-16","situsforma":"4 OAK ST","situsfor_2":"4 OAK ST  MILL VALLEY"}},{"type":"Feature","geometry":{"type":"Polygon","coordinates":[[[-122.541224,37.918015],[-122.541245,37.918032],[-122.541304,37.918095],[-122.541453,37.918254],[-122.541457,37.918257],[-122.541461,37.91826],[-122.541465,37.918263],[-122.54147,37.918266],[-122.541475,37.918268],[-122.54148,37.91827],[-122.541485,37.918272],[-122.541489,37.918273],[-122.541411,37.918401],[-122.541409,37.9184],[-122.54139,37.918392],[-122.541372,37.918383],[-122.541355,37.918373],[-122.54134,37.918362],[-122.541325,37.91835],[-122.541312,37.918336],[-122.541166,37.918179],[-122.541127,37.918138],[-122.541113,37.918124],[-122.541101,37.918115],[-122.541089,37.918108],[-122.541224,37.918015]]]},"properties":{"prop_id":"029-151-48","situsforma":"","situsfor_2":""}},{"type":"Feature","geometry":{"type":"Polygon","coordinates":[[[-122.53497,37.900441],[-122.535298,37.900218],[-122.535369,37.900359],[-122.535092,37.900546],[-122.53497,37.900441]]]},"properties":{"prop_id":"030-033-16","situsforma":"78 LOCUST AVE","situsfor_2":"78 LOCUST AVE  MILL VALLEY"}},{"type":"Feature","geometry":{"type":"Polygon","coordinates":[[[-122.53318,37.903197],[-122.533243,37.902929],[-122.533435,37.902991],[-122.533333,37.903254],[-122.53318,37.903197]]]},"properties":{"prop_id":"030-011-06","situsforma":"77 ALTA VISTA AVE","situsfor_2":"77 ALTA VISTA AVE  MILL VALLEY"}},{"type":"Feature","geometry":{"type":"Polygon","coordinates":[[[-122.537403,37.894405],[-122.537679,37.894286],[-122.537825,37.894536],[-122.537688,37.894568],[-122.537531,37.894637],[-122.537403,37.894405]]]},"properties":{"prop_id":"048-061-10","situsforma":"100 LEHMAN LN","situsfor_2":"100 LEHMAN LN  MILL VALLEY"}},{"type":"Feature","geometry":{"type":"Polygon","coordinates":[[[-122.559359,37.919462],[-122.559381,37.919497],[-122.558931,37.919855],[-122.558669,37.919705],[-122.55871,37.919352],[-122.558738,37.919149],[-122.559227,37.919256],[-122.559359,37.919462]]]},"properties":{"prop_id":"027-033-31","situsforma":"400 RALSTON AVE","situsfor_2":"400 RALSTON AVE  MILL VALLEY"}},{"type":"Feature","geometry":{"type":"Polygon","coordinates":[[[-122.549041,37.908385],[-122.548947,37.908547],[-122.548898,37.908528],[-122.548943,37.90846],[-122.548719,37.908198],[-122.5487,37.908175],[-122.54883,37.908081],[-122.548874,37.908054],[-122.549144,37.908218],[-122.549102,37.908286],[-122.549041,37.908385]]]},"properties":{"prop_id":"029-093-21","situsforma":"9 LOWER ALCATRAZ PL","situsfor_2":"9 LOWER ALCATRAZ PL  MILL VALLEY"}},{"type":"Feature","geometry":{"type":"Polygon","coordinates":[[[-122.558471,37.90015],[-122.558457,37.90015],[-122.558456,37.90015],[-122.558404,37.900151],[-122.558026,37.900158],[-122.557964,37.900159],[-122.557579,37.900165],[-122.557505,37.900167],[-122.557203,37.900012],[-122.557223,37.900012],[-122.55772,37.900005],[-122.557749,37.900023],[-122.558222,37.900018],[-122.558299,37.900018],[-122.558383,37.900069],[-122.558438,37.900103],[-122.558489,37.900134],[-122.558471,37.90015]]]},"properties":{"prop_id":"047-051-24","situsforma":"649 SEQUOIA VALLEY RD","situsfor_2":"649 SEQUOIA VALLEY RD  MILL VALLEY"}},{"type":"Feature","geometry":{"type":"Polygon","coordinates":[[[-122.568315,37.900133],[-122.569066,37.89979],[-122.56884,37.899542],[-122.56869,37.899365],[-122.568587,37.899243],[-122.568587,37.899243],[-122.568812,37.899148],[-122.56884,37.899137],[-122.569071,37.89904],[-122.569127,37.899016],[-122.569154,37.899004],[-122.569155,37.899004],[-122.569189,37.89899],[-122.569496,37.898861],[-122.569496,37.898861],[-122.569631,37.898953],[-122.569726,37.899086],[-122.569871,37.899209],[-122.569952,37.899359],[-122.56997,37.899526],[-122.569931,37.899629],[-122.569769,37.899758],[-122.569732,37.899828],[-122.568486,37.900309],[-122.568315,37.900133],[-122.568315,37.900133]]]},"properties":{"prop_id":"046-102-05","situsforma":"","situsfor_2":""}},{"type":"Feature","geometry":{"type":"Polygon","coordinates":[[[-122.539899,37.912257],[-122.539876,37.912244],[-122.539827,37.912274],[-122.539781,37.912308],[-122.53974,37.912344],[-122.539702,37.912383],[-122.53967,37.912425],[-122.539642,37.912468],[-122.539619,37.912514],[-122.539604,37.912552],[-122.539602,37.912556],[-122.539599,37.912563],[-122.539596,37.912569],[-122.539591,37.912574],[-122.539586,37.91258],[-122.539581,37.912585],[-122.539575,37.91259],[-122.539568,37.912594],[-122.539561,37.912598],[-122.539553,37.912601],[-122.539546,37.912604],[-122.539543,37.912604],[-122.539535,37.912606],[-122.539527,37.912608],[-122.539518,37.912608],[-122.539509,37.912609],[-122.5395,37.912608],[-122.539492,37.912607],[-122.539483,37.912605],[-122.539475,37.912603],[-122.539467,37.912601],[-122.539459,37.912597],[-122.539452,37.912593],[-122.539445,37.912589],[-122.539439,37.912584],[-122.539433,37.912579],[-122.539428,37.912574],[-122.539423,37.912568],[-122.539419,37.912562],[-122.539416,37.912555],[-122.539413,37.912549],[-122.539412,37.912542],[-122.539411,37.912535],[-122.53941,37.912529],[-122.539411,37.912522],[-122.539412,37.912515],[-122.539414,37.912508],[-122.539417,37.912502],[-122.53942,37.912496],[-122.539424,37.91249],[-122.539515,37.912337],[-122.539523,37.912323],[-122.539529,37.912308],[-122.539534,37.912293],[-122.539536,37.912278],[-122.539537,37.912262],[-122.539537,37.912246],[-122.539534,37.912231],[-122.53953,37.912216],[-122.539525,37.912201],[-122.539517,37.912186],[-122.539509,37.912174],[-122.539408,37.912032],[-122.539403,37.912025],[-122.539399,37.912017],[-122.539396,37.912008],[-122.539393,37.912],[-122.539392,37.911991],[-122.539392,37.911983],[-122.539392,37.911974],[-122.539394,37.911966],[-122.539466,37.911887],[-122.53946,37.911896],[-122.539455,37.911906],[-122.539451,37.911915],[-122.539449,37.911925],[-122.539447,37.911935],[-122.539446,37.911945],[-122.539447,37.911955],[-122.539449,37.911966],[-122.539451,37.911975],[-122.539455,37.911985],[-122.53946,37.911995],[-122.539463,37.911998],[-122.539565,37.912145],[-122.539573,37.912157],[-122.539584,37.912176],[-122.539593,37.912196],[-122.539599,37.912217],[-122.539604,37.912237],[-122.539606,37.912258],[-122.539605,37.912279],[-122.539603,37.9123],[-122.539597,37.912321],[-122.53959,37.912341],[-122.539581,37.91236],[-122.539487,37.912515],[-122.539486,37.912516],[-122.539485,37.912518],[-122.539485,37.91252],[-122.539484,37.912522],[-122.539484,37.912523],[-122.539484,37.912525],[-122.539484,37.912527],[-122.539485,37.912528],[-122.539485,37.91253],[-122.539486,37.912532],[-122.539487,37.912533],[-122.539488,37.912535],[-122.539489,37.912536],[-122.539491,37.912538],[-122.539492,37.912539],[-122.539494,37.91254],[-122.539496,37.912541],[-122.539498,37.912542],[-122.5395,37.912543],[-122.539502,37.912543],[-122.539504,37.912544],[-122.539506,37.912544],[-122.539509,37.912544],[-122.539511,37.912544],[-122.539513,37.912544],[-122.539515,37.912544],[-122.539517,37.912543],[-122.53952,37.912543],[-122.539522,37.912542],[-122.539523,37.912541],[-122.539525,37.91254],[-122.539527,37.912539],[-122.539529,37.912538],[-122.53953,37.912536],[-122.539531,37.912535],[-122.539532,37.912533],[-122.539533,37.912532],[-122.539534,37.91253],[-122.539535,37.912528],[-122.539535,37.912527],[-122.539535,37.912525],[-122.53956,37.912481],[-122.539605,37.912417],[-122.539656,37.912356],[-122.539714,37.912299],[-122.539778,37.912246],[-122.539848,37.912198],[-122.539923,37.912155],[-122.539926,37.912155],[-122.539943,37.912208],[-122.540288,37.912185],[-122.540676,37.9123],[-122.540608,37.912585],[-122.540592,37.912653],[-122.539899,37.912257]]]},"properties":{"prop_id":"029-272-20","situsforma":"1 VIA VANDYKE","situsfor_2":"1 VIA VANDYKE  MILL VALLEY"}},{"type":"Feature","geometry":{"type":"Polygon","coordinates":[[[-122.541565,37.917397],[-122.541611,37.917354],[-122.542044,37.916935],[-122.542624,37.917172],[-122.542585,37.917231],[-122.542424,37.917342],[-122.542355,37.91739],[-122.542224,37.917373],[-122.541912,37.917506],[-122.541565,37.917397]]]},"properties":{"prop_id":"029-151-15","situsforma":"9 BARRIE WAY","situsfor_2":"9 BARRIE WAY  MILL VALLEY"}},{"type":"Feature","geometry":{"type":"Polygon","coordinates":[[[-122.536324,37.907955],[-122.536326,37.907953],[-122.536326,37.90795],[-122.536326,37.907949],[-122.536327,37.907942],[-122.536328,37.907942],[-122.536329,37.907936],[-122.53633,37.907935],[-122.53633,37.907934],[-122.536332,37.907929],[-122.536333,37.907928],[-122.536333,37.907927],[-122.536336,37.907921],[-122.536336,37.907921],[-122.536336,37.907921],[-122.536337,37.90792],[-122.536341,37.907915],[-122.536341,37.907914],[-122.536342,37.907913],[-122.536346,37.907909],[-122.536346,37.907908],[-122.536347,37.907907],[-122.536352,37.907902],[-122.536352,37.907902],[-122.536352,37.907902],[-122.536353,37.907901],[-122.536358,37.907897],[-122.536359,37.907896],[-122.53636,37.907896],[-122.536365,37.907892],[-122.536366,37.907891],[-122.536366,37.907891],[-122.536367,37.907891],[-122.536373,37.907887],[-122.536374,37.907887],[-122.536375,37.907886],[-122.536381,37.907883],[-122.536382,37.907883],[-122.536383,37.907882],[-122.53639,37.90788],[-122.536391,37.907879],[-122.536391,37.907879],[-122.536391,37.907879],[-122.536399,37.907877],[-122.5364,37.907876],[-122.536401,37.907876],[-122.536408,37.907875],[-122.536409,37.907874],[-122.53641,37.907874],[-122.536418,37.907873],[-122.536501,37.907856],[-122.536481,37.908156],[-122.536301,37.908175],[-122.536324,37.907955]]]},"properties":{"prop_id":"029-172-13","situsforma":"246 MANOR DR","situsfor_2":"246 MANOR DR  MILL VALLEY"}},{"type":"Feature","geometry":{"type":"Polygon","coordinates":[[[-122.551254,37.91292],[-122.551234,37.912732],[-122.551389,37.912728],[-122.551629,37.912874],[-122.55183,37.912787],[-122.551869,37.912691],[-122.551903,37.91274],[-122.551929,37.912777],[-122.551525,37.912955],[-122.551331,37.913041],[-122.551323,37.913035],[-122.551278,37.913005],[-122.551254,37.91292]]]},"properties":{"prop_id":"029-042-62","situsforma":"218 CORTE MADERA AVE","situsfor_2":"218 CORTE MADERA AVE  MILL VALLEY"}},{"type":"Feature","geometry":{"type":"Polygon","coordinates":[[[-122.539903,37.907547],[-122.539607,37.907317],[-122.539827,37.907218],[-122.540124,37.907431],[-122.540097,37.907446],[-122.539903,37.907547]]]},"properties":{"prop_id":"029-124-27","situsforma":"81 CIRCLE AVE","situsfor_2":"81 CIRCLE AVE  MILL VALLEY"}},{"type":"Feature","geometry":{"type":"Polygon","coordinates":[[[-122.530519,37.925548],[-122.530698,37.925532],[-122.530745,37.925766],[-122.530571,37.9258],[-122.530519,37.925548]]]},"properties":{"prop_id":"025-031-18","situsforma":"315 REDWOOD AVE","situsfor_2":"315 REDWOOD AVE  CORTE MADERA"}},{"type":"Feature","geometry":{"type":"Polygon","coordinates":[[[-122.542777,37.905668],[-122.542599,37.905668],[-122.542602,37.905316],[-122.542775,37.905316],[-122.542777,37.905668]]]},"properties":{"prop_id":"028-023-08","situsforma":"31 MOUNTAIN VIEW AVE","situsfor_2":"31 MOUNTAIN VIEW AVE  MILL VALLEY"}},{"type":"Feature","geometry":{"type":"Polygon","coordinates":[[[-122.53976,37.899149],[-122.539767,37.899144],[-122.539859,37.899262],[-122.539853,37.899266],[-122.539559,37.899479],[-122.539441,37.899374],[-122.53976,37.899149]]]},"properties":{"prop_id":"028-213-05","situsforma":"298 MILLER AVE","situsfor_2":"298 MILLER AVE  MILL VALLEY"}},{"type":"Feature","geometry":{"type":"Polygon","coordinates":[[[-122.552862,37.914804],[-122.552854,37.914635],[-122.552852,37.9145],[-122.553199,37.914505],[-122.553205,37.914744],[-122.552862,37.914804]]]},"properties":{"prop_id":"027-122-15","situsforma":"75 MAGEE AVE","situsfor_2":"75 MAGEE AVE  MILL VALLEY"}},{"type":"Feature","geometry":{"type":"Polygon","coordinates":[[[-122.529838,37.917439],[-122.529843,37.917382],[-122.5299,37.917319],[-122.530015,37.917384],[-122.530081,37.917421],[-122.530155,37.917342],[-122.530224,37.917267],[-122.530292,37.917179],[-122.530293,37.917179],[-122.530302,37.917166],[-122.530407,37.917018],[-122.530597,37.917096],[-122.530603,37.917098],[-122.530699,37.917136],[-122.530718,37.917144],[-122.530726,37.917147],[-122.530731,37.91715],[-122.530744,37.917157],[-122.530752,37.91716],[-122.530757,37.917164],[-122.530769,37.917171],[-122.530776,37.917175],[-122.530786,37.917182],[-122.531182,37.917418],[-122.531199,37.917427],[-122.531201,37.917428],[-122.531209,37.917432],[-122.531219,37.917436],[-122.531221,37.917437],[-122.531229,37.917439],[-122.531239,37.917443],[-122.531241,37.917444],[-122.531249,37.917446],[-122.53126,37.917449],[-122.531262,37.917449],[-122.531271,37.917451],[-122.531282,37.917454],[-122.531284,37.917454],[-122.531293,37.917455],[-122.531305,37.917457],[-122.531307,37.917457],[-122.531325,37.917459],[-122.53119,37.917845],[-122.530735,37.917606],[-122.530378,37.917555],[-122.530002,37.917483],[-122.529853,37.917454],[-122.529853,37.917454],[-122.529853,37.917454],[-122.529837,37.917451],[-122.529838,37.917439],[-122.529838,37.917439],[-122.529838,37.917439]]]},"properties":{"prop_id":"029-350-01","situsforma":"10 SANDY LN","situsfor_2":"10 SANDY LN  MILL VALLEY"}},{"type":"Feature","geometry":{"type":"Polygon","coordinates":[[[-122.54687,37.901423],[-122.546576,37.901352],[-122.546706,37.901231],[-122.546915,37.901267],[-122.546979,37.90131],[-122.54687,37.901423]]]},"properties":{"prop_id":"028-113-15","situsforma":"12 BIRCH ST","situsfor_2":"12 BIRCH ST  MILL VALLEY"}},{"type":"Feature","geometry":{"type":"Polygon","coordinates":[[[-122.547872,37.912219],[-122.548069,37.912457],[-122.547698,37.912479],[-122.547607,37.912401],[-122.547787,37.912238],[-122.547872,37.912219]]]},"properties":{"prop_id":"029-033-01","situsforma":"81 ELDRIDGE AVE","situsfor_2":"81 ELDRIDGE AVE  MILL VALLEY"}},{"type":"Feature","geometry":{"type":"Polygon","coordinates":[[[-122.539888,37.904158],[-122.539713,37.904163],[-122.539656,37.903856],[-122.539825,37.903854],[-122.539888,37.904158]]]},"properties":{"prop_id":"028-031-02","situsforma":"295 E BLITHEDALE AVE","situsfor_2":"295 E BLITHEDALE AVE  MILL VALLEY"}},{"type":"Feature","geometry":{"type":"Polygon","coordinates":[[[-122.549388,37.906932],[-122.54954,37.90708],[-122.549409,37.907165],[-122.549229,37.906995],[-122.549363,37.906908],[-122.549388,37.906932]]]},"properties":{"prop_id":"028-054-01","situsforma":"35 BAYVIEW AVE","situsfor_2":"35 BAYVIEW AVE  MILL VALLEY"}},{"type":"Feature","geometry":{"type":"Polygon","coordinates":[[[-122.561593,37.905065],[-122.561962,37.904843],[-122.562002,37.904819],[-122.562167,37.904934],[-122.562202,37.904958],[-122.562261,37.905],[-122.562224,37.905015],[-122.562167,37.905026],[-122.562102,37.905038],[-122.561944,37.905067],[-122.561699,37.905144],[-122.561593,37.905065]]]},"properties":{"prop_id":"027-251-16","situsforma":"341 HAZEL AVE","situsfor_2":"341 HAZEL AVE  MILL VALLEY"}},{"type":"Feature","geometry":{"type":"Polygon","coordinates":[[[-122.533043,37.900792],[-122.533096,37.900821],[-122.532895,37.901069],[-122.532747,37.900999],[-122.532953,37.900745],[-122.533043,37.900792]]]},"properties":{"prop_id":"030-036-03","situsforma":"8 JUANITA AVE","situsfor_2":"8 JUANITA AVE  MILL VALLEY"}},{"type":"Feature","geometry":{"type":"Polygon","coordinates":[[[-122.549587,37.911436],[-122.549219,37.911688],[-122.549142,37.911597],[-122.549503,37.911347],[-122.549587,37.911436]]]},"properties":{"prop_id":"029-051-01","situsforma":"151 W BLITHEDALE AVE","situsfor_2":"151 W BLITHEDALE AVE  MILL VALLEY"}},{"type":"Feature","geometry":{"type":"Polygon","coordinates":[[[-122.543037,37.909112],[-122.542701,37.909022],[-122.542757,37.908876],[-122.54304,37.908951],[-122.543037,37.909112]]]},"properties":{"prop_id":"029-113-06","situsforma":"155 OAKDALE AVE","situsfor_2":"155 OAKDALE AVE  MILL VALLEY"}},{"type":"Feature","geometry":{"type":"Polygon","coordinates":[[[-122.538294,37.901226],[-122.53796,37.901467],[-122.537839,37.901372],[-122.538166,37.90113],[-122.538294,37.901226]]]},"properties":{"prop_id":"028-221-12","situsforma":"86 WALNUT AVE","situsfor_2":"86 WALNUT AVE  MILL VALLEY"}},{"type":"Feature","geometry":{"type":"Polygon","coordinates":[[[-122.549279,37.908678],[-122.549386,37.908489],[-122.549684,37.908598],[-122.549568,37.908793],[-122.549279,37.908678]]]},"properties":{"prop_id":"029-093-06","situsforma":"19 LOWER ALCATRAZ PL","situsfor_2":"19 LOWER ALCATRAZ PL  MILL VALLEY"}},{"type":"Feature","geometry":{"type":"Polygon","coordinates":[[[-122.540355,37.896195],[-122.540422,37.896015],[-122.540543,37.89567],[-122.540882,37.895748],[-122.540781,37.896038],[-122.540693,37.896272],[-122.540355,37.896195]]]},"properties":{"prop_id":"047-191-12","situsforma":"230 EVERGREEN AVE","situsfor_2":"230 EVERGREEN AVE  MILL VALLEY"}},{"type":"Feature","geometry":{"type":"Polygon","coordinates":[[[-122.533332,37.928598],[-122.533454,37.928724],[-122.533179,37.928895],[-122.53305,37.92877],[-122.533332,37.928598]]]},"properties":{"prop_id":"021-191-02","situsforma":"27 MAGNOLIA AVE","situsfor_2":"27 MAGNOLIA AVE  LARKSPUR"}},{"type":"Feature","geometry":{"type":"Polygon","coordinates":[[[-122.5496,37.903994],[-122.549822,37.904253],[-122.549606,37.904372],[-122.549595,37.904387],[-122.549488,37.904055],[-122.549539,37.903993],[-122.5496,37.903994]]]},"properties":{"prop_id":"028-101-13","situsforma":"41 ETHEL AVE","situsfor_2":"41 ETHEL AVE  MILL VALLEY"}},{"type":"Feature","geometry":{"type":"Polygon","coordinates":[[[-122.53956,37.895835],[-122.539694,37.895865],[-122.539632,37.896064],[-122.539353,37.896001],[-122.5394,37.895862],[-122.53942,37.895803],[-122.53956,37.895835]]]},"properties":{"prop_id":"047-191-47","situsforma":"9 LILLIAN LN","situsfor_2":"9 LILLIAN LN  MILL VALLEY"}},{"type":"Feature","geometry":{"type":"Polygon","coordinates":[[[-122.540411,37.925246],[-122.540497,37.925245],[-122.540506,37.925523],[-122.54042,37.925524],[-122.540411,37.925246]]]},"properties":{"prop_id":"021-250-04","situsforma":"","situsfor_2":""}},{"type":"Feature","geometry":{"type":"Polygon","coordinates":[[[-122.530728,37.899362],[-122.530939,37.899578],[-122.530822,37.899659],[-122.530575,37.899455],[-122.530728,37.899362]]]},"properties":{"prop_id":"030-043-06","situsforma":"80 NELSON AVE","situsfor_2":"80 NELSON AVE  MILL VALLEY"}},{"type":"Feature","geometry":{"type":"Polygon","coordinates":[[[-122.551677,37.901185],[-122.551156,37.901158],[-122.551156,37.901158],[-122.551156,37.901158],[-122.550961,37.901033],[-122.551173,37.900832],[-122.55119,37.900842],[-122.551265,37.900752],[-122.551017,37.90061],[-122.551006,37.900623],[-122.550869,37.900532],[-122.550767,37.900623],[-122.550564,37.900504],[-122.550693,37.900029],[-122.55094,37.90014],[-122.551156,37.900135],[-122.551305,37.900217],[-122.551429,37.900416],[-122.55163,37.900605],[-122.55164,37.90082],[-122.551736,37.90097],[-122.551769,37.901161],[-122.551695,37.901185],[-122.551695,37.901186],[-122.551695,37.901186],[-122.551677,37.901185]]]},"properties":{"prop_id":"047-041-16","situsforma":"","situsfor_2":""}},{"type":"Feature","geometry":{"type":"Polygon","coordinates":[[[-122.545473,37.897694],[-122.545699,37.897515],[-122.545918,37.897468],[-122.545918,37.89747],[-122.545975,37.898067],[-122.545656,37.89809],[-122.545474,37.897696],[-122.545473,37.897694]]]},"properties":{"prop_id":"047-131-32","situsforma":"340 MONTFORD AVE","situsfor_2":"340 MONTFORD AVE  MILL VALLEY"}},{"type":"Feature","geometry":{"type":"Polygon","coordinates":[[[-122.529854,37.924383],[-122.529801,37.924382],[-122.529717,37.924382],[-122.529448,37.924182],[-122.529493,37.924161],[-122.529501,37.924158],[-122.529502,37.924157],[-122.529554,37.924139],[-122.529555,37.924139],[-122.529556,37.924138],[-122.52961,37.924123],[-122.529647,37.924112],[-122.529649,37.924112],[-122.52965,37.924112],[-122.529704,37.9241],[-122.529705,37.9241],[-122.529706,37.9241],[-122.529762,37.924092],[-122.529787,37.924089],[-122.53007,37.924392],[-122.530039,37.924406],[-122.529854,37.924383]]]},"properties":{"prop_id":"025-093-07","situsforma":"309 CORTE MADERA AVE","situsfor_2":"309 CORTE MADERA AVE  CORTE MADERA"}},{"type":"Feature","geometry":{"type":"Polygon","coordinates":[[[-122.554146,37.906733],[-122.554293,37.906807],[-122.554052,37.907108],[-122.553905,37.907031],[-122.554146,37.906733]]]},"properties":{"prop_id":"028-042-03","situsforma":"157 LOVELL AVE","situsfor_2":"157 LOVELL AVE  MILL VALLEY"}},{"type":"Feature","geometry":{"type":"Polygon","coordinates":[[[-122.529366,37.92119],[-122.529806,37.921188],[-122.529785,37.92121],[-122.529784,37.92121],[-122.529783,37.921211],[-122.529765,37.921234],[-122.529765,37.921234],[-122.529764,37.921235],[-122.529748,37.92126],[-122.529748,37.92126],[-122.529748,37.92126],[-122.529735,37.921286],[-122.529734,37.921286],[-122.529734,37.921287],[-122.529724,37.921313],[-122.529723,37.921314],[-122.529723,37.921315],[-122.529716,37.921341],[-122.529715,37.921342],[-122.529715,37.921343],[-122.529711,37.92137],[-122.529711,37.921371],[-122.529327,37.921379],[-122.529324,37.921191],[-122.529366,37.92119]]]},"properties":{"prop_id":"025-151-14","situsforma":"472 CORTE MADERA AVE","situsfor_2":"472 CORTE MADERA AVE  CORTE MADERA"}},{"type":"Feature","geometry":{"type":"Polygon","coordinates":[[[-122.536505,37.899664],[-122.5366,37.899598],[-122.536736,37.899722],[-122.536429,37.899931],[-122.536301,37.899815],[-122.536293,37.899808],[-122.536481,37.89968],[-122.536505,37.899664]]]},"properties":{"prop_id":"030-052-05","situsforma":"144 WALNUT AVE","situsfor_2":"144 WALNUT AVE  MILL VALLEY"}},{"type":"Feature","geometry":{"type":"Polygon","coordinates":[[[-122.562436,37.900995],[-122.562408,37.900863],[-122.562609,37.900833],[-122.562622,37.900888],[-122.562673,37.901101],[-122.562864,37.901125],[-122.562863,37.901127],[-122.562813,37.901151],[-122.562697,37.901156],[-122.562465,37.901125],[-122.562436,37.900995]]]},"properties":{"prop_id":"045-262-12","situsforma":"50 MONTE CIMAS AVE","situsfor_2":"50 MONTE CIMAS AVE  MILL VALLEY"}},{"type":"Feature","geometry":{"type":"Polygon","coordinates":[[[-122.532654,37.902628],[-122.532697,37.902566],[-122.532712,37.902572],[-122.532744,37.902526],[-122.532755,37.902531],[-122.532755,37.902531],[-122.532895,37.902591],[-122.532856,37.902836],[-122.532458,37.902953],[-122.532433,37.90296],[-122.532549,37.902782],[-122.53255,37.902779],[-122.532654,37.902628]]]},"properties":{"prop_id":"030-012-67","situsforma":"98 ALTA VISTA AVE","situsfor_2":"98 ALTA VISTA AVE  MILL VALLEY"}},{"type":"Feature","geometry":{"type":"Polygon","coordinates":[[[-122.534409,37.902229],[-122.534259,37.902416],[-122.534002,37.902305],[-122.534244,37.902224],[-122.534409,37.902229]]]},"properties":{"prop_id":"030-031-05","situsforma":"187 LOCUST AVE","situsfor_2":"187 LOCUST AVE  MILL VALLEY"}},{"type":"Feature","geometry":{"type":"Polygon","coordinates":[[[-122.555348,37.908347],[-122.55557,37.907948],[-122.555744,37.907995],[-122.555467,37.908393],[-122.555466,37.908394],[-122.555347,37.908348],[-122.555348,37.908347]]]},"properties":{"prop_id":"027-221-20","situsforma":"204 LOVELL AVE","situsfor_2":"204 LOVELL AVE  MILL VALLEY"}},{"type":"Feature","geometry":{"type":"Polygon","coordinates":[[[-122.543358,37.910718],[-122.54314,37.910882],[-122.542923,37.910769],[-122.543211,37.910557],[-122.543358,37.910718]]]},"properties":{"prop_id":"029-073-05","situsforma":"101 BOLSA AVE","situsfor_2":"101 BOLSA AVE  MILL VALLEY"}},{"type":"Feature","geometry":{"type":"Polygon","coordinates":[[[-122.542806,37.901318],[-122.542992,37.901295],[-122.542961,37.901356],[-122.542984,37.901399],[-122.54299,37.901411],[-122.542982,37.901414],[-122.54274,37.901497],[-122.542683,37.901425],[-122.542661,37.901369],[-122.542745,37.901332],[-122.542806,37.901318]]]},"properties":{"prop_id":"028-320-05","situsforma":"4 UNA CT","situsfor_2":"4 UNA CT  MILL VALLEY"}},{"type":"Feature","geometry":{"type":"Polygon","coordinates":[[[-122.537481,37.926448],[-122.537377,37.926389],[-122.537197,37.926291],[-122.537528,37.925887],[-122.537963,37.92588],[-122.537968,37.92588],[-122.537969,37.92588],[-122.537975,37.92588],[-122.537977,37.92588],[-122.537977,37.92588],[-122.537978,37.92588],[-122.537985,37.925881],[-122.537985,37.925881],[-122.537986,37.925881],[-122.537987,37.925881],[-122.537994,37.925882],[-122.537995,37.925882],[-122.537996,37.925883],[-122.538002,37.925884],[-122.538004,37.925884],[-122.538004,37.925885],[-122.538012,37.925887],[-122.538019,37.92589],[-122.53802,37.92589],[-122.538021,37.925891],[-122.538027,37.925894],[-122.538028,37.925894],[-122.538029,37.925895],[-122.538034,37.925898],[-122.538035,37.925899],[-122.538035,37.925899],[-122.538041,37.925903],[-122.538042,37.925903],[-122.538042,37.925903],[-122.538043,37.925904],[-122.538047,37.925908],[-122.538048,37.925908],[-122.538049,37.925909],[-122.538053,37.925913],[-122.538054,37.925914],[-122.538054,37.925915],[-122.538058,37.925919],[-122.538059,37.92592],[-122.538059,37.92592],[-122.538059,37.92592],[-122.538063,37.925926],[-122.538063,37.925926],[-122.538064,37.925927],[-122.538066,37.925932],[-122.538066,37.925933],[-122.538067,37.925934],[-122.538069,37.925938],[-122.538069,37.92594],[-122.538069,37.92594],[-122.538071,37.925946],[-122.538071,37.925946],[-122.538071,37.925946],[-122.538071,37.925947],[-122.538072,37.925953],[-122.538072,37.925953],[-122.538073,37.925955],[-122.538073,37.925959],[-122.538073,37.925961],[-122.538073,37.925961],[-122.538073,37.925967],[-122.538073,37.925968],[-122.538072,37.925968],[-122.538072,37.925968],[-122.538072,37.925974],[-122.538071,37.925974],[-122.538071,37.925975],[-122.538071,37.925976],[-122.53807,37.925981],[-122.538069,37.925982],[-122.538069,37.925983],[-122.538067,37.925987],[-122.538067,37.925988],[-122.538066,37.925989],[-122.538063,37.925995],[-122.537927,37.926181],[-122.537862,37.92629],[-122.537862,37.926291],[-122.537861,37.926292],[-122.537823,37.926372],[-122.537737,37.926586],[-122.537481,37.926448]]]},"properties":{"prop_id":"021-133-09","situsforma":"9 UPPER ARDMORE RD","situsfor_2":"9 UPPER ARDMORE RD  LARKSPUR"}},{"type":"Feature","geometry":{"type":"Polygon","coordinates":[[[-122.546454,37.897371],[-122.546152,37.897319],[-122.546195,37.897191],[-122.546239,37.897077],[-122.546514,37.897134],[-122.546454,37.897371]]]},"properties":{"prop_id":"047-132-27","situsforma":"341 MONTFORD AVE","situsfor_2":"341 MONTFORD AVE  MILL VALLEY"}},{"type":"Feature","geometry":{"type":"Polygon","coordinates":[[[-122.562112,37.899223],[-122.561756,37.899295],[-122.561711,37.899171],[-122.562067,37.89909],[-122.562112,37.899223]]]},"properties":{"prop_id":"046-172-03","situsforma":"5 KENT WAY","situsfor_2":"5 KENT WAY  MILL VALLEY"}},{"type":"Feature","geometry":{"type":"Polygon","coordinates":[[[-122.55568,37.916319],[-122.555781,37.916149],[-122.555786,37.91615],[-122.556153,37.91622],[-122.556144,37.91623],[-122.556086,37.916287],[-122.556111,37.916354],[-122.556145,37.91643],[-122.556451,37.916525],[-122.556485,37.916572],[-122.556236,37.916639],[-122.556009,37.916681],[-122.555575,37.916521],[-122.55568,37.916319]]]},"properties":{"prop_id":"027-083-16","situsforma":"160 RALSTON AVE","situsfor_2":"160 RALSTON AVE  MILL VALLEY"}},{"type":"Feature","geometry":{"type":"Polygon","coordinates":[[[-122.555968,37.902497],[-122.556026,37.90255],[-122.556209,37.902719],[-122.55595,37.903009],[-122.555887,37.902917],[-122.555893,37.902728],[-122.555899,37.902707],[-122.555968,37.902497]]]},"properties":{"prop_id":"028-125-04","situsforma":"306 EDGEWOOD AVE","situsfor_2":"306 EDGEWOOD AVE  MILL VALLEY"}},{"type":"Feature","geometry":{"type":"Polygon","coordinates":[[[-122.552322,37.917273],[-122.551762,37.917568],[-122.551739,37.917537],[-122.552039,37.917103],[-122.552195,37.917111],[-122.552322,37.917273]]]},"properties":{"prop_id":"027-092-04","situsforma":"362 ELDRIDGE AVE","situsfor_2":"362 ELDRIDGE AVE  MILL VALLEY"}},{"type":"Feature","geometry":{"type":"Polygon","coordinates":[[[-122.550772,37.898392],[-122.550607,37.898413],[-122.550405,37.898352],[-122.55064,37.897846],[-122.550772,37.898392]]]},"properties":{"prop_id":"047-112-57","situsforma":"436 LAVERNE AVE","situsfor_2":"436 LAVERNE AVE  MILL VALLEY"}},{"type":"Feature","geometry":{"type":"Polygon","coordinates":[[[-122.551742,37.915157],[-122.551974,37.915443],[-122.551832,37.9155],[-122.551812,37.915478],[-122.551592,37.915222],[-122.551742,37.915157]]]},"properties":{"prop_id":"027-124-06","situsforma":"21 KING ST","situsfor_2":"21 KING ST  MILL VALLEY"}},{"type":"Feature","geometry":{"type":"Polygon","coordinates":[[[-122.544513,37.895292],[-122.544515,37.895289],[-122.544825,37.895393],[-122.54483,37.895394],[-122.544726,37.895544],[-122.544394,37.895449],[-122.544513,37.895292]]]},"properties":{"prop_id":"047-211-07","situsforma":"309 LAVERNE AVE","situsfor_2":"309 LAVERNE AVE  MILL VALLEY"}},{"type":"Feature","geometry":{"type":"Polygon","coordinates":[[[-122.544422,37.909998],[-122.544409,37.909875],[-122.544007,37.909885],[-122.544012,37.909817],[-122.544054,37.909712],[-122.544194,37.909752],[-122.544444,37.909697],[-122.544491,37.909686],[-122.544752,37.909692],[-122.544753,37.909912],[-122.544422,37.909998]]]},"properties":{"prop_id":"029-103-58","situsforma":"271 HILLSIDE AVE","situsfor_2":"271 HILLSIDE AVE  MILL VALLEY"}},{"type":"Feature","geometry":{"type":"Polygon","coordinates":[[[-122.56958,37.904802],[-122.569414,37.904695],[-122.569918,37.904633],[-122.569947,37.904746],[-122.56958,37.904802]]]},"properties":{"prop_id":"045-102-02","situsforma":"","situsfor_2":""}},{"type":"Feature","geometry":{"type":"Polygon","coordinates":[[[-122.558462,37.895],[-122.558466,37.894999],[-122.558522,37.895336],[-122.558591,37.895475],[-122.558588,37.895476],[-122.558312,37.895588],[-122.558124,37.895319],[-122.557979,37.895106],[-122.558462,37.895]]]},"properties":{"prop_id":"046-301-16","situsforma":"240 PANORAMIC HWY","situsfor_2":"240 PANORAMIC HWY  MILL VALLEY"}},{"type":"Feature","geometry":{"type":"Polygon","coordinates":[[[-122.530425,37.925778],[-122.530324,37.925683],[-122.530334,37.925678],[-122.530271,37.925621],[-122.530346,37.925588],[-122.530519,37.925548],[-122.530571,37.9258],[-122.530545,37.925804],[-122.530484,37.925833],[-122.530425,37.925778]]]},"properties":{"prop_id":"025-031-19","situsforma":"311 REDWOOD AVE","situsfor_2":"311 REDWOOD AVE  CORTE MADERA"}},{"type":"Feature","geometry":{"type":"Polygon","coordinates":[[[-122.558164,37.908299],[-122.558191,37.908281],[-122.558304,37.908063],[-122.558488,37.908256],[-122.558601,37.90818],[-122.558667,37.908241],[-122.55869,37.908262],[-122.558373,37.908491],[-122.558164,37.908299]]]},"properties":{"prop_id":"027-212-06","situsforma":"22 EUGENE ST","situsfor_2":"22 EUGENE ST  MILL VALLEY"}},{"type":"Feature","geometry":{"type":"Polygon","coordinates":[[[-122.537603,37.913113],[-122.537603,37.913113],[-122.537588,37.913101],[-122.537587,37.9131],[-122.537587,37.9131],[-122.537587,37.9131],[-122.537573,37.913087],[-122.537573,37.913087],[-122.537572,37.913087],[-122.537572,37.913087],[-122.537559,37.913073],[-122.537559,37.913073],[-122.537559,37.913073],[-122.537559,37.913073],[-122.537548,37.913058],[-122.537548,37.913058],[-122.537548,37.913057],[-122.537533,37.913039],[-122.537532,37.913038],[-122.537532,37.913037],[-122.537516,37.913014],[-122.537516,37.913013],[-122.537516,37.913013],[-122.537502,37.912988],[-122.537636,37.913042],[-122.537735,37.913054],[-122.537884,37.913025],[-122.537914,37.913012],[-122.537875,37.912909],[-122.537976,37.912894],[-122.537995,37.91292],[-122.538031,37.91297],[-122.538124,37.913102],[-122.538423,37.913028],[-122.538714,37.913257],[-122.538676,37.913407],[-122.538645,37.913415],[-122.538645,37.913415],[-122.538644,37.913415],[-122.538601,37.913423],[-122.538601,37.913423],[-122.538601,37.913423],[-122.5386,37.913423],[-122.538556,37.913427],[-122.538556,37.913427],[-122.538556,37.913427],[-122.538555,37.913427],[-122.538512,37.913429],[-122.538511,37.913429],[-122.53851,37.913429],[-122.538467,37.913428],[-122.538465,37.913428],[-122.538464,37.913428],[-122.538422,37.913423],[-122.53842,37.913423],[-122.538419,37.913423],[-122.538377,37.913416],[-122.538376,37.913416],[-122.538375,37.913415],[-122.538335,37.913404],[-122.538335,37.913404],[-122.538333,37.913403],[-122.538296,37.913389],[-122.538295,37.913388],[-122.538294,37.913388],[-122.538258,37.91337],[-122.538257,37.91337],[-122.538256,37.91337],[-122.538222,37.91335],[-122.538221,37.913349],[-122.53822,37.913349],[-122.538187,37.913326],[-122.538187,37.913326],[-122.538187,37.913326],[-122.538155,37.913301],[-122.53812,37.913274],[-122.53812,37.913274],[-122.53812,37.913274],[-122.53812,37.913274],[-122.538082,37.91325],[-122.538082,37.91325],[-122.538081,37.913249],[-122.538041,37.913228],[-122.538041,37.913228],[-122.53804,37.913228],[-122.537999,37.91321],[-122.537998,37.913209],[-122.537997,37.913209],[-122.537954,37.913194],[-122.537954,37.913194],[-122.537953,37.913194],[-122.537908,37.913182],[-122.537907,37.913182],[-122.537906,37.913181],[-122.537861,37.913173],[-122.53786,37.913173],[-122.537858,37.913172],[-122.537814,37.913167],[-122.537812,37.913167],[-122.537811,37.913167],[-122.537771,37.913164],[-122.537763,37.913164],[-122.537762,37.913164],[-122.537743,37.913163],[-122.537742,37.913163],[-122.537741,37.913163],[-122.537721,37.91316],[-122.53772,37.91316],[-122.537719,37.91316],[-122.5377,37.913156],[-122.537699,37.913156],[-122.537698,37.913155],[-122.537679,37.91315],[-122.537678,37.91315],[-122.537677,37.91315],[-122.537659,37.913143],[-122.537658,37.913143],[-122.537657,37.913142],[-122.53764,37.913134],[-122.537639,37.913134],[-122.537638,37.913134],[-122.537621,37.913124],[-122.53762,37.913124],[-122.53762,37.913124],[-122.537604,37.913113],[-122.537603,37.913113]]]},"properties":{"prop_id":"029-280-35","situsforma":"","situsfor_2":""}},{"type":"Feature","geometry":{"type":"Polygon","coordinates":[[[-122.550407,37.916229],[-122.550725,37.916023],[-122.550988,37.915761],[-122.551006,37.915758],[-122.55106,37.915993],[-122.551085,37.916033],[-122.551097,37.916091],[-122.550407,37.916229]]]},"properties":{"prop_id":"027-094-07","situsforma":"293 ELDRIDGE AVE","situsfor_2":"293 ELDRIDGE AVE  MILL VALLEY"}},{"type":"Feature","geometry":{"type":"Polygon","coordinates":[[[-122.547475,37.904497],[-122.547471,37.904499],[-122.547451,37.90447],[-122.547445,37.904471],[-122.547427,37.904445],[-122.547438,37.904441],[-122.547427,37.904424],[-122.547489,37.904401],[-122.547538,37.904474],[-122.547475,37.904497]]]},"properties":{"prop_id":"028-280-03","situsforma":"52 MILLER AVE","situsfor_2":"52 MILLER AVE  MILL VALLEY"}},{"type":"Feature","geometry":{"type":"Polygon","coordinates":[[[-122.540922,37.907036],[-122.541275,37.906836],[-122.541367,37.906951],[-122.540982,37.907133],[-122.540922,37.907036]]]},"properties":{"prop_id":"029-125-22","situsforma":"119 BUENA VISTA AVE","situsfor_2":"119 BUENA VISTA AVE  MILL VALLEY"}},{"type":"Feature","geometry":{"type":"Polygon","coordinates":[[[-122.540731,37.906883],[-122.541087,37.906599],[-122.541178,37.906715],[-122.540841,37.906948],[-122.540731,37.906883]]]},"properties":{"prop_id":"029-125-20","situsforma":"127 BUENA VISTA AVE","situsfor_2":"127 BUENA VISTA AVE  MILL VALLEY"}},{"type":"Feature","geometry":{"type":"Polygon","coordinates":[[[-122.534594,37.911531],[-122.534827,37.911338],[-122.535094,37.911558],[-122.534853,37.911742],[-122.534594,37.911531]]]},"properties":{"prop_id":"029-161-27","situsforma":"69 FAIRWAY DR","situsfor_2":"69 FAIRWAY DR  MILL VALLEY"}},{"type":"Feature","geometry":{"type":"Polygon","coordinates":[[[-122.535525,37.917866],[-122.535594,37.917437],[-122.535761,37.917452],[-122.535785,37.917317],[-122.535789,37.91729],[-122.535797,37.91725],[-122.535842,37.916995],[-122.535842,37.916995],[-122.535824,37.916994],[-122.535796,37.916991],[-122.535796,37.916991],[-122.535815,37.916886],[-122.535817,37.916878],[-122.535828,37.916882],[-122.535828,37.916882],[-122.535839,37.916886],[-122.53584,37.916886],[-122.535845,37.916888],[-122.535845,37.916888],[-122.535847,37.916889],[-122.535851,37.91689],[-122.535851,37.91689],[-122.535851,37.91689],[-122.535851,37.91689],[-122.535857,37.916892],[-122.535863,37.916893],[-122.535863,37.916893],[-122.535863,37.916893],[-122.535869,37.916895],[-122.535874,37.916896],[-122.535875,37.916896],[-122.535875,37.916896],[-122.535876,37.916897],[-122.535876,37.916897],[-122.535877,37.916897],[-122.535878,37.916897],[-122.535878,37.916897],[-122.535881,37.916898],[-122.535886,37.916899],[-122.535887,37.916899],[-122.535887,37.916899],[-122.535888,37.916899],[-122.5359,37.916902],[-122.535912,37.916904],[-122.535924,37.916905],[-122.535931,37.916906],[-122.535932,37.916906],[-122.535936,37.916907],[-122.535948,37.916908],[-122.53596,37.91691],[-122.535964,37.91691],[-122.535965,37.916911],[-122.535972,37.916912],[-122.535984,37.916914],[-122.535994,37.916916],[-122.535995,37.916916],[-122.535995,37.916916],[-122.535995,37.916916],[-122.536007,37.916918],[-122.536019,37.916919],[-122.536024,37.91692],[-122.536025,37.91692],[-122.536026,37.91692],[-122.53603,37.91692],[-122.536042,37.916921],[-122.536053,37.916922],[-122.536089,37.917015],[-122.536089,37.917015],[-122.536277,37.91703],[-122.536472,37.917045],[-122.536473,37.917045],[-122.536664,37.91706],[-122.536871,37.917086],[-122.536871,37.917086],[-122.536808,37.917407],[-122.536695,37.917983],[-122.536694,37.917988],[-122.536091,37.917928],[-122.535524,37.917872],[-122.535525,37.917866]]]},"properties":{"prop_id":"029-320-32","situsforma":"18 SHERIDAN CT","situsfor_2":"18 SHERIDAN CT  MILL VALLEY"}},{"type":"Feature","geometry":{"type":"Polygon","coordinates":[[[-122.533359,37.901705],[-122.533255,37.901658],[-122.533386,37.90157],[-122.533734,37.901729],[-122.533606,37.901818],[-122.533359,37.901705]]]},"properties":{"prop_id":"030-034-15","situsforma":"240 ELM AVE","situsfor_2":"240 ELM AVE  MILL VALLEY"}},{"type":"Feature","geometry":{"type":"Polygon","coordinates":[[[-122.53135,37.927853],[-122.531227,37.927731],[-122.531227,37.927731],[-122.531227,37.927731],[-122.53123,37.927731],[-122.53123,37.927731],[-122.531268,37.92773],[-122.531311,37.927729],[-122.531286,37.927703],[-122.531553,37.92754],[-122.531757,37.927734],[-122.531757,37.927734],[-122.531408,37.927732],[-122.531409,37.927732],[-122.531533,37.927853],[-122.53135,37.927853]]]},"properties":{"prop_id":"025-015-37","situsforma":"10 CORTE MADERA AVE","situsfor_2":"10 CORTE MADERA AVE  CORTE MADERA"}},{"type":"Feature","geometry":{"type":"Polygon","coordinates":[[[-122.534478,37.898706],[-122.534759,37.898474],[-122.534922,37.898544],[-122.53477,37.898664],[-122.534742,37.898686],[-122.534649,37.898757],[-122.53455,37.898832],[-122.534547,37.898831],[-122.534438,37.898743],[-122.534436,37.898741],[-122.534436,37.898741],[-122.534478,37.898706]]]},"properties":{"prop_id":"030-056-19","situsforma":"239 SYCAMORE AVE","situsfor_2":"239 SYCAMORE AVE  MILL VALLEY"}},{"type":"Feature","geometry":{"type":"Polygon","coordinates":[[[-122.528851,37.924027],[-122.528882,37.923985],[-122.52897,37.92392],[-122.529217,37.924123],[-122.529178,37.924159],[-122.529177,37.92416],[-122.529176,37.924161],[-122.529154,37.924184],[-122.528851,37.924027]]]},"properties":{"prop_id":"025-095-02","situsforma":"7 GROVE AVE","situsfor_2":"7 GROVE AVE  CORTE MADERA"}},{"type":"Feature","geometry":{"type":"Polygon","coordinates":[[[-122.551357,37.902027],[-122.551568,37.90173],[-122.551808,37.901897],[-122.551636,37.902193],[-122.551494,37.902436],[-122.551327,37.902217],[-122.551232,37.902199],[-122.551357,37.902027]]]},"properties":{"prop_id":"028-153-04","situsforma":"431 MARION AVE","situsfor_2":"431 MARION AVE  MILL VALLEY"}},{"type":"Feature","geometry":{"type":"Polygon","coordinates":[[[-122.564174,37.909904],[-122.563458,37.910066],[-122.563494,37.909895],[-122.56348,37.909819],[-122.563706,37.909772],[-122.563876,37.909752],[-122.564103,37.909773],[-122.564174,37.909904]]]},"properties":{"prop_id":"027-201-16","situsforma":"391 MONTE VISTA AVE","situsfor_2":"391 MONTE VISTA AVE  MILL VALLEY"}},{"type":"Feature","geometry":{"type":"Polygon","coordinates":[[[-122.559821,37.923919],[-122.559821,37.923919],[-122.559746,37.924324],[-122.559746,37.924325],[-122.559691,37.924371],[-122.559651,37.924405],[-122.559242,37.924337],[-122.559233,37.924306],[-122.559145,37.923991],[-122.55982,37.923919],[-122.559821,37.923919]]]},"properties":{"prop_id":"027-011-16","situsforma":"","situsfor_2":""}},{"type":"Feature","geometry":{"type":"Polygon","coordinates":[[[-122.531477,37.900885],[-122.531694,37.900598],[-122.531841,37.900672],[-122.531637,37.900955],[-122.531496,37.900894],[-122.531477,37.900885]]]},"properties":{"prop_id":"030-035-13","situsforma":"37 JUANITA AVE","situsfor_2":"37 JUANITA AVE  MILL VALLEY"}},{"type":"Feature","geometry":{"type":"Polygon","coordinates":[[[-122.555027,37.907424],[-122.555017,37.907436],[-122.5549,37.907586],[-122.554713,37.90752],[-122.554539,37.907384],[-122.55462,37.907282],[-122.554633,37.907265],[-122.554889,37.907341],[-122.554911,37.907313],[-122.555071,37.907364],[-122.555027,37.907424]]]},"properties":{"prop_id":"027-222-25","situsforma":"17 CORNELIA AVE","situsfor_2":"17 CORNELIA AVE  MILL VALLEY"}},{"type":"Feature","geometry":{"type":"Polygon","coordinates":[[[-122.534688,37.896521],[-122.534688,37.89652],[-122.534728,37.896564],[-122.534727,37.896565],[-122.534622,37.896702],[-122.534569,37.896676],[-122.534578,37.896664],[-122.534688,37.896521]]]},"properties":{"prop_id":"030-271-45","situsforma":"45 PARK TER","situsfor_2":"45 PARK TER  MILL VALLEY"}},{"type":"Feature","geometry":{"type":"Polygon","coordinates":[[[-122.55882,37.908925],[-122.55882,37.908924],[-122.558912,37.90901],[-122.558988,37.909081],[-122.55897,37.909097],[-122.558966,37.909101],[-122.558966,37.909113],[-122.558972,37.909505],[-122.558971,37.909508],[-122.558971,37.909509],[-122.55897,37.909512],[-122.55897,37.909513],[-122.558969,37.909514],[-122.558968,37.909516],[-122.558968,37.909518],[-122.558967,37.909518],[-122.558967,37.909518],[-122.558966,37.90952],[-122.558965,37.909522],[-122.558965,37.909522],[-122.558964,37.909523],[-122.558963,37.909525],[-122.558962,37.909526],[-122.558962,37.909526],[-122.558961,37.909527],[-122.558959,37.909529],[-122.558958,37.90953],[-122.558958,37.90953],[-122.558958,37.90953],[-122.558954,37.909534],[-122.55895,37.909537],[-122.55895,37.909537],[-122.55895,37.909537],[-122.558948,37.909538],[-122.558945,37.90954],[-122.558945,37.90954],[-122.558945,37.90954],[-122.558943,37.909541],[-122.558941,37.909542],[-122.55894,37.909543],[-122.55894,37.909543],[-122.558938,37.909544],[-122.558936,37.909545],[-122.558935,37.909545],[-122.558934,37.909545],[-122.558933,37.909546],[-122.55893,37.909547],[-122.558929,37.909547],[-122.558927,37.909548],[-122.558924,37.909549],[-122.558923,37.909549],[-122.558921,37.909549],[-122.558918,37.90955],[-122.558917,37.90955],[-122.558915,37.90955],[-122.558912,37.909551],[-122.558911,37.909551],[-122.558909,37.909551],[-122.558906,37.909551],[-122.558905,37.909551],[-122.558903,37.909551],[-122.5589,37.909551],[-122.558899,37.909551],[-122.558897,37.909551],[-122.558894,37.909551],[-122.558892,37.909551],[-122.558891,37.909551],[-122.558888,37.90955],[-122.558886,37.90955],[-122.558886,37.90955],[-122.558882,37.909549],[-122.55888,37.909548],[-122.55888,37.909548],[-122.558879,37.909548],[-122.558877,37.909547],[-122.558875,37.909547],[-122.558874,37.909547],[-122.558874,37.909546],[-122.558871,37.909545],[-122.558869,37.909545],[-122.558869,37.909545],[-122.558868,37.909544],[-122.558865,37.909543],[-122.558864,37.909542],[-122.558864,37.909542],[-122.558863,37.909542],[-122.558859,37.909539],[-122.558536,37.909432],[-122.558467,37.909369],[-122.558758,37.909157],[-122.558744,37.909144],[-122.558639,37.909047],[-122.55882,37.908925]]]},"properties":{"prop_id":"027-212-23","situsforma":"519 THROCKMORTON AVE","situsfor_2":"519 THROCKMORTON AVE  MILL VALLEY"}},{"type":"Feature","geometry":{"type":"Polygon","coordinates":[[[-122.537047,37.922733],[-122.537026,37.922911],[-122.537069,37.923027],[-122.536956,37.922984],[-122.536806,37.922876],[-122.536723,37.922786],[-122.537047,37.922733]]]},"properties":{"prop_id":"021-163-01","situsforma":"251 SUMMIT DR","situsfor_2":"251 SUMMIT DR  CORTE MADERA"}},{"type":"Feature","geometry":{"type":"Polygon","coordinates":[[[-122.531813,37.925311],[-122.531832,37.925308],[-122.531832,37.925308],[-122.531833,37.925328],[-122.531899,37.925418],[-122.531703,37.925521],[-122.53169,37.925329],[-122.531813,37.925311]]]},"properties":{"prop_id":"025-031-12","situsforma":"341 REDWOOD AVE","situsfor_2":"341 REDWOOD AVE  CORTE MADERA"}},{"type":"Feature","geometry":{"type":"Polygon","coordinates":[[[-122.532895,37.923217],[-122.532994,37.923123],[-122.533133,37.923011],[-122.533304,37.922923],[-122.533598,37.922824],[-122.533176,37.923246],[-122.533092,37.923191],[-122.532576,37.923486],[-122.532895,37.923217]]]},"properties":{"prop_id":"025-084-15","situsforma":"630 REDWOOD AVE","situsfor_2":"630 REDWOOD AVE  CORTE MADERA"}},{"type":"Feature","geometry":{"type":"Polygon","coordinates":[[[-122.538801,37.90043],[-122.538824,37.900413],[-122.53888,37.900465],[-122.5389,37.900484],[-122.538936,37.900516],[-122.538936,37.900516],[-122.538912,37.900533],[-122.538801,37.90043]]]},"properties":{"prop_id":"028-222-82","situsforma":"","situsfor_2":""}},{"type":"Feature","geometry":{"type":"Polygon","coordinates":[[[-122.546735,37.903626],[-122.546761,37.903659],[-122.546608,37.90376],[-122.546553,37.903711],[-122.546423,37.903609],[-122.546587,37.903449],[-122.546676,37.903437],[-122.546735,37.903626]]]},"properties":{"prop_id":"028-063-22","situsforma":"167 ETHEL AVE","situsfor_2":"167 ETHEL AVE  MILL VALLEY"}},{"type":"Feature","geometry":{"type":"Polygon","coordinates":[[[-122.538577,37.927783],[-122.538022,37.927769],[-122.538005,37.927768],[-122.538025,37.927714],[-122.538025,37.927714],[-122.538228,37.927143],[-122.538322,37.926867],[-122.538385,37.926663],[-122.538385,37.926662],[-122.538388,37.926653],[-122.538384,37.926276],[-122.538383,37.926159],[-122.538406,37.925689],[-122.538406,37.925687],[-122.538409,37.925626],[-122.538409,37.925626],[-122.542062,37.925629],[-122.542102,37.927228],[-122.542116,37.9278],[-122.542116,37.927801],[-122.542116,37.927804],[-122.538577,37.927783]]]},"properties":{"prop_id":"021-240-35","situsforma":"","situsfor_2":""}},{"type":"Feature","geometry":{"type":"Polygon","coordinates":[[[-122.557904,37.897631],[-122.557822,37.897518],[-122.557808,37.897499],[-122.557792,37.897477],[-122.557896,37.897419],[-122.557994,37.897363],[-122.558017,37.897407],[-122.558096,37.897523],[-122.557904,37.897631]]]},"properties":{"prop_id":"047-092-29","situsforma":"650 AMARANTH BLVD","situsfor_2":"650 AMARANTH BLVD  MILL VALLEY"}},{"type":"Feature","geometry":{"type":"Polygon","coordinates":[[[-122.560943,37.896131],[-122.560947,37.896128],[-122.560947,37.896141],[-122.560947,37.896142],[-122.560949,37.896419],[-122.560948,37.896421],[-122.56086,37.896563],[-122.560668,37.896878],[-122.560475,37.896773],[-122.5604,37.89659],[-122.560497,37.896425],[-122.560808,37.89622],[-122.560941,37.896132],[-122.560941,37.896132],[-122.560943,37.896131]]]},"properties":{"prop_id":"046-271-16","situsforma":"301 PANORAMIC HWY","situsfor_2":"301 PANORAMIC HWY  MILL VALLEY"}},{"type":"Feature","geometry":{"type":"Polygon","coordinates":[[[-122.536059,37.900833],[-122.536376,37.900602],[-122.536477,37.900721],[-122.536155,37.900947],[-122.536061,37.900835],[-122.536059,37.900833]]]},"properties":{"prop_id":"030-051-01","situsforma":"101 LOCUST AVE","situsfor_2":"101 LOCUST AVE  MILL VALLEY"}},{"type":"Feature","geometry":{"type":"Polygon","coordinates":[[[-122.53956,37.895835],[-122.539683,37.895479],[-122.539817,37.895508],[-122.539694,37.895865],[-122.53956,37.895835]]]},"properties":{"prop_id":"047-191-48","situsforma":"206 EVERGREEN AVE","situsfor_2":"206 EVERGREEN AVE  MILL VALLEY"}},{"type":"Feature","geometry":{"type":"Polygon","coordinates":[[[-122.54076,37.905027],[-122.540733,37.904891],[-122.540934,37.904891],[-122.540933,37.904899],[-122.541166,37.9049],[-122.541194,37.90503],[-122.54076,37.905027]]]},"properties":{"prop_id":"029-191-20","situsforma":"35 CARMELITA AVE","situsfor_2":"35 CARMELITA AVE  MILL VALLEY"}},{"type":"Feature","geometry":{"type":"Polygon","coordinates":[[[-122.539425,37.921924],[-122.539448,37.920293],[-122.539648,37.920285],[-122.540281,37.920262],[-122.540294,37.92081],[-122.541018,37.920797],[-122.541006,37.92025],[-122.546993,37.920107],[-122.546996,37.920107],[-122.547033,37.921685],[-122.547034,37.921713],[-122.547036,37.921785],[-122.547036,37.921786],[-122.546462,37.921796],[-122.546462,37.921796],[-122.546251,37.9218],[-122.54625,37.9218],[-122.54201,37.921877],[-122.541948,37.921879],[-122.541947,37.921879],[-122.541938,37.921879],[-122.539426,37.921925],[-122.539425,37.921925],[-122.539425,37.921924]]]},"properties":{"prop_id":"029-300-17","situsforma":"","situsfor_2":""}},{"type":"Feature","geometry":{"type":"Polygon","coordinates":[[[-122.569247,37.91398],[-122.569253,37.913601],[-122.569256,37.913455],[-122.569271,37.913483],[-122.569313,37.913728],[-122.56942,37.913537],[-122.569493,37.913558],[-122.569472,37.913683],[-122.569506,37.913758],[-122.569578,37.91392],[-122.569617,37.914006],[-122.569557,37.914104],[-122.569246,37.914054],[-122.569247,37.91398]]]},"properties":{"prop_id":"027-153-62","situsforma":"90 EVELYN AVE","situsfor_2":"90 EVELYN AVE  MILL VALLEY"}},{"type":"Feature","geometry":{"type":"Polygon","coordinates":[[[-122.543112,37.906516],[-122.543121,37.906171],[-122.543301,37.906172],[-122.543292,37.906517],[-122.543173,37.906516],[-122.543112,37.906516]]]},"properties":{"prop_id":"029-184-29","situsforma":"95 SUNNYSIDE AVE","situsfor_2":"95 SUNNYSIDE AVE  MILL VALLEY"}},{"type":"Feature","geometry":{"type":"Polygon","coordinates":[[[-122.536358,37.903978],[-122.536193,37.903975],[-122.5362,37.903709],[-122.536372,37.903712],[-122.536358,37.903978]]]},"properties":{"prop_id":"029-214-12","situsforma":"11 ALTA VISTA AVE","situsfor_2":"11 ALTA VISTA AVE  MILL VALLEY"}},{"type":"Feature","geometry":{"type":"Polygon","coordinates":[[[-122.539558,37.910479],[-122.539546,37.910372],[-122.539567,37.910371],[-122.539615,37.91037],[-122.539634,37.91037],[-122.539653,37.910369],[-122.539869,37.910353],[-122.539885,37.910481],[-122.53994,37.910636],[-122.539604,37.91068],[-122.539582,37.910682],[-122.539558,37.910479]]]},"properties":{"prop_id":"029-082-05","situsforma":"191 ELINOR AVE","situsfor_2":"191 ELINOR AVE  MILL VALLEY"}},{"type":"Feature","geometry":{"type":"Polygon","coordinates":[[[-122.538121,37.897656],[-122.538301,37.897527],[-122.538302,37.897529],[-122.538443,37.897783],[-122.538224,37.897953],[-122.53808,37.89783],[-122.538118,37.897802],[-122.538028,37.897723],[-122.538028,37.897723],[-122.538121,37.897656]]]},"properties":{"prop_id":"028-213-36","situsforma":"491 ETHEL AVE","situsfor_2":"491 ETHEL AVE  MILL VALLEY"}},{"type":"Feature","geometry":{"type":"Polygon","coordinates":[[[-122.563289,37.906004],[-122.563922,37.905927],[-122.563941,37.905955],[-122.563993,37.906032],[-122.564032,37.906046],[-122.564106,37.906071],[-122.564101,37.906076],[-122.564026,37.90614],[-122.56393,37.906197],[-122.563771,37.906292],[-122.563456,37.906427],[-122.563258,37.906396],[-122.563231,37.906392],[-122.563122,37.906335],[-122.56314,37.906216],[-122.563289,37.906004]]]},"properties":{"prop_id":"027-237-11","situsforma":"265 ROSE AVE","situsfor_2":"265 ROSE AVE  MILL VALLEY"}},{"type":"Feature","geometry":{"type":"Polygon","coordinates":[[[-122.535998,37.924685],[-122.536018,37.924669],[-122.53602,37.924667],[-122.536021,37.924667],[-122.536082,37.924622],[-122.536084,37.924621],[-122.536085,37.92462],[-122.536148,37.924582],[-122.536149,37.924582],[-122.53615,37.924581],[-122.536218,37.924548],[-122.536218,37.924547],[-122.536219,37.924547],[-122.536291,37.924518],[-122.536298,37.924515],[-122.536298,37.924515],[-122.536299,37.924515],[-122.5363,37.924515],[-122.536306,37.924513],[-122.536307,37.924513],[-122.536308,37.924513],[-122.536315,37.924512],[-122.536316,37.924511],[-122.536317,37.924511],[-122.536317,37.924511],[-122.536324,37.924511],[-122.536325,37.924511],[-122.536325,37.924511],[-122.536326,37.924511],[-122.536333,37.92451],[-122.536334,37.92451],[-122.536335,37.92451],[-122.536341,37.924511],[-122.536343,37.924511],[-122.536344,37.924511],[-122.536351,37.924512],[-122.536352,37.924512],[-122.536352,37.924512],[-122.536353,37.924512],[-122.53636,37.924513],[-122.536361,37.924513],[-122.536362,37.924514],[-122.536368,37.924515],[-122.536369,37.924516],[-122.53637,37.924516],[-122.536377,37.924518],[-122.536378,37.924518],[-122.536378,37.924518],[-122.536378,37.924519],[-122.536385,37.924521],[-122.536386,37.924522],[-122.536387,37.924522],[-122.536392,37.924524],[-122.536393,37.924525],[-122.536394,37.924526],[-122.536401,37.92453],[-122.53645,37.924607],[-122.536461,37.924621],[-122.536461,37.924621],[-122.536461,37.924621],[-122.536461,37.924622],[-122.536473,37.924635],[-122.536473,37.924636],[-122.536474,37.924636],[-122.536487,37.924648],[-122.536487,37.924649],[-122.536488,37.924649],[-122.536502,37.92466],[-122.536502,37.924661],[-122.536503,37.924661],[-122.536518,37.924671],[-122.536519,37.924672],[-122.536524,37.924675],[-122.536405,37.924855],[-122.535998,37.924685]]]},"properties":{"prop_id":"021-152-25","situsforma":"201 MARINA VISTA AVE","situsfor_2":"201 MARINA VISTA AVE  LARKSPUR"}},{"type":"Feature","geometry":{"type":"Polygon","coordinates":[[[-122.562121,37.903976],[-122.562569,37.903953],[-122.562571,37.904158],[-122.562416,37.904191],[-122.562315,37.904384],[-122.562303,37.904406],[-122.562299,37.904403],[-122.562294,37.9044],[-122.562289,37.904397],[-122.562283,37.904395],[-122.562278,37.904393],[-122.562272,37.904391],[-122.562266,37.90439],[-122.56226,37.90439],[-122.562253,37.904389],[-122.562247,37.904389],[-122.562241,37.90439],[-122.562235,37.904391],[-122.562229,37.904392],[-122.562223,37.904394],[-122.562217,37.904396],[-122.562212,37.904399],[-122.562207,37.904402],[-122.562202,37.904405],[-122.562198,37.904408],[-122.562194,37.904412],[-122.562191,37.904416],[-122.562188,37.90442],[-122.562185,37.904424],[-122.562183,37.904429],[-122.562182,37.904434],[-122.562182,37.904434],[-122.562166,37.904405],[-122.56197,37.904048],[-122.562121,37.903976]]]},"properties":{"prop_id":"027-251-22","situsforma":"347 HAZEL AVE","situsfor_2":"347 HAZEL AVE  MILL VALLEY"}},{"type":"Feature","geometry":{"type":"Polygon","coordinates":[[[-122.550677,37.913044],[-122.551111,37.912749],[-122.551163,37.912714],[-122.55118,37.912863],[-122.551131,37.912896],[-122.550749,37.91315],[-122.550677,37.913044]]]},"properties":{"prop_id":"029-042-64","situsforma":"205 W BLITHEDALE AVE","situsfor_2":"205 W BLITHEDALE AVE  MILL VALLEY"}},{"type":"Feature","geometry":{"type":"Polygon","coordinates":[[[-122.540743,37.907887],[-122.541094,37.907762],[-122.541143,37.907892],[-122.540778,37.908021],[-122.540743,37.907887]]]},"properties":{"prop_id":"029-123-04","situsforma":"7 CIRCLE AVE","situsfor_2":"7 CIRCLE AVE  MILL VALLEY"}},{"type":"Feature","geometry":{"type":"Polygon","coordinates":[[[-122.551205,37.906324],[-122.551484,37.90599],[-122.551555,37.906025],[-122.551272,37.906358],[-122.551272,37.906359],[-122.551225,37.906334],[-122.551205,37.906324]]]},"properties":{"prop_id":"028-052-14","situsforma":"94 LOVELL AVE","situsfor_2":"94 LOVELL AVE  MILL VALLEY"}},{"type":"Feature","geometry":{"type":"Polygon","coordinates":[[[-122.549316,37.911329],[-122.549065,37.911509],[-122.548955,37.91138],[-122.549011,37.911342],[-122.549103,37.91116],[-122.549316,37.911329]]]},"properties":{"prop_id":"029-051-03","situsforma":"143 W BLITHEDALE AVE","situsfor_2":"143 W BLITHEDALE AVE  MILL VALLEY"}},{"type":"Feature","geometry":{"type":"Polygon","coordinates":[[[-122.530528,37.901249],[-122.530666,37.900969],[-122.530839,37.901044],[-122.530675,37.90128],[-122.530655,37.901309],[-122.530652,37.901308],[-122.530536,37.901257],[-122.530526,37.901253],[-122.530528,37.901249]]]},"properties":{"prop_id":"030-021-30","situsforma":"527 E BLITHEDALE AVE","situsfor_2":"527 E BLITHEDALE AVE  MILL VALLEY"}},{"type":"Feature","geometry":{"type":"Polygon","coordinates":[[[-122.555808,37.90535],[-122.555835,37.905317],[-122.55602,37.905094],[-122.556581,37.904849],[-122.556584,37.904862],[-122.556573,37.904868],[-122.556553,37.904938],[-122.556547,37.904939],[-122.556548,37.904983],[-122.556424,37.904989],[-122.556416,37.904993],[-122.556266,37.905026],[-122.556297,37.905219],[-122.556198,37.905306],[-122.556086,37.905348],[-122.556003,37.905409],[-122.555967,37.905435],[-122.555808,37.90535]]]},"properties":{"prop_id":"028-082-38","situsforma":"209 MARION AVE","situsfor_2":"209 MARION AVE  MILL VALLEY"}},{"type":"Feature","geometry":{"type":"Polygon","coordinates":[[[-122.556585,37.907048],[-122.556585,37.907047],[-122.556591,37.907052],[-122.5566,37.907061],[-122.556824,37.907271],[-122.556821,37.907273],[-122.556465,37.907517],[-122.556242,37.907298],[-122.556585,37.907048]]]},"properties":{"prop_id":"027-242-05","situsforma":"445 THROCKMORTON AVE","situsfor_2":"445 THROCKMORTON AVE  MILL VALLEY"}},{"type":"Feature","geometry":{"type":"Polygon","coordinates":[[[-122.556209,37.902719],[-122.556282,37.902788],[-122.556579,37.902754],[-122.556281,37.903096],[-122.555959,37.903025],[-122.55595,37.903009],[-122.556209,37.902719]]]},"properties":{"prop_id":"028-125-03","situsforma":"73 HAZEL AVE","situsfor_2":"73 HAZEL AVE  MILL VALLEY"}},{"type":"Feature","geometry":{"type":"Polygon","coordinates":[[[-122.530989,37.925094],[-122.530846,37.925039],[-122.531144,37.924741],[-122.531193,37.924795],[-122.531042,37.92509],[-122.530989,37.925094]]]},"properties":{"prop_id":"025-033-02","situsforma":"406 REDWOOD AVE","situsfor_2":"406 REDWOOD AVE  CORTE MADERA"}},{"type":"Feature","geometry":{"type":"Polygon","coordinates":[[[-122.561351,37.899415],[-122.561717,37.899332],[-122.561809,37.899588],[-122.561442,37.899664],[-122.561442,37.899664],[-122.561438,37.899664],[-122.561354,37.899424],[-122.561353,37.899422],[-122.561351,37.899415]]]},"properties":{"prop_id":"046-173-05","situsforma":"70 PALM WAY","situsfor_2":"70 PALM WAY  MILL VALLEY"}},{"type":"Feature","geometry":{"type":"Polygon","coordinates":[[[-122.529267,37.927933],[-122.529341,37.927896],[-122.529387,37.927955],[-122.529435,37.928016],[-122.529477,37.928075],[-122.529514,37.928139],[-122.52938,37.928206],[-122.529448,37.928294],[-122.529515,37.928379],[-122.529548,37.928414],[-122.52947,37.928419],[-122.529334,37.928426],[-122.529209,37.928434],[-122.529121,37.928439],[-122.528953,37.928448],[-122.528942,37.928278],[-122.528813,37.928137],[-122.528379,37.928202],[-122.528316,37.927916],[-122.52869,37.927734],[-122.528968,37.928078],[-122.529042,37.928042],[-122.529267,37.927933]]]},"properties":{"prop_id":"024-096-22","situsforma":"25 WILLOW AVE A","situsfor_2":"25 WILLOW AVE A CORTE MADERA"}},{"type":"Feature","geometry":{"type":"Polygon","coordinates":[[[-122.561096,37.902199],[-122.561301,37.90217],[-122.56146,37.902149],[-122.561833,37.902115],[-122.561813,37.90218],[-122.56144,37.902219],[-122.561318,37.902234],[-122.561075,37.902271],[-122.561096,37.902199]]]},"properties":{"prop_id":"045-223-26","situsforma":"45 MONO WAY","situsfor_2":"45 MONO WAY  MILL VALLEY"}},{"type":"Feature","geometry":{"type":"Polygon","coordinates":[[[-122.528952,37.923436],[-122.529184,37.92364],[-122.529047,37.923728],[-122.528827,37.923515],[-122.528952,37.923436]]]},"properties":{"prop_id":"025-096-06","situsforma":"16 GROVE AVE","situsfor_2":"16 GROVE AVE  CORTE MADERA"}},{"type":"Feature","geometry":{"type":"Polygon","coordinates":[[[-122.565381,37.897147],[-122.565382,37.897145],[-122.565683,37.897265],[-122.565935,37.897485],[-122.565916,37.897509],[-122.565914,37.897511],[-122.565517,37.897897],[-122.56512,37.897761],[-122.565381,37.897147]]]},"properties":{"prop_id":"046-212-23","situsforma":"55 RIDGE AVE","situsfor_2":"55 RIDGE AVE  MILL VALLEY"}},{"type":"Feature","geometry":{"type":"Polygon","coordinates":[[[-122.533174,37.926054],[-122.533451,37.925925],[-122.53346,37.925938],[-122.533109,37.926104],[-122.533097,37.92609],[-122.533174,37.926054]]]},"properties":{"prop_id":"025-012-15","situsforma":"","situsfor_2":""}},{"type":"Feature","geometry":{"type":"Polygon","coordinates":[[[-122.550612,37.905502],[-122.550724,37.90584],[-122.55062,37.905874],[-122.550509,37.905522],[-122.550612,37.905502]]]},"properties":{"prop_id":"028-055-22","situsforma":"73 LOVELL AVE","situsfor_2":"73 LOVELL AVE  MILL VALLEY"}},{"type":"Feature","geometry":{"type":"Polygon","coordinates":[[[-122.543237,37.895649],[-122.543244,37.895649],[-122.543159,37.895927],[-122.542976,37.89595],[-122.543071,37.895655],[-122.543071,37.895653],[-122.543237,37.895649]]]},"properties":{"prop_id":"047-221-16","situsforma":"265 EVERGREEN AVE","situsfor_2":"265 EVERGREEN AVE  MILL VALLEY"}},{"type":"Feature","geometry":{"type":"Polygon","coordinates":[[[-122.547776,37.908416],[-122.548354,37.908376],[-122.548372,37.908425],[-122.548319,37.908542],[-122.547824,37.908576],[-122.547805,37.908597],[-122.547766,37.908536],[-122.54775,37.908512],[-122.547776,37.908416]]]},"properties":{"prop_id":"029-101-13","situsforma":"58 CORTE MADERA AVE","situsfor_2":"58 CORTE MADERA AVE  MILL VALLEY"}},{"type":"Feature","geometry":{"type":"Polygon","coordinates":[[[-122.531449,37.90246],[-122.531306,37.902398],[-122.531345,37.902338],[-122.5315,37.902093],[-122.531643,37.902156],[-122.531449,37.90246]]]},"properties":{"prop_id":"030-021-10","situsforma":"11 ALTAMONT AVE","situsfor_2":"11 ALTAMONT AVE  MILL VALLEY"}},{"type":"Feature","geometry":{"type":"Polygon","coordinates":[[[-122.535255,37.923763],[-122.53496,37.923704],[-122.534958,37.923685],[-122.534948,37.923613],[-122.534837,37.923532],[-122.534964,37.923447],[-122.535268,37.923542],[-122.535268,37.923554],[-122.535299,37.923682],[-122.535255,37.923763]]]},"properties":{"prop_id":"025-082-05","situsforma":"101 SUMMIT DR","situsfor_2":"101 SUMMIT DR  CORTE MADERA"}},{"type":"Feature","geometry":{"type":"Polygon","coordinates":[[[-122.547111,37.903165],[-122.547406,37.903443],[-122.54718,37.903618],[-122.547034,37.903538],[-122.547126,37.903386],[-122.547056,37.903347],[-122.547024,37.903224],[-122.547111,37.903165]]]},"properties":{"prop_id":"028-112-15","situsforma":"24 HEUTERS LN","situsfor_2":"24 HEUTERS LN  MILL VALLEY"}},{"type":"Feature","geometry":{"type":"Polygon","coordinates":[[[-122.557855,37.904172],[-122.557859,37.904059],[-122.557936,37.904022],[-122.558304,37.904205],[-122.558296,37.904344],[-122.558003,37.904362],[-122.557855,37.904172]]]},"properties":{"prop_id":"028-123-19","situsforma":"","situsfor_2":""}},{"type":"Feature","geometry":{"type":"Polygon","coordinates":[[[-122.555182,37.898953],[-122.555203,37.898951],[-122.555222,37.898773],[-122.555485,37.898807],[-122.555481,37.898867],[-122.555476,37.898935],[-122.555179,37.898984],[-122.555182,37.898953]]]},"properties":{"prop_id":"047-082-28","situsforma":"506 PARK WAY","situsfor_2":"506 PARK WAY  MILL VALLEY"}},{"type":"Feature","geometry":{"type":"Polygon","coordinates":[[[-122.538343,37.894107],[-122.538334,37.894093],[-122.53823,37.89392],[-122.538289,37.893911],[-122.538321,37.893755],[-122.538528,37.893991],[-122.538643,37.894008],[-122.538647,37.894009],[-122.538397,37.894197],[-122.538396,37.894195],[-122.538343,37.894107]]]},"properties":{"prop_id":"048-061-51","situsforma":"104 LAVERNE AVE","situsfor_2":"104 LAVERNE AVE  MILL VALLEY"}},{"type":"Feature","geometry":{"type":"Polygon","coordinates":[[[-122.553752,37.919119],[-122.553233,37.919252],[-122.553081,37.919082],[-122.553715,37.918981],[-122.553737,37.919073],[-122.553752,37.919119]]]},"properties":{"prop_id":"027-051-03","situsforma":"400 W BLITHEDALE AVE","situsfor_2":"400 W BLITHEDALE AVE  MILL VALLEY"}},{"type":"Feature","geometry":{"type":"Polygon","coordinates":[[[-122.564174,37.909904],[-122.564103,37.909773],[-122.564045,37.909628],[-122.563988,37.909526],[-122.564093,37.909503],[-122.564486,37.909599],[-122.564492,37.909712],[-122.564565,37.909814],[-122.564567,37.909815],[-122.564174,37.909904]]]},"properties":{"prop_id":"027-201-01","situsforma":"427 ROSE AVE","situsfor_2":"427 ROSE AVE  MILL VALLEY"}},{"type":"Feature","geometry":{"type":"Polygon","coordinates":[[[-122.532067,37.92299],[-122.532069,37.922967],[-122.532092,37.922851],[-122.532177,37.922759],[-122.532254,37.922746],[-122.53218,37.922873],[-122.532201,37.92305],[-122.532067,37.92299]]]},"properties":{"prop_id":"025-092-04","situsforma":"500 REDWOOD AVE","situsfor_2":"500 REDWOOD AVE  CORTE MADERA"}},{"type":"Feature","geometry":{"type":"Polygon","coordinates":[[[-122.544626,37.902092],[-122.544419,37.902374],[-122.54435,37.902305],[-122.54415,37.902218],[-122.544626,37.902092]]]},"properties":{"prop_id":"028-072-41","situsforma":"257 ETHEL AVE","situsfor_2":"257 ETHEL AVE  MILL VALLEY"}},{"type":"Feature","geometry":{"type":"Polygon","coordinates":[[[-122.556579,37.902754],[-122.556762,37.902733],[-122.556448,37.903133],[-122.556281,37.903096],[-122.556579,37.902754]]]},"properties":{"prop_id":"028-125-01","situsforma":"312 EDGEWOOD AVE","situsfor_2":"312 EDGEWOOD AVE  MILL VALLEY"}},{"type":"Feature","geometry":{"type":"Polygon","coordinates":[[[-122.537285,37.89525],[-122.537577,37.895492],[-122.537432,37.895588],[-122.537154,37.895341],[-122.537285,37.89525]]]},"properties":{"prop_id":"048-012-10","situsforma":"101 EVERGREEN AVE","situsfor_2":"101 EVERGREEN AVE  MILL VALLEY"}},{"type":"Feature","geometry":{"type":"Polygon","coordinates":[[[-122.554318,37.917904],[-122.553979,37.917911],[-122.553949,37.917696],[-122.55431,37.917666],[-122.554318,37.917904]]]},"properties":{"prop_id":"027-081-05","situsforma":"14 MARGUERITE AVE","situsfor_2":"14 MARGUERITE AVE  MILL VALLEY"}},{"type":"Feature","geometry":{"type":"Polygon","coordinates":[[[-122.531443,37.896416],[-122.531549,37.896128],[-122.531566,37.896133],[-122.531566,37.896133],[-122.531628,37.896151],[-122.531629,37.896151],[-122.53163,37.896152],[-122.531689,37.896174],[-122.531689,37.896174],[-122.53169,37.896175],[-122.531747,37.896201],[-122.531559,37.896462],[-122.531443,37.896416]]]},"properties":{"prop_id":"030-065-19","situsforma":"36 OXFORD AVE","situsfor_2":"36 OXFORD AVE  MILL VALLEY"}},{"type":"Feature","geometry":{"type":"Polygon","coordinates":[[[-122.530458,37.896636],[-122.530458,37.896365],[-122.530638,37.896363],[-122.53064,37.89659],[-122.53064,37.896593],[-122.53064,37.896593],[-122.53064,37.896596],[-122.53064,37.896597],[-122.53064,37.896598],[-122.53064,37.896601],[-122.530639,37.896602],[-122.530639,37.896603],[-122.530639,37.896603],[-122.530639,37.896605],[-122.530638,37.896607],[-122.530638,37.896607],[-122.530638,37.896607],[-122.530637,37.89661],[-122.530637,37.896611],[-122.530637,37.896611],[-122.530637,37.896612],[-122.530635,37.896616],[-122.530633,37.89662],[-122.530632,37.89662],[-122.530632,37.89662],[-122.530632,37.896621],[-122.53063,37.896624],[-122.53063,37.896624],[-122.530629,37.896624],[-122.530628,37.896626],[-122.530627,37.896627],[-122.530626,37.896628],[-122.530626,37.896628],[-122.530625,37.896629],[-122.530623,37.896631],[-122.530622,37.896632],[-122.530621,37.896633],[-122.530619,37.896635],[-122.530618,37.896635],[-122.530617,37.896636],[-122.530614,37.896638],[-122.530613,37.896638],[-122.530612,37.896639],[-122.53061,37.896641],[-122.530609,37.896641],[-122.530607,37.896642],[-122.530605,37.896643],[-122.530603,37.896644],[-122.530602,37.896644],[-122.530599,37.896645],[-122.530598,37.896646],[-122.530597,37.896646],[-122.530594,37.896647],[-122.530592,37.896647],[-122.530592,37.896648],[-122.530591,37.896648],[-122.530588,37.896648],[-122.530587,37.896649],[-122.530586,37.896649],[-122.530586,37.896649],[-122.530582,37.896649],[-122.530581,37.89665],[-122.53058,37.89665],[-122.53058,37.89665],[-122.530575,37.89665],[-122.530458,37.896636]]]},"properties":{"prop_id":"030-066-02","situsforma":"350 SYCAMORE AVE","situsfor_2":"350 SYCAMORE AVE  MILL VALLEY"}},{"type":"Feature","geometry":{"type":"Polygon","coordinates":[[[-122.533938,37.902746],[-122.533792,37.902685],[-122.533981,37.902422],[-122.534133,37.90249],[-122.533938,37.902746]]]},"properties":{"prop_id":"030-012-14","situsforma":"435 E BLITHEDALE AVE","situsfor_2":"435 E BLITHEDALE AVE  MILL VALLEY"}},{"type":"Feature","geometry":{"type":"Polygon","coordinates":[[[-122.53153,37.924882],[-122.531186,37.925083],[-122.531042,37.92509],[-122.531193,37.924795],[-122.531144,37.924741],[-122.531182,37.924708],[-122.531343,37.924647],[-122.53153,37.924882]]]},"properties":{"prop_id":"025-033-10","situsforma":"402 REDWOOD AVE","situsfor_2":"402 REDWOOD AVE  CORTE MADERA"}},{"type":"Feature","geometry":{"type":"Polygon","coordinates":[[[-122.53329,37.905161],[-122.533357,37.905127],[-122.533517,37.905315],[-122.533284,37.905392],[-122.533279,37.905394],[-122.53328,37.905348],[-122.533282,37.905269],[-122.533282,37.905265],[-122.533284,37.905216],[-122.533284,37.905215],[-122.533285,37.905176],[-122.533285,37.905172],[-122.533285,37.905165],[-122.533289,37.905162],[-122.53329,37.905162],[-122.53329,37.905161]]]},"properties":{"prop_id":"029-231-13","situsforma":"","situsfor_2":""}},{"type":"Feature","geometry":{"type":"Polygon","coordinates":[[[-122.548546,37.907532],[-122.548576,37.907513],[-122.548652,37.907465],[-122.548716,37.907529],[-122.54875,37.907508],[-122.548802,37.90756],[-122.548666,37.907651],[-122.548546,37.907532]]]},"properties":{"prop_id":"028-011-17","situsforma":"13 BAYVIEW AVE","situsfor_2":"13 BAYVIEW AVE  MILL VALLEY"}},{"type":"Feature","geometry":{"type":"Polygon","coordinates":[[[-122.532708,37.899032],[-122.532396,37.898801],[-122.532521,37.898699],[-122.532832,37.89894],[-122.532708,37.899032]]]},"properties":{"prop_id":"030-061-03","situsforma":"27 NELSON AVE","situsfor_2":"27 NELSON AVE  MILL VALLEY"}},{"type":"Feature","geometry":{"type":"Polygon","coordinates":[[[-122.539169,37.907188],[-122.539321,37.907053],[-122.53955,37.907208],[-122.539307,37.907311],[-122.539169,37.907188]]]},"properties":{"prop_id":"029-125-10","situsforma":"88 CIRCLE AVE","situsfor_2":"88 CIRCLE AVE  MILL VALLEY"}},{"type":"Feature","geometry":{"type":"Polygon","coordinates":[[[-122.563043,37.896784],[-122.563047,37.896782],[-122.563043,37.89683],[-122.563337,37.896909],[-122.563546,37.897113],[-122.563545,37.897114],[-122.563095,37.897842],[-122.562589,37.897588],[-122.562997,37.897192],[-122.562743,37.896984],[-122.563043,37.896784]]]},"properties":{"prop_id":"046-221-06","situsforma":"73 RIDGE AVE","situsfor_2":"73 RIDGE AVE  MILL VALLEY"}},{"type":"Feature","geometry":{"type":"Polygon","coordinates":[[[-122.562839,37.899899],[-122.563056,37.900024],[-122.563073,37.900132],[-122.562747,37.900193],[-122.562738,37.900135],[-122.562754,37.900051],[-122.562784,37.899972],[-122.562839,37.899899]]]},"properties":{"prop_id":"045-271-06","situsforma":"11 MONTE CIMAS AVE","situsfor_2":"11 MONTE CIMAS AVE  MILL VALLEY"}},{"type":"Feature","geometry":{"type":"Polygon","coordinates":[[[-122.561662,37.910469],[-122.561585,37.910271],[-122.562124,37.910003],[-122.562198,37.910196],[-122.562238,37.910301],[-122.562272,37.91039],[-122.561743,37.910673],[-122.561662,37.910469]]]},"properties":{"prop_id":"027-161-27","situsforma":"305 CASCADE DR","situsfor_2":"305 CASCADE DR  MILL VALLEY"}},{"type":"Feature","geometry":{"type":"Polygon","coordinates":[[[-122.566351,37.915686],[-122.565878,37.915053],[-122.565816,37.915027],[-122.565845,37.914942],[-122.565955,37.914988],[-122.566026,37.915085],[-122.566252,37.915002],[-122.566447,37.915244],[-122.566272,37.915416],[-122.566431,37.915632],[-122.566351,37.915686]]]},"properties":{"prop_id":"027-102-11","situsforma":"766 LOVELL AVE","situsfor_2":"766 LOVELL AVE  MILL VALLEY"}},{"type":"Feature","geometry":{"type":"Polygon","coordinates":[[[-122.537586,37.928903],[-122.537586,37.928898],[-122.537586,37.928898],[-122.537586,37.928884],[-122.537586,37.928883],[-122.537586,37.928883],[-122.537587,37.92887],[-122.537587,37.928869],[-122.537588,37.928868],[-122.53759,37.928855],[-122.537591,37.928854],[-122.537591,37.928853],[-122.537595,37.92884],[-122.537595,37.92884],[-122.537596,37.928839],[-122.537602,37.928826],[-122.537602,37.928826],[-122.537602,37.928825],[-122.53761,37.928813],[-122.53761,37.928812],[-122.537611,37.928811],[-122.537619,37.9288],[-122.537619,37.928799],[-122.53762,37.928799],[-122.53763,37.928788],[-122.53763,37.928787],[-122.537631,37.928787],[-122.537642,37.928777],[-122.537643,37.928776],[-122.537643,37.928776],[-122.537643,37.928776],[-122.537656,37.928766],[-122.537656,37.928766],[-122.537656,37.928766],[-122.537657,37.928766],[-122.537671,37.928756],[-122.538057,37.928953],[-122.538013,37.928983],[-122.537993,37.929149],[-122.537807,37.929036],[-122.537785,37.92905],[-122.53769,37.928984],[-122.537705,37.928971],[-122.537586,37.928903]]]},"properties":{"prop_id":"021-282-07","situsforma":"81 PIEDMONT RD","situsfor_2":"81 PIEDMONT RD  LARKSPUR"}},{"type":"Feature","geometry":{"type":"Polygon","coordinates":[[[-122.536181,37.916881],[-122.536182,37.916881],[-122.536182,37.91688],[-122.536183,37.91688],[-122.536183,37.91688],[-122.536185,37.916879],[-122.536185,37.916879],[-122.536185,37.916878],[-122.536186,37.916878],[-122.536188,37.916877],[-122.536188,37.916877],[-122.536189,37.916877],[-122.536189,37.916877],[-122.536191,37.916876],[-122.536192,37.916876],[-122.536192,37.916876],[-122.536193,37.916876],[-122.536194,37.916875],[-122.536195,37.916875],[-122.536196,37.916875],[-122.536196,37.916875],[-122.536197,37.916875],[-122.536199,37.916875],[-122.5362,37.916874],[-122.5362,37.916874],[-122.5362,37.916874],[-122.536203,37.916874],[-122.536203,37.916874],[-122.536203,37.916874],[-122.536204,37.916874],[-122.536206,37.916874],[-122.536207,37.916874],[-122.536207,37.916874],[-122.536208,37.916874],[-122.536209,37.916875],[-122.53621,37.916875],[-122.536211,37.916875],[-122.536211,37.916875],[-122.536212,37.916875],[-122.536215,37.916876],[-122.536224,37.916878],[-122.536225,37.916878],[-122.536226,37.916878],[-122.536232,37.916879],[-122.536235,37.916879],[-122.536236,37.916879],[-122.536237,37.916879],[-122.536244,37.91688],[-122.536245,37.91688],[-122.536246,37.91688],[-122.536247,37.91688],[-122.536255,37.916879],[-122.536256,37.916879],[-122.536257,37.916879],[-122.536267,37.916878],[-122.536276,37.916877],[-122.536277,37.916877],[-122.536279,37.916877],[-122.536286,37.916875],[-122.536287,37.916875],[-122.536288,37.916875],[-122.536296,37.916873],[-122.536297,37.916872],[-122.536297,37.916872],[-122.536299,37.916872],[-122.536306,37.916869],[-122.536307,37.916869],[-122.536308,37.916869],[-122.536316,37.916865],[-122.536316,37.916865],[-122.536324,37.916862],[-122.536325,37.916861],[-122.536326,37.91686],[-122.53633,37.916858],[-122.536333,37.916856],[-122.536334,37.916856],[-122.536342,37.91685],[-122.536342,37.916849],[-122.536343,37.916849],[-122.536344,37.916848],[-122.536351,37.916842],[-122.536352,37.916841],[-122.536353,37.916841],[-122.536359,37.916834],[-122.536359,37.916834],[-122.536359,37.916834],[-122.53636,37.916834],[-122.536365,37.916827],[-122.536365,37.916827],[-122.536366,37.916825],[-122.536369,37.91682],[-122.536369,37.916819],[-122.53637,37.916819],[-122.536372,37.916813],[-122.536372,37.916812],[-122.536372,37.916811],[-122.536373,37.916806],[-122.536373,37.916805],[-122.536373,37.916805],[-122.536372,37.916799],[-122.536372,37.916799],[-122.536508,37.916723],[-122.536723,37.916712],[-122.53668,37.916968],[-122.536664,37.91706],[-122.536473,37.917045],[-122.536472,37.917045],[-122.536277,37.91703],[-122.536089,37.917015],[-122.536089,37.917015],[-122.536053,37.916922],[-122.536084,37.916915],[-122.536086,37.916915],[-122.536087,37.916915],[-122.536095,37.916913],[-122.536117,37.916907],[-122.536117,37.916907],[-122.536117,37.916907],[-122.536118,37.916907],[-122.536147,37.916897],[-122.536148,37.916897],[-122.536149,37.916896],[-122.536177,37.916885],[-122.536179,37.916883],[-122.536179,37.916882],[-122.536179,37.916882],[-122.53618,37.916882],[-122.536181,37.916881]]]},"properties":{"prop_id":"029-331-36","situsforma":"20 SHERIDAN CT","situsfor_2":"20 SHERIDAN CT  MILL VALLEY"}},{"type":"Feature","geometry":{"type":"Polygon","coordinates":[[[-122.567491,37.903772],[-122.567162,37.903663],[-122.567085,37.903637],[-122.56692,37.903578],[-122.566932,37.903507],[-122.566967,37.903297],[-122.56721,37.903387],[-122.567546,37.903508],[-122.5679,37.903632],[-122.567923,37.903576],[-122.568207,37.903646],[-122.568135,37.903823],[-122.56785,37.903758],[-122.567805,37.903872],[-122.567491,37.903772]]]},"properties":{"prop_id":"045-131-25","situsforma":"653 EDGEWOOD AVE","situsfor_2":"653 EDGEWOOD AVE  MILL VALLEY"}},{"type":"Feature","geometry":{"type":"Polygon","coordinates":[[[-122.5384,37.929009],[-122.538399,37.929009],[-122.538398,37.929009],[-122.538398,37.929009],[-122.538391,37.929009],[-122.538398,37.92896],[-122.538412,37.928863],[-122.538436,37.92881],[-122.53844,37.928803],[-122.538448,37.928809],[-122.5385,37.928847],[-122.538731,37.928822],[-122.538732,37.928822],[-122.538714,37.929054],[-122.538494,37.929086],[-122.538494,37.929085],[-122.538494,37.929081],[-122.538495,37.92908],[-122.538495,37.929079],[-122.538495,37.929079],[-122.538494,37.929074],[-122.538494,37.929074],[-122.538494,37.929074],[-122.538494,37.929072],[-122.538493,37.929068],[-122.538493,37.929068],[-122.538493,37.929066],[-122.538492,37.929063],[-122.538492,37.929062],[-122.538491,37.929061],[-122.53849,37.929057],[-122.53849,37.929056],[-122.538489,37.929055],[-122.538487,37.929051],[-122.538487,37.92905],[-122.538487,37.92905],[-122.538486,37.92905],[-122.538484,37.929045],[-122.538483,37.929045],[-122.538483,37.929045],[-122.538482,37.929044],[-122.53848,37.92904],[-122.538479,37.92904],[-122.538478,37.929039],[-122.538475,37.929036],[-122.538474,37.929035],[-122.538474,37.929034],[-122.53847,37.929031],[-122.538469,37.92903],[-122.538469,37.92903],[-122.538463,37.929026],[-122.538458,37.929023],[-122.538458,37.929022],[-122.538457,37.929022],[-122.538456,37.929021],[-122.538452,37.929019],[-122.538451,37.929019],[-122.538449,37.929018],[-122.538445,37.929016],[-122.538444,37.929016],[-122.538443,37.929016],[-122.538438,37.929014],[-122.538437,37.929013],[-122.538436,37.929013],[-122.538436,37.929013],[-122.538429,37.929012],[-122.538429,37.929011],[-122.538422,37.92901],[-122.538422,37.92901],[-122.53842,37.92901],[-122.538415,37.929009],[-122.538414,37.929009],[-122.538413,37.929009],[-122.538408,37.929009],[-122.538406,37.929009],[-122.538405,37.929009],[-122.5384,37.929009]]]},"properties":{"prop_id":"021-096-08","situsforma":"3 SHADY LN","situsfor_2":"3 SHADY LN  LARKSPUR"}},{"type":"Feature","geometry":{"type":"Polygon","coordinates":[[[-122.538216,37.89486],[-122.538458,37.894811],[-122.538499,37.895115],[-122.538412,37.89512],[-122.538412,37.89512],[-122.538411,37.89512],[-122.538327,37.895131],[-122.538326,37.895131],[-122.538316,37.895133],[-122.538216,37.89486]]]},"properties":{"prop_id":"048-012-03","situsforma":"125 EVERGREEN AVE","situsfor_2":"125 EVERGREEN AVE  MILL VALLEY"}},{"type":"Feature","geometry":{"type":"Polygon","coordinates":[[[-122.529945,37.922804],[-122.530014,37.922798],[-122.530036,37.922917],[-122.530041,37.922938],[-122.529944,37.922949],[-122.529943,37.922949],[-122.529917,37.922806],[-122.529945,37.922804]]]},"properties":{"prop_id":"025-095-31","situsforma":"","situsfor_2":""}},{"type":"Feature","geometry":{"type":"Polygon","coordinates":[[[-122.562915,37.908251],[-122.563206,37.908111],[-122.563434,37.908127],[-122.56346,37.908318],[-122.563575,37.908423],[-122.563694,37.908469],[-122.56363,37.908564],[-122.563565,37.908743],[-122.563221,37.908657],[-122.563196,37.908698],[-122.562999,37.908659],[-122.562942,37.908648],[-122.56293,37.908508],[-122.562698,37.908563],[-122.56269,37.90854],[-122.562712,37.908305],[-122.562915,37.908251]]]},"properties":{"prop_id":"027-203-31","situsforma":"310 MONTE VISTA AVE","situsfor_2":"310 MONTE VISTA AVE  MILL VALLEY"}},{"type":"Feature","geometry":{"type":"Polygon","coordinates":[[[-122.53133,37.895724],[-122.531169,37.895714],[-122.531138,37.895712],[-122.531148,37.895574],[-122.531166,37.895428],[-122.531359,37.895436],[-122.53133,37.895724]]]},"properties":{"prop_id":"030-082-19","situsforma":"48 PLYMOUTH AVE","situsfor_2":"48 PLYMOUTH AVE  MILL VALLEY"}},{"type":"Feature","geometry":{"type":"Polygon","coordinates":[[[-122.550113,37.91253],[-122.550568,37.912217],[-122.550683,37.912282],[-122.550202,37.912608],[-122.550113,37.91253]]]},"properties":{"prop_id":"029-042-10","situsforma":"183 W BLITHEDALE AVE","situsfor_2":"183 W BLITHEDALE AVE  MILL VALLEY"}},{"type":"Feature","geometry":{"type":"Polygon","coordinates":[[[-122.532076,37.900241],[-122.53219,37.90031],[-122.531951,37.900592],[-122.531794,37.900514],[-122.532045,37.900222],[-122.532076,37.900241]]]},"properties":{"prop_id":"030-036-09","situsforma":"40 JUANITA AVE","situsfor_2":"40 JUANITA AVE  MILL VALLEY"}},{"type":"Feature","geometry":{"type":"Polygon","coordinates":[[[-122.534653,37.900875],[-122.534796,37.90077],[-122.53498,37.900636],[-122.53494,37.901035],[-122.534901,37.901033],[-122.5349,37.901033],[-122.534899,37.901033],[-122.534862,37.901034],[-122.53486,37.901034],[-122.534859,37.901034],[-122.534822,37.901038],[-122.534821,37.901038],[-122.534819,37.901038],[-122.534782,37.901044],[-122.534782,37.901044],[-122.534782,37.901044],[-122.534781,37.901044],[-122.534755,37.90105],[-122.534653,37.900875]]]},"properties":{"prop_id":"030-033-06","situsforma":"204 ELM AVE","situsfor_2":"204 ELM AVE  MILL VALLEY"}},{"type":"Feature","geometry":{"type":"Polygon","coordinates":[[[-122.532076,37.900241],[-122.532045,37.900222],[-122.531936,37.900162],[-122.532204,37.899893],[-122.532342,37.899979],[-122.532076,37.900241]]]},"properties":{"prop_id":"030-036-13","situsforma":"61 MATILDA AVE","situsfor_2":"61 MATILDA AVE  MILL VALLEY"}},{"type":"Feature","geometry":{"type":"Polygon","coordinates":[[[-122.544204,37.897512],[-122.544309,37.897169],[-122.544476,37.897207],[-122.544515,37.897243],[-122.544412,37.897579],[-122.544395,37.897575],[-122.544198,37.897534],[-122.544197,37.897534],[-122.544204,37.897513],[-122.544204,37.897512]]]},"properties":{"prop_id":"047-151-42","situsforma":"318 MONTFORD AVE","situsfor_2":"318 MONTFORD AVE  MILL VALLEY"}},{"type":"Feature","geometry":{"type":"Polygon","coordinates":[[[-122.538536,37.895255],[-122.538565,37.895254],[-122.538568,37.895254],[-122.538569,37.895254],[-122.53864,37.895257],[-122.538641,37.895257],[-122.538642,37.895258],[-122.538714,37.895265],[-122.538715,37.895266],[-122.538716,37.895266],[-122.538788,37.895279],[-122.538797,37.895485],[-122.538799,37.895544],[-122.538701,37.89561],[-122.538536,37.895255]]]},"properties":{"prop_id":"048-011-10","situsforma":"128 EVERGREEN AVE","situsfor_2":"128 EVERGREEN AVE  MILL VALLEY"}},{"type":"Feature","geometry":{"type":"Polygon","coordinates":[[[-122.533154,37.897101],[-122.53323,37.896995],[-122.53323,37.896995],[-122.533239,37.89698],[-122.533587,37.897109],[-122.533479,37.897241],[-122.533154,37.897101]]]},"properties":{"prop_id":"030-064-10","situsforma":"104 VALLEY CIR","situsfor_2":"104 VALLEY CIR  MILL VALLEY"}},{"type":"Feature","geometry":{"type":"Polygon","coordinates":[[[-122.562309,37.902573],[-122.562251,37.90237],[-122.562523,37.902296],[-122.56259,37.90231],[-122.562621,37.902475],[-122.562309,37.902573]]]},"properties":{"prop_id":"046-061-21","situsforma":"480 EDGEWOOD AVE","situsfor_2":"480 EDGEWOOD AVE  MILL VALLEY"}},{"type":"Feature","geometry":{"type":"Polygon","coordinates":[[[-122.545879,37.904691],[-122.545875,37.904696],[-122.545823,37.904675],[-122.545845,37.904636],[-122.545818,37.904623],[-122.545831,37.904598],[-122.54586,37.904609],[-122.545884,37.904572],[-122.545936,37.904594],[-122.545933,37.904601],[-122.545944,37.904605],[-122.545948,37.9046],[-122.545967,37.904607],[-122.545951,37.904634],[-122.545938,37.904628],[-122.545896,37.904698],[-122.545879,37.904691]]]},"properties":{"prop_id":"028-064-18","situsforma":"","situsfor_2":""}},{"type":"Feature","geometry":{"type":"Polygon","coordinates":[[[-122.542441,37.90367],[-122.542442,37.903453],[-122.542482,37.903441],[-122.542605,37.903498],[-122.542555,37.903562],[-122.54291,37.903726],[-122.542819,37.903852],[-122.542441,37.90367]]]},"properties":{"prop_id":"028-034-04","situsforma":"20 MILLWOOD ST","situsfor_2":"20 MILLWOOD ST  MILL VALLEY"}},{"type":"Feature","geometry":{"type":"Polygon","coordinates":[[[-122.534816,37.899803],[-122.534691,37.899892],[-122.534587,37.899815],[-122.534347,37.899636],[-122.534476,37.899538],[-122.534816,37.899803]]]},"properties":{"prop_id":"030-054-18","situsforma":"141 LA GOMA ST","situsfor_2":"141 LA GOMA ST  MILL VALLEY"}},{"type":"Feature","geometry":{"type":"Polygon","coordinates":[[[-122.543432,37.894072],[-122.543466,37.894023],[-122.543473,37.894011],[-122.543473,37.894011],[-122.543473,37.89401],[-122.543481,37.893999],[-122.543482,37.893999],[-122.543482,37.893998],[-122.543491,37.893987],[-122.543619,37.893924],[-122.543625,37.893921],[-122.543633,37.893918],[-122.543642,37.893915],[-122.543651,37.893913],[-122.54366,37.893911],[-122.543669,37.89391],[-122.543679,37.89391],[-122.543688,37.89391],[-122.543697,37.893911],[-122.543707,37.893912],[-122.543716,37.893914],[-122.543724,37.893916],[-122.543733,37.893919],[-122.543741,37.893923],[-122.543792,37.893947],[-122.543792,37.893947],[-122.5438,37.893953],[-122.543807,37.893959],[-122.543813,37.893966],[-122.543818,37.893971],[-122.543822,37.893979],[-122.543826,37.893986],[-122.543829,37.893994],[-122.54383,37.894003],[-122.543831,37.894011],[-122.543835,37.894106],[-122.543835,37.894113],[-122.543835,37.894119],[-122.543836,37.894126],[-122.543837,37.894132],[-122.543839,37.894138],[-122.543842,37.894144],[-122.543846,37.894149],[-122.54385,37.894154],[-122.543855,37.894159],[-122.543856,37.89416],[-122.543831,37.894179],[-122.54375,37.894242],[-122.543445,37.894081],[-122.543432,37.894072]]]},"properties":{"prop_id":"048-031-10","situsforma":"303 WICKHAM DR","situsfor_2":"303 WICKHAM DR  MILL VALLEY"}},{"type":"Feature","geometry":{"type":"Polygon","coordinates":[[[-122.567746,37.902202],[-122.56753,37.902443],[-122.567352,37.902268],[-122.567364,37.902255],[-122.567579,37.902037],[-122.567623,37.902082],[-122.567746,37.902202]]]},"properties":{"prop_id":"045-161-20","situsforma":"23 ST JUDE RD","situsfor_2":"23 ST JUDE RD  MILL VALLEY"}},{"type":"Feature","geometry":{"type":"Polygon","coordinates":[[[-122.558535,37.907355],[-122.558697,37.907306],[-122.558851,37.907357],[-122.558872,37.907358],[-122.558962,37.907598],[-122.558653,37.907669],[-122.558629,37.907595],[-122.558628,37.907592],[-122.558627,37.907589],[-122.558625,37.907587],[-122.558624,37.907584],[-122.558623,37.907582],[-122.558621,37.907579],[-122.55862,37.907577],[-122.558618,37.907574],[-122.558616,37.907572],[-122.558614,37.90757],[-122.558612,37.907567],[-122.55861,37.907565],[-122.558607,37.907563],[-122.558605,37.907561],[-122.558603,37.907559],[-122.5586,37.907557],[-122.558598,37.907555],[-122.558595,37.907553],[-122.558592,37.907552],[-122.558589,37.90755],[-122.558586,37.907548],[-122.558583,37.907547],[-122.55858,37.907546],[-122.558577,37.907544],[-122.558574,37.907543],[-122.558571,37.907542],[-122.558567,37.907541],[-122.558564,37.90754],[-122.558561,37.907539],[-122.558557,37.907538],[-122.558554,37.907538],[-122.55855,37.907537],[-122.558507,37.907436],[-122.558535,37.907355]]]},"properties":{"prop_id":"027-242-16","situsforma":"41 EUGENE ST","situsfor_2":"41 EUGENE ST  MILL VALLEY"}},{"type":"Feature","geometry":{"type":"Polygon","coordinates":[[[-122.536545,37.895503],[-122.536847,37.895281],[-122.536933,37.895359],[-122.536938,37.895363],[-122.536811,37.895452],[-122.536695,37.895533],[-122.536576,37.895616],[-122.536529,37.895648],[-122.536435,37.89558],[-122.536545,37.895503]]]},"properties":{"prop_id":"048-014-06","situsforma":"595 ETHEL AVE","situsfor_2":"595 ETHEL AVE  MILL VALLEY"}},{"type":"Feature","geometry":{"type":"Polygon","coordinates":[[[-122.551692,37.904897],[-122.551565,37.904833],[-122.551387,37.904864],[-122.551397,37.904665],[-122.551404,37.904528],[-122.55146,37.904522],[-122.551752,37.904505],[-122.551699,37.904605],[-122.551744,37.904626],[-122.551849,37.90458],[-122.551934,37.904544],[-122.551975,37.904552],[-122.551692,37.904897]]]},"properties":{"prop_id":"028-102-02","situsforma":"297 THROCKMORTON AVE","situsfor_2":"297 THROCKMORTON AVE  MILL VALLEY"}},{"type":"Feature","geometry":{"type":"Polygon","coordinates":[[[-122.557036,37.910116],[-122.557402,37.909862],[-122.557585,37.909944],[-122.557152,37.91024],[-122.557143,37.910246],[-122.557031,37.910119],[-122.557036,37.910116]]]},"properties":{"prop_id":"027-192-09","situsforma":"296 LOVELL AVE","situsfor_2":"296 LOVELL AVE  MILL VALLEY"}},{"type":"Feature","geometry":{"type":"Polygon","coordinates":[[[-122.557571,37.917106],[-122.557471,37.916638],[-122.558298,37.916963],[-122.558006,37.917466],[-122.55756,37.917468],[-122.557571,37.917106]]]},"properties":{"prop_id":"027-071-03","situsforma":"205 RALSTON AVE","situsfor_2":"205 RALSTON AVE  MILL VALLEY"}},{"type":"Feature","geometry":{"type":"Polygon","coordinates":[[[-122.561194,37.906967],[-122.56141,37.907305],[-122.56116,37.907417],[-122.561025,37.907073],[-122.561194,37.906967]]]},"properties":{"prop_id":"027-235-11","situsforma":"14 RENZ RD","situsfor_2":"14 RENZ RD  MILL VALLEY"}},{"type":"Feature","geometry":{"type":"Polygon","coordinates":[[[-122.54908,37.912956],[-122.548806,37.913125],[-122.548734,37.913102],[-122.548593,37.913084],[-122.548942,37.912829],[-122.54908,37.912956]]]},"properties":{"prop_id":"029-043-10","situsforma":"123 ELDRIDGE AVE","situsfor_2":"123 ELDRIDGE AVE  MILL VALLEY"}},{"type":"Feature","geometry":{"type":"Polygon","coordinates":[[[-122.535581,37.89447],[-122.535551,37.894311],[-122.535574,37.894306],[-122.535964,37.894235],[-122.535964,37.894237],[-122.536023,37.894417],[-122.535603,37.894589],[-122.535581,37.89447]]]},"properties":{"prop_id":"048-071-21","situsforma":"15 ETHEL LN","situsfor_2":"15 ETHEL LN  MILL VALLEY"}},{"type":"Feature","geometry":{"type":"Polygon","coordinates":[[[-122.549499,37.913381],[-122.54959,37.91332],[-122.549638,37.913363],[-122.549595,37.913389],[-122.549499,37.913381]]]},"properties":{"prop_id":"029-043-04","situsforma":"","situsfor_2":""}},{"type":"Feature","geometry":{"type":"Polygon","coordinates":[[[-122.536165,37.899125],[-122.536392,37.89897],[-122.536498,37.899061],[-122.536502,37.899064],[-122.536502,37.899064],[-122.536503,37.899064],[-122.536507,37.899068],[-122.536507,37.899068],[-122.536507,37.899068],[-122.536507,37.899069],[-122.536511,37.899072],[-122.536511,37.899073],[-122.536512,37.899074],[-122.536514,37.899077],[-122.536515,37.899078],[-122.536516,37.899079],[-122.536518,37.899082],[-122.536518,37.899083],[-122.536519,37.899084],[-122.536521,37.899087],[-122.536521,37.899088],[-122.536521,37.899089],[-122.536521,37.899089],[-122.536523,37.899093],[-122.536523,37.899094],[-122.536523,37.899094],[-122.536524,37.899095],[-122.536525,37.899099],[-122.536525,37.8991],[-122.536525,37.899101],[-122.536526,37.899104],[-122.536526,37.899105],[-122.536526,37.899106],[-122.536526,37.89911],[-122.536526,37.899111],[-122.536526,37.899112],[-122.536526,37.899116],[-122.536526,37.899117],[-122.536526,37.899117],[-122.536526,37.899117],[-122.536525,37.899122],[-122.536525,37.899122],[-122.536525,37.899123],[-122.536525,37.899124],[-122.536524,37.899127],[-122.536524,37.899128],[-122.536523,37.899129],[-122.536522,37.899133],[-122.536521,37.899134],[-122.536521,37.899134],[-122.536519,37.899138],[-122.536519,37.899139],[-122.536518,37.899139],[-122.536516,37.899143],[-122.536515,37.899144],[-122.536515,37.899144],[-122.536512,37.899148],[-122.536512,37.899148],[-122.536511,37.899149],[-122.53651,37.89915],[-122.536508,37.899153],[-122.536507,37.899153],[-122.536506,37.899154],[-122.536503,37.899156],[-122.536502,37.899157],[-122.536501,37.899158],[-122.536498,37.89916],[-122.536497,37.899161],[-122.536496,37.899161],[-122.536496,37.899162],[-122.536491,37.899164],[-122.536394,37.899215],[-122.536301,37.899247],[-122.536165,37.899125]]]},"properties":{"prop_id":"030-054-30","situsforma":"42 LOCUST AVE","situsfor_2":"42 LOCUST AVE  MILL VALLEY"}},{"type":"Feature","geometry":{"type":"Polygon","coordinates":[[[-122.54903,37.910535],[-122.548829,37.910613],[-122.548721,37.910447],[-122.548707,37.91043],[-122.548995,37.910319],[-122.549061,37.910523],[-122.54903,37.910535]]]},"properties":{"prop_id":"029-052-14","situsforma":"125 W BLITHEDALE AVE","situsfor_2":"125 W BLITHEDALE AVE  MILL VALLEY"}},{"type":"Feature","geometry":{"type":"Polygon","coordinates":[[[-122.542328,37.896717],[-122.542419,37.896469],[-122.542675,37.896504],[-122.542574,37.896756],[-122.542328,37.896717],[-122.542328,37.896717]]]},"properties":{"prop_id":"047-191-02","situsforma":"129 MONTFORD AVE","situsfor_2":"129 MONTFORD AVE  MILL VALLEY"}},{"type":"Feature","geometry":{"type":"Polygon","coordinates":[[[-122.569208,37.904059],[-122.569234,37.903996],[-122.569257,37.903932],[-122.569522,37.90399],[-122.569526,37.903991],[-122.569531,37.903992],[-122.569575,37.904004],[-122.569522,37.904134],[-122.569208,37.904059]]]},"properties":{"prop_id":"045-121-33","situsforma":"6 WASHINGTON PARK AVE","situsfor_2":"6 WASHINGTON PARK AVE  MILL VALLEY"}},{"type":"Feature","geometry":{"type":"Polygon","coordinates":[[[-122.535839,37.899061],[-122.536135,37.899327],[-122.536006,37.899398],[-122.535715,37.899151],[-122.535839,37.899061]]]},"properties":{"prop_id":"030-054-03","situsforma":"48 LOCUST AVE","situsfor_2":"48 LOCUST AVE  MILL VALLEY"}},{"type":"Feature","geometry":{"type":"Polygon","coordinates":[[[-122.56459,37.901933],[-122.564533,37.901821],[-122.564523,37.901694],[-122.564732,37.901686],[-122.564868,37.901681],[-122.564868,37.901693],[-122.564868,37.901693],[-122.564878,37.901879],[-122.564878,37.901879],[-122.564783,37.901871],[-122.564782,37.901871],[-122.564782,37.901871],[-122.564747,37.901868],[-122.564747,37.901868],[-122.56465,37.901967],[-122.564649,37.901967],[-122.564648,37.901966],[-122.564648,37.901966],[-122.56459,37.901933]]]},"properties":{"prop_id":"045-202-11","situsforma":"549 EDGEWOOD AVE","situsfor_2":"549 EDGEWOOD AVE  MILL VALLEY"}},{"type":"Feature","geometry":{"type":"Polygon","coordinates":[[[-122.539822,37.908161],[-122.540016,37.90804],[-122.540264,37.908237],[-122.540051,37.908356],[-122.54004,37.908348],[-122.539822,37.908161]]]},"properties":{"prop_id":"029-122-05","situsforma":"37 HILLCREST RD","situsfor_2":"37 HILLCREST RD  MILL VALLEY"}},{"type":"Feature","geometry":{"type":"Polygon","coordinates":[[[-122.563921,37.90471],[-122.563836,37.9047],[-122.563777,37.904708],[-122.563723,37.904471],[-122.563901,37.904438],[-122.563921,37.90471]]]},"properties":{"prop_id":"027-252-05","situsforma":"","situsfor_2":""}},{"type":"Feature","geometry":{"type":"Polygon","coordinates":[[[-122.559132,37.91136],[-122.558718,37.911453],[-122.558728,37.911257],[-122.558716,37.911149],[-122.559045,37.911078],[-122.559,37.911251],[-122.559279,37.911193],[-122.559214,37.911283],[-122.559132,37.91136]]]},"properties":{"prop_id":"027-172-05","situsforma":"351 LOVELL AVE","situsfor_2":"351 LOVELL AVE  MILL VALLEY"}},{"type":"Feature","geometry":{"type":"Polygon","coordinates":[[[-122.569642,37.905114],[-122.569679,37.905025],[-122.56968,37.904924],[-122.569604,37.904818],[-122.56958,37.904802],[-122.569947,37.904746],[-122.569961,37.904803],[-122.569876,37.905081],[-122.569642,37.905114]]]},"properties":{"prop_id":"045-102-15","situsforma":"15 WASHINGTON PARK AVE","situsfor_2":"15 WASHINGTON PARK AVE  MILL VALLEY"}},{"type":"Feature","geometry":{"type":"Polygon","coordinates":[[[-122.540581,37.905628],[-122.540167,37.905749],[-122.54013,37.905665],[-122.540382,37.905516],[-122.540581,37.905628]]]},"properties":{"prop_id":"029-193-23","situsforma":"101 THALIA ST","situsfor_2":"101 THALIA ST  MILL VALLEY"}},{"type":"Feature","geometry":{"type":"Polygon","coordinates":[[[-122.545552,37.910404],[-122.545843,37.910326],[-122.545783,37.910553],[-122.545593,37.91073],[-122.545552,37.910404]]]},"properties":{"prop_id":"029-063-18","situsforma":"85 CORONET AVE","situsfor_2":"85 CORONET AVE  MILL VALLEY"}},{"type":"Feature","geometry":{"type":"Polygon","coordinates":[[[-122.567602,37.912822],[-122.567649,37.912785],[-122.567688,37.913289],[-122.568034,37.913287],[-122.568023,37.913431],[-122.56729,37.913442],[-122.566926,37.912586],[-122.567227,37.912622],[-122.567602,37.912822]]]},"properties":{"prop_id":"027-153-38","situsforma":"920 LOVELL AVE","situsfor_2":"920 LOVELL AVE  MILL VALLEY"}},{"type":"Feature","geometry":{"type":"Polygon","coordinates":[[[-122.54074,37.910445],[-122.540776,37.910277],[-122.540819,37.910063],[-122.541136,37.910055],[-122.541051,37.910454],[-122.54074,37.910445]]]},"properties":{"prop_id":"029-085-07","situsforma":"502 HILLSIDE AVE","situsfor_2":"502 HILLSIDE AVE  MILL VALLEY"}},{"type":"Feature","geometry":{"type":"Polygon","coordinates":[[[-122.542536,37.901185],[-122.542577,37.901159],[-122.542578,37.90116],[-122.542652,37.901345],[-122.542491,37.901426],[-122.542371,37.90128],[-122.542369,37.901277],[-122.542432,37.901252],[-122.542536,37.901185]]]},"properties":{"prop_id":"028-320-01","situsforma":"1 UNA CT","situsfor_2":"1 UNA CT  MILL VALLEY"}},{"type":"Feature","geometry":{"type":"Polygon","coordinates":[[[-122.554605,37.916171],[-122.55421,37.916285],[-122.554202,37.916065],[-122.554607,37.915949],[-122.554605,37.916171]]]},"properties":{"prop_id":"027-081-09","situsforma":"78 MARGUERITE AVE","situsfor_2":"78 MARGUERITE AVE  MILL VALLEY"}},{"type":"Feature","geometry":{"type":"Polygon","coordinates":[[[-122.533944,37.915441],[-122.534131,37.915439],[-122.534309,37.915271],[-122.53433,37.915159],[-122.534588,37.915157],[-122.534599,37.915164],[-122.534794,37.91529],[-122.534531,37.915567],[-122.534521,37.915563],[-122.53452,37.915563],[-122.534519,37.915562],[-122.534511,37.91556],[-122.53451,37.915559],[-122.53451,37.915559],[-122.534509,37.915559],[-122.5345,37.915557],[-122.534498,37.915557],[-122.534498,37.915557],[-122.534488,37.915555],[-122.534487,37.915555],[-122.534486,37.915555],[-122.534477,37.915554],[-122.534476,37.915554],[-122.534476,37.915554],[-122.534475,37.915554],[-122.534466,37.915554],[-122.534465,37.915554],[-122.534464,37.915554],[-122.534454,37.915555],[-122.534453,37.915555],[-122.534451,37.915555],[-122.534448,37.915556],[-122.534447,37.915556],[-122.534446,37.915556],[-122.534443,37.915556],[-122.534442,37.915556],[-122.534441,37.915556],[-122.534438,37.915555],[-122.534437,37.915555],[-122.534436,37.915555],[-122.534433,37.915555],[-122.534432,37.915555],[-122.534431,37.915554],[-122.534428,37.915554],[-122.534427,37.915553],[-122.534426,37.915553],[-122.534423,37.915552],[-122.534422,37.915552],[-122.534421,37.915552],[-122.534421,37.915551],[-122.534418,37.91555],[-122.534417,37.91555],[-122.534417,37.91555],[-122.534416,37.915549],[-122.534413,37.915548],[-122.534412,37.915548],[-122.534412,37.915547],[-122.534412,37.915547],[-122.534408,37.915545],[-122.534358,37.91552],[-122.53431,37.915501],[-122.53431,37.9155],[-122.534309,37.9155],[-122.53426,37.915485],[-122.534258,37.915484],[-122.534257,37.915484],[-122.534207,37.915472],[-122.534205,37.915471],[-122.534204,37.915471],[-122.534151,37.915462],[-122.534096,37.915452],[-122.534096,37.915452],[-122.534095,37.915452],[-122.534041,37.915446],[-122.533987,37.915442],[-122.533986,37.915442],[-122.533984,37.915442],[-122.533944,37.915441]]]},"properties":{"prop_id":"029-331-21","situsforma":"5 DAWN PL","situsfor_2":"5 DAWN PL  MILL VALLEY"}},{"type":"Feature","geometry":{"type":"Polygon","coordinates":[[[-122.558899,37.908478],[-122.558732,37.908317],[-122.558768,37.908289],[-122.558696,37.908221],[-122.558417,37.907941],[-122.558443,37.907921],[-122.558721,37.908204],[-122.558781,37.90816],[-122.558845,37.908115],[-122.559088,37.908344],[-122.559161,37.908293],[-122.559396,37.90851],[-122.559191,37.908653],[-122.559321,37.908774],[-122.558988,37.90908],[-122.558988,37.909081],[-122.558912,37.90901],[-122.55882,37.908924],[-122.558586,37.908697],[-122.558899,37.908478]]]},"properties":{"prop_id":"027-212-22","situsforma":"25 CORNWALL ST","situsfor_2":"25 CORNWALL ST  MILL VALLEY"}},{"type":"Feature","geometry":{"type":"Polygon","coordinates":[[[-122.534458,37.910193],[-122.534456,37.910188],[-122.534442,37.910141],[-122.534502,37.910078],[-122.53464,37.910112],[-122.534696,37.910188],[-122.53466,37.910216],[-122.534458,37.910193]]]},"properties":{"prop_id":"029-161-44","situsforma":"","situsfor_2":""}},{"type":"Feature","geometry":{"type":"Polygon","coordinates":[[[-122.546221,37.911064],[-122.546392,37.911024],[-122.546464,37.910988],[-122.546525,37.911093],[-122.546642,37.911071],[-122.546688,37.911264],[-122.546408,37.911338],[-122.546403,37.911339],[-122.546402,37.911339],[-122.546386,37.911343],[-122.546385,37.911343],[-122.546383,37.911343],[-122.546368,37.911345],[-122.546367,37.911345],[-122.546366,37.911346],[-122.546349,37.911347],[-122.546221,37.911064]]]},"properties":{"prop_id":"029-061-17","situsforma":"53 WOODBINE DR","situsfor_2":"53 WOODBINE DR  MILL VALLEY"}},{"type":"Feature","geometry":{"type":"Polygon","coordinates":[[[-122.568509,37.905844],[-122.568595,37.905853],[-122.568629,37.905856],[-122.568653,37.906053],[-122.568528,37.906028],[-122.568509,37.905844]]]},"properties":{"prop_id":"045-081-05","situsforma":"122 MOUNTAIN LN","situsfor_2":"122 MOUNTAIN LN  MILL VALLEY"}},{"type":"Feature","geometry":{"type":"Polygon","coordinates":[[[-122.54228,37.90806],[-122.542079,37.908017],[-122.54207,37.908015],[-122.542116,37.907887],[-122.542107,37.907885],[-122.542124,37.907808],[-122.541635,37.907748],[-122.541642,37.907717],[-122.542385,37.907814],[-122.542571,37.907833],[-122.542556,37.908121],[-122.54228,37.90806]]]},"properties":{"prop_id":"029-114-40","situsforma":"300 OAKDALE AVE","situsfor_2":"300 OAKDALE AVE  MILL VALLEY"}},{"type":"Feature","geometry":{"type":"Polygon","coordinates":[[[-122.559048,37.900082],[-122.559998,37.899917],[-122.559836,37.900177],[-122.559728,37.900291],[-122.559516,37.900484],[-122.559459,37.900504],[-122.559048,37.900082]]]},"properties":{"prop_id":"046-330-08","situsforma":"12 DIPSEA TRL","situsfor_2":"12 DIPSEA TRL  MILL VALLEY"}},{"type":"Feature","geometry":{"type":"Polygon","coordinates":[[[-122.554044,37.914362],[-122.554359,37.914165],[-122.554479,37.914272],[-122.5546,37.914326],[-122.5548,37.914378],[-122.554761,37.914464],[-122.554338,37.914637],[-122.554044,37.914362]]]},"properties":{"prop_id":"027-121-15","situsforma":"173 MARGUERITE AVE","situsfor_2":"173 MARGUERITE AVE  MILL VALLEY"}},{"type":"Feature","geometry":{"type":"Polygon","coordinates":[[[-122.548006,37.898775],[-122.547947,37.899359],[-122.547808,37.899272],[-122.547836,37.898827],[-122.548006,37.898775]]]},"properties":{"prop_id":"047-131-07","situsforma":"","situsfor_2":""}},{"type":"Feature","geometry":{"type":"Polygon","coordinates":[[[-122.543622,37.900318],[-122.543457,37.900281],[-122.543552,37.899985],[-122.543898,37.900051],[-122.543798,37.900357],[-122.543622,37.900318]]]},"properties":{"prop_id":"028-184-37","situsforma":"351 MOLINO AVE","situsfor_2":"351 MOLINO AVE  MILL VALLEY"}},{"type":"Feature","geometry":{"type":"Polygon","coordinates":[[[-122.529985,37.922644],[-122.529985,37.922644],[-122.530014,37.922798],[-122.529945,37.922804],[-122.529917,37.922806],[-122.529478,37.922832],[-122.529452,37.922669],[-122.529985,37.922644]]]},"properties":{"prop_id":"025-095-34","situsforma":"105 GROVE AVE","situsfor_2":"105 GROVE AVE  CORTE MADERA"}},{"type":"Feature","geometry":{"type":"Polygon","coordinates":[[[-122.551485,37.908766],[-122.551419,37.90872],[-122.551075,37.908457],[-122.551251,37.90832],[-122.55147,37.908537],[-122.551545,37.908532],[-122.551485,37.908766]]]},"properties":{"prop_id":"029-092-16","situsforma":"40 TAMALPAIS AVE","situsfor_2":"40 TAMALPAIS AVE  MILL VALLEY"}},{"type":"Feature","geometry":{"type":"Polygon","coordinates":[[[-122.535501,37.925361],[-122.5356,37.925258],[-122.535682,37.925157],[-122.535683,37.925156],[-122.535684,37.925155],[-122.535714,37.925113],[-122.535989,37.925254],[-122.535985,37.925296],[-122.535982,37.925296],[-122.535919,37.925297],[-122.535696,37.925513],[-122.535501,37.925361]]]},"properties":{"prop_id":"021-152-22","situsforma":"217 MARINA VISTA AVE","situsfor_2":"217 MARINA VISTA AVE  LARKSPUR"}},{"type":"Feature","geometry":{"type":"Polygon","coordinates":[[[-122.543809,37.897477],[-122.543623,37.897477],[-122.543671,37.897063],[-122.543837,37.897067],[-122.543809,37.897477]]]},"properties":{"prop_id":"047-151-17","situsforma":"306 MONTFORD AVE","situsfor_2":"306 MONTFORD AVE  MILL VALLEY"}},{"type":"Feature","geometry":{"type":"Polygon","coordinates":[[[-122.551534,37.917476],[-122.551763,37.917082],[-122.551988,37.917101],[-122.551702,37.917526],[-122.551534,37.917476]]]},"properties":{"prop_id":"027-092-05","situsforma":"","situsfor_2":""}},{"type":"Feature","geometry":{"type":"Polygon","coordinates":[[[-122.536658,37.906177],[-122.536495,37.906138],[-122.536501,37.906126],[-122.53668,37.906165],[-122.53674,37.906225],[-122.536769,37.906255],[-122.536752,37.906263],[-122.536666,37.906179],[-122.536658,37.906177]]]},"properties":{"prop_id":"029-203-20","situsforma":"","situsfor_2":""}},{"type":"Feature","geometry":{"type":"Polygon","coordinates":[[[-122.535715,37.899151],[-122.535584,37.899245],[-122.535228,37.898968],[-122.53533,37.898861],[-122.535715,37.899151]]]},"properties":{"prop_id":"030-054-24","situsforma":"113 LA GOMA ST","situsfor_2":"113 LA GOMA ST  MILL VALLEY"}},{"type":"Feature","geometry":{"type":"Polygon","coordinates":[[[-122.537307,37.899425],[-122.537555,37.89925],[-122.537589,37.899277],[-122.53768,37.899349],[-122.537677,37.899351],[-122.537669,37.899356],[-122.537423,37.899525],[-122.537413,37.899508],[-122.537413,37.899508],[-122.537413,37.899508],[-122.537401,37.899493],[-122.537401,37.899493],[-122.5374,37.899492],[-122.537388,37.899479],[-122.537388,37.899478],[-122.537387,37.899477],[-122.537373,37.899465],[-122.537372,37.899464],[-122.537371,37.899464],[-122.537356,37.899452],[-122.537355,37.899452],[-122.537355,37.899451],[-122.537338,37.899441],[-122.537337,37.89944],[-122.537337,37.89944],[-122.537319,37.89943],[-122.537318,37.89943],[-122.537317,37.89943],[-122.537317,37.899429],[-122.537307,37.899425]]]},"properties":{"prop_id":"030-053-02","situsforma":"164 SYCAMORE AVE","situsfor_2":"164 SYCAMORE AVE  MILL VALLEY"}},{"type":"Feature","geometry":{"type":"Polygon","coordinates":[[[-122.533074,37.898744],[-122.533196,37.898644],[-122.533199,37.898645],[-122.533544,37.89891],[-122.533426,37.899007],[-122.533076,37.898746],[-122.533074,37.898744]]]},"properties":{"prop_id":"030-058-08","situsforma":"30 AMICITA AVE","situsfor_2":"30 AMICITA AVE  MILL VALLEY"}},{"type":"Feature","geometry":{"type":"Polygon","coordinates":[[[-122.534956,37.898774],[-122.535143,37.898634],[-122.535396,37.898614],[-122.535133,37.898889],[-122.534956,37.898774]]]},"properties":{"prop_id":"030-056-02","situsforma":"225 SYCAMORE AVE","situsfor_2":"225 SYCAMORE AVE  MILL VALLEY"}},{"type":"Feature","geometry":{"type":"Polygon","coordinates":[[[-122.532336,37.903302],[-122.532345,37.903282],[-122.532357,37.903255],[-122.532463,37.903118],[-122.532703,37.903353],[-122.532645,37.903433],[-122.532336,37.903302]]]},"properties":{"prop_id":"030-011-11","situsforma":"113 ALTA VISTA AVE","situsfor_2":"113 ALTA VISTA AVE  MILL VALLEY"}},{"type":"Feature","geometry":{"type":"Polygon","coordinates":[[[-122.550612,37.905502],[-122.550708,37.905482],[-122.550811,37.905811],[-122.550724,37.90584],[-122.550612,37.905502]]]},"properties":{"prop_id":"028-055-21","situsforma":"75 LOVELL AVE","situsfor_2":"75 LOVELL AVE  MILL VALLEY"}},{"type":"Feature","geometry":{"type":"Polygon","coordinates":[[[-122.534925,37.907301],[-122.534897,37.907191],[-122.534879,37.907125],[-122.534843,37.907111],[-122.534805,37.907097],[-122.534744,37.907116],[-122.534762,37.907021],[-122.534847,37.906999],[-122.53507,37.906943],[-122.535182,37.906915],[-122.535268,37.906893],[-122.535501,37.906913],[-122.535532,37.906916],[-122.535547,37.906909],[-122.535921,37.906751],[-122.535967,37.90692],[-122.535845,37.907089],[-122.535871,37.907103],[-122.53565,37.90734],[-122.535553,37.907378],[-122.535538,37.907384],[-122.53526,37.907493],[-122.534963,37.907307],[-122.534925,37.907301]]]},"properties":{"prop_id":"029-231-22","situsforma":"270 DEL CASA DR","situsfor_2":"270 DEL CASA DR  MILL VALLEY"}},{"type":"Feature","geometry":{"type":"Polygon","coordinates":[[[-122.565019,37.901215],[-122.5647,37.901226],[-122.564687,37.90114],[-122.565011,37.901132],[-122.565019,37.901215]]]},"properties":{"prop_id":"045-201-06","situsforma":"3 FERN LN","situsfor_2":"3 FERN LN  MILL VALLEY"}},{"type":"Feature","geometry":{"type":"Polygon","coordinates":[[[-122.541773,37.904571],[-122.541701,37.904907],[-122.541536,37.904837],[-122.541603,37.904496],[-122.541607,37.904498],[-122.54176,37.904565],[-122.541773,37.904571]]]},"properties":{"prop_id":"028-027-02","situsforma":"64 MOUNTAIN VIEW AVE","situsfor_2":"64 MOUNTAIN VIEW AVE  MILL VALLEY"}},{"type":"Feature","geometry":{"type":"Polygon","coordinates":[[[-122.54908,37.912956],[-122.548942,37.912829],[-122.549157,37.912682],[-122.549342,37.912846],[-122.549125,37.912996],[-122.54908,37.912956]]]},"properties":{"prop_id":"029-043-11","situsforma":"40 PORTOLA LN","situsfor_2":"40 PORTOLA LN  MILL VALLEY"}},{"type":"Feature","geometry":{"type":"Polygon","coordinates":[[[-122.532224,37.897452],[-122.532477,37.897643],[-122.532351,37.897747],[-122.532106,37.897552],[-122.532224,37.897452]]]},"properties":{"prop_id":"030-063-02","situsforma":"69 VALLEY CIR","situsfor_2":"69 VALLEY CIR  MILL VALLEY"}},{"type":"Feature","geometry":{"type":"Polygon","coordinates":[[[-122.561036,37.898558],[-122.561423,37.898478],[-122.56151,37.898742],[-122.561134,37.898825],[-122.561132,37.898826],[-122.561036,37.898559],[-122.561036,37.898558]]]},"properties":{"prop_id":"046-182-07","situsforma":"20 PALM WAY","situsfor_2":"20 PALM WAY  MILL VALLEY"}},{"type":"Feature","geometry":{"type":"Polygon","coordinates":[[[-122.553732,37.914395],[-122.55388,37.914537],[-122.553426,37.914764],[-122.5534,37.914731],[-122.553374,37.914332],[-122.553538,37.914225],[-122.553732,37.914395]]]},"properties":{"prop_id":"027-121-07","situsforma":"80 MAGEE AVE","situsfor_2":"80 MAGEE AVE  MILL VALLEY"}},{"type":"Feature","geometry":{"type":"Polygon","coordinates":[[[-122.544061,37.908223],[-122.544058,37.90797],[-122.544162,37.907915],[-122.544233,37.907995],[-122.544061,37.908223]]]},"properties":{"prop_id":"029-102-21","situsforma":"130 HILLSIDE AVE","situsfor_2":"130 HILLSIDE AVE  MILL VALLEY"}},{"type":"Feature","geometry":{"type":"Polygon","coordinates":[[[-122.533152,37.910398],[-122.533044,37.91033],[-122.533043,37.910244],[-122.532885,37.909997],[-122.532776,37.909937],[-122.53281,37.909923],[-122.533378,37.909672],[-122.533429,37.909717],[-122.533453,37.90985],[-122.533553,37.909956],[-122.533592,37.909997],[-122.533592,37.910122],[-122.533784,37.910275],[-122.533667,37.910398],[-122.533536,37.910453],[-122.533353,37.910404],[-122.533152,37.910398]]]},"properties":{"prop_id":"029-261-02","situsforma":"","situsfor_2":""}},{"type":"Feature","geometry":{"type":"Polygon","coordinates":[[[-122.560062,37.907909],[-122.560046,37.907921],[-122.55973,37.907427],[-122.559618,37.907457],[-122.559506,37.907133],[-122.559741,37.907168],[-122.559775,37.907323],[-122.559908,37.907412],[-122.560027,37.907435],[-122.560178,37.907622],[-122.560154,37.907659],[-122.560292,37.907725],[-122.560062,37.907909]]]},"properties":{"prop_id":"027-241-10","situsforma":"41 RENZ RD","situsfor_2":"41 RENZ RD  MILL VALLEY"}},{"type":"Feature","geometry":{"type":"Polygon","coordinates":[[[-122.538739,37.901652],[-122.538421,37.901881],[-122.538322,37.901764],[-122.538616,37.901548],[-122.538739,37.901652]]]},"properties":{"prop_id":"028-221-08","situsforma":"70 WALNUT AVE","situsfor_2":"70 WALNUT AVE  MILL VALLEY"}},{"type":"Feature","geometry":{"type":"Polygon","coordinates":[[[-122.558911,37.910025],[-122.559077,37.909902],[-122.559236,37.910143],[-122.55914,37.910288],[-122.558911,37.910025]]]},"properties":{"prop_id":"027-174-08","situsforma":"2 THROCKMORTON LN","situsfor_2":"2 THROCKMORTON LN  MILL VALLEY"}},{"type":"Feature","geometry":{"type":"Polygon","coordinates":[[[-122.532077,37.899432],[-122.531856,37.899252],[-122.531967,37.899155],[-122.53227,37.89939],[-122.532222,37.899425],[-122.532077,37.899432]]]},"properties":{"prop_id":"030-042-04","situsforma":"59 NELSON AVE","situsfor_2":"59 NELSON AVE  MILL VALLEY"}},{"type":"Feature","geometry":{"type":"Polygon","coordinates":[[[-122.545968,37.904715],[-122.545963,37.904726],[-122.545942,37.904719],[-122.545964,37.904671],[-122.545966,37.904671],[-122.545993,37.904611],[-122.545992,37.904608],[-122.545996,37.9046],[-122.545987,37.904597],[-122.545995,37.904581],[-122.546003,37.904584],[-122.546008,37.904574],[-122.54603,37.90458],[-122.546029,37.904583],[-122.546078,37.904599],[-122.546054,37.90465],[-122.546069,37.904656],[-122.546057,37.904684],[-122.546041,37.904678],[-122.546017,37.904731],[-122.545968,37.904715]]]},"properties":{"prop_id":"028-064-17","situsforma":"","situsfor_2":""}},{"type":"Feature","geometry":{"type":"Polygon","coordinates":[[[-122.544905,37.894781],[-122.545125,37.894596],[-122.545482,37.894679],[-122.545484,37.894679],[-122.545707,37.894727],[-122.545645,37.894891],[-122.545639,37.89489],[-122.544905,37.894781]]]},"properties":{"prop_id":"047-212-08","situsforma":"306 N FERNDALE AVE","situsfor_2":"306 N FERNDALE AVE  MILL VALLEY"}},{"type":"Feature","geometry":{"type":"Polygon","coordinates":[[[-122.535839,37.899061],[-122.535974,37.898959],[-122.536165,37.899125],[-122.536301,37.899247],[-122.536135,37.899327],[-122.535839,37.899061]]]},"properties":{"prop_id":"030-054-02","situsforma":"44 LOCUST AVE","situsfor_2":"44 LOCUST AVE  MILL VALLEY"}},{"type":"Feature","geometry":{"type":"Polygon","coordinates":[[[-122.558047,37.898837],[-122.557912,37.89852],[-122.558345,37.898216],[-122.558295,37.89849],[-122.558473,37.898649],[-122.55843,37.898842],[-122.558047,37.898837]]]},"properties":{"prop_id":"047-051-22","situsforma":"671 SEQUOIA VALLEY RD","situsfor_2":"671 SEQUOIA VALLEY RD  MILL VALLEY"}},{"type":"Feature","geometry":{"type":"Polygon","coordinates":[[[-122.541386,37.902521],[-122.541418,37.902503],[-122.5415,37.902461],[-122.541517,37.902472],[-122.54153,37.90249],[-122.541544,37.902504],[-122.541552,37.902522],[-122.541562,37.902539],[-122.541574,37.902554],[-122.541582,37.902563],[-122.541585,37.902567],[-122.541516,37.902604],[-122.541386,37.902521]]]},"properties":{"prop_id":"028-034-16","situsforma":"","situsfor_2":""}},{"type":"Feature","geometry":{"type":"Polygon","coordinates":[[[-122.558861,37.905335],[-122.558795,37.905274],[-122.558819,37.905257],[-122.559059,37.905276],[-122.559079,37.905279],[-122.55926,37.905305],[-122.559331,37.905389],[-122.559516,37.90547],[-122.559312,37.905598],[-122.559186,37.905644],[-122.558896,37.905367],[-122.558861,37.905335]]]},"properties":{"prop_id":"027-244-13","situsforma":"122 MARION AVE","situsfor_2":"122 MARION AVE  MILL VALLEY"}},{"type":"Feature","geometry":{"type":"Polygon","coordinates":[[[-122.550013,37.897041],[-122.54993,37.897006],[-122.549929,37.897006],[-122.550081,37.896775],[-122.550097,37.896752],[-122.550258,37.896783],[-122.550482,37.89683],[-122.550622,37.896831],[-122.550671,37.896853],[-122.550731,37.896855],[-122.550775,37.89685],[-122.551036,37.896785],[-122.551287,37.896691],[-122.551406,37.896437],[-122.551407,37.896436],[-122.551626,37.896391],[-122.551679,37.896391],[-122.551679,37.896393],[-122.551677,37.896533],[-122.551154,37.897058],[-122.551061,37.896988],[-122.550414,37.897081],[-122.55017,37.897039],[-122.550013,37.897041]]]},"properties":{"prop_id":"047-141-27","situsforma":"","situsfor_2":""}},{"type":"Feature","geometry":{"type":"Polygon","coordinates":[[[-122.549753,37.911612],[-122.549923,37.911791],[-122.549567,37.912035],[-122.549383,37.911866],[-122.549753,37.911612]]]},"properties":{"prop_id":"029-042-17","situsforma":"161 W BLITHEDALE AVE","situsfor_2":"161 W BLITHEDALE AVE  MILL VALLEY"}},{"type":"Feature","geometry":{"type":"Polygon","coordinates":[[[-122.546941,37.918092],[-122.546897,37.916467],[-122.546878,37.915887],[-122.546874,37.91578],[-122.54717,37.915757],[-122.548501,37.915615],[-122.548509,37.915668],[-122.548516,37.915724],[-122.548799,37.916148],[-122.548862,37.916669],[-122.549314,37.916571],[-122.549501,37.91674],[-122.54967,37.917027],[-122.549489,37.917351],[-122.549508,37.917355],[-122.549673,37.917391],[-122.549831,37.917379],[-122.550003,37.917479],[-122.550005,37.917489],[-122.550109,37.917904],[-122.550277,37.918046],[-122.550291,37.918058],[-122.550288,37.918058],[-122.548348,37.918077],[-122.546941,37.918092]]]},"properties":{"prop_id":"029-011-16","situsforma":"10 CHARLES DEAN RD","situsfor_2":"10 CHARLES DEAN RD  MILL VALLEY"}},{"type":"Feature","geometry":{"type":"Polygon","coordinates":[[[-122.544738,37.897882],[-122.544738,37.897882],[-122.544789,37.897932],[-122.544813,37.897956],[-122.545052,37.898014],[-122.545052,37.898014],[-122.545102,37.898322],[-122.545112,37.898382],[-122.545115,37.898399],[-122.545119,37.898424],[-122.545124,37.898455],[-122.545127,37.898473],[-122.544699,37.898093],[-122.544659,37.898074],[-122.544738,37.897882]]]},"properties":{"prop_id":"047-151-47","situsforma":"100 JANES ST","situsfor_2":"100 JANES ST  MILL VALLEY"}},{"type":"Feature","geometry":{"type":"Polygon","coordinates":[[[-122.541835,37.90842],[-122.541379,37.908465],[-122.541304,37.908401],[-122.541321,37.908246],[-122.541798,37.908206],[-122.541814,37.908301],[-122.541835,37.90842]]]},"properties":{"prop_id":"029-114-10","situsforma":"276 OAKDALE AVE","situsfor_2":"276 OAKDALE AVE  MILL VALLEY"}},{"type":"Feature","geometry":{"type":"Polygon","coordinates":[[[-122.546254,37.905374],[-122.546196,37.905339],[-122.546185,37.905335],[-122.546354,37.905105],[-122.546489,37.90524],[-122.546254,37.905374]]]},"properties":{"prop_id":"028-065-03","situsforma":"16 PARKWOOD AVE","situsfor_2":"16 PARKWOOD AVE  MILL VALLEY"}},{"type":"Feature","geometry":{"type":"Polygon","coordinates":[[[-122.540208,37.895594],[-122.540327,37.89562],[-122.540253,37.895833],[-122.540136,37.895806],[-122.540208,37.895594]]]},"properties":{"prop_id":"047-191-17","situsforma":"220 EVERGREEN AVE","situsfor_2":"220 EVERGREEN AVE  MILL VALLEY"}},{"type":"Feature","geometry":{"type":"Polygon","coordinates":[[[-122.544179,37.907275],[-122.544179,37.907261],[-122.54418,37.907036],[-122.54436,37.907033],[-122.544355,37.907271],[-122.544354,37.90727],[-122.544348,37.90727],[-122.544179,37.907275]]]},"properties":{"prop_id":"029-181-09","situsforma":"55 BUENA VISTA AVE","situsfor_2":"55 BUENA VISTA AVE  MILL VALLEY"}},{"type":"Feature","geometry":{"type":"Polygon","coordinates":[[[-122.562207,37.901388],[-122.56234,37.901326],[-122.562255,37.901182],[-122.562256,37.901101],[-122.562277,37.901092],[-122.562318,37.901106],[-122.562322,37.901108],[-122.562409,37.901161],[-122.562569,37.901179],[-122.562646,37.901529],[-122.56225,37.901583],[-122.562207,37.901388]]]},"properties":{"prop_id":"045-263-11","situsforma":"61 MONTE CIMAS AVE","situsfor_2":"61 MONTE CIMAS AVE  MILL VALLEY"}},{"type":"Feature","geometry":{"type":"Polygon","coordinates":[[[-122.531982,37.901107],[-122.531942,37.901088],[-122.532132,37.900817],[-122.532293,37.900897],[-122.532094,37.901155],[-122.531982,37.901107]]]},"properties":{"prop_id":"030-035-16","situsforma":"25 JUANITA AVE","situsfor_2":"25 JUANITA AVE  MILL VALLEY"}},{"type":"Feature","geometry":{"type":"Polygon","coordinates":[[[-122.557482,37.920689],[-122.557793,37.920662],[-122.557894,37.920745],[-122.558042,37.920744],[-122.558007,37.920998],[-122.557419,37.920966],[-122.557273,37.920833],[-122.557482,37.920689]]]},"properties":{"prop_id":"027-031-01","situsforma":"499 RALSTON AVE","situsfor_2":"499 RALSTON AVE  MILL VALLEY"}},{"type":"Feature","geometry":{"type":"Polygon","coordinates":[[[-122.566565,37.900884],[-122.566757,37.900723],[-122.566944,37.900927],[-122.566969,37.900954],[-122.566982,37.900967],[-122.566783,37.901151],[-122.56677,37.901135],[-122.566746,37.901105],[-122.566698,37.901045],[-122.566565,37.900884]]]},"properties":{"prop_id":"045-182-23","situsforma":"2 SUNRISE LN","situsfor_2":"2 SUNRISE LN  MILL VALLEY"}},{"type":"Feature","geometry":{"type":"Polygon","coordinates":[[[-122.53455,37.902981],[-122.534672,37.903027],[-122.534512,37.903241],[-122.534322,37.903172],[-122.534472,37.90295],[-122.53455,37.902981]]]},"properties":{"prop_id":"030-012-41","situsforma":"58 ALTA VISTA AVE","situsfor_2":"58 ALTA VISTA AVE  MILL VALLEY"}},{"type":"Feature","geometry":{"type":"Polygon","coordinates":[[[-122.539042,37.908328],[-122.538689,37.908095],[-122.53884,37.907951],[-122.538869,37.907965],[-122.538955,37.908022],[-122.53915,37.908144],[-122.539042,37.908328]]]},"properties":{"prop_id":"029-124-04","situsforma":"115 CIRCLE AVE","situsfor_2":"115 CIRCLE AVE  MILL VALLEY"}},{"type":"Feature","geometry":{"type":"Polygon","coordinates":[[[-122.531312,37.90808],[-122.531374,37.908055],[-122.531375,37.908055],[-122.531375,37.908055],[-122.531434,37.908026],[-122.531435,37.908026],[-122.531436,37.908025],[-122.53149,37.907993],[-122.531491,37.907992],[-122.531492,37.907992],[-122.531543,37.907955],[-122.531544,37.907955],[-122.531546,37.907953],[-122.531566,37.907937],[-122.531603,37.907907],[-122.531603,37.907907],[-122.531604,37.907906],[-122.531623,37.907888],[-122.531677,37.90811],[-122.531718,37.908278],[-122.531837,37.908332],[-122.531875,37.90835],[-122.531877,37.90835],[-122.531511,37.908847],[-122.531312,37.90808]]]},"properties":{"prop_id":"033-191-16","situsforma":"12 ESCALON DR","situsfor_2":"12 ESCALON DR  MILL VALLEY"}},{"type":"Feature","geometry":{"type":"Polygon","coordinates":[[[-122.538839,37.910964],[-122.538959,37.910685],[-122.53917,37.910866],[-122.539283,37.910997],[-122.539158,37.911009],[-122.539011,37.911083],[-122.538839,37.910964]]]},"properties":{"prop_id":"029-273-08","situsforma":"117 COUNTRY CLUB DR","situsfor_2":"117 COUNTRY CLUB DR  MILL VALLEY"}},{"type":"Feature","geometry":{"type":"Polygon","coordinates":[[[-122.54112,37.902298],[-122.540956,37.902227],[-122.540965,37.90222],[-122.541112,37.902115],[-122.541209,37.902046],[-122.541322,37.901964],[-122.54152,37.90182],[-122.541659,37.901718],[-122.541793,37.90184],[-122.541284,37.902219],[-122.541154,37.902316],[-122.54112,37.902298]]]},"properties":{"prop_id":"028-034-38","situsforma":"211 MILLER AVE","situsfor_2":"211 MILLER AVE  MILL VALLEY"}},{"type":"Feature","geometry":{"type":"Polygon","coordinates":[[[-122.55305,37.903684],[-122.553334,37.903818],[-122.553448,37.903665],[-122.553498,37.903686],[-122.553519,37.903701],[-122.553253,37.904074],[-122.552889,37.903906],[-122.55305,37.903684]]]},"properties":{"prop_id":"028-132-26","situsforma":"12 MOLINO WAY","situsfor_2":"12 MOLINO WAY  MILL VALLEY"}},{"type":"Feature","geometry":{"type":"Polygon","coordinates":[[[-122.558635,37.91906],[-122.558574,37.919049],[-122.558529,37.91904],[-122.558119,37.918965],[-122.558009,37.918852],[-122.557872,37.918604],[-122.557815,37.918557],[-122.5579,37.918496],[-122.558615,37.91828],[-122.558565,37.918326],[-122.558511,37.918568],[-122.558659,37.918758],[-122.558684,37.91879],[-122.55869,37.918797],[-122.558635,37.91906]]]},"properties":{"prop_id":"027-033-30","situsforma":"316 RALSTON AVE","situsfor_2":"316 RALSTON AVE  MILL VALLEY"}},{"type":"Feature","geometry":{"type":"Polygon","coordinates":[[[-122.536701,37.896729],[-122.536567,37.896823],[-122.536297,37.89658],[-122.536436,37.896487],[-122.536701,37.896729]]]},"properties":{"prop_id":"030-072-05","situsforma":"400 MILLER AVE","situsfor_2":"400 MILLER AVE  MILL VALLEY"}},{"type":"Feature","geometry":{"type":"Polygon","coordinates":[[[-122.55685,37.921596],[-122.55687,37.921871],[-122.556786,37.921876],[-122.556781,37.921788],[-122.556482,37.921817],[-122.556403,37.921587],[-122.556954,37.921525],[-122.55685,37.921596]]]},"properties":{"prop_id":"027-022-21","situsforma":"550 RALSTON AVE","situsfor_2":"550 RALSTON AVE  MILL VALLEY"}},{"type":"Feature","geometry":{"type":"Polygon","coordinates":[[[-122.539071,37.904118],[-122.539159,37.903863],[-122.539164,37.903863],[-122.539302,37.903861],[-122.539364,37.904203],[-122.539044,37.90421],[-122.53904,37.90421],[-122.539071,37.904118]]]},"properties":{"prop_id":"029-192-07","situsforma":"307 E BLITHEDALE AVE","situsfor_2":"307 E BLITHEDALE AVE  MILL VALLEY"}},{"type":"Feature","geometry":{"type":"Polygon","coordinates":[[[-122.561839,37.912817],[-122.562035,37.912711],[-122.562123,37.91283],[-122.56229,37.913004],[-122.562116,37.913457],[-122.561772,37.913332],[-122.561747,37.913323],[-122.561811,37.913211],[-122.561811,37.913209],[-122.561743,37.913115],[-122.561725,37.91309],[-122.561757,37.913055],[-122.561768,37.913043],[-122.561674,37.912983],[-122.561608,37.912975],[-122.561839,37.912817]]]},"properties":{"prop_id":"027-105-17","situsforma":"500 LOVELL AVE","situsfor_2":"500 LOVELL AVE  MILL VALLEY"}},{"type":"Feature","geometry":{"type":"Polygon","coordinates":[[[-122.542045,37.905657],[-122.542121,37.905312],[-122.542234,37.905314],[-122.542226,37.905661],[-122.542045,37.905657]]]},"properties":{"prop_id":"029-185-17","situsforma":"30 DELL LN","situsfor_2":"30 DELL LN  MILL VALLEY"}},{"type":"Feature","geometry":{"type":"Polygon","coordinates":[[[-122.561132,37.904351],[-122.560952,37.904123],[-122.561113,37.904075],[-122.561396,37.904447],[-122.561291,37.904551],[-122.561132,37.904351]]]},"properties":{"prop_id":"027-252-20","situsforma":"91 ROSE AVE","situsfor_2":"91 ROSE AVE  MILL VALLEY"}},{"type":"Feature","geometry":{"type":"Polygon","coordinates":[[[-122.551008,37.917182],[-122.551396,37.917022],[-122.551384,37.917055],[-122.551763,37.917082],[-122.551534,37.917476],[-122.55135,37.917421],[-122.551034,37.917401],[-122.551008,37.917182]]]},"properties":{"prop_id":"027-092-06","situsforma":"328 ELDRIDGE AVE","situsfor_2":"328 ELDRIDGE AVE  MILL VALLEY"}},{"type":"Feature","geometry":{"type":"Polygon","coordinates":[[[-122.556326,37.904104],[-122.556778,37.903567],[-122.55697,37.903664],[-122.557083,37.903669],[-122.557207,37.903793],[-122.556998,37.903967],[-122.556874,37.903845],[-122.556863,37.903866],[-122.556977,37.903983],[-122.556664,37.904225],[-122.556442,37.904145],[-122.556326,37.904104]]]},"properties":{"prop_id":"028-122-05","situsforma":"120 HAZEL AVE","situsfor_2":"120 HAZEL AVE  MILL VALLEY"}},{"type":"Feature","geometry":{"type":"Polygon","coordinates":[[[-122.543876,37.910005],[-122.54357,37.909951],[-122.543583,37.909867],[-122.54364,37.90988],[-122.543654,37.909798],[-122.54389,37.90985],[-122.543868,37.909985],[-122.543876,37.910005]]]},"properties":{"prop_id":"029-072-02","situsforma":"278 HILLSIDE AVE","situsfor_2":"278 HILLSIDE AVE  MILL VALLEY"}},{"type":"Feature","geometry":{"type":"Polygon","coordinates":[[[-122.538855,37.901751],[-122.538517,37.901991],[-122.538421,37.901881],[-122.538739,37.901652],[-122.538855,37.901751]]]},"properties":{"prop_id":"028-221-07","situsforma":"66 WALNUT AVE","situsfor_2":"66 WALNUT AVE  MILL VALLEY"}},{"type":"Feature","geometry":{"type":"Polygon","coordinates":[[[-122.542654,37.897277],[-122.542907,37.89721],[-122.542944,37.897423],[-122.542958,37.89751],[-122.542958,37.89751],[-122.542724,37.897473],[-122.542723,37.897473],[-122.542722,37.897473],[-122.542719,37.897463],[-122.542695,37.897395],[-122.542654,37.897279],[-122.542654,37.897277],[-122.542654,37.897277],[-122.542654,37.897277]]]},"properties":{"prop_id":"047-151-09","situsforma":"168 JANES ST","situsfor_2":"168 JANES ST  MILL VALLEY"}},{"type":"Feature","geometry":{"type":"Polygon","coordinates":[[[-122.554351,37.913019],[-122.554408,37.912837],[-122.554429,37.912841],[-122.554574,37.91287],[-122.555118,37.912784],[-122.555121,37.912704],[-122.555138,37.912651],[-122.555345,37.912666],[-122.555407,37.91267],[-122.55571,37.912655],[-122.555829,37.912563],[-122.555848,37.912549],[-122.555965,37.912577],[-122.555968,37.912594],[-122.556008,37.912784],[-122.556014,37.91281],[-122.556021,37.912847],[-122.555792,37.912975],[-122.555616,37.912952],[-122.555518,37.91302],[-122.554704,37.913074],[-122.554651,37.913241],[-122.554588,37.913395],[-122.554467,37.913384],[-122.554242,37.913363],[-122.554351,37.913019]]]},"properties":{"prop_id":"027-143-40","situsforma":"235 MARGUERITE AVE","situsfor_2":"235 MARGUERITE AVE  MILL VALLEY"}},{"type":"Feature","geometry":{"type":"Polygon","coordinates":[[[-122.55777,37.906406],[-122.557478,37.90626],[-122.557635,37.906045],[-122.557817,37.906175],[-122.557881,37.906186],[-122.55777,37.906406]]]},"properties":{"prop_id":"027-243-12","situsforma":"157 MARION AVE","situsfor_2":"157 MARION AVE  MILL VALLEY"}},{"type":"Feature","geometry":{"type":"Polygon","coordinates":[[[-122.541575,37.909334],[-122.541751,37.909308],[-122.541742,37.909339],[-122.541789,37.909452],[-122.541866,37.909599],[-122.541486,37.9096],[-122.541489,37.909483],[-122.541561,37.909469],[-122.541578,37.909465],[-122.541575,37.909334]]]},"properties":{"prop_id":"029-115-22","situsforma":"235 OAKDALE AVE","situsfor_2":"235 OAKDALE AVE  MILL VALLEY"}},{"type":"Feature","geometry":{"type":"Polygon","coordinates":[[[-122.535484,37.904538],[-122.535881,37.904313],[-122.536011,37.904451],[-122.5357,37.904633],[-122.535624,37.904677],[-122.535484,37.904538]]]},"properties":{"prop_id":"029-221-22","situsforma":"30 ALVARADO AVE","situsfor_2":"30 ALVARADO AVE  MILL VALLEY"}},{"type":"Feature","geometry":{"type":"Polygon","coordinates":[[[-122.570036,37.909115],[-122.570596,37.909046],[-122.5706,37.909056],[-122.570798,37.909643],[-122.570459,37.91038],[-122.570082,37.911227],[-122.570082,37.911227],[-122.570078,37.911237],[-122.570077,37.911237],[-122.567867,37.910275],[-122.567792,37.910243],[-122.567792,37.910243],[-122.567871,37.91005],[-122.567972,37.909803],[-122.567973,37.9098],[-122.568006,37.909367],[-122.568055,37.909361],[-122.568056,37.90936],[-122.569947,37.909126],[-122.570036,37.909115]]]},"properties":{"prop_id":"046-030-29","situsforma":"","situsfor_2":""}},{"type":"Feature","geometry":{"type":"Polygon","coordinates":[[[-122.544871,37.899826],[-122.545176,37.89957],[-122.545181,37.899581],[-122.54544,37.899494],[-122.545657,37.899322],[-122.545471,37.899558],[-122.545309,37.899692],[-122.545003,37.899944],[-122.544981,37.899915],[-122.544981,37.899915],[-122.544981,37.899915],[-122.54498,37.899915],[-122.544956,37.899889],[-122.544955,37.899888],[-122.544955,37.899888],[-122.544927,37.899864],[-122.544927,37.899864],[-122.544927,37.899863],[-122.544896,37.899842],[-122.544896,37.899841],[-122.544895,37.899841],[-122.544871,37.899826]]]},"properties":{"prop_id":"047-124-29","situsforma":"302 CAPE CT","situsfor_2":"302 CAPE CT  MILL VALLEY"}},{"type":"Feature","geometry":{"type":"Polygon","coordinates":[[[-122.528737,37.924775],[-122.528704,37.924605],[-122.529005,37.924604],[-122.529008,37.924639],[-122.529008,37.924639],[-122.529015,37.924672],[-122.529015,37.924673],[-122.529015,37.924673],[-122.529025,37.924706],[-122.529025,37.924706],[-122.529025,37.924707],[-122.529025,37.924707],[-122.529037,37.924739],[-122.529037,37.92474],[-122.529038,37.92474],[-122.529038,37.92474],[-122.529043,37.924751],[-122.528975,37.924773],[-122.528737,37.924775]]]},"properties":{"prop_id":"025-036-20","situsforma":"292 CORTE MADERA AVE","situsfor_2":"292 CORTE MADERA AVE  CORTE MADERA"}},{"type":"Feature","geometry":{"type":"Polygon","coordinates":[[[-122.532532,37.927799],[-122.532774,37.928024],[-122.532475,37.928161],[-122.532319,37.928001],[-122.532318,37.928],[-122.532317,37.927998],[-122.532315,37.927996],[-122.532315,37.927996],[-122.532314,37.927995],[-122.532312,37.927992],[-122.532312,37.927992],[-122.532311,37.92799],[-122.53231,37.927988],[-122.532309,37.927987],[-122.532309,37.927986],[-122.532308,37.927984],[-122.532307,37.927983],[-122.532307,37.927981],[-122.532306,37.927979],[-122.532306,37.927978],[-122.532306,37.927977],[-122.532305,37.927974],[-122.532305,37.927973],[-122.532305,37.927972],[-122.532304,37.927969],[-122.532304,37.927968],[-122.532304,37.927967],[-122.532304,37.927964],[-122.532304,37.927963],[-122.532304,37.927962],[-122.532305,37.927959],[-122.532305,37.927958],[-122.532305,37.927957],[-122.532305,37.927954],[-122.532306,37.927953],[-122.532306,37.927952],[-122.532307,37.927949],[-122.532307,37.927948],[-122.532307,37.927947],[-122.532308,37.927945],[-122.532309,37.927943],[-122.532309,37.927942],[-122.532309,37.927942],[-122.53231,37.92794],[-122.532311,37.927938],[-122.532311,37.927938],[-122.532312,37.927937],[-122.532313,37.927935],[-122.532314,37.927934],[-122.532314,37.927933],[-122.532315,37.927933],[-122.532316,37.927931],[-122.532317,37.927929],[-122.532317,37.927929],[-122.532318,37.927929],[-122.532319,37.927927],[-122.532321,37.927925],[-122.532321,37.927925],[-122.532321,37.927925],[-122.532323,37.927923],[-122.532325,37.927922],[-122.532325,37.927921],[-122.532325,37.927921],[-122.532328,37.927919],[-122.532329,37.927918],[-122.532329,37.927918],[-122.532329,37.927918],[-122.532334,37.927915],[-122.532532,37.927799]]]},"properties":{"prop_id":"021-142-18","situsforma":"4 LARK CT","situsfor_2":"4 LARK CT  LARKSPUR"}},{"type":"Feature","geometry":{"type":"Polygon","coordinates":[[[-122.564347,37.908319],[-122.563955,37.908397],[-122.563692,37.908306],[-122.563637,37.908258],[-122.563592,37.907989],[-122.563775,37.907766],[-122.563823,37.907707],[-122.563933,37.90813],[-122.564347,37.908319]]]},"properties":{"prop_id":"027-202-09","situsforma":"396 ROSE AVE","situsfor_2":"396 ROSE AVE  MILL VALLEY"}},{"type":"Feature","geometry":{"type":"Polygon","coordinates":[[[-122.556185,37.896537],[-122.556192,37.89653],[-122.556385,37.896661],[-122.556222,37.896778],[-122.556056,37.896668],[-122.556161,37.896561],[-122.556185,37.896537]]]},"properties":{"prop_id":"047-092-16","situsforma":"606 AMARANTH BLVD","situsfor_2":"606 AMARANTH BLVD  MILL VALLEY"}},{"type":"Feature","geometry":{"type":"Polygon","coordinates":[[[-122.54405,37.895006],[-122.543819,37.894949],[-122.543882,37.894767],[-122.544521,37.895022],[-122.544432,37.895138],[-122.54405,37.895006]]]},"properties":{"prop_id":"047-213-03","situsforma":"304 MELROSE AVE","situsfor_2":"304 MELROSE AVE  MILL VALLEY"}},{"type":"Feature","geometry":{"type":"Polygon","coordinates":[[[-122.551129,37.915027],[-122.55096,37.915173],[-122.550799,37.915056],[-122.550795,37.915021],[-122.550911,37.91502],[-122.550997,37.914953],[-122.551237,37.914935],[-122.551129,37.915027]]]},"properties":{"prop_id":"029-022-02","situsforma":"233 ELDRIDGE AVE","situsfor_2":"233 ELDRIDGE AVE  MILL VALLEY"}},{"type":"Feature","geometry":{"type":"Polygon","coordinates":[[[-122.543384,37.904001],[-122.543216,37.903924],[-122.543321,37.903775],[-122.543443,37.903606],[-122.543612,37.903694],[-122.543384,37.904001]]]},"properties":{"prop_id":"028-026-06","situsforma":"61 PRESIDIO AVE","situsfor_2":"61 PRESIDIO AVE  MILL VALLEY"}},{"type":"Feature","geometry":{"type":"Polygon","coordinates":[[[-122.530912,37.92615],[-122.530586,37.926354],[-122.530472,37.926244],[-122.530772,37.926057],[-122.530797,37.926043],[-122.530826,37.92607],[-122.530912,37.92615]]]},"properties":{"prop_id":"025-011-13","situsforma":"107 CORTE MADERA AVE","situsfor_2":"107 CORTE MADERA AVE  CORTE MADERA"}},{"type":"Feature","geometry":{"type":"Polygon","coordinates":[[[-122.543993,37.904659],[-122.544283,37.904793],[-122.544229,37.90487],[-122.543943,37.904731],[-122.543993,37.904659]]]},"properties":{"prop_id":"028-024-16","situsforma":"22 HILL ST","situsfor_2":"22 HILL ST  MILL VALLEY"}},{"type":"Feature","geometry":{"type":"Polygon","coordinates":[[[-122.528963,37.928587],[-122.528955,37.928474],[-122.528953,37.928448],[-122.529121,37.928439],[-122.529145,37.928713],[-122.528975,37.928725],[-122.528963,37.928587]]]},"properties":{"prop_id":"024-096-06","situsforma":"123 BALTIMORE AVE","situsfor_2":"123 BALTIMORE AVE  CORTE MADERA"}},{"type":"Feature","geometry":{"type":"Polygon","coordinates":[[[-122.529124,37.901455],[-122.529262,37.901046],[-122.528926,37.900975],[-122.528931,37.900947],[-122.528963,37.900868],[-122.529077,37.900611],[-122.529964,37.900801],[-122.529968,37.900802],[-122.529856,37.901083],[-122.529854,37.901088],[-122.529794,37.901239],[-122.529787,37.901257],[-122.529761,37.901322],[-122.529743,37.901317],[-122.529666,37.901296],[-122.529626,37.901289],[-122.529586,37.901284],[-122.529586,37.901284],[-122.529585,37.901284],[-122.529547,37.901282],[-122.529546,37.901282],[-122.529537,37.901282],[-122.529505,37.901283],[-122.529465,37.901286],[-122.529425,37.901292],[-122.529403,37.901297],[-122.529387,37.901301],[-122.529349,37.901313],[-122.529313,37.901327],[-122.529278,37.901343],[-122.529246,37.901362],[-122.529216,37.901384],[-122.529188,37.901407],[-122.529163,37.901432],[-122.529141,37.901458],[-122.529122,37.901486],[-122.529106,37.901515],[-122.529094,37.901542],[-122.529123,37.901458],[-122.529124,37.901455]]]},"properties":{"prop_id":"030-021-47","situsforma":"","situsfor_2":""}},{"type":"Feature","geometry":{"type":"Polygon","coordinates":[[[-122.560956,37.918177],[-122.560991,37.91777],[-122.561076,37.917681],[-122.561227,37.917588],[-122.561612,37.917308],[-122.561771,37.917461],[-122.561775,37.91757],[-122.561881,37.917719],[-122.562078,37.91785],[-122.561433,37.918155],[-122.561278,37.918221],[-122.561185,37.918328],[-122.560956,37.918177]]]},"properties":{"prop_id":"027-066-10","situsforma":"677 SUMMIT AVE","situsfor_2":"677 SUMMIT AVE  MILL VALLEY"}},{"type":"Feature","geometry":{"type":"Polygon","coordinates":[[[-122.56755,37.90348],[-122.567213,37.903359],[-122.567257,37.903089],[-122.567305,37.902816],[-122.567392,37.902847],[-122.567583,37.90304],[-122.567561,37.903197],[-122.567595,37.903209],[-122.567858,37.903304],[-122.567956,37.903402],[-122.567877,37.903597],[-122.56755,37.90348]]]},"properties":{"prop_id":"045-132-11","situsforma":"","situsfor_2":""}},{"type":"Feature","geometry":{"type":"Polygon","coordinates":[[[-122.538704,37.893965],[-122.53871,37.893961],[-122.538808,37.894123],[-122.53881,37.894125],[-122.538578,37.894308],[-122.538486,37.894344],[-122.538397,37.894197],[-122.538647,37.894009],[-122.538704,37.893965]]]},"properties":{"prop_id":"048-061-44","situsforma":"125 REED ST","situsfor_2":"125 REED ST  MILL VALLEY"}},{"type":"Feature","geometry":{"type":"Polygon","coordinates":[[[-122.555297,37.903365],[-122.55518,37.903347],[-122.555074,37.903095],[-122.555354,37.903137],[-122.555297,37.903365]]]},"properties":{"prop_id":"028-135-05","situsforma":"300 MARION AVE","situsfor_2":"300 MARION AVE  MILL VALLEY"}},{"type":"Feature","geometry":{"type":"Polygon","coordinates":[[[-122.556102,37.90771],[-122.5563,37.907574],[-122.556516,37.907782],[-122.556336,37.907909],[-122.556306,37.907878],[-122.55605,37.907747],[-122.556102,37.90771]]]},"properties":{"prop_id":"027-222-24","situsforma":"448 THROCKMORTON AVE","situsfor_2":"448 THROCKMORTON AVE  MILL VALLEY"}},{"type":"Feature","geometry":{"type":"Polygon","coordinates":[[[-122.538839,37.910964],[-122.539011,37.911083],[-122.538866,37.911156],[-122.538695,37.911309],[-122.538293,37.911138],[-122.538541,37.910831],[-122.538679,37.910851],[-122.538839,37.910964]]]},"properties":{"prop_id":"029-273-02","situsforma":"115 COUNTRY CLUB DR","situsfor_2":"115 COUNTRY CLUB DR  MILL VALLEY"}},{"type":"Feature","geometry":{"type":"Polygon","coordinates":[[[-122.530944,37.898446],[-122.531199,37.898189],[-122.531314,37.898288],[-122.531079,37.898529],[-122.530944,37.898446]]]},"properties":{"prop_id":"030-062-16","situsforma":"28 RYAN AVE","situsfor_2":"28 RYAN AVE  MILL VALLEY"}},{"type":"Feature","geometry":{"type":"Polygon","coordinates":[[[-122.552163,37.910573],[-122.551905,37.910349],[-122.552117,37.910148],[-122.552411,37.910262],[-122.552365,37.910346],[-122.552334,37.910579],[-122.552163,37.910573]]]},"properties":{"prop_id":"029-054-15","situsforma":"226 SUMMIT AVE","situsfor_2":"226 SUMMIT AVE  MILL VALLEY"}},{"type":"Feature","geometry":{"type":"Polygon","coordinates":[[[-122.533354,37.92739],[-122.533367,37.927376],[-122.533367,37.927376],[-122.533367,37.927376],[-122.533368,37.927376],[-122.533378,37.927362],[-122.533379,37.927362],[-122.533379,37.927361],[-122.533379,37.927361],[-122.533388,37.927347],[-122.533393,37.927339],[-122.533394,37.927339],[-122.533411,37.927314],[-122.533411,37.927313],[-122.533412,37.927312],[-122.533432,37.927289],[-122.533432,37.927289],[-122.533433,37.927288],[-122.533455,37.927266],[-122.533455,37.927266],[-122.533456,37.927265],[-122.53348,37.927245],[-122.533481,37.927244],[-122.533482,37.927244],[-122.533508,37.927225],[-122.533509,37.927225],[-122.53351,37.927224],[-122.533539,37.927207],[-122.533869,37.927538],[-122.533687,37.927625],[-122.533354,37.92739]]]},"properties":{"prop_id":"021-142-22","situsforma":"28 LARK CT","situsfor_2":"28 LARK CT  LARKSPUR"}},{"type":"Feature","geometry":{"type":"Polygon","coordinates":[[[-122.529827,37.927987],[-122.529896,37.928075],[-122.529448,37.928294],[-122.52938,37.928206],[-122.529514,37.928139],[-122.529827,37.927987]]]},"properties":{"prop_id":"024-096-19","situsforma":"110 PALM AVE","situsfor_2":"110 PALM AVE  CORTE MADERA"}},{"type":"Feature","geometry":{"type":"Polygon","coordinates":[[[-122.559506,37.907133],[-122.559618,37.907457],[-122.559588,37.907594],[-122.559156,37.907651],[-122.559003,37.907215],[-122.559493,37.907069],[-122.559506,37.907133]]]},"properties":{"prop_id":"027-241-06","situsforma":"6 MARION AVE","situsfor_2":"6 MARION AVE  MILL VALLEY"}},{"type":"Feature","geometry":{"type":"Polygon","coordinates":[[[-122.556077,37.91236],[-122.556218,37.912154],[-122.55655,37.912271],[-122.556397,37.912515],[-122.556351,37.912495],[-122.556136,37.912404],[-122.55612,37.912366],[-122.556077,37.91236]]]},"properties":{"prop_id":"027-144-13","situsforma":"403 SUMMIT AVE","situsfor_2":"403 SUMMIT AVE  MILL VALLEY"}},{"type":"Feature","geometry":{"type":"Polygon","coordinates":[[[-122.530634,37.895525],[-122.530255,37.895527],[-122.530253,37.895388],[-122.530637,37.895389],[-122.530634,37.895525]]]},"properties":{"prop_id":"030-083-02","situsforma":"66 SURREY AVE","situsfor_2":"66 SURREY AVE  MILL VALLEY"}},{"type":"Feature","geometry":{"type":"Polygon","coordinates":[[[-122.541063,37.90425],[-122.541041,37.904092],[-122.540999,37.903863],[-122.541148,37.903928],[-122.541063,37.90425]]]},"properties":{"prop_id":"028-027-09","situsforma":"263 E BLITHEDALE AVE","situsfor_2":"263 E BLITHEDALE AVE  MILL VALLEY"}},{"type":"Feature","geometry":{"type":"Polygon","coordinates":[[[-122.55375,37.915601],[-122.55364,37.915449],[-122.553813,37.915436],[-122.55398,37.915473],[-122.554022,37.915476],[-122.55406,37.915477],[-122.554091,37.915477],[-122.554117,37.915473],[-122.554143,37.915498],[-122.554084,37.91555],[-122.55406,37.915532],[-122.553898,37.915683],[-122.553847,37.915731],[-122.55375,37.915601]]]},"properties":{"prop_id":"027-082-06","situsforma":"20 MAGEE AVE","situsfor_2":"20 MAGEE AVE  MILL VALLEY"}},{"type":"Feature","geometry":{"type":"Polygon","coordinates":[[[-122.528642,37.921522],[-122.528268,37.921527],[-122.528265,37.921527],[-122.528232,37.921338],[-122.528312,37.921279],[-122.528483,37.921122],[-122.528772,37.921042],[-122.528895,37.921292],[-122.529009,37.921523],[-122.529008,37.921523],[-122.528642,37.921522]]]},"properties":{"prop_id":"025-151-10","situsforma":"459 MONTECITO AVE","situsfor_2":"459 MONTECITO AVE  CORTE MADERA"}},{"type":"Feature","geometry":{"type":"Polygon","coordinates":[[[-122.546633,37.902357],[-122.546613,37.902331],[-122.546591,37.902307],[-122.546566,37.902284],[-122.546539,37.902264],[-122.546509,37.902246],[-122.546477,37.90223],[-122.546467,37.902225],[-122.546636,37.902258],[-122.546677,37.902265],[-122.546659,37.902303],[-122.546633,37.902357]]]},"properties":{"prop_id":"028-177-12","situsforma":"","situsfor_2":""}},{"type":"Feature","geometry":{"type":"Polygon","coordinates":[[[-122.546221,37.911064],[-122.546349,37.911347],[-122.546345,37.911347],[-122.546344,37.911347],[-122.546327,37.911347],[-122.546326,37.911347],[-122.546325,37.911347],[-122.546309,37.911346],[-122.546308,37.911345],[-122.546307,37.911345],[-122.54629,37.911343],[-122.54629,37.911343],[-122.546289,37.911343],[-122.546273,37.911339],[-122.546272,37.911339],[-122.546272,37.911339],[-122.546272,37.911339],[-122.546255,37.911334],[-122.545806,37.911189],[-122.545852,37.911176],[-122.546046,37.91107],[-122.546221,37.911064]]]},"properties":{"prop_id":"029-061-04","situsforma":"27 WOODBINE DR","situsfor_2":"27 WOODBINE DR  MILL VALLEY"}},{"type":"Feature","geometry":{"type":"Polygon","coordinates":[[[-122.532998,37.927523],[-122.533012,37.927515],[-122.533014,37.927514],[-122.533015,37.927514],[-122.533039,37.927501],[-122.533039,37.927501],[-122.53304,37.927501],[-122.533065,37.92749],[-122.533067,37.92749],[-122.533068,37.927489],[-122.533094,37.92748],[-122.533095,37.92748],[-122.533095,37.92748],[-122.533095,37.92748],[-122.533123,37.927473],[-122.533125,37.927473],[-122.533126,37.927472],[-122.533155,37.927467],[-122.53322,37.927455],[-122.533241,37.92745],[-122.533242,37.92745],[-122.533242,37.92745],[-122.533242,37.927449],[-122.533262,37.927443],[-122.533263,37.927443],[-122.533264,37.927443],[-122.533282,37.927436],[-122.533282,37.927436],[-122.533284,37.927435],[-122.533301,37.927427],[-122.533301,37.927427],[-122.533302,37.927426],[-122.533318,37.927417],[-122.533319,37.927416],[-122.53332,37.927416],[-122.533335,37.927406],[-122.533336,37.927405],[-122.533337,37.927404],[-122.53335,37.927393],[-122.533351,37.927392],[-122.533354,37.92739],[-122.533687,37.927625],[-122.533674,37.927631],[-122.533375,37.927773],[-122.533296,37.927808],[-122.532998,37.927523]]]},"properties":{"prop_id":"021-142-21","situsforma":"22 LARK CT","situsfor_2":"22 LARK CT  LARKSPUR"}},{"type":"Feature","geometry":{"type":"Polygon","coordinates":[[[-122.537836,37.922911],[-122.537773,37.923215],[-122.537487,37.923172],[-122.537355,37.923155],[-122.537107,37.923062],[-122.537534,37.922674],[-122.537836,37.922911]]]},"properties":{"prop_id":"021-161-17","situsforma":"260 SUMMIT DR","situsfor_2":"260 SUMMIT DR  CORTE MADERA"}},{"type":"Feature","geometry":{"type":"Polygon","coordinates":[[[-122.540249,37.919372],[-122.540402,37.919198],[-122.540738,37.919039],[-122.540856,37.918513],[-122.540832,37.918427],[-122.54079,37.918205],[-122.54084,37.918142],[-122.540845,37.918136],[-122.540846,37.918135],[-122.540846,37.918135],[-122.540847,37.918134],[-122.540856,37.918125],[-122.540856,37.918124],[-122.540857,37.918124],[-122.540866,37.918116],[-122.540867,37.918115],[-122.540868,37.918114],[-122.540879,37.918106],[-122.540879,37.918106],[-122.54088,37.918105],[-122.540892,37.918098],[-122.540892,37.918098],[-122.540892,37.918098],[-122.540892,37.918098],[-122.540905,37.918092],[-122.540906,37.918092],[-122.540907,37.918091],[-122.540919,37.918087],[-122.54092,37.918087],[-122.540922,37.918087],[-122.540935,37.918083],[-122.540935,37.918083],[-122.540935,37.918083],[-122.540936,37.918083],[-122.540949,37.918081],[-122.54095,37.918081],[-122.540951,37.918081],[-122.540965,37.918079],[-122.540966,37.918079],[-122.540968,37.918079],[-122.540981,37.918079],[-122.540982,37.918079],[-122.540982,37.918079],[-122.540983,37.918079],[-122.540997,37.91808],[-122.540998,37.91808],[-122.540999,37.91808],[-122.541013,37.918082],[-122.541014,37.918082],[-122.541015,37.918082],[-122.541029,37.918085],[-122.54103,37.918085],[-122.541031,37.918085],[-122.541045,37.918089],[-122.541045,37.918089],[-122.541046,37.918089],[-122.541046,37.918089],[-122.541059,37.918094],[-122.541061,37.918094],[-122.541062,37.918095],[-122.541074,37.9181],[-122.541075,37.918101],[-122.541077,37.918101],[-122.541089,37.918108],[-122.541101,37.918115],[-122.541113,37.918124],[-122.541127,37.918138],[-122.541018,37.918212],[-122.541023,37.918501],[-122.541001,37.918677],[-122.540932,37.918712],[-122.540919,37.918847],[-122.540842,37.919052],[-122.541056,37.919339],[-122.540599,37.919542],[-122.540249,37.919372]]]},"properties":{"prop_id":"029-300-33","situsforma":"42 GLEN DR","situsfor_2":"42 GLEN DR  MILL VALLEY"}},{"type":"Feature","geometry":{"type":"Polygon","coordinates":[[[-122.566601,37.903458],[-122.566612,37.903387],[-122.566814,37.903464],[-122.566915,37.903279],[-122.566967,37.903297],[-122.566932,37.903507],[-122.56692,37.903578],[-122.566601,37.903458]]]},"properties":{"prop_id":"045-131-21","situsforma":"651 EDGEWOOD AVE","situsfor_2":"651 EDGEWOOD AVE  MILL VALLEY"}},{"type":"Feature","geometry":{"type":"Polygon","coordinates":[[[-122.530023,37.900059],[-122.530043,37.900026],[-122.530105,37.899923],[-122.530407,37.900073],[-122.530337,37.900187],[-122.530023,37.900059]]]},"properties":{"prop_id":"030-043-11","situsforma":"102 NELSON AVE","situsfor_2":"102 NELSON AVE  MILL VALLEY"}},{"type":"Feature","geometry":{"type":"Polygon","coordinates":[[[-122.549019,37.896291],[-122.548724,37.896689],[-122.548704,37.896678],[-122.548655,37.896639],[-122.54863,37.896387],[-122.548537,37.896218],[-122.549019,37.896291]]]},"properties":{"prop_id":"047-182-03","situsforma":"363 LAVERNE AVE","situsfor_2":"363 LAVERNE AVE  MILL VALLEY"}},{"type":"Feature","geometry":{"type":"Polygon","coordinates":[[[-122.541141,37.899924],[-122.541393,37.899651],[-122.541602,37.899826],[-122.541374,37.90009],[-122.541141,37.899924]]]},"properties":{"prop_id":"028-183-13","situsforma":"43 WOODSIDE LN","situsfor_2":"43 WOODSIDE LN  MILL VALLEY"}},{"type":"Feature","geometry":{"type":"Polygon","coordinates":[[[-122.546671,37.90956],[-122.546575,37.909302],[-122.546859,37.90924],[-122.546975,37.909459],[-122.546671,37.90956]]]},"properties":{"prop_id":"029-066-05","situsforma":"19 HILLSIDE AVE","situsfor_2":"19 HILLSIDE AVE  MILL VALLEY"}},{"type":"Feature","geometry":{"type":"Polygon","coordinates":[[[-122.557567,37.909472],[-122.557766,37.909384],[-122.557819,37.909324],[-122.557898,37.90929],[-122.558016,37.909179],[-122.558072,37.909231],[-122.557988,37.909277],[-122.557861,37.909475],[-122.557978,37.909566],[-122.557916,37.909632],[-122.55773,37.909548],[-122.557567,37.909472]]]},"properties":{"prop_id":"027-213-12","situsforma":"506 THROCKMORTON AVE","situsfor_2":"506 THROCKMORTON AVE  MILL VALLEY"}},{"type":"Feature","geometry":{"type":"Polygon","coordinates":[[[-122.541684,37.900783],[-122.541657,37.900759],[-122.541647,37.900766],[-122.541625,37.900747],[-122.541555,37.900685],[-122.541762,37.900539],[-122.541763,37.900538],[-122.541769,37.900542],[-122.541942,37.900644],[-122.541867,37.900697],[-122.541864,37.900695],[-122.541852,37.900685],[-122.541852,37.900685],[-122.541687,37.900802],[-122.541676,37.900793],[-122.541674,37.900791],[-122.541684,37.900783]]]},"properties":{"prop_id":"028-241-06","situsforma":"","situsfor_2":""}},{"type":"Feature","geometry":{"type":"Polygon","coordinates":[[[-122.554276,37.900333],[-122.55451,37.900177],[-122.554693,37.90021],[-122.555051,37.900147],[-122.554925,37.900461],[-122.554836,37.90042],[-122.554924,37.900755],[-122.554922,37.900948],[-122.554896,37.900957],[-122.554897,37.900759],[-122.554838,37.900561],[-122.554507,37.900644],[-122.554376,37.900754],[-122.554288,37.900818],[-122.554287,37.900814],[-122.554281,37.900785],[-122.554229,37.90059],[-122.554189,37.900437],[-122.554155,37.900324],[-122.554276,37.900333]]]},"properties":{"prop_id":"047-021-53","situsforma":"633 RIDGEWOOD AVE","situsfor_2":"633 RIDGEWOOD AVE  MILL VALLEY"}},{"type":"Feature","geometry":{"type":"Polygon","coordinates":[[[-122.538692,37.909316],[-122.539116,37.909252],[-122.539171,37.909287],[-122.539327,37.909311],[-122.539338,37.90935],[-122.539382,37.909514],[-122.53924,37.909524],[-122.538948,37.909575],[-122.538929,37.909548],[-122.538902,37.909512],[-122.538829,37.909414],[-122.538692,37.909316]]]},"properties":{"prop_id":"029-082-37","situsforma":"185 CIRCLE AVE","situsfor_2":"185 CIRCLE AVE  MILL VALLEY"}},{"type":"Feature","geometry":{"type":"Polygon","coordinates":[[[-122.557177,37.907379],[-122.557179,37.907378],[-122.557179,37.907378],[-122.557323,37.907512],[-122.557409,37.907592],[-122.557407,37.907593],[-122.556922,37.907938],[-122.556694,37.907733],[-122.557051,37.907473],[-122.55717,37.907384],[-122.557177,37.907379]]]},"properties":{"prop_id":"027-242-09","situsforma":"465 THROCKMORTON AVE","situsfor_2":"465 THROCKMORTON AVE  MILL VALLEY"}},{"type":"Feature","geometry":{"type":"Polygon","coordinates":[[[-122.562778,37.905882],[-122.56228,37.905815],[-122.562216,37.905683],[-122.562282,37.905605],[-122.562427,37.905496],[-122.562543,37.905593],[-122.562596,37.905554],[-122.562686,37.905586],[-122.562856,37.905576],[-122.562778,37.905882]]]},"properties":{"prop_id":"027-236-21","situsforma":"151 MONTE VISTA AVE","situsfor_2":"151 MONTE VISTA AVE  MILL VALLEY"}},{"type":"Feature","geometry":{"type":"Polygon","coordinates":[[[-122.555122,37.916151],[-122.555337,37.91602],[-122.555379,37.916031],[-122.555398,37.916013],[-122.55577,37.916101],[-122.555789,37.916105],[-122.555794,37.916107],[-122.555806,37.916109],[-122.555797,37.916123],[-122.555781,37.916149],[-122.55568,37.916319],[-122.555575,37.916521],[-122.5554,37.916459],[-122.555404,37.916435],[-122.555119,37.916332],[-122.555122,37.916151]]]},"properties":{"prop_id":"027-083-14","situsforma":"35 ELAINE AVE","situsfor_2":"35 ELAINE AVE  MILL VALLEY"}},{"type":"Feature","geometry":{"type":"Polygon","coordinates":[[[-122.5559,37.899307],[-122.556074,37.899321],[-122.555883,37.899381],[-122.555676,37.899491],[-122.555712,37.899431],[-122.555793,37.899296],[-122.5559,37.899307]]]},"properties":{"prop_id":"047-071-09","situsforma":"","situsfor_2":""}},{"type":"Feature","geometry":{"type":"Polygon","coordinates":[[[-122.554845,37.903218],[-122.555074,37.903095],[-122.55518,37.903347],[-122.554888,37.90353],[-122.554711,37.903469],[-122.554845,37.903218]]]},"properties":{"prop_id":"028-135-04","situsforma":"28 HAZEL AVE","situsfor_2":"28 HAZEL AVE  MILL VALLEY"}},{"type":"Feature","geometry":{"type":"Polygon","coordinates":[[[-122.558132,37.911413],[-122.558541,37.911307],[-122.55854,37.911522],[-122.558548,37.911547],[-122.558112,37.911646],[-122.558111,37.911646],[-122.558098,37.911487],[-122.558092,37.911425],[-122.558092,37.911423],[-122.55813,37.911414],[-122.558132,37.911413]]]},"properties":{"prop_id":"027-131-05","situsforma":"354 LOVELL AVE","situsfor_2":"354 LOVELL AVE  MILL VALLEY"}},{"type":"Feature","geometry":{"type":"Polygon","coordinates":[[[-122.550385,37.914472],[-122.550322,37.914581],[-122.550091,37.914588],[-122.549818,37.914455],[-122.550053,37.914399],[-122.550071,37.91439],[-122.550385,37.914472]]]},"properties":{"prop_id":"029-022-05","situsforma":"201 ELDRIDGE AVE","situsfor_2":"201 ELDRIDGE AVE  MILL VALLEY"}},{"type":"Feature","geometry":{"type":"Polygon","coordinates":[[[-122.533931,37.89762],[-122.533775,37.897872],[-122.533607,37.897795],[-122.533752,37.89754],[-122.533931,37.89762]]]},"properties":{"prop_id":"030-064-03","situsforma":"272 SYCAMORE AVE","situsfor_2":"272 SYCAMORE AVE  MILL VALLEY"}},{"type":"Feature","geometry":{"type":"Polygon","coordinates":[[[-122.532562,37.899973],[-122.532278,37.899797],[-122.532775,37.899712],[-122.532806,37.899731],[-122.532562,37.899973]]]},"properties":{"prop_id":"030-037-11","situsforma":"58 MATILDA AVE","situsfor_2":"58 MATILDA AVE  MILL VALLEY"}},{"type":"Feature","geometry":{"type":"Polygon","coordinates":[[[-122.530635,37.895657],[-122.530258,37.895666],[-122.530255,37.895527],[-122.530634,37.895525],[-122.530635,37.895657]]]},"properties":{"prop_id":"030-083-01","situsforma":"70 SURREY AVE","situsfor_2":"70 SURREY AVE  MILL VALLEY"}},{"type":"Feature","geometry":{"type":"Polygon","coordinates":[[[-122.535625,37.901855],[-122.535754,37.901768],[-122.535869,37.901864],[-122.535941,37.901903],[-122.535794,37.902007],[-122.535792,37.902009],[-122.535625,37.901855]]]},"properties":{"prop_id":"028-234-05","situsforma":"171 ELM AVE","situsfor_2":"171 ELM AVE  MILL VALLEY"}},{"type":"Feature","geometry":{"type":"Polygon","coordinates":[[[-122.534691,37.899892],[-122.534816,37.899803],[-122.53508,37.900045],[-122.535064,37.900053],[-122.534933,37.900119],[-122.534691,37.899892]]]},"properties":{"prop_id":"030-054-11","situsforma":"12 HILARITA AVE","situsfor_2":"12 HILARITA AVE  MILL VALLEY"}},{"type":"Feature","geometry":{"type":"Polygon","coordinates":[[[-122.546077,37.912795],[-122.54568,37.912678],[-122.54579,37.912488],[-122.546189,37.912604],[-122.546077,37.912795]]]},"properties":{"prop_id":"029-032-09","situsforma":"47 UPLAND AVE","situsfor_2":"47 UPLAND AVE  MILL VALLEY"}},{"type":"Feature","geometry":{"type":"Polygon","coordinates":[[[-122.549217,37.90647],[-122.549257,37.906443],[-122.549322,37.906505],[-122.549282,37.906531],[-122.549217,37.90647]]]},"properties":{"prop_id":"028-331-09","situsforma":"33 LOVELL AVE","situsfor_2":"33 LOVELL AVE  MILL VALLEY"}},{"type":"Feature","geometry":{"type":"Polygon","coordinates":[[[-122.557924,37.896047],[-122.557924,37.896046],[-122.558,37.896156],[-122.558079,37.89627],[-122.558082,37.896278],[-122.558117,37.896357],[-122.55811,37.896362],[-122.557656,37.896657],[-122.557388,37.896494],[-122.557275,37.896315],[-122.557924,37.896047]]]},"properties":{"prop_id":"047-091-07","situsforma":"643 AMARANTH BLVD","situsfor_2":"643 AMARANTH BLVD  MILL VALLEY"}},{"type":"Feature","geometry":{"type":"Polygon","coordinates":[[[-122.569156,37.911439],[-122.569027,37.911384],[-122.568209,37.911039],[-122.568198,37.911067],[-122.567714,37.910841],[-122.56765,37.91081],[-122.567573,37.910774],[-122.567616,37.910669],[-122.567656,37.910573],[-122.567792,37.910243],[-122.567792,37.910243],[-122.567867,37.910275],[-122.570077,37.911237],[-122.570078,37.911237],[-122.570052,37.911296],[-122.569921,37.91159],[-122.569919,37.911595],[-122.569905,37.911627],[-122.56984,37.91174],[-122.569186,37.911451],[-122.569156,37.911439]]]},"properties":{"prop_id":"046-030-20","situsforma":"","situsfor_2":""}},{"type":"Feature","geometry":{"type":"Polygon","coordinates":[[[-122.544558,37.897701],[-122.544453,37.897596],[-122.544442,37.897585],[-122.544429,37.897582],[-122.544412,37.897579],[-122.544515,37.897243],[-122.544704,37.897428],[-122.544558,37.897701]]]},"properties":{"prop_id":"047-151-41","situsforma":"320 MONTFORD AVE","situsfor_2":"320 MONTFORD AVE  MILL VALLEY"}},{"type":"Feature","geometry":{"type":"Polygon","coordinates":[[[-122.550386,37.900315],[-122.550196,37.900304],[-122.550059,37.900295],[-122.54989,37.900302],[-122.549572,37.900215],[-122.549585,37.900185],[-122.549644,37.900043],[-122.549732,37.900047],[-122.550028,37.899905],[-122.550265,37.899875],[-122.550621,37.899988],[-122.550658,37.90001],[-122.550575,37.900315],[-122.550386,37.900315]]]},"properties":{"prop_id":"047-046-10","situsforma":"","situsfor_2":""}},{"type":"Feature","geometry":{"type":"Polygon","coordinates":[[[-122.557042,37.921906],[-122.55702,37.921652],[-122.557231,37.921502],[-122.557686,37.921302],[-122.557509,37.92145],[-122.557426,37.921703],[-122.557782,37.921832],[-122.557719,37.921987],[-122.557042,37.921906]]]},"properties":{"prop_id":"027-021-03","situsforma":"1 EL CAPITAN AVE","situsfor_2":"1 EL CAPITAN AVE  MILL VALLEY"}},{"type":"Feature","geometry":{"type":"Polygon","coordinates":[[[-122.536011,37.916202],[-122.536273,37.916115],[-122.536315,37.916357],[-122.536065,37.916467],[-122.53575,37.916533],[-122.535743,37.91638],[-122.535743,37.916376],[-122.535743,37.916375],[-122.535742,37.916367],[-122.535742,37.916367],[-122.535742,37.916367],[-122.535742,37.916366],[-122.535743,37.916359],[-122.535743,37.916358],[-122.535743,37.916357],[-122.535744,37.916349],[-122.535744,37.916348],[-122.535744,37.916348],[-122.535744,37.916348],[-122.535746,37.91634],[-122.535747,37.916339],[-122.535747,37.916338],[-122.53575,37.916331],[-122.53575,37.91633],[-122.53575,37.91633],[-122.53575,37.916329],[-122.535754,37.916322],[-122.535754,37.916321],[-122.535755,37.91632],[-122.535759,37.916313],[-122.53576,37.916312],[-122.53576,37.916311],[-122.535765,37.916304],[-122.535766,37.916303],[-122.535767,37.916302],[-122.535772,37.916296],[-122.535773,37.916295],[-122.535773,37.916294],[-122.535779,37.916288],[-122.53578,37.916287],[-122.53578,37.916287],[-122.535781,37.916286],[-122.535787,37.91628],[-122.535789,37.916279],[-122.535789,37.916279],[-122.535797,37.916273],[-122.535798,37.916272],[-122.535802,37.916271],[-122.535807,37.916268],[-122.535809,37.916268],[-122.53581,37.916267],[-122.53582,37.916264],[-122.536011,37.916202]]]},"properties":{"prop_id":"029-331-01","situsforma":"422 VISTA LINDA DR","situsfor_2":"422 VISTA LINDA DR  MILL VALLEY"}},{"type":"Feature","geometry":{"type":"Polygon","coordinates":[[[-122.5537,37.918823],[-122.55319,37.918853],[-122.552823,37.918584],[-122.552608,37.918475],[-122.553593,37.918319],[-122.553712,37.91856],[-122.5537,37.918823]]]},"properties":{"prop_id":"027-051-05","situsforma":"425 ELDRIDGE AVE","situsfor_2":"425 ELDRIDGE AVE  MILL VALLEY"}},{"type":"Feature","geometry":{"type":"Polygon","coordinates":[[[-122.534052,37.915117],[-122.534082,37.915195],[-122.53433,37.915159],[-122.534309,37.915271],[-122.534131,37.915439],[-122.533944,37.915441],[-122.533912,37.915446],[-122.533687,37.915467],[-122.533687,37.915467],[-122.533684,37.915467],[-122.533684,37.915467],[-122.533683,37.915467],[-122.533683,37.915467],[-122.533682,37.915466],[-122.53368,37.915466],[-122.53368,37.915466],[-122.533679,37.915466],[-122.533679,37.915466],[-122.533676,37.915465],[-122.533676,37.915465],[-122.533676,37.915465],[-122.533674,37.915464],[-122.533673,37.915464],[-122.533673,37.915464],[-122.533672,37.915464],[-122.533671,37.915463],[-122.53367,37.915463],[-122.533669,37.915462],[-122.533669,37.915462],[-122.533669,37.915462],[-122.533667,37.915461],[-122.533666,37.915461],[-122.533666,37.915461],[-122.533666,37.91546],[-122.533665,37.915459],[-122.533664,37.915459],[-122.533663,37.915459],[-122.533663,37.915458],[-122.533663,37.915458],[-122.533661,37.915456],[-122.533661,37.915456],[-122.533661,37.915456],[-122.533659,37.915454],[-122.533659,37.915454],[-122.533659,37.915454],[-122.533659,37.915453],[-122.533658,37.915452],[-122.533657,37.915451],[-122.533657,37.915451],[-122.533657,37.915451],[-122.533657,37.91545],[-122.533656,37.915448],[-122.533656,37.915448],[-122.533655,37.915446],[-122.533655,37.915446],[-122.533655,37.915445],[-122.533655,37.915445],[-122.533655,37.915444],[-122.533655,37.915443],[-122.533655,37.915442],[-122.533655,37.915442],[-122.533655,37.915442],[-122.533655,37.91544],[-122.533655,37.915439],[-122.533655,37.915439],[-122.533655,37.915439],[-122.533655,37.915437],[-122.533655,37.915437],[-122.533655,37.915436],[-122.533655,37.915436],[-122.533655,37.915435],[-122.533656,37.915434],[-122.533656,37.915433],[-122.533656,37.915433],[-122.533656,37.915433],[-122.533657,37.915431],[-122.533657,37.915431],[-122.533657,37.915431],[-122.533658,37.91543],[-122.533658,37.915429],[-122.533659,37.915429],[-122.533659,37.915428],[-122.533659,37.915428],[-122.53366,37.915427],[-122.533661,37.915426],[-122.533889,37.915204],[-122.533891,37.9152],[-122.533892,37.9152],[-122.533898,37.915192],[-122.533898,37.915192],[-122.533899,37.915191],[-122.533906,37.915184],[-122.533906,37.915184],[-122.533906,37.915184],[-122.533906,37.915183],[-122.533914,37.915177],[-122.533915,37.915176],[-122.533916,37.915176],[-122.533925,37.91517],[-122.533925,37.91517],[-122.533926,37.915169],[-122.533935,37.915164],[-122.533936,37.915164],[-122.533937,37.915163],[-122.533947,37.915159],[-122.533948,37.915158],[-122.533949,37.915158],[-122.533961,37.915154],[-122.534029,37.915128],[-122.53403,37.915127],[-122.534032,37.915126],[-122.534052,37.915117]]]},"properties":{"prop_id":"029-331-20","situsforma":"7 SARAH DR","situsfor_2":"7 SARAH DR  MILL VALLEY"}},{"type":"Feature","geometry":{"type":"Polygon","coordinates":[[[-122.531555,37.897919],[-122.53168,37.898009],[-122.531394,37.898275],[-122.531276,37.898171],[-122.531555,37.897919]]]},"properties":{"prop_id":"030-062-36","situsforma":"40 VALLEY CIR","situsfor_2":"40 VALLEY CIR  MILL VALLEY"}},{"type":"Feature","geometry":{"type":"Polygon","coordinates":[[[-122.556789,37.927012],[-122.556518,37.927238],[-122.556195,37.927017],[-122.556421,37.926787],[-122.556537,37.926847],[-122.556789,37.927012]]]},"properties":{"prop_id":"029-310-05","situsforma":"","situsfor_2":""}},{"type":"Feature","geometry":{"type":"Polygon","coordinates":[[[-122.542227,37.909637],[-122.542121,37.909404],[-122.542447,37.909426],[-122.542441,37.909529],[-122.542464,37.909597],[-122.542227,37.909637]]]},"properties":{"prop_id":"029-114-22","situsforma":"182 OAKDALE AVE","situsfor_2":"182 OAKDALE AVE  MILL VALLEY"}},{"type":"Feature","geometry":{"type":"Polygon","coordinates":[[[-122.543918,37.903853],[-122.543729,37.90411],[-122.543545,37.904018],[-122.543738,37.903759],[-122.543918,37.903853]]]},"properties":{"prop_id":"028-026-08","situsforma":"53 PRESIDIO AVE","situsfor_2":"53 PRESIDIO AVE  MILL VALLEY"}},{"type":"Feature","geometry":{"type":"Polygon","coordinates":[[[-122.534649,37.900872],[-122.534609,37.900834],[-122.534595,37.900849],[-122.534378,37.900681],[-122.534543,37.900551],[-122.534796,37.90077],[-122.534653,37.900875],[-122.534649,37.900872]]]},"properties":{"prop_id":"030-033-24","situsforma":"29 HILARITA AVE","situsfor_2":"29 HILARITA AVE  MILL VALLEY"}},{"type":"Feature","geometry":{"type":"Polygon","coordinates":[[[-122.536957,37.928327],[-122.536971,37.928288],[-122.536971,37.928288],[-122.536971,37.928288],[-122.536981,37.928249],[-122.536981,37.928248],[-122.536982,37.928247],[-122.536987,37.928208],[-122.536987,37.928208],[-122.536987,37.928207],[-122.536989,37.928168],[-122.536989,37.928168],[-122.536988,37.928157],[-122.537001,37.9281],[-122.537291,37.928152],[-122.537474,37.928156],[-122.537876,37.928106],[-122.537811,37.92832],[-122.53774,37.928317],[-122.537709,37.928315],[-122.537709,37.928315],[-122.537443,37.928289],[-122.537269,37.928349],[-122.536915,37.928403],[-122.536938,37.928366],[-122.536938,37.928366],[-122.536938,37.928366],[-122.536938,37.928366],[-122.536957,37.928328],[-122.536957,37.928327],[-122.536957,37.928327]]]},"properties":{"prop_id":"021-121-25","situsforma":"78 MARINA VISTA AVE","situsfor_2":"78 MARINA VISTA AVE  LARKSPUR"}},{"type":"Feature","geometry":{"type":"Polygon","coordinates":[[[-122.5612,37.901462],[-122.561315,37.901448],[-122.561338,37.901566],[-122.561346,37.901611],[-122.561348,37.901621],[-122.56136,37.901683],[-122.56136,37.901683],[-122.561259,37.902008],[-122.561108,37.902013],[-122.561108,37.902013],[-122.561061,37.901953],[-122.561025,37.901894],[-122.561006,37.901817],[-122.561006,37.901816],[-122.561002,37.901801],[-122.561009,37.901743],[-122.561012,37.901723],[-122.561013,37.901714],[-122.561013,37.901714],[-122.561018,37.901678],[-122.561009,37.901643],[-122.560969,37.90149],[-122.560969,37.90149],[-122.5612,37.901462]]]},"properties":{"prop_id":"045-231-09","situsforma":"30 SUNNYCREST AVE","situsfor_2":"30 SUNNYCREST AVE  MILL VALLEY"}},{"type":"Feature","geometry":{"type":"Polygon","coordinates":[[[-122.553126,37.919319],[-122.553127,37.919329],[-122.552786,37.919343],[-122.552773,37.919301],[-122.552424,37.91934],[-122.552369,37.919144],[-122.552662,37.919147],[-122.552823,37.919056],[-122.55292,37.919073],[-122.552913,37.919091],[-122.553126,37.919319]]]},"properties":{"prop_id":"027-052-03","situsforma":"444 ELDRIDGE AVE","situsfor_2":"444 ELDRIDGE AVE  MILL VALLEY"}},{"type":"Feature","geometry":{"type":"Polygon","coordinates":[[[-122.56959,37.898117],[-122.569407,37.897817],[-122.569531,37.897767],[-122.569711,37.89807],[-122.56959,37.898117]]]},"properties":{"prop_id":"046-131-08","situsforma":"","situsfor_2":""}},{"type":"Feature","geometry":{"type":"Polygon","coordinates":[[[-122.535549,37.923898],[-122.535475,37.923954],[-122.535446,37.924039],[-122.535211,37.924029],[-122.535292,37.923822],[-122.535318,37.923789],[-122.535549,37.923898]]]},"properties":{"prop_id":"025-022-28","situsforma":"86 SUMMIT DR","situsfor_2":"86 SUMMIT DR  CORTE MADERA"}},{"type":"Feature","geometry":{"type":"Polygon","coordinates":[[[-122.550464,37.906585],[-122.550207,37.906761],[-122.550136,37.906692],[-122.550392,37.906515],[-122.550464,37.906585]]]},"properties":{"prop_id":"028-052-02","situsforma":"60 BAYVIEW AVE","situsfor_2":"60 BAYVIEW AVE  MILL VALLEY"}},{"type":"Feature","geometry":{"type":"Polygon","coordinates":[[[-122.565438,37.909666],[-122.565613,37.909074],[-122.564812,37.909407],[-122.564811,37.909407],[-122.564783,37.909419],[-122.564754,37.909196],[-122.564701,37.909014],[-122.564701,37.909013],[-122.564698,37.909003],[-122.564682,37.908985],[-122.564682,37.908985],[-122.56459,37.908884],[-122.564576,37.908832],[-122.564622,37.90871],[-122.564796,37.908509],[-122.56496,37.908362],[-122.565009,37.908218],[-122.565008,37.908158],[-122.565007,37.908116],[-122.564722,37.908014],[-122.564617,37.907983],[-122.564541,37.907937],[-122.56454,37.907936],[-122.564411,37.907857],[-122.564365,37.907791],[-122.564332,37.90759],[-122.564283,37.907394],[-122.564291,37.907366],[-122.564436,37.907286],[-122.564594,37.90721],[-122.564954,37.907255],[-122.565074,37.907036],[-122.56503,37.906905],[-122.564923,37.90679],[-122.564875,37.906724],[-122.5649,37.906662],[-122.565024,37.906632],[-122.5654,37.906604],[-122.5654,37.906604],[-122.5654,37.906604],[-122.56529,37.906485],[-122.565287,37.906481],[-122.56515,37.906333],[-122.565102,37.906243],[-122.565185,37.906071],[-122.565185,37.906071],[-122.565348,37.905733],[-122.565558,37.905638],[-122.56567,37.905587],[-122.565955,37.905983],[-122.56645,37.906613],[-122.56696,37.905964],[-122.56684,37.905732],[-122.566839,37.905731],[-122.566839,37.90573],[-122.566839,37.90573],[-122.566988,37.905834],[-122.567018,37.905855],[-122.567025,37.90586],[-122.567026,37.905861],[-122.567026,37.905861],[-122.56706,37.905854],[-122.567203,37.905828],[-122.567202,37.905828],[-122.566575,37.906639],[-122.567493,37.906455],[-122.567808,37.906152],[-122.567809,37.906152],[-122.567867,37.906187],[-122.567936,37.906229],[-122.567937,37.90623],[-122.567938,37.90623],[-122.568021,37.906281],[-122.567233,37.907225],[-122.567167,37.907309],[-122.567045,37.907461],[-122.566991,37.907581],[-122.566843,37.907758],[-122.566831,37.907765],[-122.566848,37.907792],[-122.566849,37.907793],[-122.566993,37.908013],[-122.566994,37.90807],[-122.566994,37.908116],[-122.566876,37.908266],[-122.566841,37.908399],[-122.566853,37.908596],[-122.5667,37.908749],[-122.566659,37.908905],[-122.566692,37.909135],[-122.566543,37.90925],[-122.566394,37.909537],[-122.566303,37.909654],[-122.566131,37.909801],[-122.565859,37.90989],[-122.565758,37.910035],[-122.565627,37.910191],[-122.565527,37.910264],[-122.56542,37.910269],[-122.565111,37.910134],[-122.56493,37.910027],[-122.565438,37.909666]]]},"properties":{"prop_id":"046-040-09","situsforma":"760 EDGEWOOD AVE","situsfor_2":"760 EDGEWOOD AVE  MILL VALLEY"}},{"type":"Feature","geometry":{"type":"Polygon","coordinates":[[[-122.548679,37.905475],[-122.54881,37.905387],[-122.549028,37.905607],[-122.548896,37.905697],[-122.548679,37.905475]]]},"properties":{"prop_id":"028-061-04","situsforma":"149 THROCKMORTON AVE","situsfor_2":"149 THROCKMORTON AVE  MILL VALLEY"}},{"type":"Feature","geometry":{"type":"Polygon","coordinates":[[[-122.533437,37.924228],[-122.533673,37.924027],[-122.533769,37.924044],[-122.533699,37.924306],[-122.533577,37.924316],[-122.533437,37.924228]]]},"properties":{"prop_id":"025-023-45","situsforma":"232 MORNINGSIDE DR","situsfor_2":"232 MORNINGSIDE DR  CORTE MADERA"}},{"type":"Feature","geometry":{"type":"Polygon","coordinates":[[[-122.54924,37.906145],[-122.548957,37.905872],[-122.549091,37.905784],[-122.549371,37.906059],[-122.54924,37.906145]]]},"properties":{"prop_id":"028-056-09","situsforma":"140 THROCKMORTON AVE","situsfor_2":"140 THROCKMORTON AVE  MILL VALLEY"}},{"type":"Feature","geometry":{"type":"Polygon","coordinates":[[[-122.53266,37.89764],[-122.532682,37.897619],[-122.532687,37.897615],[-122.532694,37.897611],[-122.532695,37.89761],[-122.532696,37.897609],[-122.532704,37.897605],[-122.532712,37.897601],[-122.532713,37.897601],[-122.532714,37.897601],[-122.532723,37.897598],[-122.532732,37.897595],[-122.532733,37.897595],[-122.532734,37.897595],[-122.532743,37.897593],[-122.532753,37.897592],[-122.532754,37.897592],[-122.532755,37.897592],[-122.532765,37.897591],[-122.532775,37.897591],[-122.532776,37.897591],[-122.532777,37.897591],[-122.532787,37.897592],[-122.532787,37.897592],[-122.532796,37.897594],[-122.532798,37.897594],[-122.532799,37.897595],[-122.532808,37.897597],[-122.532808,37.897597],[-122.532818,37.8976],[-122.532819,37.8976],[-122.53282,37.897601],[-122.532829,37.897604],[-122.533059,37.897707],[-122.532948,37.897797],[-122.532895,37.89784],[-122.53266,37.89764]]]},"properties":{"prop_id":"030-062-45","situsforma":"291 SYCAMORE AVE","situsfor_2":"291 SYCAMORE AVE  MILL VALLEY"}},{"type":"Feature","geometry":{"type":"Polygon","coordinates":[[[-122.548939,37.912185],[-122.549272,37.911963],[-122.549414,37.912092],[-122.549082,37.912307],[-122.548939,37.912185]]]},"properties":{"prop_id":"029-043-51","situsforma":"160 W BLITHEDALE AVE","situsfor_2":"160 W BLITHEDALE AVE  MILL VALLEY"}},{"type":"Feature","geometry":{"type":"Polygon","coordinates":[[[-122.535466,37.905203],[-122.535481,37.90549],[-122.535336,37.90565],[-122.53523,37.905681],[-122.534951,37.905749],[-122.535047,37.905555],[-122.535035,37.90542],[-122.53505,37.905366],[-122.53542,37.905222],[-122.535466,37.905203]]]},"properties":{"prop_id":"029-232-07","situsforma":"69 MARLIN AVE","situsfor_2":"69 MARLIN AVE  MILL VALLEY"}},{"type":"Feature","geometry":{"type":"Polygon","coordinates":[[[-122.548858,37.925586],[-122.548819,37.921753],[-122.548819,37.921753],[-122.548819,37.921753],[-122.550602,37.92172],[-122.550602,37.92172],[-122.550603,37.92172],[-122.551282,37.9217],[-122.551397,37.921697],[-122.551398,37.921697],[-122.551493,37.921694],[-122.551582,37.921692],[-122.551605,37.921691],[-122.551605,37.921691],[-122.552085,37.921678],[-122.552087,37.921678],[-122.552087,37.921679],[-122.552102,37.922243],[-122.552118,37.922821],[-122.552799,37.922815],[-122.5528,37.922815],[-122.552857,37.924867],[-122.552857,37.924867],[-122.55215,37.924871],[-122.552166,37.925448],[-122.552873,37.925445],[-122.552873,37.925445],[-122.552877,37.92556],[-122.552876,37.92556],[-122.548858,37.925586]],[[-122.550695,37.923718],[-122.54997,37.923719],[-122.549987,37.924298],[-122.550711,37.924294],[-122.550695,37.923718]],[[-122.551481,37.922249],[-122.550756,37.922254],[-122.550772,37.922828],[-122.551496,37.922827],[-122.551481,37.922249]]]},"properties":{"prop_id":"021-240-36","situsforma":"","situsfor_2":""}},{"type":"Feature","geometry":{"type":"Polygon","coordinates":[[[-122.559662,37.911726],[-122.559663,37.911726],[-122.559695,37.911798],[-122.559784,37.912003],[-122.559795,37.912028],[-122.559795,37.912028],[-122.559671,37.912119],[-122.559411,37.912309],[-122.559296,37.912053],[-122.559262,37.911977],[-122.559662,37.911726]]]},"properties":{"prop_id":"027-132-05","situsforma":"383 LOVELL AVE","situsfor_2":"383 LOVELL AVE  MILL VALLEY"}},{"type":"Feature","geometry":{"type":"Polygon","coordinates":[[[-122.560048,37.916555],[-122.560204,37.916428],[-122.560611,37.916726],[-122.560355,37.91689],[-122.560314,37.916875],[-122.560128,37.916652],[-122.56008,37.916593],[-122.560048,37.916555]]]},"properties":{"prop_id":"027-066-13","situsforma":"615 SUMMIT AVE","situsfor_2":"615 SUMMIT AVE  MILL VALLEY"}},{"type":"Feature","geometry":{"type":"Polygon","coordinates":[[[-122.53537,37.902027],[-122.535626,37.902303],[-122.535446,37.902272],[-122.535286,37.90221],[-122.535152,37.902182],[-122.53537,37.902027]]]},"properties":{"prop_id":"028-234-01","situsforma":"164 LOCUST AVE","situsfor_2":"164 LOCUST AVE  MILL VALLEY"}},{"type":"Feature","geometry":{"type":"Polygon","coordinates":[[[-122.543499,37.913246],[-122.543926,37.912979],[-122.543959,37.913011],[-122.544057,37.913104],[-122.544227,37.913],[-122.544242,37.913114],[-122.54427,37.913333],[-122.544273,37.913358],[-122.544304,37.913602],[-122.544423,37.913682],[-122.544517,37.913744],[-122.54473,37.913788],[-122.544801,37.913804],[-122.544949,37.913836],[-122.545085,37.913866],[-122.545208,37.913895],[-122.545294,37.913915],[-122.545294,37.913915],[-122.545352,37.914233],[-122.545354,37.91424],[-122.545349,37.914307],[-122.545344,37.914368],[-122.545345,37.914368],[-122.546631,37.914389],[-122.546627,37.914423],[-122.545341,37.914421],[-122.543364,37.914419],[-122.543406,37.91334],[-122.543499,37.913246]]]},"properties":{"prop_id":"029-290-11","situsforma":"","situsfor_2":""}},{"type":"Feature","geometry":{"type":"Polygon","coordinates":[[[-122.555729,37.899259],[-122.555659,37.899211],[-122.555609,37.899157],[-122.555553,37.899098],[-122.555534,37.899056],[-122.555837,37.898919],[-122.555924,37.899062],[-122.555729,37.899259]]]},"properties":{"prop_id":"047-071-13","situsforma":"537 CHARLES LN","situsfor_2":"537 CHARLES LN  MILL VALLEY"}},{"type":"Feature","geometry":{"type":"Polygon","coordinates":[[[-122.537104,37.92195],[-122.536846,37.921954],[-122.53682,37.921843],[-122.536679,37.921773],[-122.537101,37.921621],[-122.537153,37.92171],[-122.537202,37.921939],[-122.537104,37.92195]]]},"properties":{"prop_id":"025-133-25","situsforma":"327 SUMMIT DR","situsfor_2":"327 SUMMIT DR  CORTE MADERA"}},{"type":"Feature","geometry":{"type":"Polygon","coordinates":[[[-122.568508,37.898758],[-122.568483,37.89856],[-122.568914,37.898382],[-122.568771,37.898745],[-122.568765,37.898768],[-122.568468,37.898888],[-122.568488,37.898824],[-122.568508,37.898758]]]},"properties":{"prop_id":"046-142-24","situsforma":"","situsfor_2":""}},{"type":"Feature","geometry":{"type":"Polygon","coordinates":[[[-122.55278,37.900083],[-122.552924,37.900026],[-122.553069,37.900359],[-122.552842,37.900548],[-122.552651,37.900139],[-122.55278,37.900083]]]},"properties":{"prop_id":"047-032-04","situsforma":"650 RIDGEWOOD AVE","situsfor_2":"650 RIDGEWOOD AVE  MILL VALLEY"}},{"type":"Feature","geometry":{"type":"Polygon","coordinates":[[[-122.569065,37.91232],[-122.569086,37.912272],[-122.569086,37.912272],[-122.569432,37.912351],[-122.569432,37.912351],[-122.569371,37.912545],[-122.569371,37.912545],[-122.56908,37.91259],[-122.569027,37.912631],[-122.568945,37.912586],[-122.569065,37.91232]]]},"properties":{"prop_id":"027-154-03","situsforma":"965 LOVELL AVE","situsfor_2":"965 LOVELL AVE  MILL VALLEY"}},{"type":"Feature","geometry":{"type":"Polygon","coordinates":[[[-122.56926,37.913217],[-122.56944,37.91304],[-122.569333,37.912959],[-122.569247,37.912896],[-122.569408,37.912731],[-122.569638,37.912895],[-122.569651,37.912905],[-122.569389,37.913357],[-122.569381,37.913342],[-122.569346,37.913283],[-122.56926,37.913217]]]},"properties":{"prop_id":"027-153-56","situsforma":"974 LOVELL AVE","situsfor_2":"974 LOVELL AVE  MILL VALLEY"}},{"type":"Feature","geometry":{"type":"Polygon","coordinates":[[[-122.54047,37.916931],[-122.540714,37.916421],[-122.541125,37.91659],[-122.540762,37.916933],[-122.540724,37.916925],[-122.540723,37.916925],[-122.540722,37.916924],[-122.540684,37.916918],[-122.540683,37.916918],[-122.540682,37.916918],[-122.540643,37.916915],[-122.540643,37.916915],[-122.540641,37.916915],[-122.540603,37.916914],[-122.540602,37.916914],[-122.540602,37.916914],[-122.540601,37.916914],[-122.540563,37.916916],[-122.540562,37.916916],[-122.540561,37.916916],[-122.540523,37.91692],[-122.540522,37.916921],[-122.540521,37.916921],[-122.540483,37.916928],[-122.540483,37.916928],[-122.54047,37.916931]]]},"properties":{"prop_id":"029-151-19","situsforma":"1 BARRIE WAY","situsfor_2":"1 BARRIE WAY  MILL VALLEY"}},{"type":"Feature","geometry":{"type":"Polygon","coordinates":[[[-122.552177,37.915945],[-122.552424,37.915874],[-122.552469,37.915947],[-122.55253,37.916118],[-122.552197,37.916214],[-122.552177,37.915945]]]},"properties":{"prop_id":"027-091-07","situsforma":"85 KING ST","situsfor_2":"85 KING ST  MILL VALLEY"}},{"type":"Feature","geometry":{"type":"Polygon","coordinates":[[[-122.528738,37.92478],[-122.528737,37.924775],[-122.528975,37.924773],[-122.529043,37.924751],[-122.529049,37.924763],[-122.52905,37.924765],[-122.52905,37.924766],[-122.529057,37.924778],[-122.529063,37.924788],[-122.529064,37.924789],[-122.529064,37.924789],[-122.529066,37.924792],[-122.529071,37.924799],[-122.529071,37.9248],[-122.529073,37.924802],[-122.529077,37.924808],[-122.529077,37.924808],[-122.529077,37.924809],[-122.529078,37.924809],[-122.529078,37.924809],[-122.529079,37.924811],[-122.529081,37.924813],[-122.529086,37.924819],[-122.529087,37.924821],[-122.529089,37.924823],[-122.529094,37.924829],[-122.529096,37.924832],[-122.529097,37.924832],[-122.529097,37.924833],[-122.5291,37.924837],[-122.5291,37.924837],[-122.529101,37.924837],[-122.529105,37.924842],[-122.529105,37.924842],[-122.529077,37.924842],[-122.528781,37.924841],[-122.528754,37.924841],[-122.528754,37.924841],[-122.528754,37.924839],[-122.528738,37.92478]]]},"properties":{"prop_id":"025-036-32","situsforma":"290 CORTE MADERA AVE","situsfor_2":"290 CORTE MADERA AVE  CORTE MADERA"}},{"type":"Feature","geometry":{"type":"Polygon","coordinates":[[[-122.551951,37.904323],[-122.551844,37.904324],[-122.552018,37.904093],[-122.552203,37.904133],[-122.552136,37.904237],[-122.55203,37.904351],[-122.551951,37.904323]]]},"properties":{"prop_id":"028-102-14","situsforma":"49 MOLINO AVE","situsfor_2":"49 MOLINO AVE  MILL VALLEY"}},{"type":"Feature","geometry":{"type":"Polygon","coordinates":[[[-122.535332,37.927001],[-122.535312,37.927001],[-122.53531,37.927001],[-122.535309,37.927001],[-122.535282,37.927],[-122.535282,37.927],[-122.535255,37.926996],[-122.535255,37.926996],[-122.535253,37.926996],[-122.535229,37.926991],[-122.535227,37.926991],[-122.535226,37.926991],[-122.535202,37.926984],[-122.535201,37.926984],[-122.5352,37.926984],[-122.535175,37.926975],[-122.535132,37.926967],[-122.535121,37.926965],[-122.535119,37.926965],[-122.535118,37.926965],[-122.535107,37.926964],[-122.535106,37.926964],[-122.535105,37.926964],[-122.535095,37.926964],[-122.535093,37.926964],[-122.535093,37.926964],[-122.535082,37.926965],[-122.535081,37.926965],[-122.535079,37.926966],[-122.535069,37.926967],[-122.535068,37.926967],[-122.535068,37.926967],[-122.535067,37.926968],[-122.535057,37.92697],[-122.535055,37.92697],[-122.535054,37.926971],[-122.535044,37.926974],[-122.535044,37.926974],[-122.535043,37.926974],[-122.535043,37.926974],[-122.535033,37.926978],[-122.535032,37.926978],[-122.53503,37.926979],[-122.535028,37.92698],[-122.535026,37.926981],[-122.535026,37.926981],[-122.535025,37.926981],[-122.535025,37.926981],[-122.535022,37.926982],[-122.535022,37.926982],[-122.535021,37.926982],[-122.535018,37.926983],[-122.535018,37.926983],[-122.535017,37.926983],[-122.535017,37.926983],[-122.535015,37.926983],[-122.535014,37.926983],[-122.535013,37.926983],[-122.535012,37.926983],[-122.535011,37.926983],[-122.53501,37.926983],[-122.535009,37.926983],[-122.535008,37.926983],[-122.535008,37.926983],[-122.535005,37.926983],[-122.535005,37.926983],[-122.535004,37.926983],[-122.535004,37.926983],[-122.535001,37.926983],[-122.535,37.926983],[-122.535,37.926983],[-122.534999,37.926982],[-122.534997,37.926982],[-122.534997,37.926982],[-122.534996,37.926982],[-122.534995,37.926981],[-122.534994,37.926981],[-122.534993,37.92698],[-122.534992,37.92698],[-122.534992,37.92698],[-122.534991,37.92698],[-122.534989,37.926979],[-122.534988,37.926978],[-122.534988,37.926978],[-122.534988,37.926978],[-122.534985,37.926977],[-122.534984,37.926976],[-122.534982,37.926975],[-122.534982,37.926974],[-122.534982,37.926974],[-122.534981,37.926974],[-122.53498,37.926973],[-122.534979,37.926972],[-122.534979,37.926972],[-122.534978,37.926971],[-122.534978,37.92697],[-122.534977,37.926969],[-122.534976,37.926969],[-122.534976,37.926969],[-122.534976,37.926968],[-122.534974,37.926966],[-122.534974,37.926966],[-122.534974,37.926966],[-122.534972,37.926963],[-122.534972,37.926963],[-122.534972,37.926963],[-122.534972,37.926962],[-122.534971,37.92696],[-122.534971,37.92696],[-122.534971,37.926959],[-122.534971,37.926959],[-122.53497,37.926958],[-122.53497,37.926957],[-122.53497,37.926956],[-122.53497,37.926956],[-122.53497,37.926955],[-122.53497,37.926954],[-122.53497,37.926953],[-122.53497,37.926953],[-122.53497,37.926953],[-122.53497,37.92695],[-122.53497,37.92695],[-122.53497,37.92695],[-122.53497,37.926949],[-122.53497,37.926948],[-122.53497,37.926947],[-122.53497,37.926947],[-122.534971,37.926946],[-122.534971,37.926945],[-122.534971,37.926944],[-122.534971,37.926944],[-122.534972,37.926943],[-122.534972,37.926942],[-122.534973,37.926941],[-122.534973,37.926941],[-122.534973,37.92694],[-122.534973,37.92694],[-122.534975,37.926938],[-122.534975,37.926937],[-122.534977,37.926935],[-122.534977,37.926935],[-122.534977,37.926935],[-122.534978,37.926934],[-122.534979,37.926933],[-122.534979,37.926933],[-122.53498,37.926932],[-122.53498,37.926932],[-122.534981,37.926931],[-122.534982,37.926931],[-122.534983,37.92693],[-122.534983,37.92693],[-122.534984,37.926929],[-122.534986,37.926928],[-122.534986,37.926928],[-122.534986,37.926928],[-122.534986,37.926928],[-122.534989,37.926926],[-122.534989,37.926926],[-122.53499,37.926926],[-122.53499,37.926926],[-122.534992,37.926925],[-122.534993,37.926925],[-122.534994,37.926925],[-122.534994,37.926924],[-122.534995,37.926924],[-122.534997,37.926924],[-122.534998,37.926923],[-122.534998,37.926923],[-122.534999,37.926923],[-122.535001,37.926923],[-122.535002,37.926923],[-122.535002,37.926923],[-122.535002,37.926922],[-122.535006,37.926922],[-122.535006,37.926922],[-122.535006,37.926922],[-122.535007,37.926922],[-122.535009,37.926922],[-122.53501,37.926922],[-122.53501,37.926922],[-122.535011,37.926922],[-122.535013,37.926922],[-122.535014,37.926922],[-122.535015,37.926922],[-122.535015,37.926922],[-122.535016,37.926922],[-122.535018,37.926922],[-122.535019,37.926922],[-122.535019,37.926923],[-122.53502,37.926923],[-122.535023,37.926923],[-122.535033,37.926925],[-122.535034,37.926925],[-122.535035,37.926926],[-122.535044,37.926927],[-122.535045,37.926927],[-122.535045,37.926927],[-122.535045,37.926927],[-122.535055,37.926928],[-122.535056,37.926928],[-122.535057,37.926928],[-122.535066,37.926928],[-122.535067,37.926928],[-122.535068,37.926928],[-122.535068,37.926928],[-122.535078,37.926927],[-122.535079,37.926927],[-122.53508,37.926927],[-122.535088,37.926926],[-122.53509,37.926926],[-122.53509,37.926925],[-122.5351,37.926924],[-122.535101,37.926923],[-122.535102,37.926923],[-122.53511,37.926921],[-122.535111,37.926921],[-122.535112,37.92692],[-122.535121,37.926917],[-122.535122,37.926917],[-122.535127,37.926915],[-122.535264,37.926842],[-122.535423,37.926675],[-122.535516,37.926675],[-122.535526,37.926745],[-122.535526,37.926745],[-122.535526,37.926746],[-122.535544,37.926814],[-122.535545,37.926814],[-122.535545,37.926815],[-122.535557,37.926848],[-122.535578,37.926913],[-122.535578,37.926914],[-122.535577,37.926915],[-122.535574,37.92693],[-122.535574,37.92693],[-122.535574,37.92693],[-122.535574,37.92693],[-122.53557,37.926944],[-122.53557,37.926945],[-122.535569,37.926945],[-122.535569,37.926945],[-122.535563,37.926959],[-122.535563,37.92696],[-122.535563,37.92696],[-122.535556,37.926973],[-122.535555,37.926974],[-122.535555,37.926974],[-122.535546,37.926986],[-122.535545,37.926987],[-122.535545,37.926988],[-122.535535,37.926999],[-122.535534,37.927],[-122.535534,37.927001],[-122.535523,37.927012],[-122.535522,37.927012],[-122.535521,37.927013],[-122.535509,37.927023],[-122.535508,37.927023],[-122.535507,37.927024],[-122.535494,37.927033],[-122.535494,37.927034],[-122.535492,37.927034],[-122.535478,37.927042],[-122.535478,37.927043],[-122.535477,37.927043],[-122.535462,37.92705],[-122.535461,37.92705],[-122.535461,37.927051],[-122.53546,37.927051],[-122.535443,37.927057],[-122.535439,37.927051],[-122.535439,37.92705],[-122.535438,37.927049],[-122.535434,37.927044],[-122.535433,37.927043],[-122.535433,37.927042],[-122.535428,37.927037],[-122.535427,37.927036],[-122.535426,37.927035],[-122.535421,37.927031],[-122.535421,37.92703],[-122.53542,37.927029],[-122.535413,37.927024],[-122.535406,37.92702],[-122.535405,37.927019],[-122.535404,37.927019],[-122.535398,37.927015],[-122.535396,37.927015],[-122.535396,37.927014],[-122.535388,37.927011],[-122.535387,37.927011],[-122.535386,37.92701],[-122.535379,37.927008],[-122.535378,37.927007],[-122.535377,37.927007],[-122.535368,37.927005],[-122.535368,37.927005],[-122.535359,37.927003],[-122.535358,37.927003],[-122.535357,37.927003],[-122.53535,37.927002],[-122.535348,37.927001],[-122.535347,37.927001],[-122.535339,37.927001],[-122.535338,37.927001],[-122.535338,37.927001],[-122.535332,37.927001]]]},"properties":{"prop_id":"021-141-06","situsforma":"18 OWLSWOOD DR","situsfor_2":"18 OWLSWOOD DR  LARKSPUR"}},{"type":"Feature","geometry":{"type":"Polygon","coordinates":[[[-122.53608,37.898881],[-122.535729,37.898589],[-122.535902,37.898569],[-122.536189,37.898804],[-122.53608,37.898881]]]},"properties":{"prop_id":"030-054-28","situsforma":"207 SYCAMORE AVE","situsfor_2":"207 SYCAMORE AVE  MILL VALLEY"}},{"type":"Feature","geometry":{"type":"Polygon","coordinates":[[[-122.532447,37.922309],[-122.532453,37.922278],[-122.532453,37.922274],[-122.532453,37.922267],[-122.532455,37.92226],[-122.532457,37.922253],[-122.532459,37.922247],[-122.532463,37.92224],[-122.532467,37.922234],[-122.532471,37.922228],[-122.532476,37.922223],[-122.532482,37.922217],[-122.532488,37.922213],[-122.532495,37.922209],[-122.532502,37.922205],[-122.53251,37.922202],[-122.532517,37.922199],[-122.532525,37.922197],[-122.532533,37.922195],[-122.532541,37.922194],[-122.53255,37.922194],[-122.532558,37.922194],[-122.532566,37.922195],[-122.532574,37.922197],[-122.532582,37.922199],[-122.532611,37.922206],[-122.53264,37.922214],[-122.532668,37.922223],[-122.532682,37.922229],[-122.532694,37.922234],[-122.532719,37.922247],[-122.532729,37.922251],[-122.53275,37.922274],[-122.532771,37.922298],[-122.532765,37.922298],[-122.532626,37.922295],[-122.532493,37.922305],[-122.532447,37.922309]]]},"properties":{"prop_id":"025-083-55","situsforma":"","situsfor_2":""}},{"type":"Feature","geometry":{"type":"Polygon","coordinates":[[[-122.539074,37.920307],[-122.539262,37.91921],[-122.539303,37.919213],[-122.539574,37.919233],[-122.540036,37.919268],[-122.540249,37.919372],[-122.540599,37.919542],[-122.541056,37.919339],[-122.540842,37.919052],[-122.540919,37.918847],[-122.541252,37.918671],[-122.541493,37.918533],[-122.541482,37.918417],[-122.541471,37.918415],[-122.54145,37.918412],[-122.54143,37.918407],[-122.541411,37.918401],[-122.541489,37.918273],[-122.541485,37.918272],[-122.54148,37.91827],[-122.541475,37.918268],[-122.54147,37.918266],[-122.541465,37.918263],[-122.541461,37.91826],[-122.541457,37.918257],[-122.541453,37.918254],[-122.541304,37.918095],[-122.541861,37.917729],[-122.542229,37.91777],[-122.542445,37.917442],[-122.542479,37.917391],[-122.54252,37.917329],[-122.542585,37.917231],[-122.542653,37.917184],[-122.54277,37.917103],[-122.540104,37.914716],[-122.540168,37.914438],[-122.540168,37.914438],[-122.541542,37.914432],[-122.541543,37.914432],[-122.546782,37.918008],[-122.546783,37.91801],[-122.546949,37.918401],[-122.546953,37.918547],[-122.546996,37.920107],[-122.546993,37.920107],[-122.541006,37.92025],[-122.540281,37.920262],[-122.539648,37.920285],[-122.539448,37.920293],[-122.539078,37.920306],[-122.539074,37.920307]]]},"properties":{"prop_id":"029-300-29","situsforma":"","situsfor_2":""}},{"type":"Feature","geometry":{"type":"Polygon","coordinates":[[[-122.530397,37.928953],[-122.530394,37.928813],[-122.530655,37.928818],[-122.530788,37.928989],[-122.530671,37.929026],[-122.5304,37.929026],[-122.530397,37.928953]]]},"properties":{"prop_id":"024-094-15","situsforma":"6 BALTIMORE AVE","situsfor_2":"6 BALTIMORE AVE  CORTE MADERA"}},{"type":"Feature","geometry":{"type":"Polygon","coordinates":[[[-122.529558,37.917668],[-122.529545,37.917632],[-122.529712,37.917593],[-122.529859,37.917608],[-122.529869,37.917682],[-122.529794,37.917735],[-122.529558,37.917668]]]},"properties":{"prop_id":"025-261-05","situsforma":"","situsfor_2":""}},{"type":"Feature","geometry":{"type":"Polygon","coordinates":[[[-122.555194,37.930277],[-122.55516,37.928837],[-122.560349,37.930861],[-122.56035,37.930861],[-122.56035,37.930861],[-122.560349,37.930861],[-122.555194,37.930277]]]},"properties":{"prop_id":"029-310-19","situsforma":"","situsfor_2":""}},{"type":"Feature","geometry":{"type":"Polygon","coordinates":[[[-122.534435,37.928732],[-122.534404,37.928448],[-122.534404,37.928446],[-122.534404,37.928445],[-122.534404,37.92843],[-122.534404,37.928429],[-122.534404,37.928428],[-122.534405,37.928413],[-122.534405,37.928412],[-122.534405,37.928411],[-122.534408,37.928396],[-122.534408,37.928395],[-122.534408,37.928394],[-122.534412,37.928379],[-122.534413,37.928379],[-122.534413,37.928378],[-122.534419,37.928364],[-122.534419,37.928363],[-122.534419,37.928363],[-122.534419,37.928362],[-122.534427,37.928348],[-122.534427,37.928347],[-122.534427,37.928347],[-122.534427,37.928347],[-122.534436,37.928332],[-122.534437,37.928332],[-122.534437,37.928332],[-122.534437,37.928332],[-122.534448,37.928318],[-122.534448,37.928318],[-122.534448,37.928318],[-122.534461,37.928304],[-122.534792,37.928335],[-122.53465,37.928509],[-122.534663,37.928734],[-122.534435,37.928732]]]},"properties":{"prop_id":"021-122-05","situsforma":"11 ARDMORE RD","situsfor_2":"11 ARDMORE RD  LARKSPUR"}},{"type":"Feature","geometry":{"type":"Polygon","coordinates":[[[-122.551587,37.905874],[-122.551819,37.905562],[-122.551895,37.9056],[-122.551895,37.905601],[-122.551785,37.905748],[-122.551661,37.905913],[-122.551587,37.905874]]]},"properties":{"prop_id":"028-053-03","situsforma":"95 LOVELL AVE","situsfor_2":"95 LOVELL AVE  MILL VALLEY"}},{"type":"Feature","geometry":{"type":"Polygon","coordinates":[[[-122.549656,37.907537],[-122.549418,37.907702],[-122.549141,37.907446],[-122.549375,37.907285],[-122.549656,37.907537]]]},"properties":{"prop_id":"029-093-17","situsforma":"30 BAYVIEW AVE","situsfor_2":"30 BAYVIEW AVE  MILL VALLEY"}},{"type":"Feature","geometry":{"type":"Polygon","coordinates":[[[-122.530912,37.92615],[-122.531002,37.926201],[-122.530918,37.926227],[-122.530637,37.926402],[-122.530586,37.926354],[-122.530912,37.92615]]]},"properties":{"prop_id":"025-011-12","situsforma":"103 CORTE MADERA AVE","situsfor_2":"103 CORTE MADERA AVE  CORTE MADERA"}},{"type":"Feature","geometry":{"type":"Polygon","coordinates":[[[-122.532312,37.899357],[-122.532401,37.899283],[-122.532105,37.899041],[-122.532165,37.898992],[-122.532268,37.898906],[-122.532391,37.899004],[-122.532403,37.898999],[-122.532568,37.899125],[-122.532578,37.899117],[-122.532713,37.899215],[-122.532705,37.899222],[-122.532662,37.899258],[-122.532443,37.899435],[-122.532312,37.899357]]]},"properties":{"prop_id":"030-061-21","situsforma":"43 NELSON AVE","situsfor_2":"43 NELSON AVE  MILL VALLEY"}},{"type":"Feature","geometry":{"type":"Polygon","coordinates":[[[-122.546239,37.895086],[-122.545937,37.895352],[-122.54579,37.895291],[-122.545756,37.895259],[-122.546023,37.895013],[-122.546239,37.895086]]]},"properties":{"prop_id":"047-211-12","situsforma":"334 RIDGEWOOD AVE","situsfor_2":"334 RIDGEWOOD AVE  MILL VALLEY"}},{"type":"Feature","geometry":{"type":"Polygon","coordinates":[[[-122.564568,37.911924],[-122.564566,37.911902],[-122.565019,37.912085],[-122.565019,37.912085],[-122.565021,37.912086],[-122.565372,37.912425],[-122.565168,37.912562],[-122.564627,37.912235],[-122.564575,37.912045],[-122.564568,37.911924]]]},"properties":{"prop_id":"027-106-14","situsforma":"422 CASCADE DR","situsfor_2":"422 CASCADE DR  MILL VALLEY"}},{"type":"Feature","geometry":{"type":"Polygon","coordinates":[[[-122.537281,37.909681],[-122.537312,37.909557],[-122.537314,37.909552],[-122.537717,37.909634],[-122.537993,37.909467],[-122.538016,37.909496],[-122.537558,37.909772],[-122.537281,37.909681]]]},"properties":{"prop_id":"029-171-38","situsforma":"274 BUENA VISTA AVE","situsfor_2":"274 BUENA VISTA AVE  MILL VALLEY"}},{"type":"Feature","geometry":{"type":"Polygon","coordinates":[[[-122.569271,37.913483],[-122.569256,37.913455],[-122.569206,37.913366],[-122.568985,37.913191],[-122.568697,37.91325],[-122.568598,37.913118],[-122.568684,37.913082],[-122.568698,37.913076],[-122.568754,37.913054],[-122.568778,37.91309],[-122.569032,37.913042],[-122.56926,37.913217],[-122.569346,37.913283],[-122.569381,37.913342],[-122.569389,37.913357],[-122.569398,37.913371],[-122.569429,37.913424],[-122.56944,37.913539],[-122.569508,37.913523],[-122.569725,37.913331],[-122.569982,37.913282],[-122.570047,37.913302],[-122.570153,37.913333],[-122.5701,37.913477],[-122.570003,37.91344],[-122.569832,37.913454],[-122.569747,37.913527],[-122.569609,37.913644],[-122.569472,37.913683],[-122.569493,37.913558],[-122.56942,37.913537],[-122.569313,37.913728],[-122.569271,37.913483]]]},"properties":{"prop_id":"027-153-59","situsforma":"","situsfor_2":""}},{"type":"Feature","geometry":{"type":"Polygon","coordinates":[[[-122.567612,37.901337],[-122.567762,37.901164],[-122.567968,37.901211],[-122.568164,37.901272],[-122.568008,37.901434],[-122.567612,37.901337]]]},"properties":{"prop_id":"045-151-13","situsforma":"2 ST JUDE RD","situsfor_2":"2 ST JUDE RD  MILL VALLEY"}},{"type":"Feature","geometry":{"type":"Polygon","coordinates":[[[-122.540989,37.900531],[-122.541081,37.900466],[-122.541205,37.900574],[-122.541118,37.900638],[-122.541101,37.900623],[-122.540989,37.900531]]]},"properties":{"prop_id":"028-186-04","situsforma":"248 MILLER AVE","situsfor_2":"248 MILLER AVE  MILL VALLEY"}},{"type":"Feature","geometry":{"type":"Polygon","coordinates":[[[-122.558204,37.915557],[-122.55832,37.915483],[-122.558528,37.915357],[-122.55885,37.915581],[-122.558484,37.915834],[-122.558204,37.915557]]]},"properties":{"prop_id":"027-112-04","situsforma":"44 MYRTLE AVE","situsfor_2":"44 MYRTLE AVE  MILL VALLEY"}},{"type":"Feature","geometry":{"type":"Polygon","coordinates":[[[-122.537047,37.922733],[-122.536723,37.922786],[-122.536558,37.922549],[-122.536531,37.92246],[-122.536536,37.922419],[-122.53696,37.922399],[-122.537078,37.922406],[-122.537052,37.922478],[-122.537045,37.922667],[-122.537047,37.922733]]]},"properties":{"prop_id":"021-163-27","situsforma":"273 SUMMIT DR","situsfor_2":"273 SUMMIT DR  CORTE MADERA"}},{"type":"Feature","geometry":{"type":"Polygon","coordinates":[[[-122.533898,37.928141],[-122.534498,37.927863],[-122.53453,37.928157],[-122.534384,37.928297],[-122.534337,37.928268],[-122.534272,37.928329],[-122.534272,37.92833],[-122.53427,37.928332],[-122.534269,37.928332],[-122.534269,37.928332],[-122.534266,37.928334],[-122.534266,37.928334],[-122.534266,37.928334],[-122.534265,37.928335],[-122.534263,37.928336],[-122.534262,37.928336],[-122.534262,37.928336],[-122.534261,37.928337],[-122.53426,37.928338],[-122.534259,37.928338],[-122.534258,37.928338],[-122.534257,37.928339],[-122.534256,37.928339],[-122.534255,37.92834],[-122.534254,37.92834],[-122.534253,37.92834],[-122.534252,37.92834],[-122.534251,37.928341],[-122.53425,37.928341],[-122.534249,37.928341],[-122.534249,37.928341],[-122.534247,37.928342],[-122.534246,37.928342],[-122.534245,37.928342],[-122.534245,37.928342],[-122.534242,37.928342],[-122.534241,37.928342],[-122.534241,37.928342],[-122.534241,37.928342],[-122.534237,37.928342],[-122.534237,37.928342],[-122.534236,37.928342],[-122.534233,37.928342],[-122.534233,37.928342],[-122.534233,37.928342],[-122.534231,37.928342],[-122.534229,37.928341],[-122.534229,37.928341],[-122.534228,37.928341],[-122.534227,37.928341],[-122.534226,37.928341],[-122.534225,37.92834],[-122.534224,37.92834],[-122.534223,37.92834],[-122.534222,37.92834],[-122.534221,37.928339],[-122.53422,37.928339],[-122.534219,37.928338],[-122.534219,37.928338],[-122.534217,37.928338],[-122.534216,37.928337],[-122.534216,37.928337],[-122.534215,37.928337],[-122.534213,37.928336],[-122.534213,37.928335],[-122.534212,37.928335],[-122.534212,37.928335],[-122.534209,37.928333],[-122.533919,37.928205],[-122.533916,37.928203],[-122.533915,37.928203],[-122.533915,37.928203],[-122.533914,37.928202],[-122.533913,37.928201],[-122.533912,37.928201],[-122.533911,37.9282],[-122.533911,37.9282],[-122.53391,37.928199],[-122.533909,37.928198],[-122.533908,37.928197],[-122.533908,37.928197],[-122.533907,37.928197],[-122.533905,37.928195],[-122.533905,37.928194],[-122.533905,37.928194],[-122.533905,37.928194],[-122.533902,37.928191],[-122.533902,37.928191],[-122.533902,37.928191],[-122.533902,37.92819],[-122.5339,37.928188],[-122.5339,37.928187],[-122.5339,37.928187],[-122.533899,37.928186],[-122.533899,37.928185],[-122.533898,37.928183],[-122.533898,37.928183],[-122.533897,37.928182],[-122.533897,37.928181],[-122.533896,37.928179],[-122.533896,37.928178],[-122.533896,37.928178],[-122.533896,37.928178],[-122.533894,37.928174],[-122.533894,37.928174],[-122.533894,37.928174],[-122.533894,37.928173],[-122.533893,37.928171],[-122.533893,37.92817],[-122.533893,37.92817],[-122.533893,37.928169],[-122.533893,37.928167],[-122.533893,37.928166],[-122.533893,37.928165],[-122.533893,37.928165],[-122.533893,37.928164],[-122.533892,37.928162],[-122.533892,37.928161],[-122.533892,37.928161],[-122.533892,37.92816],[-122.533893,37.928157],[-122.533893,37.928157],[-122.533893,37.928156],[-122.533893,37.928153],[-122.533893,37.928153],[-122.533893,37.928152],[-122.533893,37.928152],[-122.533894,37.92815],[-122.533894,37.928149],[-122.533894,37.928148],[-122.533895,37.928148],[-122.533895,37.928147],[-122.533896,37.928145],[-122.533896,37.928145],[-122.533896,37.928144],[-122.533896,37.928144],[-122.533898,37.928141]]]},"properties":{"prop_id":"021-122-06","situsforma":"1 ARDMORE RD","situsfor_2":"1 ARDMORE RD  LARKSPUR"}},{"type":"Feature","geometry":{"type":"Polygon","coordinates":[[[-122.531588,37.924594],[-122.531784,37.924484],[-122.531927,37.924648],[-122.531729,37.924761],[-122.531588,37.924594]]]},"properties":{"prop_id":"025-033-07","situsforma":"154 CRESCENT RD","situsfor_2":"154 CRESCENT RD  CORTE MADERA"}},{"type":"Feature","geometry":{"type":"Polygon","coordinates":[[[-122.563282,37.910955],[-122.563005,37.91072],[-122.56348,37.910336],[-122.563523,37.910384],[-122.563759,37.91055],[-122.563474,37.910789],[-122.563282,37.910955]]]},"properties":{"prop_id":"027-161-07","situsforma":"410 MONTE VISTA AVE","situsfor_2":"410 MONTE VISTA AVE  MILL VALLEY"}},{"type":"Feature","geometry":{"type":"Polygon","coordinates":[[[-122.551299,37.909069],[-122.551143,37.909195],[-122.550814,37.90912],[-122.550951,37.908958],[-122.551338,37.909036],[-122.551325,37.909047],[-122.551299,37.909069]]]},"properties":{"prop_id":"029-092-17","situsforma":"407 MAGEE AVE","situsfor_2":"407 MAGEE AVE  MILL VALLEY"}},{"type":"Feature","geometry":{"type":"Polygon","coordinates":[[[-122.548915,37.907141],[-122.548853,37.907087],[-122.548844,37.907079],[-122.548866,37.907063],[-122.548872,37.907069],[-122.548896,37.907052],[-122.54896,37.90711],[-122.548915,37.907141]]]},"properties":{"prop_id":"028-011-09","situsforma":"24 BERNARD ST","situsfor_2":"24 BERNARD ST  MILL VALLEY"}},{"type":"Feature","geometry":{"type":"Polygon","coordinates":[[[-122.53945,37.905492],[-122.539596,37.90546],[-122.539621,37.90552],[-122.539714,37.905523],[-122.539883,37.90547],[-122.540048,37.905783],[-122.539794,37.905858],[-122.539774,37.905702],[-122.539566,37.905623],[-122.53945,37.905492]]]},"properties":{"prop_id":"029-193-05","situsforma":"56 CROWN CT","situsfor_2":"56 CROWN CT  MILL VALLEY"}},{"type":"Feature","geometry":{"type":"Polygon","coordinates":[[[-122.534,37.923701],[-122.533961,37.92365],[-122.534069,37.923459],[-122.534085,37.92351],[-122.534255,37.923436],[-122.534311,37.923484],[-122.534,37.923701]]]},"properties":{"prop_id":"025-083-06","situsforma":"673 REDWOOD AVE","situsfor_2":"673 REDWOOD AVE  CORTE MADERA"}},{"type":"Feature","geometry":{"type":"Polygon","coordinates":[[[-122.540188,37.91675],[-122.540465,37.916316],[-122.540714,37.916421],[-122.54047,37.916931],[-122.540463,37.916933],[-122.540462,37.916933],[-122.540461,37.916934],[-122.540454,37.916935],[-122.540453,37.916935],[-122.540452,37.916935],[-122.540444,37.916936],[-122.540444,37.916936],[-122.540444,37.916936],[-122.540443,37.916936],[-122.540435,37.916936],[-122.540434,37.916937],[-122.540433,37.916936],[-122.540426,37.916936],[-122.540425,37.916936],[-122.540425,37.916936],[-122.540424,37.916936],[-122.540416,37.916935],[-122.540416,37.916935],[-122.540414,37.916935],[-122.540408,37.916934],[-122.540406,37.916934],[-122.540406,37.916933],[-122.540398,37.916931],[-122.540398,37.916931],[-122.540398,37.916931],[-122.540397,37.916931],[-122.54039,37.916929],[-122.540389,37.916929],[-122.540388,37.916928],[-122.540382,37.916925],[-122.540381,37.916925],[-122.54038,37.916925],[-122.54038,37.916924],[-122.540373,37.916921],[-122.540373,37.916921],[-122.540372,37.91692],[-122.540366,37.916917],[-122.540365,37.916916],[-122.540365,37.916916],[-122.540359,37.916911],[-122.540311,37.916871],[-122.540188,37.91675]]]},"properties":{"prop_id":"029-151-20","situsforma":"25 GLEN DR","situsfor_2":"25 GLEN DR  MILL VALLEY"}},{"type":"Feature","geometry":{"type":"Polygon","coordinates":[[[-122.52829,37.896466],[-122.528259,37.896227],[-122.528259,37.896227],[-122.528065,37.894942],[-122.528065,37.894942],[-122.528465,37.895193],[-122.528467,37.895193],[-122.528467,37.895193],[-122.528963,37.895303],[-122.529008,37.895313],[-122.529541,37.895431],[-122.52954,37.895446],[-122.529534,37.895568],[-122.529532,37.895636],[-122.529529,37.895745],[-122.529529,37.895749],[-122.529529,37.895752],[-122.52953,37.895755],[-122.529532,37.895758],[-122.529533,37.895761],[-122.529535,37.895764],[-122.529538,37.895767],[-122.52954,37.895769],[-122.529543,37.895771],[-122.529546,37.895773],[-122.52955,37.895775],[-122.529553,37.895777],[-122.529557,37.895778],[-122.529561,37.895779],[-122.529565,37.895779],[-122.529569,37.89578],[-122.529574,37.89578],[-122.529578,37.89578],[-122.52958,37.895779],[-122.529663,37.895776],[-122.52966,37.89582],[-122.52966,37.89582],[-122.529688,37.895822],[-122.529687,37.895838],[-122.529683,37.895899],[-122.529697,37.895898],[-122.529883,37.895885],[-122.529861,37.896323],[-122.529857,37.896331],[-122.529857,37.896331],[-122.529856,37.896332],[-122.529846,37.896351],[-122.529846,37.896352],[-122.529845,37.896352],[-122.529833,37.896371],[-122.529832,37.896372],[-122.529832,37.896373],[-122.529818,37.89639],[-122.529817,37.896391],[-122.529816,37.896392],[-122.5298,37.896408],[-122.5298,37.896409],[-122.529799,37.896409],[-122.529781,37.896426],[-122.529769,37.896435],[-122.529747,37.89645],[-122.529724,37.896464],[-122.5297,37.896476],[-122.529677,37.896485],[-122.529653,37.896492],[-122.529629,37.896498],[-122.529604,37.896502],[-122.529578,37.896504],[-122.529552,37.896505],[-122.529534,37.896494],[-122.529514,37.896484],[-122.529494,37.896476],[-122.529472,37.896469],[-122.52945,37.896464],[-122.529428,37.89646],[-122.529412,37.896459],[-122.528924,37.896431],[-122.528872,37.896432],[-122.52882,37.896436],[-122.528769,37.896444],[-122.528719,37.896456],[-122.52867,37.896471],[-122.528623,37.89649],[-122.528618,37.896492],[-122.528389,37.896537],[-122.528364,37.896542],[-122.528364,37.896542],[-122.528354,37.896538],[-122.52835,37.896536],[-122.528344,37.896533],[-122.528342,37.896531],[-122.528335,37.896527],[-122.528332,37.896525],[-122.528326,37.89652],[-122.528323,37.896518],[-122.528319,37.896514],[-122.528318,37.896513],[-122.528316,37.89651],[-122.528316,37.89651],[-122.528315,37.89651],[-122.528311,37.896505],[-122.528308,37.896502],[-122.528304,37.896496],[-122.528302,37.896493],[-122.528302,37.896493],[-122.528299,37.896488],[-122.528297,37.896485],[-122.528297,37.896485],[-122.528294,37.896478],[-122.528293,37.896476],[-122.528291,37.896469],[-122.528291,37.896469],[-122.528291,37.896469],[-122.52829,37.896466]]]},"properties":{"prop_id":"030-101-52","situsforma":"410 SYCAMORE AVE","situsfor_2":"410 SYCAMORE AVE  MILL VALLEY"}},{"type":"Feature","geometry":{"type":"Polygon","coordinates":[[[-122.554444,37.90898],[-122.55419,37.90857],[-122.554355,37.908472],[-122.554824,37.908787],[-122.554795,37.908791],[-122.554632,37.908879],[-122.554444,37.90898]]]},"properties":{"prop_id":"027-221-51","situsforma":"51 CORNELIA AVE","situsfor_2":"51 CORNELIA AVE  MILL VALLEY"}},{"type":"Feature","geometry":{"type":"Polygon","coordinates":[[[-122.536593,37.904383],[-122.536972,37.904178],[-122.537005,37.904328],[-122.536671,37.904525],[-122.536593,37.904383]]]},"properties":{"prop_id":"029-214-17","situsforma":"97 ELM AVE","situsfor_2":"97 ELM AVE  MILL VALLEY"}},{"type":"Feature","geometry":{"type":"Polygon","coordinates":[[[-122.546819,37.910443],[-122.546857,37.910427],[-122.546852,37.910551],[-122.546849,37.910551],[-122.546833,37.910553],[-122.546855,37.91064],[-122.546871,37.910652],[-122.546878,37.910678],[-122.546878,37.910678],[-122.546846,37.910679],[-122.546452,37.910733],[-122.546641,37.910516],[-122.546819,37.910443]]]},"properties":{"prop_id":"029-064-13","situsforma":"25 LINCOLN AVE","situsfor_2":"25 LINCOLN AVE  MILL VALLEY"}},{"type":"Feature","geometry":{"type":"Polygon","coordinates":[[[-122.534162,37.925819],[-122.534217,37.925612],[-122.534514,37.925728],[-122.534515,37.925728],[-122.534515,37.925728],[-122.534508,37.925741],[-122.534377,37.926015],[-122.534176,37.925937],[-122.534162,37.925819]]]},"properties":{"prop_id":"025-013-12","situsforma":"20 OAK LN","situsfor_2":"20 OAK LN  CORTE MADERA"}},{"type":"Feature","geometry":{"type":"Polygon","coordinates":[[[-122.530636,37.895794],[-122.53026,37.895803],[-122.530258,37.895666],[-122.530635,37.895657],[-122.530636,37.895794]]]},"properties":{"prop_id":"030-066-07","situsforma":"74 SURREY AVE","situsfor_2":"74 SURREY AVE  MILL VALLEY"}},{"type":"Feature","geometry":{"type":"Polygon","coordinates":[[[-122.547779,37.912757],[-122.547673,37.912599],[-122.548018,37.912575],[-122.548093,37.912649],[-122.547779,37.912757]]]},"properties":{"prop_id":"029-032-26","situsforma":"90 ELDRIDGE AVE","situsfor_2":"90 ELDRIDGE AVE  MILL VALLEY"}},{"type":"Feature","geometry":{"type":"Polygon","coordinates":[[[-122.559117,37.911499],[-122.558736,37.91159],[-122.558715,37.911524],[-122.558718,37.911453],[-122.559132,37.91136],[-122.559116,37.911376],[-122.559117,37.911499]]]},"properties":{"prop_id":"027-172-04","situsforma":"359 LOVELL AVE","situsfor_2":"359 LOVELL AVE  MILL VALLEY"}},{"type":"Feature","geometry":{"type":"Polygon","coordinates":[[[-122.542229,37.904813],[-122.542304,37.904455],[-122.542512,37.90456],[-122.542386,37.904848],[-122.542385,37.904849],[-122.542229,37.904813]]]},"properties":{"prop_id":"028-025-08","situsforma":"219 E BLITHEDALE AVE","situsfor_2":"219 E BLITHEDALE AVE  MILL VALLEY"}},{"type":"Feature","geometry":{"type":"Polygon","coordinates":[[[-122.557222,37.901672],[-122.557219,37.901532],[-122.557637,37.90152],[-122.557641,37.901665],[-122.557576,37.901742],[-122.557547,37.901736],[-122.557222,37.901672]]]},"properties":{"prop_id":"047-012-26","situsforma":"17 CASTLE ROCK DR","situsfor_2":"17 CASTLE ROCK DR  MILL VALLEY"}},{"type":"Feature","geometry":{"type":"Polygon","coordinates":[[[-122.552595,37.913363],[-122.552934,37.913279],[-122.552865,37.913634],[-122.552654,37.91366],[-122.552595,37.913363]]]},"properties":{"prop_id":"029-041-01","situsforma":"13 LYON PL","situsfor_2":"13 LYON PL  MILL VALLEY"}},{"type":"Feature","geometry":{"type":"Polygon","coordinates":[[[-122.559704,37.91546],[-122.560315,37.914719],[-122.560321,37.914772],[-122.560423,37.914871],[-122.560477,37.914922],[-122.560468,37.914933],[-122.560291,37.915142],[-122.560071,37.915333],[-122.559921,37.915654],[-122.559897,37.916006],[-122.559837,37.916023],[-122.559705,37.915962],[-122.559704,37.91546]]]},"properties":{"prop_id":"027-104-22","situsforma":"121 MYRTLE AVE","situsfor_2":"121 MYRTLE AVE  MILL VALLEY"}},{"type":"Feature","geometry":{"type":"Polygon","coordinates":[[[-122.562778,37.905882],[-122.562739,37.906025],[-122.562384,37.905979],[-122.562309,37.905892],[-122.56228,37.905815],[-122.562778,37.905882]]]},"properties":{"prop_id":"027-236-09","situsforma":"159 MONTE VISTA AVE","situsfor_2":"159 MONTE VISTA AVE  MILL VALLEY"}},{"type":"Feature","geometry":{"type":"Polygon","coordinates":[[[-122.552006,37.918317],[-122.552565,37.918318],[-122.552414,37.91845],[-122.552012,37.918448],[-122.552006,37.918317]]]},"properties":{"prop_id":"027-052-10","situsforma":"410 ELDRIDGE AVE","situsfor_2":"410 ELDRIDGE AVE  MILL VALLEY"}},{"type":"Feature","geometry":{"type":"Polygon","coordinates":[[[-122.530231,37.924722],[-122.530392,37.924669],[-122.530473,37.924903],[-122.530276,37.924938],[-122.530275,37.924939],[-122.53027,37.92494],[-122.530242,37.924945],[-122.530176,37.9248],[-122.530231,37.924722]]]},"properties":{"prop_id":"025-035-11","situsforma":"415 REDWOOD AVE","situsfor_2":"415 REDWOOD AVE  CORTE MADERA"}},{"type":"Feature","geometry":{"type":"Polygon","coordinates":[[[-122.547279,37.912116],[-122.547204,37.911879],[-122.547538,37.911844],[-122.54761,37.911837],[-122.5477,37.911774],[-122.547737,37.911749],[-122.547911,37.911804],[-122.548091,37.911982],[-122.547876,37.9121],[-122.547696,37.912126],[-122.547631,37.912195],[-122.547558,37.912157],[-122.547279,37.912116]]]},"properties":{"prop_id":"029-061-11","situsforma":"60 ELDRIDGE AVE","situsfor_2":"60 ELDRIDGE AVE  MILL VALLEY"}},{"type":"Feature","geometry":{"type":"Polygon","coordinates":[[[-122.550301,37.899704],[-122.550351,37.89941],[-122.550549,37.89944],[-122.55057,37.89944],[-122.550503,37.899719],[-122.550462,37.899716],[-122.550301,37.899704]]]},"properties":{"prop_id":"047-044-12","situsforma":"516 PIXIE TRL","situsfor_2":"516 PIXIE TRL  MILL VALLEY"}},{"type":"Feature","geometry":{"type":"Polygon","coordinates":[[[-122.542053,37.897937],[-122.542356,37.897843],[-122.542393,37.898018],[-122.542384,37.898232],[-122.542338,37.898307],[-122.54226,37.898311],[-122.542244,37.898312],[-122.542186,37.898273],[-122.541872,37.89806],[-122.542037,37.897985],[-122.542027,37.897948],[-122.542053,37.897937]]]},"properties":{"prop_id":"028-191-42","situsforma":"11 SUNRISE AVE","situsfor_2":"11 SUNRISE AVE  MILL VALLEY"}},{"type":"Feature","geometry":{"type":"Polygon","coordinates":[[[-122.55554,37.911025],[-122.555524,37.911022],[-122.555947,37.910884],[-122.556115,37.910832],[-122.556416,37.91131],[-122.556155,37.911381],[-122.556136,37.911374],[-122.556117,37.91137],[-122.556097,37.911368],[-122.556077,37.911368],[-122.556056,37.91137],[-122.556037,37.911374],[-122.556018,37.91138],[-122.556001,37.911388],[-122.555985,37.911398],[-122.555971,37.91141],[-122.555959,37.911422],[-122.555949,37.911436],[-122.555598,37.911531],[-122.55554,37.911025]]]},"properties":{"prop_id":"027-191-57","situsforma":"353 SUMMIT AVE","situsfor_2":"353 SUMMIT AVE  MILL VALLEY"}},{"type":"Feature","geometry":{"type":"Polygon","coordinates":[[[-122.541743,37.90641],[-122.54176,37.906147],[-122.541933,37.906163],[-122.541886,37.906434],[-122.541743,37.90641]]]},"properties":{"prop_id":"029-184-20","situsforma":"125 SUNNYSIDE AVE","situsfor_2":"125 SUNNYSIDE AVE  MILL VALLEY"}},{"type":"Feature","geometry":{"type":"Polygon","coordinates":[[[-122.531296,37.896406],[-122.531322,37.896101],[-122.531341,37.896103],[-122.531352,37.896103],[-122.531354,37.896103],[-122.531418,37.896107],[-122.531419,37.896107],[-122.531419,37.896107],[-122.531419,37.896107],[-122.531483,37.896115],[-122.531484,37.896115],[-122.531486,37.896116],[-122.531549,37.896128],[-122.531443,37.896416],[-122.531296,37.896406]]]},"properties":{"prop_id":"030-065-18","situsforma":"46 OXFORD AVE","situsfor_2":"46 OXFORD AVE  MILL VALLEY"}},{"type":"Feature","geometry":{"type":"Polygon","coordinates":[[[-122.532574,37.926887],[-122.53278,37.926781],[-122.532942,37.927],[-122.532944,37.927002],[-122.532944,37.927002],[-122.53282,37.927091],[-122.532776,37.927123],[-122.532766,37.92713],[-122.532754,37.927138],[-122.532754,37.927139],[-122.532753,37.927139],[-122.532753,37.927138],[-122.532749,37.927134],[-122.532574,37.926887]]]},"properties":{"prop_id":"025-011-25","situsforma":"17 BAHR LN","situsfor_2":"17 BAHR LN  CORTE MADERA"}},{"type":"Feature","geometry":{"type":"Polygon","coordinates":[[[-122.532587,37.89697],[-122.532384,37.897238],[-122.53223,37.897167],[-122.532449,37.896901],[-122.532475,37.896913],[-122.532587,37.89697]]]},"properties":{"prop_id":"030-065-05","situsforma":"306 SYCAMORE AVE","situsfor_2":"306 SYCAMORE AVE  MILL VALLEY"}},{"type":"Feature","geometry":{"type":"Polygon","coordinates":[[[-122.556525,37.909021],[-122.556529,37.909018],[-122.556577,37.909063],[-122.556621,37.90917],[-122.556338,37.909354],[-122.556247,37.909222],[-122.556241,37.909213],[-122.556525,37.909021]]]},"properties":{"prop_id":"027-221-26","situsforma":"260 LOVELL AVE","situsfor_2":"260 LOVELL AVE  MILL VALLEY"}},{"type":"Feature","geometry":{"type":"Polygon","coordinates":[[[-122.533546,37.898359],[-122.533679,37.898249],[-122.533796,37.898348],[-122.533903,37.898436],[-122.533905,37.898438],[-122.534014,37.898525],[-122.533888,37.898627],[-122.533548,37.89836],[-122.533546,37.898359]]]},"properties":{"prop_id":"030-058-04","situsforma":"14 AMICITA AVE","situsfor_2":"14 AMICITA AVE  MILL VALLEY"}},{"type":"Feature","geometry":{"type":"Polygon","coordinates":[[[-122.544492,37.907785],[-122.544434,37.90762],[-122.544569,37.907619],[-122.544576,37.907642],[-122.544622,37.907668],[-122.544776,37.907657],[-122.544791,37.907709],[-122.544492,37.907785]]]},"properties":{"prop_id":"029-102-47","situsforma":"114 HILLSIDE AVE","situsfor_2":"114 HILLSIDE AVE  MILL VALLEY"}},{"type":"Feature","geometry":{"type":"Polygon","coordinates":[[[-122.549103,37.91116],[-122.54913,37.911109],[-122.549261,37.911037],[-122.549429,37.911249],[-122.549316,37.911329],[-122.549103,37.91116]]]},"properties":{"prop_id":"029-051-04","situsforma":"15 ELDRIDGE AVE","situsfor_2":"15 ELDRIDGE AVE  MILL VALLEY"}},{"type":"Feature","geometry":{"type":"Polygon","coordinates":[[[-122.537022,37.899722],[-122.536896,37.899609],[-122.537057,37.89949],[-122.53708,37.899498],[-122.537099,37.899503],[-122.537099,37.899504],[-122.5371,37.899504],[-122.5371,37.899504],[-122.537118,37.899508],[-122.537119,37.899508],[-122.53712,37.899508],[-122.537138,37.899511],[-122.537139,37.899511],[-122.53714,37.899512],[-122.537159,37.899513],[-122.53716,37.899513],[-122.537164,37.899514],[-122.537172,37.899513],[-122.537172,37.899513],[-122.537174,37.899513],[-122.537179,37.899513],[-122.537181,37.899513],[-122.537182,37.899513],[-122.537188,37.899514],[-122.537189,37.899514],[-122.53719,37.899514],[-122.537191,37.899514],[-122.537197,37.899515],[-122.537197,37.899515],[-122.537198,37.899515],[-122.537199,37.899515],[-122.537205,37.899517],[-122.537206,37.899517],[-122.537207,37.899517],[-122.537212,37.899519],[-122.537213,37.899519],[-122.537214,37.89952],[-122.53722,37.899522],[-122.537221,37.899522],[-122.537221,37.899522],[-122.537222,37.899522],[-122.537227,37.899525],[-122.537228,37.899525],[-122.537228,37.899526],[-122.53723,37.899526],[-122.537234,37.899529],[-122.537235,37.899529],[-122.537236,37.89953],[-122.53724,37.899533],[-122.537241,37.899534],[-122.537242,37.899534],[-122.537247,37.899538],[-122.537282,37.899567],[-122.537285,37.899568],[-122.537286,37.899569],[-122.537286,37.899569],[-122.537287,37.899569],[-122.537289,37.89957],[-122.537289,37.899571],[-122.53729,37.899571],[-122.53729,37.899572],[-122.537292,37.899573],[-122.537292,37.899573],[-122.537293,37.899574],[-122.537294,37.899574],[-122.537294,37.899575],[-122.537295,37.899576],[-122.537296,37.899577],[-122.537296,37.899577],[-122.537297,37.899577],[-122.537298,37.899579],[-122.537299,37.89958],[-122.537299,37.89958],[-122.537299,37.89958],[-122.537301,37.899583],[-122.537302,37.899586],[-122.537302,37.899586],[-122.537302,37.899587],[-122.537303,37.899587],[-122.537303,37.899589],[-122.537303,37.89959],[-122.537304,37.89959],[-122.537304,37.899591],[-122.537304,37.899592],[-122.537304,37.899593],[-122.537304,37.899594],[-122.537304,37.899594],[-122.537305,37.899595],[-122.537305,37.899597],[-122.537305,37.899597],[-122.537305,37.899598],[-122.537305,37.899598],[-122.537305,37.8996],[-122.537304,37.899601],[-122.537304,37.899601],[-122.537304,37.899602],[-122.537304,37.899605],[-122.537322,37.899711],[-122.537145,37.899834],[-122.537022,37.899722]]]},"properties":{"prop_id":"030-052-12","situsforma":"165 SYCAMORE AVE","situsfor_2":"165 SYCAMORE AVE  MILL VALLEY"}},{"type":"Feature","geometry":{"type":"Polygon","coordinates":[[[-122.549842,37.913506],[-122.549757,37.913461],[-122.549825,37.913414],[-122.549976,37.913436],[-122.550075,37.913373],[-122.550238,37.913529],[-122.550005,37.91364],[-122.549949,37.913582],[-122.549842,37.913506]]]},"properties":{"prop_id":"029-043-41","situsforma":"157 ELDRIDGE AVE","situsfor_2":"157 ELDRIDGE AVE  MILL VALLEY"}},{"type":"Feature","geometry":{"type":"Polygon","coordinates":[[[-122.531622,37.897416],[-122.531707,37.897476],[-122.531448,37.897695],[-122.531308,37.897595],[-122.531578,37.897384],[-122.531622,37.897416]]]},"properties":{"prop_id":"030-063-08","situsforma":"29 VALLEY CIR","situsfor_2":"29 VALLEY CIR  MILL VALLEY"}},{"type":"Feature","geometry":{"type":"Polygon","coordinates":[[[-122.533042,37.90142],[-122.533171,37.901327],[-122.533518,37.901479],[-122.533519,37.90148],[-122.533386,37.90157],[-122.533385,37.90157],[-122.533042,37.90142]]]},"properties":{"prop_id":"030-034-18","situsforma":"75 HILARITA AVE","situsfor_2":"75 HILARITA AVE  MILL VALLEY"}},{"type":"Feature","geometry":{"type":"Polygon","coordinates":[[[-122.548855,37.912018],[-122.548736,37.911914],[-122.548646,37.911832],[-122.548665,37.911819],[-122.548969,37.911628],[-122.549138,37.91183],[-122.548855,37.912018]]]},"properties":{"prop_id":"029-043-19","situsforma":"152 W BLITHEDALE AVE","situsfor_2":"152 W BLITHEDALE AVE  MILL VALLEY"}},{"type":"Feature","geometry":{"type":"Polygon","coordinates":[[[-122.534397,37.894342],[-122.534407,37.894318],[-122.534649,37.894351],[-122.534634,37.894446],[-122.534634,37.894448],[-122.534619,37.894659],[-122.53461,37.894786],[-122.534603,37.894784],[-122.53438,37.894706],[-122.534279,37.894613],[-122.534303,37.894557],[-122.534397,37.894342]]]},"properties":{"prop_id":"048-071-06","situsforma":"12 E LAVERNE LN","situsfor_2":"12 E LAVERNE LN  MILL VALLEY"}},{"type":"Feature","geometry":{"type":"Polygon","coordinates":[[[-122.533377,37.897368],[-122.533211,37.897604],[-122.533042,37.897528],[-122.533195,37.897283],[-122.533377,37.897368]]]},"properties":{"prop_id":"030-064-07","situsforma":"284 SYCAMORE AVE","situsfor_2":"284 SYCAMORE AVE  MILL VALLEY"}},{"type":"Feature","geometry":{"type":"Polygon","coordinates":[[[-122.549545,37.913137],[-122.549647,37.913065],[-122.549832,37.913152],[-122.54959,37.91332],[-122.549499,37.913381],[-122.549413,37.913375],[-122.549196,37.913384],[-122.549193,37.913384],[-122.549545,37.913137]]]},"properties":{"prop_id":"029-043-56","situsforma":"145 ELDRIDGE AVE","situsfor_2":"145 ELDRIDGE AVE  MILL VALLEY"}},{"type":"Feature","geometry":{"type":"Polygon","coordinates":[[[-122.539822,37.908161],[-122.54004,37.908348],[-122.539903,37.908434],[-122.539722,37.908272],[-122.539775,37.908188],[-122.539822,37.908161]]]},"properties":{"prop_id":"029-122-04","situsforma":"39 HILLCREST RD","situsfor_2":"39 HILLCREST RD  MILL VALLEY"}},{"type":"Feature","geometry":{"type":"Polygon","coordinates":[[[-122.546456,37.905098],[-122.546851,37.904848],[-122.546847,37.904859],[-122.54679,37.90505],[-122.546553,37.905195],[-122.546456,37.905098]]]},"properties":{"prop_id":"028-064-05","situsforma":"22 LAURELWOOD AVE","situsfor_2":"22 LAURELWOOD AVE  MILL VALLEY"}},{"type":"Feature","geometry":{"type":"Polygon","coordinates":[[[-122.554201,37.910874],[-122.554468,37.910881],[-122.554407,37.911068],[-122.554292,37.91119],[-122.553984,37.911172],[-122.554201,37.910874]]]},"properties":{"prop_id":"027-181-42","situsforma":"324 SUMMIT AVE","situsfor_2":"324 SUMMIT AVE  MILL VALLEY"}},{"type":"Feature","geometry":{"type":"Polygon","coordinates":[[[-122.537341,37.906748],[-122.537779,37.9069],[-122.537699,37.90703],[-122.537229,37.906865],[-122.537341,37.906748]]]},"properties":{"prop_id":"029-202-06","situsforma":"24 DEL CASA DR","situsfor_2":"24 DEL CASA DR  MILL VALLEY"}},{"type":"Feature","geometry":{"type":"Polygon","coordinates":[[[-122.543081,37.908033],[-122.542694,37.907788],[-122.542702,37.907677],[-122.542746,37.907584],[-122.543123,37.907953],[-122.543081,37.908033]]]},"properties":{"prop_id":"029-113-12","situsforma":"107 OAKDALE AVE","situsfor_2":"107 OAKDALE AVE  MILL VALLEY"}},{"type":"Feature","geometry":{"type":"Polygon","coordinates":[[[-122.547344,37.901364],[-122.547448,37.901121],[-122.547675,37.901136],[-122.547725,37.901359],[-122.547344,37.901364]]]},"properties":{"prop_id":"028-165-11","situsforma":"36 BIRCH ST","situsfor_2":"36 BIRCH ST  MILL VALLEY"}},{"type":"Feature","geometry":{"type":"Polygon","coordinates":[[[-122.556032,37.910405],[-122.555526,37.910139],[-122.555467,37.910108],[-122.555672,37.909986],[-122.555689,37.909976],[-122.555876,37.909865],[-122.555905,37.909956],[-122.555958,37.909939],[-122.556061,37.909927],[-122.556177,37.910029],[-122.556273,37.910159],[-122.556319,37.91014],[-122.556389,37.910234],[-122.556032,37.910405]]]},"properties":{"prop_id":"027-191-45","situsforma":"180 TAMALPAIS AVE","situsfor_2":"180 TAMALPAIS AVE  MILL VALLEY"}},{"type":"Feature","geometry":{"type":"Polygon","coordinates":[[[-122.538117,37.896183],[-122.538397,37.895987],[-122.538655,37.896216],[-122.538652,37.896218],[-122.538652,37.896218],[-122.53865,37.896219],[-122.538648,37.896221],[-122.538642,37.896225],[-122.538636,37.896229],[-122.538628,37.896236],[-122.53838,37.896417],[-122.538379,37.896416],[-122.538117,37.896183]]]},"properties":{"prop_id":"048-011-01","situsforma":"530 ETHEL AVE APT A","situsfor_2":"530 ETHEL AVE APT A MILL VALLEY"}},{"type":"Feature","geometry":{"type":"Polygon","coordinates":[[[-122.531832,37.901039],[-122.531942,37.901088],[-122.531982,37.901107],[-122.531829,37.901322],[-122.531671,37.901254],[-122.531832,37.901039]]]},"properties":{"prop_id":"030-035-06","situsforma":"502 E BLITHEDALE AVE","situsfor_2":"502 E BLITHEDALE AVE  MILL VALLEY"}},{"type":"Feature","geometry":{"type":"Polygon","coordinates":[[[-122.535021,37.907969],[-122.534804,37.907787],[-122.534804,37.907786],[-122.534925,37.907301],[-122.534963,37.907307],[-122.53526,37.907493],[-122.535337,37.90785],[-122.53534,37.907864],[-122.535346,37.907894],[-122.535346,37.907895],[-122.535284,37.907929],[-122.535174,37.907856],[-122.535021,37.907969]]]},"properties":{"prop_id":"029-242-18","situsforma":"260 DEL CASA DR","situsfor_2":"260 DEL CASA DR  MILL VALLEY"}},{"type":"Feature","geometry":{"type":"Polygon","coordinates":[[[-122.556059,37.914044],[-122.555876,37.913747],[-122.556558,37.913715],[-122.556579,37.914047],[-122.556059,37.914044]]]},"properties":{"prop_id":"027-114-18","situsforma":"30 RALSTON AVE","situsfor_2":"30 RALSTON AVE  MILL VALLEY"}},{"type":"Feature","geometry":{"type":"Polygon","coordinates":[[[-122.532042,37.901884],[-122.532218,37.901647],[-122.532365,37.901713],[-122.532182,37.901952],[-122.532042,37.901884]]]},"properties":{"prop_id":"030-021-15","situsforma":"2 MESA AVE","situsfor_2":"2 MESA AVE  MILL VALLEY"}},{"type":"Feature","geometry":{"type":"Polygon","coordinates":[[[-122.535754,37.897639],[-122.535628,37.897485],[-122.535509,37.897342],[-122.535491,37.89735],[-122.535446,37.897297],[-122.535454,37.897291],[-122.535524,37.897241],[-122.535695,37.89712],[-122.535781,37.89706],[-122.536056,37.896868],[-122.53625,37.897042],[-122.536254,37.897046],[-122.536058,37.897182],[-122.536303,37.897413],[-122.535921,37.897684],[-122.535837,37.897746],[-122.535754,37.897639]]]},"properties":{"prop_id":"030-071-38","situsforma":"397 MILLER AVE","situsfor_2":"397 MILLER AVE  MILL VALLEY"}},{"type":"Feature","geometry":{"type":"Polygon","coordinates":[[[-122.542906,37.904359],[-122.542809,37.904505],[-122.542629,37.904425],[-122.542731,37.904282],[-122.542906,37.904359]]]},"properties":{"prop_id":"028-026-01","situsforma":"206 E BLITHEDALE AVE","situsfor_2":"206 E BLITHEDALE AVE  MILL VALLEY"}},{"type":"Feature","geometry":{"type":"Polygon","coordinates":[[[-122.533802,37.895624],[-122.534122,37.895368],[-122.534215,37.895424],[-122.533863,37.895689],[-122.533802,37.895624]]]},"properties":{"prop_id":"030-081-40","situsforma":"465 MILLER AVE","situsfor_2":"465 MILLER AVE  MILL VALLEY"}},{"type":"Feature","geometry":{"type":"Polygon","coordinates":[[[-122.538937,37.903508],[-122.538938,37.903589],[-122.538802,37.903589],[-122.5388,37.903562],[-122.538853,37.903561],[-122.538851,37.903508],[-122.538937,37.903508]]]},"properties":{"prop_id":"028-250-02","situsforma":"10 CATALPA AVE U 2","situsfor_2":"10 CATALPA AVE U 2 MILL VALLEY"}},{"type":"Feature","geometry":{"type":"Polygon","coordinates":[[[-122.530637,37.895931],[-122.530262,37.895938],[-122.53026,37.895803],[-122.530636,37.895794],[-122.530637,37.895931]]]},"properties":{"prop_id":"030-066-06","situsforma":"78 SURREY AVE","situsfor_2":"78 SURREY AVE  MILL VALLEY"}},{"type":"Feature","geometry":{"type":"Polygon","coordinates":[[[-122.545724,37.899913],[-122.545801,37.899889],[-122.545852,37.899873],[-122.545878,37.899864],[-122.545879,37.899864],[-122.545879,37.899864],[-122.545879,37.899864],[-122.545878,37.899866],[-122.545878,37.899866],[-122.54586,37.899914],[-122.545807,37.899908],[-122.545726,37.899932],[-122.545724,37.899915],[-122.545724,37.899915],[-122.545724,37.899913],[-122.545724,37.899913]]]},"properties":{"prop_id":"047-122-16","situsforma":"","situsfor_2":""}},{"type":"Feature","geometry":{"type":"Polygon","coordinates":[[[-122.564468,37.901696],[-122.564523,37.901694],[-122.564533,37.901821],[-122.56459,37.901933],[-122.564648,37.901966],[-122.564648,37.901966],[-122.564649,37.901967],[-122.56465,37.901967],[-122.564594,37.902022],[-122.564593,37.902022],[-122.564577,37.902038],[-122.564551,37.902064],[-122.56455,37.902064],[-122.564482,37.902131],[-122.564403,37.90217],[-122.564383,37.90218],[-122.564091,37.902144],[-122.564093,37.902142],[-122.564093,37.902142],[-122.56421,37.902021],[-122.564473,37.901749],[-122.564468,37.901696]]]},"properties":{"prop_id":"045-202-12","situsforma":"545 EDGEWOOD AVE","situsfor_2":"545 EDGEWOOD AVE  MILL VALLEY"}},{"type":"Feature","geometry":{"type":"Polygon","coordinates":[[[-122.545298,37.90464],[-122.545379,37.904528],[-122.545577,37.904616],[-122.545495,37.904729],[-122.545298,37.90464]]]},"properties":{"prop_id":"028-022-15","situsforma":"12 FORREST ST","situsfor_2":"12 FORREST ST  MILL VALLEY"}},{"type":"Feature","geometry":{"type":"Polygon","coordinates":[[[-122.556883,37.922023],[-122.556697,37.922158],[-122.556629,37.922073],[-122.556494,37.921849],[-122.556482,37.921817],[-122.556781,37.921788],[-122.556786,37.921876],[-122.55687,37.921871],[-122.556883,37.922023]]]},"properties":{"prop_id":"027-022-20","situsforma":"560 RALSTON AVE","situsfor_2":"560 RALSTON AVE  MILL VALLEY"}},{"type":"Feature","geometry":{"type":"Polygon","coordinates":[[[-122.535162,37.902566],[-122.534995,37.902779],[-122.534843,37.902704],[-122.535003,37.902504],[-122.535162,37.902566]]]},"properties":{"prop_id":"028-231-11","situsforma":"416 E BLITHEDALE AVE","situsfor_2":"416 E BLITHEDALE AVE  MILL VALLEY"}},{"type":"Feature","geometry":{"type":"Polygon","coordinates":[[[-122.55764,37.912085],[-122.557826,37.912031],[-122.557827,37.912033],[-122.557885,37.912109],[-122.558038,37.912309],[-122.558087,37.912368],[-122.558151,37.912446],[-122.558174,37.912473],[-122.558173,37.912474],[-122.557859,37.912614],[-122.557668,37.912562],[-122.557638,37.912553],[-122.557422,37.912314],[-122.55764,37.912085]]]},"properties":{"prop_id":"027-131-36","situsforma":"289 TAMALPAIS AVE","situsfor_2":"289 TAMALPAIS AVE  MILL VALLEY"}},{"type":"Feature","geometry":{"type":"Polygon","coordinates":[[[-122.562309,37.902573],[-122.562621,37.902475],[-122.562739,37.902662],[-122.562367,37.902745],[-122.562343,37.902669],[-122.562329,37.902628],[-122.562309,37.902573]]]},"properties":{"prop_id":"046-061-20","situsforma":"488 EDGEWOOD AVE","situsfor_2":"488 EDGEWOOD AVE  MILL VALLEY"}},{"type":"Feature","geometry":{"type":"Polygon","coordinates":[[[-122.5561,37.9155],[-122.556099,37.915263],[-122.556133,37.915278],[-122.556136,37.915504],[-122.556117,37.915543],[-122.556032,37.915759],[-122.555997,37.91575],[-122.5561,37.9155]]]},"properties":{"prop_id":"027-114-29","situsforma":"","situsfor_2":""}},{"type":"Feature","geometry":{"type":"Polygon","coordinates":[[[-122.52956,37.925373],[-122.529391,37.925361],[-122.529393,37.925309],[-122.529394,37.925276],[-122.529581,37.925285],[-122.529581,37.925293],[-122.529582,37.925302],[-122.529584,37.925311],[-122.529587,37.925319],[-122.529591,37.925327],[-122.529596,37.925335],[-122.529601,37.925343],[-122.529608,37.92535],[-122.529608,37.925351],[-122.52956,37.925373]]]},"properties":{"prop_id":"025-036-27","situsforma":"244 CORTE MADERA AVE","situsfor_2":"244 CORTE MADERA AVE  CORTE MADERA"}},{"type":"Feature","geometry":{"type":"Polygon","coordinates":[[[-122.541095,37.907356],[-122.541451,37.907238],[-122.541484,37.907382],[-122.541129,37.907459],[-122.541095,37.907356]]]},"properties":{"prop_id":"029-125-25","situsforma":"311 OAKDALE AVE","situsfor_2":"311 OAKDALE AVE  MILL VALLEY"}},{"type":"Feature","geometry":{"type":"Polygon","coordinates":[[[-122.532699,37.90006],[-122.532942,37.899816],[-122.533079,37.899901],[-122.532835,37.900147],[-122.532699,37.90006]]]},"properties":{"prop_id":"030-037-09","situsforma":"48 MATILDA AVE","situsfor_2":"48 MATILDA AVE  MILL VALLEY"}},{"type":"Feature","geometry":{"type":"Polygon","coordinates":[[[-122.541143,37.905721],[-122.541201,37.905984],[-122.541014,37.905984],[-122.540924,37.905855],[-122.540897,37.905721],[-122.541143,37.905721]]]},"properties":{"prop_id":"029-191-02","situsforma":"144 SUNNYSIDE AVE","situsfor_2":"144 SUNNYSIDE AVE  MILL VALLEY"}},{"type":"Feature","geometry":{"type":"Polygon","coordinates":[[[-122.547509,37.894051],[-122.54752,37.893801],[-122.547847,37.893827],[-122.547837,37.894042],[-122.547509,37.894051]]]},"properties":{"prop_id":"047-231-02","situsforma":"","situsfor_2":""}},{"type":"Feature","geometry":{"type":"Polygon","coordinates":[[[-122.535839,37.899061],[-122.535715,37.899151],[-122.53533,37.898861],[-122.535451,37.898733],[-122.535839,37.899061]]]},"properties":{"prop_id":"030-054-25","situsforma":"107 LA GOMA ST","situsfor_2":"107 LA GOMA ST  MILL VALLEY"}},{"type":"Feature","geometry":{"type":"Polygon","coordinates":[[[-122.566677,37.902759],[-122.566664,37.902829],[-122.566314,37.90272],[-122.566323,37.902646],[-122.566677,37.902759]]]},"properties":{"prop_id":"045-133-02","situsforma":"","situsfor_2":""}},{"type":"Feature","geometry":{"type":"Polygon","coordinates":[[[-122.539845,37.901343],[-122.540077,37.901182],[-122.540142,37.901235],[-122.54018,37.901265],[-122.540554,37.901],[-122.540678,37.900855],[-122.540693,37.900869],[-122.540738,37.900907],[-122.54059,37.901005],[-122.540324,37.901192],[-122.540154,37.901309],[-122.539955,37.901443],[-122.539937,37.901456],[-122.539924,37.901465],[-122.539809,37.901367],[-122.539841,37.901346],[-122.539845,37.901343]]]},"properties":{"prop_id":"028-222-89","situsforma":"247 MILLER AVE B","situsfor_2":"247 MILLER AVE B MILL VALLEY"}},{"type":"Feature","geometry":{"type":"Polygon","coordinates":[[[-122.548047,37.909847],[-122.548047,37.909847],[-122.54809,37.909897],[-122.548144,37.90996],[-122.547735,37.910169],[-122.547647,37.910049],[-122.548047,37.909847]]]},"properties":{"prop_id":"029-065-11","situsforma":"25 BIGELOW AVE","situsfor_2":"25 BIGELOW AVE  MILL VALLEY"}},{"type":"Feature","geometry":{"type":"Polygon","coordinates":[[[-122.546859,37.914853],[-122.546852,37.914481],[-122.547018,37.914494],[-122.547292,37.914469],[-122.547689,37.914593],[-122.547738,37.914608],[-122.54788,37.914652],[-122.547902,37.915354],[-122.546859,37.914853]]]},"properties":{"prop_id":"029-026-02","situsforma":"150 GREENWOOD WAY","situsfor_2":"150 GREENWOOD WAY  MILL VALLEY"}},{"type":"Feature","geometry":{"type":"Polygon","coordinates":[[[-122.554375,37.901202],[-122.55433,37.900993],[-122.554288,37.900818],[-122.554376,37.900754],[-122.554686,37.901092],[-122.554656,37.901109],[-122.554655,37.90111],[-122.554655,37.90111],[-122.554654,37.90111],[-122.554592,37.901141],[-122.554591,37.901142],[-122.554591,37.901142],[-122.554591,37.901142],[-122.554524,37.901169],[-122.554524,37.901169],[-122.554524,37.901169],[-122.554524,37.901169],[-122.554451,37.901191],[-122.554451,37.901191],[-122.554376,37.901207],[-122.554375,37.901202]]]},"properties":{"prop_id":"047-021-31","situsforma":"603 DOUGLAS DR","situsfor_2":"603 DOUGLAS DR  MILL VALLEY"}},{"type":"Feature","geometry":{"type":"Polygon","coordinates":[[[-122.54304,37.908951],[-122.542757,37.908876],[-122.542817,37.908718],[-122.543044,37.908677],[-122.543041,37.908923],[-122.54304,37.908951]]]},"properties":{"prop_id":"029-113-07","situsforma":"151 OAKDALE AVE","situsfor_2":"151 OAKDALE AVE  MILL VALLEY"}},{"type":"Feature","geometry":{"type":"Polygon","coordinates":[[[-122.530002,37.908738],[-122.530087,37.908547],[-122.530557,37.908541],[-122.53055,37.90859],[-122.530549,37.908591],[-122.530549,37.908592],[-122.530532,37.908664],[-122.53051,37.908767],[-122.53051,37.908767],[-122.53051,37.908768],[-122.530499,37.908862],[-122.530032,37.908892],[-122.530011,37.908772],[-122.530011,37.908771],[-122.53001,37.908768],[-122.530002,37.908738]]]},"properties":{"prop_id":"033-192-06","situsforma":"7 ESCALON DR","situsfor_2":"7 ESCALON DR  MILL VALLEY"}},{"type":"Feature","geometry":{"type":"Polygon","coordinates":[[[-122.545574,37.912859],[-122.545963,37.912988],[-122.546055,37.913097],[-122.545833,37.913225],[-122.545458,37.913227],[-122.545303,37.913254],[-122.544979,37.913247],[-122.54498,37.913245],[-122.54498,37.913244],[-122.544981,37.913239],[-122.544981,37.913238],[-122.544981,37.913237],[-122.544983,37.913231],[-122.544983,37.91323],[-122.544983,37.91323],[-122.544986,37.913224],[-122.544986,37.913223],[-122.544987,37.913222],[-122.544989,37.913217],[-122.54499,37.913216],[-122.54499,37.913215],[-122.544994,37.91321],[-122.544994,37.913209],[-122.544999,37.913204],[-122.545,37.913203],[-122.545001,37.913202],[-122.545004,37.913198],[-122.545006,37.913197],[-122.545006,37.913197],[-122.545012,37.913192],[-122.545018,37.913187],[-122.545019,37.913187],[-122.54502,37.913186],[-122.545025,37.913183],[-122.545026,37.913182],[-122.545027,37.913182],[-122.545034,37.913178],[-122.545041,37.913175],[-122.545042,37.913175],[-122.545043,37.913175],[-122.545049,37.913173],[-122.54505,37.913172],[-122.545051,37.913172],[-122.545059,37.91317],[-122.545253,37.91313],[-122.545289,37.91312],[-122.54529,37.91312],[-122.545291,37.91312],[-122.545325,37.913107],[-122.545326,37.913106],[-122.545327,37.913106],[-122.54536,37.913091],[-122.545361,37.91309],[-122.545362,37.91309],[-122.545392,37.913072],[-122.545393,37.913072],[-122.545394,37.913071],[-122.545423,37.913052],[-122.545423,37.913051],[-122.545424,37.913051],[-122.545451,37.913029],[-122.545451,37.913029],[-122.545451,37.913028],[-122.545476,37.913004],[-122.545476,37.913004],[-122.545476,37.913004],[-122.545498,37.912978],[-122.545498,37.912977],[-122.545499,37.912977],[-122.545514,37.912955],[-122.545574,37.912859]]]},"properties":{"prop_id":"029-032-07","situsforma":"81 UPLAND AVE","situsfor_2":"81 UPLAND AVE  MILL VALLEY"}},{"type":"Feature","geometry":{"type":"Polygon","coordinates":[[[-122.533721,37.925577],[-122.533776,37.925427],[-122.533988,37.925567],[-122.534052,37.925546],[-122.534008,37.925665],[-122.53395,37.925651],[-122.533721,37.925577]]]},"properties":{"prop_id":"025-013-18","situsforma":"130 EDISON AVE","situsfor_2":"130 EDISON AVE  CORTE MADERA"}},{"type":"Feature","geometry":{"type":"Polygon","coordinates":[[[-122.546591,37.896924],[-122.546591,37.896922],[-122.546825,37.896975],[-122.546825,37.896977],[-122.546773,37.897161],[-122.5467,37.897413],[-122.546454,37.897371],[-122.546514,37.897134],[-122.546591,37.896924]]]},"properties":{"prop_id":"047-132-16","situsforma":"343 MONTFORD AVE","situsfor_2":"343 MONTFORD AVE  MILL VALLEY"}},{"type":"Feature","geometry":{"type":"Polygon","coordinates":[[[-122.54565,37.901936],[-122.545843,37.90145],[-122.545979,37.901543],[-122.545795,37.902006],[-122.54565,37.901936]]]},"properties":{"prop_id":"028-177-07","situsforma":"265 MOLINO AVE","situsfor_2":"265 MOLINO AVE  MILL VALLEY"}},{"type":"Feature","geometry":{"type":"Polygon","coordinates":[[[-122.55655,37.912271],[-122.556572,37.912237],[-122.556733,37.911996],[-122.556814,37.91199],[-122.556853,37.912398],[-122.556643,37.912425],[-122.556538,37.912574],[-122.556397,37.912515],[-122.55655,37.912271]]]},"properties":{"prop_id":"027-144-09","situsforma":"411 SUMMIT AVE","situsfor_2":"411 SUMMIT AVE  MILL VALLEY"}},{"type":"Feature","geometry":{"type":"Polygon","coordinates":[[[-122.540913,37.89428],[-122.540911,37.894278],[-122.54101,37.894179],[-122.541272,37.894033],[-122.541394,37.894103],[-122.541352,37.894198],[-122.541337,37.894228],[-122.541326,37.894259],[-122.541323,37.894271],[-122.54127,37.894224],[-122.541061,37.89438],[-122.540913,37.89428]]]},"properties":{"prop_id":"048-032-23","situsforma":"207 LAVERNE AVE","situsfor_2":"207 LAVERNE AVE  MILL VALLEY"}},{"type":"Feature","geometry":{"type":"Polygon","coordinates":[[[-122.531857,37.926475],[-122.531923,37.926455],[-122.531926,37.926462],[-122.531955,37.926525],[-122.532013,37.926643],[-122.532036,37.926689],[-122.532149,37.926774],[-122.531878,37.926959],[-122.531725,37.926845],[-122.531682,37.926745],[-122.531595,37.926555],[-122.531595,37.926555],[-122.531857,37.926475]]]},"properties":{"prop_id":"025-012-40","situsforma":"21 EDISON AVE","situsfor_2":"21 EDISON AVE  CORTE MADERA"}},{"type":"Feature","geometry":{"type":"Polygon","coordinates":[[[-122.529042,37.928042],[-122.528768,37.927697],[-122.528987,37.927587],[-122.529267,37.927933],[-122.529042,37.928042]]]},"properties":{"prop_id":"024-096-14","situsforma":"116 REDWOOD AVE","situsfor_2":"116 REDWOOD AVE  CORTE MADERA"}},{"type":"Feature","geometry":{"type":"Polygon","coordinates":[[[-122.544306,37.898383],[-122.543955,37.898363],[-122.54356,37.898458],[-122.543525,37.89851],[-122.543524,37.898511],[-122.543524,37.898512],[-122.543524,37.898512],[-122.543523,37.898513],[-122.543529,37.898496],[-122.543529,37.898495],[-122.543529,37.898495],[-122.543551,37.898419],[-122.54363,37.898378],[-122.543648,37.898369],[-122.543805,37.898288],[-122.543805,37.898288],[-122.543805,37.898288],[-122.543807,37.898289],[-122.543807,37.898289],[-122.544572,37.898425],[-122.544541,37.898516],[-122.544306,37.898383]]]},"properties":{"prop_id":"047-126-01","situsforma":"","situsfor_2":""}},{"type":"Feature","geometry":{"type":"Polygon","coordinates":[[[-122.553275,37.903286],[-122.553141,37.903467],[-122.552966,37.903378],[-122.552974,37.903368],[-122.552832,37.903299],[-122.552992,37.903094],[-122.553012,37.903105],[-122.553083,37.90303],[-122.553275,37.903286]]]},"properties":{"prop_id":"028-138-28","situsforma":"130 FLORENCE AVE","situsfor_2":"130 FLORENCE AVE  MILL VALLEY"}},{"type":"Feature","geometry":{"type":"Polygon","coordinates":[[[-122.563626,37.909002],[-122.563674,37.908951],[-122.563753,37.908757],[-122.56399,37.908785],[-122.563948,37.909058],[-122.563626,37.909002]]]},"properties":{"prop_id":"027-202-12","situsforma":"404 ROSE AVE","situsfor_2":"404 ROSE AVE  MILL VALLEY"}},{"type":"Feature","geometry":{"type":"Polygon","coordinates":[[[-122.549943,37.915189],[-122.549913,37.915189],[-122.550008,37.914915],[-122.550325,37.914866],[-122.550457,37.91487],[-122.550517,37.914872],[-122.550636,37.914888],[-122.550637,37.915038],[-122.550504,37.915183],[-122.550103,37.915185],[-122.549943,37.915189]]]},"properties":{"prop_id":"029-024-53","situsforma":"230 ELDRIDGE AVE","situsfor_2":"230 ELDRIDGE AVE  MILL VALLEY"}},{"type":"Feature","geometry":{"type":"Polygon","coordinates":[[[-122.55907,37.903344],[-122.559174,37.903349],[-122.559426,37.903388],[-122.559339,37.903591],[-122.559261,37.903783],[-122.558956,37.9036],[-122.558865,37.903503],[-122.55907,37.903344]]]},"properties":{"prop_id":"027-264-09","situsforma":"388 EDGEWOOD AVE","situsfor_2":"388 EDGEWOOD AVE  MILL VALLEY"}},{"type":"Feature","geometry":{"type":"Polygon","coordinates":[[[-122.549635,37.913595],[-122.549402,37.913828],[-122.549256,37.91376],[-122.549085,37.91371],[-122.549237,37.913508],[-122.54948,37.913536],[-122.549635,37.913595]]]},"properties":{"prop_id":"029-024-21","situsforma":"150 ELDRIDGE AVE","situsfor_2":"150 ELDRIDGE AVE  MILL VALLEY"}},{"type":"Feature","geometry":{"type":"Polygon","coordinates":[[[-122.531952,37.915517],[-122.532182,37.915327],[-122.53234,37.915581],[-122.532422,37.91562],[-122.532202,37.915852],[-122.531952,37.915517]]]},"properties":{"prop_id":"029-342-07","situsforma":"80 SARAH DR","situsfor_2":"80 SARAH DR  MILL VALLEY"}},{"type":"Feature","geometry":{"type":"Polygon","coordinates":[[[-122.561883,37.914026],[-122.562473,37.913987],[-122.563018,37.914027],[-122.563016,37.914037],[-122.562913,37.914497],[-122.562159,37.914513],[-122.562048,37.914341],[-122.561872,37.914322],[-122.561794,37.914314],[-122.561705,37.914305],[-122.561841,37.914029],[-122.561883,37.914026]]]},"properties":{"prop_id":"027-105-01","situsforma":"535 TAMALPAIS AVE","situsfor_2":"535 TAMALPAIS AVE  MILL VALLEY"}},{"type":"Feature","geometry":{"type":"Polygon","coordinates":[[[-122.535971,37.922893],[-122.535943,37.922898],[-122.536017,37.922804],[-122.536094,37.922846],[-122.53618,37.922803],[-122.536373,37.92296],[-122.536108,37.923164],[-122.535829,37.923128],[-122.535951,37.923056],[-122.535971,37.922893]]]},"properties":{"prop_id":"025-081-49","situsforma":"110 SUMMIT DR","situsfor_2":"110 SUMMIT DR  CORTE MADERA"}},{"type":"Feature","geometry":{"type":"Polygon","coordinates":[[[-122.54759,37.90058],[-122.54762,37.900178],[-122.547691,37.9002],[-122.547685,37.900296],[-122.547965,37.900488],[-122.547852,37.900691],[-122.547673,37.900616],[-122.54759,37.90058]]]},"properties":{"prop_id":"028-166-09","situsforma":"64 EDGEWOOD AVE","situsfor_2":"64 EDGEWOOD AVE  MILL VALLEY"}},{"type":"Feature","geometry":{"type":"Polygon","coordinates":[[[-122.559108,37.904135],[-122.55898,37.904157],[-122.558979,37.904157],[-122.558977,37.904158],[-122.558977,37.904158],[-122.558977,37.904158],[-122.558976,37.904158],[-122.558975,37.904158],[-122.558974,37.904159],[-122.558974,37.904159],[-122.558974,37.904159],[-122.558973,37.904159],[-122.558971,37.904159],[-122.558971,37.904159],[-122.558971,37.904159],[-122.55897,37.904159],[-122.558969,37.904159],[-122.558968,37.904159],[-122.558968,37.904159],[-122.558967,37.904159],[-122.558967,37.904159],[-122.558965,37.904159],[-122.558965,37.904159],[-122.558964,37.904159],[-122.558964,37.904158],[-122.558963,37.904158],[-122.558962,37.904158],[-122.558961,37.904158],[-122.558961,37.904158],[-122.558961,37.904158],[-122.558959,37.904157],[-122.558959,37.904157],[-122.558959,37.904157],[-122.558958,37.904157],[-122.558957,37.904156],[-122.558956,37.904156],[-122.558956,37.904156],[-122.558956,37.904156],[-122.558954,37.904155],[-122.558954,37.904154],[-122.558954,37.904154],[-122.558953,37.904154],[-122.558953,37.904154],[-122.558951,37.904153],[-122.55895,37.904151],[-122.55895,37.904151],[-122.55895,37.904151],[-122.558949,37.90415],[-122.558949,37.90415],[-122.558948,37.904149],[-122.558823,37.903973],[-122.558822,37.903971],[-122.558822,37.90397],[-122.558822,37.903969],[-122.558822,37.903969],[-122.558822,37.903968],[-122.558822,37.903967],[-122.558822,37.903966],[-122.558822,37.903966],[-122.558822,37.903965],[-122.558822,37.903964],[-122.558822,37.903963],[-122.558822,37.903963],[-122.558822,37.903962],[-122.558822,37.90396],[-122.558822,37.90396],[-122.558822,37.903959],[-122.558822,37.903959],[-122.558823,37.903956],[-122.558824,37.903954],[-122.558824,37.903953],[-122.558825,37.903953],[-122.558825,37.903953],[-122.558826,37.903951],[-122.558826,37.903951],[-122.558826,37.90395],[-122.558827,37.90395],[-122.558828,37.903948],[-122.558828,37.903948],[-122.558829,37.903947],[-122.558829,37.903947],[-122.55883,37.903946],[-122.55883,37.903945],[-122.558831,37.903945],[-122.558831,37.903944],[-122.558832,37.903944],[-122.558833,37.903943],[-122.558834,37.903942],[-122.558834,37.903942],[-122.558834,37.903942],[-122.558837,37.90394],[-122.558837,37.90394],[-122.558837,37.90394],[-122.558837,37.90394],[-122.55884,37.903938],[-122.55884,37.903938],[-122.558841,37.903938],[-122.558841,37.903937],[-122.558843,37.903936],[-122.558844,37.903936],[-122.558844,37.903936],[-122.558845,37.903936],[-122.558847,37.903935],[-122.558848,37.903935],[-122.558848,37.903935],[-122.558849,37.903934],[-122.55885,37.903934],[-122.558851,37.903934],[-122.558852,37.903933],[-122.558853,37.903933],[-122.558854,37.903933],[-122.558856,37.903933],[-122.558856,37.903933],[-122.558857,37.903933],[-122.558858,37.903932],[-122.55886,37.903932],[-122.558861,37.903932],[-122.558861,37.903932],[-122.558861,37.903932],[-122.558865,37.903932],[-122.559087,37.904025],[-122.55909,37.904026],[-122.559091,37.904026],[-122.559091,37.904026],[-122.559092,37.904026],[-122.559094,37.904027],[-122.559094,37.904027],[-122.559095,37.904027],[-122.559096,37.904028],[-122.559097,37.904028],[-122.559098,37.904029],[-122.559099,37.904029],[-122.559099,37.904029],[-122.5591,37.90403],[-122.559101,37.904031],[-122.559102,37.904031],[-122.559102,37.904031],[-122.559102,37.904031],[-122.559105,37.904033],[-122.559105,37.904033],[-122.559105,37.904034],[-122.559107,37.904036],[-122.559107,37.904036],[-122.559107,37.904036],[-122.559108,37.904037],[-122.559109,37.904038],[-122.559109,37.904038],[-122.55911,37.904039],[-122.55911,37.904039],[-122.559111,37.90404],[-122.559111,37.904041],[-122.559112,37.904042],[-122.559112,37.904042],[-122.559112,37.904043],[-122.559113,37.904044],[-122.559113,37.904045],[-122.559113,37.904045],[-122.559113,37.904045],[-122.559114,37.904048],[-122.55912,37.904078],[-122.559121,37.904079],[-122.559121,37.904079],[-122.559125,37.904116],[-122.559124,37.904118],[-122.559124,37.904119],[-122.559124,37.904119],[-122.559124,37.90412],[-122.559124,37.90412],[-122.559123,37.904122],[-122.559122,37.904124],[-122.559121,37.904125],[-122.559121,37.904125],[-122.559121,37.904125],[-122.55912,37.904126],[-122.55912,37.904127],[-122.559119,37.904127],[-122.559119,37.904128],[-122.559119,37.904128],[-122.559117,37.90413],[-122.559115,37.904131],[-122.559114,37.904132],[-122.559114,37.904132],[-122.559114,37.904132],[-122.559113,37.904133],[-122.559112,37.904134],[-122.559111,37.904134],[-122.559111,37.904134],[-122.55911,37.904134],[-122.559108,37.904135]]]},"properties":{"prop_id":"027-265-01","situsforma":"","situsfor_2":""}},{"type":"Feature","geometry":{"type":"Polygon","coordinates":[[[-122.568921,37.898364],[-122.568914,37.898382],[-122.568483,37.89856],[-122.568311,37.898262],[-122.568742,37.898087],[-122.568921,37.898364]]]},"properties":{"prop_id":"046-142-25","situsforma":"","situsfor_2":""}},{"type":"Feature","geometry":{"type":"Polygon","coordinates":[[[-122.535974,37.898959],[-122.535574,37.898604],[-122.535729,37.898589],[-122.53608,37.898881],[-122.535974,37.898959]]]},"properties":{"prop_id":"030-054-27","situsforma":"217 SYCAMORE AVE","situsfor_2":"217 SYCAMORE AVE  MILL VALLEY"}},{"type":"Feature","geometry":{"type":"Polygon","coordinates":[[[-122.54208,37.894934],[-122.541911,37.894896],[-122.541856,37.894756],[-122.542024,37.894568],[-122.542217,37.894531],[-122.542239,37.894503],[-122.542488,37.894442],[-122.542489,37.89444],[-122.542798,37.894317],[-122.542259,37.894974],[-122.54208,37.894934]]]},"properties":{"prop_id":"048-031-64","situsforma":"223 LAVERNE AVE","situsfor_2":"223 LAVERNE AVE  MILL VALLEY"}},{"type":"Feature","geometry":{"type":"Polygon","coordinates":[[[-122.533083,37.927893],[-122.533296,37.927808],[-122.533375,37.927773],[-122.533648,37.928126],[-122.533386,37.928252],[-122.533083,37.927893]]]},"properties":{"prop_id":"021-192-04","situsforma":"15 WILTSHIRE AVE","situsfor_2":"15 WILTSHIRE AVE  LARKSPUR"}},{"type":"Feature","geometry":{"type":"Polygon","coordinates":[[[-122.537255,37.896777],[-122.537536,37.89703],[-122.537129,37.89733],[-122.536847,37.897077],[-122.537255,37.896777]]]},"properties":{"prop_id":"030-072-01","situsforma":"382 MILLER AVE","situsfor_2":"382 MILLER AVE  MILL VALLEY"}},{"type":"Feature","geometry":{"type":"Polygon","coordinates":[[[-122.538119,37.902378],[-122.538034,37.902251],[-122.538404,37.902047],[-122.538482,37.902176],[-122.538119,37.902378]]]},"properties":{"prop_id":"028-233-23","situsforma":"65 WALNUT AVE","situsfor_2":"65 WALNUT AVE  MILL VALLEY"}},{"type":"Feature","geometry":{"type":"Polygon","coordinates":[[[-122.550891,37.91153],[-122.550506,37.91122],[-122.550741,37.911139],[-122.550763,37.911008],[-122.550917,37.91102],[-122.550985,37.911171],[-122.55113,37.911346],[-122.550891,37.91153]]]},"properties":{"prop_id":"029-053-03","situsforma":"","situsfor_2":""}},{"type":"Feature","geometry":{"type":"Polygon","coordinates":[[[-122.538765,37.902809],[-122.53869,37.902763],[-122.539092,37.902443],[-122.539228,37.902528],[-122.538765,37.902809]]]},"properties":{"prop_id":"028-233-29","situsforma":"41 WALNUT AVE","situsfor_2":"41 WALNUT AVE  MILL VALLEY"}},{"type":"Feature","geometry":{"type":"Polygon","coordinates":[[[-122.558501,37.916251],[-122.558891,37.915978],[-122.559134,37.915808],[-122.559184,37.915884],[-122.559209,37.915976],[-122.559198,37.915986],[-122.55912,37.916058],[-122.559093,37.916098],[-122.559049,37.916153],[-122.559053,37.91621],[-122.559046,37.916317],[-122.559166,37.916373],[-122.559254,37.916404],[-122.558824,37.916585],[-122.558501,37.916251]]]},"properties":{"prop_id":"027-074-19","situsforma":"561 SUMMIT AVE","situsfor_2":"561 SUMMIT AVE  MILL VALLEY"}},{"type":"Feature","geometry":{"type":"Polygon","coordinates":[[[-122.532179,37.924183],[-122.532084,37.924237],[-122.532044,37.92426],[-122.532082,37.924087],[-122.531971,37.923998],[-122.532147,37.923815],[-122.532321,37.923749],[-122.53235,37.923855],[-122.532362,37.923842],[-122.532476,37.923886],[-122.532384,37.92402],[-122.532337,37.924089],[-122.532313,37.924103],[-122.532179,37.924183]]]},"properties":{"prop_id":"025-085-09","situsforma":"267 MORNINGSIDE DR","situsfor_2":"267 MORNINGSIDE DR  CORTE MADERA"}},{"type":"Feature","geometry":{"type":"Polygon","coordinates":[[[-122.544264,37.897902],[-122.544244,37.897901],[-122.544224,37.897901],[-122.544213,37.897902],[-122.544212,37.897902],[-122.544212,37.897902],[-122.544108,37.897782],[-122.544108,37.897782],[-122.544108,37.897782],[-122.544197,37.897534],[-122.544198,37.897534],[-122.544395,37.897575],[-122.544412,37.897579],[-122.544429,37.897582],[-122.544442,37.897585],[-122.544453,37.897596],[-122.544453,37.897597],[-122.544358,37.897927],[-122.54434,37.897919],[-122.544322,37.897913],[-122.544303,37.897908],[-122.544284,37.897904],[-122.544264,37.897902]]]},"properties":{"prop_id":"047-151-43","situsforma":"102 JANES ST","situsfor_2":"102 JANES ST  MILL VALLEY"}},{"type":"Feature","geometry":{"type":"Polygon","coordinates":[[[-122.544551,37.906006],[-122.544764,37.905785],[-122.545133,37.906008],[-122.544551,37.906006]]]},"properties":{"prop_id":"028-021-01","situsforma":"85 E BLITHEDALE AVE","situsfor_2":"85 E BLITHEDALE AVE  MILL VALLEY"}},{"type":"Feature","geometry":{"type":"Polygon","coordinates":[[[-122.54687,37.901423],[-122.546979,37.90131],[-122.547235,37.901492],[-122.547089,37.901622],[-122.54687,37.901423]]]},"properties":{"prop_id":"028-113-09","situsforma":"4 HELENS LN","situsfor_2":"4 HELENS LN  MILL VALLEY"}},{"type":"Feature","geometry":{"type":"Polygon","coordinates":[[[-122.543647,37.905777],[-122.543648,37.90567],[-122.543988,37.90567],[-122.543989,37.905777],[-122.543647,37.905777]]]},"properties":{"prop_id":"029-185-01","situsforma":"46 HILL ST","situsfor_2":"46 HILL ST  MILL VALLEY"}},{"type":"Feature","geometry":{"type":"Polygon","coordinates":[[[-122.539967,37.918559],[-122.539986,37.918562],[-122.539987,37.918562],[-122.539987,37.918562],[-122.539988,37.918562],[-122.540006,37.918563],[-122.540007,37.918564],[-122.540007,37.918564],[-122.540025,37.918564],[-122.540026,37.918564],[-122.540027,37.918564],[-122.540045,37.918562],[-122.540046,37.918562],[-122.540047,37.918562],[-122.540064,37.91856],[-122.540065,37.918559],[-122.540066,37.918559],[-122.540083,37.918555],[-122.540084,37.918555],[-122.540085,37.918555],[-122.540101,37.91855],[-122.540103,37.918549],[-122.540104,37.918549],[-122.54012,37.918543],[-122.540121,37.918542],[-122.540122,37.918542],[-122.540137,37.918534],[-122.540138,37.918534],[-122.540139,37.918533],[-122.540153,37.918525],[-122.540154,37.918524],[-122.540155,37.918524],[-122.540168,37.918514],[-122.540169,37.918513],[-122.54017,37.918513],[-122.540182,37.918502],[-122.540183,37.918502],[-122.540184,37.918501],[-122.540195,37.918489],[-122.540195,37.918489],[-122.5402,37.918483],[-122.5402,37.918483],[-122.540201,37.918482],[-122.540203,37.91848],[-122.540203,37.91848],[-122.540204,37.918479],[-122.540205,37.918478],[-122.540207,37.918477],[-122.540207,37.918476],[-122.540208,37.918475],[-122.54021,37.918474],[-122.540211,37.918473],[-122.540212,37.918473],[-122.540214,37.918471],[-122.540215,37.918471],[-122.540216,37.91847],[-122.540219,37.918469],[-122.54022,37.918468],[-122.540221,37.918468],[-122.540223,37.918467],[-122.540225,37.918466],[-122.540225,37.918466],[-122.540228,37.918465],[-122.54023,37.918465],[-122.54023,37.918465],[-122.540231,37.918465],[-122.540233,37.918464],[-122.540235,37.918464],[-122.540235,37.918464],[-122.540235,37.918463],[-122.540238,37.918463],[-122.54024,37.918463],[-122.54024,37.918463],[-122.54024,37.918463],[-122.540245,37.918462],[-122.540297,37.918458],[-122.540298,37.918458],[-122.540299,37.918458],[-122.54035,37.91845],[-122.540403,37.918443],[-122.540404,37.918443],[-122.540405,37.918442],[-122.540455,37.918431],[-122.540456,37.918431],[-122.540458,37.918431],[-122.540505,37.918416],[-122.540506,37.918416],[-122.540508,37.918416],[-122.540553,37.918398],[-122.540554,37.918397],[-122.540555,37.918397],[-122.540598,37.918376],[-122.540599,37.918375],[-122.540599,37.918375],[-122.540628,37.918358],[-122.540657,37.918535],[-122.540623,37.918807],[-122.539995,37.918869],[-122.539967,37.918559]]]},"properties":{"prop_id":"029-151-43","situsforma":"38 GLEN DR","situsfor_2":"38 GLEN DR  MILL VALLEY"}},{"type":"Feature","geometry":{"type":"Polygon","coordinates":[[[-122.5548,37.919961],[-122.554608,37.919817],[-122.55468,37.919795],[-122.555241,37.91962],[-122.555272,37.919673],[-122.555272,37.919673],[-122.555273,37.919674],[-122.555309,37.919724],[-122.555309,37.919724],[-122.55531,37.919725],[-122.555351,37.919772],[-122.555351,37.919772],[-122.555397,37.919815],[-122.555398,37.919816],[-122.5554,37.919818],[-122.555417,37.919832],[-122.555065,37.920084],[-122.555013,37.920122],[-122.554863,37.920009],[-122.5548,37.919961]]]},"properties":{"prop_id":"027-271-22","situsforma":"24 MARSH DR","situsfor_2":"24 MARSH DR  MILL VALLEY"}},{"type":"Feature","geometry":{"type":"Polygon","coordinates":[[[-122.55274,37.906976],[-122.552948,37.906713],[-122.553043,37.90676],[-122.552836,37.907022],[-122.55274,37.906976]]]},"properties":{"prop_id":"028-043-11","situsforma":"134 LOVELL AVE","situsfor_2":"134 LOVELL AVE  MILL VALLEY"}},{"type":"Feature","geometry":{"type":"Polygon","coordinates":[[[-122.563071,37.903883],[-122.562972,37.903782],[-122.56283,37.90381],[-122.562658,37.903733],[-122.562386,37.903142],[-122.562866,37.903488],[-122.562975,37.903558],[-122.563108,37.903564],[-122.563167,37.903613],[-122.563355,37.903664],[-122.563481,37.903618],[-122.563456,37.903704],[-122.563305,37.903915],[-122.563071,37.903883]]]},"properties":{"prop_id":"027-252-46","situsforma":"139 ROSE AVE","situsfor_2":"139 ROSE AVE  MILL VALLEY"}},{"type":"Feature","geometry":{"type":"Polygon","coordinates":[[[-122.538045,37.907617],[-122.538334,37.907582],[-122.537963,37.908095],[-122.537957,37.908102],[-122.537884,37.908086],[-122.537772,37.908061],[-122.537859,37.907644],[-122.538045,37.907617]]]},"properties":{"prop_id":"029-171-12","situsforma":"278 MANOR DR","situsfor_2":"278 MANOR DR  MILL VALLEY"}},{"type":"Feature","geometry":{"type":"Polygon","coordinates":[[[-122.535854,37.895245],[-122.535967,37.895246],[-122.536049,37.895235],[-122.536435,37.89558],[-122.536529,37.895648],[-122.536464,37.895693],[-122.536422,37.895726],[-122.536422,37.895727],[-122.536422,37.895727],[-122.536421,37.895727],[-122.536421,37.895727],[-122.536421,37.895727],[-122.536421,37.895727],[-122.536421,37.895727],[-122.53642,37.895727],[-122.53642,37.895727],[-122.53642,37.895727],[-122.53642,37.895727],[-122.53642,37.895727],[-122.53642,37.895727],[-122.536419,37.895727],[-122.536419,37.895727],[-122.536419,37.895727],[-122.536419,37.895727],[-122.536419,37.895727],[-122.535854,37.895245]]]},"properties":{"prop_id":"048-014-14","situsforma":"","situsfor_2":""}},{"type":"Feature","geometry":{"type":"Polygon","coordinates":[[[-122.534584,37.897417],[-122.534615,37.897375],[-122.534794,37.897458],[-122.534762,37.8975],[-122.534584,37.897417]]]},"properties":{"prop_id":"030-271-09","situsforma":"9 PARK TER","situsfor_2":"9 PARK TER  MILL VALLEY"}},{"type":"Feature","geometry":{"type":"Polygon","coordinates":[[[-122.537794,37.906087],[-122.538147,37.905995],[-122.538282,37.906234],[-122.538057,37.906335],[-122.537631,37.906267],[-122.537629,37.906227],[-122.537573,37.906148],[-122.537775,37.906092],[-122.537785,37.906089],[-122.537794,37.906087]]]},"properties":{"prop_id":"029-202-11","situsforma":"2 DEL CASA DR","situsfor_2":"2 DEL CASA DR  MILL VALLEY"}},{"type":"Feature","geometry":{"type":"Polygon","coordinates":[[[-122.536085,37.908197],[-122.536259,37.908159],[-122.536278,37.907977],[-122.536288,37.907973],[-122.536289,37.907973],[-122.53629,37.907972],[-122.536299,37.907969],[-122.5363,37.907969],[-122.5363,37.907968],[-122.536301,37.907968],[-122.536309,37.907964],[-122.53631,37.907963],[-122.536311,37.907963],[-122.536319,37.907958],[-122.53632,37.907957],[-122.536324,37.907955],[-122.536301,37.908175],[-122.536481,37.908156],[-122.536466,37.908311],[-122.536168,37.908341],[-122.536085,37.908197]]]},"properties":{"prop_id":"029-172-11","situsforma":"244 MANOR DR","situsfor_2":"244 MANOR DR  MILL VALLEY"}},{"type":"Feature","geometry":{"type":"Polygon","coordinates":[[[-122.536466,37.908311],[-122.536481,37.908156],[-122.536501,37.907856],[-122.536676,37.90782],[-122.536623,37.90829],[-122.536466,37.908311]]]},"properties":{"prop_id":"029-172-14","situsforma":"250 MANOR DR","situsfor_2":"250 MANOR DR  MILL VALLEY"}},{"type":"Feature","geometry":{"type":"Polygon","coordinates":[[[-122.543,37.908219],[-122.543005,37.908265],[-122.543027,37.90848],[-122.542702,37.908491],[-122.542682,37.908157],[-122.543,37.908219]]]},"properties":{"prop_id":"029-113-09","situsforma":"125 OAKDALE AVE","situsfor_2":"125 OAKDALE AVE  MILL VALLEY"}},{"type":"Feature","geometry":{"type":"Polygon","coordinates":[[[-122.550105,37.901342],[-122.549939,37.901408],[-122.54978,37.901563],[-122.5495,37.901425],[-122.549256,37.901471],[-122.549532,37.901156],[-122.549756,37.901108],[-122.54989,37.901151],[-122.549918,37.901279],[-122.55015,37.901187],[-122.550105,37.901342]]]},"properties":{"prop_id":"028-162-07","situsforma":"107 HELENS LN","situsfor_2":"107 HELENS LN  MILL VALLEY"}},{"type":"Feature","geometry":{"type":"Polygon","coordinates":[[[-122.535779,37.924476],[-122.535777,37.924486],[-122.535776,37.924497],[-122.535776,37.924508],[-122.535778,37.924518],[-122.535781,37.924529],[-122.535785,37.924539],[-122.53579,37.924549],[-122.535796,37.924558],[-122.535803,37.924567],[-122.535811,37.924575],[-122.535821,37.924583],[-122.53583,37.92459],[-122.535841,37.924597],[-122.535853,37.924602],[-122.535865,37.924607],[-122.535877,37.924611],[-122.53589,37.924614],[-122.535895,37.924615],[-122.535841,37.924652],[-122.535767,37.924742],[-122.535714,37.924867],[-122.53544,37.92482],[-122.535523,37.92452],[-122.535779,37.924476]]]},"properties":{"prop_id":"021-154-02","situsforma":"3 SUNRISE LN","situsfor_2":"3 SUNRISE LN  LARKSPUR"}},{"type":"Feature","geometry":{"type":"Polygon","coordinates":[[[-122.544054,37.904224],[-122.543896,37.904151],[-122.544069,37.903923],[-122.544218,37.904001],[-122.544054,37.904224]]]},"properties":{"prop_id":"028-024-09","situsforma":"7 GROVE ST","situsfor_2":"7 GROVE ST  MILL VALLEY"}},{"type":"Feature","geometry":{"type":"Polygon","coordinates":[[[-122.55924,37.906712],[-122.559348,37.906893],[-122.55926,37.906915],[-122.55882,37.906707],[-122.558918,37.906516],[-122.55924,37.906712]]]},"properties":{"prop_id":"027-243-17","situsforma":"115 MARION AVE","situsfor_2":"115 MARION AVE  MILL VALLEY"}},{"type":"Feature","geometry":{"type":"Polygon","coordinates":[[[-122.533298,37.901236],[-122.533423,37.901145],[-122.533649,37.901243],[-122.533781,37.9013],[-122.53365,37.90139],[-122.53365,37.901389],[-122.533298,37.901236]]]},"properties":{"prop_id":"030-034-07","situsforma":"63 HILARITA AVE","situsfor_2":"63 HILARITA AVE  MILL VALLEY"}},{"type":"Feature","geometry":{"type":"Polygon","coordinates":[[[-122.558357,37.894573],[-122.558358,37.894573],[-122.558413,37.894708],[-122.558442,37.894779],[-122.558438,37.89478],[-122.557836,37.894942],[-122.557809,37.894734],[-122.558357,37.894573]]]},"properties":{"prop_id":"046-301-15","situsforma":"226 PANORAMIC HWY","situsfor_2":"226 PANORAMIC HWY  MILL VALLEY"}},{"type":"Feature","geometry":{"type":"Polygon","coordinates":[[[-122.533633,37.925792],[-122.533887,37.925811],[-122.533866,37.925912],[-122.533595,37.925927],[-122.533633,37.925792]]]},"properties":{"prop_id":"025-013-04","situsforma":"114 EDISON AVE","situsfor_2":"114 EDISON AVE  CORTE MADERA"}},{"type":"Feature","geometry":{"type":"Polygon","coordinates":[[[-122.531591,37.921324],[-122.531437,37.921185],[-122.531345,37.921221],[-122.531199,37.921298],[-122.531023,37.921028],[-122.53089,37.920843],[-122.530979,37.920797],[-122.531144,37.920739],[-122.531258,37.9207],[-122.531466,37.920753],[-122.531552,37.920822],[-122.531659,37.920814],[-122.532109,37.920783],[-122.532233,37.921122],[-122.532219,37.921199],[-122.531709,37.921339],[-122.531591,37.921324]]]},"properties":{"prop_id":"025-142-27","situsforma":"503 CORTE MADERA AVE","situsfor_2":"503 CORTE MADERA AVE  CORTE MADERA"}},{"type":"Feature","geometry":{"type":"Polygon","coordinates":[[[-122.532916,37.895493],[-122.532917,37.895493],[-122.533056,37.895564],[-122.533062,37.895567],[-122.533062,37.895568],[-122.532865,37.895816],[-122.53272,37.895744],[-122.532916,37.895493]]]},"properties":{"prop_id":"030-081-15","situsforma":"15 PLYMOUTH AVE","situsfor_2":"15 PLYMOUTH AVE  MILL VALLEY"}},{"type":"Feature","geometry":{"type":"Polygon","coordinates":[[[-122.546202,37.89545],[-122.546404,37.895518],[-122.54616,37.895723],[-122.546071,37.895657],[-122.545892,37.895595],[-122.545891,37.895538],[-122.545889,37.895481],[-122.545972,37.895493],[-122.546051,37.895394],[-122.546202,37.89545]]]},"properties":{"prop_id":"047-211-15","situsforma":"316 TODD WAY","situsfor_2":"316 TODD WAY  MILL VALLEY"}},{"type":"Feature","geometry":{"type":"Polygon","coordinates":[[[-122.551148,37.916583],[-122.551639,37.916455],[-122.551639,37.916457],[-122.551545,37.916725],[-122.55111,37.91671],[-122.551148,37.916583]]]},"properties":{"prop_id":"027-092-09","situsforma":"316 ELDRIDGE AVE","situsfor_2":"316 ELDRIDGE AVE  MILL VALLEY"}},{"type":"Feature","geometry":{"type":"Polygon","coordinates":[[[-122.545052,37.904659],[-122.545423,37.904828],[-122.545358,37.904919],[-122.544982,37.904756],[-122.545052,37.904659]]]},"properties":{"prop_id":"028-022-17","situsforma":"18 FORREST ST","situsfor_2":"18 FORREST ST  MILL VALLEY"}},{"type":"Feature","geometry":{"type":"Polygon","coordinates":[[[-122.554583,37.904424],[-122.554483,37.904234],[-122.554657,37.904115],[-122.554749,37.904032],[-122.554742,37.904196],[-122.554583,37.904424]]]},"properties":{"prop_id":"028-132-21","situsforma":"31 MILLSIDE LN","situsfor_2":"31 MILLSIDE LN  MILL VALLEY"}},{"type":"Feature","geometry":{"type":"Polygon","coordinates":[[[-122.53458,37.902244],[-122.534786,37.90226],[-122.534675,37.902402],[-122.53465,37.902432],[-122.534637,37.902425],[-122.534538,37.902549],[-122.534408,37.902481],[-122.534404,37.902479],[-122.53458,37.902244]]]},"properties":{"prop_id":"030-031-03","situsforma":"179 LOCUST AVE","situsfor_2":"179 LOCUST AVE  MILL VALLEY"}},{"type":"Feature","geometry":{"type":"Polygon","coordinates":[[[-122.531003,37.924666],[-122.530621,37.924906],[-122.530609,37.924875],[-122.530996,37.924638],[-122.531003,37.924666]]]},"properties":{"prop_id":"025-034-11","situsforma":"","situsfor_2":""}},{"type":"Feature","geometry":{"type":"Polygon","coordinates":[[[-122.569336,37.905503],[-122.569353,37.905748],[-122.56924,37.905756],[-122.569222,37.905518],[-122.569231,37.905517],[-122.569336,37.905503]]]},"properties":{"prop_id":"045-071-07","situsforma":"","situsfor_2":""}},{"type":"Feature","geometry":{"type":"Polygon","coordinates":[[[-122.539122,37.89792],[-122.539609,37.897686],[-122.539814,37.897817],[-122.539787,37.897853],[-122.539623,37.898075],[-122.53944,37.898198],[-122.539122,37.89792]]]},"properties":{"prop_id":"028-214-17","situsforma":"469 MOLINO AVE","situsfor_2":"469 MOLINO AVE  MILL VALLEY"}},{"type":"Feature","geometry":{"type":"Polygon","coordinates":[[[-122.535359,37.910557],[-122.535421,37.910466],[-122.535315,37.910276],[-122.535407,37.910235],[-122.535415,37.910245],[-122.535602,37.910175],[-122.535613,37.910086],[-122.535646,37.910083],[-122.535614,37.910611],[-122.535359,37.910557]]]},"properties":{"prop_id":"029-161-39","situsforma":"155 VAL VISTA RD","situsfor_2":"155 VAL VISTA RD  MILL VALLEY"}},{"type":"Feature","geometry":{"type":"Polygon","coordinates":[[[-122.55897,37.910717],[-122.558679,37.910829],[-122.558661,37.910677],[-122.558878,37.910516],[-122.55897,37.910717]]]},"properties":{"prop_id":"027-172-08","situsforma":"335 LOVELL AVE","situsfor_2":"335 LOVELL AVE  MILL VALLEY"}},{"type":"Feature","geometry":{"type":"Polygon","coordinates":[[[-122.546782,37.90795],[-122.546783,37.90795],[-122.546818,37.908019],[-122.54684,37.908064],[-122.546614,37.908139],[-122.546556,37.908108],[-122.546462,37.908083],[-122.546758,37.90796],[-122.546782,37.90795]]]},"properties":{"prop_id":"029-102-09","situsforma":"60 HILLSIDE AVE","situsfor_2":"60 HILLSIDE AVE  MILL VALLEY"}},{"type":"Feature","geometry":{"type":"Polygon","coordinates":[[[-122.53455,37.907921],[-122.534804,37.907787],[-122.535021,37.907969],[-122.534792,37.908123],[-122.53455,37.907921]]]},"properties":{"prop_id":"029-242-09","situsforma":"250 DEL CASA DR","situsfor_2":"250 DEL CASA DR  MILL VALLEY"}},{"type":"Feature","geometry":{"type":"Polygon","coordinates":[[[-122.534676,37.905214],[-122.534248,37.905199],[-122.534241,37.905098],[-122.534597,37.904895],[-122.534819,37.905132],[-122.534676,37.905214]]]},"properties":{"prop_id":"029-222-15","situsforma":"51 MARLIN AVE","situsfor_2":"51 MARLIN AVE  MILL VALLEY"}},{"type":"Feature","geometry":{"type":"Polygon","coordinates":[[[-122.5451,37.900569],[-122.544856,37.900636],[-122.544788,37.900252],[-122.544965,37.900275],[-122.5451,37.900569]]]},"properties":{"prop_id":"028-177-01","situsforma":"311 MOLINO AVE","situsfor_2":"311 MOLINO AVE  MILL VALLEY"}},{"type":"Feature","geometry":{"type":"Polygon","coordinates":[[[-122.541655,37.902704],[-122.541516,37.902604],[-122.541585,37.902567],[-122.541582,37.902563],[-122.541574,37.902554],[-122.541562,37.902539],[-122.541552,37.902522],[-122.541544,37.902504],[-122.54153,37.90249],[-122.541517,37.902472],[-122.5415,37.902461],[-122.541612,37.90238],[-122.542039,37.902063],[-122.542283,37.902284],[-122.541714,37.902708],[-122.541712,37.902706],[-122.541707,37.902699],[-122.541699,37.90268],[-122.541697,37.902678],[-122.541655,37.902704]]]},"properties":{"prop_id":"028-034-37","situsforma":"197 MILLER AVE","situsfor_2":"197 MILLER AVE  MILL VALLEY"}},{"type":"Feature","geometry":{"type":"Polygon","coordinates":[[[-122.551162,37.905073],[-122.551554,37.905019],[-122.551681,37.905083],[-122.551215,37.90567],[-122.55109,37.905713],[-122.551105,37.905675],[-122.551122,37.905641],[-122.551199,37.905492],[-122.551278,37.905418],[-122.551154,37.905389],[-122.551058,37.905405],[-122.551162,37.905073]]]},"properties":{"prop_id":"028-055-36","situsforma":"8 OLIVE ST","situsfor_2":"8 OLIVE ST  MILL VALLEY"}},{"type":"Feature","geometry":{"type":"Polygon","coordinates":[[[-122.560096,37.914045],[-122.560138,37.91397],[-122.560388,37.913977],[-122.560487,37.91398],[-122.560628,37.913984],[-122.56044,37.914318],[-122.560436,37.914334],[-122.560393,37.914476],[-122.560392,37.914488],[-122.560386,37.914601],[-122.56034,37.91468],[-122.560321,37.914712],[-122.560336,37.914729],[-122.560333,37.91474],[-122.560332,37.914742],[-122.560328,37.914758],[-122.560376,37.914804],[-122.560427,37.914853],[-122.560487,37.914911],[-122.560481,37.914918],[-122.560477,37.914922],[-122.560423,37.914871],[-122.560321,37.914772],[-122.560315,37.914719],[-122.560151,37.914489],[-122.560042,37.914142],[-122.56006,37.914109],[-122.560096,37.914045]]]},"properties":{"prop_id":"027-104-24","situsforma":"440 TAMALPAIS AVE","situsfor_2":"440 TAMALPAIS AVE  MILL VALLEY"}},{"type":"Feature","geometry":{"type":"Polygon","coordinates":[[[-122.55952,37.905857],[-122.559872,37.906204],[-122.559729,37.906335],[-122.559644,37.906377],[-122.559425,37.906398],[-122.559256,37.906308],[-122.559149,37.906189],[-122.559036,37.905895],[-122.559424,37.905937],[-122.559491,37.905881],[-122.55952,37.905857]]]},"properties":{"prop_id":"027-244-03","situsforma":"21 MONTE VISTA AVE","situsfor_2":"21 MONTE VISTA AVE  MILL VALLEY"}},{"type":"Feature","geometry":{"type":"Polygon","coordinates":[[[-122.563989,37.90172],[-122.564084,37.901616],[-122.564094,37.901605],[-122.564029,37.901568],[-122.56408,37.901511],[-122.564101,37.901522],[-122.564423,37.9017],[-122.564426,37.901731],[-122.564284,37.901882],[-122.563989,37.90172]]]},"properties":{"prop_id":"045-206-13","situsforma":"49 ASHBURY AVE","situsfor_2":"49 ASHBURY AVE  MILL VALLEY"}},{"type":"Feature","geometry":{"type":"Polygon","coordinates":[[[-122.535081,37.915024],[-122.535134,37.914994],[-122.535201,37.914955],[-122.535557,37.914729],[-122.535813,37.914996],[-122.535458,37.915186],[-122.53544,37.915175],[-122.535412,37.915162],[-122.535412,37.915162],[-122.535404,37.915159],[-122.535235,37.915092],[-122.535208,37.91508],[-122.535158,37.915058],[-122.535081,37.915024]]]},"properties":{"prop_id":"029-332-09","situsforma":"363 VISTA LINDA DR","situsfor_2":"363 VISTA LINDA DR  MILL VALLEY"}},{"type":"Feature","geometry":{"type":"Polygon","coordinates":[[[-122.540618,37.900804],[-122.540654,37.900835],[-122.540678,37.900855],[-122.540554,37.901],[-122.54018,37.901265],[-122.540142,37.901235],[-122.540077,37.901182],[-122.540618,37.900804]]]},"properties":{"prop_id":"028-222-88","situsforma":"247 MILLER AVE A","situsfor_2":"247 MILLER AVE A MILL VALLEY"}},{"type":"Feature","geometry":{"type":"Polygon","coordinates":[[[-122.53208,37.925856],[-122.531864,37.92561],[-122.532014,37.925535],[-122.532204,37.92576],[-122.532216,37.925773],[-122.53228,37.925846],[-122.532161,37.92591],[-122.532137,37.925923],[-122.532107,37.925888],[-122.53208,37.925856],[-122.53208,37.925856]]]},"properties":{"prop_id":"025-014-17","situsforma":"332 REDWOOD AVE","situsfor_2":"332 REDWOOD AVE  CORTE MADERA"}},{"type":"Feature","geometry":{"type":"Polygon","coordinates":[[[-122.533225,37.900893],[-122.533309,37.900937],[-122.533421,37.901002],[-122.533158,37.901192],[-122.533033,37.901132],[-122.533225,37.900893]]]},"properties":{"prop_id":"030-036-01","situsforma":"2 JUANITA AVE","situsfor_2":"2 JUANITA AVE  MILL VALLEY"}},{"type":"Feature","geometry":{"type":"Polygon","coordinates":[[[-122.536676,37.901053],[-122.536856,37.901001],[-122.536967,37.901128],[-122.537012,37.901099],[-122.537124,37.901234],[-122.537088,37.901263],[-122.536903,37.901321],[-122.536676,37.901053]]]},"properties":{"prop_id":"028-236-01","situsforma":"32 FERN AVE","situsfor_2":"32 FERN AVE  MILL VALLEY"}},{"type":"Feature","geometry":{"type":"Polygon","coordinates":[[[-122.539755,37.903501],[-122.539722,37.903375],[-122.539944,37.903377],[-122.539944,37.903386],[-122.539945,37.903502],[-122.539943,37.903502],[-122.539755,37.903501]]]},"properties":{"prop_id":"028-032-35","situsforma":"10 WALNUT AVE","situsfor_2":"10 WALNUT AVE  MILL VALLEY"}},{"type":"Feature","geometry":{"type":"Polygon","coordinates":[[[-122.552784,37.914145],[-122.552364,37.91421],[-122.552216,37.914089],[-122.552714,37.914018],[-122.552784,37.914145]]]},"properties":{"prop_id":"027-122-07","situsforma":"259 CORTE MADERA AVE","situsfor_2":"259 CORTE MADERA AVE  MILL VALLEY"}},{"type":"Feature","geometry":{"type":"Polygon","coordinates":[[[-122.534488,37.903813],[-122.534549,37.903774],[-122.534925,37.903761],[-122.534919,37.903876],[-122.534676,37.903994],[-122.534488,37.903813]]]},"properties":{"prop_id":"029-221-11","situsforma":"5 E MANOR DR","situsfor_2":"5 E MANOR DR  MILL VALLEY"}},{"type":"Feature","geometry":{"type":"Polygon","coordinates":[[[-122.536303,37.897413],[-122.536508,37.897274],[-122.536634,37.897386],[-122.536392,37.897555],[-122.536584,37.897729],[-122.536193,37.897996],[-122.53612,37.898041],[-122.535914,37.897843],[-122.535837,37.897746],[-122.535921,37.897684],[-122.536303,37.897413]]]},"properties":{"prop_id":"030-071-32","situsforma":"16 LA GOMA ST","situsfor_2":"16 LA GOMA ST  MILL VALLEY"}},{"type":"Feature","geometry":{"type":"Polygon","coordinates":[[[-122.539268,37.898751],[-122.539384,37.898674],[-122.539388,37.898678],[-122.539388,37.898678],[-122.539576,37.898901],[-122.539568,37.898906],[-122.539206,37.899165],[-122.538968,37.898954],[-122.539268,37.898751]]]},"properties":{"prop_id":"028-213-25","situsforma":"310 MILLER AVE","situsfor_2":"310 MILLER AVE  MILL VALLEY"}},{"type":"Feature","geometry":{"type":"Polygon","coordinates":[[[-122.542708,37.91052],[-122.542533,37.910652],[-122.542409,37.91063],[-122.542351,37.910466],[-122.542319,37.910346],[-122.542411,37.910272],[-122.542708,37.91052]]]},"properties":{"prop_id":"029-073-24","situsforma":"207 OAKDALE AVE","situsfor_2":"207 OAKDALE AVE  MILL VALLEY"}},{"type":"Feature","geometry":{"type":"Polygon","coordinates":[[[-122.536466,37.908311],[-122.536623,37.90829],[-122.536603,37.908452],[-122.536298,37.908491],[-122.536168,37.908341],[-122.536466,37.908311]]]},"properties":{"prop_id":"029-172-10","situsforma":"195 MARLIN AVE","situsfor_2":"195 MARLIN AVE  MILL VALLEY"}},{"type":"Feature","geometry":{"type":"Polygon","coordinates":[[[-122.569319,37.907628],[-122.569824,37.907195],[-122.570072,37.907217],[-122.5701,37.90722],[-122.570419,37.907249],[-122.570485,37.907255],[-122.570494,37.907282],[-122.570494,37.907285],[-122.57055,37.907451],[-122.570551,37.907451],[-122.570675,37.907506],[-122.570687,37.907511],[-122.570688,37.907511],[-122.570699,37.907516],[-122.570714,37.907523],[-122.570722,37.907526],[-122.570739,37.907534],[-122.571004,37.90757],[-122.571004,37.90757],[-122.571004,37.907571],[-122.570925,37.908369],[-122.570861,37.909012],[-122.570596,37.909046],[-122.570036,37.909115],[-122.569947,37.909126],[-122.568056,37.90936],[-122.568055,37.909361],[-122.568006,37.909367],[-122.568012,37.909293],[-122.567957,37.908795],[-122.567968,37.908786],[-122.567968,37.908786],[-122.569281,37.90766],[-122.569319,37.907628]]]},"properties":{"prop_id":"046-030-25","situsforma":"820 EDGEWOOD AVE","situsfor_2":"820 EDGEWOOD AVE  MILL VALLEY"}},{"type":"Feature","geometry":{"type":"Polygon","coordinates":[[[-122.567448,37.90285],[-122.567428,37.902828],[-122.567262,37.902664],[-122.567448,37.902437],[-122.567635,37.902628],[-122.567448,37.90285]]]},"properties":{"prop_id":"045-161-13","situsforma":"","situsfor_2":""}},{"type":"Feature","geometry":{"type":"Polygon","coordinates":[[[-122.544155,37.894441],[-122.544714,37.89477],[-122.544613,37.894901],[-122.544011,37.894589],[-122.544155,37.894441]]]},"properties":{"prop_id":"047-213-05","situsforma":"310 MELROSE AVE","situsfor_2":"310 MELROSE AVE  MILL VALLEY"}},{"type":"Feature","geometry":{"type":"Polygon","coordinates":[[[-122.534952,37.899702],[-122.534816,37.899803],[-122.534476,37.899538],[-122.534602,37.899441],[-122.534952,37.899702]]]},"properties":{"prop_id":"030-054-33","situsforma":"137 LA GOMA ST","situsfor_2":"137 LA GOMA ST  MILL VALLEY"}},{"type":"Feature","geometry":{"type":"Polygon","coordinates":[[[-122.537731,37.904191],[-122.537692,37.904114],[-122.537687,37.904108],[-122.537687,37.904107],[-122.537686,37.904106],[-122.537681,37.9041],[-122.537676,37.904094],[-122.537675,37.904094],[-122.537674,37.904093],[-122.537668,37.904088],[-122.537663,37.904084],[-122.537717,37.904084],[-122.537873,37.904086],[-122.538086,37.904086],[-122.538095,37.90419],[-122.537731,37.904191]]]},"properties":{"prop_id":"029-212-13","situsforma":"17 MANOR TER","situsfor_2":"17 MANOR TER  MILL VALLEY"}},{"type":"Feature","geometry":{"type":"Polygon","coordinates":[[[-122.549782,37.905781],[-122.54989,37.905709],[-122.54996,37.905662],[-122.549996,37.905639],[-122.550001,37.905638],[-122.550135,37.906038],[-122.55006,37.906073],[-122.549767,37.905791],[-122.549782,37.905781]]]},"properties":{"prop_id":"028-055-28","situsforma":"59 LOVELL AVE A","situsfor_2":"59 LOVELL AVE A MILL VALLEY"}},{"type":"Feature","geometry":{"type":"Polygon","coordinates":[[[-122.561804,37.903498],[-122.561562,37.903613],[-122.561532,37.903535],[-122.561515,37.903492],[-122.561452,37.903339],[-122.561445,37.903321],[-122.561432,37.903291],[-122.561614,37.90316],[-122.561653,37.903127],[-122.561707,37.903259],[-122.561713,37.903272],[-122.561804,37.903498]]]},"properties":{"prop_id":"046-061-59","situsforma":"80 CYPRESS AVE","situsfor_2":"80 CYPRESS AVE  MILL VALLEY"}},{"type":"Feature","geometry":{"type":"Polygon","coordinates":[[[-122.531337,37.895992],[-122.531352,37.895725],[-122.53151,37.895734],[-122.53157,37.89574],[-122.531483,37.896005],[-122.5314,37.895996],[-122.531399,37.895996],[-122.531395,37.895996],[-122.531365,37.895994],[-122.531337,37.895992]]]},"properties":{"prop_id":"030-082-13","situsforma":"47 OXFORD AVE","situsfor_2":"47 OXFORD AVE  MILL VALLEY"}},{"type":"Feature","geometry":{"type":"Polygon","coordinates":[[[-122.536389,37.922015],[-122.536499,37.922134],[-122.536371,37.922278],[-122.536363,37.922274],[-122.536192,37.922325],[-122.535998,37.922083],[-122.536261,37.921886],[-122.536348,37.921981],[-122.536389,37.922015]]]},"properties":{"prop_id":"025-133-28","situsforma":"181 SUMMIT DR","situsfor_2":"181 SUMMIT DR  CORTE MADERA"}},{"type":"Feature","geometry":{"type":"Polygon","coordinates":[[[-122.536518,37.929009],[-122.53666,37.928998],[-122.536795,37.928987],[-122.53702,37.928935],[-122.537006,37.929167],[-122.536976,37.929162],[-122.536975,37.929162],[-122.536974,37.929162],[-122.536944,37.92916],[-122.536944,37.92916],[-122.536943,37.92916],[-122.536912,37.929159],[-122.536493,37.929199],[-122.536518,37.92901],[-122.536518,37.929009]]]},"properties":{"prop_id":"021-121-45","situsforma":"99 PIEDMONT CT","situsfor_2":"99 PIEDMONT CT  LARKSPUR"}},{"type":"Feature","geometry":{"type":"Polygon","coordinates":[[[-122.556538,37.896474],[-122.556318,37.896415],[-122.556264,37.896403],[-122.55639,37.896286],[-122.556496,37.896305],[-122.556501,37.896292],[-122.556755,37.896319],[-122.556588,37.896494],[-122.556581,37.896491],[-122.556538,37.896474]]]},"properties":{"prop_id":"047-092-07","situsforma":"602 AMARANTH BLVD","situsfor_2":"602 AMARANTH BLVD  MILL VALLEY"}},{"type":"Feature","geometry":{"type":"Polygon","coordinates":[[[-122.539568,37.898906],[-122.539576,37.898901],[-122.539669,37.899019],[-122.539662,37.899024],[-122.539324,37.899271],[-122.539206,37.899165],[-122.539568,37.898906]]]},"properties":{"prop_id":"028-213-41","situsforma":"306 MILLER AVE","situsfor_2":"306 MILLER AVE  MILL VALLEY"}},{"type":"Feature","geometry":{"type":"Polygon","coordinates":[[[-122.552213,37.902531],[-122.552235,37.902003],[-122.55276,37.902137],[-122.552472,37.902618],[-122.552289,37.902556],[-122.552213,37.902531]]]},"properties":{"prop_id":"028-153-18","situsforma":"405 MARION AVE","situsfor_2":"405 MARION AVE  MILL VALLEY"}},{"type":"Feature","geometry":{"type":"Polygon","coordinates":[[[-122.55682,37.916202],[-122.556798,37.916057],[-122.55648,37.916096],[-122.556626,37.915949],[-122.556954,37.915615],[-122.557169,37.915635],[-122.557342,37.915627],[-122.557601,37.915472],[-122.55761,37.915507],[-122.55763,37.915584],[-122.557691,37.915812],[-122.557652,37.915842],[-122.557168,37.915915],[-122.55714,37.915935],[-122.557222,37.91625],[-122.557328,37.916303],[-122.557009,37.916458],[-122.55682,37.916202]]]},"properties":{"prop_id":"027-071-35","situsforma":"520 SUMMIT AVE","situsfor_2":"520 SUMMIT AVE  MILL VALLEY"}},{"type":"Feature","geometry":{"type":"Polygon","coordinates":[[[-122.557,37.90198],[-122.556979,37.90191],[-122.557362,37.90185],[-122.557454,37.901883],[-122.557503,37.901898],[-122.557573,37.901919],[-122.557561,37.901942],[-122.557549,37.90198],[-122.557545,37.901985],[-122.557538,37.901991],[-122.557531,37.901998],[-122.557523,37.902003],[-122.557514,37.902008],[-122.557505,37.902013],[-122.557495,37.902017],[-122.557484,37.90202],[-122.557474,37.902022],[-122.557463,37.902024],[-122.557256,37.90205],[-122.557032,37.902088],[-122.557031,37.902088],[-122.557,37.90198]]]},"properties":{"prop_id":"047-012-54","situsforma":"11 CASTLE ROCK DR","situsfor_2":"11 CASTLE ROCK DR  MILL VALLEY"}},{"type":"Feature","geometry":{"type":"Polygon","coordinates":[[[-122.557273,37.923341],[-122.557557,37.92324],[-122.557507,37.923404],[-122.557297,37.923486],[-122.557273,37.923341]]]},"properties":{"prop_id":"027-022-04","situsforma":"626 RALSTON AVE","situsfor_2":"626 RALSTON AVE  MILL VALLEY"}},{"type":"Feature","geometry":{"type":"Polygon","coordinates":[[[-122.532948,37.897797],[-122.533185,37.897991],[-122.533061,37.898099],[-122.532813,37.897907],[-122.532895,37.89784],[-122.532948,37.897797]]]},"properties":{"prop_id":"030-062-02","situsforma":"10 NELSON AVE","situsfor_2":"10 NELSON AVE  MILL VALLEY"}},{"type":"Feature","geometry":{"type":"Polygon","coordinates":[[[-122.542939,37.906515],[-122.542949,37.906169],[-122.543121,37.906171],[-122.543112,37.906516],[-122.543053,37.906516],[-122.542939,37.906515]]]},"properties":{"prop_id":"029-184-28","situsforma":"99 SUNNYSIDE AVE","situsfor_2":"99 SUNNYSIDE AVE  MILL VALLEY"}},{"type":"Feature","geometry":{"type":"Polygon","coordinates":[[[-122.544453,37.897597],[-122.544453,37.897596],[-122.544558,37.897701],[-122.544712,37.897855],[-122.544738,37.897882],[-122.544738,37.897882],[-122.544659,37.898074],[-122.544369,37.897933],[-122.544358,37.897927],[-122.544453,37.897597]]]},"properties":{"prop_id":"047-151-44","situsforma":"101 JANES ST","situsfor_2":"101 JANES ST  MILL VALLEY"}},{"type":"Feature","geometry":{"type":"Polygon","coordinates":[[[-122.545164,37.896833],[-122.545532,37.896914],[-122.545466,37.897097],[-122.545101,37.897018],[-122.545164,37.896833]]]},"properties":{"prop_id":"047-161-20","situsforma":"309 HOLLY ST","situsfor_2":"309 HOLLY ST  MILL VALLEY"}},{"type":"Feature","geometry":{"type":"Polygon","coordinates":[[[-122.541388,37.909139],[-122.541307,37.909167],[-122.541321,37.909062],[-122.541724,37.908844],[-122.541795,37.908983],[-122.541388,37.909139]]]},"properties":{"prop_id":"029-115-08","situsforma":"253 OAKDALE AVE","situsfor_2":"253 OAKDALE AVE  MILL VALLEY"}},{"type":"Feature","geometry":{"type":"Polygon","coordinates":[[[-122.545684,37.903583],[-122.545685,37.903577],[-122.545685,37.903577],[-122.545685,37.903575],[-122.545685,37.903571],[-122.545685,37.90357],[-122.545685,37.903569],[-122.545685,37.903565],[-122.545685,37.903564],[-122.545684,37.903564],[-122.545684,37.903563],[-122.545683,37.903558],[-122.545683,37.903558],[-122.545683,37.903558],[-122.545683,37.903557],[-122.545681,37.903553],[-122.545681,37.903552],[-122.545681,37.903551],[-122.545679,37.903547],[-122.545679,37.903546],[-122.545678,37.903546],[-122.545676,37.903542],[-122.545675,37.903541],[-122.545675,37.903541],[-122.545675,37.903541],[-122.545672,37.903536],[-122.545672,37.903536],[-122.545672,37.903536],[-122.545671,37.903535],[-122.545668,37.903531],[-122.545667,37.903531],[-122.545666,37.90353],[-122.545663,37.903527],[-122.545662,37.903526],[-122.545662,37.903526],[-122.545657,37.903522],[-122.545651,37.903519],[-122.545651,37.903518],[-122.545649,37.903518],[-122.545645,37.903516],[-122.545644,37.903515],[-122.545643,37.903515],[-122.545639,37.903513],[-122.545637,37.903512],[-122.545636,37.903512],[-122.545664,37.90344],[-122.545903,37.90349],[-122.545959,37.903627],[-122.545714,37.903567],[-122.545684,37.903583]]]},"properties":{"prop_id":"028-072-03","situsforma":"108 MILLER AVE","situsfor_2":"108 MILLER AVE  MILL VALLEY"}},{"type":"Feature","geometry":{"type":"Polygon","coordinates":[[[-122.533496,37.895791],[-122.533496,37.895791],[-122.53365,37.89587],[-122.533502,37.896066],[-122.533506,37.896068],[-122.533506,37.896068],[-122.533506,37.896068],[-122.533505,37.896069],[-122.533504,37.896072],[-122.533504,37.896072],[-122.533503,37.896072],[-122.533502,37.896073],[-122.533501,37.896075],[-122.5335,37.896076],[-122.5335,37.896076],[-122.533499,37.896077],[-122.533497,37.896079],[-122.533497,37.896079],[-122.533496,37.896079],[-122.533495,37.89608],[-122.533493,37.896082],[-122.533493,37.896082],[-122.533492,37.896083],[-122.533491,37.896083],[-122.533488,37.896085],[-122.533488,37.896085],[-122.533486,37.896086],[-122.533484,37.896088],[-122.533483,37.896088],[-122.533482,37.896089],[-122.533479,37.89609],[-122.533478,37.89609],[-122.533477,37.896091],[-122.533474,37.896092],[-122.533473,37.896092],[-122.533471,37.896092],[-122.533468,37.896093],[-122.533467,37.896094],[-122.533466,37.896094],[-122.533463,37.896094],[-122.533462,37.896095],[-122.53346,37.896095],[-122.533458,37.896095],[-122.533456,37.896095],[-122.533455,37.896095],[-122.533452,37.896096],[-122.53345,37.896096],[-122.533449,37.896096],[-122.533446,37.896096],[-122.533445,37.896096],[-122.533444,37.896095],[-122.533441,37.896095],[-122.533439,37.896095],[-122.533438,37.896095],[-122.533435,37.896094],[-122.533433,37.896094],[-122.533432,37.896094],[-122.533429,37.896093],[-122.533428,37.896093],[-122.533427,37.896093],[-122.533426,37.896092],[-122.533424,37.896092],[-122.533422,37.896091],[-122.533422,37.896091],[-122.533421,37.896091],[-122.533419,37.89609],[-122.533417,37.896089],[-122.533417,37.896089],[-122.533416,37.896089],[-122.533414,37.896087],[-122.533412,37.896087],[-122.533412,37.896086],[-122.533412,37.896086],[-122.533409,37.896085],[-122.533407,37.896084],[-122.533407,37.896084],[-122.533407,37.896084],[-122.533403,37.896081],[-122.53331,37.896035],[-122.533496,37.895791]]]},"properties":{"prop_id":"030-081-11","situsforma":"1 PLYMOUTH AVE","situsfor_2":"1 PLYMOUTH AVE  MILL VALLEY"}},{"type":"Feature","geometry":{"type":"Polygon","coordinates":[[[-122.561934,37.907102],[-122.562044,37.906965],[-122.561963,37.906734],[-122.561964,37.906541],[-122.562026,37.906421],[-122.562417,37.906139],[-122.562414,37.906009],[-122.563087,37.906111],[-122.563034,37.906185],[-122.563007,37.906377],[-122.563174,37.906467],[-122.56395,37.906605],[-122.562668,37.906819],[-122.562402,37.906907],[-122.562066,37.907085],[-122.561934,37.907102]]]},"properties":{"prop_id":"027-236-18","situsforma":"280 ROSE AVE","situsfor_2":"280 ROSE AVE  MILL VALLEY"}},{"type":"Feature","geometry":{"type":"Polygon","coordinates":[[[-122.563157,37.903378],[-122.563169,37.903233],[-122.56317,37.903232],[-122.563292,37.903205],[-122.563292,37.903205],[-122.563474,37.903164],[-122.563562,37.903112],[-122.563608,37.903085],[-122.563609,37.903084],[-122.563609,37.903084],[-122.563665,37.903051],[-122.563859,37.90289],[-122.563881,37.903011],[-122.56382,37.903064],[-122.563774,37.903325],[-122.563537,37.903385],[-122.563453,37.903448],[-122.563451,37.90345],[-122.563389,37.903497],[-122.563353,37.90351],[-122.563352,37.90351],[-122.563345,37.903513],[-122.563345,37.903513],[-122.563252,37.903466],[-122.563172,37.903392],[-122.563172,37.903391],[-122.563157,37.903378]]]},"properties":{"prop_id":"046-061-41","situsforma":"","situsfor_2":""}},{"type":"Feature","geometry":{"type":"Polygon","coordinates":[[[-122.541471,37.906473],[-122.541287,37.90659],[-122.541218,37.906501],[-122.541066,37.906435],[-122.541073,37.906359],[-122.541275,37.906392],[-122.541278,37.906392],[-122.541456,37.906389],[-122.541471,37.906473]]]},"properties":{"prop_id":"029-184-35","situsforma":"130 BUENA VISTA AVE","situsfor_2":"130 BUENA VISTA AVE  MILL VALLEY"}},{"type":"Feature","geometry":{"type":"Polygon","coordinates":[[[-122.557547,37.909463],[-122.557567,37.909472],[-122.55773,37.909548],[-122.557541,37.909747],[-122.557404,37.909624],[-122.557547,37.909463]]]},"properties":{"prop_id":"027-213-16","situsforma":"291 LOVELL AVE","situsfor_2":"291 LOVELL AVE  MILL VALLEY"}},{"type":"Feature","geometry":{"type":"Polygon","coordinates":[[[-122.568944,37.905536],[-122.568745,37.90558],[-122.568778,37.905498],[-122.568938,37.905228],[-122.5691,37.905327],[-122.56911,37.905302],[-122.569113,37.905304],[-122.56946,37.905378],[-122.569202,37.905483],[-122.568944,37.905536]]]},"properties":{"prop_id":"045-082-02","situsforma":"","situsfor_2":""}},{"type":"Feature","geometry":{"type":"Polygon","coordinates":[[[-122.541343,37.910541],[-122.541055,37.910534],[-122.541147,37.91009],[-122.541549,37.910192],[-122.541557,37.9102],[-122.541787,37.910417],[-122.541773,37.910542],[-122.541343,37.910541]]]},"properties":{"prop_id":"029-072-19","situsforma":"20 BOLSA AVE","situsfor_2":"20 BOLSA AVE  MILL VALLEY"}},{"type":"Feature","geometry":{"type":"Polygon","coordinates":[[[-122.530565,37.898769],[-122.530814,37.898503],[-122.530951,37.898589],[-122.5307,37.898856],[-122.530565,37.898769]]]},"properties":{"prop_id":"030-043-31","situsforma":"29 RYAN AVE","situsfor_2":"29 RYAN AVE  MILL VALLEY"}},{"type":"Feature","geometry":{"type":"Polygon","coordinates":[[[-122.532438,37.89462],[-122.532516,37.894537],[-122.53257,37.894569],[-122.532492,37.894652],[-122.532438,37.89462]]]},"properties":{"prop_id":"030-481-11","situsforma":"8 TAMALPAIS COMMONS LN UPPR","situsfor_2":"8 TAMALPAIS COMMONS LN UPPR  MILL VALLEY"}},{"type":"Feature","geometry":{"type":"Polygon","coordinates":[[[-122.540231,37.909853],[-122.54038,37.909887],[-122.540352,37.910072],[-122.540101,37.910038],[-122.540133,37.909965],[-122.5401,37.909819],[-122.540139,37.90982],[-122.540231,37.909853]]]},"properties":{"prop_id":"029-081-04","situsforma":"527 HILLSIDE AVE","situsfor_2":"527 HILLSIDE AVE  MILL VALLEY"}},{"type":"Feature","geometry":{"type":"Polygon","coordinates":[[[-122.561403,37.904565],[-122.56156,37.904427],[-122.561825,37.904633],[-122.561888,37.904682],[-122.561808,37.904703],[-122.561719,37.904727],[-122.56155,37.904854],[-122.561434,37.904764],[-122.561403,37.904565]]]},"properties":{"prop_id":"027-251-25","situsforma":"337 HAZEL AVE","situsfor_2":"337 HAZEL AVE  MILL VALLEY"}},{"type":"Feature","geometry":{"type":"Polygon","coordinates":[[[-122.535792,37.897869],[-122.535792,37.897869],[-122.535822,37.897899],[-122.535829,37.897907],[-122.535845,37.897922],[-122.536003,37.898077],[-122.536032,37.898105],[-122.536031,37.898106],[-122.535914,37.898192],[-122.535723,37.898114],[-122.535542,37.898046],[-122.535542,37.898046],[-122.535656,37.897965],[-122.535777,37.89788],[-122.535792,37.897869]]]},"properties":{"prop_id":"030-071-01","situsforma":"","situsfor_2":""}},{"type":"Feature","geometry":{"type":"Polygon","coordinates":[[[-122.541835,37.90842],[-122.541839,37.90844],[-122.541923,37.908923],[-122.541783,37.908665],[-122.541493,37.908542],[-122.541389,37.908474],[-122.541379,37.908465],[-122.541835,37.90842]]]},"properties":{"prop_id":"029-114-23","situsforma":"266 OAKDALE AVE","situsfor_2":"266 OAKDALE AVE  MILL VALLEY"}},{"type":"Feature","geometry":{"type":"Polygon","coordinates":[[[-122.558464,37.903893],[-122.558466,37.904067],[-122.558466,37.90407],[-122.558467,37.904098],[-122.558351,37.904107],[-122.55833,37.90389],[-122.558215,37.903715],[-122.558271,37.90357],[-122.558223,37.903509],[-122.558464,37.903348],[-122.558464,37.903893]]]},"properties":{"prop_id":"028-123-26","situsforma":"366 EDGEWOOD AVE","situsfor_2":"366 EDGEWOOD AVE  MILL VALLEY"}},{"type":"Feature","geometry":{"type":"Polygon","coordinates":[[[-122.56725,37.904685],[-122.567224,37.904649],[-122.567213,37.904635],[-122.567345,37.904576],[-122.567346,37.904578],[-122.567348,37.904581],[-122.567351,37.904583],[-122.567353,37.904585],[-122.567356,37.904587],[-122.567359,37.904589],[-122.567362,37.90459],[-122.567365,37.904591],[-122.567368,37.904592],[-122.567372,37.904593],[-122.567376,37.904594],[-122.567379,37.904594],[-122.567383,37.904594],[-122.567387,37.904594],[-122.56739,37.904593],[-122.567394,37.904592],[-122.567397,37.904591],[-122.567401,37.90459],[-122.567404,37.904589],[-122.567407,37.904587],[-122.56741,37.904585],[-122.567413,37.904583],[-122.567415,37.904581],[-122.567417,37.904578],[-122.567419,37.904576],[-122.567421,37.904573],[-122.567422,37.90457],[-122.567423,37.904568],[-122.567424,37.904565],[-122.567425,37.904562],[-122.567425,37.904559],[-122.567425,37.904556],[-122.567424,37.904553],[-122.567423,37.90455],[-122.567422,37.904548],[-122.567421,37.904545],[-122.567419,37.904542],[-122.567417,37.90454],[-122.567415,37.904538],[-122.567412,37.904536],[-122.56741,37.904534],[-122.567407,37.904532],[-122.567404,37.904531],[-122.5674,37.904529],[-122.567397,37.904528],[-122.567393,37.904528],[-122.56739,37.904527],[-122.567386,37.904527],[-122.567382,37.904527],[-122.56738,37.904527],[-122.567307,37.90442],[-122.5675,37.904448],[-122.567521,37.90438],[-122.56754,37.904386],[-122.567568,37.904394],[-122.567595,37.904402],[-122.567651,37.904247],[-122.567732,37.904311],[-122.567824,37.904279],[-122.568043,37.904465],[-122.567769,37.904609],[-122.567618,37.904721],[-122.567605,37.904747],[-122.56741,37.904766],[-122.567382,37.904672],[-122.567256,37.904692],[-122.56725,37.904685]]]},"properties":{"prop_id":"045-113-41","situsforma":"700 EDGEWOOD AVE","situsfor_2":"700 EDGEWOOD AVE  MILL VALLEY"}},{"type":"Feature","geometry":{"type":"Polygon","coordinates":[[[-122.557179,37.907378],[-122.557845,37.906918],[-122.558288,37.906968],[-122.558216,37.907107],[-122.557928,37.907223],[-122.557611,37.907459],[-122.557409,37.907592],[-122.557323,37.907512],[-122.557179,37.907378],[-122.557179,37.907378]]]},"properties":{"prop_id":"027-242-10","situsforma":"160 CASCADE DR","situsfor_2":"160 CASCADE DR  MILL VALLEY"}},{"type":"Feature","geometry":{"type":"Polygon","coordinates":[[[-122.554155,37.906457],[-122.553832,37.906323],[-122.553937,37.906206],[-122.554235,37.906355],[-122.554155,37.906457]]]},"properties":{"prop_id":"028-042-09","situsforma":"3 ELMA ST","situsfor_2":"3 ELMA ST  MILL VALLEY"}},{"type":"Feature","geometry":{"type":"Polygon","coordinates":[[[-122.541143,37.905721],[-122.540897,37.905721],[-122.540873,37.905592],[-122.541302,37.905568],[-122.541331,37.905717],[-122.541143,37.905721]]]},"properties":{"prop_id":"029-191-03","situsforma":"59 CARMELITA AVE","situsfor_2":"59 CARMELITA AVE  MILL VALLEY"}},{"type":"Feature","geometry":{"type":"Polygon","coordinates":[[[-122.54304,37.908951],[-122.543041,37.908923],[-122.543625,37.908945],[-122.54361,37.909011],[-122.543588,37.90929],[-122.543592,37.9094],[-122.543015,37.909243],[-122.543037,37.909112],[-122.54304,37.908951]]]},"properties":{"prop_id":"029-113-32","situsforma":"164 HILLSIDE AVE","situsfor_2":"164 HILLSIDE AVE  MILL VALLEY"}},{"type":"Feature","geometry":{"type":"Polygon","coordinates":[[[-122.549724,37.899491],[-122.549575,37.899711],[-122.549488,37.899558],[-122.549209,37.89931],[-122.549182,37.89921],[-122.549323,37.899346],[-122.549454,37.899387],[-122.549702,37.899498],[-122.549724,37.899491]]]},"properties":{"prop_id":"047-044-16","situsforma":"504 PIXIE TRL","situsfor_2":"504 PIXIE TRL  MILL VALLEY"}},{"type":"Feature","geometry":{"type":"Polygon","coordinates":[[[-122.531443,37.896416],[-122.531349,37.89672],[-122.531146,37.89671],[-122.531159,37.896401],[-122.531296,37.896406],[-122.531443,37.896416]]]},"properties":{"prop_id":"030-065-12","situsforma":"334 SYCAMORE AVE","situsfor_2":"334 SYCAMORE AVE  MILL VALLEY"}},{"type":"Feature","geometry":{"type":"Polygon","coordinates":[[[-122.558684,37.914599],[-122.558515,37.914527],[-122.558362,37.914165],[-122.55853,37.914119],[-122.558593,37.914044],[-122.558873,37.914169],[-122.558881,37.914173],[-122.558927,37.914099],[-122.558977,37.914019],[-122.558948,37.91416],[-122.558923,37.914211],[-122.558887,37.914279],[-122.558788,37.914443],[-122.558684,37.914599]]]},"properties":{"prop_id":"027-111-17","situsforma":"360 TAMALPAIS AVE","situsfor_2":"360 TAMALPAIS AVE  MILL VALLEY"}},{"type":"Feature","geometry":{"type":"Polygon","coordinates":[[[-122.556235,37.900169],[-122.55614,37.899879],[-122.556527,37.899896],[-122.556592,37.900201],[-122.556307,37.90026],[-122.556235,37.900169]]]},"properties":{"prop_id":"047-061-23","situsforma":"533 TAMALPAIS DR","situsfor_2":"533 TAMALPAIS DR  MILL VALLEY"}},{"type":"Feature","geometry":{"type":"Polygon","coordinates":[[[-122.557803,37.905498],[-122.557663,37.905909],[-122.557452,37.905772],[-122.557372,37.905603],[-122.557574,37.905302],[-122.557803,37.905498]]]},"properties":{"prop_id":"028-083-02","situsforma":"178 MARION AVE","situsfor_2":"178 MARION AVE  MILL VALLEY"}},{"type":"Feature","geometry":{"type":"Polygon","coordinates":[[[-122.561506,37.902022],[-122.56146,37.902149],[-122.561301,37.90217],[-122.561096,37.902199],[-122.561133,37.902052],[-122.561286,37.902032],[-122.561506,37.902022]]]},"properties":{"prop_id":"045-223-04","situsforma":"","situsfor_2":""}},{"type":"Feature","geometry":{"type":"Polygon","coordinates":[[[-122.567947,37.903515],[-122.568232,37.903586],[-122.568207,37.903646],[-122.567923,37.903576],[-122.567947,37.903515]]]},"properties":{"prop_id":"045-124-07","situsforma":"","situsfor_2":""}},{"type":"Feature","geometry":{"type":"Polygon","coordinates":[[[-122.539066,37.903735],[-122.538969,37.90339],[-122.539119,37.903389],[-122.539589,37.903388],[-122.53959,37.903392],[-122.539672,37.903719],[-122.539066,37.903735]]]},"properties":{"prop_id":"028-233-36","situsforma":"300 E BLITHEDALE AVE","situsfor_2":"300 E BLITHEDALE AVE  MILL VALLEY"}},{"type":"Feature","geometry":{"type":"Polygon","coordinates":[[[-122.536019,37.90025],[-122.536345,37.900025],[-122.536367,37.900044],[-122.536457,37.900128],[-122.536135,37.900351],[-122.536019,37.90025]]]},"properties":{"prop_id":"030-051-12","situsforma":"137 WALNUT AVE","situsfor_2":"137 WALNUT AVE  MILL VALLEY"}},{"type":"Feature","geometry":{"type":"Polygon","coordinates":[[[-122.532177,37.894972],[-122.532182,37.894968],[-122.532343,37.894795],[-122.532361,37.894801],[-122.532377,37.89481],[-122.532413,37.894831],[-122.532256,37.894998],[-122.532254,37.895],[-122.532253,37.894999],[-122.53218,37.894973],[-122.53218,37.894973],[-122.532179,37.894973],[-122.532179,37.894973],[-122.532179,37.894973],[-122.532178,37.894973],[-122.532178,37.894972],[-122.532177,37.894972]]]},"properties":{"prop_id":"030-481-19","situsforma":"5 TAMALPAIS COMMONS LN","situsfor_2":"5 TAMALPAIS COMMONS LN  MILL VALLEY"}},{"type":"Feature","geometry":{"type":"Polygon","coordinates":[[[-122.549657,37.898642],[-122.549628,37.898557],[-122.54965,37.898218],[-122.549704,37.898121],[-122.549712,37.898123],[-122.549724,37.898129],[-122.549735,37.898135],[-122.549746,37.898142],[-122.549756,37.89815],[-122.549764,37.898158],[-122.549772,37.898166],[-122.549779,37.898175],[-122.549784,37.898185],[-122.549788,37.898195],[-122.549791,37.898205],[-122.549793,37.898215],[-122.549794,37.898226],[-122.549793,37.89825],[-122.549768,37.89876],[-122.549657,37.898642]]]},"properties":{"prop_id":"047-112-48","situsforma":"","situsfor_2":""}},{"type":"Feature","geometry":{"type":"Polygon","coordinates":[[[-122.560517,37.912907],[-122.560535,37.912895],[-122.560579,37.912866],[-122.560783,37.912728],[-122.561135,37.912943],[-122.561009,37.913088],[-122.561026,37.913169],[-122.560555,37.913376],[-122.560519,37.91292],[-122.560517,37.912907]]]},"properties":{"prop_id":"027-105-20","situsforma":"460 LOVELL AVE","situsfor_2":"460 LOVELL AVE  MILL VALLEY"}},{"type":"Feature","geometry":{"type":"Polygon","coordinates":[[[-122.567489,37.899734],[-122.567809,37.899587],[-122.56811,37.899448],[-122.568141,37.899434],[-122.568587,37.899243],[-122.568587,37.899243],[-122.56869,37.899365],[-122.56884,37.899542],[-122.567681,37.900056],[-122.567489,37.899734]]]},"properties":{"prop_id":"046-102-02","situsforma":"","situsfor_2":""}},{"type":"Feature","geometry":{"type":"Polygon","coordinates":[[[-122.561556,37.910184],[-122.561468,37.909987],[-122.561959,37.909737],[-122.56204,37.909938],[-122.561556,37.910184]]]},"properties":{"prop_id":"027-203-03","situsforma":"299 CASCADE DR","situsfor_2":"299 CASCADE DR  MILL VALLEY"}},{"type":"Feature","geometry":{"type":"Polygon","coordinates":[[[-122.553698,37.916682],[-122.553792,37.916803],[-122.553443,37.917086],[-122.553363,37.916838],[-122.553455,37.916799],[-122.553518,37.916707],[-122.553698,37.916682]]]},"properties":{"prop_id":"027-082-16","situsforma":"37 MARGUERITE AVE","situsfor_2":"37 MARGUERITE AVE  MILL VALLEY"}},{"type":"Feature","geometry":{"type":"Polygon","coordinates":[[[-122.540468,37.909072],[-122.540379,37.908985],[-122.540365,37.908987],[-122.540346,37.90899],[-122.540357,37.908721],[-122.54031,37.908673],[-122.540307,37.90867],[-122.540384,37.908621],[-122.540411,37.908647],[-122.540628,37.908679],[-122.540729,37.908748],[-122.540774,37.908862],[-122.540777,37.9089],[-122.540468,37.909072]]]},"properties":{"prop_id":"029-086-05","situsforma":"141 ELINOR AVE","situsfor_2":"141 ELINOR AVE  MILL VALLEY"}},{"type":"Feature","geometry":{"type":"Polygon","coordinates":[[[-122.548797,37.90731],[-122.548904,37.907239],[-122.549064,37.907385],[-122.548953,37.907459],[-122.548926,37.907477],[-122.54877,37.907328],[-122.548797,37.90731]]]},"properties":{"prop_id":"028-011-11","situsforma":"27 BAYVIEW AVE","situsfor_2":"27 BAYVIEW AVE  MILL VALLEY"}},{"type":"Feature","geometry":{"type":"Polygon","coordinates":[[[-122.569711,37.89807],[-122.569531,37.897767],[-122.569595,37.897741],[-122.569774,37.898046],[-122.569711,37.89807]]]},"properties":{"prop_id":"046-131-09","situsforma":"","situsfor_2":""}},{"type":"Feature","geometry":{"type":"Polygon","coordinates":[[[-122.550464,37.906585],[-122.550392,37.906515],[-122.550254,37.90637],[-122.550101,37.906213],[-122.55016,37.906175],[-122.550322,37.906123],[-122.550442,37.90638],[-122.550626,37.906314],[-122.550699,37.906449],[-122.550611,37.906487],[-122.550464,37.906585]]]},"properties":{"prop_id":"028-052-26","situsforma":"58 LOVELL AVE","situsfor_2":"58 LOVELL AVE  MILL VALLEY"}},{"type":"Feature","geometry":{"type":"Polygon","coordinates":[[[-122.545629,37.911376],[-122.54563,37.911375],[-122.54563,37.911374],[-122.545651,37.911342],[-122.545651,37.911342],[-122.545651,37.911342],[-122.545651,37.911341],[-122.545677,37.911311],[-122.545677,37.911311],[-122.545677,37.911311],[-122.545677,37.911311],[-122.545707,37.911282],[-122.546143,37.911417],[-122.545945,37.91147],[-122.545692,37.911543],[-122.545629,37.911376]]]},"properties":{"prop_id":"029-063-06","situsforma":"38 WOODBINE DR","situsfor_2":"38 WOODBINE DR  MILL VALLEY"}},{"type":"Feature","geometry":{"type":"Polygon","coordinates":[[[-122.551071,37.898406],[-122.551071,37.898405],[-122.551082,37.898406],[-122.55114,37.898603],[-122.551141,37.898605],[-122.551162,37.898667],[-122.550995,37.899112],[-122.55095,37.899114],[-122.550754,37.899048],[-122.551071,37.898406]]]},"properties":{"prop_id":"047-112-63","situsforma":"443 MONTFORD AVE","situsfor_2":"443 MONTFORD AVE  MILL VALLEY"}},{"type":"Feature","geometry":{"type":"Polygon","coordinates":[[[-122.555335,37.909086],[-122.555017,37.908761],[-122.555235,37.908305],[-122.555239,37.908306],[-122.555347,37.908348],[-122.555466,37.908394],[-122.555672,37.908474],[-122.555844,37.908541],[-122.555866,37.90855],[-122.555872,37.908553],[-122.555874,37.90859],[-122.555884,37.908889],[-122.555597,37.909116],[-122.55554,37.909086],[-122.555464,37.909155],[-122.555335,37.909086]]]},"properties":{"prop_id":"027-221-53","situsforma":"161 TAMALPAIS AVE","situsfor_2":"161 TAMALPAIS AVE  MILL VALLEY"}},{"type":"Feature","geometry":{"type":"Polygon","coordinates":[[[-122.528449,37.919523],[-122.528694,37.919432],[-122.528723,37.919459],[-122.528723,37.919459],[-122.528724,37.91946],[-122.528754,37.919484],[-122.528755,37.919485],[-122.528756,37.919485],[-122.528788,37.919507],[-122.528789,37.919508],[-122.52879,37.919508],[-122.528824,37.919528],[-122.528826,37.919529],[-122.528828,37.919529],[-122.528864,37.919546],[-122.528865,37.919546],[-122.528874,37.919549],[-122.529094,37.919622],[-122.528579,37.919937],[-122.528436,37.919706],[-122.528346,37.919561],[-122.528449,37.919523]]]},"properties":{"prop_id":"025-191-15","situsforma":"624 CORTE MADERA AVE","situsfor_2":"624 CORTE MADERA AVE  CORTE MADERA"}},{"type":"Feature","geometry":{"type":"Polygon","coordinates":[[[-122.568839,37.921131],[-122.568788,37.921131],[-122.568738,37.921135],[-122.568688,37.921142],[-122.56864,37.921153],[-122.568592,37.921168],[-122.568569,37.921176],[-122.568528,37.921194],[-122.568504,37.921148],[-122.568591,37.920826],[-122.568568,37.920668],[-122.568608,37.920561],[-122.569515,37.920178],[-122.569537,37.920217],[-122.569563,37.920255],[-122.569593,37.92029],[-122.569597,37.920295],[-122.569667,37.920368],[-122.569693,37.920395],[-122.569721,37.920419],[-122.569752,37.920442],[-122.569786,37.920464],[-122.569796,37.920469],[-122.569879,37.920516],[-122.569889,37.920522],[-122.569899,37.920528],[-122.569908,37.920536],[-122.569916,37.920544],[-122.569923,37.920551],[-122.569924,37.920552],[-122.569929,37.920559],[-122.569931,37.920561],[-122.569937,37.92057],[-122.569941,37.92058],[-122.569943,37.920584],[-122.569945,37.920589],[-122.570074,37.920935],[-122.570075,37.920938],[-122.570081,37.920959],[-122.570085,37.920981],[-122.570085,37.920984],[-122.570087,37.921002],[-122.570086,37.921024],[-122.570083,37.921045],[-122.570078,37.921066],[-122.57007,37.921087],[-122.57006,37.921106],[-122.570048,37.921125],[-122.570034,37.921143],[-122.570018,37.921159],[-122.57,37.921174],[-122.569981,37.921189],[-122.56996,37.921202],[-122.569938,37.921213],[-122.569771,37.921293],[-122.569756,37.921301],[-122.569733,37.921311],[-122.569708,37.92132],[-122.569682,37.921327],[-122.569656,37.921331],[-122.56963,37.921334],[-122.569603,37.921335],[-122.569576,37.921334],[-122.569549,37.921331],[-122.569522,37.921326],[-122.569496,37.921319],[-122.569471,37.92131],[-122.569037,37.921166],[-122.568989,37.921152],[-122.56894,37.921141],[-122.568889,37.921134],[-122.568839,37.921131]]]},"properties":{"prop_id":"027-280-01","situsforma":"10 FERN CANYON RD","situsfor_2":"10 FERN CANYON RD  MILL VALLEY"}},{"type":"Feature","geometry":{"type":"Polygon","coordinates":[[[-122.564544,37.909082],[-122.564559,37.909215],[-122.564258,37.909304],[-122.564108,37.90922],[-122.564544,37.909082]]]},"properties":{"prop_id":"027-201-05","situsforma":"","situsfor_2":""}},{"type":"Feature","geometry":{"type":"Polygon","coordinates":[[[-122.54954,37.90708],[-122.549388,37.906932],[-122.549456,37.90689],[-122.549609,37.907035],[-122.54954,37.90708]]]},"properties":{"prop_id":"028-054-11","situsforma":"39 BAYVIEW AVE","situsfor_2":"39 BAYVIEW AVE  MILL VALLEY"}},{"type":"Feature","geometry":{"type":"Polygon","coordinates":[[[-122.533748,37.895913],[-122.533748,37.895913],[-122.533782,37.895928],[-122.533917,37.895991],[-122.53377,37.896192],[-122.53376,37.896193],[-122.533758,37.896193],[-122.533757,37.896193],[-122.533747,37.896194],[-122.533747,37.896194],[-122.533746,37.896194],[-122.533746,37.896195],[-122.533738,37.896196],[-122.533736,37.896198],[-122.533735,37.896198],[-122.533732,37.8962],[-122.533731,37.896201],[-122.53373,37.896201],[-122.533727,37.896203],[-122.533725,37.896203],[-122.533725,37.896204],[-122.533721,37.896205],[-122.53372,37.896206],[-122.533719,37.896206],[-122.533719,37.896206],[-122.533715,37.896207],[-122.533714,37.896208],[-122.533714,37.896208],[-122.533713,37.896208],[-122.533708,37.896209],[-122.533708,37.896209],[-122.533707,37.896209],[-122.533702,37.89621],[-122.533702,37.89621],[-122.533702,37.89621],[-122.5337,37.896211],[-122.533697,37.896211],[-122.533696,37.896211],[-122.533695,37.896211],[-122.533694,37.896211],[-122.53369,37.896211],[-122.533689,37.896211],[-122.533687,37.896211],[-122.533684,37.896211],[-122.533683,37.896211],[-122.533681,37.896211],[-122.533678,37.896211],[-122.533676,37.896211],[-122.533675,37.89621],[-122.533672,37.89621],[-122.53367,37.89621],[-122.53367,37.896209],[-122.533666,37.896209],[-122.533664,37.896208],[-122.533664,37.896208],[-122.533663,37.896208],[-122.53366,37.896207],[-122.533659,37.896206],[-122.533658,37.896206],[-122.533658,37.896206],[-122.533653,37.896204],[-122.533636,37.896195],[-122.533633,37.896194],[-122.533632,37.896193],[-122.533629,37.896191],[-122.533627,37.89619],[-122.533627,37.89619],[-122.533624,37.896188],[-122.533623,37.896186],[-122.533622,37.896186],[-122.533622,37.896186],[-122.53362,37.896184],[-122.533618,37.896182],[-122.533618,37.896182],[-122.533618,37.896182],[-122.533615,37.896179],[-122.533615,37.896178],[-122.533614,37.896178],[-122.533614,37.896178],[-122.533611,37.896173],[-122.533611,37.896173],[-122.533611,37.896173],[-122.533611,37.896172],[-122.533609,37.896169],[-122.533609,37.896169],[-122.533608,37.896168],[-122.533608,37.896167],[-122.533607,37.896164],[-122.533606,37.896164],[-122.533606,37.896163],[-122.533606,37.896162],[-122.533605,37.896159],[-122.533604,37.896158],[-122.533604,37.896157],[-122.533603,37.896154],[-122.533603,37.896153],[-122.533603,37.896152],[-122.533603,37.896149],[-122.533603,37.896148],[-122.533603,37.896146],[-122.533603,37.896144],[-122.533603,37.896142],[-122.533603,37.896141],[-122.533603,37.896138],[-122.533603,37.896137],[-122.533603,37.896136],[-122.533604,37.896133],[-122.533605,37.896132],[-122.533605,37.896131],[-122.533606,37.896128],[-122.533606,37.896126],[-122.533606,37.896126],[-122.533607,37.896126],[-122.533608,37.896123],[-122.533609,37.896121],[-122.533609,37.896121],[-122.533609,37.896121],[-122.533612,37.896117],[-122.533708,37.895972],[-122.533748,37.895913]]]},"properties":{"prop_id":"030-081-10","situsforma":"10 PLYMOUTH CIR","situsfor_2":"10 PLYMOUTH CIR  MILL VALLEY"}},{"type":"Feature","geometry":{"type":"Polygon","coordinates":[[[-122.535487,37.896801],[-122.535483,37.896799],[-122.535413,37.896764],[-122.53491,37.896439],[-122.535276,37.896178],[-122.535762,37.896604],[-122.535487,37.896801]]]},"properties":{"prop_id":"030-071-39","situsforma":"413 MILLER AVE","situsfor_2":"413 MILLER AVE  MILL VALLEY"}},{"type":"Feature","geometry":{"type":"Polygon","coordinates":[[[-122.568273,37.902772],[-122.568029,37.902962],[-122.567925,37.902859],[-122.568164,37.902662],[-122.568273,37.902772]]]},"properties":{"prop_id":"045-142-09","situsforma":"","situsfor_2":""}},{"type":"Feature","geometry":{"type":"Polygon","coordinates":[[[-122.537732,37.901445],[-122.537841,37.901534],[-122.537397,37.90184],[-122.537354,37.901728],[-122.537732,37.901445]]]},"properties":{"prop_id":"028-233-16","situsforma":"85 WALNUT AVE","situsfor_2":"85 WALNUT AVE  MILL VALLEY"}},{"type":"Feature","geometry":{"type":"Polygon","coordinates":[[[-122.537808,37.899479],[-122.537814,37.899475],[-122.538017,37.899334],[-122.538055,37.899307],[-122.538085,37.899286],[-122.538293,37.89947],[-122.538666,37.899208],[-122.538715,37.899253],[-122.538749,37.899284],[-122.538804,37.899334],[-122.538209,37.899747],[-122.538148,37.899789],[-122.538148,37.89979],[-122.538035,37.899687],[-122.537806,37.89948],[-122.537808,37.899479]]]},"properties":{"prop_id":"028-222-70","situsforma":"15 WILLOW ST","situsfor_2":"15 WILLOW ST  MILL VALLEY"}},{"type":"Feature","geometry":{"type":"Polygon","coordinates":[[[-122.551038,37.916505],[-122.551019,37.916221],[-122.55145,37.916136],[-122.551613,37.916233],[-122.551639,37.916455],[-122.551148,37.916583],[-122.551038,37.916505]]]},"properties":{"prop_id":"027-092-22","situsforma":"312 ELDRIDGE AVE","situsfor_2":"312 ELDRIDGE AVE  MILL VALLEY"}},{"type":"Feature","geometry":{"type":"Polygon","coordinates":[[[-122.539597,37.896291],[-122.539662,37.896072],[-122.539691,37.896078],[-122.539627,37.896306],[-122.539527,37.896632],[-122.539527,37.896632],[-122.539523,37.896631],[-122.539522,37.896631],[-122.53952,37.89663],[-122.539508,37.896625],[-122.539494,37.896619],[-122.539494,37.896619],[-122.539597,37.896291]]]},"properties":{"prop_id":"047-191-55","situsforma":"","situsfor_2":""}},{"type":"Feature","geometry":{"type":"Polygon","coordinates":[[[-122.545778,37.90769],[-122.545884,37.90748],[-122.546052,37.90748],[-122.546043,37.907511],[-122.545936,37.907742],[-122.545778,37.90769]]]},"properties":{"prop_id":"029-102-24","situsforma":"21 OAKDALE AVE","situsfor_2":"21 OAKDALE AVE  MILL VALLEY"}},{"type":"Feature","geometry":{"type":"Polygon","coordinates":[[[-122.536135,37.900351],[-122.536253,37.900459],[-122.535938,37.900689],[-122.535814,37.900581],[-122.536135,37.900351]]]},"properties":{"prop_id":"030-051-03","situsforma":"93 LOCUST AVE","situsfor_2":"93 LOCUST AVE  MILL VALLEY"}},{"type":"Feature","geometry":{"type":"Polygon","coordinates":[[[-122.529943,37.922949],[-122.529505,37.922998],[-122.529478,37.922832],[-122.529917,37.922806],[-122.529943,37.922949]]]},"properties":{"prop_id":"025-095-32","situsforma":"103 GROVE AVE","situsfor_2":"103 GROVE AVE  CORTE MADERA"}},{"type":"Feature","geometry":{"type":"Polygon","coordinates":[[[-122.543648,37.90567],[-122.543475,37.90567],[-122.543461,37.905316],[-122.543635,37.905316],[-122.54364,37.905557],[-122.543648,37.90567]]]},"properties":{"prop_id":"028-023-03","situsforma":"11 MOUNTAIN VIEW AVE","situsfor_2":"11 MOUNTAIN VIEW AVE  MILL VALLEY"}},{"type":"Feature","geometry":{"type":"Polygon","coordinates":[[[-122.551129,37.915027],[-122.551364,37.915198],[-122.551204,37.915269],[-122.551173,37.915326],[-122.55096,37.915173],[-122.551129,37.915027]]]},"properties":{"prop_id":"029-022-01","situsforma":"30 KING ST","situsfor_2":"30 KING ST  MILL VALLEY"}},{"type":"Feature","geometry":{"type":"Polygon","coordinates":[[[-122.552462,37.918553],[-122.55248,37.918538],[-122.552507,37.918552],[-122.55253,37.918564],[-122.552711,37.918655],[-122.552803,37.918717],[-122.552793,37.918774],[-122.552578,37.918868],[-122.552425,37.918736],[-122.552333,37.918657],[-122.552462,37.918553]]]},"properties":{"prop_id":"027-052-21","situsforma":"424 ELDRIDGE AVE","situsfor_2":"424 ELDRIDGE AVE  MILL VALLEY"}},{"type":"Feature","geometry":{"type":"Polygon","coordinates":[[[-122.557083,37.906147],[-122.557171,37.906029],[-122.557243,37.906065],[-122.557385,37.905886],[-122.5576,37.906026],[-122.557484,37.906185],[-122.557397,37.906301],[-122.557083,37.906147]]]},"properties":{"prop_id":"028-082-39","situsforma":"165 MARION AVE","situsfor_2":"165 MARION AVE  MILL VALLEY"}},{"type":"Feature","geometry":{"type":"Polygon","coordinates":[[[-122.533114,37.900321],[-122.533353,37.900068],[-122.533492,37.900152],[-122.53324,37.900398],[-122.533114,37.900321]]]},"properties":{"prop_id":"030-037-06","situsforma":"36 MATILDA AVE","situsfor_2":"36 MATILDA AVE  MILL VALLEY"}},{"type":"Feature","geometry":{"type":"Polygon","coordinates":[[[-122.545387,37.908786],[-122.545349,37.908786],[-122.545109,37.908786],[-122.54501,37.908782],[-122.545071,37.908735],[-122.545063,37.908668],[-122.545007,37.908611],[-122.545006,37.908609],[-122.545452,37.908438],[-122.545662,37.90862],[-122.545874,37.908801],[-122.545387,37.908786]]]},"properties":{"prop_id":"029-103-37","situsforma":"221 HILLSIDE AVE","situsfor_2":"221 HILLSIDE AVE  MILL VALLEY"}},{"type":"Feature","geometry":{"type":"Polygon","coordinates":[[[-122.548496,37.906904],[-122.548443,37.906852],[-122.548481,37.906828],[-122.548686,37.906697],[-122.548693,37.906704],[-122.54874,37.906748],[-122.54868,37.906784],[-122.548679,37.906799],[-122.548595,37.906854],[-122.548573,37.906869],[-122.548571,37.906867],[-122.548564,37.90686],[-122.54852,37.906889],[-122.548496,37.906904]]]},"properties":{"prop_id":"028-310-02","situsforma":"16 BERNARD ST","situsfor_2":"16 BERNARD ST  MILL VALLEY"}},{"type":"Feature","geometry":{"type":"Polygon","coordinates":[[[-122.550629,37.90425],[-122.55081,37.904085],[-122.550895,37.904107],[-122.55136,37.904226],[-122.55142,37.904242],[-122.551402,37.904361],[-122.551357,37.904421],[-122.551211,37.90444],[-122.551128,37.904451],[-122.550631,37.90433],[-122.550629,37.90425]]]},"properties":{"prop_id":"028-102-19","situsforma":"7 ETHEL CT","situsfor_2":"7 ETHEL CT  MILL VALLEY"}},{"type":"Feature","geometry":{"type":"Polygon","coordinates":[[[-122.555918,37.919485],[-122.555327,37.919257],[-122.555332,37.919239],[-122.555332,37.919237],[-122.555333,37.919234],[-122.555334,37.91923],[-122.555336,37.919224],[-122.555337,37.919221],[-122.555338,37.919218],[-122.555339,37.919216],[-122.555344,37.9192],[-122.555345,37.919199],[-122.55535,37.919183],[-122.555351,37.919181],[-122.555351,37.91918],[-122.555352,37.919179],[-122.555352,37.919179],[-122.555352,37.919179],[-122.555352,37.919178],[-122.555353,37.919177],[-122.555358,37.919164],[-122.555359,37.919161],[-122.555359,37.91916],[-122.555366,37.919145],[-122.555367,37.919143],[-122.555367,37.919143],[-122.555368,37.91914],[-122.555371,37.919135],[-122.555373,37.919131],[-122.555375,37.919127],[-122.555376,37.919124],[-122.555378,37.919122],[-122.555385,37.919109],[-122.555386,37.919107],[-122.555387,37.919106],[-122.555387,37.919105],[-122.555396,37.91909],[-122.555397,37.919089],[-122.555397,37.919089],[-122.555397,37.919089],[-122.555397,37.919089],[-122.555397,37.919088],[-122.555398,37.919088],[-122.555399,37.919086],[-122.555407,37.919074],[-122.555408,37.919072],[-122.55541,37.91907],[-122.555419,37.919056],[-122.55542,37.919055],[-122.555421,37.919054],[-122.555421,37.919054],[-122.555426,37.919048],[-122.555428,37.919045],[-122.555432,37.91904],[-122.555433,37.919038],[-122.555436,37.919036],[-122.555445,37.919025],[-122.555447,37.919022],[-122.555449,37.919021],[-122.555462,37.919006],[-122.55547,37.918998],[-122.55547,37.918998],[-122.55547,37.918998],[-122.555473,37.918995],[-122.555476,37.918992],[-122.555476,37.918992],[-122.555477,37.918991],[-122.555478,37.918991],[-122.555478,37.91899],[-122.555478,37.91899],[-122.555479,37.918989],[-122.555479,37.918989],[-122.555482,37.918986],[-122.555487,37.918982],[-122.555488,37.918981],[-122.555488,37.918981],[-122.555492,37.918978],[-122.555496,37.918974],[-122.555497,37.918974],[-122.555498,37.918973],[-122.555501,37.918971],[-122.555503,37.918969],[-122.555503,37.918969],[-122.555504,37.918969],[-122.555506,37.918967],[-122.555508,37.918966],[-122.555508,37.918966],[-122.555512,37.918963],[-122.555517,37.91896],[-122.555518,37.918959],[-122.555519,37.918959],[-122.555523,37.918956],[-122.555528,37.918954],[-122.555528,37.918953],[-122.555529,37.918953],[-122.555529,37.918953],[-122.555529,37.918953],[-122.555529,37.918953],[-122.55553,37.918952],[-122.555534,37.91895],[-122.55554,37.918946],[-122.555542,37.918945],[-122.555546,37.918943],[-122.555552,37.91894],[-122.555554,37.918939],[-122.555557,37.918938],[-122.555558,37.918938],[-122.555558,37.918937],[-122.555559,37.918937],[-122.55556,37.918937],[-122.555564,37.918934],[-122.555566,37.918933],[-122.555567,37.918933],[-122.555567,37.918933],[-122.555569,37.918932],[-122.555576,37.918929],[-122.555578,37.918928],[-122.555582,37.918927],[-122.555588,37.918924],[-122.555589,37.918924],[-122.555589,37.918924],[-122.55559,37.918923],[-122.55559,37.918923],[-122.555591,37.918923],[-122.555594,37.918922],[-122.555601,37.918919],[-122.555604,37.918918],[-122.555607,37.918917],[-122.555614,37.918915],[-122.555617,37.918914],[-122.55562,37.918913],[-122.555621,37.918912],[-122.555622,37.918912],[-122.555622,37.918912],[-122.555623,37.918912],[-122.555623,37.918912],[-122.555624,37.918911],[-122.555627,37.91891],[-122.55563,37.918909],[-122.555633,37.918909],[-122.55564,37.918907],[-122.555644,37.918906],[-122.555646,37.918905],[-122.555654,37.918903],[-122.555655,37.918903],[-122.555656,37.918903],[-122.555656,37.918902],[-122.555657,37.918902],[-122.555657,37.918902],[-122.555658,37.918902],[-122.55566,37.918902],[-122.555667,37.9189],[-122.555671,37.918899],[-122.555673,37.918899],[-122.555681,37.918897],[-122.555685,37.918896],[-122.555687,37.918896],[-122.55569,37.918896],[-122.555691,37.918896],[-122.555691,37.918895],[-122.555692,37.918895],[-122.555693,37.918895],[-122.555695,37.918895],[-122.555699,37.918894],[-122.555701,37.918894],[-122.555703,37.918894],[-122.555709,37.918893],[-122.555713,37.918892],[-122.555715,37.918892],[-122.555716,37.918892],[-122.555723,37.918891],[-122.555726,37.918891],[-122.555727,37.918891],[-122.555727,37.918891],[-122.555727,37.918891],[-122.555728,37.918891],[-122.555728,37.918891],[-122.555729,37.91889],[-122.55573,37.91889],[-122.555737,37.91889],[-122.555742,37.918889],[-122.555743,37.918889],[-122.555744,37.918889],[-122.555751,37.918889],[-122.555756,37.918889],[-122.555757,37.918889],[-122.555758,37.918888],[-122.555762,37.918888],[-122.555762,37.918888],[-122.555765,37.918888],[-122.555766,37.918888],[-122.555771,37.918888],[-122.555771,37.918888],[-122.555772,37.918888],[-122.555781,37.918888],[-122.555785,37.918888],[-122.555786,37.918888],[-122.555786,37.918888],[-122.5558,37.918888],[-122.555809,37.918904],[-122.555815,37.918915],[-122.555832,37.918945],[-122.555921,37.91915],[-122.555927,37.919164],[-122.555927,37.919165],[-122.555968,37.919193],[-122.556088,37.919353],[-122.556093,37.91936],[-122.556066,37.919379],[-122.556062,37.919372],[-122.556034,37.919307],[-122.556003,37.919332],[-122.555913,37.919404],[-122.555975,37.919451],[-122.555931,37.91949],[-122.555918,37.919485]]]},"properties":{"prop_id":"027-271-35","situsforma":"16 MANZANITA PL","situsfor_2":"16 MANZANITA PL  MILL VALLEY"}},{"type":"Feature","geometry":{"type":"Polygon","coordinates":[[[-122.53174,37.901751],[-122.531905,37.901508],[-122.532054,37.901573],[-122.531891,37.901818],[-122.53174,37.901751]]]},"properties":{"prop_id":"030-021-17","situsforma":"493 E BLITHEDALE AVE","situsfor_2":"493 E BLITHEDALE AVE  MILL VALLEY"}},{"type":"Feature","geometry":{"type":"Polygon","coordinates":[[[-122.541028,37.896352],[-122.540693,37.896272],[-122.540781,37.896038],[-122.540952,37.896075],[-122.541112,37.896111],[-122.541094,37.896162],[-122.541028,37.896352]]]},"properties":{"prop_id":"047-191-11","situsforma":"93 MONTFORD AVE","situsfor_2":"93 MONTFORD AVE  MILL VALLEY"}},{"type":"Feature","geometry":{"type":"Polygon","coordinates":[[[-122.545633,37.906689],[-122.545681,37.906652],[-122.545681,37.906653],[-122.545743,37.906697],[-122.545738,37.906856],[-122.5456,37.906856],[-122.545621,37.906712],[-122.545632,37.90669],[-122.545633,37.906689]]]},"properties":{"prop_id":"028-016-12","situsforma":"18 BUENA VISTA AVE","situsfor_2":"18 BUENA VISTA AVE  MILL VALLEY"}},{"type":"Feature","geometry":{"type":"Polygon","coordinates":[[[-122.548741,37.901797],[-122.548762,37.901999],[-122.548477,37.902137],[-122.548495,37.901967],[-122.548404,37.901813],[-122.548741,37.901797]]]},"properties":{"prop_id":"028-164-11","situsforma":"105 WILDOMAR ST","situsfor_2":"105 WILDOMAR ST  MILL VALLEY"}},{"type":"Feature","geometry":{"type":"Polygon","coordinates":[[[-122.55819,37.909337],[-122.557978,37.909566],[-122.557861,37.909475],[-122.557988,37.909277],[-122.558072,37.909231],[-122.55819,37.909337]]]},"properties":{"prop_id":"027-213-13","situsforma":"510 THROCKMORTON AVE","situsfor_2":"510 THROCKMORTON AVE  MILL VALLEY"}},{"type":"Feature","geometry":{"type":"Polygon","coordinates":[[[-122.555739,37.903279],[-122.555367,37.903321],[-122.555409,37.903157],[-122.555851,37.903156],[-122.555739,37.903279]]]},"properties":{"prop_id":"028-124-16","situsforma":"2 REDWOOD LN","situsfor_2":"2 REDWOOD LN  MILL VALLEY"}},{"type":"Feature","geometry":{"type":"Polygon","coordinates":[[[-122.558246,37.916002],[-122.558484,37.915834],[-122.55885,37.915581],[-122.55909,37.91575],[-122.559134,37.915808],[-122.558891,37.915978],[-122.558501,37.916251],[-122.558373,37.916117],[-122.558341,37.916084],[-122.558272,37.916012],[-122.558246,37.916002]]]},"properties":{"prop_id":"027-074-04","situsforma":"555 SUMMIT AVE","situsfor_2":"555 SUMMIT AVE  MILL VALLEY"}},{"type":"Feature","geometry":{"type":"Polygon","coordinates":[[[-122.545321,37.912122],[-122.545216,37.911966],[-122.545434,37.911873],[-122.545474,37.911855],[-122.545474,37.911855],[-122.545474,37.911855],[-122.545474,37.911855],[-122.545516,37.911839],[-122.545516,37.911839],[-122.545559,37.911826],[-122.545707,37.911793],[-122.545709,37.911792],[-122.545776,37.911919],[-122.545961,37.912148],[-122.545892,37.912184],[-122.545859,37.912203],[-122.545858,37.912203],[-122.545858,37.912204],[-122.545828,37.912224],[-122.545827,37.912225],[-122.545826,37.912226],[-122.545798,37.912249],[-122.545798,37.912249],[-122.545797,37.91225],[-122.545771,37.912275],[-122.545749,37.912302],[-122.545748,37.912303],[-122.545747,37.912303],[-122.545728,37.912331],[-122.545727,37.912332],[-122.545724,37.912338],[-122.545628,37.912498],[-122.545321,37.912122]]]},"properties":{"prop_id":"029-036-05","situsforma":"48 UPLAND AVE","situsfor_2":"48 UPLAND AVE  MILL VALLEY"}},{"type":"Feature","geometry":{"type":"Polygon","coordinates":[[[-122.559845,37.903845],[-122.559708,37.904044],[-122.559261,37.903783],[-122.559339,37.903591],[-122.559426,37.903388],[-122.559764,37.903437],[-122.56003,37.903799],[-122.559845,37.903845]]]},"properties":{"prop_id":"027-264-24","situsforma":"2 CYPRESS AVE","situsfor_2":"2 CYPRESS AVE  MILL VALLEY"}},{"type":"Feature","geometry":{"type":"Polygon","coordinates":[[[-122.566453,37.900463],[-122.566423,37.900503],[-122.566302,37.900663],[-122.566294,37.900673],[-122.566261,37.900664],[-122.566174,37.900639],[-122.566083,37.900613],[-122.566094,37.900585],[-122.566176,37.900372],[-122.566453,37.900463]]]},"properties":{"prop_id":"045-182-16","situsforma":"474 PANORAMIC HWY","situsfor_2":"474 PANORAMIC HWY  MILL VALLEY"}},{"type":"Feature","geometry":{"type":"Polygon","coordinates":[[[-122.548759,37.899634],[-122.548789,37.899566],[-122.54891,37.899615],[-122.548866,37.899678],[-122.548759,37.899634]]]},"properties":{"prop_id":"047-047-05","situsforma":"","situsfor_2":""}},{"type":"Feature","geometry":{"type":"Polygon","coordinates":[[[-122.533174,37.900864],[-122.533096,37.900821],[-122.533043,37.900792],[-122.533269,37.900554],[-122.533408,37.900643],[-122.533174,37.900864]]]},"properties":{"prop_id":"030-036-21","situsforma":"29 MATILDA AVE","situsfor_2":"29 MATILDA AVE  MILL VALLEY"}},{"type":"Feature","geometry":{"type":"Polygon","coordinates":[[[-122.537943,37.894202],[-122.538104,37.894219],[-122.538107,37.89422],[-122.538234,37.894177],[-122.538235,37.894177],[-122.538264,37.894167],[-122.538343,37.894107],[-122.538396,37.894195],[-122.538397,37.894197],[-122.538486,37.894344],[-122.538296,37.894421],[-122.538235,37.894436],[-122.538099,37.894469],[-122.537943,37.894202]]]},"properties":{"prop_id":"048-061-63","situsforma":"121 REED ST","situsfor_2":"121 REED ST  MILL VALLEY"}},{"type":"Feature","geometry":{"type":"Polygon","coordinates":[[[-122.560077,37.925628],[-122.560078,37.925628],[-122.560101,37.925774],[-122.560116,37.925816],[-122.560136,37.925856],[-122.56016,37.925895],[-122.560188,37.925932],[-122.56022,37.925967],[-122.560249,37.925995],[-122.560337,37.926077],[-122.560343,37.926082],[-122.560366,37.926107],[-122.560387,37.926134],[-122.560404,37.926163],[-122.560418,37.926192],[-122.560428,37.926222],[-122.560435,37.926253],[-122.560438,37.926283],[-122.560438,37.926314],[-122.560433,37.926345],[-122.560425,37.926376],[-122.560415,37.926406],[-122.560401,37.926436],[-122.560385,37.926464],[-122.560364,37.926492],[-122.560341,37.926518],[-122.560315,37.926542],[-122.560257,37.926623],[-122.560228,37.92667],[-122.560203,37.926718],[-122.560184,37.926767],[-122.560171,37.926818],[-122.560166,37.926845],[-122.560217,37.927291],[-122.560222,37.927318],[-122.56023,37.927344],[-122.560241,37.927369],[-122.560255,37.927393],[-122.560271,37.927416],[-122.560289,37.927438],[-122.560299,37.927448],[-122.56031,37.927458],[-122.560332,37.927477],[-122.560357,37.927494],[-122.560384,37.927509],[-122.560412,37.927522],[-122.560441,37.927532],[-122.560472,37.927541],[-122.560491,37.927545],[-122.56051,37.92755],[-122.560539,37.927558],[-122.560566,37.927569],[-122.560593,37.927581],[-122.560617,37.927595],[-122.56064,37.927612],[-122.560662,37.927629],[-122.560681,37.927649],[-122.560698,37.927669],[-122.560713,37.927691],[-122.560725,37.927714],[-122.560735,37.927738],[-122.560743,37.927762],[-122.560747,37.927787],[-122.560749,37.927813],[-122.560749,37.927838],[-122.560745,37.927863],[-122.560739,37.927888],[-122.560731,37.927913],[-122.56072,37.927937],[-122.560706,37.92796],[-122.560586,37.928151],[-122.560556,37.928205],[-122.560548,37.928219],[-122.560516,37.928288],[-122.560492,37.928359],[-122.560476,37.928432],[-122.560467,37.928505],[-122.560465,37.928552],[-122.560437,37.929251],[-122.560436,37.929258],[-122.560432,37.929282],[-122.560428,37.929296],[-122.560425,37.929305],[-122.560416,37.929328],[-122.560405,37.929351],[-122.560391,37.929372],[-122.560375,37.929393],[-122.560357,37.929412],[-122.560337,37.92943],[-122.560315,37.929447],[-122.560292,37.929461],[-122.560292,37.929462],[-122.560291,37.929451],[-122.560287,37.9294],[-122.560287,37.9294],[-122.560277,37.92926],[-122.560277,37.929257],[-122.560278,37.929252],[-122.560278,37.929247],[-122.560278,37.929245],[-122.560278,37.929244],[-122.560286,37.929093],[-122.560287,37.929085],[-122.560291,37.929005],[-122.560292,37.928994],[-122.560317,37.928551],[-122.560317,37.928545],[-122.560319,37.928526],[-122.560322,37.928497],[-122.560323,37.928496],[-122.560327,37.928456],[-122.560328,37.928446],[-122.560328,37.928443],[-122.560329,37.928436],[-122.560338,37.928396],[-122.56034,37.928385],[-122.560349,37.928345],[-122.560349,37.928342],[-122.560349,37.928342],[-122.560351,37.928335],[-122.560364,37.928295],[-122.560367,37.928287],[-122.56038,37.928246],[-122.56038,37.928245],[-122.560381,37.928243],[-122.560395,37.92821],[-122.560401,37.928197],[-122.560422,37.928148],[-122.560423,37.928146],[-122.560423,37.928145],[-122.560425,37.928142],[-122.560447,37.928101],[-122.560449,37.928098],[-122.560472,37.928057],[-122.560475,37.928052],[-122.560503,37.928005],[-122.560503,37.928004],[-122.560586,37.927866],[-122.560587,37.927863],[-122.560589,37.927859],[-122.56059,37.927858],[-122.560593,37.92785],[-122.560593,37.927849],[-122.560595,37.927841],[-122.560596,37.927837],[-122.560597,37.927832],[-122.560597,37.927826],[-122.560598,37.927824],[-122.560597,37.927815],[-122.560596,37.927806],[-122.560595,37.927801],[-122.560594,37.927798],[-122.560593,37.927796],[-122.560593,37.927794],[-122.560591,37.927789],[-122.560589,37.927786],[-122.560587,37.927781],[-122.560585,37.927778],[-122.560582,37.927774],[-122.560578,37.927768],[-122.560577,37.927766],[-122.56057,37.92776],[-122.560564,37.927754],[-122.560563,37.927753],[-122.56056,37.927751],[-122.560555,37.927747],[-122.560547,37.927742],[-122.560541,37.927739],[-122.560538,37.927738],[-122.560529,37.927734],[-122.560524,37.927732],[-122.560519,37.927731],[-122.560518,37.92773],[-122.560518,37.92773],[-122.560509,37.927728],[-122.560507,37.927728],[-122.560501,37.927727],[-122.560493,37.927725],[-122.560492,37.927725],[-122.560492,37.927725],[-122.560475,37.927723],[-122.560466,37.92772],[-122.560464,37.92772],[-122.560447,37.927716],[-122.560444,37.927716],[-122.560431,37.927713],[-122.560426,37.927711],[-122.560422,37.92771],[-122.56042,37.927709],[-122.560411,37.927707],[-122.560405,37.927705],[-122.560401,37.927704],[-122.560394,37.927701],[-122.560389,37.9277],[-122.560382,37.927697],[-122.56038,37.927697],[-122.560378,37.927696],[-122.560364,37.92769],[-122.560363,37.92769],[-122.56036,37.927689],[-122.560348,37.927684],[-122.56034,37.92768],[-122.560337,37.927679],[-122.560333,37.927677],[-122.56033,37.927675],[-122.560325,37.927673],[-122.56032,37.927671],[-122.560309,37.927665],[-122.560301,37.927661],[-122.560298,37.927659],[-122.560294,37.927656],[-122.560294,37.927656],[-122.560292,37.927655],[-122.560288,37.927653],[-122.560283,37.92765],[-122.560272,37.927644],[-122.560268,37.927641],[-122.560265,37.927638],[-122.560265,37.927638],[-122.560262,37.927636],[-122.560257,37.927633],[-122.560253,37.92763],[-122.560248,37.927626],[-122.560243,37.927623],[-122.56024,37.927621],[-122.560238,37.927619],[-122.560236,37.927618],[-122.560232,37.927614],[-122.560228,37.927611],[-122.560228,37.92761],[-122.560227,37.92761],[-122.560221,37.927605],[-122.560216,37.9276],[-122.560213,37.927598],[-122.560207,37.927593],[-122.560201,37.927586],[-122.560201,37.927586],[-122.5602,37.927586],[-122.560197,37.927583],[-122.560192,37.927577],[-122.560188,37.927574],[-122.560188,37.927573],[-122.560187,37.927573],[-122.560187,37.927572],[-122.560187,37.927572],[-122.560187,37.927572],[-122.560187,37.927572],[-122.560178,37.927564],[-122.560173,37.927557],[-122.560172,37.927556],[-122.560171,37.927555],[-122.560171,37.927554],[-122.560171,37.927554],[-122.56017,37.927554],[-122.56017,37.927553],[-122.560165,37.927547],[-122.560161,37.927542],[-122.560159,37.92754],[-122.560153,37.927533],[-122.560152,37.92753],[-122.560149,37.927526],[-122.560146,37.927521],[-122.560142,37.927516],[-122.560138,37.927509],[-122.560136,37.927507],[-122.560136,37.927507],[-122.560132,37.927501],[-122.560132,37.9275],[-122.560131,37.927499],[-122.560129,37.927495],[-122.560128,37.927493],[-122.560125,37.927488],[-122.560123,37.927483],[-122.560119,37.927476],[-122.560114,37.927466],[-122.560114,37.927466],[-122.560111,37.927458],[-122.560109,37.927453],[-122.560106,37.927448],[-122.560103,37.92744],[-122.560103,37.92744],[-122.560102,37.927438],[-122.560099,37.92743],[-122.560097,37.927422],[-122.560096,37.927417],[-122.560094,37.927412],[-122.560092,37.927404],[-122.560089,37.927394],[-122.560088,37.927389],[-122.560087,37.927386],[-122.560086,37.92738],[-122.560086,37.927376],[-122.560084,37.927368],[-122.560084,37.927364],[-122.560082,37.927356],[-122.560082,37.927348],[-122.560081,37.927342],[-122.560081,37.927335],[-122.56008,37.927323],[-122.56008,37.927319],[-122.560045,37.927029],[-122.560045,37.927028],[-122.560027,37.926883],[-122.560027,37.926878],[-122.560026,37.926858],[-122.560025,37.926854],[-122.560024,37.926835],[-122.560024,37.926833],[-122.560024,37.926833],[-122.560024,37.926831],[-122.560025,37.926813],[-122.560027,37.92679],[-122.560027,37.926788],[-122.56003,37.926768],[-122.560034,37.926745],[-122.560035,37.926743],[-122.560041,37.926723],[-122.560041,37.926723],[-122.560047,37.926703],[-122.560047,37.926701],[-122.560048,37.926699],[-122.56005,37.926694],[-122.560056,37.926679],[-122.560065,37.926658],[-122.560065,37.926657],[-122.560066,37.926655],[-122.560076,37.926636],[-122.560088,37.926615],[-122.560089,37.926613],[-122.560089,37.926613],[-122.560089,37.926613],[-122.560101,37.926595],[-122.560115,37.926575],[-122.560116,37.926572],[-122.560131,37.926555],[-122.560131,37.926554],[-122.560132,37.926554],[-122.560143,37.92654],[-122.560147,37.926536],[-122.560148,37.926534],[-122.560165,37.926517],[-122.560184,37.926498],[-122.560184,37.926497],[-122.560202,37.926479],[-122.560205,37.926476],[-122.560208,37.926473],[-122.560221,37.926457],[-122.560223,37.926455],[-122.560224,37.926453],[-122.560228,37.926447],[-122.560238,37.926432],[-122.560243,37.926422],[-122.560251,37.926408],[-122.560258,37.926389],[-122.560261,37.926384],[-122.560268,37.926359],[-122.560272,37.926333],[-122.560273,37.926308],[-122.560273,37.926292],[-122.560272,37.926282],[-122.56027,37.926268],[-122.560268,37.926257],[-122.560262,37.926237],[-122.560261,37.926232],[-122.560256,37.92622],[-122.560252,37.926209],[-122.560251,37.926208],[-122.560251,37.926208],[-122.560244,37.926194],[-122.560242,37.926193],[-122.560242,37.926193],[-122.560152,37.926111],[-122.560145,37.926105],[-122.560141,37.926102],[-122.560138,37.926099],[-122.560124,37.926085],[-122.560114,37.926076],[-122.560104,37.926066],[-122.560101,37.926063],[-122.560097,37.926059],[-122.560096,37.926058],[-122.560093,37.926054],[-122.560081,37.92604],[-122.560072,37.926029],[-122.560064,37.92602],[-122.560061,37.926016],[-122.560058,37.926012],[-122.560057,37.926011],[-122.560054,37.926008],[-122.560044,37.925992],[-122.560036,37.92598],[-122.560029,37.925971],[-122.560027,37.925967],[-122.560023,37.925962],[-122.560023,37.925961],[-122.560023,37.925961],[-122.560012,37.925941],[-122.560005,37.925929],[-122.559999,37.925917],[-122.559996,37.925911],[-122.559995,37.92591],[-122.559994,37.925908],[-122.559983,37.925886],[-122.559974,37.925867],[-122.559972,37.925863],[-122.559972,37.925863],[-122.559969,37.925857],[-122.559962,37.925836],[-122.559962,37.925835],[-122.559957,37.925821],[-122.559954,37.925811],[-122.559952,37.925805],[-122.559951,37.925802],[-122.559936,37.925646],[-122.560027,37.925634],[-122.560028,37.925634],[-122.560077,37.925628]]]},"properties":{"prop_id":"029-310-14","situsforma":"","situsfor_2":""}},{"type":"Feature","geometry":{"type":"Polygon","coordinates":[[[-122.53744,37.904577],[-122.537454,37.904921],[-122.537186,37.904938],[-122.537131,37.904602],[-122.53744,37.904577]]]},"properties":{"prop_id":"029-212-04","situsforma":"14 SIDNEY ST","situsfor_2":"14 SIDNEY ST  MILL VALLEY"}},{"type":"Feature","geometry":{"type":"Polygon","coordinates":[[[-122.547302,37.909577],[-122.547213,37.909456],[-122.547564,37.909278],[-122.547662,37.909394],[-122.547302,37.909577]]]},"properties":{"prop_id":"029-065-16","situsforma":"5 BIGELOW AVE","situsfor_2":"5 BIGELOW AVE  MILL VALLEY"}},{"type":"Feature","geometry":{"type":"Polygon","coordinates":[[[-122.544545,37.90652],[-122.544551,37.906179],[-122.544723,37.906178],[-122.544718,37.906387],[-122.54472,37.90652],[-122.544545,37.90652]]]},"properties":{"prop_id":"029-182-07","situsforma":"65 SUNNYSIDE AVE","situsfor_2":"65 SUNNYSIDE AVE  MILL VALLEY"}},{"type":"Feature","geometry":{"type":"Polygon","coordinates":[[[-122.559765,37.908113],[-122.559166,37.907683],[-122.559156,37.907651],[-122.559588,37.907594],[-122.559618,37.907457],[-122.55973,37.907427],[-122.560046,37.907921],[-122.559765,37.908113]]]},"properties":{"prop_id":"027-215-04","situsforma":"209 CASCADE DR","situsfor_2":"209 CASCADE DR  MILL VALLEY"}},{"type":"Feature","geometry":{"type":"Polygon","coordinates":[[[-122.537243,37.900314],[-122.537554,37.9001],[-122.537658,37.900211],[-122.537351,37.900435],[-122.537243,37.900314]]]},"properties":{"prop_id":"028-224-09","situsforma":"147 SYCAMORE AVE","situsfor_2":"147 SYCAMORE AVE  MILL VALLEY"}},{"type":"Feature","geometry":{"type":"Polygon","coordinates":[[[-122.551481,37.916017],[-122.551355,37.915695],[-122.551654,37.915642],[-122.551864,37.915841],[-122.551612,37.916094],[-122.551481,37.916017]]]},"properties":{"prop_id":"027-094-05","situsforma":"","situsfor_2":""}},{"type":"Feature","geometry":{"type":"Polygon","coordinates":[[[-122.54924,37.906145],[-122.549229,37.906152],[-122.549106,37.906233],[-122.548977,37.906319],[-122.548684,37.906046],[-122.548957,37.905872],[-122.54924,37.906145]]]},"properties":{"prop_id":"028-056-16","situsforma":"124 THROCKMORTON AVE","situsfor_2":"124 THROCKMORTON AVE  MILL VALLEY"}},{"type":"Feature","geometry":{"type":"Polygon","coordinates":[[[-122.553273,37.919877],[-122.553226,37.919631],[-122.5534,37.919624],[-122.553493,37.919867],[-122.553273,37.919877]]]},"properties":{"prop_id":"027-042-30","situsforma":"478 ELDRIDGE AVE","situsfor_2":"478 ELDRIDGE AVE  MILL VALLEY"}},{"type":"Feature","geometry":{"type":"Polygon","coordinates":[[[-122.570137,37.905482],[-122.570081,37.905445],[-122.57,37.90539],[-122.570107,37.905145],[-122.569876,37.905081],[-122.569961,37.904803],[-122.570015,37.904784],[-122.570208,37.904714],[-122.570559,37.904928],[-122.570316,37.90517],[-122.570306,37.905181],[-122.570245,37.90534],[-122.570208,37.905437],[-122.570192,37.90548],[-122.570181,37.905511],[-122.570137,37.905482]]]},"properties":{"prop_id":"045-063-37","situsforma":"49 WASHINGTON PARK AVE","situsfor_2":"49 WASHINGTON PARK AVE  MILL VALLEY"}},{"type":"Feature","geometry":{"type":"Polygon","coordinates":[[[-122.529939,37.925665],[-122.530186,37.925551],[-122.530189,37.925549],[-122.530652,37.925272],[-122.530698,37.925532],[-122.530519,37.925548],[-122.530346,37.925588],[-122.530271,37.925621],[-122.530199,37.925561],[-122.529943,37.925673],[-122.529942,37.925673],[-122.529939,37.925665]]]},"properties":{"prop_id":"025-031-24","situsforma":"10 HILL PATH","situsfor_2":"10 HILL PATH  CORTE MADERA"}},{"type":"Feature","geometry":{"type":"Polygon","coordinates":[[[-122.538645,37.898381],[-122.538766,37.898299],[-122.538919,37.898384],[-122.538919,37.898384],[-122.538716,37.89853],[-122.538591,37.898624],[-122.538574,37.898609],[-122.538709,37.89851],[-122.538597,37.898414],[-122.538645,37.898381]]]},"properties":{"prop_id":"028-213-10","situsforma":"471 ETHEL AVE","situsfor_2":"471 ETHEL AVE  MILL VALLEY"}},{"type":"Feature","geometry":{"type":"Polygon","coordinates":[[[-122.547509,37.908555],[-122.547474,37.908327],[-122.547768,37.908273],[-122.547767,37.908275],[-122.547771,37.908375],[-122.547782,37.908396],[-122.547776,37.908416],[-122.54775,37.908512],[-122.547766,37.908536],[-122.547509,37.908555]]]},"properties":{"prop_id":"029-101-04","situsforma":"53 W BLITHEDALE AVE","situsfor_2":"53 W BLITHEDALE AVE  MILL VALLEY"}},{"type":"Feature","geometry":{"type":"Polygon","coordinates":[[[-122.558667,37.908241],[-122.558696,37.908221],[-122.558768,37.908289],[-122.558732,37.908317],[-122.558899,37.908478],[-122.558586,37.908697],[-122.558479,37.908591],[-122.558422,37.908534],[-122.558422,37.908534],[-122.558373,37.908491],[-122.55869,37.908262],[-122.558667,37.908241]]]},"properties":{"prop_id":"027-212-27","situsforma":"32 EUGENE ST","situsfor_2":"32 EUGENE ST  MILL VALLEY"}},{"type":"Feature","geometry":{"type":"Polygon","coordinates":[[[-122.561205,37.899026],[-122.561208,37.899026],[-122.561576,37.89894],[-122.561642,37.899139],[-122.561281,37.899226],[-122.561279,37.899227],[-122.561205,37.899026]]]},"properties":{"prop_id":"046-182-08","situsforma":"50 PALM WAY","situsfor_2":"50 PALM WAY  MILL VALLEY"}},{"type":"Feature","geometry":{"type":"Polygon","coordinates":[[[-122.547432,37.901694],[-122.547455,37.901718],[-122.547118,37.901998],[-122.547108,37.901967],[-122.547432,37.901694]]]},"properties":{"prop_id":"028-113-04","situsforma":"","situsfor_2":""}},{"type":"Feature","geometry":{"type":"Polygon","coordinates":[[[-122.546472,37.908459],[-122.546659,37.908307],[-122.546892,37.908525],[-122.54656,37.90869],[-122.546472,37.908459]]]},"properties":{"prop_id":"029-103-24","situsforma":"49 HILLSIDE AVE","situsfor_2":"49 HILLSIDE AVE  MILL VALLEY"}},{"type":"Feature","geometry":{"type":"Polygon","coordinates":[[[-122.539078,37.920306],[-122.539448,37.920293],[-122.539425,37.921924],[-122.539425,37.921925],[-122.539176,37.921905],[-122.539145,37.921902],[-122.539056,37.921895],[-122.539009,37.921891],[-122.538924,37.921885],[-122.538923,37.921885],[-122.538923,37.921885],[-122.538923,37.921884],[-122.538923,37.921884],[-122.538923,37.921884],[-122.538932,37.921643],[-122.53902,37.920809],[-122.539071,37.920337],[-122.539074,37.920307],[-122.539078,37.920306]]]},"properties":{"prop_id":"029-300-21","situsforma":"","situsfor_2":""}},{"type":"Feature","geometry":{"type":"Polygon","coordinates":[[[-122.551141,37.898605],[-122.55114,37.898603],[-122.551273,37.89862],[-122.551274,37.898622],[-122.551332,37.899096],[-122.550995,37.899112],[-122.551162,37.898667],[-122.551141,37.898605]]]},"properties":{"prop_id":"047-112-49","situsforma":"517 MONTFORD AVE","situsfor_2":"517 MONTFORD AVE  MILL VALLEY"}},{"type":"Feature","geometry":{"type":"Polygon","coordinates":[[[-122.538056,37.90041],[-122.538445,37.900129],[-122.538458,37.90012],[-122.538562,37.900217],[-122.538161,37.900501],[-122.538056,37.90041]]]},"properties":{"prop_id":"028-222-51","situsforma":"132 SYCAMORE AVE","situsfor_2":"132 SYCAMORE AVE  MILL VALLEY"}},{"type":"Feature","geometry":{"type":"Polygon","coordinates":[[[-122.553305,37.909698],[-122.553122,37.909663],[-122.553234,37.909393],[-122.55328,37.909275],[-122.553292,37.909238],[-122.553421,37.909402],[-122.553305,37.909698]]]},"properties":{"prop_id":"027-191-23","situsforma":"104 TAMALPAIS AVE","situsfor_2":"104 TAMALPAIS AVE  MILL VALLEY"}},{"type":"Feature","geometry":{"type":"Polygon","coordinates":[[[-122.539979,37.9016],[-122.54014,37.901681],[-122.539774,37.901942],[-122.539718,37.901913],[-122.539653,37.90184],[-122.539979,37.9016]]]},"properties":{"prop_id":"028-222-06","situsforma":"74 SYCAMORE AVE","situsfor_2":"74 SYCAMORE AVE  MILL VALLEY"}},{"type":"Feature","geometry":{"type":"Polygon","coordinates":[[[-122.548905,37.913952],[-122.548911,37.913954],[-122.549064,37.914013],[-122.549105,37.914046],[-122.549109,37.91405],[-122.549109,37.91405],[-122.54911,37.91405],[-122.549111,37.914051],[-122.549114,37.914054],[-122.549115,37.914055],[-122.549115,37.914056],[-122.549118,37.914059],[-122.549119,37.91406],[-122.549119,37.914061],[-122.549122,37.914065],[-122.549123,37.914066],[-122.549123,37.914066],[-122.549123,37.914066],[-122.549125,37.914071],[-122.549125,37.914071],[-122.549126,37.914071],[-122.549126,37.914073],[-122.549128,37.914077],[-122.549128,37.914077],[-122.549128,37.914078],[-122.549129,37.914082],[-122.54913,37.914083],[-122.54913,37.914084],[-122.549131,37.914088],[-122.549131,37.914089],[-122.549131,37.914089],[-122.549131,37.91409],[-122.549131,37.914095],[-122.549131,37.914095],[-122.549131,37.914095],[-122.549131,37.914096],[-122.549131,37.914101],[-122.549131,37.914101],[-122.549131,37.914102],[-122.54913,37.914106],[-122.54913,37.914107],[-122.54913,37.914108],[-122.549129,37.914112],[-122.549128,37.914113],[-122.549128,37.914114],[-122.549128,37.914114],[-122.549126,37.914119],[-122.549126,37.914119],[-122.549126,37.914119],[-122.549126,37.914119],[-122.549123,37.914124],[-122.549123,37.914124],[-122.549122,37.914125],[-122.54912,37.914129],[-122.549119,37.91413],[-122.549119,37.91413],[-122.549116,37.914134],[-122.549115,37.914135],[-122.549115,37.914135],[-122.549111,37.914139],[-122.548892,37.914309],[-122.548732,37.914143],[-122.548727,37.914138],[-122.548905,37.913952]]]},"properties":{"prop_id":"029-024-59","situsforma":"28 BLITHEDALE TER","situsfor_2":"28 BLITHEDALE TER  MILL VALLEY"}},{"type":"Feature","geometry":{"type":"Polygon","coordinates":[[[-122.554503,37.905801],[-122.554061,37.905578],[-122.554371,37.905207],[-122.554531,37.905271],[-122.554616,37.905545],[-122.5547,37.90557],[-122.554503,37.905801]]]},"properties":{"prop_id":"028-091-11","situsforma":"","situsfor_2":""}},{"type":"Feature","geometry":{"type":"Polygon","coordinates":[[[-122.564138,37.907297],[-122.563676,37.907232],[-122.563655,37.907033],[-122.563748,37.906951],[-122.56406,37.906816],[-122.56426,37.906783],[-122.564694,37.906742],[-122.564788,37.906873],[-122.564871,37.906963],[-122.564888,37.907015],[-122.564842,37.907099],[-122.564549,37.907064],[-122.564335,37.90717],[-122.564147,37.907271],[-122.564138,37.907297]]]},"properties":{"prop_id":"027-231-06","situsforma":"","situsfor_2":""}},{"type":"Feature","geometry":{"type":"Polygon","coordinates":[[[-122.537069,37.900838],[-122.537164,37.900951],[-122.537195,37.900977],[-122.537012,37.901099],[-122.536967,37.901128],[-122.536856,37.901001],[-122.537069,37.900838]]]},"properties":{"prop_id":"028-223-02","situsforma":"107 WALNUT AVE","situsfor_2":"107 WALNUT AVE  MILL VALLEY"}},{"type":"Feature","geometry":{"type":"Polygon","coordinates":[[[-122.5445,37.899611],[-122.544746,37.899407],[-122.544765,37.899392],[-122.545096,37.899398],[-122.544681,37.899734],[-122.5445,37.899611]]]},"properties":{"prop_id":"047-124-31","situsforma":"306 CAPE CT","situsfor_2":"306 CAPE CT  MILL VALLEY"}},{"type":"Feature","geometry":{"type":"Polygon","coordinates":[[[-122.537952,37.90213],[-122.537925,37.90209],[-122.537863,37.901998],[-122.538183,37.901803],[-122.538291,37.901924],[-122.537952,37.90213]]]},"properties":{"prop_id":"028-233-21","situsforma":"71 WALNUT AVE","situsfor_2":"71 WALNUT AVE  MILL VALLEY"}},{"type":"Feature","geometry":{"type":"Polygon","coordinates":[[[-122.538821,37.904921],[-122.538953,37.904493],[-122.538958,37.904493],[-122.538961,37.904493],[-122.539367,37.9045],[-122.538849,37.9049],[-122.538827,37.904917],[-122.538821,37.904921]]]},"properties":{"prop_id":"029-192-04","situsforma":"32 THALIA ST","situsfor_2":"32 THALIA ST  MILL VALLEY"}},{"type":"Feature","geometry":{"type":"Polygon","coordinates":[[[-122.528642,37.921522],[-122.529008,37.921523],[-122.529009,37.921523],[-122.529005,37.921654],[-122.529141,37.921821],[-122.528693,37.921836],[-122.528668,37.921837],[-122.528642,37.921522]]]},"properties":{"prop_id":"025-151-03","situsforma":"140 GROVE AVE","situsfor_2":"140 GROVE AVE  CORTE MADERA"}},{"type":"Feature","geometry":{"type":"Polygon","coordinates":[[[-122.534319,37.924936],[-122.534345,37.925107],[-122.534349,37.925128],[-122.534058,37.925228],[-122.534059,37.925209],[-122.534062,37.92515],[-122.534068,37.925021],[-122.534319,37.924936]]]},"properties":{"prop_id":"025-021-16","situsforma":"150 EDISON AVE","situsfor_2":"150 EDISON AVE  CORTE MADERA"}},{"type":"Feature","geometry":{"type":"Polygon","coordinates":[[[-122.554771,37.901484],[-122.555008,37.901357],[-122.555158,37.90144],[-122.555274,37.901504],[-122.554985,37.901667],[-122.554985,37.901668],[-122.554985,37.901668],[-122.55488,37.901578],[-122.554872,37.901571],[-122.554771,37.901485],[-122.554771,37.901484]]]},"properties":{"prop_id":"047-021-18","situsforma":"245 EDGEWOOD AVE","situsfor_2":"245 EDGEWOOD AVE  MILL VALLEY"}},{"type":"Feature","geometry":{"type":"Polygon","coordinates":[[[-122.544202,37.911146],[-122.54424,37.911349],[-122.543933,37.911285],[-122.543873,37.911095],[-122.544202,37.911146]]]},"properties":{"prop_id":"029-072-25","situsforma":"316 HILLSIDE AVE","situsfor_2":"316 HILLSIDE AVE  MILL VALLEY"}},{"type":"Feature","geometry":{"type":"Polygon","coordinates":[[[-122.56893,37.903387],[-122.568932,37.90325],[-122.569266,37.903249],[-122.569266,37.903239],[-122.569511,37.903236],[-122.569512,37.903236],[-122.569548,37.903235],[-122.569549,37.903277],[-122.56955,37.903304],[-122.569513,37.903304],[-122.569512,37.903304],[-122.569266,37.903306],[-122.569267,37.903367],[-122.569268,37.903417],[-122.56893,37.903387]]]},"properties":{"prop_id":"045-121-28","situsforma":"568 PANORAMIC HWY","situsfor_2":"568 PANORAMIC HWY  MILL VALLEY"}},{"type":"Feature","geometry":{"type":"Polygon","coordinates":[[[-122.552861,37.90969],[-122.552878,37.909646],[-122.552886,37.909626],[-122.552931,37.909508],[-122.553036,37.909234],[-122.553059,37.909248],[-122.553071,37.909247],[-122.552927,37.909626],[-122.552897,37.909701],[-122.552861,37.90969]]]},"properties":{"prop_id":"027-191-48","situsforma":"","situsfor_2":""}},{"type":"Feature","geometry":{"type":"Polygon","coordinates":[[[-122.534691,37.899892],[-122.534933,37.900119],[-122.534785,37.900193],[-122.53477,37.900202],[-122.534605,37.900049],[-122.534544,37.899994],[-122.534691,37.899892]]]},"properties":{"prop_id":"030-054-12","situsforma":"16 HILARITA AVE","situsfor_2":"16 HILARITA AVE  MILL VALLEY"}},{"type":"Feature","geometry":{"type":"Polygon","coordinates":[[[-122.562309,37.902573],[-122.562329,37.902628],[-122.562251,37.902652],[-122.562045,37.902808],[-122.561901,37.902558],[-122.562008,37.902527],[-122.562251,37.90237],[-122.562309,37.902573]]]},"properties":{"prop_id":"046-061-07","situsforma":"470 EDGEWOOD AVE","situsfor_2":"470 EDGEWOOD AVE  MILL VALLEY"}},{"type":"Feature","geometry":{"type":"Polygon","coordinates":[[[-122.537561,37.908243],[-122.537567,37.908213],[-122.537682,37.908258],[-122.537756,37.90826],[-122.537899,37.908264],[-122.537887,37.908297],[-122.537835,37.908442],[-122.537814,37.908658],[-122.537608,37.908619],[-122.537588,37.908529],[-122.537571,37.908454],[-122.537562,37.908411],[-122.537562,37.908386],[-122.537562,37.908375],[-122.537561,37.908243]]]},"properties":{"prop_id":"029-171-33","situsforma":"242 BUENA VISTA AVE","situsfor_2":"242 BUENA VISTA AVE  MILL VALLEY"}},{"type":"Feature","geometry":{"type":"Polygon","coordinates":[[[-122.559348,37.906893],[-122.55924,37.906712],[-122.559702,37.906732],[-122.559752,37.90685],[-122.559384,37.906964],[-122.559348,37.906893]]]},"properties":{"prop_id":"027-243-20","situsforma":"11 MARION AVE","situsfor_2":"11 MARION AVE  MILL VALLEY"}},{"type":"Feature","geometry":{"type":"Polygon","coordinates":[[[-122.561185,37.913772],[-122.561082,37.913763],[-122.561133,37.913648],[-122.561603,37.91366],[-122.561745,37.913839],[-122.56175,37.913942],[-122.561713,37.91411],[-122.561635,37.914232],[-122.561185,37.913772]]]},"properties":{"prop_id":"027-105-08","situsforma":"505 TAMALPAIS AVE","situsfor_2":"505 TAMALPAIS AVE  MILL VALLEY"}},{"type":"Feature","geometry":{"type":"Polygon","coordinates":[[[-122.550999,37.90997],[-122.551031,37.90999],[-122.551356,37.910061],[-122.551138,37.910141],[-122.551131,37.910169],[-122.550852,37.910116],[-122.550497,37.91036],[-122.550413,37.910297],[-122.550288,37.910183],[-122.550742,37.909812],[-122.550971,37.909953],[-122.550999,37.90997]]]},"properties":{"prop_id":"029-053-28","situsforma":"377 MAGEE AVE","situsfor_2":"377 MAGEE AVE  MILL VALLEY"}},{"type":"Feature","geometry":{"type":"Polygon","coordinates":[[[-122.555245,37.920674],[-122.554743,37.920315],[-122.554958,37.920161],[-122.555013,37.920122],[-122.555224,37.920281],[-122.55533,37.920361],[-122.55536,37.920383],[-122.555403,37.920416],[-122.555655,37.920606],[-122.555404,37.920787],[-122.555275,37.920696],[-122.555245,37.920674]]]},"properties":{"prop_id":"027-271-02","situsforma":"8 MARSH DR","situsfor_2":"8 MARSH DR  MILL VALLEY"}},{"type":"Feature","geometry":{"type":"Polygon","coordinates":[[[-122.530337,37.923854],[-122.530488,37.924006],[-122.53064,37.924136],[-122.530435,37.924266],[-122.530074,37.924006],[-122.530132,37.923981],[-122.530133,37.92398],[-122.530134,37.92398],[-122.530186,37.923953],[-122.530186,37.923953],[-122.530189,37.923951],[-122.530209,37.92394],[-122.530337,37.923854]]]},"properties":{"prop_id":"025-094-01","situsforma":"433 REDWOOD AVE","situsfor_2":"433 REDWOOD AVE  CORTE MADERA"}},{"type":"Feature","geometry":{"type":"Polygon","coordinates":[[[-122.555094,37.898548],[-122.55496,37.898585],[-122.55494,37.898269],[-122.555092,37.898235],[-122.555213,37.898515],[-122.555208,37.898517],[-122.555094,37.898548]]]},"properties":{"prop_id":"047-082-04","situsforma":"","situsfor_2":""}},{"type":"Feature","geometry":{"type":"Polygon","coordinates":[[[-122.5559,37.899307],[-122.555793,37.899296],[-122.555782,37.899295],[-122.555729,37.899259],[-122.555924,37.899062],[-122.555977,37.899072],[-122.5559,37.899307]]]},"properties":{"prop_id":"047-071-04","situsforma":"539 CHARLES LN","situsfor_2":"539 CHARLES LN  MILL VALLEY"}},{"type":"Feature","geometry":{"type":"Polygon","coordinates":[[[-122.539673,37.917358],[-122.539727,37.917289],[-122.539733,37.917308],[-122.539771,37.917423],[-122.539892,37.917768],[-122.540009,37.917851],[-122.540156,37.91788],[-122.540157,37.917917],[-122.540157,37.917918],[-122.540157,37.917919],[-122.540159,37.91793],[-122.540162,37.917955],[-122.540162,37.917956],[-122.540163,37.917956],[-122.540163,37.917959],[-122.540173,37.917993],[-122.540173,37.917993],[-122.540173,37.917994],[-122.54018,37.918014],[-122.540183,37.91802],[-122.540183,37.918021],[-122.540183,37.918021],[-122.540185,37.918029],[-122.540185,37.918029],[-122.540186,37.91803],[-122.540187,37.918037],[-122.539979,37.917949],[-122.539565,37.917933],[-122.539512,37.91793],[-122.539518,37.917902],[-122.539518,37.917901],[-122.539568,37.91766],[-122.539615,37.917432],[-122.539673,37.917358]]]},"properties":{"prop_id":"029-151-53","situsforma":"32 GLEN DR","situsfor_2":"32 GLEN DR  MILL VALLEY"}},{"type":"Feature","geometry":{"type":"Polygon","coordinates":[[[-122.537773,37.923215],[-122.537836,37.922911],[-122.537911,37.922563],[-122.537914,37.922549],[-122.538008,37.922484],[-122.538052,37.922454],[-122.537952,37.922384],[-122.538209,37.922187],[-122.53834,37.922086],[-122.538898,37.921938],[-122.538896,37.921944],[-122.538345,37.923335],[-122.537773,37.923215]]]},"properties":{"prop_id":"021-161-20","situsforma":"244 SUMMIT DR","situsfor_2":"244 SUMMIT DR  CORTE MADERA"}},{"type":"Feature","geometry":{"type":"Polygon","coordinates":[[[-122.547158,37.907158],[-122.547193,37.907164],[-122.547221,37.907194],[-122.547339,37.907116],[-122.547379,37.907073],[-122.547598,37.906929],[-122.54764,37.90697],[-122.547673,37.907001],[-122.547718,37.907044],[-122.547319,37.90731],[-122.547285,37.907294],[-122.547243,37.907279],[-122.547201,37.907263],[-122.547179,37.907251],[-122.547166,37.907227],[-122.547163,37.907204],[-122.547154,37.907193],[-122.547158,37.907168],[-122.547158,37.907158]]]},"properties":{"prop_id":"028-014-21","situsforma":"","situsfor_2":""}},{"type":"Feature","geometry":{"type":"Polygon","coordinates":[[[-122.538966,37.902369],[-122.538597,37.902699],[-122.538528,37.90265],[-122.538444,37.902617],[-122.538827,37.902302],[-122.538966,37.902369]]]},"properties":{"prop_id":"028-233-27","situsforma":"51 WALNUT AVE","situsfor_2":"51 WALNUT AVE  MILL VALLEY"}},{"type":"Feature","geometry":{"type":"Polygon","coordinates":[[[-122.562046,37.901264],[-122.561992,37.901004],[-122.562159,37.900972],[-122.562188,37.901172],[-122.562277,37.901309],[-122.562218,37.901336],[-122.562046,37.901264]]]},"properties":{"prop_id":"045-262-04","situsforma":"","situsfor_2":""}},{"type":"Feature","geometry":{"type":"Polygon","coordinates":[[[-122.530983,37.899033],[-122.531227,37.898763],[-122.531378,37.898852],[-122.531121,37.899118],[-122.530983,37.899033]]]},"properties":{"prop_id":"030-043-34","situsforma":"15 RYAN AVE","situsfor_2":"15 RYAN AVE  MILL VALLEY"}},{"type":"Feature","geometry":{"type":"Polygon","coordinates":[[[-122.531413,37.899829],[-122.531527,37.89973],[-122.531536,37.899736],[-122.531637,37.899816],[-122.531771,37.899921],[-122.531658,37.900021],[-122.531429,37.899842],[-122.531413,37.899829]]]},"properties":{"prop_id":"030-041-02","situsforma":"208 AMICITA AVE","situsfor_2":"208 AMICITA AVE  MILL VALLEY"}},{"type":"Feature","geometry":{"type":"Polygon","coordinates":[[[-122.540089,37.89932],[-122.540182,37.899064],[-122.540315,37.899087],[-122.540316,37.899087],[-122.540512,37.899123],[-122.540443,37.899328],[-122.54039,37.899489],[-122.540389,37.899488],[-122.540089,37.89932]]]},"properties":{"prop_id":"028-214-37","situsforma":"416 ETHEL AVE","situsfor_2":"416 ETHEL AVE  MILL VALLEY"}},{"type":"Feature","geometry":{"type":"Polygon","coordinates":[[[-122.53272,37.922576],[-122.532706,37.922516],[-122.533018,37.922595],[-122.533045,37.922601],[-122.533047,37.922602],[-122.533071,37.922607],[-122.533049,37.922641],[-122.533038,37.922659],[-122.532982,37.922756],[-122.532821,37.922848],[-122.532786,37.92287],[-122.532755,37.922899],[-122.532725,37.922887],[-122.532452,37.922744],[-122.53272,37.922576]]]},"properties":{"prop_id":"025-083-61","situsforma":"509 REDWOOD AVE","situsfor_2":"509 REDWOOD AVE  CORTE MADERA"}},{"type":"Feature","geometry":{"type":"Polygon","coordinates":[[[-122.532608,37.926165],[-122.532609,37.926165],[-122.532682,37.92625],[-122.532705,37.926277],[-122.532828,37.926425],[-122.532646,37.926507],[-122.532646,37.926542],[-122.532541,37.926521],[-122.532491,37.926501],[-122.53246,37.926464],[-122.532365,37.926349],[-122.532365,37.926349],[-122.532562,37.926188],[-122.532591,37.926174],[-122.532608,37.926165]]]},"properties":{"prop_id":"025-012-39","situsforma":"57 EDISON AVE","situsfor_2":"57 EDISON AVE  CORTE MADERA"}},{"type":"Feature","geometry":{"type":"Polygon","coordinates":[[[-122.535487,37.896801],[-122.535762,37.896604],[-122.535901,37.896729],[-122.535936,37.89676],[-122.536021,37.896837],[-122.536056,37.896868],[-122.535781,37.89706],[-122.535746,37.897029],[-122.535487,37.896801]]]},"properties":{"prop_id":"030-071-28","situsforma":"411 MILLER AVE","situsfor_2":"411 MILLER AVE  MILL VALLEY"}},{"type":"Feature","geometry":{"type":"Polygon","coordinates":[[[-122.53557,37.923901],[-122.535777,37.923741],[-122.536063,37.923521],[-122.536063,37.923522],[-122.536083,37.923535],[-122.536283,37.923675],[-122.536113,37.923744],[-122.536138,37.923783],[-122.535785,37.924064],[-122.53557,37.923901]]]},"properties":{"prop_id":"025-081-36","situsforma":"45 SUNRISE LN","situsfor_2":"45 SUNRISE LN  LARKSPUR"}},{"type":"Feature","geometry":{"type":"Polygon","coordinates":[[[-122.539662,37.899024],[-122.539669,37.899019],[-122.539767,37.899144],[-122.53976,37.899149],[-122.539441,37.899374],[-122.539324,37.899271],[-122.539662,37.899024]]]},"properties":{"prop_id":"028-213-42","situsforma":"300 MILLER AVE","situsfor_2":"300 MILLER AVE  MILL VALLEY"}},{"type":"Feature","geometry":{"type":"Polygon","coordinates":[[[-122.539651,37.902918],[-122.53962,37.902817],[-122.540132,37.902777],[-122.540143,37.902776],[-122.540164,37.902807],[-122.540231,37.902905],[-122.540214,37.902905],[-122.540129,37.902904],[-122.539651,37.90292],[-122.539651,37.902918]]]},"properties":{"prop_id":"028-032-07","situsforma":"26 WALNUT AVE","situsfor_2":"26 WALNUT AVE  MILL VALLEY"}},{"type":"Feature","geometry":{"type":"Polygon","coordinates":[[[-122.544373,37.908009],[-122.544505,37.908316],[-122.544375,37.908372],[-122.544247,37.908192],[-122.544373,37.908009]]]},"properties":{"prop_id":"029-103-10","situsforma":"131 HILLSIDE AVE","situsfor_2":"131 HILLSIDE AVE  MILL VALLEY"}},{"type":"Feature","geometry":{"type":"Polygon","coordinates":[[[-122.533935,37.906798],[-122.533919,37.906798],[-122.533903,37.906798],[-122.533887,37.9068],[-122.533887,37.9068],[-122.533891,37.906533],[-122.534166,37.906437],[-122.534484,37.906275],[-122.534436,37.906221],[-122.534461,37.90616],[-122.534525,37.906166],[-122.534504,37.906203],[-122.534521,37.906243],[-122.534526,37.906256],[-122.534637,37.90634],[-122.534652,37.906351],[-122.53461,37.906374],[-122.534219,37.90657],[-122.534035,37.906828],[-122.534023,37.906821],[-122.534009,37.906815],[-122.533996,37.906809],[-122.533981,37.906805],[-122.533966,37.906802],[-122.533951,37.906799],[-122.533935,37.906798]]]},"properties":{"prop_id":"029-231-29","situsforma":"100 MARLIN AVE","situsfor_2":"100 MARLIN AVE  MILL VALLEY"}},{"type":"Feature","geometry":{"type":"Polygon","coordinates":[[[-122.546965,37.906153],[-122.546819,37.906186],[-122.5467,37.905897],[-122.546852,37.905864],[-122.546965,37.906153]]]},"properties":{"prop_id":"028-013-13","situsforma":"15 SUNNYSIDE AVE","situsfor_2":"15 SUNNYSIDE AVE  MILL VALLEY"}},{"type":"Feature","geometry":{"type":"Polygon","coordinates":[[[-122.532329,37.894556],[-122.532366,37.894517],[-122.53242,37.894549],[-122.532384,37.894588],[-122.532329,37.894556]]]},"properties":{"prop_id":"030-481-15","situsforma":"16 TAMALPAIS COMMONS LN","situsfor_2":"16 TAMALPAIS COMMONS LN  MILL VALLEY"}},{"type":"Feature","geometry":{"type":"Polygon","coordinates":[[[-122.544209,37.904298],[-122.544285,37.904191],[-122.544286,37.904191],[-122.544598,37.904337],[-122.544517,37.904458],[-122.544199,37.904313],[-122.544209,37.904298]]]},"properties":{"prop_id":"028-024-20","situsforma":"6 HILL ST","situsfor_2":"6 HILL ST  MILL VALLEY"}},{"type":"Feature","geometry":{"type":"Polygon","coordinates":[[[-122.55112,37.904577],[-122.551105,37.904534],[-122.551136,37.904541],[-122.551164,37.904505],[-122.551459,37.904468],[-122.55146,37.904522],[-122.551404,37.904528],[-122.551397,37.904665],[-122.55112,37.904577]]]},"properties":{"prop_id":"028-102-13","situsforma":"14 ETHEL CT","situsfor_2":"14 ETHEL CT  MILL VALLEY"}},{"type":"Feature","geometry":{"type":"Polygon","coordinates":[[[-122.538124,37.894599],[-122.538326,37.894549],[-122.538458,37.894811],[-122.538216,37.89486],[-122.538185,37.894771],[-122.538174,37.89474],[-122.538124,37.894599]]]},"properties":{"prop_id":"048-012-21","situsforma":"116 REED ST","situsfor_2":"116 REED ST  MILL VALLEY"}},{"type":"Feature","geometry":{"type":"Polygon","coordinates":[[[-122.538936,37.925528],[-122.538917,37.924945],[-122.539638,37.924946],[-122.539658,37.925528],[-122.538936,37.925528]]]},"properties":{"prop_id":"021-250-08","situsforma":"","situsfor_2":""}},{"type":"Feature","geometry":{"type":"Polygon","coordinates":[[[-122.555023,37.907171],[-122.554766,37.907086],[-122.554875,37.906939],[-122.555143,37.90702],[-122.555023,37.907171]]]},"properties":{"prop_id":"027-222-10","situsforma":"5 CORNELIA AVE","situsfor_2":"5 CORNELIA AVE  MILL VALLEY"}},{"type":"Feature","geometry":{"type":"Polygon","coordinates":[[[-122.557033,37.903271],[-122.55685,37.903509],[-122.556628,37.903398],[-122.556584,37.903329],[-122.55663,37.903296],[-122.556767,37.903199],[-122.55688,37.903118],[-122.556894,37.903108],[-122.55705,37.90325],[-122.55704,37.903262],[-122.557033,37.903271]]]},"properties":{"prop_id":"028-123-06","situsforma":"119 HAZEL AVE","situsfor_2":"119 HAZEL AVE  MILL VALLEY"}},{"type":"Feature","geometry":{"type":"Polygon","coordinates":[[[-122.540982,37.903379],[-122.540984,37.903503],[-122.540993,37.903724],[-122.540816,37.903722],[-122.540809,37.903379],[-122.540982,37.903379]]]},"properties":{"prop_id":"028-032-25","situsforma":"268 E BLITHEDALE AVE","situsfor_2":"268 E BLITHEDALE AVE  MILL VALLEY"}},{"type":"Feature","geometry":{"type":"Polygon","coordinates":[[[-122.530286,37.927761],[-122.530383,37.927879],[-122.530072,37.928036],[-122.529977,37.927914],[-122.530286,37.927761]]]},"properties":{"prop_id":"024-093-05","situsforma":"107 PALM AVE","situsfor_2":"107 PALM AVE  CORTE MADERA"}},{"type":"Feature","geometry":{"type":"Polygon","coordinates":[[[-122.548654,37.905669],[-122.548757,37.905783],[-122.548598,37.905888],[-122.54849,37.905776],[-122.548654,37.905669]]]},"properties":{"prop_id":"028-061-07","situsforma":"127 THROCKMORTON AVE","situsfor_2":"127 THROCKMORTON AVE  MILL VALLEY"}},{"type":"Feature","geometry":{"type":"Polygon","coordinates":[[[-122.539713,37.904163],[-122.539888,37.904158],[-122.539965,37.904156],[-122.539994,37.904295],[-122.539566,37.9043],[-122.53954,37.904167],[-122.539713,37.904163]]]},"properties":{"prop_id":"029-195-05","situsforma":"11 THALIA ST","situsfor_2":"11 THALIA ST  MILL VALLEY"}},{"type":"Feature","geometry":{"type":"Polygon","coordinates":[[[-122.537937,37.897418],[-122.537635,37.89715],[-122.537764,37.897053],[-122.538064,37.897327],[-122.537937,37.897418]]]},"properties":{"prop_id":"028-213-19","situsforma":"16 MONTFORD AVE","situsfor_2":"16 MONTFORD AVE  MILL VALLEY"}},{"type":"Feature","geometry":{"type":"Polygon","coordinates":[[[-122.540135,37.903027],[-122.540129,37.902904],[-122.540214,37.902905],[-122.540231,37.902905],[-122.540276,37.902972],[-122.540384,37.903142],[-122.540367,37.903142],[-122.539657,37.903145],[-122.539655,37.903046],[-122.540135,37.903027]]]},"properties":{"prop_id":"028-032-05","situsforma":"20 WALNUT AVE","situsfor_2":"20 WALNUT AVE  MILL VALLEY"}},{"type":"Feature","geometry":{"type":"Polygon","coordinates":[[[-122.539153,37.895668],[-122.53923,37.895426],[-122.53923,37.895425],[-122.53923,37.895422],[-122.53923,37.895422],[-122.53923,37.895422],[-122.539231,37.89542],[-122.539232,37.895418],[-122.539232,37.895418],[-122.539232,37.895418],[-122.539232,37.895416],[-122.539233,37.895414],[-122.539233,37.895414],[-122.539233,37.895414],[-122.539234,37.895413],[-122.539235,37.895411],[-122.539235,37.895411],[-122.539236,37.89541],[-122.539236,37.895409],[-122.539237,37.895408],[-122.539238,37.895407],[-122.539238,37.895407],[-122.539239,37.895406],[-122.539241,37.895404],[-122.539241,37.895403],[-122.539242,37.895403],[-122.539244,37.895401],[-122.539244,37.8954],[-122.539245,37.8954],[-122.539247,37.895398],[-122.539248,37.895398],[-122.539249,37.895397],[-122.539251,37.895396],[-122.539252,37.895395],[-122.539253,37.895395],[-122.539255,37.895394],[-122.539256,37.895393],[-122.539257,37.895393],[-122.539259,37.895392],[-122.539261,37.895391],[-122.539262,37.895391],[-122.539264,37.89539],[-122.539265,37.89539],[-122.539266,37.89539],[-122.539269,37.895389],[-122.539271,37.895389],[-122.539271,37.895389],[-122.539274,37.895388],[-122.539276,37.895388],[-122.539277,37.895388],[-122.539277,37.895388],[-122.53928,37.895388],[-122.539282,37.895388],[-122.539282,37.895388],[-122.539283,37.895388],[-122.539285,37.895388],[-122.539287,37.895388],[-122.539288,37.895388],[-122.539288,37.895388],[-122.539291,37.895388],[-122.539293,37.895388],[-122.539293,37.895388],[-122.539293,37.895388],[-122.539297,37.895389],[-122.539299,37.895389],[-122.539299,37.895389],[-122.539299,37.895389],[-122.539304,37.89539],[-122.539541,37.895444],[-122.539443,37.895732],[-122.539153,37.895668]]]},"properties":{"prop_id":"047-191-54","situsforma":"140 LINDEN LN","situsfor_2":"140 LINDEN LN  MILL VALLEY"}},{"type":"Feature","geometry":{"type":"Polygon","coordinates":[[[-122.543579,37.897477],[-122.543503,37.897879],[-122.543246,37.897838],[-122.543341,37.897477],[-122.543579,37.897477]]]},"properties":{"prop_id":"047-151-25","situsforma":"303 MONTFORD AVE","situsfor_2":"303 MONTFORD AVE  MILL VALLEY"}},{"type":"Feature","geometry":{"type":"Polygon","coordinates":[[[-122.559319,37.90092],[-122.559318,37.900757],[-122.559329,37.900763],[-122.55933,37.900763],[-122.559331,37.900764],[-122.559341,37.900769],[-122.559342,37.900769],[-122.559343,37.900769],[-122.559353,37.900773],[-122.559354,37.900774],[-122.559355,37.900774],[-122.559366,37.900777],[-122.559367,37.900778],[-122.559368,37.900778],[-122.55938,37.900781],[-122.55938,37.900781],[-122.55938,37.900781],[-122.55938,37.900781],[-122.559392,37.900783],[-122.559393,37.900783],[-122.559394,37.900783],[-122.559406,37.900784],[-122.559407,37.900785],[-122.559408,37.900785],[-122.559419,37.900785],[-122.55942,37.900785],[-122.55942,37.900785],[-122.559421,37.900785],[-122.559432,37.900785],[-122.559433,37.900785],[-122.559434,37.900785],[-122.559446,37.900784],[-122.559446,37.900784],[-122.559446,37.900784],[-122.559447,37.900783],[-122.559458,37.900782],[-122.559459,37.900782],[-122.55946,37.900781],[-122.559471,37.900779],[-122.559471,37.900779],[-122.559473,37.900778],[-122.559483,37.900775],[-122.559483,37.900775],[-122.559483,37.900775],[-122.559484,37.900775],[-122.559494,37.900771],[-122.559495,37.90077],[-122.559496,37.90077],[-122.559506,37.900765],[-122.559507,37.900764],[-122.559507,37.900764],[-122.559508,37.900764],[-122.559517,37.900758],[-122.559518,37.900757],[-122.559519,37.900757],[-122.559529,37.900751],[-122.559529,37.90075],[-122.55953,37.900749],[-122.559539,37.900742],[-122.559539,37.900742],[-122.559539,37.900742],[-122.55954,37.900742],[-122.559548,37.900734],[-122.559549,37.900733],[-122.559549,37.900732],[-122.559557,37.900724],[-122.559557,37.900724],[-122.559557,37.900723],[-122.559563,37.900715],[-122.559564,37.900714],[-122.559564,37.900713],[-122.55957,37.900704],[-122.55957,37.900704],[-122.559571,37.900702],[-122.559576,37.900693],[-122.559579,37.900683],[-122.55958,37.900682],[-122.55958,37.900681],[-122.559582,37.900672],[-122.559583,37.900671],[-122.559583,37.90067],[-122.559584,37.900661],[-122.559584,37.90066],[-122.559584,37.90066],[-122.559585,37.90065],[-122.559585,37.900649],[-122.559585,37.900648],[-122.559584,37.900638],[-122.559582,37.900628],[-122.559581,37.900627],[-122.559581,37.900626],[-122.559577,37.900617],[-122.559577,37.900616],[-122.559577,37.900615],[-122.559572,37.900606],[-122.559572,37.900606],[-122.559572,37.900606],[-122.559571,37.900605],[-122.559566,37.900596],[-122.559565,37.900596],[-122.559565,37.900595],[-122.559558,37.900587],[-122.559558,37.900586],[-122.559557,37.900585],[-122.559549,37.900578],[-122.559549,37.900578],[-122.559548,37.900577],[-122.55954,37.90057],[-122.559539,37.90057],[-122.559539,37.900569],[-122.559538,37.900569],[-122.559532,37.900565],[-122.560278,37.90084],[-122.560114,37.901166],[-122.559319,37.90092]]]},"properties":{"prop_id":"046-330-37","situsforma":"7 WALSH DR","situsfor_2":"7 WALSH DR  MILL VALLEY"}},{"type":"Feature","geometry":{"type":"Polygon","coordinates":[[[-122.544559,37.903077],[-122.544732,37.9028],[-122.54489,37.902556],[-122.545241,37.902627],[-122.545092,37.902933],[-122.544969,37.903178],[-122.544966,37.903185],[-122.544559,37.903077]]]},"properties":{"prop_id":"028-072-39","situsforma":"235 ETHEL AVE","situsfor_2":"235 ETHEL AVE  MILL VALLEY"}},{"type":"Feature","geometry":{"type":"Polygon","coordinates":[[[-122.529452,37.922669],[-122.529417,37.922453],[-122.529512,37.922453],[-122.529497,37.922355],[-122.529909,37.922343],[-122.529922,37.922343],[-122.529985,37.922644],[-122.529985,37.922644],[-122.529452,37.922669]]]},"properties":{"prop_id":"025-095-14","situsforma":"121 GROVE AVE APT 1","situsfor_2":"121 GROVE AVE APT 1 CORTE MADERA"}},{"type":"Feature","geometry":{"type":"Polygon","coordinates":[[[-122.537777,37.899501],[-122.537896,37.899606],[-122.537535,37.899856],[-122.537501,37.899799],[-122.537468,37.899723],[-122.537777,37.899501]]]},"properties":{"prop_id":"028-222-25","situsforma":"156 SYCAMORE AVE","situsfor_2":"156 SYCAMORE AVE  MILL VALLEY"}},{"type":"Feature","geometry":{"type":"Polygon","coordinates":[[[-122.55485,37.914267],[-122.554694,37.914116],[-122.55476,37.913961],[-122.554891,37.913865],[-122.554912,37.913779],[-122.554958,37.913785],[-122.55521,37.913817],[-122.554891,37.914082],[-122.55503,37.914195],[-122.55485,37.914267]]]},"properties":{"prop_id":"027-121-38","situsforma":"177 MARGUERITE AVE","situsfor_2":"177 MARGUERITE AVE  MILL VALLEY"}},{"type":"Feature","geometry":{"type":"Polygon","coordinates":[[[-122.538483,37.908279],[-122.538538,37.90823],[-122.538666,37.908117],[-122.539031,37.908346],[-122.538907,37.908557],[-122.538483,37.908279]]]},"properties":{"prop_id":"029-124-02","situsforma":"123 CIRCLE AVE","situsfor_2":"123 CIRCLE AVE  MILL VALLEY"}},{"type":"Feature","geometry":{"type":"Polygon","coordinates":[[[-122.533869,37.897348],[-122.533826,37.897309],[-122.53393,37.897173],[-122.533983,37.897199],[-122.533966,37.897225],[-122.534019,37.89725],[-122.533913,37.897386],[-122.533869,37.897348]]]},"properties":{"prop_id":"030-271-71","situsforma":"26 PARK TER","situsfor_2":"26 PARK TER  MILL VALLEY"}},{"type":"Feature","geometry":{"type":"Polygon","coordinates":[[[-122.560501,37.910001],[-122.560346,37.90985],[-122.560338,37.909842],[-122.560344,37.909838],[-122.560352,37.909833],[-122.560402,37.909801],[-122.560445,37.909843],[-122.560744,37.909586],[-122.560754,37.909619],[-122.560986,37.909783],[-122.560646,37.910086],[-122.560616,37.910113],[-122.560501,37.910001]]]},"properties":{"prop_id":"027-171-24","situsforma":"276 CASCADE DR","situsfor_2":"276 CASCADE DR  MILL VALLEY"}},{"type":"Feature","geometry":{"type":"Polygon","coordinates":[[[-122.549844,37.907025],[-122.549979,37.906937],[-122.550064,37.907011],[-122.550086,37.907031],[-122.550146,37.907086],[-122.550335,37.907258],[-122.550309,37.907453],[-122.550308,37.907453],[-122.550069,37.907232],[-122.549844,37.907025]]]},"properties":{"prop_id":"028-051-03","situsforma":"46 BAYVIEW AVE","situsfor_2":"46 BAYVIEW AVE  MILL VALLEY"}},{"type":"Feature","geometry":{"type":"Polygon","coordinates":[[[-122.549946,37.904697],[-122.549987,37.904688],[-122.550165,37.904653],[-122.550219,37.904644],[-122.550358,37.905042],[-122.550091,37.905098],[-122.549946,37.904697]]]},"properties":{"prop_id":"028-101-03","situsforma":"215 THROCKMORTON AVE","situsfor_2":"215 THROCKMORTON AVE  MILL VALLEY"}},{"type":"Feature","geometry":{"type":"Polygon","coordinates":[[[-122.56003,37.925331],[-122.560062,37.925303],[-122.560072,37.925296],[-122.560098,37.925276],[-122.560138,37.925251],[-122.560179,37.925229],[-122.560223,37.92521],[-122.560163,37.925057],[-122.560028,37.925084],[-122.559848,37.924746],[-122.559683,37.924474],[-122.559433,37.924514],[-122.559355,37.92446],[-122.559256,37.924393],[-122.559242,37.924337],[-122.559651,37.924405],[-122.559691,37.924371],[-122.559746,37.924325],[-122.559746,37.924324],[-122.559757,37.924333],[-122.559789,37.924358],[-122.559793,37.924362],[-122.559827,37.924389],[-122.559741,37.924465],[-122.559741,37.924466],[-122.560015,37.924421],[-122.560016,37.924421],[-122.560217,37.924499],[-122.560217,37.924499],[-122.560417,37.924502],[-122.560461,37.924503],[-122.560611,37.924506],[-122.560612,37.924506],[-122.560579,37.924943],[-122.560562,37.925182],[-122.560552,37.925292],[-122.560551,37.925311],[-122.560551,37.925311],[-122.56055,37.925311],[-122.56055,37.925311],[-122.560549,37.925311],[-122.560548,37.925311],[-122.560526,37.92531],[-122.560526,37.92531],[-122.560522,37.92531],[-122.56052,37.925309],[-122.560516,37.925309],[-122.560512,37.925309],[-122.560509,37.925309],[-122.560509,37.925309],[-122.560502,37.925309],[-122.560493,37.925309],[-122.560492,37.925309],[-122.560491,37.925309],[-122.560486,37.925309],[-122.560481,37.925309],[-122.560478,37.92531],[-122.560474,37.92531],[-122.560473,37.92531],[-122.560467,37.92531],[-122.56046,37.925311],[-122.560458,37.925311],[-122.560456,37.925311],[-122.560452,37.925312],[-122.560446,37.925312],[-122.560441,37.925313],[-122.560439,37.925313],[-122.560438,37.925313],[-122.560434,37.925314],[-122.560424,37.925315],[-122.560422,37.925315],[-122.560422,37.925315],[-122.560421,37.925316],[-122.560418,37.925316],[-122.560415,37.925316],[-122.560412,37.925317],[-122.560409,37.925317],[-122.560407,37.925318],[-122.560405,37.925318],[-122.560403,37.925319],[-122.560402,37.925319],[-122.560391,37.925321],[-122.560391,37.925321],[-122.560388,37.925322],[-122.560384,37.925323],[-122.560379,37.925324],[-122.560372,37.925326],[-122.560372,37.925326],[-122.560372,37.925326],[-122.560371,37.925326],[-122.560371,37.925326],[-122.560369,37.925327],[-122.560359,37.92533],[-122.560359,37.92533],[-122.560358,37.92533],[-122.560356,37.925331],[-122.560354,37.925331],[-122.560344,37.925334],[-122.560337,37.925336],[-122.560337,37.925337],[-122.560334,37.925338],[-122.560324,37.925341],[-122.560321,37.925342],[-122.56032,37.925343],[-122.56031,37.925346],[-122.560303,37.925349],[-122.560299,37.925351],[-122.560292,37.925354],[-122.560287,37.925356],[-122.560277,37.92536],[-122.560271,37.925364],[-122.560271,37.925364],[-122.560267,37.925366],[-122.560261,37.925369],[-122.560255,37.925372],[-122.560255,37.925372],[-122.560246,37.925377],[-122.560242,37.925379],[-122.560241,37.92538],[-122.560238,37.925382],[-122.56023,37.925387],[-122.56023,37.925387],[-122.56023,37.925387],[-122.560229,37.925387],[-122.560229,37.925388],[-122.560229,37.925388],[-122.560225,37.92539],[-122.560224,37.925391],[-122.560218,37.925395],[-122.560212,37.9254],[-122.560208,37.925402],[-122.560205,37.925405],[-122.5602,37.925409],[-122.560192,37.925415],[-122.560187,37.925419],[-122.560183,37.925423],[-122.560183,37.925423],[-122.560183,37.925424],[-122.560182,37.925424],[-122.560181,37.925425],[-122.56018,37.925426],[-122.560179,37.925427],[-122.560179,37.925427],[-122.560176,37.92543],[-122.560176,37.92543],[-122.56017,37.925435],[-122.560169,37.925436],[-122.560168,37.925437],[-122.560166,37.925439],[-122.560165,37.925441],[-122.560165,37.925441],[-122.560162,37.925444],[-122.560161,37.925445],[-122.56016,37.925446],[-122.560159,37.925447],[-122.560156,37.92545],[-122.560154,37.925452],[-122.560154,37.925453],[-122.560148,37.925459],[-122.560144,37.925464],[-122.560141,37.925469],[-122.56014,37.925469],[-122.56014,37.92547],[-122.56014,37.92547],[-122.56014,37.92547],[-122.560139,37.925471],[-122.560139,37.925471],[-122.560135,37.925476],[-122.560131,37.925481],[-122.56013,37.925483],[-122.560127,37.925487],[-122.560126,37.925488],[-122.560126,37.925489],[-122.560123,37.925494],[-122.560123,37.925494],[-122.560123,37.925494],[-122.560123,37.925494],[-122.560119,37.9255],[-122.560118,37.925501],[-122.560118,37.925501],[-122.560118,37.925501],[-122.560114,37.925508],[-122.560111,37.925514],[-122.560111,37.925514],[-122.560108,37.925519],[-122.560105,37.925525],[-122.560104,37.925527],[-122.560104,37.925527],[-122.560101,37.925533],[-122.560101,37.925535],[-122.5601,37.925537],[-122.560098,37.92554],[-122.560098,37.92554],[-122.560097,37.925544],[-122.560096,37.925546],[-122.560093,37.925554],[-122.560091,37.92556],[-122.56009,37.925561],[-122.560089,37.925565],[-122.560089,37.925566],[-122.560089,37.925566],[-122.560089,37.925567],[-122.560089,37.925568],[-122.560087,37.925573],[-122.560086,37.925578],[-122.560085,37.925581],[-122.560083,37.925589],[-122.560082,37.925594],[-122.560082,37.925595],[-122.560082,37.925595],[-122.560082,37.925595],[-122.560081,37.9256],[-122.56008,37.925604],[-122.56008,37.925608],[-122.560079,37.925616],[-122.560078,37.925626],[-122.560078,37.925626],[-122.560078,37.925628],[-122.560077,37.925628],[-122.560028,37.925634],[-122.560027,37.925634],[-122.559936,37.925646],[-122.559936,37.925646],[-122.55993,37.925629],[-122.559924,37.925595],[-122.559921,37.925561],[-122.559924,37.925526],[-122.559931,37.925492],[-122.559942,37.925458],[-122.559958,37.925425],[-122.559978,37.925392],[-122.560002,37.925361],[-122.56003,37.925331]]]},"properties":{"prop_id":"027-011-15","situsforma":"","situsfor_2":""}},{"type":"Feature","geometry":{"type":"Polygon","coordinates":[[[-122.550035,37.915506],[-122.550432,37.915471],[-122.550437,37.915704],[-122.550401,37.915792],[-122.55002,37.915791],[-122.550013,37.915791],[-122.550027,37.915709],[-122.549994,37.915709],[-122.550027,37.915507],[-122.550035,37.915506]]]},"properties":{"prop_id":"029-024-40","situsforma":"250 ELDRIDGE AVE","situsfor_2":"250 ELDRIDGE AVE  MILL VALLEY"}},{"type":"Feature","geometry":{"type":"Polygon","coordinates":[[[-122.536909,37.902215],[-122.537312,37.901988],[-122.537385,37.902166],[-122.536975,37.902347],[-122.536964,37.902325],[-122.536909,37.902215]]]},"properties":{"prop_id":"028-232-19","situsforma":"59 CATALPA AVE","situsfor_2":"59 CATALPA AVE  MILL VALLEY"}},{"type":"Feature","geometry":{"type":"Polygon","coordinates":[[[-122.535551,37.899951],[-122.535832,37.900199],[-122.535577,37.900377],[-122.535513,37.900325],[-122.535499,37.900308],[-122.535498,37.900308],[-122.535498,37.900308],[-122.535498,37.900308],[-122.535483,37.900287],[-122.535482,37.900287],[-122.535482,37.900286],[-122.535469,37.900264],[-122.535432,37.900186],[-122.535431,37.900184],[-122.53543,37.900183],[-122.535428,37.90018],[-122.535427,37.900179],[-122.535427,37.900178],[-122.535425,37.900176],[-122.535425,37.900174],[-122.535424,37.900174],[-122.535423,37.90017],[-122.535422,37.900169],[-122.535422,37.900169],[-122.535422,37.900168],[-122.535421,37.900165],[-122.53542,37.900164],[-122.53542,37.900163],[-122.53542,37.900163],[-122.535419,37.900158],[-122.535419,37.900158],[-122.535419,37.900158],[-122.535419,37.900157],[-122.535419,37.900153],[-122.535419,37.900153],[-122.535419,37.900153],[-122.535419,37.900151],[-122.535418,37.900148],[-122.535418,37.900147],[-122.535419,37.900146],[-122.535419,37.900143],[-122.535419,37.900142],[-122.535419,37.90014],[-122.53542,37.900137],[-122.53542,37.900136],[-122.53542,37.900135],[-122.535421,37.900132],[-122.535421,37.900131],[-122.535422,37.90013],[-122.535423,37.900127],[-122.535424,37.900126],[-122.535424,37.900125],[-122.535426,37.900122],[-122.535426,37.900121],[-122.535426,37.900121],[-122.535427,37.900121],[-122.535429,37.900116],[-122.535551,37.899951]]]},"properties":{"prop_id":"030-051-06","situsforma":"73 LOCUST AVE","situsfor_2":"73 LOCUST AVE  MILL VALLEY"}},{"type":"Feature","geometry":{"type":"Polygon","coordinates":[[[-122.558558,37.893954],[-122.558332,37.893664],[-122.557946,37.893739],[-122.55754,37.89354],[-122.55738,37.893461],[-122.55738,37.893461],[-122.55738,37.89346],[-122.557386,37.893459],[-122.557609,37.893393],[-122.557609,37.893393],[-122.557687,37.89337],[-122.558545,37.893499],[-122.558546,37.893499],[-122.55868,37.893611],[-122.558686,37.893679],[-122.558686,37.89368],[-122.558703,37.893893],[-122.558711,37.893992],[-122.558711,37.893992],[-122.558746,37.894025],[-122.558746,37.894025],[-122.558763,37.89404],[-122.558842,37.894112],[-122.558842,37.894113],[-122.558869,37.894137],[-122.558869,37.894138],[-122.5589,37.894241],[-122.558924,37.894319],[-122.558538,37.894418],[-122.558204,37.89402],[-122.558194,37.894009],[-122.558558,37.893954]]]},"properties":{"prop_id":"046-302-02","situsforma":"","situsfor_2":""}},{"type":"Feature","geometry":{"type":"Polygon","coordinates":[[[-122.553478,37.916403],[-122.55348,37.916053],[-122.553513,37.916061],[-122.553816,37.916137],[-122.553659,37.916421],[-122.553478,37.916403]]]},"properties":{"prop_id":"027-082-10","situsforma":"65 MARGUERITE AVE","situsfor_2":"65 MARGUERITE AVE  MILL VALLEY"}},{"type":"Feature","geometry":{"type":"Polygon","coordinates":[[[-122.552432,37.908363],[-122.552424,37.907878],[-122.552443,37.907848],[-122.552474,37.9078],[-122.552475,37.907801],[-122.552647,37.907866],[-122.552655,37.907868],[-122.552828,37.907932],[-122.55298,37.907991],[-122.552861,37.908155],[-122.552728,37.908112],[-122.552653,37.90816],[-122.552601,37.908207],[-122.552505,37.908204],[-122.552482,37.908264],[-122.552475,37.908324],[-122.552534,37.908423],[-122.552519,37.908433],[-122.552432,37.908363]]]},"properties":{"prop_id":"029-095-27","situsforma":"69 TAMALPAIS AVE","situsfor_2":"69 TAMALPAIS AVE  MILL VALLEY"}},{"type":"Feature","geometry":{"type":"Polygon","coordinates":[[[-122.536727,37.906878],[-122.5368,37.906583],[-122.537195,37.906719],[-122.536975,37.906939],[-122.536727,37.906878]]]},"properties":{"prop_id":"029-203-19","situsforma":"200 MANOR DR","situsfor_2":"200 MANOR DR  MILL VALLEY"}},{"type":"Feature","geometry":{"type":"Polygon","coordinates":[[[-122.564486,37.909599],[-122.564093,37.909503],[-122.564233,37.909402],[-122.564258,37.909304],[-122.564559,37.909215],[-122.564561,37.90923],[-122.564607,37.9094],[-122.564486,37.909599]]]},"properties":{"prop_id":"027-201-04","situsforma":"421 ROSE AVE","situsfor_2":"421 ROSE AVE  MILL VALLEY"}},{"type":"Feature","geometry":{"type":"Polygon","coordinates":[[[-122.550046,37.909079],[-122.550478,37.909244],[-122.550268,37.909479],[-122.550016,37.909474],[-122.550046,37.909079]]]},"properties":{"prop_id":"029-093-01","situsforma":"2 UPPER ALCATRAZ PL","situsfor_2":"2 UPPER ALCATRAZ PL  MILL VALLEY"}},{"type":"Feature","geometry":{"type":"Polygon","coordinates":[[[-122.538345,37.893609],[-122.538395,37.893563],[-122.538486,37.893611],[-122.53871,37.893961],[-122.538704,37.893965],[-122.538647,37.894009],[-122.538643,37.894008],[-122.538528,37.893991],[-122.538321,37.893755],[-122.538345,37.893609]]]},"properties":{"prop_id":"048-061-52","situsforma":"108 LAVERNE AVE","situsfor_2":"108 LAVERNE AVE  MILL VALLEY"}},{"type":"Feature","geometry":{"type":"Polygon","coordinates":[[[-122.547658,37.906506],[-122.547563,37.906286],[-122.547636,37.906262],[-122.547721,37.906462],[-122.547658,37.906506]]]},"properties":{"prop_id":"028-013-01","situsforma":"71 THROCKMORTON AVE","situsfor_2":"71 THROCKMORTON AVE  MILL VALLEY"}},{"type":"Feature","geometry":{"type":"Polygon","coordinates":[[[-122.554162,37.907807],[-122.554166,37.907938],[-122.553807,37.907948],[-122.553811,37.907812],[-122.554162,37.907807]]]},"properties":{"prop_id":"028-041-12","situsforma":"34 CORNELIA AVE","situsfor_2":"34 CORNELIA AVE  MILL VALLEY"}},{"type":"Feature","geometry":{"type":"Polygon","coordinates":[[[-122.551485,37.908766],[-122.551545,37.908532],[-122.552064,37.908504],[-122.551787,37.908761],[-122.551786,37.908782],[-122.551485,37.908766]]]},"properties":{"prop_id":"029-092-13","situsforma":"425 MAGEE AVE","situsfor_2":"425 MAGEE AVE  MILL VALLEY"}},{"type":"Feature","geometry":{"type":"Polygon","coordinates":[[[-122.532077,37.899432],[-122.532222,37.899425],[-122.532237,37.899434],[-122.532311,37.899477],[-122.532081,37.899663],[-122.531945,37.899546],[-122.531938,37.89954],[-122.532077,37.899432]]]},"properties":{"prop_id":"030-042-02","situsforma":"74 MATILDA AVE","situsfor_2":"74 MATILDA AVE  MILL VALLEY"}},{"type":"Feature","geometry":{"type":"Polygon","coordinates":[[[-122.547247,37.897066],[-122.547247,37.897064],[-122.547563,37.897131],[-122.547562,37.897132],[-122.547402,37.897567],[-122.547113,37.897483],[-122.547197,37.89723],[-122.547247,37.897066]]]},"properties":{"prop_id":"047-132-13","situsforma":"351 MONTFORD AVE","situsfor_2":"351 MONTFORD AVE  MILL VALLEY"}},{"type":"Feature","geometry":{"type":"Polygon","coordinates":[[[-122.536711,37.898452],[-122.536561,37.898555],[-122.536432,37.898644],[-122.536298,37.898738],[-122.536195,37.898652],[-122.536549,37.898406],[-122.536711,37.898452]]]},"properties":{"prop_id":"030-055-04","situsforma":"200 SYCAMORE AVE","situsfor_2":"200 SYCAMORE AVE  MILL VALLEY"}},{"type":"Feature","geometry":{"type":"Polygon","coordinates":[[[-122.541059,37.899866],[-122.541115,37.899808],[-122.541322,37.899594],[-122.541393,37.899651],[-122.541141,37.899924],[-122.541059,37.899866]]]},"properties":{"prop_id":"028-183-08","situsforma":"47 WOODSIDE LN","situsfor_2":"47 WOODSIDE LN  MILL VALLEY"}},{"type":"Feature","geometry":{"type":"Polygon","coordinates":[[[-122.555472,37.899498],[-122.555729,37.899259],[-122.555782,37.899295],[-122.555793,37.899296],[-122.555712,37.899431],[-122.555676,37.899491],[-122.555563,37.899551],[-122.555472,37.899498]]]},"properties":{"prop_id":"047-071-19","situsforma":"519 TAMALPAIS DR","situsfor_2":"519 TAMALPAIS DR  MILL VALLEY"}},{"type":"Feature","geometry":{"type":"Polygon","coordinates":[[[-122.549657,37.901921],[-122.549469,37.901842],[-122.549605,37.901583],[-122.549791,37.901667],[-122.549657,37.901921]]]},"properties":{"prop_id":"028-161-03","situsforma":"","situsfor_2":""}},{"type":"Feature","geometry":{"type":"Polygon","coordinates":[[[-122.532504,37.902279],[-122.532611,37.902132],[-122.532612,37.902132],[-122.532777,37.901893],[-122.532811,37.901908],[-122.532926,37.901959],[-122.53265,37.902343],[-122.53265,37.902343],[-122.532612,37.902326],[-122.532524,37.902288],[-122.532504,37.902279]]]},"properties":{"prop_id":"030-012-55","situsforma":"471 E BLITHEDALE AVE","situsfor_2":"471 E BLITHEDALE AVE  MILL VALLEY"}},{"type":"Feature","geometry":{"type":"Polygon","coordinates":[[[-122.541773,37.897678],[-122.541918,37.897752],[-122.542053,37.897937],[-122.542027,37.897948],[-122.542037,37.897985],[-122.541872,37.89806],[-122.541567,37.897853],[-122.541635,37.897631],[-122.541773,37.897678]]]},"properties":{"prop_id":"028-191-37","situsforma":"12 ECHO LN","situsfor_2":"12 ECHO LN  MILL VALLEY"}},{"type":"Feature","geometry":{"type":"Polygon","coordinates":[[[-122.547619,37.910934],[-122.547396,37.911321],[-122.547171,37.911318],[-122.547352,37.910792],[-122.547619,37.910934]]]},"properties":{"prop_id":"029-061-07","situsforma":"33 CORONET AVE","situsfor_2":"33 CORONET AVE  MILL VALLEY"}},{"type":"Feature","geometry":{"type":"Polygon","coordinates":[[[-122.530186,37.926451],[-122.530101,37.926383],[-122.530072,37.926359],[-122.530127,37.926324],[-122.53027,37.926435],[-122.530257,37.926444],[-122.530387,37.926594],[-122.530254,37.926641],[-122.530117,37.926482],[-122.530186,37.926451]]]},"properties":{"prop_id":"025-015-34","situsforma":"118 CORTE MADERA AVE","situsfor_2":"118 CORTE MADERA AVE  CORTE MADERA"}},{"type":"Feature","geometry":{"type":"Polygon","coordinates":[[[-122.54094,37.895604],[-122.541092,37.895167],[-122.541093,37.895163],[-122.541097,37.895154],[-122.541264,37.895195],[-122.54126,37.895208],[-122.541235,37.895277],[-122.541234,37.895279],[-122.541223,37.895276],[-122.541097,37.89564],[-122.54094,37.895604]]]},"properties":{"prop_id":"047-222-22","situsforma":"233 EVERGREEN AVE","situsfor_2":"233 EVERGREEN AVE  MILL VALLEY"}},{"type":"Feature","geometry":{"type":"Polygon","coordinates":[[[-122.546349,37.903961],[-122.546348,37.903863],[-122.546553,37.903711],[-122.546608,37.90376],[-122.546761,37.903659],[-122.546822,37.903734],[-122.54662,37.903905],[-122.546603,37.903981],[-122.546349,37.903961]]]},"properties":{"prop_id":"028-063-21","situsforma":"159 ETHEL AVE","situsfor_2":"159 ETHEL AVE  MILL VALLEY"}},{"type":"Feature","geometry":{"type":"Polygon","coordinates":[[[-122.542226,37.895502],[-122.542254,37.895424],[-122.542304,37.895282],[-122.542352,37.895147],[-122.542522,37.895181],[-122.542389,37.895537],[-122.542226,37.895502]]]},"properties":{"prop_id":"047-221-10","situsforma":"228 LAVERNE AVE","situsfor_2":"228 LAVERNE AVE  MILL VALLEY"}},{"type":"Feature","geometry":{"type":"Polygon","coordinates":[[[-122.553889,37.916923],[-122.554008,37.916826],[-122.553957,37.916755],[-122.553994,37.916709],[-122.554019,37.916724],[-122.554095,37.916697],[-122.554141,37.916734],[-122.554325,37.916875],[-122.55427,37.916917],[-122.554058,37.917009],[-122.553889,37.916923]]]},"properties":{"prop_id":"027-081-33","situsforma":"40 MARGUERITE AVE","situsfor_2":"40 MARGUERITE AVE  MILL VALLEY"}},{"type":"Feature","geometry":{"type":"Polygon","coordinates":[[[-122.546853,37.902712],[-122.547189,37.902509],[-122.547336,37.902679],[-122.54696,37.902885],[-122.546853,37.902712]]]},"properties":{"prop_id":"028-112-09","situsforma":"215 MOLINO AVE","situsfor_2":"215 MOLINO AVE  MILL VALLEY"}},{"type":"Feature","geometry":{"type":"Polygon","coordinates":[[[-122.533769,37.924044],[-122.534023,37.924097],[-122.534163,37.924192],[-122.534003,37.924282],[-122.533699,37.924306],[-122.533769,37.924044]]]},"properties":{"prop_id":"025-023-20","situsforma":"220 MORNINGSIDE DR","situsfor_2":"220 MORNINGSIDE DR  CORTE MADERA"}},{"type":"Feature","geometry":{"type":"Polygon","coordinates":[[[-122.558528,37.915357],[-122.55832,37.915483],[-122.557998,37.915169],[-122.557893,37.91499],[-122.558348,37.915045],[-122.558528,37.915357]]]},"properties":{"prop_id":"027-112-03","situsforma":"22 MYRTLE AVE","situsfor_2":"22 MYRTLE AVE  MILL VALLEY"}},{"type":"Feature","geometry":{"type":"Polygon","coordinates":[[[-122.547677,37.90767],[-122.547673,37.907661],[-122.547658,37.907631],[-122.547653,37.907625],[-122.547993,37.907401],[-122.548033,37.907504],[-122.548049,37.907544],[-122.548071,37.907601],[-122.547691,37.907701],[-122.547688,37.907694],[-122.547677,37.90767]]]},"properties":{"prop_id":"028-014-06","situsforma":"30 CORTE MADERA AVE","situsfor_2":"30 CORTE MADERA AVE  MILL VALLEY"}},{"type":"Feature","geometry":{"type":"Polygon","coordinates":[[[-122.554499,37.906293],[-122.554714,37.906041],[-122.554716,37.906042],[-122.554838,37.906151],[-122.554837,37.906151],[-122.55466,37.906378],[-122.554499,37.906293]]]},"properties":{"prop_id":"028-091-06","situsforma":"385 THROCKMORTON AVE","situsfor_2":"385 THROCKMORTON AVE  MILL VALLEY"}},{"type":"Feature","geometry":{"type":"Polygon","coordinates":[[[-122.557176,37.919573],[-122.557558,37.91926],[-122.557583,37.91924],[-122.557753,37.919343],[-122.55801,37.919498],[-122.557582,37.919724],[-122.557176,37.919573]]]},"properties":{"prop_id":"027-271-14","situsforma":"10 MANZANITA PL","situsfor_2":"10 MANZANITA PL  MILL VALLEY"}},{"type":"Feature","geometry":{"type":"Polygon","coordinates":[[[-122.563132,37.900437],[-122.562812,37.90048],[-122.562787,37.900448],[-122.562747,37.900193],[-122.563073,37.900132],[-122.563108,37.900322],[-122.563113,37.900348],[-122.563132,37.900437]]]},"properties":{"prop_id":"045-271-05","situsforma":"15 MONTE CIMAS AVE","situsfor_2":"15 MONTE CIMAS AVE  MILL VALLEY"}},{"type":"Feature","geometry":{"type":"Polygon","coordinates":[[[-122.541373,37.902528],[-122.541386,37.902521],[-122.541516,37.902604],[-122.541496,37.902615],[-122.54133,37.902711],[-122.541044,37.902868],[-122.541027,37.90285],[-122.540933,37.902772],[-122.541373,37.902528]]]},"properties":{"prop_id":"028-034-25","situsforma":"38 SYCAMORE AVE","situsfor_2":"38 SYCAMORE AVE  MILL VALLEY"}},{"type":"Feature","geometry":{"type":"Polygon","coordinates":[[[-122.557595,37.904386],[-122.557722,37.904121],[-122.557855,37.904172],[-122.558003,37.904362],[-122.557865,37.90437],[-122.557595,37.904386]]]},"properties":{"prop_id":"028-123-16","situsforma":"","situsfor_2":""}},{"type":"Feature","geometry":{"type":"Polygon","coordinates":[[[-122.531215,37.898614],[-122.53144,37.898386],[-122.531581,37.898468],[-122.531354,37.8987],[-122.531215,37.898614]]]},"properties":{"prop_id":"030-062-14","situsforma":"20 RYAN AVE","situsfor_2":"20 RYAN AVE  MILL VALLEY"}},{"type":"Feature","geometry":{"type":"Polygon","coordinates":[[[-122.547188,37.90522],[-122.547313,37.905131],[-122.5475,37.90536],[-122.547451,37.905571],[-122.547337,37.905595],[-122.547188,37.90522]]]},"properties":{"prop_id":"028-013-21","situsforma":"","situsfor_2":""}},{"type":"Feature","geometry":{"type":"Polygon","coordinates":[[[-122.533849,37.926893],[-122.533848,37.926893],[-122.533848,37.926893],[-122.53384,37.926893],[-122.533839,37.926893],[-122.533838,37.926893],[-122.533831,37.926894],[-122.53383,37.926894],[-122.53383,37.926894],[-122.533829,37.926894],[-122.533822,37.926895],[-122.533822,37.926895],[-122.533817,37.926896],[-122.53391,37.926716],[-122.533982,37.926693],[-122.534152,37.926639],[-122.534153,37.926639],[-122.534371,37.926845],[-122.534392,37.926865],[-122.533937,37.926921],[-122.53393,37.926916],[-122.533929,37.926916],[-122.533928,37.926915],[-122.533923,37.926912],[-122.533921,37.926911],[-122.533921,37.926911],[-122.53392,37.926911],[-122.533914,37.926908],[-122.533914,37.926907],[-122.533913,37.926907],[-122.533912,37.926906],[-122.533906,37.926904],[-122.533904,37.926903],[-122.533903,37.926903],[-122.533895,37.9269],[-122.533895,37.9269],[-122.533895,37.9269],[-122.533887,37.926898],[-122.533886,37.926897],[-122.533885,37.926897],[-122.533878,37.926895],[-122.533877,37.926895],[-122.533876,37.926895],[-122.533876,37.926895],[-122.533868,37.926894],[-122.533867,37.926894],[-122.533866,37.926894],[-122.533859,37.926893],[-122.533858,37.926893],[-122.533857,37.926893],[-122.533849,37.926893],[-122.533849,37.926893]]]},"properties":{"prop_id":"021-142-27","situsforma":"29 LARK CT","situsfor_2":"29 LARK CT  LARKSPUR"}},{"type":"Feature","geometry":{"type":"Polygon","coordinates":[[[-122.537863,37.901998],[-122.537925,37.90209],[-122.537583,37.902292],[-122.537547,37.902197],[-122.537863,37.901998]]]},"properties":{"prop_id":"028-233-12","situsforma":"50 CATALPA AVE","situsfor_2":"50 CATALPA AVE  MILL VALLEY"}},{"type":"Feature","geometry":{"type":"Polygon","coordinates":[[[-122.5389,37.916023],[-122.539277,37.915935],[-122.539316,37.91586],[-122.539556,37.915956],[-122.539342,37.916322],[-122.538999,37.916098],[-122.538944,37.916056],[-122.5389,37.916023]]]},"properties":{"prop_id":"029-143-01","situsforma":"17 GLEN DR","situsfor_2":"17 GLEN DR  MILL VALLEY"}},{"type":"Feature","geometry":{"type":"Polygon","coordinates":[[[-122.53424,37.924755],[-122.534232,37.924626],[-122.534195,37.924628],[-122.534219,37.924562],[-122.534271,37.924497],[-122.534423,37.924353],[-122.534583,37.924375],[-122.534498,37.924608],[-122.534418,37.924613],[-122.534444,37.924836],[-122.534247,37.92489],[-122.53424,37.924755]]]},"properties":{"prop_id":"025-023-72","situsforma":"208 MORNINGSIDE DR","situsfor_2":"208 MORNINGSIDE DR  CORTE MADERA"}},{"type":"Feature","geometry":{"type":"Polygon","coordinates":[[[-122.542659,37.898028],[-122.54269,37.897968],[-122.54269,37.897968],[-122.54269,37.897968],[-122.542691,37.897968],[-122.542889,37.897973],[-122.54279,37.898321],[-122.54279,37.898321],[-122.542749,37.898316],[-122.542749,37.898316],[-122.542728,37.898313],[-122.542727,37.898313],[-122.54253,37.898286],[-122.542529,37.898286],[-122.542528,37.898286],[-122.542528,37.898286],[-122.542528,37.898286],[-122.542625,37.898095],[-122.542633,37.89808],[-122.542655,37.898035],[-122.542659,37.898028]]]},"properties":{"prop_id":"047-151-21","situsforma":"140 JANES ST","situsfor_2":"140 JANES ST  MILL VALLEY"}},{"type":"Feature","geometry":{"type":"Polygon","coordinates":[[[-122.533043,37.900792],[-122.532953,37.900745],[-122.5329,37.900716],[-122.533131,37.900469],[-122.533269,37.900554],[-122.533043,37.900792]]]},"properties":{"prop_id":"030-036-20","situsforma":"33 MATILDA AVE","situsfor_2":"33 MATILDA AVE  MILL VALLEY"}},{"type":"Feature","geometry":{"type":"Polygon","coordinates":[[[-122.54295,37.905669],[-122.543128,37.90567],[-122.543126,37.906007],[-122.542951,37.906006],[-122.54295,37.905669]]]},"properties":{"prop_id":"029-185-06","situsforma":"98 SUNNYSIDE AVE","situsfor_2":"98 SUNNYSIDE AVE  MILL VALLEY"}},{"type":"Feature","geometry":{"type":"Polygon","coordinates":[[[-122.566928,37.900225],[-122.567121,37.900197],[-122.567229,37.900347],[-122.567109,37.900363],[-122.566998,37.900409],[-122.567007,37.900425],[-122.566817,37.900524],[-122.566739,37.900385],[-122.566928,37.900225]]]},"properties":{"prop_id":"046-151-15","situsforma":"11 RIDGE AVE","situsfor_2":"11 RIDGE AVE  MILL VALLEY"}},{"type":"Feature","geometry":{"type":"Polygon","coordinates":[[[-122.546432,37.898711],[-122.546852,37.897568],[-122.547081,37.897607],[-122.547195,37.897642],[-122.546774,37.89878],[-122.546432,37.898711]]]},"properties":{"prop_id":"047-131-10","situsforma":"370 MONTFORD AVE","situsfor_2":"370 MONTFORD AVE  MILL VALLEY"}},{"type":"Feature","geometry":{"type":"Polygon","coordinates":[[[-122.555899,37.902707],[-122.555783,37.902611],[-122.555588,37.902654],[-122.55559,37.90262],[-122.555607,37.902379],[-122.55586,37.902397],[-122.555952,37.902481],[-122.555968,37.902497],[-122.555899,37.902707]]]},"properties":{"prop_id":"028-142-41","situsforma":"290 EDGEWOOD AVE","situsfor_2":"290 EDGEWOOD AVE  MILL VALLEY"}},{"type":"Feature","geometry":{"type":"Polygon","coordinates":[[[-122.536596,37.921952],[-122.536679,37.921953],[-122.536635,37.921993],[-122.536596,37.921952]]]},"properties":{"prop_id":"021-163-09","situsforma":"","situsfor_2":""}},{"type":"Feature","geometry":{"type":"Polygon","coordinates":[[[-122.534808,37.908437],[-122.535145,37.908513],[-122.535114,37.908664],[-122.534794,37.908587],[-122.534808,37.908437]]]},"properties":{"prop_id":"029-241-05","situsforma":"231 DEL CASA DR","situsfor_2":"231 DEL CASA DR  MILL VALLEY"}},{"type":"Feature","geometry":{"type":"Polygon","coordinates":[[[-122.546304,37.91352],[-122.546392,37.913842],[-122.546359,37.913841],[-122.546301,37.913844],[-122.5463,37.913844],[-122.546299,37.913844],[-122.546243,37.91385],[-122.546241,37.913851],[-122.54624,37.913851],[-122.546184,37.913862],[-122.546183,37.913862],[-122.546183,37.913862],[-122.546182,37.913862],[-122.546128,37.913876],[-122.546127,37.913877],[-122.546126,37.913877],[-122.546073,37.913895],[-122.546072,37.913896],[-122.546069,37.913897],[-122.546049,37.913905],[-122.54593,37.913951],[-122.545928,37.913952],[-122.545926,37.913953],[-122.545924,37.913954],[-122.545922,37.913954],[-122.545921,37.913955],[-122.545918,37.913955],[-122.545917,37.913956],[-122.545916,37.913956],[-122.545913,37.913956],[-122.545911,37.913957],[-122.54591,37.913957],[-122.545907,37.913957],[-122.545905,37.913957],[-122.545904,37.913957],[-122.545901,37.913958],[-122.545899,37.913958],[-122.545899,37.913958],[-122.545898,37.913958],[-122.545895,37.913958],[-122.545893,37.913958],[-122.545893,37.913957],[-122.545892,37.913957],[-122.545889,37.913957],[-122.545888,37.913957],[-122.545887,37.913957],[-122.545887,37.913957],[-122.545883,37.913956],[-122.545882,37.913956],[-122.545882,37.913956],[-122.545881,37.913956],[-122.545876,37.913955],[-122.546148,37.91364],[-122.546304,37.91352]]]},"properties":{"prop_id":"029-032-03","situsforma":"79 GREENWOOD WAY","situsfor_2":"79 GREENWOOD WAY  MILL VALLEY"}},{"type":"Feature","geometry":{"type":"Polygon","coordinates":[[[-122.54062,37.898349],[-122.54063,37.898193],[-122.540832,37.89822],[-122.54094,37.898058],[-122.540992,37.898309],[-122.540964,37.898363],[-122.54062,37.898349]]]},"properties":{"prop_id":"028-201-05","situsforma":"430 MOLINO AVE","situsfor_2":"430 MOLINO AVE  MILL VALLEY"}},{"type":"Feature","geometry":{"type":"Polygon","coordinates":[[[-122.544926,37.912724],[-122.544931,37.912717],[-122.545168,37.912753],[-122.545406,37.912874],[-122.545391,37.9129],[-122.545389,37.912904],[-122.545389,37.912905],[-122.545388,37.912905],[-122.545387,37.912908],[-122.545386,37.912908],[-122.545386,37.912909],[-122.545385,37.912911],[-122.545382,37.912915],[-122.545382,37.912916],[-122.545381,37.912917],[-122.54538,37.912919],[-122.545378,37.912921],[-122.545378,37.912922],[-122.545377,37.912922],[-122.545377,37.912923],[-122.545376,37.912923],[-122.545376,37.912924],[-122.545374,37.912926],[-122.545372,37.912929],[-122.545371,37.912931],[-122.54537,37.912932],[-122.545369,37.912934],[-122.545367,37.912935],[-122.545365,37.912938],[-122.545364,37.912938],[-122.545364,37.912939],[-122.545364,37.912939],[-122.545364,37.912939],[-122.545363,37.91294],[-122.545363,37.91294],[-122.545363,37.912941],[-122.545361,37.912942],[-122.545359,37.912945],[-122.545357,37.912947],[-122.545356,37.912948],[-122.545355,37.912948],[-122.545351,37.912952],[-122.54535,37.912954],[-122.54535,37.912954],[-122.545349,37.912954],[-122.545349,37.912955],[-122.545349,37.912955],[-122.545348,37.912955],[-122.545348,37.912956],[-122.545348,37.912956],[-122.545343,37.91296],[-122.545343,37.912961],[-122.545343,37.912961],[-122.545341,37.912962],[-122.545336,37.912966],[-122.545335,37.912967],[-122.545335,37.912967],[-122.545333,37.912969],[-122.545332,37.91297],[-122.545332,37.91297],[-122.545331,37.91297],[-122.545331,37.912971],[-122.54533,37.912971],[-122.545329,37.912972],[-122.545328,37.912973],[-122.545327,37.912974],[-122.545325,37.912975],[-122.545322,37.912977],[-122.54532,37.912979],[-122.545319,37.91298],[-122.545317,37.912981],[-122.545314,37.912983],[-122.545314,37.912983],[-122.545313,37.912983],[-122.545313,37.912984],[-122.545312,37.912984],[-122.54531,37.912985],[-122.545309,37.912986],[-122.545307,37.912988],[-122.545304,37.91299],[-122.545301,37.912991],[-122.5453,37.912992],[-122.545299,37.912992],[-122.545295,37.912995],[-122.545293,37.912996],[-122.545293,37.912996],[-122.545293,37.912996],[-122.545292,37.912996],[-122.545292,37.912996],[-122.545292,37.912996],[-122.545292,37.912996],[-122.545291,37.912997],[-122.545284,37.913],[-122.545283,37.913001],[-122.545283,37.913001],[-122.545283,37.913001],[-122.545274,37.913005],[-122.545274,37.913005],[-122.545273,37.913006],[-122.545272,37.913006],[-122.545271,37.913007],[-122.54527,37.913007],[-122.54527,37.913007],[-122.545265,37.913009],[-122.545264,37.91301],[-122.545263,37.91301],[-122.545261,37.913011],[-122.545257,37.913013],[-122.545255,37.913013],[-122.545253,37.913014],[-122.545251,37.913015],[-122.54525,37.913015],[-122.545249,37.913015],[-122.545249,37.913016],[-122.545248,37.913016],[-122.545248,37.913016],[-122.545247,37.913016],[-122.545245,37.913017],[-122.545243,37.913017],[-122.545241,37.913018],[-122.545238,37.913019],[-122.545235,37.91302],[-122.545233,37.913021],[-122.545231,37.913021],[-122.545229,37.913022],[-122.545226,37.913023],[-122.545226,37.913023],[-122.545225,37.913023],[-122.545224,37.913023],[-122.545224,37.913023],[-122.545222,37.913024],[-122.545221,37.913024],[-122.54522,37.913024],[-122.545214,37.913026],[-122.545212,37.913026],[-122.545211,37.913027],[-122.54521,37.913027],[-122.545201,37.913029],[-122.545139,37.913042],[-122.544967,37.913075],[-122.5449,37.912931],[-122.544896,37.912923],[-122.544896,37.912923],[-122.544896,37.912922],[-122.544895,37.91292],[-122.544894,37.912917],[-122.544894,37.912916],[-122.544894,37.912915],[-122.544894,37.912915],[-122.544894,37.912915],[-122.544893,37.912915],[-122.544893,37.912914],[-122.544893,37.912913],[-122.544892,37.912911],[-122.544891,37.912907],[-122.54489,37.912905],[-122.54489,37.912904],[-122.544889,37.912902],[-122.544889,37.912899],[-122.544888,37.912896],[-122.544888,37.912896],[-122.544888,37.912895],[-122.544888,37.912895],[-122.544888,37.912895],[-122.544888,37.912895],[-122.544887,37.912894],[-122.544887,37.912893],[-122.544887,37.91289],[-122.544886,37.912887],[-122.544886,37.912885],[-122.544885,37.912884],[-122.544885,37.912882],[-122.544884,37.912878],[-122.544884,37.912876],[-122.544884,37.912875],[-122.544884,37.912875],[-122.544884,37.912874],[-122.544884,37.912874],[-122.544884,37.912874],[-122.544884,37.912874],[-122.544884,37.912873],[-122.544883,37.912869],[-122.544883,37.912866],[-122.544883,37.912866],[-122.544883,37.912865],[-122.544882,37.912857],[-122.544882,37.912854],[-122.544882,37.912854],[-122.544882,37.912853],[-122.544882,37.912852],[-122.544882,37.912852],[-122.544882,37.912849],[-122.544882,37.912848],[-122.544882,37.912848],[-122.544882,37.912845],[-122.544882,37.91284],[-122.544882,37.912839],[-122.544882,37.912838],[-122.544883,37.912836],[-122.544883,37.912833],[-122.544883,37.912832],[-122.544883,37.912832],[-122.544883,37.912831],[-122.544883,37.91283],[-122.544883,37.912829],[-122.544883,37.912827],[-122.544884,37.912824],[-122.544884,37.912822],[-122.544884,37.91282],[-122.544885,37.912818],[-122.544885,37.912816],[-122.544886,37.912813],[-122.544886,37.912812],[-122.544886,37.912812],[-122.544886,37.912811],[-122.544886,37.912811],[-122.544886,37.91281],[-122.544886,37.912809],[-122.544887,37.912807],[-122.544888,37.912804],[-122.544888,37.912801],[-122.544888,37.9128],[-122.544889,37.912799],[-122.54489,37.912795],[-122.544891,37.912792],[-122.544891,37.912792],[-122.544891,37.912792],[-122.544891,37.912791],[-122.544891,37.912791],[-122.544891,37.912791],[-122.544894,37.912783],[-122.544897,37.912775],[-122.544897,37.912775],[-122.544897,37.912774],[-122.544898,37.912772],[-122.544898,37.912772],[-122.544898,37.912771],[-122.544899,37.912771],[-122.544899,37.91277],[-122.5449,37.912767],[-122.5449,37.912766],[-122.544901,37.912766],[-122.544902,37.912763],[-122.544904,37.91276],[-122.544904,37.912758],[-122.544905,37.912757],[-122.544906,37.912755],[-122.544907,37.912753],[-122.544908,37.912752],[-122.544908,37.912752],[-122.544908,37.912751],[-122.544909,37.91275],[-122.54491,37.912748],[-122.544911,37.912747],[-122.544912,37.912745],[-122.544915,37.91274],[-122.544917,37.912738],[-122.544918,37.912736],[-122.544918,37.912735],[-122.544918,37.912735],[-122.544919,37.912734],[-122.544919,37.912734],[-122.544919,37.912733],[-122.54492,37.912732],[-122.54492,37.912732],[-122.544921,37.912731],[-122.544924,37.912727],[-122.544925,37.912725],[-122.544926,37.912724],[-122.544926,37.912724]]]},"properties":{"prop_id":"029-036-10","situsforma":"70 UPLAND AVE","situsfor_2":"70 UPLAND AVE  MILL VALLEY"}},{"type":"Feature","geometry":{"type":"Polygon","coordinates":[[[-122.534294,37.916357],[-122.533893,37.916307],[-122.533655,37.916378],[-122.533656,37.916369],[-122.533656,37.916368],[-122.533656,37.916367],[-122.533656,37.916359],[-122.533656,37.916359],[-122.533656,37.916358],[-122.533656,37.916358],[-122.533654,37.91635],[-122.533654,37.916349],[-122.533654,37.916348],[-122.533652,37.91634],[-122.533652,37.91634],[-122.533652,37.916339],[-122.533651,37.916338],[-122.533649,37.916331],[-122.533648,37.91633],[-122.533648,37.916329],[-122.533644,37.916321],[-122.533644,37.916321],[-122.533643,37.91632],[-122.533639,37.916313],[-122.533638,37.916312],[-122.533638,37.916312],[-122.533632,37.916304],[-122.533632,37.916304],[-122.533631,37.916303],[-122.533625,37.916297],[-122.533625,37.916296],[-122.533624,37.916296],[-122.533617,37.916289],[-122.533616,37.916289],[-122.533615,37.916288],[-122.533608,37.916283],[-122.533608,37.916282],[-122.533607,37.916282],[-122.533807,37.916215],[-122.533861,37.915955],[-122.534,37.915981],[-122.534358,37.916047],[-122.534383,37.916367],[-122.534294,37.916357]]]},"properties":{"prop_id":"029-341-04","situsforma":"41 MAGDALENA CT","situsfor_2":"41 MAGDALENA CT  MILL VALLEY"}},{"type":"Feature","geometry":{"type":"Polygon","coordinates":[[[-122.547212,37.907821],[-122.547146,37.907701],[-122.547615,37.907587],[-122.54764,37.907608],[-122.547653,37.907625],[-122.547658,37.907631],[-122.547673,37.907661],[-122.547677,37.90767],[-122.547212,37.907821]]]},"properties":{"prop_id":"028-014-11","situsforma":"37 W BLITHEDALE AVE","situsfor_2":"37 W BLITHEDALE AVE  MILL VALLEY"}},{"type":"Feature","geometry":{"type":"Polygon","coordinates":[[[-122.540301,37.894294],[-122.540365,37.894144],[-122.540691,37.89423],[-122.540724,37.894326],[-122.540726,37.89433],[-122.540726,37.894331],[-122.540726,37.894331],[-122.540726,37.894332],[-122.540727,37.894335],[-122.540727,37.894336],[-122.540727,37.894337],[-122.540727,37.89434],[-122.540727,37.894341],[-122.540727,37.894342],[-122.540727,37.894345],[-122.540727,37.894346],[-122.540727,37.894347],[-122.540727,37.89435],[-122.540727,37.894351],[-122.540727,37.894351],[-122.540727,37.894351],[-122.540726,37.894355],[-122.540726,37.894356],[-122.540726,37.894356],[-122.540725,37.894356],[-122.540724,37.894359],[-122.540724,37.89436],[-122.540724,37.89436],[-122.540724,37.894361],[-122.540722,37.894364],[-122.540722,37.894365],[-122.540722,37.894366],[-122.54072,37.894368],[-122.54072,37.894369],[-122.540719,37.89437],[-122.540717,37.894372],[-122.540717,37.894373],[-122.540716,37.894373],[-122.540716,37.894374],[-122.540713,37.894377],[-122.540675,37.894407],[-122.540301,37.894294]]]},"properties":{"prop_id":"047-223-16","situsforma":"204 LAVERNE AVE","situsfor_2":"204 LAVERNE AVE  MILL VALLEY"}},{"type":"Feature","geometry":{"type":"Polygon","coordinates":[[[-122.529569,37.923375],[-122.529565,37.923356],[-122.529885,37.92338],[-122.529889,37.92338],[-122.529899,37.923381],[-122.5299,37.923381],[-122.529851,37.923523],[-122.52985,37.923523],[-122.529519,37.923509],[-122.529535,37.923483],[-122.529536,37.923482],[-122.529536,37.923482],[-122.529549,37.923455],[-122.529549,37.923454],[-122.52955,37.923453],[-122.529559,37.923426],[-122.52956,37.923425],[-122.52956,37.923424],[-122.529566,37.923397],[-122.529566,37.923396],[-122.529566,37.923396],[-122.529567,37.923395],[-122.529569,37.923375]]]},"properties":{"prop_id":"025-095-07","situsforma":"27 GROVE AVE","situsfor_2":"27 GROVE AVE  CORTE MADERA"}},{"type":"Feature","geometry":{"type":"Polygon","coordinates":[[[-122.558056,37.900869],[-122.558008,37.901301],[-122.557903,37.901296],[-122.557707,37.901342],[-122.557584,37.901136],[-122.557763,37.900962],[-122.557793,37.900861],[-122.558056,37.900869]]]},"properties":{"prop_id":"047-011-03","situsforma":"26 CASTLE ROCK DR","situsfor_2":"26 CASTLE ROCK DR  MILL VALLEY"}},{"type":"Feature","geometry":{"type":"Polygon","coordinates":[[[-122.545621,37.913252],[-122.545565,37.913466],[-122.545059,37.913348],[-122.545059,37.913348],[-122.545059,37.913348],[-122.545051,37.913347],[-122.545051,37.913346],[-122.545049,37.913346],[-122.545044,37.913344],[-122.545042,37.913344],[-122.545042,37.913343],[-122.545034,37.91334],[-122.545034,37.91334],[-122.545034,37.91334],[-122.545028,37.913337],[-122.545027,37.913336],[-122.545026,37.913336],[-122.545021,37.913333],[-122.54502,37.913332],[-122.545019,37.913332],[-122.545013,37.913327],[-122.545013,37.913327],[-122.545013,37.913327],[-122.545008,37.913322],[-122.545007,37.913322],[-122.545006,37.913321],[-122.545002,37.913317],[-122.545002,37.913316],[-122.545001,37.913316],[-122.544997,37.91331],[-122.544997,37.91331],[-122.544993,37.913304],[-122.544993,37.913304],[-122.544992,37.913303],[-122.54499,37.913298],[-122.544989,37.913297],[-122.544989,37.913296],[-122.544986,37.91329],[-122.544986,37.91329],[-122.544985,37.913284],[-122.544984,37.913283],[-122.544984,37.913282],[-122.544983,37.913277],[-122.544983,37.913276],[-122.544983,37.913275],[-122.544983,37.913269],[-122.545309,37.913278],[-122.545465,37.913252],[-122.545621,37.913252]]]},"properties":{"prop_id":"029-032-06","situsforma":"69 GREENWOOD WAY","situsfor_2":"69 GREENWOOD WAY  MILL VALLEY"}},{"type":"Feature","geometry":{"type":"Polygon","coordinates":[[[-122.554256,37.902377],[-122.554293,37.90236],[-122.554431,37.902241],[-122.554578,37.90247],[-122.554514,37.902489],[-122.554483,37.902439],[-122.554138,37.902577],[-122.554106,37.90259],[-122.554123,37.902441],[-122.554256,37.902377]]]},"properties":{"prop_id":"028-142-30","situsforma":"13 DAFFODIL LN","situsfor_2":"13 DAFFODIL LN  MILL VALLEY"}},{"type":"Feature","geometry":{"type":"Polygon","coordinates":[[[-122.547801,37.913042],[-122.547723,37.913067],[-122.54765,37.912948],[-122.547736,37.912924],[-122.548209,37.912785],[-122.548248,37.912913],[-122.547801,37.913042]]]},"properties":{"prop_id":"029-032-54","situsforma":"104 ELDRIDGE AVE","situsfor_2":"104 ELDRIDGE AVE  MILL VALLEY"}},{"type":"Feature","geometry":{"type":"Polygon","coordinates":[[[-122.534313,37.902886],[-122.534141,37.903107],[-122.533912,37.903025],[-122.534079,37.902799],[-122.534212,37.902849],[-122.534313,37.902886]]]},"properties":{"prop_id":"030-012-46","situsforma":"64 ALTA VISTA AVE","situsfor_2":"64 ALTA VISTA AVE  MILL VALLEY"}},{"type":"Feature","geometry":{"type":"Polygon","coordinates":[[[-122.539333,37.918851],[-122.539443,37.918287],[-122.539443,37.918287],[-122.53949,37.918294],[-122.539507,37.918297],[-122.539738,37.918332],[-122.539738,37.918349],[-122.539738,37.91835],[-122.539738,37.91835],[-122.539738,37.91835],[-122.539739,37.918368],[-122.539739,37.918368],[-122.539739,37.918369],[-122.539743,37.918386],[-122.539743,37.918387],[-122.539743,37.918388],[-122.539749,37.918404],[-122.539749,37.918405],[-122.539749,37.918406],[-122.539757,37.918422],[-122.539757,37.918422],[-122.539757,37.918423],[-122.539766,37.918439],[-122.539767,37.918439],[-122.539767,37.91844],[-122.539778,37.918455],[-122.539778,37.918456],[-122.539779,37.918457],[-122.539791,37.918471],[-122.539792,37.918472],[-122.539793,37.918473],[-122.539806,37.918486],[-122.539807,37.918487],[-122.539808,37.918487],[-122.539823,37.9185],[-122.539824,37.9185],[-122.539825,37.918501],[-122.539841,37.918513],[-122.539842,37.918513],[-122.539843,37.918514],[-122.53986,37.918524],[-122.539862,37.918525],[-122.539862,37.918525],[-122.539881,37.918535],[-122.539882,37.918535],[-122.539883,37.918535],[-122.539902,37.918543],[-122.539903,37.918544],[-122.539903,37.918544],[-122.539923,37.91855],[-122.539924,37.91855],[-122.539924,37.91855],[-122.539925,37.91855],[-122.539946,37.918555],[-122.539946,37.918556],[-122.539946,37.918556],[-122.539967,37.918559],[-122.539995,37.918869],[-122.540036,37.919268],[-122.539574,37.919233],[-122.539303,37.919213],[-122.539262,37.91921],[-122.539333,37.918851]]]},"properties":{"prop_id":"029-300-32","situsforma":"36 GLEN DR","situsfor_2":"36 GLEN DR  MILL VALLEY"}},{"type":"Feature","geometry":{"type":"Polygon","coordinates":[[[-122.551928,37.90941],[-122.551932,37.90901],[-122.551932,37.909009],[-122.551932,37.909008],[-122.551934,37.908999],[-122.551935,37.908995],[-122.551938,37.908985],[-122.551941,37.908976],[-122.551946,37.908967],[-122.551952,37.908958],[-122.551958,37.90895],[-122.551966,37.908942],[-122.551974,37.908934],[-122.551983,37.908928],[-122.551992,37.908922],[-122.552002,37.908916],[-122.552013,37.908911],[-122.552023,37.908908],[-122.552035,37.908904],[-122.552046,37.908902],[-122.552058,37.908901],[-122.55207,37.9089],[-122.552081,37.9089],[-122.552093,37.908901],[-122.552104,37.908903],[-122.552115,37.908906],[-122.552365,37.908973],[-122.552366,37.908974],[-122.552526,37.909079],[-122.552534,37.90907],[-122.55261,37.909161],[-122.552663,37.909272],[-122.552666,37.909385],[-122.552789,37.909476],[-122.552931,37.909508],[-122.552886,37.909626],[-122.552878,37.909646],[-122.552861,37.90969],[-122.55246,37.90957],[-122.551928,37.90941]]]},"properties":{"prop_id":"029-091-11","situsforma":"410 MAGEE AVE","situsfor_2":"410 MAGEE AVE  MILL VALLEY"}},{"type":"Feature","geometry":{"type":"Polygon","coordinates":[[[-122.566475,37.900297],[-122.566206,37.900204],[-122.565932,37.900109],[-122.566125,37.899835],[-122.566339,37.899873],[-122.566406,37.899757],[-122.566464,37.89971],[-122.566578,37.899782],[-122.566636,37.89992],[-122.566722,37.900032],[-122.566475,37.900297]]]},"properties":{"prop_id":"046-151-31","situsforma":"19 RIDGE LN","situsfor_2":"19 RIDGE LN  MILL VALLEY"}},{"type":"Feature","geometry":{"type":"Polygon","coordinates":[[[-122.558067,37.903378],[-122.557362,37.902953],[-122.557038,37.902718],[-122.557038,37.902718],[-122.557248,37.902625],[-122.557262,37.902619],[-122.557318,37.902594],[-122.557332,37.902588],[-122.557545,37.902493],[-122.557545,37.902493],[-122.557861,37.902485],[-122.557884,37.902485],[-122.557934,37.902484],[-122.558381,37.902472],[-122.558412,37.902463],[-122.558663,37.902383],[-122.558664,37.902382],[-122.558664,37.902382],[-122.558705,37.902369],[-122.558733,37.90236],[-122.558733,37.90236],[-122.558734,37.90236],[-122.55875,37.902355],[-122.558756,37.902353],[-122.558756,37.902353],[-122.558772,37.902348],[-122.558789,37.902333],[-122.55888,37.902256],[-122.558925,37.902218],[-122.559012,37.902145],[-122.559012,37.902145],[-122.559012,37.902145],[-122.559012,37.902145],[-122.559435,37.902652],[-122.559498,37.902938],[-122.559496,37.903206],[-122.559441,37.903208],[-122.559101,37.903222],[-122.55886,37.903088],[-122.558738,37.90312],[-122.55845,37.903198],[-122.558191,37.903373],[-122.558067,37.903378]]]},"properties":{"prop_id":"046-070-03","situsforma":"","situsfor_2":""}},{"type":"Feature","geometry":{"type":"Polygon","coordinates":[[[-122.561392,37.910866],[-122.561409,37.910853],[-122.561471,37.910976],[-122.561409,37.911021],[-122.561549,37.911149],[-122.561705,37.911031],[-122.561776,37.911212],[-122.561531,37.911387],[-122.561496,37.911394],[-122.561437,37.911215],[-122.561181,37.911021],[-122.561392,37.910866]]]},"properties":{"prop_id":"027-171-20","situsforma":"637 THROCKMORTON AVE","situsfor_2":"637 THROCKMORTON AVE  MILL VALLEY"}},{"type":"Feature","geometry":{"type":"Polygon","coordinates":[[[-122.548874,37.908054],[-122.54883,37.908081],[-122.548565,37.907843],[-122.548743,37.907723],[-122.54901,37.907969],[-122.548874,37.908054]]]},"properties":{"prop_id":"029-093-13","situsforma":"12 BAYVIEW AVE","situsfor_2":"12 BAYVIEW AVE  MILL VALLEY"}},{"type":"Feature","geometry":{"type":"Polygon","coordinates":[[[-122.530081,37.927466],[-122.530178,37.927582],[-122.52984,37.927752],[-122.529746,37.927637],[-122.530081,37.927466]]]},"properties":{"prop_id":"024-133-02","situsforma":"119 PALM AVE","situsfor_2":"119 PALM AVE  CORTE MADERA"}},{"type":"Feature","geometry":{"type":"Polygon","coordinates":[[[-122.530105,37.899923],[-122.530129,37.899896],[-122.530206,37.899804],[-122.530494,37.89996],[-122.530432,37.900037],[-122.530432,37.900038],[-122.530431,37.900039],[-122.530407,37.900073],[-122.530105,37.899923]]]},"properties":{"prop_id":"030-043-10","situsforma":"98 NELSON AVE","situsfor_2":"98 NELSON AVE  MILL VALLEY"}},{"type":"Feature","geometry":{"type":"Polygon","coordinates":[[[-122.539955,37.894827],[-122.540006,37.894613],[-122.54001,37.894614],[-122.540141,37.89464],[-122.540147,37.894641],[-122.540343,37.894684],[-122.540275,37.894899],[-122.539955,37.894827]]]},"properties":{"prop_id":"047-223-10","situsforma":"209 HAWTHORNE AVE","situsfor_2":"209 HAWTHORNE AVE  MILL VALLEY"}},{"type":"Feature","geometry":{"type":"Polygon","coordinates":[[[-122.543022,37.901574],[-122.543069,37.901557],[-122.543107,37.901626],[-122.543109,37.901631],[-122.542982,37.901721],[-122.542879,37.901792],[-122.542877,37.90179],[-122.542761,37.901688],[-122.54278,37.90163],[-122.542841,37.901624],[-122.542893,37.901619],[-122.543022,37.901574]]]},"properties":{"prop_id":"028-320-03","situsforma":"5 UNA CT","situsfor_2":"5 UNA CT  MILL VALLEY"}},{"type":"Feature","geometry":{"type":"Polygon","coordinates":[[[-122.535371,37.909172],[-122.535391,37.909074],[-122.535372,37.909019],[-122.535554,37.908955],[-122.535547,37.90897],[-122.535547,37.908971],[-122.535547,37.908971],[-122.535547,37.908971],[-122.535542,37.908986],[-122.535541,37.908987],[-122.535541,37.908987],[-122.535538,37.909002],[-122.535538,37.909003],[-122.535538,37.909004],[-122.535536,37.909019],[-122.535536,37.90902],[-122.535536,37.909021],[-122.535536,37.909035],[-122.535536,37.909037],[-122.535536,37.909037],[-122.535537,37.909052],[-122.535537,37.909053],[-122.535537,37.909055],[-122.535539,37.909066],[-122.535567,37.909177],[-122.535566,37.909235],[-122.535371,37.909172]]]},"properties":{"prop_id":"029-173-09","situsforma":"250 MARLIN AVE","situsfor_2":"250 MARLIN AVE  MILL VALLEY"}},{"type":"Feature","geometry":{"type":"Polygon","coordinates":[[[-122.544355,37.907271],[-122.54436,37.907033],[-122.544534,37.907031],[-122.544526,37.907372],[-122.544357,37.907373],[-122.544353,37.907373],[-122.544354,37.907339],[-122.544355,37.907271]]]},"properties":{"prop_id":"029-181-07","situsforma":"49 BUENA VISTA AVE","situsfor_2":"49 BUENA VISTA AVE  MILL VALLEY"}},{"type":"Feature","geometry":{"type":"Polygon","coordinates":[[[-122.5559,37.899307],[-122.555977,37.899072],[-122.556163,37.899108],[-122.556337,37.899116],[-122.556771,37.89916],[-122.556342,37.899253],[-122.556074,37.899321],[-122.5559,37.899307]]]},"properties":{"prop_id":"047-096-03","situsforma":"","situsfor_2":""}},{"type":"Feature","geometry":{"type":"Polygon","coordinates":[[[-122.566418,37.900708],[-122.566599,37.900527],[-122.566681,37.900648],[-122.566757,37.900723],[-122.566565,37.900884],[-122.566349,37.90109],[-122.566204,37.900924],[-122.566418,37.900708]]]},"properties":{"prop_id":"045-182-15","situsforma":"484 PANORAMIC HWY","situsfor_2":"484 PANORAMIC HWY  MILL VALLEY"}},{"type":"Feature","geometry":{"type":"Polygon","coordinates":[[[-122.563753,37.908757],[-122.563823,37.908604],[-122.563953,37.90843],[-122.564408,37.908334],[-122.563997,37.908747],[-122.56399,37.908785],[-122.563753,37.908757]]]},"properties":{"prop_id":"027-202-08","situsforma":"400 ROSE AVE","situsfor_2":"400 ROSE AVE  MILL VALLEY"}},{"type":"Feature","geometry":{"type":"Polygon","coordinates":[[[-122.53945,37.905492],[-122.539192,37.905549],[-122.539145,37.905415],[-122.539555,37.905328],[-122.539596,37.90546],[-122.53945,37.905492]]]},"properties":{"prop_id":"029-193-08","situsforma":"57 THALIA ST","situsfor_2":"57 THALIA ST  MILL VALLEY"}},{"type":"Feature","geometry":{"type":"Polygon","coordinates":[[[-122.536638,37.925091],[-122.536747,37.92496],[-122.537145,37.925058],[-122.537097,37.925259],[-122.536873,37.925192],[-122.536788,37.925167],[-122.536638,37.925091]]]},"properties":{"prop_id":"021-152-28","situsforma":"173 MARINA VISTA AVE","situsfor_2":"173 MARINA VISTA AVE  LARKSPUR"}},{"type":"Feature","geometry":{"type":"Polygon","coordinates":[[[-122.570098,37.897907],[-122.570721,37.897854],[-122.570723,37.89788],[-122.570368,37.898043],[-122.570317,37.898125],[-122.570238,37.898252],[-122.570198,37.898315],[-122.570112,37.898443],[-122.570094,37.898523],[-122.57041,37.898465],[-122.570442,37.898543],[-122.570095,37.898599],[-122.570088,37.898657],[-122.569817,37.898703],[-122.569833,37.898686],[-122.569752,37.898229],[-122.569873,37.898128],[-122.570046,37.897948],[-122.570098,37.897907]]]},"properties":{"prop_id":"046-121-16","situsforma":"10 HAZEL TRL","situsfor_2":"10 HAZEL TRL  MILL VALLEY"}},{"type":"Feature","geometry":{"type":"Polygon","coordinates":[[[-122.531699,37.895751],[-122.53157,37.89574],[-122.53151,37.895734],[-122.531539,37.895445],[-122.531657,37.895448],[-122.531721,37.895453],[-122.531699,37.895751]]]},"properties":{"prop_id":"030-082-21","situsforma":"40 PLYMOUTH AVE","situsfor_2":"40 PLYMOUTH AVE  MILL VALLEY"}},{"type":"Feature","geometry":{"type":"Polygon","coordinates":[[[-122.566272,37.915416],[-122.566447,37.915244],[-122.566252,37.915002],[-122.566338,37.914971],[-122.566202,37.914895],[-122.566197,37.914892],[-122.566173,37.914866],[-122.566148,37.914807],[-122.566182,37.914711],[-122.566204,37.914664],[-122.566245,37.914629],[-122.56615,37.914503],[-122.566174,37.914499],[-122.56656,37.914608],[-122.566641,37.914441],[-122.566657,37.914408],[-122.566673,37.914375],[-122.566676,37.91437],[-122.567045,37.914194],[-122.567278,37.914652],[-122.567349,37.914761],[-122.567408,37.914852],[-122.567672,37.915105],[-122.567723,37.915152],[-122.567924,37.915342],[-122.567925,37.915357],[-122.567927,37.91537],[-122.567761,37.915374],[-122.567386,37.915437],[-122.567149,37.915351],[-122.566904,37.915354],[-122.566716,37.915439],[-122.566431,37.915632],[-122.566272,37.915416]]]},"properties":{"prop_id":"027-102-10","situsforma":"800 LOVELL AVE","situsfor_2":"800 LOVELL AVE  MILL VALLEY"}},{"type":"Feature","geometry":{"type":"Polygon","coordinates":[[[-122.551071,37.898405],[-122.550851,37.898381],[-122.550772,37.898392],[-122.55064,37.897846],[-122.550715,37.897808],[-122.550715,37.897832],[-122.550798,37.897936],[-122.550814,37.897955],[-122.551001,37.89812],[-122.551027,37.898139],[-122.551094,37.898189],[-122.551052,37.898294],[-122.551082,37.898406],[-122.551071,37.898405]]]},"properties":{"prop_id":"047-112-56","situsforma":"438 LAVERNE AVE","situsfor_2":"438 LAVERNE AVE  MILL VALLEY"}},{"type":"Feature","geometry":{"type":"Polygon","coordinates":[[[-122.544893,37.906383],[-122.54489,37.906173],[-122.54507,37.906171],[-122.545068,37.906517],[-122.544893,37.906519],[-122.544893,37.906383]]]},"properties":{"prop_id":"028-016-01","situsforma":"57 SUNNYSIDE AVE","situsfor_2":"57 SUNNYSIDE AVE  MILL VALLEY"}},{"type":"Feature","geometry":{"type":"Polygon","coordinates":[[[-122.552318,37.903492],[-122.552118,37.903763],[-122.552077,37.903746],[-122.551977,37.903883],[-122.552017,37.903902],[-122.551991,37.903944],[-122.551649,37.903867],[-122.55198,37.903411],[-122.552077,37.903406],[-122.552318,37.903492]]]},"properties":{"prop_id":"028-138-34","situsforma":"62 MOLINO AVE","situsfor_2":"62 MOLINO AVE  MILL VALLEY"}},{"type":"Feature","geometry":{"type":"Polygon","coordinates":[[[-122.534821,37.897633],[-122.534853,37.897591],[-122.534935,37.89763],[-122.534944,37.897621],[-122.534963,37.897629],[-122.534954,37.89764],[-122.535032,37.89768],[-122.534999,37.897723],[-122.534821,37.897633]]]},"properties":{"prop_id":"030-271-03","situsforma":"3 PARK TER","situsfor_2":"3 PARK TER  MILL VALLEY"}},{"type":"Feature","geometry":{"type":"Polygon","coordinates":[[[-122.557744,37.923202],[-122.558644,37.922755],[-122.55873,37.922763],[-122.559169,37.924298],[-122.55918,37.924336],[-122.558588,37.924334],[-122.558587,37.924333],[-122.558485,37.92427],[-122.557858,37.923877],[-122.557643,37.923538],[-122.557744,37.923202]]]},"properties":{"prop_id":"027-021-01","situsforma":"","situsfor_2":""}},{"type":"Feature","geometry":{"type":"Polygon","coordinates":[[[-122.547403,37.913475],[-122.547663,37.913276],[-122.547819,37.913407],[-122.547841,37.913439],[-122.54758,37.913529],[-122.547535,37.913501],[-122.547478,37.913539],[-122.547403,37.913475]]]},"properties":{"prop_id":"029-032-38","situsforma":"25 BLITHEDALE TER","situsfor_2":"25 BLITHEDALE TER  MILL VALLEY"}},{"type":"Feature","geometry":{"type":"Polygon","coordinates":[[[-122.552668,37.899253],[-122.553039,37.89921],[-122.553135,37.899366],[-122.552796,37.899467],[-122.552668,37.899253]]]},"properties":{"prop_id":"047-032-22","situsforma":"554 MONTFORD AVE","situsfor_2":"554 MONTFORD AVE  MILL VALLEY"}},{"type":"Feature","geometry":{"type":"Polygon","coordinates":[[[-122.544371,37.906521],[-122.544366,37.906862],[-122.54419,37.906862],[-122.544195,37.906522],[-122.544371,37.906521]]]},"properties":{"prop_id":"029-182-04","situsforma":"54 BUENA VISTA AVE","situsfor_2":"54 BUENA VISTA AVE  MILL VALLEY"}},{"type":"Feature","geometry":{"type":"Polygon","coordinates":[[[-122.549843,37.908904],[-122.54981,37.90889],[-122.550029,37.908777],[-122.54991,37.908632],[-122.550041,37.908502],[-122.550216,37.908698],[-122.550257,37.908723],[-122.549843,37.908904]]]},"properties":{"prop_id":"029-093-28","situsforma":"130 SUMMIT AVE","situsfor_2":"130 SUMMIT AVE  MILL VALLEY"}},{"type":"Feature","geometry":{"type":"Polygon","coordinates":[[[-122.535715,37.926204],[-122.53572,37.926179],[-122.535738,37.9261],[-122.535738,37.926099],[-122.535738,37.926098],[-122.535765,37.92602],[-122.535772,37.926004],[-122.536135,37.926099],[-122.53612,37.926133],[-122.536111,37.926215],[-122.535715,37.926204]]]},"properties":{"prop_id":"021-134-11","situsforma":"20 CHEVY CHASE CT","situsfor_2":"20 CHEVY CHASE CT  LARKSPUR"}},{"type":"Feature","geometry":{"type":"Polygon","coordinates":[[[-122.553899,37.904179],[-122.553789,37.904328],[-122.553553,37.904216],[-122.553693,37.904026],[-122.553754,37.904117],[-122.553899,37.904179]]]},"properties":{"prop_id":"028-132-22","situsforma":"47 MILLSIDE LN","situsfor_2":"47 MILLSIDE LN  MILL VALLEY"}},{"type":"Feature","geometry":{"type":"Polygon","coordinates":[[[-122.538166,37.90113],[-122.538037,37.901034],[-122.538347,37.900818],[-122.538475,37.900918],[-122.538166,37.90113]]]},"properties":{"prop_id":"028-221-18","situsforma":"117 SYCAMORE AVE","situsfor_2":"117 SYCAMORE AVE  MILL VALLEY"}},{"type":"Feature","geometry":{"type":"Polygon","coordinates":[[[-122.554172,37.902761],[-122.554016,37.902862],[-122.553848,37.902885],[-122.553701,37.902839],[-122.553839,37.902429],[-122.554129,37.902398],[-122.554123,37.902441],[-122.554106,37.90259],[-122.554138,37.902577],[-122.554172,37.902761]]]},"properties":{"prop_id":"028-142-36","situsforma":"360 MARION AVE","situsfor_2":"360 MARION AVE  MILL VALLEY"}},{"type":"Feature","geometry":{"type":"Polygon","coordinates":[[[-122.563308,37.9012],[-122.562993,37.901245],[-122.562977,37.901177],[-122.563291,37.901132],[-122.563308,37.9012]]]},"properties":{"prop_id":"045-261-02","situsforma":"","situsfor_2":""}},{"type":"Feature","geometry":{"type":"Polygon","coordinates":[[[-122.531976,37.927669],[-122.532188,37.927525],[-122.532418,37.927728],[-122.532185,37.927864],[-122.531973,37.927671],[-122.531974,37.92767],[-122.531976,37.927669]]]},"properties":{"prop_id":"021-142-53","situsforma":"11 MAGNOLIA AVE","situsfor_2":"11 MAGNOLIA AVE  LARKSPUR"}},{"type":"Feature","geometry":{"type":"Polygon","coordinates":[[[-122.530592,37.897839],[-122.530745,37.897755],[-122.53108,37.897559],[-122.531097,37.89758],[-122.531097,37.89758],[-122.531098,37.897581],[-122.531116,37.8976],[-122.531117,37.897601],[-122.531118,37.897602],[-122.531137,37.897619],[-122.531178,37.89765],[-122.530861,37.897889],[-122.530595,37.89784],[-122.530592,37.897839]]]},"properties":{"prop_id":"030-062-32","situsforma":"24 VALLEY CIR","situsfor_2":"24 VALLEY CIR  MILL VALLEY"}},{"type":"Feature","geometry":{"type":"Polygon","coordinates":[[[-122.547834,37.903462],[-122.547937,37.903535],[-122.547896,37.903573],[-122.547799,37.903505],[-122.547587,37.903357],[-122.547618,37.903331],[-122.547664,37.903348],[-122.547834,37.903462]]]},"properties":{"prop_id":"028-062-10","situsforma":"","situsfor_2":""}},{"type":"Feature","geometry":{"type":"Polygon","coordinates":[[[-122.541487,37.901182],[-122.541621,37.901087],[-122.541678,37.901134],[-122.541688,37.901141],[-122.54164,37.901175],[-122.541585,37.901214],[-122.541572,37.901223],[-122.541552,37.901237],[-122.541506,37.9012],[-122.541487,37.901182]]]},"properties":{"prop_id":"028-241-07","situsforma":"","situsfor_2":""}},{"type":"Feature","geometry":{"type":"Polygon","coordinates":[[[-122.54579,37.900459],[-122.545916,37.900426],[-122.545925,37.900423],[-122.545937,37.900424],[-122.546094,37.900755],[-122.545939,37.900797],[-122.54579,37.900459]]]},"properties":{"prop_id":"028-173-05","situsforma":"26 PIMLOTT LN","situsfor_2":"26 PIMLOTT LN  MILL VALLEY"}},{"type":"Feature","geometry":{"type":"Polygon","coordinates":[[[-122.532942,37.924145],[-122.532806,37.924045],[-122.533151,37.92341],[-122.533201,37.923533],[-122.533133,37.923838],[-122.533162,37.923958],[-122.532942,37.924145]]]},"properties":{"prop_id":"025-025-14","situsforma":"241 MORNINGSIDE DR","situsfor_2":"241 MORNINGSIDE DR  CORTE MADERA"}},{"type":"Feature","geometry":{"type":"Polygon","coordinates":[[[-122.541627,37.901274],[-122.541614,37.901283],[-122.541552,37.901237],[-122.541572,37.901223],[-122.541585,37.901214],[-122.54164,37.901175],[-122.541688,37.901141],[-122.541739,37.90118],[-122.541727,37.901189],[-122.541692,37.901214],[-122.541701,37.901221],[-122.541639,37.901265],[-122.541627,37.901274]]]},"properties":{"prop_id":"028-241-08","situsforma":"232 MILLER AVE B","situsfor_2":"232 MILLER AVE B MILL VALLEY"}},{"type":"Feature","geometry":{"type":"Polygon","coordinates":[[[-122.546945,37.90841],[-122.547327,37.908347],[-122.547327,37.908349],[-122.547332,37.908379],[-122.546971,37.908436],[-122.546945,37.90841]]]},"properties":{"prop_id":"029-102-41","situsforma":"","situsfor_2":""}},{"type":"Feature","geometry":{"type":"Polygon","coordinates":[[[-122.54539,37.908248],[-122.545599,37.908005],[-122.545773,37.908196],[-122.545452,37.908438],[-122.545301,37.908345],[-122.54539,37.908248]]]},"properties":{"prop_id":"029-103-17","situsforma":"81 HILLSIDE AVE","situsfor_2":"81 HILLSIDE AVE  MILL VALLEY"}},{"type":"Feature","geometry":{"type":"Polygon","coordinates":[[[-122.536124,37.925427],[-122.536128,37.925419],[-122.536129,37.925418],[-122.536129,37.925417],[-122.536132,37.925409],[-122.536132,37.925409],[-122.536132,37.925409],[-122.536132,37.925408],[-122.536134,37.925401],[-122.536134,37.9254],[-122.536134,37.925399],[-122.536135,37.925391],[-122.536135,37.92539],[-122.536135,37.92539],[-122.536135,37.92539],[-122.536136,37.925382],[-122.536136,37.925381],[-122.536136,37.92538],[-122.536135,37.925372],[-122.536135,37.925372],[-122.536135,37.925371],[-122.536135,37.925371],[-122.536133,37.925363],[-122.536133,37.925362],[-122.536133,37.925361],[-122.53613,37.925354],[-122.53613,37.925353],[-122.53613,37.925353],[-122.53613,37.925352],[-122.536127,37.925345],[-122.536126,37.925344],[-122.536125,37.925342],[-122.53635,37.9253],[-122.536638,37.925091],[-122.536788,37.925167],[-122.536382,37.925498],[-122.536124,37.925427]]]},"properties":{"prop_id":"021-152-20","situsforma":"28 CHEVY CHASE CT","situsfor_2":"28 CHEVY CHASE CT  LARKSPUR"}},{"type":"Feature","geometry":{"type":"Polygon","coordinates":[[[-122.53816,37.909272],[-122.53807,37.908811],[-122.538059,37.908757],[-122.538208,37.908916],[-122.538307,37.908897],[-122.538317,37.908868],[-122.538338,37.908805],[-122.538484,37.908802],[-122.538551,37.908887],[-122.538443,37.90915],[-122.53816,37.909272]]]},"properties":{"prop_id":"029-125-35","situsforma":"271 BUENA VISTA AVE","situsfor_2":"271 BUENA VISTA AVE  MILL VALLEY"}},{"type":"Feature","geometry":{"type":"Polygon","coordinates":[[[-122.568957,37.898365],[-122.5691,37.898308],[-122.569229,37.898257],[-122.569162,37.898447],[-122.569069,37.898611],[-122.569059,37.898644],[-122.568805,37.898751],[-122.568957,37.898365]]]},"properties":{"prop_id":"046-132-09","situsforma":"","situsfor_2":""}},{"type":"Feature","geometry":{"type":"Polygon","coordinates":[[[-122.536311,37.895802],[-122.536222,37.89572],[-122.536206,37.895706],[-122.536188,37.895689],[-122.536178,37.895681],[-122.536039,37.895556],[-122.535984,37.895507],[-122.535979,37.895502],[-122.535953,37.895479],[-122.535946,37.895473],[-122.535924,37.895453],[-122.535924,37.895452],[-122.53592,37.89545],[-122.535857,37.895393],[-122.535676,37.895245],[-122.535676,37.895245],[-122.535676,37.895245],[-122.535854,37.895245],[-122.536419,37.895727],[-122.536419,37.895727],[-122.536419,37.895727],[-122.536419,37.895727],[-122.536419,37.895727],[-122.53642,37.895727],[-122.53642,37.895727],[-122.53642,37.895727],[-122.53642,37.895727],[-122.53642,37.895727],[-122.53642,37.895727],[-122.536421,37.895727],[-122.536421,37.895727],[-122.536421,37.895727],[-122.536421,37.895727],[-122.536421,37.895727],[-122.536422,37.895727],[-122.536346,37.895781],[-122.536346,37.895781],[-122.536344,37.895783],[-122.536312,37.895804],[-122.536312,37.895804],[-122.536312,37.895804],[-122.536311,37.895802]]]},"properties":{"prop_id":"048-014-01","situsforma":"28 REED ST","situsfor_2":"28 REED ST  MILL VALLEY"}},{"type":"Feature","geometry":{"type":"Polygon","coordinates":[[[-122.55847,37.904335],[-122.558296,37.904344],[-122.558304,37.904205],[-122.557936,37.904022],[-122.557859,37.904059],[-122.557856,37.903947],[-122.557901,37.903795],[-122.557988,37.903513],[-122.558223,37.903509],[-122.558271,37.90357],[-122.558215,37.903715],[-122.55833,37.90389],[-122.558351,37.904107],[-122.558467,37.904098],[-122.55847,37.904335]]]},"properties":{"prop_id":"028-123-25","situsforma":"362 EDGEWOOD AVE","situsfor_2":"362 EDGEWOOD AVE  MILL VALLEY"}},{"type":"Feature","geometry":{"type":"Polygon","coordinates":[[[-122.55193,37.914795],[-122.551877,37.914711],[-122.551635,37.914477],[-122.55204,37.914384],[-122.552036,37.914369],[-122.552087,37.914355],[-122.552129,37.914396],[-122.5523,37.91435],[-122.552316,37.914358],[-122.552366,37.914462],[-122.552358,37.914669],[-122.552367,37.914728],[-122.55193,37.914795]]]},"properties":{"prop_id":"027-125-02","situsforma":"260 CORTE MADERA AVE","situsfor_2":"260 CORTE MADERA AVE  MILL VALLEY"}},{"type":"Feature","geometry":{"type":"Polygon","coordinates":[[[-122.565655,37.900819],[-122.565691,37.900818],[-122.565831,37.900812],[-122.565999,37.900864],[-122.566008,37.901034],[-122.565677,37.901062],[-122.565655,37.900819]]]},"properties":{"prop_id":"045-183-01","situsforma":"2 FOREST WAY","situsfor_2":"2 FOREST WAY  MILL VALLEY"}},{"type":"Feature","geometry":{"type":"Polygon","coordinates":[[[-122.543646,37.90589],[-122.543645,37.906011],[-122.543479,37.90601],[-122.543475,37.90567],[-122.543648,37.90567],[-122.543647,37.905777],[-122.543646,37.90589]]]},"properties":{"prop_id":"029-185-22","situsforma":"86 SUNNYSIDE AVE","situsfor_2":"86 SUNNYSIDE AVE  MILL VALLEY"}},{"type":"Feature","geometry":{"type":"Polygon","coordinates":[[[-122.554253,37.909416],[-122.554893,37.909514],[-122.554979,37.909461],[-122.554739,37.909665],[-122.554693,37.909932],[-122.554291,37.909863],[-122.554301,37.909838],[-122.554145,37.909812],[-122.554253,37.909416]]]},"properties":{"prop_id":"027-191-44","situsforma":"140 TAMALPAIS AVE","situsfor_2":"140 TAMALPAIS AVE  MILL VALLEY"}},{"type":"Feature","geometry":{"type":"Polygon","coordinates":[[[-122.549041,37.908385],[-122.549102,37.908286],[-122.549221,37.90833],[-122.549275,37.908389],[-122.549259,37.908417],[-122.549234,37.908458],[-122.549041,37.908385]]]},"properties":{"prop_id":"029-093-09","situsforma":"13 LOWER ALCATRAZ PL","situsfor_2":"13 LOWER ALCATRAZ PL  MILL VALLEY"}},{"type":"Feature","geometry":{"type":"Polygon","coordinates":[[[-122.546211,37.910065],[-122.545903,37.910192],[-122.545727,37.910035],[-122.546031,37.90994],[-122.546053,37.909879],[-122.546094,37.909872],[-122.546211,37.910065]]]},"properties":{"prop_id":"029-067-11","situsforma":"98 CORONET AVE","situsfor_2":"98 CORONET AVE  MILL VALLEY"}},{"type":"Feature","geometry":{"type":"Polygon","coordinates":[[[-122.550861,37.907776],[-122.551064,37.907484],[-122.551064,37.907485],[-122.551284,37.907661],[-122.551583,37.907895],[-122.551573,37.908392],[-122.551208,37.908012],[-122.550861,37.907776]]]},"properties":{"prop_id":"029-095-33","situsforma":"21 TAMALPAIS AVE","situsfor_2":"21 TAMALPAIS AVE  MILL VALLEY"}},{"type":"Feature","geometry":{"type":"Polygon","coordinates":[[[-122.544845,37.894269],[-122.54489,37.894296],[-122.544666,37.894491],[-122.544307,37.894282],[-122.544497,37.894083],[-122.544845,37.894269]]]},"properties":{"prop_id":"047-213-15","situsforma":"320 MELROSE AVE","situsfor_2":"320 MELROSE AVE  MILL VALLEY"}},{"type":"Feature","geometry":{"type":"Polygon","coordinates":[[[-122.550096,37.9056],[-122.550201,37.905579],[-122.550329,37.905972],[-122.550232,37.906005],[-122.550096,37.9056]]]},"properties":{"prop_id":"028-055-26","situsforma":"63 LOVELL AVE","situsfor_2":"63 LOVELL AVE  MILL VALLEY"}},{"type":"Feature","geometry":{"type":"Polygon","coordinates":[[[-122.533938,37.924638],[-122.533919,37.924642],[-122.533946,37.92454],[-122.534011,37.924294],[-122.534112,37.924235],[-122.534677,37.923898],[-122.534827,37.923851],[-122.534431,37.924279],[-122.534367,37.924345],[-122.534395,37.924349],[-122.534423,37.924353],[-122.534271,37.924497],[-122.534219,37.924562],[-122.534195,37.924628],[-122.534174,37.924629],[-122.53404,37.92465],[-122.533938,37.924638]]]},"properties":{"prop_id":"025-023-74","situsforma":"210 MORNINGSIDE DR","situsfor_2":"210 MORNINGSIDE DR  CORTE MADERA"}},{"type":"Feature","geometry":{"type":"Polygon","coordinates":[[[-122.531976,37.896666],[-122.53202,37.896687],[-122.532121,37.896737],[-122.531926,37.89701],[-122.53177,37.896932],[-122.531976,37.896666]]]},"properties":{"prop_id":"030-065-08","situsforma":"320 SYCAMORE AVE","situsfor_2":"320 SYCAMORE AVE  MILL VALLEY"}},{"type":"Feature","geometry":{"type":"Polygon","coordinates":[[[-122.540458,37.897466],[-122.540738,37.897587],[-122.54059,37.897799],[-122.540366,37.897693],[-122.540458,37.897466]]]},"properties":{"prop_id":"028-202-05","situsforma":"70 SUNRISE AVE","situsfor_2":"70 SUNRISE AVE  MILL VALLEY"}},{"type":"Feature","geometry":{"type":"Polygon","coordinates":[[[-122.535003,37.902504],[-122.534843,37.902704],[-122.534685,37.902626],[-122.534817,37.902469],[-122.534974,37.902284],[-122.535037,37.902292],[-122.535165,37.902315],[-122.535003,37.902504]]]},"properties":{"prop_id":"030-031-01","situsforma":"169 LOCUST AVE","situsfor_2":"169 LOCUST AVE  MILL VALLEY"}},{"type":"Feature","geometry":{"type":"Polygon","coordinates":[[[-122.533486,37.914535],[-122.533811,37.914376],[-122.53382,37.914399],[-122.533867,37.91452],[-122.533898,37.914501],[-122.533976,37.914453],[-122.534102,37.914368],[-122.534091,37.914436],[-122.534072,37.914562],[-122.534134,37.914668],[-122.534039,37.914756],[-122.534005,37.914788],[-122.533952,37.914836],[-122.533856,37.914925],[-122.533844,37.914923],[-122.533843,37.914923],[-122.533842,37.914923],[-122.533822,37.914918],[-122.533821,37.914917],[-122.53382,37.914917],[-122.533801,37.914911],[-122.5338,37.91491],[-122.533799,37.91491],[-122.533781,37.914902],[-122.53378,37.914902],[-122.533779,37.914901],[-122.533762,37.914892],[-122.533761,37.914891],[-122.53376,37.914891],[-122.533758,37.914889],[-122.533744,37.91488],[-122.533743,37.91488],[-122.533743,37.914879],[-122.533727,37.914867],[-122.533727,37.914867],[-122.533727,37.914867],[-122.533712,37.914853],[-122.533699,37.914839],[-122.533699,37.914839],[-122.533698,37.914838],[-122.533686,37.914822],[-122.533486,37.914535]]]},"properties":{"prop_id":"029-332-24","situsforma":"321 VISTA LINDA DR","situsfor_2":"321 VISTA LINDA DR  MILL VALLEY"}},{"type":"Feature","geometry":{"type":"Polygon","coordinates":[[[-122.52956,37.925373],[-122.529608,37.925351],[-122.529615,37.925358],[-122.529623,37.925364],[-122.529631,37.925371],[-122.52964,37.925376],[-122.529647,37.925379],[-122.529641,37.925581],[-122.529556,37.925573],[-122.52956,37.925373]]]},"properties":{"prop_id":"025-036-22","situsforma":"242 CORTE MADERA AVE","situsfor_2":"242 CORTE MADERA AVE  CORTE MADERA"}},{"type":"Feature","geometry":{"type":"Polygon","coordinates":[[[-122.540494,37.897941],[-122.540071,37.897731],[-122.540147,37.897629],[-122.540574,37.897823],[-122.540494,37.897941]]]},"properties":{"prop_id":"028-202-09","situsforma":"486 MOLINO AVE","situsfor_2":"486 MOLINO AVE  MILL VALLEY"}},{"type":"Feature","geometry":{"type":"Polygon","coordinates":[[[-122.5474,37.902153],[-122.547221,37.9023],[-122.547118,37.901998],[-122.547455,37.901718],[-122.547583,37.901843],[-122.547683,37.901945],[-122.547647,37.901972],[-122.5474,37.902153]]]},"properties":{"prop_id":"028-113-03","situsforma":"28 HELENS LN","situsfor_2":"28 HELENS LN  MILL VALLEY"}},{"type":"Feature","geometry":{"type":"Polygon","coordinates":[[[-122.540689,37.912243],[-122.540296,37.912125],[-122.539926,37.912155],[-122.539842,37.911893],[-122.539606,37.911879],[-122.539604,37.911861],[-122.539722,37.911855],[-122.540001,37.911652],[-122.540342,37.911407],[-122.540342,37.911392],[-122.540343,37.91135],[-122.54037,37.911345],[-122.540468,37.911271],[-122.540475,37.911213],[-122.540807,37.911223],[-122.540777,37.911377],[-122.540889,37.911404],[-122.540794,37.911795],[-122.540689,37.912243]]]},"properties":{"prop_id":"029-272-35","situsforma":"210 ELINOR AVE","situsfor_2":"210 ELINOR AVE  MILL VALLEY"}},{"type":"Feature","geometry":{"type":"Polygon","coordinates":[[[-122.533912,37.924669],[-122.533919,37.924642],[-122.533938,37.924638],[-122.53404,37.92465],[-122.534174,37.924629],[-122.534195,37.924628],[-122.534232,37.924626],[-122.53424,37.924755],[-122.533994,37.92481],[-122.533912,37.924669]]]},"properties":{"prop_id":"025-023-73","situsforma":"204 MORNINGSIDE DR","situsfor_2":"204 MORNINGSIDE DR  CORTE MADERA"}},{"type":"Feature","geometry":{"type":"Polygon","coordinates":[[[-122.545535,37.900527],[-122.54579,37.900459],[-122.545939,37.900797],[-122.545668,37.900876],[-122.545535,37.900527]]]},"properties":{"prop_id":"028-173-21","situsforma":"30 PIMLOTT LN","situsfor_2":"30 PIMLOTT LN  MILL VALLEY"}},{"type":"Feature","geometry":{"type":"Polygon","coordinates":[[[-122.55244,37.913333],[-122.552366,37.913345],[-122.552338,37.913179],[-122.552828,37.913051],[-122.552934,37.913279],[-122.552595,37.913363],[-122.55244,37.913333]]]},"properties":{"prop_id":"029-041-14","situsforma":"169 MAGEE AVE","situsfor_2":"169 MAGEE AVE  MILL VALLEY"}},{"type":"Feature","geometry":{"type":"Polygon","coordinates":[[[-122.552611,37.911116],[-122.552723,37.910999],[-122.552763,37.911004],[-122.55276,37.91103],[-122.552724,37.911382],[-122.552777,37.911458],[-122.552879,37.911606],[-122.552902,37.911647],[-122.552913,37.911667],[-122.553104,37.911847],[-122.552274,37.911872],[-122.552153,37.911765],[-122.552126,37.911742],[-122.552116,37.911734],[-122.552116,37.911593],[-122.552445,37.9115],[-122.552431,37.911167],[-122.552611,37.911116]]]},"properties":{"prop_id":"027-181-61","situsforma":"309 MAGEE AVE","situsfor_2":"309 MAGEE AVE  MILL VALLEY"}},{"type":"Feature","geometry":{"type":"Polygon","coordinates":[[[-122.552482,37.908264],[-122.552505,37.908204],[-122.552601,37.908207],[-122.552653,37.90816],[-122.552728,37.908112],[-122.552861,37.908155],[-122.552896,37.908168],[-122.55277,37.908339],[-122.55277,37.90834],[-122.552617,37.908513],[-122.552577,37.908481],[-122.552537,37.908448],[-122.552519,37.908433],[-122.552534,37.908423],[-122.552475,37.908324],[-122.552482,37.908264]]]},"properties":{"prop_id":"029-095-26","situsforma":"71 TAMALPAIS AVE","situsfor_2":"71 TAMALPAIS AVE  MILL VALLEY"}},{"type":"Feature","geometry":{"type":"Polygon","coordinates":[[[-122.54289,37.895652],[-122.543012,37.89529],[-122.543189,37.89533],[-122.543071,37.895653],[-122.54289,37.895652]]]},"properties":{"prop_id":"047-221-13","situsforma":"250 LAVERNE AVE","situsfor_2":"250 LAVERNE AVE  MILL VALLEY"}},{"type":"Feature","geometry":{"type":"Polygon","coordinates":[[[-122.5542,37.91522],[-122.554037,37.91507],[-122.553944,37.915045],[-122.554322,37.914799],[-122.554553,37.914927],[-122.554662,37.91508],[-122.5542,37.91522]]]},"properties":{"prop_id":"027-121-04","situsforma":"48 MAGEE AVE","situsfor_2":"48 MAGEE AVE  MILL VALLEY"}},{"type":"Feature","geometry":{"type":"Polygon","coordinates":[[[-122.543173,37.904291],[-122.542973,37.904579],[-122.542809,37.904505],[-122.542906,37.904359],[-122.543004,37.904215],[-122.543173,37.904291]]]},"properties":{"prop_id":"028-026-14","situsforma":"200 E BLITHEDALE AVE","situsfor_2":"200 E BLITHEDALE AVE  MILL VALLEY"}},{"type":"Feature","geometry":{"type":"Polygon","coordinates":[[[-122.564112,37.913595],[-122.564036,37.913786],[-122.563987,37.913777],[-122.563905,37.913977],[-122.563911,37.914073],[-122.563842,37.914121],[-122.563527,37.91434],[-122.563014,37.914882],[-122.563238,37.913831],[-122.563248,37.913789],[-122.564112,37.913595]]]},"properties":{"prop_id":"027-106-37","situsforma":"659 LOVELL AVE","situsfor_2":"659 LOVELL AVE  MILL VALLEY"}},{"type":"Feature","geometry":{"type":"Polygon","coordinates":[[[-122.547737,37.911749],[-122.547783,37.91156],[-122.547873,37.911561],[-122.548068,37.911401],[-122.548469,37.911605],[-122.548287,37.911873],[-122.548091,37.911982],[-122.547911,37.911804],[-122.547737,37.911749]]]},"properties":{"prop_id":"029-061-19","situsforma":"3 CORONET AVE","situsfor_2":"3 CORONET AVE  MILL VALLEY"}},{"type":"Feature","geometry":{"type":"Polygon","coordinates":[[[-122.538086,37.904086],[-122.537873,37.904086],[-122.537878,37.903883],[-122.537894,37.903882],[-122.537901,37.903843],[-122.538074,37.903848],[-122.538086,37.904086]]]},"properties":{"prop_id":"029-212-22","situsforma":"337 E BLITHEDALE AVE","situsfor_2":"337 E BLITHEDALE AVE  MILL VALLEY"}},{"type":"Feature","geometry":{"type":"Polygon","coordinates":[[[-122.533308,37.925549],[-122.533379,37.925417],[-122.533614,37.925492],[-122.533558,37.925625],[-122.533308,37.925549]]]},"properties":{"prop_id":"025-012-29","situsforma":"56 CRESCENT RD","situsfor_2":"56 CRESCENT RD  CORTE MADERA"}},{"type":"Feature","geometry":{"type":"Polygon","coordinates":[[[-122.531125,37.896251],[-122.531114,37.896399],[-122.530981,37.896392],[-122.530779,37.89639],[-122.530778,37.89624],[-122.531125,37.896251]]]},"properties":{"prop_id":"030-065-15","situsforma":"91 SURREY AVE","situsfor_2":"91 SURREY AVE  MILL VALLEY"}},{"type":"Feature","geometry":{"type":"Polygon","coordinates":[[[-122.561432,37.903291],[-122.561418,37.903301],[-122.561321,37.903071],[-122.56127,37.903048],[-122.561286,37.90298],[-122.561424,37.902813],[-122.561568,37.902721],[-122.561748,37.903053],[-122.561653,37.903127],[-122.561614,37.90316],[-122.561432,37.903291]]]},"properties":{"prop_id":"046-061-32","situsforma":"450 EDGEWOOD AVE","situsfor_2":"450 EDGEWOOD AVE  MILL VALLEY"}},{"type":"Feature","geometry":{"type":"Polygon","coordinates":[[[-122.530323,37.921446],[-122.530265,37.921392],[-122.53023,37.921328],[-122.530199,37.921261],[-122.530201,37.921196],[-122.530243,37.921134],[-122.530266,37.92111],[-122.530266,37.92111],[-122.530284,37.921086],[-122.530357,37.921123],[-122.530297,37.921211],[-122.530293,37.921259],[-122.530325,37.921313],[-122.530377,37.921364],[-122.530733,37.921238],[-122.531023,37.921028],[-122.531199,37.921298],[-122.531064,37.921358],[-122.531016,37.921381],[-122.530905,37.92144],[-122.530735,37.921509],[-122.53062,37.921517],[-122.530558,37.921544],[-122.530522,37.921561],[-122.530454,37.921486],[-122.530323,37.921446]]]},"properties":{"prop_id":"025-142-13","situsforma":"497 CORTE MADERA AVE","situsfor_2":"497 CORTE MADERA AVE  CORTE MADERA"}},{"type":"Feature","geometry":{"type":"Polygon","coordinates":[[[-122.564084,37.895355],[-122.565328,37.894126],[-122.565762,37.894279],[-122.566176,37.894887],[-122.566078,37.895406],[-122.566078,37.895407],[-122.566087,37.895497],[-122.566236,37.897203],[-122.566253,37.897386],[-122.566275,37.897619],[-122.566274,37.897618],[-122.56627,37.897615],[-122.565794,37.897253],[-122.565729,37.897203],[-122.565402,37.897036],[-122.565403,37.897036],[-122.565405,37.897035],[-122.564994,37.896514],[-122.564882,37.896372],[-122.564815,37.896287],[-122.564681,37.896116],[-122.564636,37.896058],[-122.564561,37.895963],[-122.564084,37.895355]]]},"properties":{"prop_id":"046-251-01","situsforma":"","situsfor_2":""}},{"type":"Feature","geometry":{"type":"Polygon","coordinates":[[[-122.561148,37.916913],[-122.561496,37.91661],[-122.56156,37.916692],[-122.561556,37.916776],[-122.5615,37.916946],[-122.561485,37.917218],[-122.561612,37.917308],[-122.561227,37.917588],[-122.561076,37.917681],[-122.560991,37.91777],[-122.560936,37.917578],[-122.560503,37.91739],[-122.560716,37.917289],[-122.561148,37.916913]]]},"properties":{"prop_id":"027-066-11","situsforma":"655 SUMMIT AVE","situsfor_2":"655 SUMMIT AVE  MILL VALLEY"}},{"type":"Feature","geometry":{"type":"Polygon","coordinates":[[[-122.530449,37.899566],[-122.530701,37.899754],[-122.530592,37.899854],[-122.530323,37.899676],[-122.530449,37.899566]]]},"properties":{"prop_id":"030-043-08","situsforma":"90 NELSON AVE","situsfor_2":"90 NELSON AVE  MILL VALLEY"}},{"type":"Feature","geometry":{"type":"Polygon","coordinates":[[[-122.560462,37.912925],[-122.560517,37.912907],[-122.560519,37.91292],[-122.560555,37.913376],[-122.56059,37.913849],[-122.560102,37.913831],[-122.56003,37.913829],[-122.559816,37.913621],[-122.559774,37.91358],[-122.559693,37.913505],[-122.560022,37.913067],[-122.560462,37.912925]]]},"properties":{"prop_id":"027-131-14","situsforma":"432 LOVELL AVE","situsfor_2":"432 LOVELL AVE  MILL VALLEY"}},{"type":"Feature","geometry":{"type":"Polygon","coordinates":[[[-122.555533,37.901558],[-122.555611,37.901488],[-122.555815,37.901303],[-122.555993,37.901141],[-122.556328,37.900851],[-122.55644,37.900914],[-122.555952,37.901912],[-122.555941,37.901935],[-122.555672,37.901687],[-122.555533,37.901558]]]},"properties":{"prop_id":"047-021-11","situsforma":"","situsfor_2":""}},{"type":"Feature","geometry":{"type":"Polygon","coordinates":[[[-122.54176,37.904565],[-122.541607,37.904498],[-122.541657,37.904429],[-122.541665,37.904418],[-122.541765,37.904462],[-122.541729,37.904512],[-122.541782,37.904535],[-122.54176,37.904565]]]},"properties":{"prop_id":"028-300-03","situsforma":"241 E BLITHEDALE AVE","situsfor_2":"241 E BLITHEDALE AVE  MILL VALLEY"}},{"type":"Feature","geometry":{"type":"Polygon","coordinates":[[[-122.546756,37.901538],[-122.54687,37.901423],[-122.547089,37.901622],[-122.547004,37.901699],[-122.546643,37.901654],[-122.546756,37.901538]]]},"properties":{"prop_id":"028-113-07","situsforma":"246 MOLINO AVE","situsfor_2":"246 MOLINO AVE  MILL VALLEY"}},{"type":"Feature","geometry":{"type":"Polygon","coordinates":[[[-122.539804,37.897204],[-122.539528,37.897103],[-122.539546,37.897077],[-122.539695,37.896853],[-122.53995,37.89696],[-122.539804,37.897204]]]},"properties":{"prop_id":"028-203-15","situsforma":"76 MONTFORD AVE","situsfor_2":"76 MONTFORD AVE  MILL VALLEY"}},{"type":"Feature","geometry":{"type":"Polygon","coordinates":[[[-122.54544,37.90653],[-122.545414,37.90651],[-122.545242,37.906514],[-122.54524,37.906514],[-122.545069,37.906517],[-122.545068,37.906517],[-122.54507,37.906171],[-122.545072,37.906172],[-122.545427,37.906198],[-122.545663,37.906359],[-122.545441,37.906529],[-122.54544,37.90653]]]},"properties":{"prop_id":"028-016-02","situsforma":"55 SUNNYSIDE AVE","situsfor_2":"55 SUNNYSIDE AVE  MILL VALLEY"}},{"type":"Feature","geometry":{"type":"Polygon","coordinates":[[[-122.556377,37.896454],[-122.556531,37.896498],[-122.556509,37.896572],[-122.556385,37.896661],[-122.556192,37.89653],[-122.556295,37.896439],[-122.556377,37.896454]]]},"properties":{"prop_id":"047-092-15","situsforma":"604 AMARANTH BLVD","situsfor_2":"604 AMARANTH BLVD  MILL VALLEY"}},{"type":"Feature","geometry":{"type":"Polygon","coordinates":[[[-122.569156,37.911439],[-122.569156,37.911439],[-122.569186,37.911451],[-122.56984,37.91174],[-122.56984,37.91174],[-122.569729,37.911935],[-122.569701,37.911985],[-122.569563,37.912231],[-122.569159,37.912143],[-122.568889,37.912016],[-122.569062,37.911743],[-122.569089,37.9117],[-122.569156,37.911439]]]},"properties":{"prop_id":"046-030-18","situsforma":"","situsfor_2":""}},{"type":"Feature","geometry":{"type":"Polygon","coordinates":[[[-122.529939,37.900188],[-122.529965,37.900151],[-122.530023,37.900059],[-122.530337,37.900187],[-122.53027,37.900304],[-122.529939,37.900188]]]},"properties":{"prop_id":"030-043-12","situsforma":"106 NELSON AVE","situsfor_2":"106 NELSON AVE  MILL VALLEY"}},{"type":"Feature","geometry":{"type":"Polygon","coordinates":[[[-122.552714,37.914018],[-122.552216,37.914089],[-122.552165,37.914041],[-122.552142,37.913961],[-122.552641,37.913892],[-122.552714,37.914018]]]},"properties":{"prop_id":"027-122-08","situsforma":"251 CORTE MADERA AVE","situsfor_2":"251 CORTE MADERA AVE  MILL VALLEY"}},{"type":"Feature","geometry":{"type":"Polygon","coordinates":[[[-122.538086,37.904086],[-122.538074,37.903848],[-122.538711,37.903858],[-122.538421,37.904854],[-122.53804,37.904881],[-122.537879,37.904893],[-122.537904,37.904845],[-122.537919,37.904794],[-122.537932,37.904743],[-122.537942,37.904692],[-122.537949,37.90464],[-122.537957,37.904543],[-122.538123,37.904534],[-122.538114,37.904406],[-122.538104,37.904296],[-122.538095,37.90419],[-122.538086,37.904086]]]},"properties":{"prop_id":"029-212-24","situsforma":"","situsfor_2":""}},{"type":"Feature","geometry":{"type":"Polygon","coordinates":[[[-122.536193,37.903975],[-122.536032,37.903972],[-122.536022,37.903705],[-122.5362,37.903709],[-122.536193,37.903975]]]},"properties":{"prop_id":"029-214-11","situsforma":"13 ALTA VISTA AVE","situsfor_2":"13 ALTA VISTA AVE  MILL VALLEY"}},{"type":"Feature","geometry":{"type":"Polygon","coordinates":[[[-122.539876,37.902663],[-122.540053,37.902643],[-122.540061,37.902656],[-122.540143,37.902776],[-122.540132,37.902777],[-122.53962,37.902817],[-122.539566,37.902698],[-122.539714,37.902681],[-122.539876,37.902663]]]},"properties":{"prop_id":"028-032-08","situsforma":"30 WALNUT AVE","situsfor_2":"30 WALNUT AVE  MILL VALLEY"}},{"type":"Feature","geometry":{"type":"Polygon","coordinates":[[[-122.534519,37.897503],[-122.534697,37.897585],[-122.534665,37.897627],[-122.534487,37.897545],[-122.534519,37.897503]]]},"properties":{"prop_id":"030-271-12","situsforma":"12 PARK TER","situsfor_2":"12 PARK TER  MILL VALLEY"}},{"type":"Feature","geometry":{"type":"Polygon","coordinates":[[[-122.567996,37.903402],[-122.568324,37.903352],[-122.568279,37.903467],[-122.568255,37.903527],[-122.568232,37.903586],[-122.567947,37.903515],[-122.56797,37.903461],[-122.567996,37.903402]]]},"properties":{"prop_id":"045-124-13","situsforma":"150 REDWOOD AVE","situsfor_2":"150 REDWOOD AVE  MILL VALLEY"}},{"type":"Feature","geometry":{"type":"Polygon","coordinates":[[[-122.545349,37.914307],[-122.545354,37.91424],[-122.545352,37.914233],[-122.545294,37.913915],[-122.545294,37.913915],[-122.545363,37.913932],[-122.545514,37.913969],[-122.545761,37.914027],[-122.545768,37.914031],[-122.545768,37.914031],[-122.545769,37.914032],[-122.545797,37.914043],[-122.545798,37.914043],[-122.545799,37.914044],[-122.545817,37.914049],[-122.545829,37.914053],[-122.545829,37.914053],[-122.54583,37.914053],[-122.54586,37.91406],[-122.545861,37.91406],[-122.545861,37.91406],[-122.545887,37.914064],[-122.545865,37.914084],[-122.546102,37.914175],[-122.546086,37.914202],[-122.546069,37.914231],[-122.546174,37.914251],[-122.546197,37.914213],[-122.546289,37.91425],[-122.546631,37.914389],[-122.545345,37.914368],[-122.545344,37.914368],[-122.545349,37.914307]]]},"properties":{"prop_id":"029-290-14","situsforma":"78 GREENWOOD WAY","situsfor_2":"78 GREENWOOD WAY  MILL VALLEY"}},{"type":"Feature","geometry":{"type":"Polygon","coordinates":[[[-122.532946,37.915795],[-122.533039,37.915401],[-122.533118,37.915383],[-122.533134,37.91538],[-122.533136,37.915379],[-122.533137,37.915379],[-122.533158,37.915377],[-122.53316,37.915377],[-122.533161,37.915377],[-122.533182,37.915375],[-122.533183,37.915375],[-122.533184,37.915375],[-122.533206,37.915376],[-122.533207,37.915376],[-122.533208,37.915376],[-122.53323,37.915378],[-122.533231,37.915378],[-122.533231,37.915378],[-122.533253,37.915381],[-122.533254,37.915381],[-122.533254,37.915382],[-122.533276,37.915386],[-122.533276,37.915387],[-122.533277,37.915387],[-122.533277,37.915387],[-122.533298,37.915393],[-122.533305,37.915396],[-122.533306,37.915396],[-122.533306,37.915396],[-122.533316,37.915401],[-122.533317,37.915401],[-122.533318,37.915402],[-122.533328,37.915407],[-122.533328,37.915407],[-122.533329,37.915408],[-122.533338,37.915413],[-122.533339,37.915414],[-122.533339,37.915415],[-122.533348,37.915421],[-122.533348,37.915422],[-122.533349,37.915422],[-122.533357,37.915429],[-122.533357,37.91543],[-122.533357,37.91543],[-122.533357,37.91543],[-122.533364,37.915437],[-122.533365,37.915438],[-122.533365,37.915439],[-122.533371,37.915447],[-122.533371,37.915448],[-122.533372,37.915449],[-122.533376,37.915456],[-122.533377,37.915457],[-122.533377,37.915458],[-122.533381,37.915466],[-122.533381,37.915467],[-122.533382,37.915468],[-122.533385,37.915477],[-122.533386,37.915484],[-122.533386,37.915485],[-122.533386,37.915486],[-122.533388,37.915491],[-122.533388,37.915492],[-122.533389,37.915494],[-122.533177,37.915835],[-122.532946,37.915795]]]},"properties":{"prop_id":"029-334-04","situsforma":"20 SARAH DR","situsfor_2":"20 SARAH DR  MILL VALLEY"}},{"type":"Feature","geometry":{"type":"Polygon","coordinates":[[[-122.53475,37.924584],[-122.534585,37.924603],[-122.534498,37.924608],[-122.534583,37.924375],[-122.534816,37.924406],[-122.534826,37.924466],[-122.534875,37.924572],[-122.53475,37.924584]]]},"properties":{"prop_id":"025-023-57","situsforma":"71 SUMMIT DR","situsfor_2":"71 SUMMIT DR  CORTE MADERA"}},{"type":"Feature","geometry":{"type":"Polygon","coordinates":[[[-122.549753,37.911612],[-122.549674,37.911528],[-122.549587,37.911436],[-122.549503,37.911347],[-122.549429,37.911249],[-122.549261,37.911037],[-122.549684,37.910783],[-122.549707,37.9108],[-122.549733,37.910815],[-122.54976,37.91083],[-122.54976,37.91083],[-122.549789,37.910848],[-122.549815,37.910875],[-122.549832,37.910896],[-122.549843,37.910923],[-122.549845,37.910946],[-122.549843,37.910964],[-122.549843,37.910967],[-122.549842,37.910969],[-122.549836,37.910987],[-122.549821,37.911004],[-122.549801,37.911021],[-122.54979,37.911028],[-122.549779,37.911034],[-122.549773,37.911037],[-122.549756,37.911044],[-122.549726,37.911056],[-122.549705,37.911067],[-122.549695,37.911075],[-122.549687,37.911088],[-122.549687,37.911102],[-122.549686,37.911104],[-122.549687,37.911105],[-122.549693,37.911122],[-122.549712,37.911139],[-122.549738,37.911154],[-122.549769,37.911175],[-122.549797,37.911189],[-122.549807,37.911193],[-122.549825,37.911199],[-122.54985,37.911209],[-122.54989,37.91124],[-122.549895,37.911243],[-122.549928,37.911267],[-122.549963,37.911288],[-122.549997,37.911305],[-122.550029,37.911319],[-122.550039,37.911323],[-122.550053,37.911328],[-122.550072,37.91134],[-122.550081,37.911346],[-122.550086,37.91135],[-122.550097,37.91136],[-122.550115,37.911374],[-122.550132,37.911384],[-122.550155,37.911393],[-122.550182,37.911407],[-122.550197,37.911414],[-122.550222,37.911425],[-122.550222,37.911426],[-122.550248,37.911438],[-122.550258,37.911446],[-122.550261,37.911448],[-122.550262,37.91145],[-122.550264,37.911457],[-122.550263,37.911468],[-122.55026,37.911481],[-122.550259,37.911497],[-122.550253,37.911512],[-122.550252,37.911515],[-122.550249,37.911531],[-122.550246,37.911556],[-122.550245,37.911579],[-122.550244,37.911613],[-122.550243,37.911629],[-122.550247,37.911655],[-122.550252,37.911671],[-122.550253,37.911675],[-122.550257,37.911704],[-122.549923,37.911791],[-122.549753,37.911612]]]},"properties":{"prop_id":"029-051-10","situsforma":"9 ELDRIDGE AVE","situsfor_2":"9 ELDRIDGE AVE  MILL VALLEY"}},{"type":"Feature","geometry":{"type":"Polygon","coordinates":[[[-122.568215,37.898878],[-122.567936,37.898426],[-122.568311,37.898262],[-122.568483,37.89856],[-122.568508,37.898758],[-122.568488,37.898824],[-122.568192,37.898942],[-122.568215,37.898878]]]},"properties":{"prop_id":"046-142-30","situsforma":"9 HUCKLEBERRY TRL","situsfor_2":"9 HUCKLEBERRY TRL  MILL VALLEY"}},{"type":"Feature","geometry":{"type":"Polygon","coordinates":[[[-122.564694,37.906742],[-122.56426,37.906783],[-122.564193,37.906542],[-122.564996,37.906099],[-122.564929,37.906259],[-122.565006,37.906405],[-122.565082,37.906488],[-122.564993,37.906497],[-122.564771,37.906551],[-122.564694,37.906742]]]},"properties":{"prop_id":"027-231-07","situsforma":"","situsfor_2":""}},{"type":"Feature","geometry":{"type":"Polygon","coordinates":[[[-122.555765,37.907612],[-122.556102,37.90771],[-122.55605,37.907747],[-122.555861,37.907881],[-122.555549,37.907796],[-122.555765,37.907612]]]},"properties":{"prop_id":"027-222-22","situsforma":"205 LOVELL AVE","situsfor_2":"205 LOVELL AVE  MILL VALLEY"}},{"type":"Feature","geometry":{"type":"Polygon","coordinates":[[[-122.547373,37.904565],[-122.547389,37.904591],[-122.547383,37.904593],[-122.547402,37.904622],[-122.547409,37.90462],[-122.547412,37.904625],[-122.547406,37.904628],[-122.547428,37.904663],[-122.547398,37.904674],[-122.547403,37.904681],[-122.547363,37.904696],[-122.547349,37.904675],[-122.547299,37.904694],[-122.547264,37.904639],[-122.547314,37.904619],[-122.547297,37.904594],[-122.547373,37.904565]]]},"properties":{"prop_id":"028-280-06","situsforma":"46 MILLER AVE","situsfor_2":"46 MILLER AVE  MILL VALLEY"}},{"type":"Feature","geometry":{"type":"Polygon","coordinates":[[[-122.565011,37.901132],[-122.564687,37.90114],[-122.564679,37.901087],[-122.565008,37.90108],[-122.565011,37.901132]]]},"properties":{"prop_id":"045-201-05","situsforma":"","situsfor_2":""}},{"type":"Feature","geometry":{"type":"Polygon","coordinates":[[[-122.529369,37.923681],[-122.529497,37.923675],[-122.529497,37.923675],[-122.529537,37.923964],[-122.52947,37.923989],[-122.529469,37.923989],[-122.529469,37.923989],[-122.529468,37.923989],[-122.529421,37.92401],[-122.529421,37.92401],[-122.529341,37.92387],[-122.529267,37.923739],[-122.529367,37.923682],[-122.529369,37.923681]]]},"properties":{"prop_id":"025-095-05","situsforma":"318 CORTE MADERA AVE","situsfor_2":"318 CORTE MADERA AVE  CORTE MADERA"}},{"type":"Feature","geometry":{"type":"Polygon","coordinates":[[[-122.543041,37.908923],[-122.543044,37.908677],[-122.543043,37.908642],[-122.543384,37.908587],[-122.543473,37.908703],[-122.543625,37.908945],[-122.543041,37.908923]]]},"properties":{"prop_id":"029-113-27","situsforma":"166 HILLSIDE AVE","situsfor_2":"166 HILLSIDE AVE  MILL VALLEY"}},{"type":"Feature","geometry":{"type":"Polygon","coordinates":[[[-122.531588,37.924594],[-122.531729,37.924761],[-122.53153,37.924882],[-122.531343,37.924647],[-122.531492,37.924592],[-122.531527,37.924529],[-122.531588,37.924594]]]},"properties":{"prop_id":"025-033-08","situsforma":"158 CRESCENT RD","situsfor_2":"158 CRESCENT RD  CORTE MADERA"}},{"type":"Feature","geometry":{"type":"Polygon","coordinates":[[[-122.544047,37.895937],[-122.544101,37.895789],[-122.544192,37.895539],[-122.544194,37.89554],[-122.544642,37.895674],[-122.544589,37.895811],[-122.544355,37.895864],[-122.544248,37.896173],[-122.543979,37.89612],[-122.543983,37.89611],[-122.544047,37.895937]]]},"properties":{"prop_id":"047-161-30","situsforma":"308 LAVERNE AVE","situsfor_2":"308 LAVERNE AVE  MILL VALLEY"}},{"type":"Feature","geometry":{"type":"Polygon","coordinates":[[[-122.532244,37.902779],[-122.53215,37.902925],[-122.531823,37.902786],[-122.531821,37.902718],[-122.531879,37.902627],[-122.532244,37.902779]]]},"properties":{"prop_id":"030-012-58","situsforma":"27 MESA AVE","situsfor_2":"27 MESA AVE  MILL VALLEY"}},{"type":"Feature","geometry":{"type":"Polygon","coordinates":[[[-122.538981,37.902987],[-122.539501,37.902888],[-122.539515,37.902934],[-122.539517,37.903052],[-122.538973,37.90313],[-122.538981,37.902987]]]},"properties":{"prop_id":"028-233-33","situsforma":"23 WALNUT AVE","situsfor_2":"23 WALNUT AVE  MILL VALLEY"}},{"type":"Feature","geometry":{"type":"Polygon","coordinates":[[[-122.541418,37.895242],[-122.541464,37.895103],[-122.541812,37.895174],[-122.541765,37.895315],[-122.541418,37.895242]]]},"properties":{"prop_id":"047-222-15","situsforma":"207 SCOTT ST","situsfor_2":"207 SCOTT ST  MILL VALLEY"}},{"type":"Feature","geometry":{"type":"Polygon","coordinates":[[[-122.537069,37.900073],[-122.536774,37.900278],[-122.536698,37.900187],[-122.537004,37.899972],[-122.537069,37.900073]]]},"properties":{"prop_id":"030-052-02","situsforma":"128 WALNUT AVE","situsfor_2":"128 WALNUT AVE  MILL VALLEY"}},{"type":"Feature","geometry":{"type":"Polygon","coordinates":[[[-122.53441,37.896602],[-122.534524,37.896443],[-122.534564,37.896458],[-122.534582,37.896465],[-122.534581,37.896467],[-122.534476,37.896616],[-122.534468,37.89663],[-122.53441,37.896602]]]},"properties":{"prop_id":"030-271-42","situsforma":"42 PARK TER","situsfor_2":"42 PARK TER  MILL VALLEY"}},{"type":"Feature","geometry":{"type":"Polygon","coordinates":[[[-122.554281,37.919288],[-122.55451,37.919184],[-122.554565,37.919279],[-122.554572,37.919288],[-122.554572,37.919289],[-122.554575,37.919292],[-122.554582,37.919299],[-122.554583,37.9193],[-122.554584,37.919301],[-122.554592,37.919307],[-122.554593,37.919308],[-122.554594,37.919309],[-122.554602,37.919314],[-122.554603,37.919315],[-122.554604,37.919316],[-122.554516,37.919793],[-122.554476,37.919799],[-122.554197,37.919841],[-122.554281,37.919288]]]},"properties":{"prop_id":"027-271-04","situsforma":"4 MARSH DR","situsfor_2":"4 MARSH DR  MILL VALLEY"}},{"type":"Feature","geometry":{"type":"Polygon","coordinates":[[[-122.53565,37.90734],[-122.535871,37.907103],[-122.536164,37.907207],[-122.535985,37.907454],[-122.535732,37.90756],[-122.53571,37.90757],[-122.535709,37.90757],[-122.535708,37.907571],[-122.535689,37.907582],[-122.535688,37.907582],[-122.535687,37.907583],[-122.535669,37.907595],[-122.535668,37.907596],[-122.535667,37.907597],[-122.535651,37.90761],[-122.53565,37.907611],[-122.535649,37.907611],[-122.535634,37.907626],[-122.535633,37.907627],[-122.535633,37.907627],[-122.535619,37.907643],[-122.535619,37.907644],[-122.535619,37.907644],[-122.535619,37.907644],[-122.535606,37.907661],[-122.535606,37.907662],[-122.535605,37.907663],[-122.535596,37.90768],[-122.535595,37.907681],[-122.535595,37.907682],[-122.535587,37.907699],[-122.535587,37.9077],[-122.535586,37.907701],[-122.535581,37.907719],[-122.53558,37.90772],[-122.53558,37.907721],[-122.535576,37.90774],[-122.535576,37.90774],[-122.535576,37.907741],[-122.535576,37.907741],[-122.535574,37.907761],[-122.535574,37.907761],[-122.535574,37.907762],[-122.535574,37.907781],[-122.535574,37.907782],[-122.535575,37.907783],[-122.535577,37.907801],[-122.535577,37.907802],[-122.535577,37.907803],[-122.535582,37.907821],[-122.535582,37.907822],[-122.535582,37.907823],[-122.535589,37.907841],[-122.535589,37.907842],[-122.535589,37.907843],[-122.535598,37.907861],[-122.535598,37.907861],[-122.535609,37.90788],[-122.53561,37.90788],[-122.53561,37.907881],[-122.535622,37.907897],[-122.535623,37.907898],[-122.535627,37.907903],[-122.535418,37.907955],[-122.535346,37.907895],[-122.535346,37.907894],[-122.53534,37.907864],[-122.535337,37.90785],[-122.53526,37.907493],[-122.535538,37.907384],[-122.535553,37.907378],[-122.53565,37.90734]]]},"properties":{"prop_id":"029-242-15","situsforma":"200 MARLIN AVE","situsfor_2":"200 MARLIN AVE  MILL VALLEY"}},{"type":"Feature","geometry":{"type":"Polygon","coordinates":[[[-122.530059,37.916886],[-122.530032,37.916767],[-122.529995,37.916684],[-122.52992,37.916597],[-122.529764,37.916485],[-122.529698,37.916377],[-122.529708,37.916311],[-122.529712,37.916286],[-122.529712,37.916286],[-122.530283,37.916341],[-122.530593,37.916371],[-122.530671,37.916378],[-122.530814,37.916391],[-122.530814,37.916392],[-122.530813,37.916394],[-122.530813,37.916395],[-122.530805,37.916415],[-122.530799,37.916433],[-122.530798,37.916433],[-122.530798,37.916434],[-122.530788,37.916473],[-122.530787,37.916474],[-122.530787,37.916475],[-122.530781,37.916515],[-122.530781,37.916515],[-122.530781,37.916516],[-122.530778,37.916556],[-122.530778,37.916557],[-122.530778,37.916557],[-122.53078,37.916598],[-122.53078,37.916599],[-122.53078,37.916599],[-122.530785,37.916639],[-122.530785,37.91664],[-122.530785,37.91664],[-122.530786,37.91664],[-122.530795,37.916681],[-122.530795,37.916681],[-122.530795,37.916681],[-122.530795,37.916681],[-122.530809,37.916721],[-122.530845,37.916815],[-122.530647,37.916855],[-122.530463,37.91683],[-122.530451,37.916829],[-122.530431,37.916827],[-122.530411,37.916828],[-122.53039,37.916829],[-122.53037,37.916833],[-122.530351,37.916837],[-122.530333,37.916842],[-122.530316,37.916848],[-122.530299,37.916856],[-122.530283,37.916864],[-122.530269,37.916874],[-122.530255,37.916885],[-122.530242,37.916897],[-122.530231,37.916909],[-122.530222,37.916922],[-122.530112,37.917082],[-122.530109,37.917085],[-122.530077,37.917127],[-122.530045,37.917161],[-122.53004,37.917167],[-122.5299,37.917319],[-122.530048,37.916918],[-122.530059,37.916886]]]},"properties":{"prop_id":"029-350-06","situsforma":"","situsfor_2":""}},{"type":"Feature","geometry":{"type":"Polygon","coordinates":[[[-122.538216,37.921295],[-122.538315,37.92125],[-122.538702,37.921478],[-122.538726,37.921495],[-122.538766,37.921524],[-122.538932,37.921643],[-122.538923,37.921884],[-122.538923,37.921884],[-122.538923,37.921884],[-122.538923,37.921885],[-122.538923,37.921884],[-122.538914,37.921874],[-122.538804,37.921749],[-122.538804,37.921749],[-122.538804,37.921748],[-122.538547,37.921527],[-122.538533,37.921517],[-122.538414,37.921434],[-122.538414,37.921434],[-122.538253,37.921321],[-122.538216,37.921295],[-122.538216,37.921295]]]},"properties":{"prop_id":"025-132-17","situsforma":"","situsfor_2":""}},{"type":"Feature","geometry":{"type":"Polygon","coordinates":[[[-122.541205,37.899174],[-122.541276,37.899057],[-122.541278,37.899052],[-122.541338,37.899128],[-122.541394,37.8992],[-122.541295,37.899433],[-122.541208,37.89933],[-122.541156,37.899295],[-122.541205,37.899174]]]},"properties":{"prop_id":"028-184-36","situsforma":"54 WOODSIDE LN","situsfor_2":"54 WOODSIDE LN  MILL VALLEY"}},{"type":"Feature","geometry":{"type":"Polygon","coordinates":[[[-122.537474,37.905027],[-122.537433,37.90537],[-122.537357,37.905373],[-122.537272,37.905341],[-122.537207,37.905045],[-122.537474,37.905027]]]},"properties":{"prop_id":"029-211-04","situsforma":"15 SIDNEY ST","situsfor_2":"15 SIDNEY ST  MILL VALLEY"}},{"type":"Feature","geometry":{"type":"Polygon","coordinates":[[[-122.557152,37.91024],[-122.557585,37.909944],[-122.557659,37.909978],[-122.557686,37.910089],[-122.557272,37.910369],[-122.55726,37.910377],[-122.557143,37.910246],[-122.557152,37.91024]]]},"properties":{"prop_id":"027-192-10","situsforma":"300 LOVELL AVE","situsfor_2":"300 LOVELL AVE  MILL VALLEY"}},{"type":"Feature","geometry":{"type":"Polygon","coordinates":[[[-122.538281,37.914613],[-122.538097,37.914357],[-122.537804,37.913937],[-122.537984,37.913975],[-122.538604,37.91411],[-122.53921,37.914236],[-122.540168,37.914438],[-122.540168,37.914438],[-122.540104,37.914716],[-122.53993,37.914561],[-122.539282,37.914664],[-122.53886,37.914731],[-122.538416,37.914801],[-122.538281,37.914613]]]},"properties":{"prop_id":"029-280-04","situsforma":"","situsfor_2":""}},{"type":"Feature","geometry":{"type":"Polygon","coordinates":[[[-122.552714,37.914018],[-122.552641,37.913892],[-122.55256,37.913772],[-122.552825,37.913743],[-122.553157,37.914054],[-122.552784,37.914145],[-122.552714,37.914018]]]},"properties":{"prop_id":"027-122-24","situsforma":"10 LYON PL","situsfor_2":"10 LYON PL  MILL VALLEY"}},{"type":"Feature","geometry":{"type":"Polygon","coordinates":[[[-122.541943,37.906625],[-122.542213,37.906621],[-122.542213,37.906843],[-122.541946,37.906845],[-122.541943,37.906625]]]},"properties":{"prop_id":"029-184-11","situsforma":"104 BUENA VISTA AVE","situsfor_2":"104 BUENA VISTA AVE  MILL VALLEY"}},{"type":"Feature","geometry":{"type":"Polygon","coordinates":[[[-122.560783,37.895922],[-122.560786,37.895921],[-122.560787,37.895921],[-122.560807,37.895937],[-122.560938,37.896115],[-122.560947,37.896128],[-122.560943,37.896131],[-122.560941,37.896132],[-122.560941,37.896132],[-122.560808,37.89622],[-122.560497,37.896425],[-122.5604,37.89659],[-122.560475,37.896773],[-122.560376,37.89672],[-122.560062,37.896603],[-122.559895,37.896516],[-122.559848,37.896492],[-122.559772,37.896452],[-122.559687,37.896388],[-122.560117,37.896143],[-122.560596,37.895984],[-122.560762,37.895929],[-122.560762,37.895929],[-122.560783,37.895922]]]},"properties":{"prop_id":"046-271-17","situsforma":"297 PANORAMIC HWY","situsfor_2":"297 PANORAMIC HWY  MILL VALLEY"}},{"type":"Feature","geometry":{"type":"Polygon","coordinates":[[[-122.538526,37.923825],[-122.538524,37.923898],[-122.538227,37.9239],[-122.538242,37.92383],[-122.538526,37.923825]]]},"properties":{"prop_id":"021-165-03","situsforma":"","situsfor_2":""}},{"type":"Feature","geometry":{"type":"Polygon","coordinates":[[[-122.566475,37.900297],[-122.566722,37.900032],[-122.566744,37.900009],[-122.566759,37.900026],[-122.566928,37.900225],[-122.566739,37.900385],[-122.566475,37.900297]]]},"properties":{"prop_id":"046-151-25","situsforma":"23 RIDGE LN","situsfor_2":"23 RIDGE LN  MILL VALLEY"}},{"type":"Feature","geometry":{"type":"Polygon","coordinates":[[[-122.5493,37.901085],[-122.54895,37.900978],[-122.549145,37.900636],[-122.549465,37.900729],[-122.5493,37.901085]]]},"properties":{"prop_id":"028-162-04","situsforma":"100 EDGEWOOD AVE","situsfor_2":"100 EDGEWOOD AVE  MILL VALLEY"}},{"type":"Feature","geometry":{"type":"Polygon","coordinates":[[[-122.551173,37.913862],[-122.551625,37.913777],[-122.551757,37.913757],[-122.551785,37.913756],[-122.551808,37.913821],[-122.551669,37.91391],[-122.55166,37.914047],[-122.551236,37.914057],[-122.551173,37.913862]]]},"properties":{"prop_id":"029-042-73","situsforma":"235 W BLITHEDALE AVE","situsfor_2":"235 W BLITHEDALE AVE  MILL VALLEY"}},{"type":"Feature","geometry":{"type":"Polygon","coordinates":[[[-122.554966,37.917236],[-122.554959,37.916585],[-122.554951,37.916425],[-122.555206,37.916515],[-122.555138,37.916861],[-122.555266,37.917048],[-122.554966,37.917274],[-122.554966,37.917236]]]},"properties":{"prop_id":"027-081-16","situsforma":"50 ELAINE AVE","situsfor_2":"50 ELAINE AVE  MILL VALLEY"}},{"type":"Feature","geometry":{"type":"Polygon","coordinates":[[[-122.540477,37.909824],[-122.540146,37.909734],[-122.540049,37.909734],[-122.539964,37.90955],[-122.539907,37.909361],[-122.539986,37.90927],[-122.540242,37.909101],[-122.540325,37.909073],[-122.540407,37.909154],[-122.540448,37.9094],[-122.540556,37.909499],[-122.540667,37.909476],[-122.540477,37.909824]]]},"properties":{"prop_id":"029-085-06","situsforma":"166 ELINOR AVE","situsfor_2":"166 ELINOR AVE  MILL VALLEY"}},{"type":"Feature","geometry":{"type":"Polygon","coordinates":[[[-122.537916,37.900939],[-122.537801,37.900844],[-122.538107,37.900627],[-122.538226,37.900718],[-122.537916,37.900939]]]},"properties":{"prop_id":"028-221-16","situsforma":"127 SYCAMORE AVE","situsfor_2":"127 SYCAMORE AVE  MILL VALLEY"}},{"type":"Feature","geometry":{"type":"Polygon","coordinates":[[[-122.549234,37.908458],[-122.549142,37.908624],[-122.548947,37.908547],[-122.549041,37.908385],[-122.549234,37.908458]]]},"properties":{"prop_id":"029-093-08","situsforma":"11 LOWER ALCATRAZ PL","situsfor_2":"11 LOWER ALCATRAZ PL  MILL VALLEY"}},{"type":"Feature","geometry":{"type":"Polygon","coordinates":[[[-122.545052,37.907368],[-122.545065,37.907024],[-122.545241,37.907022],[-122.545229,37.907367],[-122.545052,37.907368]]]},"properties":{"prop_id":"029-181-03","situsforma":"35 BUENA VISTA AVE","situsfor_2":"35 BUENA VISTA AVE  MILL VALLEY"}},{"type":"Feature","geometry":{"type":"Polygon","coordinates":[[[-122.556388,37.921815],[-122.556436,37.921799],[-122.556458,37.921856],[-122.556481,37.921899],[-122.556447,37.921917],[-122.556178,37.922061],[-122.556176,37.922056],[-122.556173,37.922045],[-122.556114,37.921979],[-122.556061,37.921921],[-122.556388,37.921815]]]},"properties":{"prop_id":"027-022-13","situsforma":"","situsfor_2":""}},{"type":"Feature","geometry":{"type":"Polygon","coordinates":[[[-122.537969,37.928559],[-122.537985,37.928541],[-122.537985,37.92854],[-122.537985,37.92854],[-122.537986,37.928539],[-122.537991,37.928533],[-122.538113,37.928362],[-122.538523,37.92834],[-122.538411,37.928566],[-122.538291,37.928736],[-122.537969,37.928559]]]},"properties":{"prop_id":"021-282-05","situsforma":"160 PIEDMONT CT","situsfor_2":"160 PIEDMONT CT  LARKSPUR"}},{"type":"Feature","geometry":{"type":"Polygon","coordinates":[[[-122.555157,37.90092],[-122.555212,37.900594],[-122.555434,37.900693],[-122.555466,37.900706],[-122.555596,37.900804],[-122.555738,37.900924],[-122.555809,37.900984],[-122.555306,37.900998],[-122.555305,37.900997],[-122.555303,37.900997],[-122.555301,37.900995],[-122.5553,37.900995],[-122.555299,37.900994],[-122.555297,37.900993],[-122.555296,37.900992],[-122.555295,37.900991],[-122.555293,37.90099],[-122.555292,37.900989],[-122.555291,37.900988],[-122.555289,37.900986],[-122.555288,37.900985],[-122.555288,37.900985],[-122.555287,37.900985],[-122.555286,37.900983],[-122.555285,37.900982],[-122.555285,37.900981],[-122.555285,37.900981],[-122.555283,37.900979],[-122.555282,37.900978],[-122.555282,37.900978],[-122.555282,37.900978],[-122.55528,37.900974],[-122.555273,37.900967],[-122.555273,37.900966],[-122.555273,37.900966],[-122.555273,37.900966],[-122.555266,37.90096],[-122.555265,37.900959],[-122.555264,37.900958],[-122.555257,37.900953],[-122.555257,37.900952],[-122.555257,37.900952],[-122.555257,37.900952],[-122.555249,37.900947],[-122.555248,37.900946],[-122.555246,37.900945],[-122.555239,37.900941],[-122.555238,37.90094],[-122.555238,37.90094],[-122.555237,37.90094],[-122.555228,37.900936],[-122.555227,37.900935],[-122.555226,37.900935],[-122.555218,37.900931],[-122.555216,37.900931],[-122.555216,37.900931],[-122.555206,37.900927],[-122.555205,37.900927],[-122.555203,37.900927],[-122.555195,37.900925],[-122.555193,37.900924],[-122.555192,37.900924],[-122.555183,37.900922],[-122.555182,37.900922],[-122.555181,37.900922],[-122.55518,37.900922],[-122.555171,37.900921],[-122.555169,37.900921],[-122.555168,37.900921],[-122.555157,37.90092]]]},"properties":{"prop_id":"047-021-24","situsforma":"609 DOUGLAS DR","situsfor_2":"609 DOUGLAS DR  MILL VALLEY"}},{"type":"Feature","geometry":{"type":"Polygon","coordinates":[[[-122.550574,37.910628],[-122.550616,37.910609],[-122.55113,37.910379],[-122.551314,37.910545],[-122.550247,37.911019],[-122.550068,37.910847],[-122.550574,37.910628]]]},"properties":{"prop_id":"029-053-30","situsforma":"355 MAGEE AVE","situsfor_2":"355 MAGEE AVE  MILL VALLEY"}},{"type":"Feature","geometry":{"type":"Polygon","coordinates":[[[-122.530772,37.926057],[-122.530472,37.926244],[-122.530303,37.926082],[-122.530601,37.925927],[-122.530697,37.925911],[-122.530772,37.926057]]]},"properties":{"prop_id":"025-011-14","situsforma":"300 REDWOOD AVE","situsfor_2":"300 REDWOOD AVE  CORTE MADERA"}},{"type":"Feature","geometry":{"type":"Polygon","coordinates":[[[-122.53545,37.903572],[-122.535704,37.90326],[-122.535848,37.903331],[-122.535654,37.903572],[-122.53545,37.903572]]]},"properties":{"prop_id":"030-012-02","situsforma":"391 E BLITHEDALE AVE","situsfor_2":"391 E BLITHEDALE AVE  MILL VALLEY"}},{"type":"Feature","geometry":{"type":"Polygon","coordinates":[[[-122.549592,37.912695],[-122.549875,37.912511],[-122.550064,37.91268],[-122.549767,37.912874],[-122.549576,37.912706],[-122.549592,37.912695]]]},"properties":{"prop_id":"029-043-27","situsforma":"182 W BLITHEDALE AVE","situsfor_2":"182 W BLITHEDALE AVE  MILL VALLEY"}},{"type":"Feature","geometry":{"type":"Polygon","coordinates":[[[-122.543086,37.900199],[-122.543424,37.900271],[-122.543325,37.90056],[-122.542997,37.900529],[-122.542951,37.900547],[-122.543086,37.900199]]]},"properties":{"prop_id":"028-184-44","situsforma":"336 ETHEL AVE","situsfor_2":"336 ETHEL AVE  MILL VALLEY"}},{"type":"Feature","geometry":{"type":"Polygon","coordinates":[[[-122.534101,37.89684],[-122.534247,37.896908],[-122.534215,37.89695],[-122.53407,37.896883],[-122.534101,37.89684]]]},"properties":{"prop_id":"030-271-34","situsforma":"34 PARK TER","situsfor_2":"34 PARK TER  MILL VALLEY"}},{"type":"Feature","geometry":{"type":"Polygon","coordinates":[[[-122.538445,37.900129],[-122.538056,37.90041],[-122.537933,37.900302],[-122.538325,37.900026],[-122.538445,37.900129]]]},"properties":{"prop_id":"028-222-52","situsforma":"136 SYCAMORE AVE","situsfor_2":"136 SYCAMORE AVE  MILL VALLEY"}},{"type":"Feature","geometry":{"type":"Polygon","coordinates":[[[-122.549236,37.901564],[-122.549477,37.901516],[-122.549573,37.901564],[-122.549426,37.901856],[-122.549108,37.901765],[-122.549146,37.901525],[-122.549236,37.901564]]]},"properties":{"prop_id":"028-163-02","situsforma":"100 HELENS LN","situsfor_2":"100 HELENS LN  MILL VALLEY"}},{"type":"Feature","geometry":{"type":"Polygon","coordinates":[[[-122.546825,37.896977],[-122.546825,37.896975],[-122.547247,37.897064],[-122.547247,37.897066],[-122.547197,37.89723],[-122.546773,37.897161],[-122.546825,37.896977]]]},"properties":{"prop_id":"047-132-15","situsforma":"","situsfor_2":""}},{"type":"Feature","geometry":{"type":"Polygon","coordinates":[[[-122.539609,37.897686],[-122.539122,37.89792],[-122.538808,37.898063],[-122.538686,37.897869],[-122.539413,37.897566],[-122.539609,37.897686]]]},"properties":{"prop_id":"028-214-10","situsforma":"471 MOLINO AVE","situsfor_2":"471 MOLINO AVE  MILL VALLEY"}},{"type":"Feature","geometry":{"type":"Polygon","coordinates":[[[-122.555981,37.905088],[-122.556424,37.904558],[-122.556437,37.904586],[-122.55602,37.905094],[-122.555835,37.905317],[-122.555808,37.90535],[-122.555775,37.905333],[-122.555981,37.905088]]]},"properties":{"prop_id":"028-082-25","situsforma":"","situsfor_2":""}},{"type":"Feature","geometry":{"type":"Polygon","coordinates":[[[-122.53668,37.916968],[-122.536723,37.916712],[-122.536723,37.91671],[-122.537119,37.916786],[-122.537171,37.916557],[-122.537333,37.916417],[-122.537364,37.916394],[-122.537379,37.916447],[-122.537492,37.916429],[-122.537623,37.916415],[-122.537689,37.916691],[-122.53772,37.916809],[-122.537774,37.917009],[-122.537793,37.917073],[-122.537832,37.917198],[-122.537834,37.917205],[-122.537834,37.917206],[-122.537334,37.917144],[-122.536909,37.917091],[-122.536871,37.917086],[-122.536664,37.91706],[-122.53668,37.916968]]]},"properties":{"prop_id":"029-146-17","situsforma":"1 HEATHER LN","situsfor_2":"1 HEATHER LN  MILL VALLEY"}},{"type":"Feature","geometry":{"type":"Polygon","coordinates":[[[-122.552565,37.903711],[-122.552334,37.904021],[-122.552164,37.903983],[-122.552413,37.903639],[-122.552565,37.903711]]]},"properties":{"prop_id":"028-138-03","situsforma":"50 MOLINO AVE","situsfor_2":"50 MOLINO AVE  MILL VALLEY"}},{"type":"Feature","geometry":{"type":"Polygon","coordinates":[[[-122.535328,37.902614],[-122.535321,37.902623],[-122.535162,37.902566],[-122.535333,37.902352],[-122.535438,37.902385],[-122.535502,37.902392],[-122.535328,37.902614]]]},"properties":{"prop_id":"028-231-13","situsforma":"163 LOCUST AVE","situsfor_2":"163 LOCUST AVE  MILL VALLEY"}},{"type":"Feature","geometry":{"type":"Polygon","coordinates":[[[-122.529865,37.898632],[-122.529907,37.898552],[-122.529907,37.898552],[-122.529907,37.898552],[-122.529935,37.898484],[-122.529955,37.898425],[-122.530278,37.898623],[-122.53027,37.898642],[-122.53027,37.898642],[-122.53022,37.898744],[-122.529865,37.898632]]]},"properties":{"prop_id":"030-044-12","situsforma":"70 RYAN AVE","situsfor_2":"70 RYAN AVE  MILL VALLEY"}},{"type":"Feature","geometry":{"type":"Polygon","coordinates":[[[-122.565658,37.900475],[-122.565694,37.900488],[-122.565836,37.900536],[-122.566083,37.900613],[-122.566174,37.900639],[-122.566041,37.900833],[-122.565841,37.900771],[-122.565722,37.900777],[-122.565687,37.900779],[-122.565658,37.900475]]]},"properties":{"prop_id":"045-182-18","situsforma":"","situsfor_2":""}},{"type":"Feature","geometry":{"type":"Polygon","coordinates":[[[-122.567452,37.911734],[-122.567582,37.91155],[-122.568476,37.911975],[-122.568082,37.912473],[-122.568082,37.912473],[-122.567878,37.91246],[-122.567878,37.91246],[-122.567889,37.912137],[-122.567575,37.912106],[-122.567727,37.911857],[-122.567452,37.911734]]]},"properties":{"prop_id":"027-106-17","situsforma":"460 CASCADE DR B","situsfor_2":"460 CASCADE DR B MILL VALLEY"}},{"type":"Feature","geometry":{"type":"Polygon","coordinates":[[[-122.550804,37.900931],[-122.550748,37.900895],[-122.550582,37.900788],[-122.550582,37.900788],[-122.550582,37.900788],[-122.550767,37.900623],[-122.550869,37.900532],[-122.551006,37.900623],[-122.551017,37.90061],[-122.551265,37.900752],[-122.55119,37.900842],[-122.551173,37.900832],[-122.550961,37.901033],[-122.550804,37.900931]]]},"properties":{"prop_id":"047-041-17","situsforma":"149 EDGEWOOD AVE","situsfor_2":"149 EDGEWOOD AVE  MILL VALLEY"}},{"type":"Feature","geometry":{"type":"Polygon","coordinates":[[[-122.53228,37.896817],[-122.53233,37.896842],[-122.532449,37.896901],[-122.53223,37.897167],[-122.532185,37.897146],[-122.532075,37.897088],[-122.53228,37.896817]]]},"properties":{"prop_id":"030-065-06","situsforma":"310 SYCAMORE AVE","situsfor_2":"310 SYCAMORE AVE  MILL VALLEY"}},{"type":"Feature","geometry":{"type":"Polygon","coordinates":[[[-122.535818,37.89847],[-122.535816,37.898469],[-122.535815,37.898469],[-122.535814,37.898469],[-122.535813,37.898469],[-122.535813,37.898468],[-122.53581,37.898467],[-122.535807,37.898466],[-122.535807,37.898465],[-122.535806,37.898465],[-122.535805,37.898465],[-122.535804,37.898464],[-122.535803,37.898464],[-122.535803,37.898463],[-122.535802,37.898463],[-122.535801,37.898462],[-122.535801,37.898461],[-122.5358,37.898461],[-122.5358,37.89846],[-122.535799,37.89846],[-122.535798,37.898459],[-122.535798,37.898458],[-122.535797,37.898458],[-122.535797,37.898458],[-122.535796,37.898456],[-122.535796,37.898455],[-122.535795,37.898455],[-122.535795,37.898455],[-122.535794,37.898452],[-122.535794,37.898452],[-122.535794,37.898452],[-122.535793,37.89845],[-122.535793,37.898449],[-122.535793,37.898449],[-122.535792,37.898448],[-122.535792,37.898447],[-122.535792,37.898446],[-122.535792,37.898446],[-122.535792,37.898445],[-122.535792,37.898444],[-122.535792,37.898443],[-122.535792,37.898442],[-122.535792,37.898442],[-122.535791,37.898441],[-122.535792,37.89844],[-122.535792,37.898439],[-122.535792,37.898438],[-122.535792,37.898438],[-122.535792,37.898436],[-122.535792,37.898435],[-122.535792,37.898435],[-122.535792,37.898435],[-122.535793,37.898432],[-122.535793,37.898432],[-122.535793,37.898432],[-122.535794,37.898431],[-122.535794,37.898429],[-122.535794,37.898429],[-122.535795,37.898428],[-122.535795,37.898428],[-122.535796,37.898426],[-122.535796,37.898426],[-122.535797,37.898425],[-122.535797,37.898424],[-122.535798,37.898423],[-122.535798,37.898422],[-122.535799,37.898422],[-122.535799,37.898421],[-122.5358,37.898421],[-122.535801,37.898419],[-122.535802,37.898419],[-122.535802,37.898418],[-122.535802,37.898418],[-122.535805,37.898416],[-122.536214,37.89813],[-122.536377,37.898353],[-122.5362,37.898311],[-122.535972,37.898469],[-122.535818,37.89847]]]},"properties":{"prop_id":"030-055-08","situsforma":"212 SYCAMORE AVE","situsfor_2":"212 SYCAMORE AVE  MILL VALLEY"}},{"type":"Feature","geometry":{"type":"Polygon","coordinates":[[[-122.532106,37.897552],[-122.532351,37.897747],[-122.532225,37.897849],[-122.53209,37.89775],[-122.531975,37.897665],[-122.532106,37.897552]]]},"properties":{"prop_id":"030-063-03","situsforma":"59 VALLEY CIR","situsfor_2":"59 VALLEY CIR  MILL VALLEY"}},{"type":"Feature","geometry":{"type":"Polygon","coordinates":[[[-122.543475,37.90567],[-122.543303,37.90567],[-122.543295,37.905316],[-122.543461,37.905316],[-122.543475,37.90567]]]},"properties":{"prop_id":"028-023-04","situsforma":"15 MOUNTAIN VIEW AVE","situsfor_2":"15 MOUNTAIN VIEW AVE  MILL VALLEY"}},{"type":"Feature","geometry":{"type":"Polygon","coordinates":[[[-122.542688,37.907357],[-122.542688,37.907228],[-122.542938,37.907228],[-122.542943,37.907228],[-122.54294,37.907358],[-122.542934,37.907358],[-122.542722,37.907357],[-122.542688,37.907357]]]},"properties":{"prop_id":"029-183-08","situsforma":"96 OAKDALE AVE","situsfor_2":"96 OAKDALE AVE  MILL VALLEY"}},{"type":"Feature","geometry":{"type":"Polygon","coordinates":[[[-122.564457,37.901371],[-122.564394,37.901137],[-122.564632,37.901],[-122.564665,37.901219],[-122.564628,37.901233],[-122.56466,37.901289],[-122.564675,37.901285],[-122.564687,37.901364],[-122.564457,37.901371]]]},"properties":{"prop_id":"045-203-02","situsforma":"2 FERN LN","situsfor_2":"2 FERN LN  MILL VALLEY"}},{"type":"Feature","geometry":{"type":"Polygon","coordinates":[[[-122.531891,37.901818],[-122.532054,37.901573],[-122.532218,37.901647],[-122.532042,37.901884],[-122.531891,37.901818]]]},"properties":{"prop_id":"030-021-16","situsforma":"489 E BLITHEDALE AVE","situsfor_2":"489 E BLITHEDALE AVE  MILL VALLEY"}},{"type":"Feature","geometry":{"type":"Polygon","coordinates":[[[-122.536333,37.909485],[-122.536374,37.909363],[-122.536793,37.90937],[-122.536732,37.909474],[-122.536704,37.909509],[-122.536333,37.909485]]]},"properties":{"prop_id":"029-172-21","situsforma":"102 DEL CASA DR","situsfor_2":"102 DEL CASA DR  MILL VALLEY"}},{"type":"Feature","geometry":{"type":"Polygon","coordinates":[[[-122.561366,37.907417],[-122.561846,37.907206],[-122.56198,37.907202],[-122.562009,37.90738],[-122.561999,37.907385],[-122.561998,37.907386],[-122.561997,37.907387],[-122.561989,37.907392],[-122.561988,37.907393],[-122.561988,37.907393],[-122.561987,37.907393],[-122.56198,37.907399],[-122.561979,37.9074],[-122.561978,37.907401],[-122.561971,37.907408],[-122.56197,37.907408],[-122.56197,37.907409],[-122.561964,37.907416],[-122.561963,37.907417],[-122.561963,37.907418],[-122.561957,37.907426],[-122.561957,37.907426],[-122.561956,37.907427],[-122.561952,37.907435],[-122.561951,37.907436],[-122.561951,37.907436],[-122.561947,37.907445],[-122.561947,37.907446],[-122.561946,37.907447],[-122.561944,37.907455],[-122.561944,37.907456],[-122.561943,37.907456],[-122.561943,37.907457],[-122.561942,37.907465],[-122.561941,37.907466],[-122.561941,37.907467],[-122.56194,37.907475],[-122.56194,37.907476],[-122.56194,37.907476],[-122.56194,37.907476],[-122.561941,37.907485],[-122.561941,37.907486],[-122.561941,37.907487],[-122.561942,37.907496],[-122.561942,37.907497],[-122.561943,37.907503],[-122.56155,37.907726],[-122.561366,37.907417]]]},"properties":{"prop_id":"027-234-03","situsforma":"21 RENZ RD","situsfor_2":"21 RENZ RD  MILL VALLEY"}},{"type":"Feature","geometry":{"type":"Polygon","coordinates":[[[-122.562238,37.910301],[-122.563242,37.909791],[-122.563297,37.909888],[-122.563304,37.910086],[-122.562693,37.910454],[-122.562519,37.910303],[-122.562272,37.91039],[-122.562238,37.910301]]]},"properties":{"prop_id":"027-161-09","situsforma":"390 MONTE VISTA AVE","situsfor_2":"390 MONTE VISTA AVE  MILL VALLEY"}},{"type":"Feature","geometry":{"type":"Polygon","coordinates":[[[-122.552067,37.912983],[-122.552228,37.91322],[-122.552248,37.913331],[-122.551861,37.913367],[-122.551856,37.913328],[-122.551732,37.913195],[-122.551715,37.913177],[-122.551719,37.913133],[-122.552067,37.912983]]]},"properties":{"prop_id":"029-042-34","situsforma":"222 CORTE MADERA AVE","situsfor_2":"222 CORTE MADERA AVE  MILL VALLEY"}},{"type":"Feature","geometry":{"type":"Polygon","coordinates":[[[-122.54684,37.908064],[-122.547131,37.907968],[-122.547131,37.907969],[-122.547145,37.907996],[-122.546919,37.908074],[-122.546938,37.908108],[-122.546997,37.908215],[-122.546797,37.908265],[-122.546796,37.908266],[-122.546767,37.908237],[-122.546717,37.908189],[-122.546614,37.908139],[-122.54684,37.908064],[-122.54684,37.908064]]]},"properties":{"prop_id":"029-102-57","situsforma":"56 HILLSIDE AVE","situsfor_2":"56 HILLSIDE AVE  MILL VALLEY"}},{"type":"Feature","geometry":{"type":"Polygon","coordinates":[[[-122.55075,37.90225],[-122.55024,37.902075],[-122.550367,37.901967],[-122.550367,37.901591],[-122.550404,37.9016],[-122.55056,37.90185],[-122.550832,37.901848],[-122.550884,37.901907],[-122.550926,37.902167],[-122.55075,37.90225]]]},"properties":{"prop_id":"028-156-05","situsforma":"162 HELENS LN","situsfor_2":"162 HELENS LN  MILL VALLEY"}},{"type":"Feature","geometry":{"type":"Polygon","coordinates":[[[-122.541343,37.910541],[-122.541773,37.910542],[-122.54177,37.910584],[-122.541573,37.910835],[-122.541346,37.910822],[-122.541343,37.910541]]]},"properties":{"prop_id":"029-072-20","situsforma":"30 BOLSA AVE","situsfor_2":"30 BOLSA AVE  MILL VALLEY"}},{"type":"Feature","geometry":{"type":"Polygon","coordinates":[[[-122.545909,37.895924],[-122.54616,37.895723],[-122.546404,37.895518],[-122.546734,37.895242],[-122.546958,37.895315],[-122.547436,37.895576],[-122.547697,37.895518],[-122.54746,37.896102],[-122.547246,37.896178],[-122.547184,37.8962],[-122.547154,37.89621],[-122.547048,37.896219],[-122.546639,37.896147],[-122.54631,37.89603],[-122.546009,37.895986],[-122.545909,37.895924]]]},"properties":{"prop_id":"047-182-07","situsforma":"333 LAVERNE AVE","situsfor_2":"333 LAVERNE AVE  MILL VALLEY"}},{"type":"Feature","geometry":{"type":"Polygon","coordinates":[[[-122.547801,37.913042],[-122.548248,37.912913],[-122.548297,37.913075],[-122.548011,37.91321],[-122.547943,37.913243],[-122.547888,37.91313],[-122.547872,37.913114],[-122.547801,37.913042]]]},"properties":{"prop_id":"029-032-46","situsforma":"108 ELDRIDGE AVE","situsfor_2":"108 ELDRIDGE AVE  MILL VALLEY"}},{"type":"Feature","geometry":{"type":"Polygon","coordinates":[[[-122.531645,37.92382],[-122.531675,37.92378],[-122.531701,37.923788],[-122.531733,37.923747],[-122.531751,37.923755],[-122.531882,37.923597],[-122.531943,37.92363],[-122.532053,37.923799],[-122.53202,37.923865],[-122.531892,37.924008],[-122.531648,37.923896],[-122.531664,37.923875],[-122.531643,37.923865],[-122.531661,37.923841],[-122.531661,37.923841],[-122.531645,37.92382]]]},"properties":{"prop_id":"025-092-18","situsforma":"141 HILL PATH","situsfor_2":"141 HILL PATH  CORTE MADERA"}},{"type":"Feature","geometry":{"type":"Polygon","coordinates":[[[-122.533409,37.907848],[-122.533459,37.907686],[-122.533539,37.90764],[-122.533826,37.907793],[-122.533738,37.907937],[-122.533409,37.907848]]]},"properties":{"prop_id":"029-243-02","situsforma":"","situsfor_2":""}},{"type":"Feature","geometry":{"type":"Polygon","coordinates":[[[-122.537792,37.901889],[-122.537495,37.902078],[-122.537439,37.901951],[-122.537719,37.901776],[-122.537792,37.901889]]]},"properties":{"prop_id":"028-233-14","situsforma":"58 CATALPA AVE","situsfor_2":"58 CATALPA AVE  MILL VALLEY"}},{"type":"Feature","geometry":{"type":"Polygon","coordinates":[[[-122.547829,37.908141],[-122.547832,37.907997],[-122.54818,37.907897],[-122.548252,37.908097],[-122.547829,37.908141]]]},"properties":{"prop_id":"029-101-06","situsforma":"20 GARDNER ST","situsfor_2":"20 GARDNER ST  MILL VALLEY"}},{"type":"Feature","geometry":{"type":"Polygon","coordinates":[[[-122.541264,37.895195],[-122.541382,37.894838],[-122.541518,37.894939],[-122.541519,37.894939],[-122.541464,37.895103],[-122.541418,37.895242],[-122.541398,37.895296],[-122.54139,37.895318],[-122.54139,37.895318],[-122.541289,37.895293],[-122.541235,37.895279],[-122.541234,37.895279],[-122.541235,37.895277],[-122.54126,37.895208],[-122.541264,37.895195]]]},"properties":{"prop_id":"047-222-13","situsforma":"216 LAVERNE AVE","situsfor_2":"216 LAVERNE AVE  MILL VALLEY"}},{"type":"Feature","geometry":{"type":"Polygon","coordinates":[[[-122.540982,37.903379],[-122.540809,37.903379],[-122.540639,37.903379],[-122.540635,37.903268],[-122.540775,37.903267],[-122.541265,37.903263],[-122.541323,37.90332],[-122.541325,37.903376],[-122.540982,37.903379]]]},"properties":{"prop_id":"028-032-20","situsforma":"23 SYCAMORE AVE","situsfor_2":"23 SYCAMORE AVE  MILL VALLEY"}},{"type":"Feature","geometry":{"type":"Polygon","coordinates":[[[-122.547405,37.909717],[-122.547778,37.909532],[-122.547875,37.909645],[-122.547494,37.909839],[-122.547405,37.909717]]]},"properties":{"prop_id":"029-065-14","situsforma":"15 BIGELOW AVE","situsfor_2":"15 BIGELOW AVE  MILL VALLEY"}},{"type":"Feature","geometry":{"type":"Polygon","coordinates":[[[-122.558211,37.924695],[-122.558197,37.924676],[-122.557982,37.924283],[-122.558156,37.924353],[-122.558303,37.924626],[-122.558408,37.924652],[-122.558564,37.924691],[-122.559292,37.924876],[-122.559317,37.924883],[-122.559327,37.924953],[-122.559161,37.924972],[-122.559087,37.925231],[-122.559433,37.925651],[-122.559355,37.92569],[-122.558874,37.925242],[-122.55827,37.925056],[-122.558211,37.924695]]]},"properties":{"prop_id":"027-011-12","situsforma":"","situsfor_2":""}},{"type":"Feature","geometry":{"type":"Polygon","coordinates":[[[-122.538187,37.897978],[-122.538224,37.897953],[-122.538443,37.897783],[-122.538602,37.898059],[-122.538419,37.898179],[-122.538407,37.898187],[-122.538187,37.897978]]]},"properties":{"prop_id":"028-213-24","situsforma":"485 ETHEL AVE","situsfor_2":"485 ETHEL AVE  MILL VALLEY"}},{"type":"Feature","geometry":{"type":"Polygon","coordinates":[[[-122.54123,37.908884],[-122.541086,37.90879],[-122.541272,37.908538],[-122.541412,37.908629],[-122.541416,37.908632],[-122.54123,37.908884]]]},"properties":{"prop_id":"029-115-11","situsforma":"271 OAKDALE AVE","situsfor_2":"271 OAKDALE AVE  MILL VALLEY"}},{"type":"Feature","geometry":{"type":"Polygon","coordinates":[[[-122.529336,37.908666],[-122.529335,37.908402],[-122.529697,37.908404],[-122.529784,37.908589],[-122.52981,37.908653],[-122.529811,37.908654],[-122.529811,37.908655],[-122.529838,37.908744],[-122.529838,37.908745],[-122.529838,37.908746],[-122.529855,37.908837],[-122.529855,37.908837],[-122.529855,37.908838],[-122.529861,37.90893],[-122.529336,37.908666]]]},"properties":{"prop_id":"033-193-04","situsforma":"10 OVERHILL RD","situsfor_2":"10 OVERHILL RD  MILL VALLEY"}},{"type":"Feature","geometry":{"type":"Polygon","coordinates":[[[-122.534338,37.929223],[-122.534005,37.92907],[-122.534005,37.929065],[-122.534005,37.929064],[-122.534012,37.929008],[-122.534012,37.929008],[-122.534015,37.92895],[-122.534015,37.928949],[-122.534015,37.928948],[-122.534024,37.928891],[-122.534024,37.92889],[-122.534024,37.928889],[-122.534039,37.928833],[-122.534185,37.928613],[-122.534185,37.928613],[-122.534187,37.928609],[-122.53419,37.928606],[-122.53419,37.928606],[-122.53419,37.928606],[-122.534191,37.928605],[-122.534193,37.928603],[-122.534193,37.928603],[-122.534193,37.928603],[-122.534194,37.928602],[-122.534196,37.9286],[-122.534196,37.9286],[-122.534197,37.9286],[-122.534198,37.928599],[-122.5342,37.928598],[-122.5342,37.928598],[-122.534201,37.928597],[-122.534202,37.928597],[-122.534203,37.928596],[-122.534204,37.928595],[-122.534205,37.928595],[-122.534206,37.928594],[-122.534207,37.928594],[-122.534208,37.928593],[-122.53421,37.928592],[-122.534211,37.928592],[-122.534213,37.928591],[-122.534215,37.928591],[-122.534216,37.92859],[-122.534217,37.92859],[-122.534219,37.928589],[-122.53422,37.928589],[-122.534222,37.928589],[-122.534224,37.928588],[-122.534225,37.928588],[-122.534226,37.928588],[-122.534228,37.928588],[-122.534229,37.928588],[-122.534229,37.928588],[-122.534231,37.928588],[-122.534233,37.928588],[-122.534233,37.928588],[-122.534234,37.928588],[-122.534236,37.928588],[-122.534238,37.928588],[-122.534238,37.928588],[-122.534238,37.928588],[-122.534241,37.928588],[-122.534242,37.928588],[-122.534243,37.928588],[-122.534243,37.928588],[-122.534246,37.928589],[-122.534247,37.928589],[-122.534247,37.928589],[-122.534252,37.92859],[-122.534252,37.92859],[-122.534253,37.92859],[-122.534256,37.928591],[-122.534256,37.928591],[-122.534256,37.928591],[-122.534258,37.928592],[-122.53426,37.928593],[-122.53426,37.928593],[-122.53426,37.928593],[-122.534262,37.928594],[-122.534264,37.928595],[-122.534264,37.928595],[-122.534265,37.928595],[-122.534266,37.928596],[-122.534267,37.928597],[-122.534268,37.928598],[-122.534268,37.928598],[-122.534269,37.928599],[-122.534271,37.9286],[-122.534271,37.9286],[-122.534272,37.928601],[-122.534273,37.928601],[-122.534274,37.928602],[-122.534274,37.928603],[-122.534275,37.928604],[-122.534276,37.928604],[-122.534277,37.928605],[-122.534277,37.928606],[-122.534278,37.928607],[-122.534278,37.928608],[-122.534279,37.928608],[-122.53428,37.928609],[-122.53428,37.92861],[-122.534281,37.928611],[-122.534281,37.928612],[-122.534282,37.928613],[-122.534282,37.928614],[-122.534283,37.928614],[-122.534283,37.928615],[-122.534284,37.928617],[-122.534284,37.928618],[-122.534284,37.928618],[-122.534284,37.928619],[-122.534285,37.92862],[-122.534285,37.928622],[-122.534285,37.928622],[-122.534285,37.928622],[-122.534286,37.928624],[-122.534286,37.928626],[-122.534286,37.928626],[-122.534286,37.928626],[-122.534286,37.928629],[-122.534286,37.92863],[-122.534286,37.92863],[-122.534286,37.92863],[-122.534286,37.928634],[-122.534303,37.928798],[-122.5343,37.928827],[-122.5343,37.928828],[-122.5343,37.928829],[-122.534301,37.928858],[-122.534301,37.928859],[-122.534301,37.92886],[-122.534305,37.928889],[-122.534305,37.92889],[-122.534306,37.928891],[-122.534313,37.92892],[-122.534313,37.92892],[-122.534324,37.928949],[-122.534324,37.92895],[-122.534325,37.92895],[-122.534338,37.928977],[-122.534339,37.928978],[-122.534339,37.928979],[-122.534357,37.929006],[-122.534357,37.929006],[-122.534358,37.929008],[-122.534371,37.929023],[-122.534488,37.92918],[-122.53449,37.929184],[-122.53449,37.929184],[-122.53449,37.929184],[-122.534491,37.929186],[-122.534492,37.929188],[-122.534492,37.929188],[-122.534492,37.929189],[-122.534493,37.92919],[-122.534495,37.929192],[-122.534495,37.929192],[-122.534496,37.929193],[-122.534498,37.929195],[-122.534499,37.929196],[-122.5345,37.929197],[-122.534502,37.929199],[-122.534503,37.929199],[-122.534503,37.9292],[-122.534506,37.929202],[-122.534507,37.929202],[-122.534508,37.929203],[-122.53451,37.929204],[-122.534511,37.929205],[-122.534513,37.929206],[-122.534444,37.92927],[-122.534338,37.929223]]]},"properties":{"prop_id":"021-121-52","situsforma":"10 PARK WAY","situsfor_2":"10 PARK WAY  LARKSPUR"}},{"type":"Feature","geometry":{"type":"Polygon","coordinates":[[[-122.545998,37.897022],[-122.545643,37.896936],[-122.545715,37.896727],[-122.546077,37.896807],[-122.545998,37.897022]]]},"properties":{"prop_id":"047-132-20","situsforma":"308 HOLLY ST","situsfor_2":"308 HOLLY ST  MILL VALLEY"}},{"type":"Feature","geometry":{"type":"Polygon","coordinates":[[[-122.548736,37.911914],[-122.548855,37.912018],[-122.548626,37.912185],[-122.548512,37.912082],[-122.548736,37.911914]]]},"properties":{"prop_id":"029-043-21","situsforma":"12 PORTOLA LN","situsfor_2":"12 PORTOLA LN  MILL VALLEY"}},{"type":"Feature","geometry":{"type":"Polygon","coordinates":[[[-122.531849,37.903362],[-122.53196,37.903634],[-122.531847,37.903608],[-122.531547,37.903463],[-122.531849,37.903362]]]},"properties":{"prop_id":"030-021-01","situsforma":"60 MESA AVE","situsfor_2":"60 MESA AVE  MILL VALLEY"}},{"type":"Feature","geometry":{"type":"Polygon","coordinates":[[[-122.537311,37.923468],[-122.537261,37.92345],[-122.537261,37.92345],[-122.536817,37.923293],[-122.536817,37.923292],[-122.537107,37.923062],[-122.537355,37.923155],[-122.537487,37.923172],[-122.537773,37.923215],[-122.538345,37.923335],[-122.538336,37.923367],[-122.538238,37.923783],[-122.538238,37.923784],[-122.537501,37.92372],[-122.537311,37.923468],[-122.537311,37.923468]]]},"properties":{"prop_id":"021-161-02","situsforma":"238 SUMMIT DR","situsfor_2":"238 SUMMIT DR  CORTE MADERA"}},{"type":"Feature","geometry":{"type":"Polygon","coordinates":[[[-122.534994,37.909804],[-122.535274,37.909621],[-122.535598,37.90966],[-122.535521,37.909911],[-122.535187,37.910061],[-122.53509,37.9099],[-122.535039,37.909849],[-122.534994,37.909804]]]},"properties":{"prop_id":"029-161-12","situsforma":"137 DEL CASA DR","situsfor_2":"137 DEL CASA DR  MILL VALLEY"}},{"type":"Feature","geometry":{"type":"Polygon","coordinates":[[[-122.532329,37.895195],[-122.532385,37.895058],[-122.532733,37.895228],[-122.532986,37.895355],[-122.533248,37.895493],[-122.53352,37.895636],[-122.533764,37.895757],[-122.53377,37.89576],[-122.5337,37.89581],[-122.53365,37.89587],[-122.533496,37.895791],[-122.533401,37.895742],[-122.533353,37.895718],[-122.533207,37.895643],[-122.533062,37.895568],[-122.533062,37.895567],[-122.533056,37.895564],[-122.532917,37.895493],[-122.532769,37.895418],[-122.532623,37.895344],[-122.532541,37.895303],[-122.532472,37.895268],[-122.532329,37.895196],[-122.532329,37.895195]]]},"properties":{"prop_id":"030-081-28","situsforma":"","situsfor_2":""}},{"type":"Feature","geometry":{"type":"Polygon","coordinates":[[[-122.54094,37.898058],[-122.540937,37.898032],[-122.540935,37.897991],[-122.540937,37.89795],[-122.540944,37.897909],[-122.540956,37.897868],[-122.540972,37.897829],[-122.540987,37.897802],[-122.541011,37.897765],[-122.541039,37.897729],[-122.541071,37.897696],[-122.541105,37.897667],[-122.541144,37.897638],[-122.541209,37.897697],[-122.541309,37.897788],[-122.541272,37.897864],[-122.541467,37.897947],[-122.54131,37.898196],[-122.54094,37.898058]]]},"properties":{"prop_id":"028-201-03","situsforma":"9 ECHO LN","situsfor_2":"9 ECHO LN  MILL VALLEY"}},{"type":"Feature","geometry":{"type":"Polygon","coordinates":[[[-122.533749,37.900218],[-122.534091,37.899941],[-122.534192,37.90002],[-122.533861,37.900287],[-122.533749,37.900218]]]},"properties":{"prop_id":"030-037-19","situsforma":"19 LOCKE LN","situsfor_2":"19 LOCKE LN  MILL VALLEY"}},{"type":"Feature","geometry":{"type":"Polygon","coordinates":[[[-122.534395,37.916505],[-122.534392,37.916477],[-122.534718,37.916486],[-122.535055,37.916389],[-122.535473,37.916268],[-122.535576,37.916295],[-122.535619,37.916645],[-122.53562,37.916656],[-122.535622,37.916666],[-122.535623,37.91667],[-122.535623,37.916672],[-122.535624,37.916676],[-122.535627,37.916686],[-122.53563,37.916695],[-122.53563,37.916696],[-122.53563,37.916696],[-122.535631,37.916697],[-122.535634,37.916705],[-122.535637,37.916715],[-122.53564,37.91672],[-122.535641,37.916722],[-122.535642,37.916724],[-122.535647,37.916734],[-122.535652,37.916743],[-122.535653,37.916744],[-122.535653,37.916745],[-122.535653,37.916745],[-122.535657,37.916752],[-122.535663,37.916761],[-122.535668,37.916767],[-122.535668,37.916767],[-122.535668,37.916768],[-122.53567,37.916769],[-122.535676,37.916778],[-122.535683,37.916786],[-122.535685,37.916788],[-122.535686,37.916789],[-122.535691,37.916794],[-122.535699,37.916802],[-122.535699,37.916803],[-122.535707,37.91681],[-122.535711,37.916813],[-122.535712,37.916815],[-122.535715,37.916818],[-122.535718,37.91682],[-122.535724,37.916825],[-122.535731,37.91683],[-122.535733,37.916832],[-122.535734,37.916832],[-122.535734,37.916832],[-122.535735,37.916833],[-122.535743,37.916839],[-122.535753,37.916845],[-122.535756,37.916847],[-122.535757,37.916848],[-122.535758,37.916848],[-122.53576,37.91685],[-122.535763,37.916851],[-122.535766,37.916854],[-122.535773,37.916857],[-122.535781,37.916861],[-122.535784,37.916863],[-122.535785,37.916864],[-122.535785,37.916864],[-122.535786,37.916864],[-122.535794,37.916868],[-122.535803,37.916872],[-122.535805,37.916873],[-122.535811,37.916876],[-122.535812,37.916876],[-122.535812,37.916876],[-122.535813,37.916877],[-122.535815,37.916877],[-122.535817,37.916878],[-122.535815,37.916886],[-122.535796,37.916991],[-122.535796,37.916991],[-122.535401,37.916962],[-122.535373,37.91696],[-122.535373,37.91696],[-122.535342,37.916958],[-122.535341,37.916958],[-122.535077,37.916939],[-122.534741,37.916916],[-122.534357,37.916849],[-122.534367,37.91675],[-122.534392,37.916528],[-122.534395,37.916505]]]},"properties":{"prop_id":"029-331-41","situsforma":"10 SHERIDAN CT","situsfor_2":"10 SHERIDAN CT  MILL VALLEY"}},{"type":"Feature","geometry":{"type":"Polygon","coordinates":[[[-122.556508,37.905503],[-122.556475,37.905533],[-122.556415,37.905505],[-122.556309,37.905395],[-122.556275,37.905368],[-122.556296,37.905351],[-122.556307,37.905341],[-122.556462,37.905212],[-122.556601,37.905157],[-122.556642,37.905139],[-122.55665,37.905173],[-122.556843,37.905243],[-122.556796,37.90527],[-122.556707,37.90532],[-122.556519,37.905493],[-122.556508,37.905503]]]},"properties":{"prop_id":"028-082-23","situsforma":"195 MARION AVE","situsfor_2":"195 MARION AVE  MILL VALLEY"}},{"type":"Feature","geometry":{"type":"Polygon","coordinates":[[[-122.545983,37.908021],[-122.545886,37.908051],[-122.546018,37.907847],[-122.546139,37.907909],[-122.546055,37.908024],[-122.545983,37.908021]]]},"properties":{"prop_id":"029-102-13","situsforma":"76 HILLSIDE AVE","situsfor_2":"76 HILLSIDE AVE  MILL VALLEY"}},{"type":"Feature","geometry":{"type":"Polygon","coordinates":[[[-122.541508,37.904113],[-122.541469,37.904281],[-122.541437,37.904422],[-122.541309,37.904364],[-122.541375,37.904029],[-122.541514,37.90409],[-122.541508,37.904113]]]},"properties":{"prop_id":"028-027-11","situsforma":"251 E BLITHEDALE AVE","situsfor_2":"251 E BLITHEDALE AVE  MILL VALLEY"}},{"type":"Feature","geometry":{"type":"Polygon","coordinates":[[[-122.532165,37.89676],[-122.532121,37.896737],[-122.53202,37.896687],[-122.532209,37.896428],[-122.532365,37.896505],[-122.532165,37.89676]]]},"properties":{"prop_id":"030-065-23","situsforma":"20 OXFORD AVE","situsfor_2":"20 OXFORD AVE  MILL VALLEY"}},{"type":"Feature","geometry":{"type":"Polygon","coordinates":[[[-122.536896,37.899609],[-122.536736,37.899722],[-122.5366,37.899598],[-122.536672,37.899547],[-122.536848,37.899419],[-122.537057,37.89949],[-122.536896,37.899609]]]},"properties":{"prop_id":"030-052-11","situsforma":"175 SYCAMORE AVE","situsfor_2":"175 SYCAMORE AVE  MILL VALLEY"}},{"type":"Feature","geometry":{"type":"Polygon","coordinates":[[[-122.560078,37.925628],[-122.560223,37.925609],[-122.560249,37.925747],[-122.56026,37.925779],[-122.560275,37.92581],[-122.560292,37.92584],[-122.560313,37.925869],[-122.560337,37.925896],[-122.56036,37.925918],[-122.560442,37.925998],[-122.560467,37.926025],[-122.560494,37.926059],[-122.560517,37.926095],[-122.56054,37.926135],[-122.560557,37.926176],[-122.560564,37.926215],[-122.560567,37.926256],[-122.560566,37.926296],[-122.560561,37.926337],[-122.560552,37.926377],[-122.560539,37.926418],[-122.560523,37.926457],[-122.560503,37.926495],[-122.560479,37.926532],[-122.560452,37.926568],[-122.560422,37.926601],[-122.560377,37.926671],[-122.560355,37.926709],[-122.560336,37.926748],[-122.560322,37.926787],[-122.56031,37.926828],[-122.560308,37.926838],[-122.560358,37.927273],[-122.560361,37.92729],[-122.560366,37.927306],[-122.560373,37.927322],[-122.560381,37.927337],[-122.560391,37.927352],[-122.560403,37.927365],[-122.560416,37.927378],[-122.56043,37.92739],[-122.560446,37.9274],[-122.560462,37.92741],[-122.56048,37.927418],[-122.560498,37.927425],[-122.560518,37.92743],[-122.56053,37.927433],[-122.560554,37.927438],[-122.560594,37.92745],[-122.560632,37.927464],[-122.560669,37.927482],[-122.560704,37.927501],[-122.560736,37.927524],[-122.560766,37.927548],[-122.560793,37.927575],[-122.560817,37.927604],[-122.560838,37.927634],[-122.560855,37.927666],[-122.560869,37.927699],[-122.56088,37.927733],[-122.560887,37.927768],[-122.56089,37.927803],[-122.560889,37.927839],[-122.560884,37.927874],[-122.560876,37.927909],[-122.560865,37.927943],[-122.560849,37.927977],[-122.560831,37.928009],[-122.560712,37.928199],[-122.560679,37.928257],[-122.560652,37.928317],[-122.560632,37.928379],[-122.560618,37.928441],[-122.56061,37.928504],[-122.560609,37.928546],[-122.560584,37.929247],[-122.560583,37.92926],[-122.560576,37.929295],[-122.560567,37.929328],[-122.560553,37.929362],[-122.560537,37.929394],[-122.560517,37.929425],[-122.560493,37.929454],[-122.560467,37.929482],[-122.560439,37.929507],[-122.560407,37.929531],[-122.560374,37.929553],[-122.560338,37.929572],[-122.560301,37.929588],[-122.560301,37.929588],[-122.560298,37.929545],[-122.560292,37.929462],[-122.560292,37.929461],[-122.560315,37.929447],[-122.560337,37.92943],[-122.560357,37.929412],[-122.560375,37.929393],[-122.560391,37.929372],[-122.560405,37.929351],[-122.560416,37.929328],[-122.560425,37.929305],[-122.560428,37.929296],[-122.560432,37.929282],[-122.560436,37.929258],[-122.560437,37.929251],[-122.560465,37.928552],[-122.560467,37.928505],[-122.560476,37.928432],[-122.560492,37.928359],[-122.560516,37.928288],[-122.560548,37.928219],[-122.560556,37.928205],[-122.560586,37.928151],[-122.560706,37.92796],[-122.56072,37.927937],[-122.560731,37.927913],[-122.560739,37.927888],[-122.560745,37.927863],[-122.560749,37.927838],[-122.560749,37.927813],[-122.560747,37.927787],[-122.560743,37.927762],[-122.560735,37.927738],[-122.560725,37.927714],[-122.560713,37.927691],[-122.560698,37.927669],[-122.560681,37.927649],[-122.560662,37.927629],[-122.56064,37.927612],[-122.560617,37.927595],[-122.560593,37.927581],[-122.560566,37.927569],[-122.560539,37.927558],[-122.56051,37.92755],[-122.560491,37.927545],[-122.560472,37.927541],[-122.560441,37.927532],[-122.560412,37.927522],[-122.560384,37.927509],[-122.560357,37.927494],[-122.560332,37.927477],[-122.56031,37.927458],[-122.560299,37.927448],[-122.560289,37.927438],[-122.560271,37.927416],[-122.560255,37.927393],[-122.560241,37.927369],[-122.56023,37.927344],[-122.560222,37.927318],[-122.560217,37.927291],[-122.560166,37.926845],[-122.560171,37.926818],[-122.560184,37.926767],[-122.560203,37.926718],[-122.560228,37.92667],[-122.560257,37.926623],[-122.560315,37.926542],[-122.560341,37.926518],[-122.560364,37.926492],[-122.560385,37.926464],[-122.560401,37.926436],[-122.560415,37.926406],[-122.560425,37.926376],[-122.560433,37.926345],[-122.560438,37.926314],[-122.560438,37.926283],[-122.560435,37.926253],[-122.560428,37.926222],[-122.560418,37.926192],[-122.560404,37.926163],[-122.560387,37.926134],[-122.560366,37.926107],[-122.560343,37.926082],[-122.560337,37.926077],[-122.560249,37.925995],[-122.56022,37.925967],[-122.560188,37.925932],[-122.56016,37.925895],[-122.560136,37.925856],[-122.560116,37.925816],[-122.560101,37.925774],[-122.560078,37.925628],[-122.560078,37.925628]]]},"properties":{"prop_id":"029-310-13","situsforma":"","situsfor_2":""}},{"type":"Feature","geometry":{"type":"Polygon","coordinates":[[[-122.53504,37.903748],[-122.535325,37.903734],[-122.535448,37.903866],[-122.535168,37.904027],[-122.534992,37.903831],[-122.535007,37.903757],[-122.53504,37.903748]]]},"properties":{"prop_id":"029-221-09","situsforma":"6 ALVARADO AVE","situsfor_2":"6 ALVARADO AVE  MILL VALLEY"}},{"type":"Feature","geometry":{"type":"Polygon","coordinates":[[[-122.553508,37.909254],[-122.553384,37.9091],[-122.553308,37.909102],[-122.553394,37.908672],[-122.553396,37.908662],[-122.553745,37.908804],[-122.553678,37.908968],[-122.553568,37.909241],[-122.553508,37.909254]]]},"properties":{"prop_id":"027-221-38","situsforma":"99 TAMALPAIS AVE","situsfor_2":"99 TAMALPAIS AVE  MILL VALLEY"}},{"type":"Feature","geometry":{"type":"Polygon","coordinates":[[[-122.559582,37.897406],[-122.559679,37.897222],[-122.559681,37.897222],[-122.560169,37.897311],[-122.56002,37.897444],[-122.559586,37.897407],[-122.559582,37.897406]]]},"properties":{"prop_id":"046-231-21","situsforma":"170 BAYVIEW DR","situsfor_2":"170 BAYVIEW DR  MILL VALLEY"}},{"type":"Feature","geometry":{"type":"Polygon","coordinates":[[[-122.560904,37.9122],[-122.560971,37.912042],[-122.561239,37.912134],[-122.561221,37.912179],[-122.561009,37.912704],[-122.560748,37.91257],[-122.560904,37.9122]]]},"properties":{"prop_id":"027-106-21","situsforma":"467 LOVELL AVE","situsfor_2":"467 LOVELL AVE  MILL VALLEY"}},{"type":"Feature","geometry":{"type":"Polygon","coordinates":[[[-122.536545,37.895503],[-122.536455,37.89542],[-122.536756,37.895196],[-122.536847,37.895281],[-122.536545,37.895503]]]},"properties":{"prop_id":"048-014-05","situsforma":"597 ETHEL AVE","situsfor_2":"597 ETHEL AVE  MILL VALLEY"}},{"type":"Feature","geometry":{"type":"Polygon","coordinates":[[[-122.555709,37.921644],[-122.555336,37.921643],[-122.555455,37.921385],[-122.55533,37.92099],[-122.555456,37.921005],[-122.555662,37.921189],[-122.555709,37.921644],[-122.555709,37.921644]]]},"properties":{"prop_id":"027-041-01","situsforma":"","situsfor_2":""}},{"type":"Feature","geometry":{"type":"Polygon","coordinates":[[[-122.550059,37.898036],[-122.549869,37.897945],[-122.550116,37.897721],[-122.550739,37.897554],[-122.550724,37.897718],[-122.550715,37.897808],[-122.55064,37.897846],[-122.550059,37.898036]]]},"properties":{"prop_id":"047-112-59","situsforma":"432 LAVERNE AVE","situsfor_2":"432 LAVERNE AVE  MILL VALLEY"}},{"type":"Feature","geometry":{"type":"Polygon","coordinates":[[[-122.555253,37.921644],[-122.555239,37.921564],[-122.555206,37.921512],[-122.555152,37.92154],[-122.555121,37.921536],[-122.555103,37.921442],[-122.555044,37.921391],[-122.554818,37.921385],[-122.554486,37.921293],[-122.554414,37.921299],[-122.554281,37.92131],[-122.554252,37.921366],[-122.554057,37.921324],[-122.554095,37.921213],[-122.554039,37.921204],[-122.554325,37.920475],[-122.554634,37.920649],[-122.554699,37.920685],[-122.554756,37.920728],[-122.555057,37.920953],[-122.55533,37.92099],[-122.555455,37.921385],[-122.555336,37.921643],[-122.555253,37.921644]]]},"properties":{"prop_id":"027-041-11","situsforma":"15 LEE ST","situsfor_2":"15 LEE ST  MILL VALLEY"}},{"type":"Feature","geometry":{"type":"Polygon","coordinates":[[[-122.542471,37.898809],[-122.542577,37.898423],[-122.54282,37.898464],[-122.542839,37.898749],[-122.542642,37.898838],[-122.542639,37.89884],[-122.54247,37.898812],[-122.542471,37.898809]]]},"properties":{"prop_id":"028-191-43","situsforma":"23 JANES ST","situsfor_2":"23 JANES ST  MILL VALLEY"}},{"type":"Feature","geometry":{"type":"Polygon","coordinates":[[[-122.55882,37.906707],[-122.558698,37.906943],[-122.558664,37.906926],[-122.558887,37.906497],[-122.558918,37.906516],[-122.55882,37.906707]]]},"properties":{"prop_id":"027-243-19","situsforma":"","situsfor_2":""}},{"type":"Feature","geometry":{"type":"Polygon","coordinates":[[[-122.551452,37.897629],[-122.551444,37.897611],[-122.551349,37.897656],[-122.551251,37.897735],[-122.55125,37.897736],[-122.551268,37.897663],[-122.551454,37.897408],[-122.551666,37.897526],[-122.552001,37.897612],[-122.552615,37.897776],[-122.552614,37.897777],[-122.552462,37.897953],[-122.55206,37.89787],[-122.551659,37.897799],[-122.5516,37.897787],[-122.551457,37.897635],[-122.551456,37.897633],[-122.551452,37.897629]]]},"properties":{"prop_id":"047-141-25","situsforma":"443 LAVERNE AVE","situsfor_2":"443 LAVERNE AVE  MILL VALLEY"}},{"type":"Feature","geometry":{"type":"Polygon","coordinates":[[[-122.566033,37.901312],[-122.566033,37.901312],[-122.565917,37.901319],[-122.56591,37.90132],[-122.56591,37.90132],[-122.565702,37.901332],[-122.565702,37.901332],[-122.565702,37.901332],[-122.565702,37.901332],[-122.565677,37.901062],[-122.566008,37.901034],[-122.566056,37.901331],[-122.566056,37.901331],[-122.566045,37.901322],[-122.566033,37.901312]]]},"properties":{"prop_id":"045-183-02","situsforma":"","situsfor_2":""}},{"type":"Feature","geometry":{"type":"Polygon","coordinates":[[[-122.538676,37.900277],[-122.538256,37.900582],[-122.538162,37.900503],[-122.538161,37.900501],[-122.538562,37.900217],[-122.538572,37.900226],[-122.538597,37.900207],[-122.538676,37.900277]]]},"properties":{"prop_id":"028-222-69","situsforma":"128 SYCAMORE AVE","situsfor_2":"128 SYCAMORE AVE  MILL VALLEY"}},{"type":"Feature","geometry":{"type":"Polygon","coordinates":[[[-122.561402,37.919906],[-122.56117,37.920024],[-122.560931,37.920162],[-122.56101,37.920238],[-122.559679,37.920485],[-122.559611,37.920497],[-122.559586,37.920491],[-122.55886,37.920312],[-122.558865,37.920097],[-122.559573,37.919535],[-122.559599,37.919527],[-122.559679,37.919501],[-122.559684,37.919499],[-122.55976,37.91954],[-122.55984,37.919612],[-122.559978,37.91969],[-122.560232,37.919687],[-122.560483,37.91964],[-122.560714,37.919707],[-122.560766,37.919731],[-122.560901,37.91972],[-122.561095,37.91959],[-122.561402,37.919906]]]},"properties":{"prop_id":"027-031-37","situsforma":"","situsfor_2":""}},{"type":"Feature","geometry":{"type":"Polygon","coordinates":[[[-122.55949,37.91039],[-122.55979,37.910154],[-122.560022,37.910371],[-122.560022,37.910372],[-122.559732,37.910607],[-122.559732,37.910607],[-122.55949,37.91039]]]},"properties":{"prop_id":"027-172-14","situsforma":"580 THROCKMORTON AVE","situsfor_2":"580 THROCKMORTON AVE  MILL VALLEY"}},{"type":"Feature","geometry":{"type":"Polygon","coordinates":[[[-122.537287,37.90791],[-122.537638,37.907869],[-122.537598,37.90806],[-122.537595,37.908077],[-122.537568,37.908208],[-122.537567,37.908213],[-122.537561,37.908243],[-122.537551,37.908241],[-122.537223,37.908179],[-122.537287,37.90791]]]},"properties":{"prop_id":"029-171-09","situsforma":"61 DEL CASA DR","situsfor_2":"61 DEL CASA DR  MILL VALLEY"}},{"type":"Feature","geometry":{"type":"Polygon","coordinates":[[[-122.541346,37.910822],[-122.541573,37.910835],[-122.541784,37.910945],[-122.541215,37.911271],[-122.541037,37.911287],[-122.541026,37.911182],[-122.540922,37.911175],[-122.540996,37.910803],[-122.541346,37.910822]]]},"properties":{"prop_id":"029-072-22","situsforma":"470 HILLSIDE AVE","situsfor_2":"470 HILLSIDE AVE  MILL VALLEY"}},{"type":"Feature","geometry":{"type":"Polygon","coordinates":[[[-122.568097,37.915501],[-122.568165,37.915499],[-122.568626,37.915585],[-122.568663,37.915688],[-122.568636,37.915752],[-122.568415,37.915906],[-122.568332,37.915979],[-122.568209,37.915902],[-122.568069,37.915855],[-122.567759,37.915826],[-122.567623,37.915757],[-122.567414,37.915697],[-122.567379,37.915584],[-122.567438,37.915574],[-122.567775,37.915511],[-122.567932,37.915507],[-122.568097,37.915501]]]},"properties":{"prop_id":"027-101-02","situsforma":"","situsfor_2":""}},{"type":"Feature","geometry":{"type":"Polygon","coordinates":[[[-122.556689,37.918974],[-122.556597,37.918911],[-122.556401,37.918883],[-122.55628,37.918877],[-122.556282,37.918847],[-122.556283,37.918831],[-122.556631,37.91884],[-122.556744,37.918913],[-122.556754,37.91892],[-122.55698,37.918732],[-122.557008,37.918709],[-122.557312,37.91899],[-122.557038,37.919212],[-122.557029,37.919205],[-122.557005,37.919189],[-122.556689,37.918974]]]},"properties":{"prop_id":"027-271-32","situsforma":"17 MARSH DR","situsfor_2":"17 MARSH DR  MILL VALLEY"}},{"type":"Feature","geometry":{"type":"Polygon","coordinates":[[[-122.535138,37.897128],[-122.534965,37.897041],[-122.53502,37.896971],[-122.535111,37.897015],[-122.535089,37.897043],[-122.535171,37.897085],[-122.535138,37.897128]]]},"properties":{"prop_id":"030-271-58","situsforma":"58 PARK TER","situsfor_2":"58 PARK TER  MILL VALLEY"}},{"type":"Feature","geometry":{"type":"Polygon","coordinates":[[[-122.561019,37.910473],[-122.561372,37.910186],[-122.561583,37.910722],[-122.561409,37.910853],[-122.561392,37.910866],[-122.561019,37.910473]]]},"properties":{"prop_id":"027-171-19","situsforma":"310 CASCADE DR","situsfor_2":"310 CASCADE DR  MILL VALLEY"}},{"type":"Feature","geometry":{"type":"Polygon","coordinates":[[[-122.544524,37.904994],[-122.544524,37.904994],[-122.54467,37.905059],[-122.544669,37.90506],[-122.544435,37.905394],[-122.544293,37.905312],[-122.544524,37.904994]]]},"properties":{"prop_id":"028-022-04","situsforma":"116 E BLITHEDALE AVE","situsfor_2":"116 E BLITHEDALE AVE  MILL VALLEY"}},{"type":"Feature","geometry":{"type":"Polygon","coordinates":[[[-122.551975,37.904552],[-122.552043,37.904584],[-122.552186,37.904647],[-122.551904,37.904991],[-122.551692,37.904897],[-122.551975,37.904552]]]},"properties":{"prop_id":"028-102-01","situsforma":"299 THROCKMORTON AVE","situsfor_2":"299 THROCKMORTON AVE  MILL VALLEY"}},{"type":"Feature","geometry":{"type":"Polygon","coordinates":[[[-122.539827,37.907218],[-122.539819,37.907173],[-122.539789,37.907016],[-122.539962,37.907102],[-122.540232,37.90724],[-122.540327,37.907289],[-122.540124,37.907431],[-122.539827,37.907218]]]},"properties":{"prop_id":"029-124-11","situsforma":"75 CIRCLE AVE","situsfor_2":"75 CIRCLE AVE  MILL VALLEY"}},{"type":"Feature","geometry":{"type":"Polygon","coordinates":[[[-122.557254,37.894732],[-122.557482,37.894665],[-122.557567,37.894717],[-122.557648,37.894792],[-122.557709,37.894977],[-122.557404,37.895062],[-122.557373,37.895071],[-122.557301,37.894957],[-122.557276,37.894862],[-122.55726,37.8948],[-122.557253,37.894773],[-122.557243,37.894735],[-122.557254,37.894732]]]},"properties":{"prop_id":"046-301-11","situsforma":"760 SEQUOIA VALLEY RD","situsfor_2":"760 SEQUOIA VALLEY RD  MILL VALLEY"}},{"type":"Feature","geometry":{"type":"Polygon","coordinates":[[[-122.530507,37.928347],[-122.530406,37.928225],[-122.530696,37.928085],[-122.530706,37.928081],[-122.530808,37.928204],[-122.530507,37.928347]]]},"properties":{"prop_id":"024-092-12","situsforma":"35 PALM AVE","situsfor_2":"35 PALM AVE  CORTE MADERA"}},{"type":"Feature","geometry":{"type":"Polygon","coordinates":[[[-122.553915,37.905752],[-122.554357,37.905973],[-122.554213,37.906142],[-122.553775,37.90592],[-122.553915,37.905752]]]},"properties":{"prop_id":"028-091-08","situsforma":"315 THROCKMORTON AVE","situsfor_2":"315 THROCKMORTON AVE  MILL VALLEY"}},{"type":"Feature","geometry":{"type":"Polygon","coordinates":[[[-122.555243,37.898763],[-122.555404,37.898632],[-122.555564,37.898687],[-122.555484,37.898798],[-122.555243,37.898763]]]},"properties":{"prop_id":"047-082-27","situsforma":"","situsfor_2":""}},{"type":"Feature","geometry":{"type":"Polygon","coordinates":[[[-122.551669,37.91391],[-122.551808,37.913821],[-122.551785,37.913756],[-122.551835,37.913755],[-122.551856,37.913755],[-122.55209,37.913815],[-122.551989,37.913917],[-122.551956,37.91395],[-122.551864,37.914042],[-122.55166,37.914047],[-122.551669,37.91391]]]},"properties":{"prop_id":"029-042-74","situsforma":"","situsfor_2":""}},{"type":"Feature","geometry":{"type":"Polygon","coordinates":[[[-122.542592,37.901572],[-122.542604,37.901563],[-122.542723,37.901711],[-122.542724,37.901713],[-122.542362,37.901963],[-122.542214,37.901831],[-122.542478,37.90165],[-122.542592,37.901572]]]},"properties":{"prop_id":"028-181-01","situsforma":"200 MILLER AVE","situsfor_2":"200 MILLER AVE  MILL VALLEY"}},{"type":"Feature","geometry":{"type":"Polygon","coordinates":[[[-122.547179,37.912127],[-122.547103,37.912383],[-122.546823,37.912391],[-122.546877,37.912303],[-122.546889,37.912281],[-122.546889,37.91228],[-122.54689,37.912279],[-122.546899,37.912257],[-122.546899,37.912256],[-122.546899,37.912256],[-122.546899,37.912256],[-122.546906,37.912233],[-122.546906,37.912232],[-122.546906,37.912231],[-122.54691,37.912208],[-122.546911,37.912208],[-122.546911,37.912207],[-122.546911,37.912207],[-122.546912,37.912184],[-122.546912,37.912182],[-122.546912,37.912182],[-122.546911,37.912158],[-122.546911,37.912158],[-122.546911,37.912157],[-122.546907,37.912134],[-122.546907,37.912133],[-122.546907,37.912132],[-122.5469,37.912109],[-122.5469,37.912109],[-122.5469,37.912108],[-122.546891,37.912085],[-122.546889,37.912082],[-122.547179,37.912127]]]},"properties":{"prop_id":"029-034-07","situsforma":"","situsfor_2":""}},{"type":"Feature","geometry":{"type":"Polygon","coordinates":[[[-122.558308,37.916946],[-122.558298,37.916963],[-122.557471,37.916638],[-122.55767,37.916484],[-122.558157,37.916115],[-122.558161,37.916117],[-122.55856,37.916544],[-122.558308,37.916946]]]},"properties":{"prop_id":"027-071-07","situsforma":"560 SUMMIT AVE","situsfor_2":"560 SUMMIT AVE  MILL VALLEY"}},{"type":"Feature","geometry":{"type":"Polygon","coordinates":[[[-122.545425,37.909406],[-122.545481,37.909328],[-122.54563,37.909263],[-122.545764,37.90935],[-122.545784,37.909364],[-122.54591,37.909358],[-122.545909,37.909389],[-122.545839,37.909405],[-122.545854,37.909456],[-122.545894,37.909595],[-122.545513,37.909691],[-122.545467,37.909483],[-122.54545,37.909452],[-122.545443,37.909439],[-122.545425,37.909406]]]},"properties":{"prop_id":"029-103-56","situsforma":"10 BRADFORD WAY","situsfor_2":"10 BRADFORD WAY  MILL VALLEY"}},{"type":"Feature","geometry":{"type":"Polygon","coordinates":[[[-122.543876,37.910005],[-122.543993,37.910277],[-122.543613,37.910217],[-122.54356,37.91002],[-122.54357,37.909951],[-122.543876,37.910005]]]},"properties":{"prop_id":"029-072-03","situsforma":"164 BOLSA AVE","situsfor_2":"164 BOLSA AVE  MILL VALLEY"}},{"type":"Feature","geometry":{"type":"Polygon","coordinates":[[[-122.53839,37.914928],[-122.538087,37.915059],[-122.537907,37.914796],[-122.538281,37.914613],[-122.538416,37.914801],[-122.53839,37.914928]]]},"properties":{"prop_id":"029-144-09","situsforma":"5 GLEN DR","situsfor_2":"5 GLEN DR  MILL VALLEY"}},{"type":"Feature","geometry":{"type":"Polygon","coordinates":[[[-122.562592,37.904262],[-122.562895,37.904335],[-122.562892,37.904342],[-122.562867,37.904594],[-122.562534,37.90455],[-122.562592,37.904262]]]},"properties":{"prop_id":"027-251-10","situsforma":"349 HAZEL AVE","situsfor_2":"349 HAZEL AVE  MILL VALLEY"}},{"type":"Feature","geometry":{"type":"Polygon","coordinates":[[[-122.534632,37.896493],[-122.534635,37.896489],[-122.53468,37.896512],[-122.534688,37.89652],[-122.534688,37.896521],[-122.534578,37.896664],[-122.534524,37.896639],[-122.534632,37.896493]]]},"properties":{"prop_id":"030-271-44","situsforma":"44 PARK TER","situsfor_2":"44 PARK TER  MILL VALLEY"}},{"type":"Feature","geometry":{"type":"Polygon","coordinates":[[[-122.534588,37.915157],[-122.534583,37.914961],[-122.534464,37.914731],[-122.534465,37.914729],[-122.53447,37.914728],[-122.534471,37.914727],[-122.534485,37.914723],[-122.534485,37.914723],[-122.534487,37.914722],[-122.534501,37.914719],[-122.534501,37.914719],[-122.534501,37.914719],[-122.534516,37.914717],[-122.534517,37.914716],[-122.534518,37.914716],[-122.534533,37.914715],[-122.534534,37.914715],[-122.534536,37.914715],[-122.53455,37.914714],[-122.53455,37.914714],[-122.534551,37.914714],[-122.534552,37.914714],[-122.534566,37.914715],[-122.534568,37.914715],[-122.534568,37.914715],[-122.534583,37.914716],[-122.534584,37.914716],[-122.534586,37.914717],[-122.5346,37.914719],[-122.534601,37.914719],[-122.534602,37.914719],[-122.534616,37.914723],[-122.534617,37.914723],[-122.534618,37.914723],[-122.534618,37.914723],[-122.534632,37.914727],[-122.534633,37.914728],[-122.534634,37.914728],[-122.534648,37.914734],[-122.534649,37.914734],[-122.53465,37.914735],[-122.534664,37.914741],[-122.534665,37.914742],[-122.534666,37.914742],[-122.534684,37.914749],[-122.534684,37.914749],[-122.534684,37.914749],[-122.534684,37.91475],[-122.534701,37.914758],[-122.534702,37.914758],[-122.534702,37.914758],[-122.534703,37.914758],[-122.534718,37.914767],[-122.534719,37.914767],[-122.534719,37.914768],[-122.534733,37.914777],[-122.534735,37.914778],[-122.534735,37.914778],[-122.534748,37.914788],[-122.534749,37.914789],[-122.53475,37.914789],[-122.534762,37.9148],[-122.534763,37.9148],[-122.534763,37.914801],[-122.534774,37.914812],[-122.534775,37.914813],[-122.534775,37.914814],[-122.534785,37.914825],[-122.534785,37.914826],[-122.534786,37.914827],[-122.534793,37.914838],[-122.534794,37.914839],[-122.534794,37.914839],[-122.534794,37.91484],[-122.534801,37.914852],[-122.534841,37.914918],[-122.534864,37.914956],[-122.534871,37.914968],[-122.534876,37.914976],[-122.534878,37.914978],[-122.534879,37.914981],[-122.534889,37.914996],[-122.534835,37.915043],[-122.534599,37.915164],[-122.534588,37.915157]]]},"properties":{"prop_id":"029-331-31","situsforma":"350 VISTA LINDA DR","situsfor_2":"350 VISTA LINDA DR  MILL VALLEY"}},{"type":"Feature","geometry":{"type":"Polygon","coordinates":[[[-122.558476,37.900613],[-122.558669,37.900203],[-122.55921,37.900612],[-122.559173,37.900639],[-122.559172,37.90064],[-122.559172,37.90064],[-122.559138,37.900669],[-122.559137,37.90067],[-122.559136,37.900671],[-122.559107,37.900701],[-122.559106,37.900702],[-122.559105,37.900703],[-122.559079,37.900735],[-122.559078,37.900736],[-122.559077,37.900737],[-122.559055,37.900771],[-122.559054,37.900772],[-122.559053,37.900773],[-122.559035,37.900808],[-122.559034,37.900809],[-122.559034,37.90081],[-122.559019,37.900847],[-122.559019,37.900847],[-122.559015,37.900859],[-122.558476,37.900613]]]},"properties":{"prop_id":"046-330-10","situsforma":"8 WALSH DR","situsfor_2":"8 WALSH DR  MILL VALLEY"}},{"type":"Feature","geometry":{"type":"Polygon","coordinates":[[[-122.549491,37.916042],[-122.549554,37.915946],[-122.549544,37.915723],[-122.549617,37.915698],[-122.549994,37.915709],[-122.550027,37.915709],[-122.550013,37.915791],[-122.549981,37.915949],[-122.549973,37.91599],[-122.549783,37.91599],[-122.549728,37.916063],[-122.549717,37.916062],[-122.549491,37.916042]]]},"properties":{"prop_id":"029-011-07","situsforma":"199 GREENWOOD WAY","situsfor_2":"199 GREENWOOD WAY  MILL VALLEY"}},{"type":"Feature","geometry":{"type":"Polygon","coordinates":[[[-122.546548,37.893942],[-122.546852,37.894187],[-122.546834,37.894232],[-122.546312,37.894174],[-122.546548,37.893942]]]},"properties":{"prop_id":"047-232-05","situsforma":"339 N FERNDALE AVE","situsfor_2":"339 N FERNDALE AVE  MILL VALLEY"}},{"type":"Feature","geometry":{"type":"Polygon","coordinates":[[[-122.552585,37.907633],[-122.552308,37.907504],[-122.552412,37.907339],[-122.552683,37.907482],[-122.552585,37.907633]]]},"properties":{"prop_id":"029-095-13","situsforma":"115 CORNELIA AVE","situsfor_2":"115 CORNELIA AVE  MILL VALLEY"}},{"type":"Feature","geometry":{"type":"Polygon","coordinates":[[[-122.549728,37.916063],[-122.549783,37.91599],[-122.549973,37.91599],[-122.550324,37.915988],[-122.550298,37.916058],[-122.55014,37.916246],[-122.549557,37.916287],[-122.549544,37.916287],[-122.549619,37.916196],[-122.549728,37.916063]]]},"properties":{"prop_id":"029-011-04","situsforma":"270 ELDRIDGE AVE","situsfor_2":"270 ELDRIDGE AVE  MILL VALLEY"}},{"type":"Feature","geometry":{"type":"Polygon","coordinates":[[[-122.561056,37.900874],[-122.561062,37.90087],[-122.561202,37.900786],[-122.561275,37.900742],[-122.561347,37.900699],[-122.561634,37.900928],[-122.561634,37.900928],[-122.561601,37.900941],[-122.561549,37.900962],[-122.561465,37.900996],[-122.561437,37.90101],[-122.561312,37.901075],[-122.561057,37.900874],[-122.561056,37.900874]]]},"properties":{"prop_id":"045-273-10","situsforma":"","situsfor_2":""}},{"type":"Feature","geometry":{"type":"Polygon","coordinates":[[[-122.537343,37.922807],[-122.537084,37.922797],[-122.537096,37.922627],[-122.537435,37.922667],[-122.537471,37.922552],[-122.537634,37.922578],[-122.537343,37.922807]]]},"properties":{"prop_id":"021-162-02","situsforma":"264 SUMMIT DR","situsfor_2":"264 SUMMIT DR  CORTE MADERA"}},{"type":"Feature","geometry":{"type":"Polygon","coordinates":[[[-122.536482,37.925057],[-122.536511,37.924959],[-122.536451,37.924897],[-122.53658,37.924699],[-122.5366,37.924704],[-122.536601,37.924704],[-122.536601,37.924704],[-122.536601,37.924705],[-122.536621,37.924708],[-122.536622,37.924709],[-122.536622,37.924709],[-122.536623,37.924709],[-122.536643,37.924711],[-122.536644,37.924711],[-122.536645,37.924711],[-122.536665,37.924712],[-122.536666,37.924712],[-122.536667,37.924712],[-122.536687,37.924712],[-122.536688,37.924712],[-122.536689,37.924712],[-122.536709,37.924711],[-122.53671,37.92471],[-122.536711,37.92471],[-122.536731,37.924707],[-122.536732,37.924707],[-122.536733,37.924707],[-122.536752,37.924703],[-122.536753,37.924703],[-122.536754,37.924702],[-122.536773,37.924697],[-122.536774,37.924696],[-122.53678,37.924694],[-122.537065,37.924549],[-122.537069,37.924547],[-122.537069,37.924547],[-122.53707,37.924547],[-122.537077,37.924544],[-122.537077,37.924543],[-122.537078,37.924543],[-122.537086,37.924541],[-122.536747,37.92496],[-122.536638,37.925091],[-122.536482,37.925057]]]},"properties":{"prop_id":"021-152-26","situsforma":"189 MARINA VISTA AVE","situsfor_2":"189 MARINA VISTA AVE  LARKSPUR"}},{"type":"Feature","geometry":{"type":"Polygon","coordinates":[[[-122.544346,37.911679],[-122.544378,37.911405],[-122.544709,37.911467],[-122.544736,37.911597],[-122.544744,37.911653],[-122.544744,37.911654],[-122.544744,37.911655],[-122.544747,37.911724],[-122.544492,37.911703],[-122.544346,37.911679]]]},"properties":{"prop_id":"029-071-20","situsforma":"333 HILLSIDE AVE","situsfor_2":"333 HILLSIDE AVE  MILL VALLEY"}},{"type":"Feature","geometry":{"type":"Polygon","coordinates":[[[-122.528952,37.923436],[-122.528998,37.923383],[-122.529346,37.923516],[-122.529334,37.92353],[-122.529333,37.923531],[-122.529313,37.923551],[-122.529291,37.923569],[-122.529289,37.92357],[-122.529288,37.923571],[-122.529265,37.923588],[-122.529184,37.92364],[-122.528952,37.923436]]]},"properties":{"prop_id":"025-096-05","situsforma":"20 GROVE AVE","situsfor_2":"20 GROVE AVE  CORTE MADERA"}},{"type":"Feature","geometry":{"type":"Polygon","coordinates":[[[-122.536981,37.905672],[-122.537136,37.905407],[-122.537148,37.905414],[-122.537252,37.90547],[-122.537447,37.905525],[-122.537198,37.905739],[-122.537138,37.90571],[-122.536981,37.905672]]]},"properties":{"prop_id":"029-213-01","situsforma":"65 ELM AVE","situsfor_2":"65 ELM AVE  MILL VALLEY"}},{"type":"Feature","geometry":{"type":"Polygon","coordinates":[[[-122.554881,37.907729],[-122.554938,37.908163],[-122.554383,37.908102],[-122.554334,37.908129],[-122.554322,37.907678],[-122.554683,37.907785],[-122.554683,37.907659],[-122.554881,37.907729]]]},"properties":{"prop_id":"027-221-31","situsforma":"45 CORNELIA AVE","situsfor_2":"45 CORNELIA AVE  MILL VALLEY"}},{"type":"Feature","geometry":{"type":"Polygon","coordinates":[[[-122.549019,37.896291],[-122.548537,37.896218],[-122.548496,37.896143],[-122.548581,37.895995],[-122.548934,37.895941],[-122.549,37.896134],[-122.549098,37.896197],[-122.549019,37.896291]]]},"properties":{"prop_id":"047-182-13","situsforma":"372 RIDGEWOOD AVE","situsfor_2":"372 RIDGEWOOD AVE  MILL VALLEY"}},{"type":"Feature","geometry":{"type":"Polygon","coordinates":[[[-122.542385,37.907814],[-122.542268,37.907564],[-122.542589,37.907636],[-122.542571,37.907833],[-122.542385,37.907814]]]},"properties":{"prop_id":"029-114-15","situsforma":"110 OAKDALE AVE","situsfor_2":"110 OAKDALE AVE  MILL VALLEY"}},{"type":"Feature","geometry":{"type":"Polygon","coordinates":[[[-122.534348,37.902012],[-122.534235,37.902108],[-122.533823,37.902228],[-122.5338,37.902216],[-122.53423,37.901902],[-122.534348,37.902012]]]},"properties":{"prop_id":"030-032-06","situsforma":"198 LOCUST AVE","situsfor_2":"198 LOCUST AVE  MILL VALLEY"}},{"type":"Feature","geometry":{"type":"Polygon","coordinates":[[[-122.538279,37.902554],[-122.538416,37.902603],[-122.537934,37.902892],[-122.537886,37.902843],[-122.537869,37.902817],[-122.538279,37.902554]]]},"properties":{"prop_id":"028-233-37","situsforma":"30 CATALPA AVE","situsfor_2":"30 CATALPA AVE  MILL VALLEY"}},{"type":"Feature","geometry":{"type":"Polygon","coordinates":[[[-122.557595,37.90226],[-122.557602,37.902128],[-122.557573,37.902098],[-122.557647,37.901942],[-122.55795,37.902034],[-122.557901,37.902094],[-122.557925,37.902235],[-122.557595,37.90226]]]},"properties":{"prop_id":"047-012-28","situsforma":"7 CASTLE ROCK DR","situsfor_2":"7 CASTLE ROCK DR  MILL VALLEY"}},{"type":"Feature","geometry":{"type":"Polygon","coordinates":[[[-122.535916,37.908172],[-122.535705,37.908351],[-122.535701,37.90835],[-122.535572,37.90834],[-122.53563,37.908204],[-122.535805,37.908068],[-122.535916,37.908172]]]},"properties":{"prop_id":"029-173-08","situsforma":"218 DEL CASA DR","situsfor_2":"218 DEL CASA DR  MILL VALLEY"}},{"type":"Feature","geometry":{"type":"Polygon","coordinates":[[[-122.545734,37.893958],[-122.545803,37.893884],[-122.545973,37.893982],[-122.546039,37.893903],[-122.546228,37.89368],[-122.546394,37.893808],[-122.546047,37.894131],[-122.54602,37.894133],[-122.545734,37.893958]]]},"properties":{"prop_id":"047-232-03","situsforma":"345 N FERNDALE AVE","situsfor_2":"345 N FERNDALE AVE  MILL VALLEY"}},{"type":"Feature","geometry":{"type":"Polygon","coordinates":[[[-122.533339,37.923472],[-122.533311,37.923395],[-122.533599,37.923354],[-122.533635,37.923432],[-122.533639,37.923438],[-122.533691,37.923506],[-122.533358,37.923539],[-122.533339,37.923472]]]},"properties":{"prop_id":"025-084-16","situsforma":"252 MORNINGSIDE DR","situsfor_2":"252 MORNINGSIDE DR  CORTE MADERA"}},{"type":"Feature","geometry":{"type":"Polygon","coordinates":[[[-122.537834,37.915531],[-122.537867,37.915479],[-122.537867,37.915478],[-122.537868,37.915477],[-122.537913,37.915421],[-122.537913,37.91542],[-122.537914,37.91542],[-122.537965,37.915368],[-122.537966,37.915367],[-122.537969,37.915364],[-122.53797,37.915364],[-122.53797,37.915364],[-122.537971,37.915363],[-122.537975,37.91536],[-122.537976,37.91536],[-122.537977,37.915359],[-122.53798,37.915358],[-122.537981,37.915357],[-122.537982,37.915357],[-122.537986,37.915355],[-122.537988,37.915354],[-122.537988,37.915354],[-122.537993,37.915353],[-122.537994,37.915352],[-122.537994,37.915352],[-122.537995,37.915352],[-122.538,37.915351],[-122.538001,37.915351],[-122.538001,37.915351],[-122.538003,37.91535],[-122.538007,37.91535],[-122.538008,37.915349],[-122.53801,37.915349],[-122.538014,37.915349],[-122.538015,37.915349],[-122.538017,37.915349],[-122.538021,37.915348],[-122.538023,37.915348],[-122.538024,37.915348],[-122.538028,37.915349],[-122.53803,37.915349],[-122.538031,37.915349],[-122.538031,37.915349],[-122.538038,37.915349],[-122.538044,37.91535],[-122.538044,37.91535],[-122.538045,37.91535],[-122.538047,37.915351],[-122.538051,37.915352],[-122.538052,37.915352],[-122.538054,37.915353],[-122.538058,37.915354],[-122.538059,37.915354],[-122.538061,37.915355],[-122.538065,37.915356],[-122.538066,37.915357],[-122.538067,37.915357],[-122.538072,37.915359],[-122.538073,37.91536],[-122.538073,37.91536],[-122.538073,37.91536],[-122.538079,37.915363],[-122.538079,37.915363],[-122.538079,37.915363],[-122.538081,37.915364],[-122.538085,37.915366],[-122.538085,37.915366],[-122.538087,37.915367],[-122.53809,37.91537],[-122.538091,37.91537],[-122.538092,37.915371],[-122.538095,37.915374],[-122.538096,37.915375],[-122.538097,37.915375],[-122.5381,37.915378],[-122.538101,37.91538],[-122.538101,37.91538],[-122.538101,37.91538],[-122.538105,37.915385],[-122.538264,37.915614],[-122.538111,37.915678],[-122.537834,37.915531]]]},"properties":{"prop_id":"029-142-06","situsforma":"10 GLEN DR","situsfor_2":"10 GLEN DR  MILL VALLEY"}},{"type":"Feature","geometry":{"type":"Polygon","coordinates":[[[-122.556853,37.912398],[-122.556814,37.91199],[-122.557527,37.911896],[-122.557453,37.912074],[-122.557211,37.912312],[-122.557241,37.912346],[-122.556853,37.912398]]]},"properties":{"prop_id":"027-144-10","situsforma":"278 TAMALPAIS AVE","situsfor_2":"278 TAMALPAIS AVE  MILL VALLEY"}},{"type":"Feature","geometry":{"type":"Polygon","coordinates":[[[-122.55447,37.898864],[-122.554564,37.898689],[-122.554699,37.898733],[-122.5547,37.898733],[-122.554954,37.898764],[-122.554975,37.898933],[-122.55491,37.898937],[-122.554735,37.898915],[-122.554584,37.898917],[-122.554471,37.898865],[-122.55447,37.898864]]]},"properties":{"prop_id":"047-083-11","situsforma":"509 TAMALPAIS DR","situsfor_2":"509 TAMALPAIS DR  MILL VALLEY"}},{"type":"Feature","geometry":{"type":"Polygon","coordinates":[[[-122.53164,37.896037],[-122.531814,37.895761],[-122.531962,37.895832],[-122.531978,37.89584],[-122.531784,37.896088],[-122.531707,37.896058],[-122.531707,37.896058],[-122.531705,37.896057],[-122.53164,37.896037]]]},"properties":{"prop_id":"030-082-11","situsforma":"39 OXFORD AVE","situsfor_2":"39 OXFORD AVE  MILL VALLEY"}},{"type":"Feature","geometry":{"type":"Polygon","coordinates":[[[-122.54862,37.906088],[-122.548684,37.906046],[-122.548977,37.906319],[-122.548912,37.906362],[-122.54862,37.906088]]]},"properties":{"prop_id":"028-056-05","situsforma":"118 THROCKMORTON AVE","situsfor_2":"118 THROCKMORTON AVE  MILL VALLEY"}},{"type":"Feature","geometry":{"type":"Polygon","coordinates":[[[-122.531171,37.928664],[-122.53125,37.928786],[-122.530952,37.928929],[-122.530868,37.928814],[-122.531171,37.928664]]]},"properties":{"prop_id":"024-092-05","situsforma":"17 PALM AVE","situsfor_2":"17 PALM AVE  CORTE MADERA"}},{"type":"Feature","geometry":{"type":"Polygon","coordinates":[[[-122.530454,37.899251],[-122.530343,37.899362],[-122.530037,37.899175],[-122.53013,37.899083],[-122.530143,37.899069],[-122.530454,37.899251]]]},"properties":{"prop_id":"030-043-26","situsforma":"81 RYAN AVE","situsfor_2":"81 RYAN AVE  MILL VALLEY"}},{"type":"Feature","geometry":{"type":"Polygon","coordinates":[[[-122.549886,37.91301],[-122.5502,37.912803],[-122.550294,37.912889],[-122.549892,37.913151],[-122.549765,37.913093],[-122.549886,37.91301]]]},"properties":{"prop_id":"029-043-30","situsforma":"192 W BLITHEDALE AVE","situsfor_2":"192 W BLITHEDALE AVE  MILL VALLEY"}},{"type":"Feature","geometry":{"type":"Polygon","coordinates":[[[-122.539111,37.924366],[-122.539119,37.924618],[-122.538906,37.924618],[-122.538898,37.924366],[-122.539111,37.924366]]]},"properties":{"prop_id":"021-250-10","situsforma":"","situsfor_2":""}},{"type":"Feature","geometry":{"type":"Polygon","coordinates":[[[-122.531532,37.92641],[-122.531858,37.926314],[-122.531923,37.926455],[-122.531857,37.926475],[-122.531595,37.926555],[-122.531532,37.92641]]]},"properties":{"prop_id":"025-012-05","situsforma":"2 CRESCENT RD","situsfor_2":"2 CRESCENT RD  CORTE MADERA"}},{"type":"Feature","geometry":{"type":"Polygon","coordinates":[[[-122.532205,37.925389],[-122.532545,37.925382],[-122.532558,37.925381],[-122.532567,37.925477],[-122.532449,37.925502],[-122.532206,37.925414],[-122.532205,37.925389]]]},"properties":{"prop_id":"025-027-01","situsforma":"5 PORTOLA WAY","situsfor_2":"5 PORTOLA WAY  CORTE MADERA"}},{"type":"Feature","geometry":{"type":"Polygon","coordinates":[[[-122.541633,37.907263],[-122.541578,37.907019],[-122.541917,37.90702],[-122.541903,37.907275],[-122.541903,37.907279],[-122.541898,37.907278],[-122.541636,37.907277],[-122.541633,37.907263]]]},"properties":{"prop_id":"029-183-14","situsforma":"107 BUENA VISTA AVE","situsfor_2":"107 BUENA VISTA AVE  MILL VALLEY"}},{"type":"Feature","geometry":{"type":"Polygon","coordinates":[[[-122.563483,37.899463],[-122.563189,37.899495],[-122.563192,37.899521],[-122.5631,37.89953],[-122.56311,37.899223],[-122.563111,37.899166],[-122.563298,37.899107],[-122.563564,37.898943],[-122.563803,37.898931],[-122.563836,37.899209],[-122.563925,37.899939],[-122.563877,37.899935],[-122.56383,37.899587],[-122.563747,37.899597],[-122.563728,37.899476],[-122.56349,37.899504],[-122.563483,37.899463]]]},"properties":{"prop_id":"046-161-13","situsforma":"415 PANORAMIC HWY","situsfor_2":"415 PANORAMIC HWY  MILL VALLEY"}},{"type":"Feature","geometry":{"type":"Polygon","coordinates":[[[-122.529893,37.900305],[-122.529881,37.900336],[-122.529834,37.90046],[-122.529515,37.900398],[-122.529551,37.900313],[-122.529575,37.900251],[-122.529893,37.900305]]]},"properties":{"prop_id":"030-043-17","situsforma":"117 RYAN AVE","situsfor_2":"117 RYAN AVE  MILL VALLEY"}},{"type":"Feature","geometry":{"type":"Polygon","coordinates":[[[-122.53658,37.900837],[-122.536578,37.900835],[-122.536477,37.900721],[-122.536787,37.900501],[-122.536885,37.900619],[-122.53658,37.900837]]]},"properties":{"prop_id":"028-223-05","situsforma":"119 WALNUT AVE","situsfor_2":"119 WALNUT AVE  MILL VALLEY"}},{"type":"Feature","geometry":{"type":"Polygon","coordinates":[[[-122.535225,37.904198],[-122.535169,37.904231],[-122.534988,37.904338],[-122.534866,37.904204],[-122.535104,37.904066],[-122.535225,37.904198]]]},"properties":{"prop_id":"029-221-12","situsforma":"15 E MANOR DR","situsfor_2":"15 E MANOR DR  MILL VALLEY"}},{"type":"Feature","geometry":{"type":"Polygon","coordinates":[[[-122.548972,37.900384],[-122.548972,37.900384],[-122.549077,37.900121],[-122.549125,37.900141],[-122.549242,37.900177],[-122.54945,37.900242],[-122.549501,37.900256],[-122.549392,37.900515],[-122.548972,37.900384]]]},"properties":{"prop_id":"047-046-14","situsforma":"20 CECILY LN","situsfor_2":"20 CECILY LN  MILL VALLEY"}},{"type":"Feature","geometry":{"type":"Polygon","coordinates":[[[-122.557254,37.904437],[-122.557386,37.904485],[-122.557705,37.904457],[-122.557471,37.904747],[-122.55712,37.904782],[-122.557052,37.904728],[-122.55711,37.904541],[-122.557064,37.904477],[-122.557229,37.904358],[-122.557254,37.904437]]]},"properties":{"prop_id":"028-083-09","situsforma":"156 HAZEL AVE","situsfor_2":"156 HAZEL AVE  MILL VALLEY"}},{"type":"Feature","geometry":{"type":"Polygon","coordinates":[[[-122.539876,37.902663],[-122.539714,37.902681],[-122.539623,37.902507],[-122.539478,37.90256],[-122.53946,37.902534],[-122.53961,37.902481],[-122.539526,37.902316],[-122.53967,37.902299],[-122.539876,37.902663]]]},"properties":{"prop_id":"028-032-11","situsforma":"51 PARK AVE","situsfor_2":"51 PARK AVE  MILL VALLEY"}},{"type":"Feature","geometry":{"type":"Polygon","coordinates":[[[-122.537845,37.90558],[-122.538027,37.905767],[-122.53804,37.905796],[-122.537646,37.90592],[-122.537516,37.905754],[-122.537845,37.90558]]]},"properties":{"prop_id":"029-202-14","situsforma":"45 ELM AVE","situsfor_2":"45 ELM AVE  MILL VALLEY"}},{"type":"Feature","geometry":{"type":"Polygon","coordinates":[[[-122.534199,37.896712],[-122.534234,37.896669],[-122.534401,37.896749],[-122.534415,37.896757],[-122.53438,37.8968],[-122.534199,37.896712]]]},"properties":{"prop_id":"030-271-38","situsforma":"38 PARK TER","situsfor_2":"38 PARK TER  MILL VALLEY"}},{"type":"Feature","geometry":{"type":"Polygon","coordinates":[[[-122.531884,37.897601],[-122.531836,37.897567],[-122.531753,37.897508],[-122.531975,37.897217],[-122.532095,37.89728],[-122.532122,37.897292],[-122.531884,37.897601]]]},"properties":{"prop_id":"030-063-15","situsforma":"311 SYCAMORE AVE","situsfor_2":"311 SYCAMORE AVE  MILL VALLEY"}},{"type":"Feature","geometry":{"type":"Polygon","coordinates":[[[-122.535555,37.900977],[-122.535653,37.90109],[-122.535392,37.901279],[-122.535274,37.901172],[-122.535555,37.900977]]]},"properties":{"prop_id":"030-033-03","situsforma":"190 ELM AVE","situsfor_2":"190 ELM AVE  MILL VALLEY"}},{"type":"Feature","geometry":{"type":"Polygon","coordinates":[[[-122.550046,37.909079],[-122.549793,37.908979],[-122.549843,37.908904],[-122.550257,37.908723],[-122.550698,37.90899],[-122.550478,37.909244],[-122.550046,37.909079]]]},"properties":{"prop_id":"029-093-26","situsforma":"160 SUMMIT AVE","situsfor_2":"160 SUMMIT AVE  MILL VALLEY"}},{"type":"Feature","geometry":{"type":"Polygon","coordinates":[[[-122.537144,37.921582],[-122.537271,37.921449],[-122.537377,37.921505],[-122.537486,37.921569],[-122.53749,37.921571],[-122.537295,37.921704],[-122.537258,37.921729],[-122.537252,37.921733],[-122.537208,37.921711],[-122.537144,37.921582]]]},"properties":{"prop_id":"025-131-04","situsforma":"404 SUMMIT DR","situsfor_2":"404 SUMMIT DR  CORTE MADERA"}},{"type":"Feature","geometry":{"type":"Polygon","coordinates":[[[-122.545889,37.895481],[-122.545559,37.895439],[-122.545521,37.895433],[-122.545512,37.89543],[-122.545487,37.895423],[-122.545463,37.895414],[-122.54544,37.895404],[-122.545419,37.895391],[-122.545399,37.895377],[-122.545388,37.895367],[-122.545371,37.895351],[-122.545355,37.895333],[-122.545342,37.895314],[-122.545331,37.895295],[-122.545321,37.895274],[-122.545314,37.895253],[-122.545309,37.895232],[-122.545307,37.895218],[-122.545307,37.895217],[-122.545307,37.895216],[-122.545306,37.895196],[-122.545306,37.895196],[-122.545308,37.895176],[-122.545308,37.895176],[-122.545308,37.895175],[-122.545311,37.895156],[-122.545312,37.895155],[-122.545312,37.895154],[-122.545317,37.895136],[-122.545318,37.895135],[-122.545318,37.895135],[-122.545326,37.895115],[-122.545345,37.895068],[-122.545367,37.89507],[-122.545625,37.895185],[-122.545678,37.895159],[-122.545751,37.895254],[-122.545756,37.895259],[-122.54579,37.895291],[-122.545937,37.895352],[-122.546051,37.895394],[-122.545972,37.895493],[-122.545889,37.895481]]]},"properties":{"prop_id":"047-211-14","situsforma":"324 TODD WAY","situsfor_2":"324 TODD WAY  MILL VALLEY"}},{"type":"Feature","geometry":{"type":"Polygon","coordinates":[[[-122.562216,37.902141],[-122.561844,37.902191],[-122.561906,37.90197],[-122.562274,37.901921],[-122.562216,37.902141]]]},"properties":{"prop_id":"045-222-08","situsforma":"50 MONO WAY","situsfor_2":"50 MONO WAY  MILL VALLEY"}},{"type":"Feature","geometry":{"type":"Polygon","coordinates":[[[-122.538855,37.901751],[-122.539151,37.901541],[-122.539273,37.901643],[-122.538972,37.901854],[-122.538855,37.901751]]]},"properties":{"prop_id":"028-221-27","situsforma":"95 SYCAMORE AVE","situsfor_2":"95 SYCAMORE AVE  MILL VALLEY"}},{"type":"Feature","geometry":{"type":"Polygon","coordinates":[[[-122.536678,37.908018],[-122.537124,37.907974],[-122.537072,37.908214],[-122.536651,37.908236],[-122.536678,37.908018]]]},"properties":{"prop_id":"029-172-16","situsforma":"64 DEL CASA DR","situsfor_2":"64 DEL CASA DR  MILL VALLEY"}},{"type":"Feature","geometry":{"type":"Polygon","coordinates":[[[-122.544954,37.89543],[-122.544994,37.895376],[-122.545189,37.895231],[-122.545239,37.895234],[-122.545283,37.895237],[-122.545309,37.895232],[-122.545314,37.895253],[-122.545321,37.895274],[-122.545331,37.895295],[-122.545342,37.895314],[-122.545355,37.895333],[-122.545371,37.895351],[-122.545388,37.895367],[-122.545399,37.895377],[-122.545342,37.895401],[-122.545298,37.895542],[-122.544954,37.89543]]]},"properties":{"prop_id":"047-211-05","situsforma":"304 TODD WAY","situsfor_2":"304 TODD WAY  MILL VALLEY"}},{"type":"Feature","geometry":{"type":"Polygon","coordinates":[[[-122.540278,37.900124],[-122.540455,37.899996],[-122.540479,37.900017],[-122.540302,37.900145],[-122.540278,37.900124]]]},"properties":{"prop_id":"028-186-12","situsforma":"","situsfor_2":""}},{"type":"Feature","geometry":{"type":"Polygon","coordinates":[[[-122.543428,37.906518],[-122.543466,37.906518],[-122.54364,37.90652],[-122.54364,37.906857],[-122.54343,37.906856],[-122.543428,37.906518]]]},"properties":{"prop_id":"029-184-37","situsforma":"70 BUENA VISTA AVE","situsfor_2":"70 BUENA VISTA AVE  MILL VALLEY"}},{"type":"Feature","geometry":{"type":"Polygon","coordinates":[[[-122.534376,37.897113],[-122.534268,37.897257],[-122.534215,37.897232],[-122.534321,37.897087],[-122.534376,37.897113]]]},"properties":{"prop_id":"030-271-21","situsforma":"21 PARK TER","situsfor_2":"21 PARK TER  MILL VALLEY"}},{"type":"Feature","geometry":{"type":"Polygon","coordinates":[[[-122.5607,37.901091],[-122.5607,37.901091],[-122.5607,37.901091],[-122.560872,37.901207],[-122.56097,37.901274],[-122.560945,37.901289],[-122.560875,37.90134],[-122.560728,37.901444],[-122.56046,37.901248],[-122.56046,37.901247],[-122.5607,37.901091]]]},"properties":{"prop_id":"045-232-02","situsforma":"","situsfor_2":""}},{"type":"Feature","geometry":{"type":"Polygon","coordinates":[[[-122.532179,37.924183],[-122.532356,37.924393],[-122.532146,37.924516],[-122.532049,37.924417],[-122.532084,37.924237],[-122.532179,37.924183]]]},"properties":{"prop_id":"025-085-07","situsforma":"142 CRESCENT RD","situsfor_2":"142 CRESCENT RD  CORTE MADERA"}},{"type":"Feature","geometry":{"type":"Polygon","coordinates":[[[-122.530032,37.921602],[-122.530323,37.921446],[-122.530454,37.921486],[-122.530522,37.921561],[-122.530167,37.921718],[-122.530132,37.921682],[-122.530131,37.921682],[-122.530131,37.921681],[-122.530092,37.921649],[-122.530091,37.921648],[-122.530085,37.921644],[-122.530032,37.921602]]]},"properties":{"prop_id":"025-142-07","situsforma":"489 CORTE MADERA AVE","situsfor_2":"489 CORTE MADERA AVE  CORTE MADERA"}},{"type":"Feature","geometry":{"type":"Polygon","coordinates":[[[-122.538495,37.9081],[-122.538267,37.907942],[-122.538469,37.907689],[-122.538563,37.907501],[-122.538762,37.907608],[-122.538711,37.907902],[-122.538495,37.9081]]]},"properties":{"prop_id":"029-125-37","situsforma":"120 CIRCLE AVE","situsfor_2":"120 CIRCLE AVE  MILL VALLEY"}},{"type":"Feature","geometry":{"type":"Polygon","coordinates":[[[-122.541881,37.898571],[-122.541886,37.898565],[-122.541898,37.898577],[-122.54202,37.898696],[-122.541739,37.898998],[-122.541638,37.898873],[-122.541881,37.898571]]]},"properties":{"prop_id":"028-191-04","situsforma":"402 MOLINO AVE","situsfor_2":"402 MOLINO AVE  MILL VALLEY"}},{"type":"Feature","geometry":{"type":"Polygon","coordinates":[[[-122.556121,37.914427],[-122.556112,37.914119],[-122.556059,37.914044],[-122.556579,37.914047],[-122.556582,37.914133],[-122.556686,37.914359],[-122.556901,37.914441],[-122.556833,37.914534],[-122.55613,37.914648],[-122.556126,37.914591],[-122.556121,37.914427]]]},"properties":{"prop_id":"027-114-19","situsforma":"44 RALSTON AVE","situsfor_2":"44 RALSTON AVE  MILL VALLEY"}},{"type":"Feature","geometry":{"type":"Polygon","coordinates":[[[-122.562479,37.904454],[-122.562519,37.904452],[-122.562415,37.904934],[-122.562374,37.904952],[-122.562426,37.904757],[-122.562479,37.904454]]]},"properties":{"prop_id":"027-251-29","situsforma":"","situsfor_2":""}},{"type":"Feature","geometry":{"type":"Polygon","coordinates":[[[-122.534189,37.903547],[-122.534322,37.9033],[-122.534632,37.903412],[-122.534483,37.903703],[-122.534285,37.903698],[-122.534108,37.903694],[-122.534189,37.903547]]]},"properties":{"prop_id":"030-011-19","situsforma":"47 ALTA VISTA AVE","situsfor_2":"47 ALTA VISTA AVE  MILL VALLEY"}},{"type":"Feature","geometry":{"type":"Polygon","coordinates":[[[-122.554958,37.908329],[-122.554938,37.908163],[-122.554881,37.907729],[-122.555173,37.907833],[-122.555215,37.907845],[-122.555187,37.907864],[-122.555235,37.908305],[-122.554958,37.908329]]]},"properties":{"prop_id":"027-221-18","situsforma":"192 LOVELL AVE","situsfor_2":"192 LOVELL AVE  MILL VALLEY"}},{"type":"Feature","geometry":{"type":"Polygon","coordinates":[[[-122.551349,37.897656],[-122.551444,37.897611],[-122.551452,37.897629],[-122.551456,37.897633],[-122.551457,37.897635],[-122.5516,37.897787],[-122.551659,37.897799],[-122.551658,37.8978],[-122.551547,37.897968],[-122.551333,37.897863],[-122.551241,37.897771],[-122.55125,37.897736],[-122.551251,37.897735],[-122.551349,37.897656]]]},"properties":{"prop_id":"047-141-14","situsforma":"503 LAVERNE AVE","situsfor_2":"503 LAVERNE AVE  MILL VALLEY"}},{"type":"Feature","geometry":{"type":"Polygon","coordinates":[[[-122.552611,37.921664],[-122.552611,37.921664],[-122.552766,37.921661],[-122.552767,37.921661],[-122.552784,37.922237],[-122.552783,37.922237],[-122.552102,37.922243],[-122.552087,37.921679],[-122.552087,37.921678],[-122.552087,37.921678],[-122.552321,37.921672],[-122.552326,37.921671],[-122.55233,37.921671],[-122.552336,37.921671],[-122.55234,37.921671],[-122.552611,37.921664]]]},"properties":{"prop_id":"021-240-27","situsforma":"","situsfor_2":""}},{"type":"Feature","geometry":{"type":"Polygon","coordinates":[[[-122.568872,37.912764],[-122.568624,37.912618],[-122.568404,37.912698],[-122.568605,37.912404],[-122.568606,37.912403],[-122.56862,37.912384],[-122.568633,37.912368],[-122.568633,37.912368],[-122.568669,37.912391],[-122.568704,37.912414],[-122.568737,37.912436],[-122.568744,37.912441],[-122.568744,37.912441],[-122.568736,37.912452],[-122.568725,37.912468],[-122.568725,37.912468],[-122.5688,37.912508],[-122.568944,37.912586],[-122.568945,37.912586],[-122.569027,37.912631],[-122.568872,37.912764]]]},"properties":{"prop_id":"027-154-10","situsforma":"955 LOVELL AVE","situsfor_2":"955 LOVELL AVE  MILL VALLEY"}},{"type":"Feature","geometry":{"type":"Polygon","coordinates":[[[-122.542403,37.903256],[-122.542406,37.903252],[-122.542443,37.903279],[-122.542442,37.903447],[-122.542442,37.903453],[-122.542441,37.90367],[-122.542444,37.903732],[-122.542433,37.90382],[-122.542406,37.903938],[-122.542406,37.903939],[-122.542329,37.904271],[-122.542106,37.904172],[-122.542121,37.903731],[-122.542403,37.903256]]]},"properties":{"prop_id":"028-034-35","situsforma":"238 E BLITHEDALE AVE","situsfor_2":"238 E BLITHEDALE AVE  MILL VALLEY"}},{"type":"Feature","geometry":{"type":"Polygon","coordinates":[[[-122.557847,37.907673],[-122.558178,37.907446],[-122.558459,37.907728],[-122.558202,37.907911],[-122.558141,37.908031],[-122.55813,37.908053],[-122.55778,37.907735],[-122.557771,37.907726],[-122.557844,37.907675],[-122.557847,37.907673]]]},"properties":{"prop_id":"027-214-01","situsforma":"29 EUGENE ST","situsfor_2":"29 EUGENE ST  MILL VALLEY"}},{"type":"Feature","geometry":{"type":"Polygon","coordinates":[[[-122.534959,37.914856],[-122.534959,37.914725],[-122.535323,37.914474],[-122.535557,37.914729],[-122.535201,37.914955],[-122.535134,37.914994],[-122.535081,37.915024],[-122.535075,37.91502],[-122.535074,37.91502],[-122.535055,37.915007],[-122.535055,37.915007],[-122.535055,37.915007],[-122.535054,37.915006],[-122.535036,37.914992],[-122.535036,37.914992],[-122.535035,37.914991],[-122.53502,37.914976],[-122.535019,37.914975],[-122.535018,37.914974],[-122.535004,37.914959],[-122.535004,37.914958],[-122.535003,37.914957],[-122.534991,37.914939],[-122.53499,37.914939],[-122.53499,37.914939],[-122.53499,37.914939],[-122.534979,37.91492],[-122.534979,37.914919],[-122.534979,37.914919],[-122.534971,37.9149],[-122.53497,37.914899],[-122.53497,37.914898],[-122.534964,37.914879],[-122.534963,37.914878],[-122.534963,37.914877],[-122.534959,37.914856]]]},"properties":{"prop_id":"029-332-08","situsforma":"355 VISTA LINDA DR","situsfor_2":"355 VISTA LINDA DR  MILL VALLEY"}},{"type":"Feature","geometry":{"type":"Polygon","coordinates":[[[-122.562385,37.900757],[-122.562408,37.900863],[-122.562436,37.900995],[-122.562465,37.901125],[-122.562432,37.901121],[-122.562349,37.90107],[-122.56232,37.901059],[-122.562276,37.901043],[-122.562265,37.901048],[-122.562211,37.900783],[-122.562217,37.900782],[-122.5623,37.90077],[-122.562385,37.900757]]]},"properties":{"prop_id":"045-262-15","situsforma":"62 MONTE CIMAS AVE","situsfor_2":"62 MONTE CIMAS AVE  MILL VALLEY"}},{"type":"Feature","geometry":{"type":"Polygon","coordinates":[[[-122.543646,37.90589],[-122.543647,37.905777],[-122.543989,37.905777],[-122.543989,37.905889],[-122.543646,37.90589]]]},"properties":{"prop_id":"029-185-02","situsforma":"48 HILL ST","situsfor_2":"48 HILL ST  MILL VALLEY"}},{"type":"Feature","geometry":{"type":"Polygon","coordinates":[[[-122.568117,37.912474],[-122.568306,37.912242],[-122.568503,37.912345],[-122.568503,37.912345],[-122.568605,37.912404],[-122.568404,37.912698],[-122.568349,37.912723],[-122.568204,37.912479],[-122.568116,37.912474],[-122.568117,37.912474]]]},"properties":{"prop_id":"027-154-09","situsforma":"933 LOVELL AVE","situsfor_2":"933 LOVELL AVE  MILL VALLEY"}},{"type":"Feature","geometry":{"type":"Polygon","coordinates":[[[-122.56127,37.903509],[-122.561186,37.903626],[-122.561172,37.903593],[-122.561165,37.903577],[-122.561125,37.903484],[-122.561015,37.90342],[-122.561095,37.903397],[-122.56122,37.903255],[-122.56127,37.903048],[-122.561321,37.903071],[-122.561418,37.903301],[-122.561282,37.903492],[-122.56127,37.903509]]]},"properties":{"prop_id":"046-061-58","situsforma":"440 EDGEWOOD AVE","situsfor_2":"440 EDGEWOOD AVE  MILL VALLEY"}},{"type":"Feature","geometry":{"type":"Polygon","coordinates":[[[-122.52868,37.920009],[-122.52923,37.919669],[-122.529385,37.919727],[-122.529421,37.919738],[-122.529423,37.919738],[-122.529424,37.919738],[-122.52946,37.919746],[-122.529461,37.919746],[-122.529463,37.919746],[-122.5295,37.919752],[-122.529501,37.919752],[-122.529501,37.919752],[-122.529501,37.919752],[-122.529539,37.919754],[-122.529541,37.919755],[-122.529542,37.919755],[-122.52958,37.919755],[-122.529581,37.919755],[-122.529582,37.919755],[-122.52962,37.919752],[-122.529621,37.919752],[-122.529622,37.919752],[-122.529659,37.919747],[-122.52966,37.919747],[-122.529661,37.919747],[-122.529698,37.919739],[-122.529699,37.919739],[-122.5297,37.919738],[-122.529736,37.919728],[-122.529737,37.919728],[-122.529738,37.919728],[-122.529772,37.919715],[-122.529773,37.919715],[-122.529774,37.919715],[-122.529807,37.9197],[-122.529808,37.9197],[-122.529814,37.919697],[-122.529858,37.919677],[-122.529859,37.919677],[-122.52986,37.919676],[-122.52989,37.919662],[-122.529891,37.919662],[-122.529891,37.919662],[-122.529923,37.91965],[-122.529924,37.91965],[-122.529925,37.919649],[-122.529958,37.91964],[-122.529959,37.91964],[-122.52996,37.919639],[-122.529994,37.919632],[-122.529928,37.919676],[-122.529036,37.920273],[-122.529035,37.920273],[-122.52868,37.920009]]]},"properties":{"prop_id":"025-191-23","situsforma":"594 CORTE MADERA AVE","situsfor_2":"594 CORTE MADERA AVE  CORTE MADERA"}},{"type":"Feature","geometry":{"type":"Polygon","coordinates":[[[-122.542889,37.895654],[-122.54289,37.895652],[-122.543071,37.895653],[-122.543071,37.895655],[-122.542976,37.89595],[-122.542772,37.895975],[-122.542889,37.895654]]]},"properties":{"prop_id":"047-221-27","situsforma":"261 EVERGREEN AVE","situsfor_2":"261 EVERGREEN AVE  MILL VALLEY"}},{"type":"Feature","geometry":{"type":"Polygon","coordinates":[[[-122.553745,37.908804],[-122.553815,37.908631],[-122.553884,37.908659],[-122.553985,37.90856],[-122.554078,37.908637],[-122.554024,37.908978],[-122.554024,37.908979],[-122.554023,37.908986],[-122.553678,37.908968],[-122.553745,37.908804]]]},"properties":{"prop_id":"027-221-33","situsforma":"57 CORNELIA AVE","situsfor_2":"57 CORNELIA AVE  MILL VALLEY"}},{"type":"Feature","geometry":{"type":"Polygon","coordinates":[[[-122.538894,37.897228],[-122.538416,37.897368],[-122.53837,37.897236],[-122.538477,37.897018],[-122.538811,37.897174],[-122.538894,37.897228]]]},"properties":{"prop_id":"028-214-35","situsforma":"6 ROBERTSON TER","situsfor_2":"6 ROBERTSON TER  MILL VALLEY"}},{"type":"Feature","geometry":{"type":"Polygon","coordinates":[[[-122.560951,37.895856],[-122.560912,37.895826],[-122.560782,37.895718],[-122.560783,37.895617],[-122.560783,37.895537],[-122.560729,37.895235],[-122.560718,37.895171],[-122.560622,37.894868],[-122.560523,37.894742],[-122.560276,37.894576],[-122.560155,37.894358],[-122.559998,37.8942],[-122.559725,37.894088],[-122.5595,37.893939],[-122.559231,37.89388],[-122.558923,37.893977],[-122.55888,37.893939],[-122.55886,37.893554],[-122.558633,37.893366],[-122.557683,37.893237],[-122.557158,37.893379],[-122.557157,37.893379],[-122.557128,37.893387],[-122.557113,37.893364],[-122.556589,37.892542],[-122.556584,37.892533],[-122.556583,37.892533],[-122.556583,37.892532],[-122.556583,37.892532],[-122.556582,37.892531],[-122.556351,37.891374],[-122.556353,37.891325],[-122.556353,37.891319],[-122.556353,37.891318],[-122.556357,37.891275],[-122.556359,37.891262],[-122.556363,37.89122],[-122.556363,37.891216],[-122.556377,37.89108],[-122.556377,37.89108],[-122.556377,37.891072],[-122.556378,37.891063],[-122.556388,37.890984],[-122.556388,37.89098],[-122.556389,37.890979],[-122.556389,37.890978],[-122.556397,37.890904],[-122.556398,37.890894],[-122.556406,37.890807],[-122.556407,37.890784],[-122.556407,37.890769],[-122.556407,37.890768],[-122.556407,37.890731],[-122.556408,37.890728],[-122.556408,37.890728],[-122.556407,37.890727],[-122.556407,37.890725],[-122.556405,37.890698],[-122.556401,37.890661],[-122.5564,37.890654],[-122.5564,37.890649],[-122.5564,37.890648],[-122.5564,37.890647],[-122.556399,37.890646],[-122.556397,37.890636],[-122.556393,37.890615],[-122.556384,37.890574],[-122.556384,37.890571],[-122.556384,37.89057],[-122.556383,37.890569],[-122.556383,37.890569],[-122.556383,37.890569],[-122.556378,37.890554],[-122.556359,37.890493],[-122.556359,37.890493],[-122.556358,37.890492],[-122.556358,37.890492],[-122.556328,37.890424],[-122.556328,37.890424],[-122.556328,37.890424],[-122.556328,37.890424],[-122.556326,37.890418],[-122.556325,37.890418],[-122.556325,37.890418],[-122.556325,37.890417],[-122.556325,37.890417],[-122.556313,37.890396],[-122.556313,37.890396],[-122.556311,37.890393],[-122.556311,37.890392],[-122.556291,37.890357],[-122.55629,37.890356],[-122.556284,37.890346],[-122.556284,37.890345],[-122.556283,37.890344],[-122.556266,37.89032],[-122.556263,37.890316],[-122.556253,37.890302],[-122.556249,37.890296],[-122.556248,37.890294],[-122.556235,37.890276],[-122.556235,37.890275],[-122.556234,37.890275],[-122.556218,37.890256],[-122.556215,37.890253],[-122.556209,37.890246],[-122.556199,37.890234],[-122.556197,37.890232],[-122.556178,37.89021],[-122.556178,37.890209],[-122.556178,37.890209],[-122.556159,37.890191],[-122.556148,37.890181],[-122.556114,37.890148],[-122.556114,37.890147],[-122.556113,37.890147],[-122.556045,37.890091],[-122.556044,37.89009],[-122.556043,37.890089],[-122.556035,37.890083],[-122.555811,37.889908],[-122.555522,37.889694],[-122.555496,37.889677],[-122.555494,37.889676],[-122.555494,37.889675],[-122.555441,37.889635],[-122.55544,37.889635],[-122.555439,37.889634],[-122.55539,37.88959],[-122.555389,37.88959],[-122.555389,37.889589],[-122.55536,37.889558],[-122.55536,37.889558],[-122.555343,37.88954],[-122.555343,37.88954],[-122.555292,37.889497],[-122.555291,37.889496],[-122.555291,37.889496],[-122.555261,37.889465],[-122.555245,37.88945],[-122.555245,37.889449],[-122.555245,37.889449],[-122.555245,37.889449],[-122.555244,37.889449],[-122.555244,37.889448],[-122.555244,37.889448],[-122.555243,37.889448],[-122.555243,37.889448],[-122.555243,37.889447],[-122.55521,37.889407],[-122.555206,37.889402],[-122.555203,37.889399],[-122.555203,37.889398],[-122.555202,37.889398],[-122.555199,37.889393],[-122.555196,37.889388],[-122.555176,37.889359],[-122.555173,37.889354],[-122.555168,37.889346],[-122.555167,37.889346],[-122.555167,37.889345],[-122.555164,37.889339],[-122.55516,37.889332],[-122.55515,37.889313],[-122.555145,37.889305],[-122.555138,37.889292],[-122.555138,37.889291],[-122.555137,37.88929],[-122.555135,37.889285],[-122.555135,37.889284],[-122.555124,37.889256],[-122.555115,37.889235],[-122.555115,37.889234],[-122.555114,37.889233],[-122.555113,37.889229],[-122.555113,37.889228],[-122.555112,37.889223],[-122.555111,37.889223],[-122.555108,37.88921],[-122.555098,37.889177],[-122.55504,37.888981],[-122.555031,37.888949],[-122.55503,37.888947],[-122.555025,37.888928],[-122.555025,37.888928],[-122.555024,37.888927],[-122.555007,37.888886],[-122.555004,37.888877],[-122.554964,37.888782],[-122.554924,37.888684],[-122.554881,37.888594],[-122.55481,37.888442],[-122.554767,37.888268],[-122.554756,37.888223],[-122.55475,37.8882],[-122.55475,37.8882],[-122.55475,37.888199],[-122.55475,37.888198],[-122.554747,37.888189],[-122.554746,37.888185],[-122.554745,37.888181],[-122.554743,37.888172],[-122.554741,37.888165],[-122.554736,37.888147],[-122.554735,37.88814],[-122.554718,37.88811],[-122.554713,37.888102],[-122.554713,37.888102],[-122.554713,37.888102],[-122.554712,37.888101],[-122.554712,37.888101],[-122.554712,37.8881],[-122.554712,37.8881],[-122.554702,37.888079],[-122.554699,37.888071],[-122.554695,37.888063],[-122.554694,37.888061],[-122.554694,37.88806],[-122.554694,37.88806],[-122.554694,37.88806],[-122.554688,37.888044],[-122.554685,37.888033],[-122.554683,37.888027],[-122.554683,37.888027],[-122.55468,37.88802],[-122.55468,37.888019],[-122.55468,37.888018],[-122.554676,37.888],[-122.554674,37.887991],[-122.554671,37.887978],[-122.554671,37.887977],[-122.554671,37.887976],[-122.554669,37.887959],[-122.554669,37.887959],[-122.554669,37.887958],[-122.554669,37.887958],[-122.554669,37.887958],[-122.554669,37.887958],[-122.554669,37.887957],[-122.554669,37.887956],[-122.554667,37.887935],[-122.554667,37.887934],[-122.554667,37.887933],[-122.554667,37.887927],[-122.554667,37.887926],[-122.554667,37.887916],[-122.554667,37.887896],[-122.554667,37.887892],[-122.554667,37.887891],[-122.554667,37.887891],[-122.554672,37.887851],[-122.554672,37.887849],[-122.557215,37.886408],[-122.557614,37.882939],[-122.558648,37.881959],[-122.558648,37.881959],[-122.558716,37.881821],[-122.560233,37.878752],[-122.560233,37.878751],[-122.560233,37.878751],[-122.557878,37.877088],[-122.557991,37.876835],[-122.557778,37.876708],[-122.557826,37.876649],[-122.55757,37.876061],[-122.557783,37.875828],[-122.558085,37.875696],[-122.558493,37.875472],[-122.558907,37.875379],[-122.559233,37.875011],[-122.559561,37.874848],[-122.55985,37.874866],[-122.560237,37.874752],[-122.560706,37.874841],[-122.5609,37.874854],[-122.560969,37.874886],[-122.561878,37.875161],[-122.561802,37.874802],[-122.561698,37.874309],[-122.561475,37.873972],[-122.561573,37.873726],[-122.561744,37.87366],[-122.562074,37.873523],[-122.562269,37.873108],[-122.562675,37.872927],[-122.562652,37.87266],[-122.562699,37.872412],[-122.562922,37.872203],[-122.563147,37.871929],[-122.563706,37.871782],[-122.563928,37.871828],[-122.564033,37.872002],[-122.565152,37.872451],[-122.567449,37.873373],[-122.568202,37.873344],[-122.56905,37.873311],[-122.56905,37.873311],[-122.568839,37.874126],[-122.566777,37.878768],[-122.563771,37.880403],[-122.570284,37.884326],[-122.570628,37.884533],[-122.569058,37.885242],[-122.568389,37.885505],[-122.567247,37.887074],[-122.566757,37.887745],[-122.567102,37.888534],[-122.566933,37.888532],[-122.566659,37.888721],[-122.566658,37.888721],[-122.566657,37.888722],[-122.566657,37.888722],[-122.566698,37.888238],[-122.566712,37.888068],[-122.566704,37.888049],[-122.566685,37.888007],[-122.566382,37.887317],[-122.566382,37.887317],[-122.566381,37.887315],[-122.566177,37.887202],[-122.56592,37.887215],[-122.565919,37.887215],[-122.565553,37.887333],[-122.565168,37.88776],[-122.565011,37.887874],[-122.564543,37.887985],[-122.564263,37.888105],[-122.564263,37.888106],[-122.564281,37.888168],[-122.564319,37.888302],[-122.56432,37.888302],[-122.56432,37.888302],[-122.56448,37.888368],[-122.564797,37.888451],[-122.565152,37.888398],[-122.56561,37.888261],[-122.565698,37.888297],[-122.565722,37.888307],[-122.565722,37.888308],[-122.565722,37.888308],[-122.565728,37.88846],[-122.565728,37.88847],[-122.565728,37.88847],[-122.565667,37.888676],[-122.565329,37.888816],[-122.564887,37.888777],[-122.562795,37.889295],[-122.562778,37.889272],[-122.562248,37.889506],[-122.562249,37.889507],[-122.562249,37.889507],[-122.562586,37.890012],[-122.562589,37.890014],[-122.562904,37.890201],[-122.562905,37.890203],[-122.563024,37.890357],[-122.563028,37.890362],[-122.563048,37.890387],[-122.563048,37.890387],[-122.563048,37.890389],[-122.563071,37.890437],[-122.563071,37.890438],[-122.563072,37.890439],[-122.563104,37.890508],[-122.563105,37.890516],[-122.563105,37.890516],[-122.563108,37.890532],[-122.562604,37.891124],[-122.562412,37.891293],[-122.562262,37.891333],[-122.561957,37.89132],[-122.561744,37.891379],[-122.561518,37.891551],[-122.561192,37.891799],[-122.561194,37.8918],[-122.561195,37.8918],[-122.561608,37.891898],[-122.561609,37.891899],[-122.561619,37.891929],[-122.561619,37.89193],[-122.561592,37.892151],[-122.561593,37.892151],[-122.561593,37.892152],[-122.561764,37.892417],[-122.561764,37.892417],[-122.561764,37.892417],[-122.561783,37.892533],[-122.561795,37.892608],[-122.561795,37.892609],[-122.561778,37.8927],[-122.561764,37.89277],[-122.561604,37.893062],[-122.561566,37.893198],[-122.561566,37.893199],[-122.561598,37.893343],[-122.561596,37.893374],[-122.561576,37.893761],[-122.56161,37.894031],[-122.56161,37.894032],[-122.561611,37.894032],[-122.561791,37.894326],[-122.561791,37.894327],[-122.561859,37.895546],[-122.561743,37.895646],[-122.561739,37.895697],[-122.561739,37.895698],[-122.56173,37.895846],[-122.56173,37.895846],[-122.561729,37.895846],[-122.561641,37.89584],[-122.56164,37.89584],[-122.561357,37.895821],[-122.561342,37.895959],[-122.561342,37.895959],[-122.561312,37.896258],[-122.561297,37.896405],[-122.561195,37.896363],[-122.561195,37.896363],[-122.56112,37.896332],[-122.561133,37.896096],[-122.560951,37.895856]]]},"properties":{"prop_id":"199-080-16","situsforma":"700 CAMINO DEL CANON","situsfor_2":"700 CAMINO DEL CANON  MILL VALLEY"}},{"type":"Feature","geometry":{"type":"Polygon","coordinates":[[[-122.562238,37.910301],[-122.562198,37.910196],[-122.562124,37.910003],[-122.563081,37.909527],[-122.563186,37.909571],[-122.563165,37.909656],[-122.563242,37.909791],[-122.562238,37.910301]]]},"properties":{"prop_id":"027-161-10","situsforma":"382 MONTE VISTA AVE","situsfor_2":"382 MONTE VISTA AVE  MILL VALLEY"}},{"type":"Feature","geometry":{"type":"Polygon","coordinates":[[[-122.561944,37.900207],[-122.561845,37.900172],[-122.561733,37.900091],[-122.562009,37.900015],[-122.561982,37.899943],[-122.561928,37.899799],[-122.562425,37.899685],[-122.562528,37.899987],[-122.56269,37.899953],[-122.562271,37.90026],[-122.561944,37.900207]]]},"properties":{"prop_id":"046-171-02","situsforma":"169 LONE TREE AVE","situsfor_2":"169 LONE TREE AVE  MILL VALLEY"}},{"type":"Feature","geometry":{"type":"Polygon","coordinates":[[[-122.549592,37.912695],[-122.549394,37.912519],[-122.549682,37.912333],[-122.549875,37.912511],[-122.549592,37.912695]]]},"properties":{"prop_id":"029-043-37","situsforma":"176 W BLITHEDALE AVE","situsfor_2":"176 W BLITHEDALE AVE  MILL VALLEY"}},{"type":"Feature","geometry":{"type":"Polygon","coordinates":[[[-122.561514,37.898004],[-122.561569,37.897885],[-122.561733,37.89803],[-122.56181,37.898034],[-122.561932,37.898359],[-122.561675,37.898419],[-122.561514,37.898004]]]},"properties":{"prop_id":"046-222-10","situsforma":"348 PANORAMIC HWY","situsfor_2":"348 PANORAMIC HWY  MILL VALLEY"}},{"type":"Feature","geometry":{"type":"Polygon","coordinates":[[[-122.536672,37.899547],[-122.5366,37.899598],[-122.536505,37.899664],[-122.536356,37.899532],[-122.536349,37.899526],[-122.536366,37.899515],[-122.536288,37.899435],[-122.536263,37.899381],[-122.536427,37.899326],[-122.536562,37.899448],[-122.536672,37.899547]]]},"properties":{"prop_id":"030-052-08","situsforma":"41 LOCUST AVE","situsfor_2":"41 LOCUST AVE  MILL VALLEY"}},{"type":"Feature","geometry":{"type":"Polygon","coordinates":[[[-122.543511,37.910947],[-122.543418,37.911019],[-122.54314,37.910882],[-122.543358,37.910718],[-122.543419,37.910785],[-122.54342,37.910786],[-122.543511,37.910947]]]},"properties":{"prop_id":"029-073-04","situsforma":"103 BOLSA AVE","situsfor_2":"103 BOLSA AVE  MILL VALLEY"}},{"type":"Feature","geometry":{"type":"Polygon","coordinates":[[[-122.557856,37.905523],[-122.55803,37.905327],[-122.558232,37.905259],[-122.558199,37.905187],[-122.558202,37.905091],[-122.558255,37.905075],[-122.558381,37.905038],[-122.558388,37.905085],[-122.558371,37.905166],[-122.558424,37.905542],[-122.558277,37.905543],[-122.558245,37.905685],[-122.558241,37.9057],[-122.557856,37.905523]]]},"properties":{"prop_id":"028-083-15","situsforma":"200 HAZEL AVE","situsfor_2":"200 HAZEL AVE  MILL VALLEY"}},{"type":"Feature","geometry":{"type":"Polygon","coordinates":[[[-122.553964,37.919661],[-122.553952,37.919232],[-122.553862,37.918972],[-122.553837,37.918972],[-122.553809,37.918574],[-122.553832,37.918571],[-122.553842,37.918509],[-122.553917,37.91843],[-122.553938,37.918408],[-122.55417,37.918173],[-122.554789,37.918159],[-122.554645,37.918239],[-122.554286,37.918563],[-122.554263,37.918584],[-122.554275,37.918604],[-122.554112,37.91865],[-122.554051,37.918951],[-122.554281,37.919288],[-122.554197,37.919841],[-122.554341,37.920027],[-122.554743,37.920315],[-122.555245,37.920674],[-122.555275,37.920696],[-122.555404,37.920787],[-122.555268,37.920898],[-122.555084,37.920872],[-122.554756,37.920612],[-122.554012,37.920175],[-122.553925,37.919957],[-122.553964,37.919661]]]},"properties":{"prop_id":"027-271-01","situsforma":"","situsfor_2":""}},{"type":"Feature","geometry":{"type":"Polygon","coordinates":[[[-122.544358,37.899097],[-122.544512,37.898665],[-122.544664,37.898727],[-122.544962,37.899024],[-122.544545,37.899145],[-122.544495,37.89915],[-122.544462,37.899169],[-122.544453,37.899172],[-122.544448,37.899163],[-122.544447,37.899162],[-122.544447,37.899161],[-122.544441,37.899152],[-122.544441,37.899152],[-122.54444,37.899151],[-122.544434,37.899143],[-122.544434,37.899142],[-122.544433,37.899142],[-122.544433,37.899142],[-122.544426,37.899134],[-122.544425,37.899133],[-122.544424,37.899133],[-122.544416,37.899126],[-122.544415,37.899125],[-122.544415,37.899125],[-122.544406,37.899118],[-122.544405,37.899118],[-122.544404,37.899117],[-122.544395,37.899112],[-122.544394,37.899111],[-122.544392,37.89911],[-122.544382,37.899105],[-122.544382,37.899105],[-122.544382,37.899105],[-122.544381,37.899105],[-122.54437,37.899101],[-122.544369,37.8991],[-122.544368,37.8991],[-122.544358,37.899097]]]},"properties":{"prop_id":"047-124-41","situsforma":"312 CAPE CT","situsfor_2":"312 CAPE CT  MILL VALLEY"}},{"type":"Feature","geometry":{"type":"Polygon","coordinates":[[[-122.560609,37.91762],[-122.560643,37.917639],[-122.560638,37.917885],[-122.560362,37.917994],[-122.560218,37.91815],[-122.56023,37.918371],[-122.56023,37.918381],[-122.560229,37.918395],[-122.560227,37.918409],[-122.560224,37.918423],[-122.560218,37.918436],[-122.560211,37.918449],[-122.560203,37.91846],[-122.560193,37.918472],[-122.560182,37.918482],[-122.56017,37.918492],[-122.560156,37.9185],[-122.560142,37.918508],[-122.560127,37.918515],[-122.56011,37.91852],[-122.560103,37.918522],[-122.560086,37.918525],[-122.560068,37.918527],[-122.560051,37.918528],[-122.560033,37.918528],[-122.560015,37.918527],[-122.559998,37.918525],[-122.559981,37.918523],[-122.55997,37.91852],[-122.559848,37.918347],[-122.55988,37.917696],[-122.560332,37.917688],[-122.560468,37.917545],[-122.560609,37.91762]]]},"properties":{"prop_id":"027-031-22","situsforma":"666 SUMMIT AVE","situsfor_2":"666 SUMMIT AVE  MILL VALLEY"}},{"type":"Feature","geometry":{"type":"Polygon","coordinates":[[[-122.544382,37.905803],[-122.544543,37.905655],[-122.54465,37.905718],[-122.544377,37.906006],[-122.544193,37.906005],[-122.544193,37.905977],[-122.544382,37.905803]]]},"properties":{"prop_id":"028-021-02","situsforma":"68 SUNNYSIDE AVE","situsfor_2":"68 SUNNYSIDE AVE  MILL VALLEY"}},{"type":"Feature","geometry":{"type":"Polygon","coordinates":[[[-122.546957,37.900556],[-122.546926,37.900196],[-122.546944,37.900191],[-122.547138,37.900131],[-122.547151,37.900562],[-122.546957,37.900556]]]},"properties":{"prop_id":"028-166-01","situsforma":"6 PIMLOTT LN","situsfor_2":"6 PIMLOTT LN  MILL VALLEY"}},{"type":"Feature","geometry":{"type":"Polygon","coordinates":[[[-122.542089,37.903034],[-122.542101,37.903029],[-122.542197,37.9031],[-122.542322,37.903191],[-122.542319,37.903197],[-122.542248,37.903312],[-122.541471,37.903442],[-122.541468,37.903309],[-122.541602,37.903258],[-122.541667,37.903203],[-122.542089,37.903034]]]},"properties":{"prop_id":"028-034-31","situsforma":"20 SYCAMORE AVE","situsfor_2":"20 SYCAMORE AVE  MILL VALLEY"}},{"type":"Feature","geometry":{"type":"Polygon","coordinates":[[[-122.568219,37.902198],[-122.568177,37.902141],[-122.568451,37.901977],[-122.568457,37.901985],[-122.568705,37.901854],[-122.568707,37.901856],[-122.568831,37.901954],[-122.568582,37.902105],[-122.568279,37.902252],[-122.568219,37.902198]]]},"properties":{"prop_id":"045-151-04","situsforma":"","situsfor_2":""}},{"type":"Feature","geometry":{"type":"Polygon","coordinates":[[[-122.565146,37.904151],[-122.565068,37.903994],[-122.564883,37.904169],[-122.564731,37.904239],[-122.564398,37.904311],[-122.564221,37.904329],[-122.563922,37.904311],[-122.563546,37.904368],[-122.563499,37.904351],[-122.56347,37.904288],[-122.56347,37.90398],[-122.563589,37.903788],[-122.563641,37.903636],[-122.563708,37.903607],[-122.563958,37.903253],[-122.563775,37.903325],[-122.563774,37.903325],[-122.56382,37.903064],[-122.563881,37.903011],[-122.563881,37.903011],[-122.563909,37.902988],[-122.564302,37.902679],[-122.564765,37.903053],[-122.564249,37.903545],[-122.564786,37.903905],[-122.564786,37.903905],[-122.564939,37.903761],[-122.565044,37.903661],[-122.565222,37.903493],[-122.565414,37.903313],[-122.565415,37.903312],[-122.565567,37.90317],[-122.565567,37.90317],[-122.565567,37.903171],[-122.565575,37.903437],[-122.565589,37.903871],[-122.56559,37.903871],[-122.56559,37.903871],[-122.566067,37.903809],[-122.566067,37.903809],[-122.566067,37.903809],[-122.566195,37.903817],[-122.566213,37.903818],[-122.566216,37.903819],[-122.566387,37.903829],[-122.566779,37.903957],[-122.566794,37.903962],[-122.566865,37.903985],[-122.565561,37.904427],[-122.565409,37.904215],[-122.565146,37.904151]]]},"properties":{"prop_id":"046-320-01","situsforma":"","situsfor_2":""}},{"type":"Feature","geometry":{"type":"Polygon","coordinates":[[[-122.549711,37.915006],[-122.549904,37.91462],[-122.549961,37.914641],[-122.550019,37.914662],[-122.550067,37.91468],[-122.550448,37.914693],[-122.550635,37.914834],[-122.550636,37.914888],[-122.550517,37.914872],[-122.550457,37.91487],[-122.550325,37.914866],[-122.550008,37.914915],[-122.549913,37.915189],[-122.549863,37.915063],[-122.549711,37.915006]]]},"properties":{"prop_id":"029-024-54","situsforma":"206 ELDRIDGE AVE","situsfor_2":"206 ELDRIDGE AVE  MILL VALLEY"}},{"type":"Feature","geometry":{"type":"Polygon","coordinates":[[[-122.552452,37.916931],[-122.55267,37.916845],[-122.552654,37.917032],[-122.552643,37.917036],[-122.552666,37.9171],[-122.552405,37.917167],[-122.552263,37.916983],[-122.552452,37.916931]]]},"properties":{"prop_id":"027-091-13","situsforma":"361 ELDRIDGE AVE","situsfor_2":"361 ELDRIDGE AVE  MILL VALLEY"}},{"type":"Feature","geometry":{"type":"Polygon","coordinates":[[[-122.539355,37.904656],[-122.53941,37.904612],[-122.539657,37.904612],[-122.539748,37.904944],[-122.539612,37.904953],[-122.539355,37.904656]]]},"properties":{"prop_id":"029-193-13","situsforma":"25 EUTERPE ST","situsfor_2":"25 EUTERPE ST  MILL VALLEY"}},{"type":"Feature","geometry":{"type":"Polygon","coordinates":[[[-122.557302,37.903964],[-122.557514,37.904045],[-122.557722,37.904121],[-122.557595,37.904386],[-122.557428,37.904396],[-122.557339,37.904368],[-122.557273,37.904148],[-122.557302,37.903964]]]},"properties":{"prop_id":"028-123-17","situsforma":"155 HAZEL AVE","situsfor_2":"155 HAZEL AVE  MILL VALLEY"}},{"type":"Feature","geometry":{"type":"Polygon","coordinates":[[[-122.532278,37.894526],[-122.532314,37.894487],[-122.532366,37.894517],[-122.532329,37.894556],[-122.532278,37.894526]]]},"properties":{"prop_id":"030-481-16","situsforma":"18 TAMALPAIS COMMONS LN","situsfor_2":"18 TAMALPAIS COMMONS LN  MILL VALLEY"}},{"type":"Feature","geometry":{"type":"Polygon","coordinates":[[[-122.546677,37.909979],[-122.546671,37.910132],[-122.546879,37.910293],[-122.546534,37.91044],[-122.546391,37.910214],[-122.546344,37.910084],[-122.546677,37.909979]]]},"properties":{"prop_id":"029-067-08","situsforma":"1 ROOSEVELT AVE","situsfor_2":"1 ROOSEVELT AVE  MILL VALLEY"}},{"type":"Feature","geometry":{"type":"Polygon","coordinates":[[[-122.53231,37.895022],[-122.532426,37.894897],[-122.532437,37.894903],[-122.532472,37.894865],[-122.532532,37.8949],[-122.532385,37.895058],[-122.532309,37.895022],[-122.53231,37.895022]]]},"properties":{"prop_id":"030-481-17","situsforma":"1 TAMALPAIS COMMONS LN","situsfor_2":"1 TAMALPAIS COMMONS LN  MILL VALLEY"}},{"type":"Feature","geometry":{"type":"Polygon","coordinates":[[[-122.541938,37.910386],[-122.541922,37.910371],[-122.541723,37.910188],[-122.541951,37.909925],[-122.541975,37.910024],[-122.542127,37.910166],[-122.541938,37.910386]]]},"properties":{"prop_id":"029-073-11","situsforma":"219 OAKDALE AVE","situsfor_2":"219 OAKDALE AVE  MILL VALLEY"}},{"type":"Feature","geometry":{"type":"Polygon","coordinates":[[[-122.556945,37.915382],[-122.556853,37.915399],[-122.556767,37.915296],[-122.556805,37.915222],[-122.557151,37.914975],[-122.557156,37.914995],[-122.557254,37.915327],[-122.556962,37.915379],[-122.556945,37.915382]]]},"properties":{"prop_id":"027-113-02","situsforma":"101 RALSTON AVE","situsfor_2":"101 RALSTON AVE  MILL VALLEY"}},{"type":"Feature","geometry":{"type":"Polygon","coordinates":[[[-122.562693,37.910454],[-122.563304,37.910086],[-122.563305,37.910145],[-122.56348,37.910336],[-122.563005,37.91072],[-122.562693,37.910454]]]},"properties":{"prop_id":"027-161-14","situsforma":"400 MONTE VISTA AVE","situsfor_2":"400 MONTE VISTA AVE  MILL VALLEY"}},{"type":"Feature","geometry":{"type":"Polygon","coordinates":[[[-122.548944,37.906469],[-122.548982,37.906443],[-122.548995,37.906456],[-122.549042,37.906424],[-122.549074,37.906454],[-122.549065,37.90646],[-122.548988,37.90651],[-122.548944,37.906469]]]},"properties":{"prop_id":"028-331-04","situsforma":"29 LOVELL AVE","situsfor_2":"29 LOVELL AVE  MILL VALLEY"}},{"type":"Feature","geometry":{"type":"Polygon","coordinates":[[[-122.534079,37.902799],[-122.534282,37.902557],[-122.53439,37.902611],[-122.534212,37.902849],[-122.534079,37.902799]]]},"properties":{"prop_id":"030-012-12","situsforma":"431 E BLITHEDALE AVE","situsfor_2":"431 E BLITHEDALE AVE  MILL VALLEY"}},{"type":"Feature","geometry":{"type":"Polygon","coordinates":[[[-122.549407,37.906302],[-122.549546,37.906217],[-122.549652,37.906321],[-122.549518,37.906409],[-122.549407,37.906302]]]},"properties":{"prop_id":"028-056-11","situsforma":"45 LOVELL AVE","situsfor_2":"45 LOVELL AVE  MILL VALLEY"}},{"type":"Feature","geometry":{"type":"Polygon","coordinates":[[[-122.553334,37.903818],[-122.55305,37.903684],[-122.553114,37.903596],[-122.553269,37.903594],[-122.553448,37.903665],[-122.553334,37.903818]]]},"properties":{"prop_id":"028-132-12","situsforma":"","situsfor_2":""}},{"type":"Feature","geometry":{"type":"Polygon","coordinates":[[[-122.540984,37.903503],[-122.54133,37.9035],[-122.541333,37.90373],[-122.540993,37.903724],[-122.540984,37.903503]]]},"properties":{"prop_id":"028-032-33","situsforma":"260 E BLITHEDALE AVE","situsfor_2":"260 E BLITHEDALE AVE  MILL VALLEY"}},{"type":"Feature","geometry":{"type":"Polygon","coordinates":[[[-122.539282,37.895014],[-122.539454,37.895051],[-122.539379,37.895273],[-122.539237,37.895238],[-122.539282,37.895014]]]},"properties":{"prop_id":"047-224-01","situsforma":"199 EVERGREEN AVE","situsfor_2":"199 EVERGREEN AVE  MILL VALLEY"}},{"type":"Feature","geometry":{"type":"Polygon","coordinates":[[[-122.535461,37.899333],[-122.53548,37.899321],[-122.535584,37.899245],[-122.535869,37.899485],[-122.53574,37.899582],[-122.535461,37.899333]]]},"properties":{"prop_id":"030-054-05","situsforma":"56 LOCUST AVE","situsfor_2":"56 LOCUST AVE  MILL VALLEY"}},{"type":"Feature","geometry":{"type":"Polygon","coordinates":[[[-122.53031,37.898852],[-122.530365,37.898751],[-122.530365,37.89875],[-122.530366,37.898748],[-122.530387,37.8987],[-122.53076,37.898937],[-122.530699,37.898994],[-122.53031,37.898852]]]},"properties":{"prop_id":"030-043-29","situsforma":"71 RYAN AVE","situsfor_2":"71 RYAN AVE  MILL VALLEY"}},{"type":"Feature","geometry":{"type":"Polygon","coordinates":[[[-122.547841,37.913439],[-122.547871,37.913487],[-122.547882,37.913561],[-122.547921,37.913574],[-122.547866,37.91372],[-122.547813,37.913753],[-122.547811,37.913752],[-122.547627,37.913608],[-122.547613,37.913557],[-122.54758,37.913529],[-122.547841,37.913439]]]},"properties":{"prop_id":"029-032-48","situsforma":"21 BLITHEDALE TER","situsfor_2":"21 BLITHEDALE TER  MILL VALLEY"}},{"type":"Feature","geometry":{"type":"Polygon","coordinates":[[[-122.545138,37.907658],[-122.545027,37.907646],[-122.544831,37.907698],[-122.544769,37.90748],[-122.545185,37.907479],[-122.545138,37.907658]]]},"properties":{"prop_id":"029-102-17","situsforma":"100 HILLSIDE AVE","situsfor_2":"100 HILLSIDE AVE  MILL VALLEY"}},{"type":"Feature","geometry":{"type":"Polygon","coordinates":[[[-122.565546,37.918039],[-122.565292,37.917967],[-122.565073,37.918044],[-122.565053,37.918025],[-122.565018,37.917682],[-122.564747,37.917311],[-122.564623,37.917264],[-122.564414,37.917276],[-122.564473,37.916942],[-122.56442,37.9163],[-122.564751,37.916209],[-122.56481,37.916374],[-122.564913,37.916878],[-122.564973,37.916933],[-122.564997,37.916955],[-122.565059,37.917011],[-122.565489,37.917242],[-122.565459,37.916946],[-122.565539,37.91686],[-122.565636,37.91679],[-122.565652,37.916777],[-122.565676,37.916775],[-122.565723,37.916803],[-122.565898,37.916907],[-122.565963,37.916615],[-122.565991,37.916542],[-122.566058,37.916476],[-122.566517,37.916626],[-122.566505,37.91665],[-122.566475,37.916851],[-122.566541,37.917026],[-122.566412,37.917083],[-122.566315,37.91718],[-122.566465,37.91741],[-122.566467,37.917466],[-122.566321,37.917481],[-122.566246,37.917743],[-122.566304,37.917925],[-122.566328,37.918511],[-122.566487,37.918688],[-122.566495,37.918721],[-122.566416,37.918707],[-122.566111,37.91857],[-122.565999,37.918399],[-122.56577,37.918155],[-122.565546,37.918039]]]},"properties":{"prop_id":"027-063-03","situsforma":"","situsfor_2":""}},{"type":"Feature","geometry":{"type":"Polygon","coordinates":[[[-122.53944,37.897233],[-122.539471,37.897165],[-122.539528,37.897103],[-122.539804,37.897204],[-122.539685,37.897396],[-122.53944,37.897233]]]},"properties":{"prop_id":"028-203-14","situsforma":"15 ROBERTSON TER","situsfor_2":"15 ROBERTSON TER  MILL VALLEY"}},{"type":"Feature","geometry":{"type":"Polygon","coordinates":[[[-122.54324,37.904196],[-122.543278,37.904143],[-122.543597,37.904293],[-122.543495,37.904435],[-122.543334,37.904363],[-122.543332,37.904362],[-122.543173,37.904291],[-122.543181,37.90428],[-122.54324,37.904196]]]},"properties":{"prop_id":"028-026-10","situsforma":"16 GROVE ST","situsfor_2":"16 GROVE ST  MILL VALLEY"}},{"type":"Feature","geometry":{"type":"Polygon","coordinates":[[[-122.561969,37.925088],[-122.561874,37.925082],[-122.561361,37.925106],[-122.561315,37.925104],[-122.561268,37.925105],[-122.561221,37.925109],[-122.561174,37.925117],[-122.561128,37.925128],[-122.561102,37.925136],[-122.560935,37.925169],[-122.560906,37.925175],[-122.560842,37.925185],[-122.560778,37.92519],[-122.560734,37.925198],[-122.56069,37.925201],[-122.560646,37.925199],[-122.560603,37.925193],[-122.560562,37.925182],[-122.560579,37.924943],[-122.560612,37.924506],[-122.560611,37.924506],[-122.560461,37.924503],[-122.560417,37.924502],[-122.560217,37.924499],[-122.560217,37.924499],[-122.560016,37.924421],[-122.560015,37.924421],[-122.559741,37.924466],[-122.559741,37.924465],[-122.559827,37.924389],[-122.559793,37.924362],[-122.559808,37.924356],[-122.560533,37.924036],[-122.56134,37.92421],[-122.561346,37.924183],[-122.561553,37.924229],[-122.56211,37.924019],[-122.562255,37.924219],[-122.562296,37.924262],[-122.562341,37.924303],[-122.562391,37.924341],[-122.562445,37.924375],[-122.562502,37.924405],[-122.562563,37.924431],[-122.562626,37.924453],[-122.562691,37.92447],[-122.562758,37.924483],[-122.562826,37.924491],[-122.562895,37.924494],[-122.562963,37.924493],[-122.563032,37.924487],[-122.563099,37.924476],[-122.563165,37.92446],[-122.563178,37.924457],[-122.563402,37.924411],[-122.563405,37.92441],[-122.563412,37.924409],[-122.563419,37.924408],[-122.563427,37.924408],[-122.563434,37.924408],[-122.563442,37.924409],[-122.563449,37.92441],[-122.563456,37.924411],[-122.563463,37.924414],[-122.563469,37.924416],[-122.563476,37.924419],[-122.563482,37.924423],[-122.563487,37.924427],[-122.563492,37.924431],[-122.563497,37.924436],[-122.563501,37.924441],[-122.563504,37.924446],[-122.563507,37.924451],[-122.56351,37.924457],[-122.563511,37.924463],[-122.563512,37.924469],[-122.563513,37.924474],[-122.563512,37.92448],[-122.563511,37.924486],[-122.56351,37.924492],[-122.563508,37.924498],[-122.563505,37.924503],[-122.563502,37.924508],[-122.563498,37.924513],[-122.563493,37.924518],[-122.563488,37.924522],[-122.563483,37.924526],[-122.563477,37.92453],[-122.563471,37.924533],[-122.563085,37.924704],[-122.563048,37.924721],[-122.563012,37.92474],[-122.562979,37.924762],[-122.562949,37.924786],[-122.562921,37.924812],[-122.562896,37.92484],[-122.562875,37.92487],[-122.562856,37.924901],[-122.562842,37.924933],[-122.56283,37.924966],[-122.562823,37.924999],[-122.562819,37.925033],[-122.562819,37.925068],[-122.562823,37.925102],[-122.56283,37.925135],[-122.562841,37.925168],[-122.562845,37.925176],[-122.562843,37.925182],[-122.562841,37.925192],[-122.562837,37.925202],[-122.562832,37.925211],[-122.562827,37.92522],[-122.56282,37.925229],[-122.562812,37.925237],[-122.562804,37.925244],[-122.562794,37.925251],[-122.562784,37.925257],[-122.562774,37.925263],[-122.562762,37.925268],[-122.562751,37.925272],[-122.562739,37.925275],[-122.562726,37.925277],[-122.562714,37.925278],[-122.562701,37.925279],[-122.562688,37.925279],[-122.562676,37.925277],[-122.562663,37.925275],[-122.562651,37.925272],[-122.562639,37.925269],[-122.562628,37.925264],[-122.562617,37.925259],[-122.562607,37.925253],[-122.562597,37.925246],[-122.562521,37.925214],[-122.562452,37.925185],[-122.562379,37.92516],[-122.562317,37.925143],[-122.562121,37.925107],[-122.561969,37.925088]]]},"properties":{"prop_id":"027-011-01","situsforma":"","situsfor_2":""}},{"type":"Feature","geometry":{"type":"Polygon","coordinates":[[[-122.560394,37.905813],[-122.560698,37.90591],[-122.560887,37.905878],[-122.561039,37.906124],[-122.560901,37.906259],[-122.560809,37.906274],[-122.560679,37.906245],[-122.560474,37.906109],[-122.560394,37.905813]]]},"properties":{"prop_id":"027-244-01","situsforma":"300 HAZEL AVE","situsfor_2":"300 HAZEL AVE  MILL VALLEY"}},{"type":"Feature","geometry":{"type":"Polygon","coordinates":[[[-122.543208,37.898466],[-122.543365,37.898359],[-122.54333,37.898488],[-122.543251,37.898773],[-122.543135,37.898517],[-122.543208,37.898466]]]},"properties":{"prop_id":"028-191-24","situsforma":"47 JANES ST A","situsfor_2":"47 JANES ST A MILL VALLEY"}},{"type":"Feature","geometry":{"type":"Polygon","coordinates":[[[-122.554595,37.916384],[-122.554415,37.916554],[-122.554198,37.916433],[-122.55421,37.916285],[-122.554605,37.916171],[-122.554595,37.916384]]]},"properties":{"prop_id":"027-081-10","situsforma":"25 ROWAN WAY","situsfor_2":"25 ROWAN WAY  MILL VALLEY"}},{"type":"Feature","geometry":{"type":"Polygon","coordinates":[[[-122.561162,37.906781],[-122.56119,37.906718],[-122.5612,37.906727],[-122.561347,37.906869],[-122.561194,37.906967],[-122.561025,37.907073],[-122.560944,37.906941],[-122.560964,37.906938],[-122.560965,37.906938],[-122.560965,37.906938],[-122.560965,37.906938],[-122.560984,37.906934],[-122.560985,37.906933],[-122.560985,37.906933],[-122.560985,37.906933],[-122.561003,37.906928],[-122.561004,37.906928],[-122.561004,37.906928],[-122.561021,37.906921],[-122.561022,37.906921],[-122.561023,37.90692],[-122.561039,37.906913],[-122.56104,37.906913],[-122.561041,37.906912],[-122.561056,37.906904],[-122.561057,37.906903],[-122.561058,37.906903],[-122.561072,37.906893],[-122.561073,37.906893],[-122.561073,37.906892],[-122.561086,37.906882],[-122.561087,37.906881],[-122.561088,37.906881],[-122.5611,37.90687],[-122.561101,37.906869],[-122.561101,37.906868],[-122.561109,37.90686],[-122.561122,37.906848],[-122.561122,37.906847],[-122.561122,37.906847],[-122.561123,37.906846],[-122.561134,37.906834],[-122.561134,37.906833],[-122.561135,37.906832],[-122.561144,37.906819],[-122.561145,37.906819],[-122.561148,37.906814],[-122.561162,37.906781]]]},"properties":{"prop_id":"027-235-14","situsforma":"48 MARION AVE","situsfor_2":"48 MARION AVE  MILL VALLEY"}},{"type":"Feature","geometry":{"type":"Polygon","coordinates":[[[-122.547154,37.926624],[-122.547171,37.927201],[-122.546446,37.927204],[-122.54643,37.926628],[-122.547154,37.926624]]]},"properties":{"prop_id":"021-240-18","situsforma":"","situsfor_2":""}},{"type":"Feature","geometry":{"type":"Polygon","coordinates":[[[-122.547836,37.898827],[-122.547808,37.899272],[-122.547726,37.899222],[-122.547406,37.898956],[-122.547139,37.898857],[-122.547636,37.898989],[-122.547669,37.898884],[-122.547836,37.898827]]]},"properties":{"prop_id":"047-131-08","situsforma":"","situsfor_2":""}},{"type":"Feature","geometry":{"type":"Polygon","coordinates":[[[-122.537987,37.894968],[-122.537976,37.894947],[-122.537978,37.894946],[-122.538045,37.894923],[-122.538114,37.894905],[-122.538215,37.895155],[-122.538189,37.895162],[-122.538128,37.895179],[-122.538127,37.89518],[-122.53811,37.895185],[-122.537987,37.894968]]]},"properties":{"prop_id":"048-012-05","situsforma":"117 EVERGREEN AVE","situsfor_2":"117 EVERGREEN AVE  MILL VALLEY"}},{"type":"Feature","geometry":{"type":"Polygon","coordinates":[[[-122.540411,37.925246],[-122.54042,37.925524],[-122.540247,37.925524],[-122.540238,37.925247],[-122.540411,37.925246]]]},"properties":{"prop_id":"021-250-05","situsforma":"","situsfor_2":""}},{"type":"Feature","geometry":{"type":"Polygon","coordinates":[[[-122.5371,37.899385],[-122.537443,37.89915],[-122.537555,37.89925],[-122.537307,37.899425],[-122.537287,37.899417],[-122.537286,37.899417],[-122.537286,37.899417],[-122.537286,37.899417],[-122.537265,37.899411],[-122.537265,37.89941],[-122.537264,37.89941],[-122.537264,37.89941],[-122.537243,37.899405],[-122.537242,37.899405],[-122.537242,37.899405],[-122.537241,37.899405],[-122.537219,37.899402],[-122.537219,37.899401],[-122.537218,37.899401],[-122.537197,37.899399],[-122.537186,37.899399],[-122.537162,37.899397],[-122.537161,37.899397],[-122.537159,37.899397],[-122.537137,37.899394],[-122.537135,37.899393],[-122.537134,37.899393],[-122.537111,37.899388],[-122.5371,37.899385]]]},"properties":{"prop_id":"030-053-03","situsforma":"170 SYCAMORE AVE","situsfor_2":"170 SYCAMORE AVE  MILL VALLEY"}},{"type":"Feature","geometry":{"type":"Polygon","coordinates":[[[-122.555874,37.90859],[-122.555872,37.908553],[-122.556178,37.908685],[-122.556318,37.908819],[-122.5562,37.908925],[-122.556197,37.908929],[-122.556157,37.908964],[-122.556105,37.909012],[-122.555888,37.908891],[-122.555884,37.908889],[-122.555874,37.90859]]]},"properties":{"prop_id":"027-221-40","situsforma":"240 LOVELL AVE","situsfor_2":"240 LOVELL AVE  MILL VALLEY"}},{"type":"Feature","geometry":{"type":"Polygon","coordinates":[[[-122.560223,37.925609],[-122.560223,37.925608],[-122.560234,37.925589],[-122.560247,37.925571],[-122.560262,37.925553],[-122.560279,37.925537],[-122.560298,37.925521],[-122.560318,37.925507],[-122.56034,37.925494],[-122.560364,37.925482],[-122.560388,37.925472],[-122.560413,37.925464],[-122.560439,37.925457],[-122.560466,37.925452],[-122.560493,37.925449],[-122.56052,37.925447],[-122.560539,37.925452],[-122.560585,37.925463],[-122.560636,37.925469],[-122.560692,37.92547],[-122.560751,37.925466],[-122.56083,37.925464],[-122.560909,37.925456],[-122.560986,37.925442],[-122.561022,37.925434],[-122.561206,37.925397],[-122.56121,37.925395],[-122.561228,37.925388],[-122.561246,37.925384],[-122.561265,37.92538],[-122.561284,37.925378],[-122.561303,37.925377],[-122.561322,37.925378],[-122.561341,37.92538],[-122.561878,37.925356],[-122.561944,37.925362],[-122.562049,37.925376],[-122.56224,37.925411],[-122.562244,37.925412],[-122.562282,37.925424],[-122.562319,37.925438],[-122.562355,37.925454],[-122.562447,37.925491],[-122.562484,37.92551],[-122.562522,37.925526],[-122.562561,37.925539],[-122.562602,37.92555],[-122.562644,37.925558],[-122.562686,37.925563],[-122.562728,37.925565],[-122.56277,37.925565],[-122.562811,37.925561],[-122.56285,37.925554],[-122.562888,37.925544],[-122.562925,37.925532],[-122.562961,37.925517],[-122.562995,37.9255],[-122.563027,37.92548],[-122.563058,37.925458],[-122.563085,37.925434],[-122.563096,37.925423],[-122.563111,37.925408],[-122.563133,37.925381],[-122.563153,37.925352],[-122.56317,37.925322],[-122.563181,37.92529],[-122.563188,37.925258],[-122.563192,37.925225],[-122.563193,37.925191],[-122.563192,37.925159],[-122.563187,37.925126],[-122.563182,37.925105],[-122.56318,37.925102],[-122.563175,37.925093],[-122.563173,37.925089],[-122.563171,37.925083],[-122.563168,37.925073],[-122.563166,37.925063],[-122.563165,37.925053],[-122.563166,37.925043],[-122.563167,37.925033],[-122.56317,37.925023],[-122.563173,37.925013],[-122.563178,37.925003],[-122.563184,37.924994],[-122.563191,37.924986],[-122.563198,37.924977],[-122.563207,37.92497],[-122.563216,37.924963],[-122.563226,37.924956],[-122.563237,37.924951],[-122.563248,37.924946],[-122.563642,37.924773],[-122.563674,37.924757],[-122.563704,37.92474],[-122.563732,37.92472],[-122.563758,37.924698],[-122.563781,37.924674],[-122.563801,37.92465],[-122.563819,37.924623],[-122.563833,37.924596],[-122.563845,37.924567],[-122.563853,37.924538],[-122.563858,37.924509],[-122.56386,37.924479],[-122.563859,37.924449],[-122.563854,37.924419],[-122.563846,37.92439],[-122.563835,37.924361],[-122.563821,37.924333],[-122.563803,37.924306],[-122.563783,37.924281],[-122.56376,37.924256],[-122.563735,37.924234],[-122.563707,37.924214],[-122.563678,37.924196],[-122.563646,37.924179],[-122.563612,37.924165],[-122.563578,37.924154],[-122.563542,37.924145],[-122.563505,37.924138],[-122.563467,37.924134],[-122.56343,37.924133],[-122.563392,37.924134],[-122.563354,37.924138],[-122.563318,37.924144],[-122.563301,37.924148],[-122.563073,37.924195],[-122.563053,37.924201],[-122.563016,37.924209],[-122.562978,37.924215],[-122.56294,37.924219],[-122.562901,37.92422],[-122.562862,37.924218],[-122.562824,37.924213],[-122.562787,37.924206],[-122.56275,37.924196],[-122.562715,37.924184],[-122.562681,37.92417],[-122.562649,37.924153],[-122.562619,37.924134],[-122.562591,37.924113],[-122.562565,37.92409],[-122.562542,37.924065],[-122.562182,37.923567],[-122.562181,37.923565],[-122.562177,37.923561],[-122.562174,37.923557],[-122.562171,37.923552],[-122.562169,37.923547],[-122.562167,37.923543],[-122.562166,37.923538],[-122.562165,37.923533],[-122.562165,37.923528],[-122.562165,37.923523],[-122.562166,37.923518],[-122.562168,37.923513],[-122.56217,37.923508],[-122.562173,37.923503],[-122.562176,37.923499],[-122.562179,37.923495],[-122.562183,37.923491],[-122.562188,37.923487],[-122.56219,37.923485],[-122.562193,37.923484],[-122.562198,37.923481],[-122.562203,37.923478],[-122.562209,37.923476],[-122.562711,37.923381],[-122.562711,37.923381],[-122.562725,37.923375],[-122.56274,37.92337],[-122.562755,37.923366],[-122.56277,37.923363],[-122.562786,37.923362],[-122.562802,37.923361],[-122.562818,37.923361],[-122.562833,37.923363],[-122.562849,37.923366],[-122.562864,37.923369],[-122.562879,37.923374],[-122.562893,37.92338],[-122.562906,37.923386],[-122.562919,37.923394],[-122.562931,37.923402],[-122.562942,37.923411],[-122.562952,37.923421],[-122.562992,37.923447],[-122.563034,37.92347],[-122.563079,37.92349],[-122.563126,37.923506],[-122.563175,37.923519],[-122.563225,37.923529],[-122.563276,37.923536],[-122.563328,37.923538],[-122.563377,37.923538],[-122.563507,37.923532],[-122.563635,37.923518],[-122.563761,37.923495],[-122.563884,37.923464],[-122.564003,37.923424],[-122.564117,37.923377],[-122.564226,37.923322],[-122.564327,37.92326],[-122.564421,37.92319],[-122.56446,37.923156],[-122.564958,37.922563],[-122.564977,37.922537],[-122.564993,37.92251],[-122.565005,37.922482],[-122.565015,37.922453],[-122.565021,37.922424],[-122.565024,37.922395],[-122.565024,37.922365],[-122.565021,37.922336],[-122.565014,37.922307],[-122.565004,37.922278],[-122.564991,37.92225],[-122.564975,37.922223],[-122.564956,37.922198],[-122.564935,37.922174],[-122.56491,37.922152],[-122.564898,37.922143],[-122.564737,37.921982],[-122.564736,37.921979],[-122.564725,37.921949],[-122.564717,37.921918],[-122.564712,37.921886],[-122.564711,37.921855],[-122.564714,37.921823],[-122.564718,37.921791],[-122.564718,37.921759],[-122.564714,37.921728],[-122.564707,37.921696],[-122.564697,37.921666],[-122.564683,37.921636],[-122.564666,37.921607],[-122.564646,37.921579],[-122.564622,37.921553],[-122.564596,37.921529],[-122.564567,37.921507],[-122.564562,37.921503],[-122.564041,37.92118],[-122.563998,37.921163],[-122.563953,37.921148],[-122.563906,37.921137],[-122.563858,37.921128],[-122.56381,37.921123],[-122.563761,37.921122],[-122.563713,37.921123],[-122.563664,37.921128],[-122.563617,37.921137],[-122.563571,37.921148],[-122.563526,37.921163],[-122.563483,37.921181],[-122.563442,37.921202],[-122.563422,37.921214],[-122.56333,37.921297],[-122.563325,37.921302],[-122.563317,37.92131],[-122.563308,37.921318],[-122.563298,37.921324],[-122.563287,37.92133],[-122.563276,37.921336],[-122.563264,37.92134],[-122.563251,37.921344],[-122.563238,37.921347],[-122.563225,37.921349],[-122.563212,37.92135],[-122.563199,37.92135],[-122.563186,37.92135],[-122.563173,37.921348],[-122.56316,37.921346],[-122.562633,37.921273],[-122.562623,37.921272],[-122.562586,37.921267],[-122.56255,37.92126],[-122.562515,37.92125],[-122.562481,37.921238],[-122.562449,37.921223],[-122.562137,37.921111],[-122.56213,37.921107],[-122.562124,37.921101],[-122.562118,37.921095],[-122.562113,37.921089],[-122.562108,37.921082],[-122.562105,37.921075],[-122.562102,37.921068],[-122.5621,37.921061],[-122.562099,37.921053],[-122.562098,37.921046],[-122.562099,37.921038],[-122.5621,37.92103],[-122.562103,37.921023],[-122.562103,37.921023],[-122.562106,37.921013],[-122.56211,37.921003],[-122.562115,37.920993],[-122.562121,37.920984],[-122.562127,37.920975],[-122.562134,37.920966],[-122.562198,37.920923],[-122.562256,37.920867],[-122.56231,37.920795],[-122.562357,37.920718],[-122.562398,37.920662],[-122.562432,37.920604],[-122.562459,37.920544],[-122.562478,37.920483],[-122.562491,37.92042],[-122.562492,37.920405],[-122.562477,37.920238],[-122.56248,37.920234],[-122.562486,37.920224],[-122.562493,37.920215],[-122.562501,37.920206],[-122.56251,37.920197],[-122.562521,37.92019],[-122.562532,37.920182],[-122.562543,37.920176],[-122.562556,37.92017],[-122.562569,37.920165],[-122.562582,37.920162],[-122.562596,37.920159],[-122.56261,37.920157],[-122.562625,37.920156],[-122.562639,37.920156],[-122.562654,37.920157],[-122.562668,37.920159],[-122.562824,37.920224],[-122.56285,37.920245],[-122.562878,37.920265],[-122.562908,37.920283],[-122.56294,37.920299],[-122.562974,37.920312],[-122.563009,37.920322],[-122.563045,37.920331],[-122.563083,37.920336],[-122.563121,37.92034],[-122.563159,37.92034],[-122.563197,37.920338],[-122.563235,37.920333],[-122.563272,37.920326],[-122.563309,37.920316],[-122.563344,37.920303],[-122.563378,37.920289],[-122.56341,37.920272],[-122.563441,37.920253],[-122.563469,37.920232],[-122.563495,37.920209],[-122.563519,37.920184],[-122.563539,37.920158],[-122.563557,37.920131],[-122.563572,37.920103],[-122.563583,37.920074],[-122.563591,37.920045],[-122.563596,37.920015],[-122.563598,37.919985],[-122.563596,37.919955],[-122.563591,37.919926],[-122.563583,37.919897],[-122.563572,37.919869],[-122.563557,37.919842],[-122.56354,37.919817],[-122.563242,37.919518],[-122.563236,37.919514],[-122.563217,37.919501],[-122.563199,37.919487],[-122.563183,37.919471],[-122.563168,37.919454],[-122.563155,37.919437],[-122.563143,37.919418],[-122.563132,37.919402],[-122.563123,37.919385],[-122.563116,37.919367],[-122.563111,37.919348],[-122.563108,37.919329],[-122.563107,37.919309],[-122.563108,37.919288],[-122.563111,37.919268],[-122.563116,37.919247],[-122.56312,37.919204],[-122.563121,37.91916],[-122.563119,37.919108],[-122.563113,37.919058],[-122.563101,37.919016],[-122.563085,37.918975],[-122.563066,37.918942],[-122.563043,37.918913],[-122.563016,37.918887],[-122.562986,37.918862],[-122.562953,37.918841],[-122.562916,37.918822],[-122.562879,37.918803],[-122.562859,37.918792],[-122.562493,37.91866],[-122.56249,37.91866],[-122.562485,37.918659],[-122.56248,37.918658],[-122.562476,37.918657],[-122.562471,37.918655],[-122.562467,37.918653],[-122.562463,37.918651],[-122.562459,37.918648],[-122.562456,37.918645],[-122.562453,37.918642],[-122.56245,37.918639],[-122.562448,37.918635],[-122.562446,37.918632],[-122.562445,37.918628],[-122.562444,37.918624],[-122.562444,37.91862],[-122.562444,37.918616],[-122.562445,37.918612],[-122.562446,37.918608],[-122.562447,37.918604],[-122.562448,37.918603],[-122.56245,37.918599],[-122.562452,37.918595],[-122.562455,37.918592],[-122.562458,37.918588],[-122.562462,37.918585],[-122.562466,37.918582],[-122.56247,37.918579],[-122.562474,37.918576],[-122.562866,37.918424],[-122.562868,37.918423],[-122.562878,37.91842],[-122.562889,37.918419],[-122.562899,37.918418],[-122.56291,37.918419],[-122.562921,37.918421],[-122.562931,37.918423],[-122.562942,37.918427],[-122.562952,37.918432],[-122.562962,37.918438],[-122.562972,37.918444],[-122.562981,37.918452],[-122.562989,37.91846],[-122.562998,37.918469],[-122.563005,37.918479],[-122.563012,37.918489],[-122.563017,37.9185],[-122.563021,37.918511],[-122.563026,37.918523],[-122.56303,37.918534],[-122.563033,37.918546],[-122.563034,37.918559],[-122.563036,37.918681],[-122.563036,37.918687],[-122.563042,37.918734],[-122.563054,37.91878],[-122.563071,37.918825],[-122.563094,37.918867],[-122.563119,37.918902],[-122.56318,37.918959],[-122.563181,37.918959],[-122.563188,37.918963],[-122.563195,37.918968],[-122.563201,37.918974],[-122.563206,37.91898],[-122.56321,37.918986],[-122.563213,37.918992],[-122.563216,37.918999],[-122.563217,37.91901],[-122.563218,37.919021],[-122.563218,37.919032],[-122.563217,37.919043],[-122.563215,37.919054],[-122.563207,37.919163],[-122.563207,37.919182],[-122.563208,37.919212],[-122.563213,37.919241],[-122.563221,37.919268],[-122.563233,37.919294],[-122.563249,37.919317],[-122.563252,37.919321],[-122.563742,37.920033],[-122.563774,37.920064],[-122.563809,37.920092],[-122.563847,37.920118],[-122.563855,37.920122],[-122.563894,37.920144],[-122.563936,37.920162],[-122.56398,37.920177],[-122.564026,37.920189],[-122.564073,37.920198],[-122.56412,37.920204],[-122.564169,37.920206],[-122.564186,37.920206],[-122.564461,37.920183],[-122.564513,37.920176],[-122.564564,37.920165],[-122.564614,37.920151],[-122.564661,37.920135],[-122.564707,37.920115],[-122.564751,37.920092],[-122.564786,37.92007],[-122.56479,37.920067],[-122.564798,37.920062],[-122.564806,37.920057],[-122.564814,37.920053],[-122.564823,37.92005],[-122.564832,37.920047],[-122.564842,37.920045],[-122.564852,37.920044],[-122.564861,37.920043],[-122.564871,37.920043],[-122.564881,37.920044],[-122.56489,37.920046],[-122.564899,37.920048],[-122.564908,37.92005],[-122.564917,37.920054],[-122.564925,37.920058],[-122.564933,37.920062],[-122.56494,37.920067],[-122.564947,37.920073],[-122.564953,37.920079],[-122.564958,37.920086],[-122.564963,37.920092],[-122.564966,37.920099],[-122.565063,37.920265],[-122.565092,37.920302],[-122.565098,37.92031],[-122.565126,37.920347],[-122.565157,37.920381],[-122.565193,37.920413],[-122.565231,37.920443],[-122.565273,37.920469],[-122.565317,37.920493],[-122.565364,37.920513],[-122.565413,37.92053],[-122.565464,37.920543],[-122.565516,37.920553],[-122.565518,37.920554],[-122.565527,37.920555],[-122.565542,37.920557],[-122.565556,37.920561],[-122.565569,37.920566],[-122.565582,37.920571],[-122.565594,37.920578],[-122.565606,37.920585],[-122.565616,37.920593],[-122.565626,37.920602],[-122.565635,37.920612],[-122.565696,37.920665],[-122.565739,37.92069],[-122.565785,37.920712],[-122.565832,37.920731],[-122.565882,37.920746],[-122.565933,37.920758],[-122.565985,37.920766],[-122.566038,37.92077],[-122.566092,37.920771],[-122.566145,37.920768],[-122.566197,37.920761],[-122.566249,37.92075],[-122.566258,37.920747],[-122.566883,37.920628],[-122.567013,37.920614],[-122.567026,37.920613],[-122.567043,37.920613],[-122.56706,37.920614],[-122.567077,37.920616],[-122.567093,37.920619],[-122.567109,37.920623],[-122.567125,37.920628],[-122.56714,37.920634],[-122.567155,37.920641],[-122.567168,37.92065],[-122.567181,37.920659],[-122.567193,37.920669],[-122.567203,37.920679],[-122.567213,37.920691],[-122.567221,37.920703],[-122.567228,37.920716],[-122.567234,37.920729],[-122.567237,37.920741],[-122.567238,37.920742],[-122.567238,37.920742],[-122.567239,37.920743],[-122.567299,37.920823],[-122.567316,37.920846],[-122.567332,37.920867],[-122.567333,37.920868],[-122.567343,37.920882],[-122.56735,37.920891],[-122.567368,37.920912],[-122.56737,37.920914],[-122.567383,37.920926],[-122.567393,37.920936],[-122.567403,37.920943],[-122.567419,37.920956],[-122.567446,37.920974],[-122.567461,37.920982],[-122.567463,37.920983],[-122.567463,37.920983],[-122.567475,37.92099],[-122.567483,37.920993],[-122.567505,37.921003],[-122.567506,37.921004],[-122.567507,37.921004],[-122.567539,37.921016],[-122.567569,37.921024],[-122.567569,37.921024],[-122.567572,37.921025],[-122.567573,37.921025],[-122.567573,37.921025],[-122.5676,37.921031],[-122.567607,37.921032],[-122.567609,37.921033],[-122.567623,37.921035],[-122.567752,37.921057],[-122.567757,37.921058],[-122.567758,37.921058],[-122.567765,37.921059],[-122.567768,37.92106],[-122.567771,37.921061],[-122.56778,37.921062],[-122.567782,37.921063],[-122.567782,37.921063],[-122.567783,37.921063],[-122.567783,37.921063],[-122.567783,37.921063],[-122.567784,37.921063],[-122.567784,37.921063],[-122.567784,37.921063],[-122.567786,37.921064],[-122.567794,37.921066],[-122.567797,37.921066],[-122.567803,37.921068],[-122.567809,37.921069],[-122.56781,37.92107],[-122.567812,37.92107],[-122.567815,37.921071],[-122.567815,37.921071],[-122.567816,37.921072],[-122.567826,37.921075],[-122.567833,37.921077],[-122.567837,37.921078],[-122.567837,37.921079],[-122.567839,37.921079],[-122.567841,37.92108],[-122.567841,37.92108],[-122.567847,37.921082],[-122.567847,37.921083],[-122.567853,37.921085],[-122.567853,37.921085],[-122.567861,37.921088],[-122.567863,37.921089],[-122.567864,37.921089],[-122.567866,37.92109],[-122.567866,37.92109],[-122.567875,37.921095],[-122.567879,37.921097],[-122.567879,37.921097],[-122.567884,37.921099],[-122.567889,37.921102],[-122.567889,37.921102],[-122.567889,37.921102],[-122.567892,37.921103],[-122.567898,37.921107],[-122.567904,37.921111],[-122.567905,37.921111],[-122.56791,37.921114],[-122.567914,37.921116],[-122.567914,37.921116],[-122.567915,37.921117],[-122.567916,37.921118],[-122.567916,37.921118],[-122.567937,37.921132],[-122.568026,37.921212],[-122.568105,37.921282],[-122.568119,37.921293],[-122.568122,37.921296],[-122.568132,37.921303],[-122.568145,37.921312],[-122.568161,37.921322],[-122.568178,37.921331],[-122.568192,37.921339],[-122.5682,37.921342],[-122.568224,37.921353],[-122.568251,37.921363],[-122.568258,37.921366],[-122.568277,37.921371],[-122.568283,37.921373],[-122.568283,37.921373],[-122.568292,37.921375],[-122.568294,37.921376],[-122.568295,37.921376],[-122.568322,37.921382],[-122.568328,37.921383],[-122.568358,37.921387],[-122.568364,37.921388],[-122.568364,37.921388],[-122.568364,37.921388],[-122.568364,37.921388],[-122.568392,37.92139],[-122.568392,37.92139],[-122.5684,37.92139],[-122.5684,37.92139],[-122.5684,37.92139],[-122.568402,37.92139],[-122.568402,37.92139],[-122.568416,37.92139],[-122.568417,37.92139],[-122.568436,37.92139],[-122.568465,37.921388],[-122.568471,37.921387],[-122.568506,37.921382],[-122.56854,37.921374],[-122.568573,37.921364],[-122.568605,37.921351],[-122.568605,37.921351],[-122.56861,37.921348],[-122.56861,37.921348],[-122.568609,37.921345],[-122.568603,37.921334],[-122.568572,37.921276],[-122.568674,37.921264],[-122.568744,37.921254],[-122.568784,37.921249],[-122.568784,37.921249],[-122.568785,37.921249],[-122.568785,37.921249],[-122.568785,37.921249],[-122.568787,37.921249],[-122.568787,37.921249],[-122.568788,37.921249],[-122.568788,37.921249],[-122.568818,37.921251],[-122.568819,37.921251],[-122.568848,37.921252],[-122.56885,37.921252],[-122.56887,37.921253],[-122.56887,37.921253],[-122.568889,37.921254],[-122.568907,37.921256],[-122.568909,37.921256],[-122.568911,37.921257],[-122.568912,37.921257],[-122.568912,37.921257],[-122.568933,37.921259],[-122.568996,37.921277],[-122.569021,37.921285],[-122.56903,37.921287],[-122.569037,37.921289],[-122.569085,37.921304],[-122.569122,37.921316],[-122.569153,37.921325],[-122.569213,37.921346],[-122.569296,37.921374],[-122.569362,37.921398],[-122.56941,37.921416],[-122.569447,37.921432],[-122.569478,37.921445],[-122.569532,37.921458],[-122.569543,37.921461],[-122.569544,37.921461],[-122.569544,37.921461],[-122.569551,37.921461],[-122.569562,37.921462],[-122.569564,37.921462],[-122.569567,37.921462],[-122.569567,37.921462],[-122.569575,37.921462],[-122.569576,37.921462],[-122.569595,37.921463],[-122.569598,37.921464],[-122.569618,37.921465],[-122.569618,37.921465],[-122.569619,37.921465],[-122.569619,37.921465],[-122.569628,37.921464],[-122.569634,37.921464],[-122.569634,37.921464],[-122.569689,37.921462],[-122.569733,37.921455],[-122.569733,37.921455],[-122.569742,37.921452],[-122.569763,37.921445],[-122.569794,37.921434],[-122.569879,37.921402],[-122.569941,37.921378],[-122.569941,37.921378],[-122.56995,37.921375],[-122.569952,37.921374],[-122.569952,37.921374],[-122.569952,37.921374],[-122.569964,37.921403],[-122.569964,37.921404],[-122.569964,37.921404],[-122.569964,37.921404],[-122.569965,37.921403],[-122.57008,37.921366],[-122.57008,37.921366],[-122.570078,37.921362],[-122.570078,37.921361],[-122.570065,37.921335],[-122.570114,37.921321],[-122.570114,37.921321],[-122.570183,37.921302],[-122.570183,37.921302],[-122.57021,37.921276],[-122.570234,37.921253],[-122.570246,37.921234],[-122.570262,37.921211],[-122.570254,37.92115],[-122.570247,37.921102],[-122.570238,37.921043],[-122.570221,37.92099],[-122.570214,37.920968],[-122.570202,37.920935],[-122.570155,37.920814],[-122.570155,37.920814],[-122.57013,37.920749],[-122.570112,37.920703],[-122.570102,37.920677],[-122.570095,37.920659],[-122.570083,37.920626],[-122.570059,37.920562],[-122.570045,37.920523],[-122.569965,37.920433],[-122.569965,37.920433],[-122.569948,37.920423],[-122.569936,37.920416],[-122.569883,37.920385],[-122.569862,37.92037],[-122.569824,37.920343],[-122.569803,37.920328],[-122.569735,37.920264],[-122.569685,37.920207],[-122.569657,37.920176],[-122.569627,37.920139],[-122.569624,37.920134],[-122.569624,37.920134],[-122.569622,37.920135],[-122.56962,37.920136],[-122.569597,37.920145],[-122.569527,37.920173],[-122.569525,37.920174],[-122.569516,37.920177],[-122.569516,37.920178],[-122.569515,37.920178],[-122.569515,37.920178],[-122.569514,37.920177],[-122.569513,37.920175],[-122.569513,37.920174],[-122.569504,37.920154],[-122.569501,37.920149],[-122.569499,37.920144],[-122.569499,37.920143],[-122.569498,37.92014],[-122.569498,37.920139],[-122.569496,37.920136],[-122.569487,37.920109],[-122.569483,37.920089],[-122.569481,37.92008],[-122.56948,37.920078],[-122.56948,37.920077],[-122.56948,37.920075],[-122.569479,37.920069],[-122.569478,37.920057],[-122.569477,37.920051],[-122.569476,37.920041],[-122.569476,37.920039],[-122.569476,37.92002],[-122.569476,37.920018],[-122.569476,37.920017],[-122.569476,37.920004],[-122.569477,37.920002],[-122.569479,37.919985],[-122.569479,37.919985],[-122.569479,37.919984],[-122.569481,37.919968],[-122.569481,37.919966],[-122.569482,37.919963],[-122.569483,37.91996],[-122.569483,37.919956],[-122.569485,37.919948],[-122.569485,37.919947],[-122.569489,37.919932],[-122.56949,37.91993],[-122.569492,37.919922],[-122.569496,37.919912],[-122.569501,37.919897],[-122.569502,37.919894],[-122.56951,37.919877],[-122.56951,37.919877],[-122.569515,37.919867],[-122.569517,37.919862],[-122.569518,37.91986],[-122.569521,37.919857],[-122.569528,37.919844],[-122.569528,37.919843],[-122.56953,37.919841],[-122.569531,37.919839],[-122.569537,37.919829],[-122.569538,37.919827],[-122.56955,37.919812],[-122.56955,37.919811],[-122.569557,37.919802],[-122.56956,37.919798],[-122.569562,37.919796],[-122.569562,37.919795],[-122.569562,37.919795],[-122.569575,37.919781],[-122.569575,37.919781],[-122.569587,37.919768],[-122.569589,37.919766],[-122.569589,37.919766],[-122.5696,37.919755],[-122.569604,37.919752],[-122.56961,37.919746],[-122.569617,37.91974],[-122.569619,37.919738],[-122.569621,37.919736],[-122.569623,37.919735],[-122.569623,37.919734],[-122.569624,37.919734],[-122.569627,37.919731],[-122.569629,37.91973],[-122.569635,37.919725],[-122.569646,37.919717],[-122.569649,37.919714],[-122.569651,37.919713],[-122.569652,37.919712],[-122.569652,37.919712],[-122.569652,37.919712],[-122.569654,37.919711],[-122.569654,37.919711],[-122.569665,37.919703],[-122.569673,37.919698],[-122.569685,37.919691],[-122.569687,37.919689],[-122.569687,37.919689],[-122.569688,37.919689],[-122.569688,37.919689],[-122.56969,37.919688],[-122.56969,37.919688],[-122.569692,37.919686],[-122.569702,37.919681],[-122.569713,37.919675],[-122.569723,37.91967],[-122.569751,37.919655],[-122.569827,37.919614],[-122.569572,37.919406],[-122.569382,37.919252],[-122.569381,37.919251],[-122.569207,37.919109],[-122.569207,37.919108],[-122.569185,37.919091],[-122.569185,37.91909],[-122.568824,37.918962],[-122.568082,37.9187],[-122.567965,37.918659],[-122.56789,37.918632],[-122.567886,37.918631],[-122.567885,37.918631],[-122.567861,37.918622],[-122.567765,37.918589],[-122.56649,37.918144],[-122.56649,37.918144],[-122.566482,37.917979],[-122.566481,37.91797],[-122.566478,37.917906],[-122.566472,37.917887],[-122.566472,37.917886],[-122.566465,37.917865],[-122.566432,37.917762],[-122.566425,37.917742],[-122.566443,37.917681],[-122.566465,37.917606],[-122.566465,37.917606],[-122.566586,37.917593],[-122.566587,37.917593],[-122.566605,37.917591],[-122.566619,37.91759],[-122.566643,37.917587],[-122.566645,37.917587],[-122.566645,37.917587],[-122.566643,37.917496],[-122.566639,37.917376],[-122.566638,37.917376],[-122.566564,37.917261],[-122.566533,37.917213],[-122.566525,37.917201],[-122.566527,37.9172],[-122.566529,37.917197],[-122.566531,37.917196],[-122.566629,37.917152],[-122.566642,37.917147],[-122.566649,37.917144],[-122.566704,37.917119],[-122.566722,37.917111],[-122.56675,37.917099],[-122.566694,37.916947],[-122.566655,37.916844],[-122.566672,37.91673],[-122.566682,37.916668],[-122.56674,37.916548],[-122.566841,37.916338],[-122.566957,37.916242],[-122.566992,37.916213],[-122.567057,37.916107],[-122.567176,37.915912],[-122.567177,37.915911],[-122.567178,37.91591],[-122.567276,37.915848],[-122.567343,37.915843],[-122.567398,37.915838],[-122.567399,37.915838],[-122.567399,37.915838],[-122.567489,37.915864],[-122.567549,37.915881],[-122.567668,37.915941],[-122.567705,37.91596],[-122.567705,37.91596],[-122.56803,37.91599],[-122.568123,37.916021],[-122.568344,37.916161],[-122.568358,37.916169],[-122.568358,37.916169],[-122.568541,37.916006],[-122.56863,37.915943],[-122.56863,37.915943],[-122.568787,37.915833],[-122.568812,37.915774],[-122.568821,37.915753],[-122.568846,37.915695],[-122.568842,37.915683],[-122.568826,37.91564],[-122.568863,37.915618],[-122.568864,37.915618],[-122.568869,37.915614],[-122.568894,37.91546],[-122.568894,37.91546],[-122.568895,37.915456],[-122.568882,37.915421],[-122.568879,37.915415],[-122.568727,37.915003],[-122.568702,37.914968],[-122.568661,37.914911],[-122.568645,37.914859],[-122.568639,37.914837],[-122.568465,37.91465],[-122.568457,37.914621],[-122.56845,37.914593],[-122.568299,37.91447],[-122.568254,37.914433],[-122.568152,37.91435],[-122.568152,37.91435],[-122.568257,37.914334],[-122.568278,37.914331],[-122.568278,37.914331],[-122.568279,37.914331],[-122.568279,37.914331],[-122.568482,37.914365],[-122.568518,37.914371],[-122.568519,37.914371],[-122.56852,37.914371],[-122.568796,37.914431],[-122.568871,37.914448],[-122.568872,37.914448],[-122.56911,37.914461],[-122.56911,37.914461],[-122.56911,37.914461],[-122.569111,37.914461],[-122.569181,37.914453],[-122.569249,37.914446],[-122.569257,37.914445],[-122.569361,37.914433],[-122.569361,37.914433],[-122.569362,37.914433],[-122.569363,37.914433],[-122.569363,37.914433],[-122.569533,37.914467],[-122.569533,37.914467],[-122.569533,37.914467],[-122.569559,37.914466],[-122.569567,37.914465],[-122.569617,37.914463],[-122.569624,37.914462],[-122.569695,37.914458],[-122.569695,37.914458],[-122.569695,37.914458],[-122.569885,37.914203],[-122.569908,37.914172],[-122.569908,37.914172],[-122.569999,37.914124],[-122.569999,37.914123],[-122.57,37.914123],[-122.57,37.914123],[-122.570072,37.914138],[-122.570074,37.914138],[-122.570672,37.914674],[-122.570673,37.914675],[-122.570673,37.914675],[-122.571025,37.91433],[-122.571067,37.914114],[-122.571107,37.913907],[-122.571193,37.913735],[-122.571194,37.913734],[-122.571238,37.913646],[-122.571255,37.913612],[-122.571255,37.913612],[-122.571344,37.913581],[-122.571344,37.913581],[-122.571344,37.913581],[-122.571423,37.913612],[-122.571482,37.913655],[-122.571921,37.91398],[-122.571924,37.913983],[-122.571924,37.913983],[-122.572167,37.914162],[-122.572167,37.914162],[-122.572572,37.913821],[-122.572573,37.91382],[-122.572574,37.913819],[-122.573117,37.913362],[-122.573118,37.913361],[-122.573158,37.913328],[-122.572451,37.912797],[-122.572407,37.912765],[-122.572571,37.91263],[-122.572572,37.912629],[-122.572589,37.912615],[-122.573765,37.911648],[-122.573769,37.911645],[-122.573769,37.911645],[-122.573798,37.911643],[-122.574459,37.911591],[-122.574459,37.911591],[-122.574972,37.911567],[-122.574972,37.911567],[-122.575351,37.91155],[-122.575351,37.91155],[-122.575877,37.911457],[-122.576352,37.911133],[-122.576436,37.911076],[-122.576444,37.911067],[-122.576482,37.91102],[-122.576522,37.91097],[-122.576525,37.910831],[-122.576526,37.910751],[-122.576528,37.910736],[-122.576529,37.910729],[-122.576529,37.910725],[-122.576529,37.910725],[-122.57653,37.910724],[-122.576531,37.910716],[-122.576531,37.910713],[-122.576532,37.910707],[-122.576532,37.910707],[-122.576533,37.910701],[-122.576534,37.9107],[-122.576534,37.9107],[-122.576537,37.910689],[-122.576537,37.910689],[-122.576537,37.910689],[-122.576537,37.910689],[-122.576537,37.910689],[-122.576539,37.91068],[-122.576539,37.91068],[-122.57654,37.910677],[-122.57654,37.910676],[-122.57654,37.910676],[-122.57654,37.910675],[-122.57654,37.910675],[-122.576542,37.910671],[-122.576542,37.910671],[-122.576542,37.910671],[-122.576542,37.910669],[-122.576544,37.910664],[-122.576546,37.910657],[-122.576547,37.910654],[-122.576548,37.910653],[-122.576548,37.910653],[-122.576548,37.910653],[-122.576551,37.910645],[-122.576551,37.910645],[-122.576552,37.910641],[-122.576552,37.910641],[-122.576554,37.910636],[-122.576555,37.910636],[-122.576555,37.910636],[-122.576555,37.910635],[-122.576557,37.910629],[-122.576557,37.910629],[-122.576562,37.910619],[-122.576563,37.910619],[-122.576563,37.910618],[-122.576564,37.910615],[-122.576564,37.910615],[-122.576567,37.910611],[-122.576567,37.910611],[-122.576569,37.910605],[-122.576572,37.9106],[-122.576574,37.910596],[-122.576574,37.910596],[-122.576575,37.910595],[-122.576581,37.910585],[-122.576588,37.910575],[-122.576589,37.910574],[-122.576589,37.910574],[-122.576589,37.910574],[-122.576589,37.910574],[-122.576595,37.910566],[-122.576597,37.910563],[-122.5766,37.910559],[-122.576601,37.910557],[-122.576603,37.910554],[-122.576604,37.910554],[-122.576612,37.910544],[-122.576612,37.910544],[-122.576613,37.910543],[-122.576619,37.910536],[-122.576622,37.910533],[-122.576622,37.910532],[-122.576624,37.91053],[-122.576625,37.910529],[-122.576625,37.910529],[-122.576629,37.910524],[-122.576633,37.910521],[-122.576638,37.910515],[-122.576639,37.910515],[-122.576641,37.910513],[-122.576646,37.910509],[-122.57665,37.910504],[-122.576653,37.910501],[-122.576653,37.910501],[-122.576657,37.910497],[-122.576658,37.910497],[-122.576668,37.910489],[-122.576668,37.910488],[-122.576674,37.910484],[-122.576675,37.910483],[-122.576676,37.910483],[-122.576679,37.910479],[-122.57668,37.910479],[-122.57668,37.910479],[-122.57668,37.910479],[-122.576681,37.910478],[-122.576681,37.910478],[-122.576684,37.910476],[-122.576684,37.910476],[-122.576684,37.910476],[-122.576689,37.910472],[-122.576698,37.910466],[-122.576698,37.910466],[-122.576701,37.910464],[-122.576701,37.910464],[-122.576708,37.910459],[-122.576709,37.910458],[-122.576715,37.910454],[-122.576716,37.910453],[-122.576718,37.910452],[-122.576723,37.910449],[-122.576724,37.910448],[-122.576725,37.910448],[-122.576736,37.910441],[-122.576743,37.910438],[-122.576747,37.910435],[-122.576748,37.910435],[-122.576752,37.910433],[-122.576754,37.910431],[-122.576757,37.91043],[-122.57676,37.910428],[-122.576767,37.910425],[-122.576771,37.910423],[-122.576773,37.910422],[-122.576774,37.910422],[-122.57678,37.910419],[-122.57679,37.910414],[-122.576793,37.910413],[-122.576793,37.910412],[-122.576796,37.910411],[-122.576799,37.91041],[-122.576803,37.910408],[-122.576813,37.910405],[-122.576815,37.910404],[-122.576818,37.910402],[-122.576831,37.910398],[-122.576831,37.910398],[-122.576833,37.910397],[-122.57684,37.910394],[-122.576847,37.910392],[-122.576854,37.91039],[-122.576854,37.91039],[-122.576859,37.910389],[-122.576862,37.910388],[-122.576878,37.910383],[-122.576882,37.910382],[-122.576882,37.910382],[-122.576882,37.910382],[-122.576882,37.910382],[-122.576883,37.910382],[-122.576897,37.910379],[-122.57691,37.910376],[-122.576954,37.910368],[-122.576999,37.910364],[-122.577044,37.910362],[-122.577058,37.910363],[-122.577089,37.910364],[-122.577102,37.910365],[-122.577146,37.910371],[-122.57719,37.91038],[-122.57719,37.910381],[-122.57719,37.910381],[-122.577191,37.910406],[-122.577196,37.910431],[-122.5772,37.910446],[-122.577203,37.910457],[-122.577206,37.910466],[-122.577212,37.910481],[-122.577221,37.910498],[-122.577225,37.910505],[-122.577239,37.910529],[-122.577255,37.910548],[-122.577257,37.91055],[-122.577266,37.91056],[-122.577276,37.910571],[-122.577298,37.91059],[-122.577321,37.910608],[-122.57733,37.910614],[-122.577347,37.910624],[-122.577373,37.910638],[-122.577385,37.910643],[-122.577402,37.91065],[-122.577414,37.910654],[-122.577431,37.91066],[-122.577455,37.910667],[-122.577455,37.910667],[-122.578246,37.910839],[-122.578507,37.911064],[-122.578588,37.911135],[-122.578589,37.911135],[-122.578831,37.911207],[-122.579106,37.911289],[-122.579106,37.91129],[-122.57934,37.911805],[-122.57934,37.911805],[-122.579908,37.912119],[-122.58026,37.912361],[-122.580705,37.912667],[-122.580732,37.912685],[-122.580842,37.912761],[-122.580842,37.912761],[-122.581449,37.91318],[-122.582236,37.913722],[-122.582291,37.913769],[-122.582364,37.913842],[-122.582377,37.913856],[-122.582454,37.913948],[-122.58248,37.913987],[-122.58252,37.914046],[-122.582576,37.914149],[-122.582581,37.914162],[-122.582581,37.914162],[-122.582621,37.914256],[-122.582654,37.914365],[-122.582668,37.914438],[-122.582675,37.914478],[-122.582681,37.914543],[-122.582685,37.914591],[-122.582718,37.915569],[-122.582722,37.915591],[-122.582725,37.91561],[-122.582732,37.915634],[-122.582736,37.915651],[-122.582751,37.915691],[-122.582756,37.915699],[-122.582771,37.915729],[-122.582794,37.915767],[-122.582812,37.915789],[-122.582822,37.915802],[-122.58283,37.915811],[-122.582853,37.915835],[-122.582887,37.915866],[-122.582902,37.915877],[-122.582925,37.915894],[-122.582965,37.915919],[-122.582975,37.915925],[-122.582984,37.91593],[-122.583,37.915938],[-122.583017,37.915944],[-122.583034,37.91595],[-122.583052,37.915954],[-122.583057,37.915955],[-122.58307,37.915957],[-122.583089,37.915959],[-122.583108,37.915959],[-122.583117,37.915959],[-122.583126,37.915958],[-122.583145,37.915956],[-122.583163,37.915952],[-122.58318,37.915948],[-122.583197,37.915942],[-122.583214,37.915934],[-122.583217,37.915932],[-122.583218,37.915932],[-122.583208,37.915973],[-122.583198,37.916018],[-122.583176,37.916114],[-122.58315,37.916233],[-122.581085,37.925526],[-122.580152,37.926354],[-122.577663,37.927647],[-122.578422,37.928533],[-122.575008,37.930481],[-122.574671,37.930489],[-122.567836,37.930667],[-122.562346,37.930809],[-122.562346,37.930809],[-122.562067,37.930816],[-122.560514,37.930857],[-122.56035,37.930861],[-122.56035,37.930861],[-122.560336,37.93049],[-122.560336,37.93049],[-122.560324,37.930191],[-122.560324,37.930191],[-122.560322,37.930146],[-122.560301,37.929588],[-122.560301,37.929588],[-122.560301,37.929588],[-122.560301,37.929588],[-122.560338,37.929572],[-122.560374,37.929553],[-122.560407,37.929531],[-122.560439,37.929507],[-122.560467,37.929482],[-122.560493,37.929454],[-122.560517,37.929425],[-122.560537,37.929394],[-122.560553,37.929362],[-122.560567,37.929328],[-122.560576,37.929295],[-122.560583,37.92926],[-122.560584,37.929247],[-122.560609,37.928546],[-122.56061,37.928504],[-122.560618,37.928441],[-122.560632,37.928379],[-122.560652,37.928317],[-122.560679,37.928257],[-122.560712,37.928199],[-122.560831,37.928009],[-122.560849,37.927977],[-122.560865,37.927943],[-122.560876,37.927909],[-122.560884,37.927874],[-122.560889,37.927839],[-122.56089,37.927803],[-122.560887,37.927768],[-122.56088,37.927733],[-122.560869,37.927699],[-122.560855,37.927666],[-122.560838,37.927634],[-122.560817,37.927604],[-122.560793,37.927575],[-122.560766,37.927548],[-122.560736,37.927524],[-122.560704,37.927501],[-122.560669,37.927482],[-122.560632,37.927464],[-122.560594,37.92745],[-122.560554,37.927438],[-122.56053,37.927433],[-122.560518,37.92743],[-122.560498,37.927425],[-122.56048,37.927418],[-122.560462,37.92741],[-122.560446,37.9274],[-122.56043,37.92739],[-122.560416,37.927378],[-122.560403,37.927365],[-122.560391,37.927352],[-122.560381,37.927337],[-122.560373,37.927322],[-122.560366,37.927306],[-122.560361,37.92729],[-122.560358,37.927273],[-122.560308,37.926838],[-122.56031,37.926828],[-122.560322,37.926787],[-122.560336,37.926748],[-122.560355,37.926709],[-122.560377,37.926671],[-122.560422,37.926601],[-122.560452,37.926568],[-122.560479,37.926532],[-122.560503,37.926495],[-122.560523,37.926457],[-122.560539,37.926418],[-122.560552,37.926377],[-122.560561,37.926337],[-122.560566,37.926296],[-122.560567,37.926256],[-122.560564,37.926215],[-122.560557,37.926176],[-122.56054,37.926135],[-122.560517,37.926095],[-122.560494,37.926059],[-122.560467,37.926025],[-122.560442,37.925998],[-122.56036,37.925918],[-122.560337,37.925896],[-122.560313,37.925869],[-122.560292,37.92584],[-122.560275,37.92581],[-122.56026,37.925779],[-122.560249,37.925747],[-122.560223,37.925609]]]},"properties":{"prop_id":"197-120-29","situsforma":"816 PANORAMIC HWY","situsfor_2":"816 PANORAMIC HWY  MILL VALLEY"}},{"type":"Feature","geometry":{"type":"Polygon","coordinates":[[[-122.530912,37.92615],[-122.530826,37.92607],[-122.531131,37.925979],[-122.531209,37.926126],[-122.531002,37.926201],[-122.530912,37.92615]]]},"properties":{"prop_id":"025-011-29","situsforma":"8 EDISON AVE","situsfor_2":"8 EDISON AVE  CORTE MADERA"}},{"type":"Feature","geometry":{"type":"Polygon","coordinates":[[[-122.540694,37.89955],[-122.540854,37.899263],[-122.540987,37.899277],[-122.541005,37.89929],[-122.540789,37.899604],[-122.540784,37.89961],[-122.540733,37.899557],[-122.540694,37.89955],[-122.540694,37.89955]]]},"properties":{"prop_id":"028-214-01","situsforma":"61 WOODSIDE LN","situsfor_2":"61 WOODSIDE LN  MILL VALLEY"}},{"type":"Feature","geometry":{"type":"Polygon","coordinates":[[[-122.557009,37.910095],[-122.55689,37.90996],[-122.556888,37.909958],[-122.556919,37.909936],[-122.556968,37.909902],[-122.556957,37.909892],[-122.556957,37.909892],[-122.557172,37.90974],[-122.557177,37.909755],[-122.557369,37.909846],[-122.557402,37.909862],[-122.557036,37.910116],[-122.557031,37.910119],[-122.557009,37.910095]]]},"properties":{"prop_id":"027-192-17","situsforma":"290 LOVELL AVE","situsfor_2":"290 LOVELL AVE  MILL VALLEY"}},{"type":"Feature","geometry":{"type":"Polygon","coordinates":[[[-122.537954,37.921738],[-122.537676,37.92162],[-122.537891,37.921428],[-122.537812,37.921386],[-122.53805,37.921203],[-122.538245,37.921334],[-122.538417,37.921458],[-122.538446,37.921479],[-122.538307,37.92163],[-122.538359,37.921652],[-122.538158,37.921812],[-122.537954,37.921738]]]},"properties":{"prop_id":"025-132-22","situsforma":"409 SUMMIT DR","situsfor_2":"409 SUMMIT DR  CORTE MADERA"}},{"type":"Feature","geometry":{"type":"Polygon","coordinates":[[[-122.533516,37.900569],[-122.533762,37.900317],[-122.533907,37.900409],[-122.533666,37.900663],[-122.533516,37.900569]]]},"properties":{"prop_id":"030-037-03","situsforma":"24 MATILDA AVE","situsfor_2":"24 MATILDA AVE  MILL VALLEY"}},{"type":"Feature","geometry":{"type":"Polygon","coordinates":[[[-122.533554,37.923822],[-122.53366,37.924018],[-122.533423,37.924212],[-122.533323,37.923991],[-122.533298,37.923916],[-122.533554,37.923822]]]},"properties":{"prop_id":"025-023-46","situsforma":"236 MORNINGSIDE DR","situsfor_2":"236 MORNINGSIDE DR  CORTE MADERA"}},{"type":"Feature","geometry":{"type":"Polygon","coordinates":[[[-122.532841,37.922859],[-122.532821,37.922848],[-122.532982,37.922756],[-122.533038,37.922659],[-122.533062,37.922672],[-122.533198,37.922711],[-122.533218,37.922716],[-122.533371,37.922776],[-122.533452,37.922808],[-122.533388,37.922826],[-122.533128,37.922941],[-122.533077,37.922973],[-122.532841,37.922859]]]},"properties":{"prop_id":"025-083-66","situsforma":"629 REDWOOD AVE","situsfor_2":"629 REDWOOD AVE  CORTE MADERA"}},{"type":"Feature","geometry":{"type":"Polygon","coordinates":[[[-122.543979,37.89612],[-122.543925,37.896278],[-122.543448,37.89617],[-122.543497,37.896013],[-122.543983,37.89611],[-122.543979,37.89612]]]},"properties":{"prop_id":"047-161-28","situsforma":"210 MELROSE AVE","situsfor_2":"210 MELROSE AVE  MILL VALLEY"}},{"type":"Feature","geometry":{"type":"Polygon","coordinates":[[[-122.534717,37.903185],[-122.534945,37.902891],[-122.535103,37.902967],[-122.534864,37.903258],[-122.534717,37.903185]]]},"properties":{"prop_id":"030-012-43","situsforma":"411 E BLITHEDALE AVE","situsfor_2":"411 E BLITHEDALE AVE  MILL VALLEY"}},{"type":"Feature","geometry":{"type":"Polygon","coordinates":[[[-122.560918,37.910603],[-122.560459,37.910647],[-122.56046,37.910606],[-122.560261,37.910415],[-122.560695,37.910135],[-122.561019,37.910473],[-122.560918,37.910603]]]},"properties":{"prop_id":"027-171-17","situsforma":"585 THROCKMORTON AVE","situsfor_2":"585 THROCKMORTON AVE  MILL VALLEY"}},{"type":"Feature","geometry":{"type":"Polygon","coordinates":[[[-122.537647,37.924224],[-122.537292,37.924175],[-122.536978,37.924069],[-122.536914,37.924048],[-122.536923,37.924031],[-122.536923,37.924031],[-122.536923,37.92403],[-122.53693,37.924014],[-122.536931,37.924013],[-122.536931,37.924012],[-122.536936,37.923996],[-122.536937,37.923995],[-122.536937,37.923994],[-122.536941,37.923978],[-122.536941,37.923977],[-122.536941,37.923976],[-122.536943,37.923959],[-122.536943,37.923958],[-122.536943,37.923958],[-122.536943,37.92394],[-122.536943,37.92394],[-122.536943,37.923939],[-122.536942,37.923921],[-122.536943,37.923914],[-122.537017,37.923939],[-122.53735,37.92405],[-122.537651,37.924094],[-122.537743,37.924097],[-122.538085,37.924009],[-122.538192,37.924001],[-122.538164,37.924148],[-122.538116,37.924422],[-122.538101,37.924504],[-122.538101,37.924504],[-122.538072,37.924512],[-122.537822,37.924572],[-122.537789,37.924507],[-122.537647,37.924224]]]},"properties":{"prop_id":"021-161-24","situsforma":"10 CROWN FIRE RD","situsfor_2":"10 CROWN FIRE RD  LARKSPUR"}},{"type":"Feature","geometry":{"type":"Polygon","coordinates":[[[-122.562519,37.904452],[-122.562479,37.904454],[-122.562347,37.904466],[-122.562316,37.904468],[-122.562319,37.904464],[-122.562321,37.904459],[-122.562322,37.904454],[-122.562323,37.90445],[-122.562324,37.904445],[-122.562323,37.90444],[-122.562323,37.904435],[-122.562321,37.90443],[-122.562319,37.904426],[-122.562317,37.904421],[-122.562314,37.904417],[-122.562311,37.904413],[-122.562307,37.904409],[-122.562303,37.904406],[-122.562315,37.904384],[-122.562416,37.904191],[-122.562571,37.904158],[-122.562519,37.904452]]]},"properties":{"prop_id":"027-251-21","situsforma":"","situsfor_2":""}},{"type":"Feature","geometry":{"type":"Polygon","coordinates":[[[-122.559463,37.897628],[-122.559582,37.897406],[-122.559586,37.897407],[-122.56002,37.897444],[-122.560041,37.897446],[-122.559994,37.897486],[-122.559866,37.897625],[-122.559849,37.897623],[-122.559472,37.897628],[-122.559463,37.897628]]]},"properties":{"prop_id":"046-231-24","situsforma":"167 BAYVIEW DR","situsfor_2":"167 BAYVIEW DR  MILL VALLEY"}},{"type":"Feature","geometry":{"type":"Polygon","coordinates":[[[-122.550211,37.902578],[-122.550152,37.902525],[-122.550542,37.902481],[-122.550581,37.902522],[-122.550611,37.902556],[-122.550681,37.902632],[-122.550768,37.902577],[-122.550904,37.902888],[-122.550875,37.902918],[-122.550594,37.903042],[-122.550341,37.902908],[-122.550211,37.902578]]]},"properties":{"prop_id":"028-156-11","situsforma":"33 FLORENCE AVE","situsfor_2":"33 FLORENCE AVE  MILL VALLEY"}},{"type":"Feature","geometry":{"type":"Polygon","coordinates":[[[-122.534173,37.899118],[-122.534045,37.899214],[-122.533706,37.898937],[-122.533829,37.898838],[-122.534173,37.899118]]]},"properties":{"prop_id":"030-056-23","situsforma":"23 AMICITA AVE","situsfor_2":"23 AMICITA AVE  MILL VALLEY"}},{"type":"Feature","geometry":{"type":"Polygon","coordinates":[[[-122.530143,37.899069],[-122.530221,37.89898],[-122.530222,37.898979],[-122.530234,37.898964],[-122.530574,37.899125],[-122.530454,37.899251],[-122.530143,37.899069]]]},"properties":{"prop_id":"030-043-27","situsforma":"77 RYAN AVE","situsfor_2":"77 RYAN AVE  MILL VALLEY"}},{"type":"Feature","geometry":{"type":"Polygon","coordinates":[[[-122.54897,37.903318],[-122.54921,37.903106],[-122.549261,37.902989],[-122.54942,37.90303],[-122.54946,37.903208],[-122.549399,37.90339],[-122.549203,37.903525],[-122.54897,37.903318]]]},"properties":{"prop_id":"028-155-04","situsforma":"30 WILDOMAR ST","situsfor_2":"30 WILDOMAR ST  MILL VALLEY"}},{"type":"Feature","geometry":{"type":"Polygon","coordinates":[[[-122.545142,37.89775],[-122.545417,37.897739],[-122.545418,37.89774],[-122.545436,37.897778],[-122.545542,37.898005],[-122.545179,37.898002],[-122.545179,37.898002],[-122.545142,37.897752],[-122.545142,37.89775]]]},"properties":{"prop_id":"047-151-27","situsforma":"328 MONTFORD AVE","situsfor_2":"328 MONTFORD AVE  MILL VALLEY"}},{"type":"Feature","geometry":{"type":"Polygon","coordinates":[[[-122.536477,37.900721],[-122.536578,37.900835],[-122.536237,37.90107],[-122.536186,37.900984],[-122.536155,37.900947],[-122.536477,37.900721]]]},"properties":{"prop_id":"028-236-06","situsforma":"105 LOCUST AVE","situsfor_2":"105 LOCUST AVE  MILL VALLEY"}},{"type":"Feature","geometry":{"type":"Polygon","coordinates":[[[-122.545186,37.895698],[-122.545298,37.895542],[-122.545342,37.895401],[-122.545399,37.895377],[-122.545419,37.895391],[-122.54544,37.895404],[-122.545463,37.895414],[-122.545487,37.895423],[-122.545512,37.89543],[-122.545521,37.895433],[-122.545559,37.895439],[-122.54549,37.89563],[-122.545482,37.895751],[-122.545186,37.895698]]]},"properties":{"prop_id":"047-211-03","situsforma":"308 TODD WAY","situsfor_2":"308 TODD WAY  MILL VALLEY"}},{"type":"Feature","geometry":{"type":"Polygon","coordinates":[[[-122.546773,37.897161],[-122.547197,37.89723],[-122.547113,37.897483],[-122.5467,37.897413],[-122.546773,37.897161]]]},"properties":{"prop_id":"047-132-14","situsforma":"345 MONTFORD AVE","situsfor_2":"345 MONTFORD AVE  MILL VALLEY"}},{"type":"Feature","geometry":{"type":"Polygon","coordinates":[[[-122.530563,37.909726],[-122.530381,37.90944],[-122.530422,37.909422],[-122.530422,37.909422],[-122.530422,37.909422],[-122.530422,37.909421],[-122.53046,37.909401],[-122.53046,37.909401],[-122.530461,37.909401],[-122.530461,37.9094],[-122.530496,37.909377],[-122.530496,37.909377],[-122.530497,37.909377],[-122.530529,37.909352],[-122.530529,37.909351],[-122.53053,37.909351],[-122.530559,37.909324],[-122.530559,37.909323],[-122.53056,37.909323],[-122.530584,37.909295],[-122.531021,37.909474],[-122.530697,37.909884],[-122.530563,37.909726]]]},"properties":{"prop_id":"033-191-02","situsforma":"2 ESCALON DR","situsfor_2":"2 ESCALON DR  MILL VALLEY"}},{"type":"Feature","geometry":{"type":"Polygon","coordinates":[[[-122.552166,37.929026],[-122.552166,37.928988],[-122.552872,37.928979],[-122.552947,37.928978],[-122.552947,37.928978],[-122.552954,37.929355],[-122.552956,37.929464],[-122.552868,37.929464],[-122.552169,37.929463],[-122.552166,37.929026]]]},"properties":{"prop_id":"021-240-22","situsforma":"","situsfor_2":""}},{"type":"Feature","geometry":{"type":"Polygon","coordinates":[[[-122.530032,37.901125],[-122.530131,37.900839],[-122.530308,37.900881],[-122.530208,37.901169],[-122.530206,37.901173],[-122.530031,37.90113],[-122.530032,37.901125]]]},"properties":{"prop_id":"030-021-37","situsforma":"555 E BLITHEDALE AVE","situsfor_2":"555 E BLITHEDALE AVE  MILL VALLEY"}},{"type":"Feature","geometry":{"type":"Polygon","coordinates":[[[-122.548556,37.908806],[-122.548411,37.908745],[-122.548535,37.908484],[-122.548695,37.90854],[-122.548556,37.908806]]]},"properties":{"prop_id":"029-094-04","situsforma":"63 CORTE MADERA AVE","situsfor_2":"63 CORTE MADERA AVE  MILL VALLEY"}},{"type":"Feature","geometry":{"type":"Polygon","coordinates":[[[-122.569987,37.897581],[-122.570027,37.897564],[-122.570034,37.897577],[-122.570123,37.897753],[-122.569966,37.89788],[-122.569831,37.898025],[-122.569774,37.898046],[-122.569595,37.897741],[-122.569611,37.897734],[-122.569957,37.897593],[-122.569987,37.897581]]]},"properties":{"prop_id":"046-131-20","situsforma":"28 MUIR WOODS TRL","situsfor_2":"28 MUIR WOODS TRL  MILL VALLEY"}},{"type":"Feature","geometry":{"type":"Polygon","coordinates":[[[-122.532224,37.897452],[-122.532106,37.897552],[-122.531975,37.897665],[-122.531964,37.897657],[-122.531884,37.897601],[-122.532122,37.897292],[-122.532312,37.897375],[-122.532224,37.897452]]]},"properties":{"prop_id":"030-063-16","situsforma":"307 SYCAMORE AVE","situsfor_2":"307 SYCAMORE AVE  MILL VALLEY"}},{"type":"Feature","geometry":{"type":"Polygon","coordinates":[[[-122.540141,37.89464],[-122.54001,37.894614],[-122.540006,37.894613],[-122.539698,37.894549],[-122.539663,37.89442],[-122.540048,37.894387],[-122.54011,37.894554],[-122.540114,37.894566],[-122.540141,37.89464]]]},"properties":{"prop_id":"047-223-11","situsforma":"160 LINDEN LN","situsfor_2":"160 LINDEN LN  MILL VALLEY"}},{"type":"Feature","geometry":{"type":"Polygon","coordinates":[[[-122.554619,37.918898],[-122.554438,37.918638],[-122.554482,37.918614],[-122.554577,37.918559],[-122.554802,37.918536],[-122.554954,37.918686],[-122.554913,37.918711],[-122.554855,37.918756],[-122.554855,37.918757],[-122.554854,37.918757],[-122.554803,37.918806],[-122.554802,37.918807],[-122.554802,37.918807],[-122.554756,37.918859],[-122.554756,37.91886],[-122.554755,37.918861],[-122.554716,37.918916],[-122.554715,37.918917],[-122.554714,37.918918],[-122.554683,37.918971],[-122.554674,37.918992],[-122.554674,37.918993],[-122.554674,37.918994],[-122.554667,37.919014],[-122.554667,37.919015],[-122.554667,37.919016],[-122.554663,37.919037],[-122.554662,37.919038],[-122.554662,37.919038],[-122.554662,37.919038],[-122.554661,37.91906],[-122.55466,37.919061],[-122.554661,37.919062],[-122.554661,37.919083],[-122.554661,37.919084],[-122.554661,37.919085],[-122.554664,37.919107],[-122.554664,37.919107],[-122.554664,37.919108],[-122.55467,37.919129],[-122.55467,37.91913],[-122.55467,37.919131],[-122.554678,37.919152],[-122.554678,37.919153],[-122.554678,37.919153],[-122.554688,37.919174],[-122.554689,37.919175],[-122.554689,37.919176],[-122.554701,37.919195],[-122.554701,37.919196],[-122.554702,37.919197],[-122.55471,37.919209],[-122.554711,37.91921],[-122.554712,37.919211],[-122.554712,37.919211],[-122.554712,37.919211],[-122.554713,37.919212],[-122.554713,37.919213],[-122.554713,37.919213],[-122.554713,37.919213],[-122.554713,37.919213],[-122.554714,37.919215],[-122.554714,37.919215],[-122.554714,37.919215],[-122.554714,37.919216],[-122.554714,37.919216],[-122.554714,37.919217],[-122.554714,37.919218],[-122.554714,37.919218],[-122.554714,37.919218],[-122.554714,37.919219],[-122.554714,37.91922],[-122.554714,37.91922],[-122.554714,37.91922],[-122.554713,37.919221],[-122.554713,37.919222],[-122.554713,37.919222],[-122.554713,37.919222],[-122.554713,37.919223],[-122.554712,37.919224],[-122.554712,37.919224],[-122.554712,37.919224],[-122.554712,37.919225],[-122.554711,37.919225],[-122.55471,37.919226],[-122.55471,37.919226],[-122.55471,37.919226],[-122.55471,37.919227],[-122.554709,37.919227],[-122.554708,37.919228],[-122.554708,37.919228],[-122.554707,37.919229],[-122.554706,37.91923],[-122.554706,37.91923],[-122.554706,37.91923],[-122.554706,37.91923],[-122.554704,37.919231],[-122.554704,37.919231],[-122.554703,37.919231],[-122.554703,37.919231],[-122.554703,37.919231],[-122.554701,37.919232],[-122.554701,37.919232],[-122.554701,37.919232],[-122.5547,37.919232],[-122.554699,37.919232],[-122.554698,37.919232],[-122.554698,37.919232],[-122.554697,37.919232],[-122.554696,37.919233],[-122.554695,37.919233],[-122.554695,37.919233],[-122.554694,37.919233],[-122.554694,37.919233],[-122.554693,37.919232],[-122.554692,37.919232],[-122.554692,37.919232],[-122.554691,37.919232],[-122.554691,37.919232],[-122.554689,37.919232],[-122.554689,37.919232],[-122.554689,37.919232],[-122.554688,37.919232],[-122.554688,37.919231],[-122.554686,37.919231],[-122.554686,37.919231],[-122.554685,37.91923],[-122.554684,37.91923],[-122.554683,37.91923],[-122.554683,37.91923],[-122.554683,37.919229],[-122.554682,37.919229],[-122.554681,37.919228],[-122.554681,37.919228],[-122.554681,37.919228],[-122.55468,37.919228],[-122.554679,37.919227],[-122.554679,37.919226],[-122.554679,37.919226],[-122.554679,37.919226],[-122.554678,37.919225],[-122.554677,37.919224],[-122.55459,37.919078],[-122.554619,37.918898]]]},"properties":{"prop_id":"027-271-06","situsforma":"3 MARSH DR","situsfor_2":"3 MARSH DR  MILL VALLEY"}},{"type":"Feature","geometry":{"type":"Polygon","coordinates":[[[-122.567435,37.910042],[-122.567402,37.909847],[-122.567628,37.909735],[-122.567711,37.909475],[-122.567809,37.909052],[-122.567848,37.90902],[-122.567868,37.909188],[-122.567831,37.909717],[-122.567173,37.911278],[-122.566579,37.911542],[-122.566764,37.910711],[-122.566979,37.910772],[-122.567139,37.910689],[-122.567168,37.910515],[-122.56712,37.910271],[-122.567333,37.910199],[-122.567435,37.910042]]]},"properties":{"prop_id":"027-161-26","situsforma":"","situsfor_2":""}},{"type":"Feature","geometry":{"type":"Polygon","coordinates":[[[-122.542777,37.905668],[-122.54295,37.905669],[-122.542951,37.906006],[-122.542781,37.906005],[-122.542777,37.905668]]]},"properties":{"prop_id":"029-185-07","situsforma":"102 SUNNYSIDE AVE","situsfor_2":"102 SUNNYSIDE AVE  MILL VALLEY"}},{"type":"Feature","geometry":{"type":"Polygon","coordinates":[[[-122.531076,37.908783],[-122.530957,37.908161],[-122.531217,37.908105],[-122.53128,37.908089],[-122.531312,37.90808],[-122.531511,37.908847],[-122.531076,37.908783]]]},"properties":{"prop_id":"033-191-06","situsforma":"10 ESCALON DR","situsfor_2":"10 ESCALON DR  MILL VALLEY"}},{"type":"Feature","geometry":{"type":"Polygon","coordinates":[[[-122.543227,37.907845],[-122.543009,37.907468],[-122.543353,37.907474],[-122.543393,37.907813],[-122.543227,37.907845]]]},"properties":{"prop_id":"029-113-14","situsforma":"87 OAKDALE AVE","situsfor_2":"87 OAKDALE AVE  MILL VALLEY"}},{"type":"Feature","geometry":{"type":"Polygon","coordinates":[[[-122.559924,37.903368],[-122.560407,37.903533],[-122.56053,37.90373],[-122.560502,37.903899],[-122.56018,37.903748],[-122.559924,37.903368]]]},"properties":{"prop_id":"046-061-52","situsforma":"","situsfor_2":""}},{"type":"Feature","geometry":{"type":"Polygon","coordinates":[[[-122.56365,37.898049],[-122.564117,37.897273],[-122.564117,37.897272],[-122.564507,37.897362],[-122.564508,37.897362],[-122.564748,37.897331],[-122.564299,37.898157],[-122.56365,37.898049]]]},"properties":{"prop_id":"046-221-05","situsforma":"65 RIDGE AVE","situsfor_2":"65 RIDGE AVE  MILL VALLEY"}},{"type":"Feature","geometry":{"type":"Polygon","coordinates":[[[-122.557952,37.900427],[-122.558026,37.900158],[-122.558404,37.900151],[-122.558456,37.90015],[-122.558457,37.90015],[-122.558471,37.90015],[-122.558461,37.900159],[-122.558458,37.900162],[-122.558279,37.900329],[-122.558176,37.900424],[-122.557952,37.900427]]]},"properties":{"prop_id":"047-011-16","situsforma":"645 SEQUOIA VALLEY RD","situsfor_2":"645 SEQUOIA VALLEY RD  MILL VALLEY"}},{"type":"Feature","geometry":{"type":"Polygon","coordinates":[[[-122.536148,37.923798],[-122.53619,37.923867],[-122.536324,37.923872],[-122.536432,37.923818],[-122.536325,37.924028],[-122.536116,37.924053],[-122.535956,37.924091],[-122.535857,37.924028],[-122.536148,37.923798]]]},"properties":{"prop_id":"021-154-05","situsforma":"15 SUNRISE LN","situsfor_2":"15 SUNRISE LN  LARKSPUR"}},{"type":"Feature","geometry":{"type":"Polygon","coordinates":[[[-122.530397,37.928953],[-122.5304,37.929026],[-122.530401,37.929093],[-122.530038,37.929089],[-122.530037,37.928953],[-122.530397,37.928953]]]},"properties":{"prop_id":"024-094-09","situsforma":"9 PEPPER AVE","situsfor_2":"9 PEPPER AVE  CORTE MADERA"}},{"type":"Feature","geometry":{"type":"Polygon","coordinates":[[[-122.539862,37.916077],[-122.539556,37.915956],[-122.539671,37.915779],[-122.539698,37.915786],[-122.539699,37.915786],[-122.539701,37.915786],[-122.539727,37.915791],[-122.539728,37.915791],[-122.539729,37.915791],[-122.539757,37.915794],[-122.539758,37.915794],[-122.539758,37.915794],[-122.539786,37.915795],[-122.539787,37.915795],[-122.539788,37.915795],[-122.539816,37.915794],[-122.539817,37.915794],[-122.539817,37.915794],[-122.539846,37.915791],[-122.539846,37.915791],[-122.539848,37.915791],[-122.539874,37.915786],[-122.539876,37.915786],[-122.539877,37.915786],[-122.539904,37.915779],[-122.539904,37.915779],[-122.539904,37.915778],[-122.539931,37.91577],[-122.539932,37.915769],[-122.539933,37.915769],[-122.539957,37.915758],[-122.539959,37.915758],[-122.539959,37.915757],[-122.539983,37.915746],[-122.539983,37.915745],[-122.539984,37.915745],[-122.539985,37.915744],[-122.540008,37.915731],[-122.540009,37.915731],[-122.54001,37.91573],[-122.540031,37.915715],[-122.540032,37.915715],[-122.540032,37.915715],[-122.540053,37.915698],[-122.540053,37.915698],[-122.540054,37.915697],[-122.540072,37.91568],[-122.540073,37.915679],[-122.540073,37.915678],[-122.540089,37.915659],[-122.54009,37.915659],[-122.54009,37.915659],[-122.540096,37.915651],[-122.540345,37.91577],[-122.540163,37.916196],[-122.539862,37.916077]]]},"properties":{"prop_id":"029-151-24","situsforma":"10 TARTAN RD","situsfor_2":"10 TARTAN RD  MILL VALLEY"}},{"type":"Feature","geometry":{"type":"Polygon","coordinates":[[[-122.551021,37.909326],[-122.550999,37.909489],[-122.550578,37.909534],[-122.550499,37.909461],[-122.550658,37.909306],[-122.551021,37.909326]]]},"properties":{"prop_id":"029-092-03","situsforma":"185 SUMMIT AVE","situsfor_2":"185 SUMMIT AVE  MILL VALLEY"}},{"type":"Feature","geometry":{"type":"Polygon","coordinates":[[[-122.547921,37.913574],[-122.547882,37.913561],[-122.547871,37.913487],[-122.547941,37.91345],[-122.547994,37.913485],[-122.54807,37.9135],[-122.548172,37.913514],[-122.548176,37.913515],[-122.548177,37.913516],[-122.548184,37.913518],[-122.548185,37.913518],[-122.548185,37.913518],[-122.548185,37.913518],[-122.548193,37.913521],[-122.548194,37.913521],[-122.548195,37.913522],[-122.548201,37.913525],[-122.548202,37.913525],[-122.548203,37.913526],[-122.548209,37.913529],[-122.54821,37.91353],[-122.54821,37.91353],[-122.548211,37.913531],[-122.548217,37.913534],[-122.548218,37.913535],[-122.548218,37.913536],[-122.548225,37.913541],[-122.548228,37.913617],[-122.548063,37.913623],[-122.547921,37.913574]]]},"properties":{"prop_id":"029-032-34","situsforma":"6 BLITHEDALE TER","situsfor_2":"6 BLITHEDALE TER  MILL VALLEY"}},{"type":"Feature","geometry":{"type":"Polygon","coordinates":[[[-122.532213,37.903686],[-122.532266,37.90346],[-122.532298,37.903468],[-122.532572,37.903535],[-122.532534,37.903667],[-122.532528,37.903688],[-122.532246,37.903686],[-122.532213,37.903686]]]},"properties":{"prop_id":"030-011-33","situsforma":"123 ALTA VISTA AVE","situsfor_2":"123 ALTA VISTA AVE  MILL VALLEY"}},{"type":"Feature","geometry":{"type":"Polygon","coordinates":[[[-122.555608,37.918654],[-122.555732,37.918483],[-122.555734,37.918054],[-122.556129,37.918224],[-122.556095,37.918713],[-122.556092,37.918754],[-122.555796,37.918746],[-122.555794,37.918746],[-122.555792,37.918746],[-122.555784,37.918745],[-122.555783,37.918745],[-122.555782,37.918745],[-122.555781,37.918745],[-122.555773,37.918744],[-122.555772,37.918744],[-122.55577,37.918744],[-122.555762,37.918742],[-122.555761,37.918742],[-122.55576,37.918742],[-122.555751,37.918739],[-122.555751,37.918739],[-122.555749,37.918739],[-122.555742,37.918736],[-122.555741,37.918736],[-122.55574,37.918735],[-122.555732,37.918732],[-122.555731,37.918732],[-122.555731,37.918731],[-122.55573,37.918731],[-122.555723,37.918727],[-122.555722,37.918727],[-122.555721,37.918726],[-122.555714,37.918722],[-122.555713,37.918722],[-122.555713,37.918722],[-122.555713,37.918721],[-122.555706,37.918716],[-122.555705,37.918716],[-122.555704,37.918715],[-122.555698,37.918709],[-122.555608,37.918654]]]},"properties":{"prop_id":"027-271-09","situsforma":"9 MARSH DR","situsfor_2":"9 MARSH DR  MILL VALLEY"}},{"type":"Feature","geometry":{"type":"Polygon","coordinates":[[[-122.542491,37.901426],[-122.542652,37.901345],[-122.542661,37.901369],[-122.542683,37.901425],[-122.54274,37.901497],[-122.542841,37.901624],[-122.54278,37.90163],[-122.542761,37.901688],[-122.54275,37.901695],[-122.542724,37.901713],[-122.542723,37.901711],[-122.542604,37.901563],[-122.542491,37.901426]]]},"properties":{"prop_id":"028-320-02","situsforma":"3 UNA CT","situsfor_2":"3 UNA CT  MILL VALLEY"}},{"type":"Feature","geometry":{"type":"Polygon","coordinates":[[[-122.55278,37.900083],[-122.552651,37.900139],[-122.552458,37.900221],[-122.552345,37.899608],[-122.552435,37.899484],[-122.552584,37.899663],[-122.552599,37.89969],[-122.552617,37.899731],[-122.55278,37.900083]]]},"properties":{"prop_id":"047-032-28","situsforma":"548 MONTFORD AVE","situsfor_2":"548 MONTFORD AVE  MILL VALLEY"}},{"type":"Feature","geometry":{"type":"Polygon","coordinates":[[[-122.545795,37.902006],[-122.545695,37.902268],[-122.545665,37.90235],[-122.545016,37.902168],[-122.54506,37.901737],[-122.545121,37.901673],[-122.54565,37.901936],[-122.545795,37.902006]]]},"properties":{"prop_id":"028-177-17","situsforma":"18 MIRABEL AVE","situsfor_2":"18 MIRABEL AVE  MILL VALLEY"}},{"type":"Feature","geometry":{"type":"Polygon","coordinates":[[[-122.560062,37.907909],[-122.560292,37.907725],[-122.560439,37.907716],[-122.560504,37.907698],[-122.560564,37.907866],[-122.560807,37.90816],[-122.560552,37.908307],[-122.560062,37.907909]]]},"properties":{"prop_id":"027-215-02","situsforma":"39 RENZ RD","situsfor_2":"39 RENZ RD  MILL VALLEY"}},{"type":"Feature","geometry":{"type":"Polygon","coordinates":[[[-122.555467,37.908393],[-122.555744,37.907995],[-122.555875,37.90803],[-122.555748,37.908158],[-122.555891,37.908238],[-122.555673,37.908472],[-122.555672,37.908474],[-122.555466,37.908394],[-122.555467,37.908393]]]},"properties":{"prop_id":"027-221-21","situsforma":"208 LOVELL AVE","situsfor_2":"208 LOVELL AVE  MILL VALLEY"}},{"type":"Feature","geometry":{"type":"Polygon","coordinates":[[[-122.550312,37.905837],[-122.550383,37.905824],[-122.550411,37.905907],[-122.55034,37.90592],[-122.550312,37.905837]]]},"properties":{"prop_id":"028-055-37","situsforma":"65 LOVELL AVE A","situsfor_2":"65 LOVELL AVE A MILL VALLEY"}},{"type":"Feature","geometry":{"type":"Polygon","coordinates":[[[-122.569523,37.898142],[-122.56959,37.898117],[-122.569711,37.89807],[-122.569774,37.898046],[-122.569831,37.898025],[-122.569796,37.898062],[-122.56967,37.89817],[-122.569566,37.89821],[-122.569523,37.898142]]]},"properties":{"prop_id":"046-131-13","situsforma":"","situsfor_2":""}},{"type":"Feature","geometry":{"type":"Polygon","coordinates":[[[-122.553775,37.90748],[-122.553802,37.907518],[-122.553782,37.907963],[-122.553582,37.90768],[-122.553554,37.907515],[-122.553486,37.90744],[-122.553536,37.907384],[-122.553775,37.90748]]]},"properties":{"prop_id":"028-041-07","situsforma":"2 OAK ST","situsfor_2":"2 OAK ST  MILL VALLEY"}},{"type":"Feature","geometry":{"type":"Polygon","coordinates":[[[-122.568886,37.903983],[-122.568916,37.903741],[-122.569179,37.903807],[-122.569171,37.903846],[-122.569261,37.903865],[-122.569516,37.903917],[-122.569517,37.903917],[-122.569555,37.903925],[-122.569544,37.903965],[-122.569531,37.903992],[-122.569526,37.903991],[-122.569522,37.90399],[-122.569257,37.903932],[-122.569234,37.903996],[-122.569208,37.904059],[-122.568886,37.903983]]]},"properties":{"prop_id":"045-121-29","situsforma":"578 PANORAMIC HWY","situsfor_2":"578 PANORAMIC HWY  MILL VALLEY"}},{"type":"Feature","geometry":{"type":"Polygon","coordinates":[[[-122.537523,37.914134],[-122.537563,37.914121],[-122.537584,37.91413],[-122.537629,37.914108],[-122.537647,37.914047],[-122.537647,37.914046],[-122.537648,37.914046],[-122.537719,37.914039],[-122.537714,37.913999],[-122.537782,37.913952],[-122.537804,37.913937],[-122.538097,37.914357],[-122.537736,37.914559],[-122.537488,37.914293],[-122.537393,37.914225],[-122.537523,37.914134]]]},"properties":{"prop_id":"029-144-11","situsforma":"1 GLEN DR","situsfor_2":"1 GLEN DR  MILL VALLEY"}},{"type":"Feature","geometry":{"type":"Polygon","coordinates":[[[-122.532285,37.895989],[-122.53228,37.895987],[-122.532128,37.895913],[-122.532121,37.89591],[-122.532302,37.895668],[-122.532471,37.895749],[-122.532285,37.895989]]]},"properties":{"prop_id":"030-082-25","situsforma":"22 PLYMOUTH AVE","situsfor_2":"22 PLYMOUTH AVE  MILL VALLEY"}},{"type":"Feature","geometry":{"type":"Polygon","coordinates":[[[-122.536914,37.924048],[-122.536978,37.924069],[-122.537292,37.924175],[-122.537151,37.924436],[-122.537124,37.924436],[-122.537124,37.924436],[-122.537122,37.924436],[-122.537097,37.924437],[-122.537096,37.924437],[-122.537095,37.924437],[-122.537069,37.92444],[-122.537044,37.924445],[-122.537043,37.924446],[-122.537041,37.924446],[-122.537018,37.924453],[-122.537017,37.924453],[-122.537016,37.924453],[-122.536992,37.924462],[-122.536968,37.924472],[-122.536967,37.924473],[-122.536966,37.924473],[-122.536946,37.924485],[-122.536945,37.924485],[-122.536944,37.924486],[-122.536923,37.924499],[-122.536729,37.924594],[-122.536722,37.924598],[-122.536722,37.924598],[-122.53672,37.924599],[-122.536715,37.924601],[-122.536713,37.924602],[-122.536713,37.924602],[-122.536712,37.924602],[-122.536706,37.924604],[-122.536705,37.924605],[-122.536705,37.924605],[-122.536697,37.924607],[-122.536696,37.924607],[-122.536695,37.924608],[-122.536689,37.924609],[-122.536688,37.924609],[-122.536687,37.924609],[-122.536682,37.92461],[-122.536679,37.92461],[-122.536678,37.92461],[-122.53667,37.924611],[-122.536669,37.924611],[-122.536668,37.924611],[-122.536662,37.924611],[-122.53666,37.924611],[-122.53666,37.924611],[-122.536653,37.92461],[-122.536651,37.92461],[-122.536651,37.92461],[-122.536643,37.924609],[-122.536642,37.924609],[-122.536641,37.924608],[-122.536635,37.924607],[-122.536634,37.924607],[-122.536632,37.924606],[-122.536627,37.924605],[-122.536625,37.924604],[-122.536625,37.924604],[-122.536617,37.924601],[-122.536617,37.924601],[-122.536617,37.924601],[-122.536615,37.9246],[-122.53661,37.924598],[-122.536609,37.924598],[-122.536608,37.924597],[-122.536603,37.924594],[-122.536603,37.924594],[-122.536602,37.924593],[-122.536602,37.924593],[-122.536601,37.924593],[-122.536596,37.924589],[-122.536595,37.924589],[-122.536595,37.924589],[-122.536595,37.924589],[-122.536594,37.924588],[-122.53659,37.924584],[-122.536589,37.924584],[-122.536588,37.924583],[-122.536585,37.924579],[-122.536584,37.924578],[-122.536584,37.924578],[-122.536583,37.924578],[-122.536579,37.924572],[-122.536378,37.924315],[-122.536056,37.924503],[-122.536093,37.924431],[-122.536191,37.924238],[-122.536215,37.924216],[-122.536229,37.924204],[-122.536244,37.924193],[-122.536261,37.924182],[-122.536278,37.924173],[-122.53639,37.92413],[-122.536418,37.924124],[-122.536418,37.924124],[-122.536419,37.924124],[-122.536446,37.924121],[-122.536446,37.924121],[-122.536447,37.924121],[-122.536474,37.92412],[-122.536474,37.92412],[-122.536474,37.92412],[-122.536475,37.92412],[-122.536501,37.92412],[-122.536503,37.92412],[-122.536504,37.92412],[-122.536531,37.924123],[-122.536683,37.924158],[-122.536696,37.92416],[-122.536697,37.92416],[-122.536698,37.92416],[-122.536698,37.92416],[-122.536698,37.92416],[-122.536699,37.92416],[-122.536711,37.924161],[-122.536712,37.924161],[-122.536714,37.924161],[-122.536725,37.924161],[-122.536727,37.924161],[-122.536728,37.924161],[-122.53674,37.92416],[-122.536742,37.92416],[-122.536743,37.92416],[-122.536756,37.924158],[-122.536757,37.924158],[-122.536758,37.924158],[-122.536771,37.924155],[-122.536784,37.924152],[-122.536785,37.924152],[-122.536786,37.924151],[-122.536798,37.924147],[-122.536799,37.924147],[-122.5368,37.924147],[-122.536812,37.924141],[-122.536823,37.924136],[-122.536825,37.924135],[-122.536826,37.924134],[-122.536836,37.924128],[-122.536836,37.924128],[-122.536837,37.924127],[-122.536848,37.92412],[-122.536908,37.924055],[-122.53691,37.924053],[-122.536911,37.924052],[-122.536912,37.92405],[-122.536914,37.924048]]]},"properties":{"prop_id":"021-155-07","situsforma":"10 SUNRISE LN","situsfor_2":"10 SUNRISE LN  LARKSPUR"}},{"type":"Feature","geometry":{"type":"Polygon","coordinates":[[[-122.545943,37.910506],[-122.545962,37.91042],[-122.5464,37.910252],[-122.546526,37.910448],[-122.546383,37.910581],[-122.546185,37.91051],[-122.546078,37.910592],[-122.545943,37.910506]]]},"properties":{"prop_id":"029-067-01","situsforma":"32 LINCOLN AVE","situsfor_2":"32 LINCOLN AVE  MILL VALLEY"}},{"type":"Feature","geometry":{"type":"Polygon","coordinates":[[[-122.533517,37.905315],[-122.533357,37.905127],[-122.53329,37.905161],[-122.53329,37.905162],[-122.533289,37.905162],[-122.533285,37.905165],[-122.5333,37.904552],[-122.533303,37.904552],[-122.533305,37.904552],[-122.533403,37.90455],[-122.533406,37.904587],[-122.533409,37.904636],[-122.533524,37.9046],[-122.533643,37.90463],[-122.534031,37.904791],[-122.53413,37.904897],[-122.53414,37.905251],[-122.53414,37.905278],[-122.533882,37.905531],[-122.533828,37.905477],[-122.533701,37.905348],[-122.533517,37.905315]]]},"properties":{"prop_id":"029-231-23","situsforma":"55 AVON AVE","situsfor_2":"55 AVON AVE  MILL VALLEY"}},{"type":"Feature","geometry":{"type":"Polygon","coordinates":[[[-122.535655,37.910318],[-122.535934,37.910345],[-122.535833,37.910553],[-122.535644,37.910536],[-122.535655,37.910318]]]},"properties":{"prop_id":"029-161-46","situsforma":"22 FAIRWAY DR","situsfor_2":"22 FAIRWAY DR  MILL VALLEY"}},{"type":"Feature","geometry":{"type":"Polygon","coordinates":[[[-122.549239,37.896399],[-122.549019,37.896291],[-122.549098,37.896197],[-122.549322,37.895932],[-122.549549,37.896038],[-122.549239,37.896399]]]},"properties":{"prop_id":"047-182-09","situsforma":"376 RIDGEWOOD AVE","situsfor_2":"376 RIDGEWOOD AVE  MILL VALLEY"}},{"type":"Feature","geometry":{"type":"Polygon","coordinates":[[[-122.538527,37.915684],[-122.538884,37.915517],[-122.538924,37.915558],[-122.539046,37.915687],[-122.538743,37.915901],[-122.538699,37.915862],[-122.538615,37.915783],[-122.538614,37.915782],[-122.538613,37.915781],[-122.538527,37.915684]]]},"properties":{"prop_id":"029-143-03","situsforma":"11 GLEN DR","situsfor_2":"11 GLEN DR  MILL VALLEY"}},{"type":"Feature","geometry":{"type":"Polygon","coordinates":[[[-122.559254,37.911586],[-122.559659,37.911344],[-122.559797,37.911604],[-122.559786,37.911611],[-122.559205,37.911972],[-122.55907,37.911965],[-122.559058,37.911963],[-122.559057,37.911963],[-122.559056,37.911963],[-122.559055,37.911963],[-122.55903,37.911958],[-122.559029,37.911958],[-122.559028,37.911958],[-122.559013,37.911954],[-122.559004,37.911951],[-122.559003,37.911951],[-122.559002,37.911951],[-122.558979,37.911943],[-122.558978,37.911943],[-122.558978,37.911943],[-122.558977,37.911942],[-122.558955,37.911933],[-122.558954,37.911932],[-122.558953,37.911932],[-122.558932,37.911921],[-122.558931,37.91192],[-122.55893,37.91192],[-122.558909,37.911907],[-122.558957,37.911885],[-122.558975,37.911864],[-122.559158,37.911645],[-122.559213,37.911611],[-122.559254,37.911586]]]},"properties":{"prop_id":"027-172-27","situsforma":"381 LOVELL AVE","situsfor_2":"381 LOVELL AVE  MILL VALLEY"}},{"type":"Feature","geometry":{"type":"Polygon","coordinates":[[[-122.531421,37.916473],[-122.531667,37.916129],[-122.531792,37.91614],[-122.531796,37.916151],[-122.531796,37.916152],[-122.531797,37.916153],[-122.531802,37.916163],[-122.531802,37.916164],[-122.531803,37.916165],[-122.531809,37.916174],[-122.531809,37.916175],[-122.531809,37.916175],[-122.531809,37.916176],[-122.531816,37.916185],[-122.531817,37.916185],[-122.531817,37.916186],[-122.531826,37.916195],[-122.531835,37.916205],[-122.531836,37.916205],[-122.531837,37.916206],[-122.531846,37.916213],[-122.531846,37.916214],[-122.531846,37.916214],[-122.531847,37.916214],[-122.531856,37.916221],[-122.531857,37.916222],[-122.531858,37.916223],[-122.531869,37.916229],[-122.531869,37.916229],[-122.531871,37.91623],[-122.531882,37.916236],[-122.531894,37.91624],[-122.531895,37.916241],[-122.531896,37.916241],[-122.531908,37.916245],[-122.531909,37.916245],[-122.531911,37.916246],[-122.531922,37.916248],[-122.531923,37.916248],[-122.531923,37.916249],[-122.531924,37.916249],[-122.531936,37.916251],[-122.531938,37.916251],[-122.531938,37.916251],[-122.531951,37.916252],[-122.531952,37.916252],[-122.531953,37.916252],[-122.531966,37.916252],[-122.531967,37.916252],[-122.531968,37.916252],[-122.53198,37.916251],[-122.531981,37.916251],[-122.531982,37.916251],[-122.531793,37.916508],[-122.531787,37.916517],[-122.531415,37.916481],[-122.531421,37.916473]]]},"properties":{"prop_id":"029-341-10","situsforma":"6 MAGDALENA CT","situsfor_2":"6 MAGDALENA CT  MILL VALLEY"}},{"type":"Feature","geometry":{"type":"Polygon","coordinates":[[[-122.539488,37.908816],[-122.539544,37.908873],[-122.539512,37.909126],[-122.539327,37.909311],[-122.539171,37.909287],[-122.53937,37.909086],[-122.539318,37.908849],[-122.53934,37.908863],[-122.539488,37.908816]]]},"properties":{"prop_id":"029-082-31","situsforma":"58 HILLCREST RD","situsfor_2":"58 HILLCREST RD  MILL VALLEY"}},{"type":"Feature","geometry":{"type":"Polygon","coordinates":[[[-122.564871,37.920043],[-122.564861,37.920043],[-122.564852,37.920044],[-122.564842,37.920045],[-122.564832,37.920047],[-122.564823,37.92005],[-122.564814,37.920053],[-122.564806,37.920057],[-122.564798,37.920062],[-122.56479,37.920067],[-122.564786,37.92007],[-122.564751,37.920092],[-122.564707,37.920115],[-122.564661,37.920135],[-122.564614,37.920151],[-122.564564,37.920165],[-122.564513,37.920176],[-122.564461,37.920183],[-122.564186,37.920206],[-122.564169,37.920206],[-122.56412,37.920204],[-122.564073,37.920198],[-122.564026,37.920189],[-122.56398,37.920177],[-122.563936,37.920162],[-122.563894,37.920144],[-122.563855,37.920122],[-122.563935,37.920054],[-122.563936,37.920053],[-122.563937,37.920053],[-122.563937,37.920052],[-122.563965,37.920067],[-122.563966,37.920068],[-122.563967,37.920069],[-122.563996,37.920082],[-122.563997,37.920082],[-122.563997,37.920082],[-122.564011,37.920087],[-122.564027,37.920093],[-122.564029,37.920093],[-122.564029,37.920093],[-122.56403,37.920093],[-122.56403,37.920093],[-122.564043,37.920097],[-122.564061,37.920102],[-122.564062,37.920102],[-122.564062,37.920102],[-122.564062,37.920102],[-122.564063,37.920102],[-122.564064,37.920102],[-122.56408,37.920105],[-122.564094,37.920108],[-122.564095,37.920108],[-122.564096,37.920108],[-122.564096,37.920108],[-122.564096,37.920109],[-122.564097,37.920109],[-122.564097,37.920109],[-122.564131,37.920113],[-122.564132,37.920113],[-122.564132,37.920113],[-122.564132,37.920113],[-122.564132,37.920113],[-122.564133,37.920113],[-122.564136,37.920113],[-122.564161,37.920114],[-122.564164,37.920114],[-122.564165,37.920114],[-122.564166,37.920114],[-122.564166,37.920114],[-122.564167,37.920114],[-122.564167,37.920114],[-122.564167,37.920114],[-122.564168,37.920114],[-122.56419,37.920114],[-122.564202,37.920113],[-122.564203,37.920113],[-122.564203,37.920113],[-122.564204,37.920113],[-122.564204,37.920113],[-122.564205,37.920113],[-122.564205,37.920113],[-122.564206,37.920113],[-122.564206,37.920113],[-122.564207,37.920113],[-122.564207,37.920113],[-122.564208,37.920113],[-122.564208,37.920113],[-122.564209,37.920113],[-122.564212,37.920113],[-122.564212,37.920113],[-122.564417,37.920096],[-122.564417,37.920096],[-122.564418,37.920096],[-122.564419,37.920096],[-122.564419,37.920096],[-122.56442,37.920095],[-122.564421,37.920095],[-122.564422,37.920095],[-122.564422,37.920095],[-122.564429,37.920095],[-122.56445,37.920092],[-122.564451,37.920092],[-122.564453,37.920092],[-122.564453,37.920092],[-122.564454,37.920092],[-122.564462,37.920091],[-122.564488,37.920086],[-122.564488,37.920086],[-122.564489,37.920086],[-122.56452,37.920078],[-122.564523,37.920078],[-122.564524,37.920078],[-122.564543,37.920071],[-122.564546,37.92007],[-122.564549,37.920069],[-122.56455,37.920069],[-122.564555,37.920067],[-122.564556,37.920067],[-122.564557,37.920066],[-122.564559,37.920065],[-122.56457,37.920061],[-122.564583,37.920055],[-122.564587,37.920053],[-122.564588,37.920053],[-122.564588,37.920053],[-122.56459,37.920053],[-122.564591,37.920052],[-122.5646,37.920047],[-122.5646,37.920047],[-122.564603,37.920046],[-122.564778,37.919971],[-122.564794,37.919964],[-122.564795,37.919964],[-122.564795,37.919964],[-122.564798,37.919963],[-122.564801,37.919962],[-122.56481,37.919961],[-122.564812,37.91996],[-122.564813,37.91996],[-122.564814,37.91996],[-122.564815,37.91996],[-122.564816,37.91996],[-122.564822,37.919959],[-122.564825,37.919959],[-122.564825,37.919959],[-122.564826,37.919959],[-122.564831,37.919958],[-122.564833,37.919958],[-122.564835,37.919957],[-122.564835,37.919957],[-122.564836,37.919957],[-122.564837,37.919957],[-122.564845,37.919957],[-122.564845,37.919957],[-122.564846,37.919957],[-122.564846,37.919957],[-122.564847,37.919957],[-122.564847,37.919957],[-122.56485,37.919957],[-122.564855,37.919956],[-122.564856,37.919956],[-122.564857,37.919956],[-122.564857,37.919956],[-122.564857,37.919956],[-122.564858,37.919956],[-122.564858,37.919956],[-122.564858,37.919956],[-122.56486,37.919956],[-122.564868,37.919956],[-122.564868,37.919956],[-122.564869,37.919956],[-122.56487,37.919956],[-122.564874,37.919957],[-122.564876,37.919957],[-122.564877,37.919957],[-122.564878,37.919957],[-122.564878,37.919957],[-122.564878,37.919957],[-122.564879,37.919957],[-122.564879,37.919957],[-122.564879,37.919957],[-122.564879,37.919957],[-122.564885,37.919957],[-122.564889,37.919958],[-122.564894,37.919958],[-122.564898,37.919958],[-122.564899,37.919958],[-122.564899,37.919959],[-122.5649,37.919959],[-122.5649,37.919959],[-122.5649,37.919959],[-122.564902,37.919959],[-122.564908,37.91996],[-122.564909,37.91996],[-122.564911,37.91996],[-122.564911,37.91996],[-122.564918,37.919962],[-122.564919,37.919962],[-122.564919,37.919962],[-122.56492,37.919962],[-122.56492,37.919962],[-122.56492,37.919962],[-122.564921,37.919962],[-122.564931,37.919965],[-122.564934,37.919965],[-122.564934,37.919965],[-122.564938,37.919966],[-122.564939,37.919966],[-122.56494,37.919967],[-122.564941,37.919967],[-122.564941,37.919967],[-122.564942,37.919967],[-122.564952,37.91997],[-122.564952,37.91997],[-122.564953,37.919971],[-122.564959,37.919973],[-122.56496,37.919973],[-122.564961,37.919973],[-122.564962,37.919974],[-122.564971,37.919977],[-122.564972,37.919978],[-122.564973,37.919978],[-122.564974,37.919979],[-122.564975,37.919979],[-122.564978,37.91998],[-122.564979,37.919981],[-122.56498,37.919981],[-122.564981,37.919981],[-122.564981,37.919981],[-122.564982,37.919982],[-122.564983,37.919982],[-122.564983,37.919983],[-122.564989,37.919986],[-122.56499,37.919986],[-122.564997,37.919989],[-122.564997,37.91999],[-122.564998,37.91999],[-122.564999,37.91999],[-122.565007,37.919995],[-122.56501,37.919997],[-122.565013,37.919999],[-122.565014,37.92],[-122.565014,37.92],[-122.565014,37.92],[-122.565014,37.92],[-122.565015,37.92],[-122.565015,37.920001],[-122.565015,37.920001],[-122.565023,37.920006],[-122.565023,37.920006],[-122.565026,37.920008],[-122.56503,37.920011],[-122.56503,37.920011],[-122.56503,37.920012],[-122.565031,37.920012],[-122.565031,37.920012],[-122.565031,37.920012],[-122.565034,37.920015],[-122.565038,37.920018],[-122.565038,37.920019],[-122.565039,37.920019],[-122.565039,37.920019],[-122.565039,37.920019],[-122.565044,37.920024],[-122.565045,37.920024],[-122.565045,37.920024],[-122.565045,37.920024],[-122.565046,37.920025],[-122.565046,37.920025],[-122.565052,37.920031],[-122.565052,37.920032],[-122.565057,37.920037],[-122.565058,37.920037],[-122.565058,37.920038],[-122.565058,37.920038],[-122.565058,37.920038],[-122.565058,37.920039],[-122.565059,37.920039],[-122.565059,37.920039],[-122.565061,37.920042],[-122.565064,37.920046],[-122.565065,37.920047],[-122.565065,37.920047],[-122.565066,37.920048],[-122.565069,37.920052],[-122.565069,37.920052],[-122.565069,37.920052],[-122.565069,37.920052],[-122.56507,37.920053],[-122.56507,37.920054],[-122.56507,37.920054],[-122.565071,37.920054],[-122.565073,37.920058],[-122.565075,37.920061],[-122.565079,37.920067],[-122.565079,37.920067],[-122.56508,37.920068],[-122.565085,37.920079],[-122.565085,37.92008],[-122.565087,37.920083],[-122.565105,37.920113],[-122.565125,37.920147],[-122.565126,37.920147],[-122.565128,37.920151],[-122.565159,37.920202],[-122.565188,37.920251],[-122.565187,37.920252],[-122.565183,37.920255],[-122.565181,37.920256],[-122.565098,37.92031],[-122.565092,37.920302],[-122.565063,37.920265],[-122.564966,37.920099],[-122.564963,37.920092],[-122.564958,37.920086],[-122.564953,37.920079],[-122.564947,37.920073],[-122.56494,37.920067],[-122.564933,37.920062],[-122.564925,37.920058],[-122.564917,37.920054],[-122.564908,37.92005],[-122.564899,37.920048],[-122.56489,37.920046],[-122.564881,37.920044],[-122.564871,37.920043]]]},"properties":{"prop_id":"027-066-03","situsforma":"","situsfor_2":""}},{"type":"Feature","geometry":{"type":"Polygon","coordinates":[[[-122.530601,37.897378],[-122.530598,37.897404],[-122.530592,37.897477],[-122.530534,37.897633],[-122.530472,37.897801],[-122.53039,37.897775],[-122.530171,37.897654],[-122.53019,37.897363],[-122.530601,37.897378]]]},"properties":{"prop_id":"030-062-47","situsforma":"141 CAMINO ALTO","situsfor_2":"141 CAMINO ALTO  MILL VALLEY"}},{"type":"Feature","geometry":{"type":"Polygon","coordinates":[[[-122.5562,37.908925],[-122.556318,37.908819],[-122.556426,37.908921],[-122.556422,37.908923],[-122.556286,37.909008],[-122.556283,37.90901],[-122.5562,37.908925]]]},"properties":{"prop_id":"027-221-25","situsforma":"254 LOVELL AVE","situsfor_2":"254 LOVELL AVE  MILL VALLEY"}},{"type":"Feature","geometry":{"type":"Polygon","coordinates":[[[-122.53697,37.901881],[-122.536723,37.901501],[-122.536756,37.90149],[-122.536891,37.901693],[-122.537159,37.901592],[-122.537215,37.901749],[-122.53697,37.901881]]]},"properties":{"prop_id":"028-232-16","situsforma":"69 CATALPA AVE","situsfor_2":"69 CATALPA AVE  MILL VALLEY"}},{"type":"Feature","geometry":{"type":"Polygon","coordinates":[[[-122.55532,37.920906],[-122.556089,37.920336],[-122.557064,37.9211],[-122.55732,37.921153],[-122.557451,37.921177],[-122.557593,37.921203],[-122.557116,37.921412],[-122.557029,37.921475],[-122.556307,37.921558],[-122.555827,37.921614],[-122.555822,37.921562],[-122.555819,37.921533],[-122.55578,37.921161],[-122.555527,37.920937],[-122.555445,37.920924],[-122.55532,37.920906],[-122.55532,37.920906]]]},"properties":{"prop_id":"027-034-09","situsforma":"","situsfor_2":""}},{"type":"Feature","geometry":{"type":"Polygon","coordinates":[[[-122.550389,37.896331],[-122.55017,37.896636],[-122.549965,37.896571],[-122.550185,37.896259],[-122.550389,37.896331]]]},"properties":{"prop_id":"047-141-22","situsforma":"386 RIDGEWOOD AVE","situsfor_2":"386 RIDGEWOOD AVE  MILL VALLEY"}},{"type":"Feature","geometry":{"type":"Polygon","coordinates":[[[-122.547312,37.909804],[-122.547568,37.910158],[-122.547249,37.910208],[-122.547163,37.910088],[-122.547136,37.910098],[-122.547045,37.909957],[-122.547062,37.909949],[-122.547028,37.909901],[-122.547312,37.909804]]]},"properties":{"prop_id":"029-066-11","situsforma":"2 LINCOLN AVE","situsfor_2":"2 LINCOLN AVE  MILL VALLEY"}},{"type":"Feature","geometry":{"type":"Polygon","coordinates":[[[-122.550793,37.905464],[-122.55079,37.905465],[-122.55079,37.905139],[-122.550981,37.905105],[-122.550894,37.905442],[-122.550793,37.905464]]]},"properties":{"prop_id":"028-055-11","situsforma":"238 THROCKMORTON AVE","situsfor_2":"238 THROCKMORTON AVE  MILL VALLEY"}},{"type":"Feature","geometry":{"type":"Polygon","coordinates":[[[-122.550001,37.905638],[-122.550096,37.9056],[-122.550232,37.906005],[-122.550135,37.906038],[-122.550001,37.905638]]]},"properties":{"prop_id":"028-055-27","situsforma":"61 LOVELL AVE","situsfor_2":"61 LOVELL AVE  MILL VALLEY"}},{"type":"Feature","geometry":{"type":"Polygon","coordinates":[[[-122.566559,37.899385],[-122.566177,37.899271],[-122.566027,37.899251],[-122.566049,37.899211],[-122.566391,37.899114],[-122.566398,37.898866],[-122.566968,37.898975],[-122.566921,37.899273],[-122.567251,37.899338],[-122.567207,37.899519],[-122.567203,37.899535],[-122.567199,37.899553],[-122.566953,37.899605],[-122.566783,37.899641],[-122.566726,37.899589],[-122.566555,37.899433],[-122.566559,37.899385]]]},"properties":{"prop_id":"046-151-43","situsforma":"21 RIDGE AVE","situsfor_2":"21 RIDGE AVE  MILL VALLEY"}},{"type":"Feature","geometry":{"type":"Polygon","coordinates":[[[-122.533622,37.90014],[-122.533973,37.899852],[-122.534091,37.899941],[-122.533749,37.900218],[-122.533622,37.90014]]]},"properties":{"prop_id":"030-037-18","situsforma":"23 LOCKE LN","situsfor_2":"23 LOCKE LN  MILL VALLEY"}},{"type":"Feature","geometry":{"type":"Polygon","coordinates":[[[-122.56725,37.904685],[-122.567256,37.904692],[-122.566969,37.904813],[-122.566919,37.904831],[-122.566907,37.904835],[-122.566798,37.904798],[-122.566814,37.904792],[-122.5669,37.904762],[-122.567055,37.904705],[-122.567039,37.904682],[-122.566892,37.904468],[-122.567205,37.904331],[-122.567349,37.904541],[-122.567347,37.904543],[-122.567345,37.904546],[-122.567344,37.904549],[-122.567342,37.904551],[-122.567341,37.904554],[-122.567341,37.904557],[-122.567341,37.90456],[-122.567341,37.904563],[-122.567341,37.904566],[-122.567342,37.904569],[-122.567342,37.904572],[-122.567344,37.904574],[-122.567345,37.904576],[-122.567213,37.904635],[-122.567224,37.904649],[-122.56725,37.904685]]]},"properties":{"prop_id":"045-113-37","situsforma":"693 EDGEWOOD AVE","situsfor_2":"693 EDGEWOOD AVE  MILL VALLEY"}},{"type":"Feature","geometry":{"type":"Polygon","coordinates":[[[-122.562539,37.899663],[-122.5628,37.899856],[-122.56269,37.899953],[-122.562528,37.899987],[-122.562425,37.899685],[-122.562539,37.899663]]]},"properties":{"prop_id":"046-171-06","situsforma":"","situsfor_2":""}},{"type":"Feature","geometry":{"type":"Polygon","coordinates":[[[-122.557574,37.905302],[-122.557372,37.905603],[-122.557202,37.905247],[-122.557169,37.905231],[-122.557372,37.90498],[-122.557689,37.90513],[-122.557574,37.905302]]]},"properties":{"prop_id":"028-083-11","situsforma":"186 MARION AVE","situsfor_2":"186 MARION AVE  MILL VALLEY"}},{"type":"Feature","geometry":{"type":"Polygon","coordinates":[[[-122.532571,37.898104],[-122.532654,37.898036],[-122.532691,37.898007],[-122.532943,37.8982],[-122.532821,37.898301],[-122.532571,37.898104]]]},"properties":{"prop_id":"030-062-04","situsforma":"16 NELSON AVE","situsfor_2":"16 NELSON AVE  MILL VALLEY"}},{"type":"Feature","geometry":{"type":"Polygon","coordinates":[[[-122.557845,37.908539],[-122.558008,37.908413],[-122.558258,37.908658],[-122.558093,37.908784],[-122.558093,37.908783],[-122.557845,37.908539]]]},"properties":{"prop_id":"027-212-16","situsforma":"10 EUGENE ST","situsfor_2":"10 EUGENE ST  MILL VALLEY"}},{"type":"Feature","geometry":{"type":"Polygon","coordinates":[[[-122.548912,37.906362],[-122.548847,37.906404],[-122.548551,37.906136],[-122.54862,37.906088],[-122.548912,37.906362]]]},"properties":{"prop_id":"028-056-04","situsforma":"116 THROCKMORTON AVE","situsfor_2":"116 THROCKMORTON AVE  MILL VALLEY"}},{"type":"Feature","geometry":{"type":"Polygon","coordinates":[[[-122.536348,37.921981],[-122.536627,37.92176],[-122.536794,37.92185],[-122.536679,37.921953],[-122.536596,37.921952],[-122.536395,37.921962],[-122.536389,37.922015],[-122.536348,37.921981]]]},"properties":{"prop_id":"025-133-26","situsforma":"","situsfor_2":""}},{"type":"Feature","geometry":{"type":"Polygon","coordinates":[[[-122.561297,37.896405],[-122.561312,37.896258],[-122.561342,37.895959],[-122.561342,37.895959],[-122.561357,37.895821],[-122.56164,37.89584],[-122.561641,37.89584],[-122.561729,37.895846],[-122.56173,37.895846],[-122.561653,37.896402],[-122.561483,37.896517],[-122.561477,37.896513],[-122.561297,37.896405],[-122.561297,37.896405]]]},"properties":{"prop_id":"046-272-01","situsforma":"","situsfor_2":""}},{"type":"Feature","geometry":{"type":"Polygon","coordinates":[[[-122.551335,37.919432],[-122.551332,37.919301],[-122.551501,37.919285],[-122.551501,37.919285],[-122.551663,37.919268],[-122.551664,37.919349],[-122.551664,37.919406],[-122.551854,37.919389],[-122.552344,37.919347],[-122.552347,37.919346],[-122.552424,37.91934],[-122.552592,37.919768],[-122.55254,37.919875],[-122.552527,37.9199],[-122.552512,37.919933],[-122.55233,37.919996],[-122.552238,37.920029],[-122.551903,37.9201],[-122.551534,37.920117],[-122.551354,37.920125],[-122.551335,37.919432]]]},"properties":{"prop_id":"027-052-34","situsforma":"","situsfor_2":""}},{"type":"Feature","geometry":{"type":"Polygon","coordinates":[[[-122.541592,37.899427],[-122.54172,37.899216],[-122.541824,37.899346],[-122.541695,37.899554],[-122.541643,37.89949],[-122.541592,37.899427]]]},"properties":{"prop_id":"028-184-08","situsforma":"395 MOLINO AVE","situsfor_2":"395 MOLINO AVE  MILL VALLEY"}},{"type":"Feature","geometry":{"type":"Polygon","coordinates":[[[-122.532969,37.914021],[-122.533446,37.914054],[-122.533255,37.914399],[-122.533221,37.914389],[-122.533219,37.914389],[-122.533218,37.914389],[-122.533183,37.914381],[-122.533182,37.914381],[-122.533181,37.914381],[-122.533145,37.914376],[-122.533145,37.914375],[-122.533145,37.914375],[-122.533144,37.914375],[-122.533108,37.914373],[-122.533107,37.914373],[-122.533106,37.914373],[-122.53307,37.914373],[-122.533069,37.914373],[-122.533067,37.914373],[-122.533031,37.914376],[-122.533031,37.914376],[-122.53303,37.914376],[-122.53303,37.914376],[-122.532994,37.914381],[-122.532993,37.914381],[-122.532992,37.914381],[-122.532957,37.914389],[-122.532956,37.914389],[-122.532955,37.91439],[-122.532921,37.9144],[-122.53292,37.9144],[-122.53292,37.9144],[-122.532887,37.914413],[-122.532886,37.914413],[-122.53288,37.914415],[-122.532969,37.914021]]]},"properties":{"prop_id":"029-332-17","situsforma":"311 VISTA LINDA DR","situsfor_2":"311 VISTA LINDA DR  MILL VALLEY"}},{"type":"Feature","geometry":{"type":"Polygon","coordinates":[[[-122.552452,37.9011],[-122.552677,37.900895],[-122.552737,37.901118],[-122.552737,37.901119],[-122.552737,37.901119],[-122.552707,37.901127],[-122.5524,37.901203],[-122.552397,37.901203],[-122.552396,37.901203],[-122.55233,37.901205],[-122.552314,37.901206],[-122.552311,37.901206],[-122.55229,37.901206],[-122.552109,37.901212],[-122.552109,37.901212],[-122.55211,37.901211],[-122.552452,37.9011]]]},"properties":{"prop_id":"047-031-06","situsforma":"661 RIDGEWOOD AVE","situsfor_2":"661 RIDGEWOOD AVE  MILL VALLEY"}},{"type":"Feature","geometry":{"type":"Polygon","coordinates":[[[-122.542941,37.896207],[-122.542968,37.896146],[-122.542971,37.896139],[-122.542972,37.896138],[-122.542972,37.896137],[-122.542977,37.89613],[-122.542977,37.896129],[-122.542977,37.896129],[-122.542978,37.896128],[-122.542983,37.896121],[-122.542984,37.89612],[-122.542985,37.896119],[-122.542991,37.896112],[-122.542991,37.896112],[-122.542991,37.896111],[-122.542999,37.896104],[-122.542999,37.896104],[-122.543,37.896103],[-122.543008,37.896096],[-122.543017,37.89609],[-122.543018,37.89609],[-122.543019,37.896089],[-122.543028,37.896084],[-122.543028,37.896084],[-122.543038,37.896079],[-122.543039,37.896078],[-122.54304,37.896078],[-122.54305,37.896074],[-122.543051,37.896074],[-122.543051,37.896074],[-122.543061,37.896071],[-122.543062,37.89607],[-122.543063,37.89607],[-122.543074,37.896067],[-122.543074,37.896067],[-122.543075,37.896067],[-122.543086,37.896065],[-122.543086,37.896065],[-122.543087,37.896065],[-122.543098,37.896064],[-122.543099,37.896064],[-122.543099,37.896064],[-122.543111,37.896064],[-122.543111,37.896064],[-122.543111,37.896064],[-122.543123,37.896064],[-122.543123,37.896064],[-122.543124,37.896065],[-122.543135,37.896066],[-122.543135,37.896066],[-122.543147,37.896068],[-122.543147,37.896068],[-122.543148,37.896068],[-122.543159,37.896071],[-122.543159,37.896072],[-122.543169,37.896075],[-122.54317,37.896075],[-122.54317,37.896076],[-122.54318,37.89608],[-122.543187,37.896085],[-122.543187,37.896086],[-122.543188,37.896086],[-122.543195,37.896092],[-122.543195,37.896092],[-122.543201,37.896099],[-122.543202,37.896099],[-122.543202,37.8961],[-122.543208,37.896107],[-122.543213,37.896114],[-122.543214,37.896115],[-122.543214,37.896115],[-122.543218,37.896123],[-122.543218,37.896124],[-122.543219,37.896124],[-122.543222,37.896132],[-122.543223,37.896133],[-122.543223,37.896133],[-122.543226,37.896142],[-122.543226,37.896142],[-122.543226,37.896143],[-122.543228,37.896151],[-122.543228,37.896152],[-122.543228,37.896152],[-122.54323,37.896161],[-122.54323,37.896162],[-122.54323,37.896162],[-122.543231,37.896171],[-122.543231,37.896172],[-122.543231,37.896172],[-122.543231,37.896172],[-122.543231,37.896181],[-122.543231,37.896182],[-122.543231,37.896183],[-122.54323,37.896192],[-122.54323,37.896192],[-122.543229,37.896201],[-122.543229,37.896202],[-122.543229,37.896203],[-122.543227,37.896211],[-122.543209,37.896271],[-122.542941,37.896207]]]},"properties":{"prop_id":"047-191-28","situsforma":"","situsfor_2":""}},{"type":"Feature","geometry":{"type":"Polygon","coordinates":[[[-122.568705,37.912414],[-122.568883,37.912175],[-122.569086,37.912272],[-122.569065,37.91232],[-122.568945,37.912586],[-122.568944,37.912586],[-122.5688,37.912508],[-122.568725,37.912468],[-122.568725,37.912468],[-122.568736,37.912452],[-122.568744,37.912441],[-122.568744,37.912441],[-122.568737,37.912436],[-122.568704,37.912414],[-122.568705,37.912414]]]},"properties":{"prop_id":"027-154-15","situsforma":"530 CASCADE DR","situsfor_2":"530 CASCADE DR  MILL VALLEY"}},{"type":"Feature","geometry":{"type":"Polygon","coordinates":[[[-122.562085,37.898683],[-122.562042,37.89858],[-122.561963,37.898599],[-122.561952,37.898573],[-122.562082,37.898544],[-122.562427,37.898477],[-122.562394,37.898603],[-122.562315,37.898728],[-122.56193,37.898804],[-122.561925,37.898791],[-122.561959,37.898783],[-122.561933,37.898719],[-122.562085,37.898683]]]},"properties":{"prop_id":"046-181-20","situsforma":"370 PANORAMIC HWY","situsfor_2":"370 PANORAMIC HWY  MILL VALLEY"}},{"type":"Feature","geometry":{"type":"Polygon","coordinates":[[[-122.557446,37.914284],[-122.557343,37.914668],[-122.55702,37.914724],[-122.556978,37.914649],[-122.557102,37.914368],[-122.557446,37.914284]]]},"properties":{"prop_id":"027-113-04","situsforma":"","situsfor_2":""}},{"type":"Feature","geometry":{"type":"Polygon","coordinates":[[[-122.532812,37.923841],[-122.532415,37.923707],[-122.532523,37.923655],[-122.532668,37.923583],[-122.532748,37.923643],[-122.532886,37.923682],[-122.532812,37.923841]]]},"properties":{"prop_id":"025-085-11","situsforma":"259 MORNINGSIDE DR","situsfor_2":"259 MORNINGSIDE DR  CORTE MADERA"}},{"type":"Feature","geometry":{"type":"Polygon","coordinates":[[[-122.542488,37.896259],[-122.542535,37.896116],[-122.542873,37.89619],[-122.542767,37.896473],[-122.542735,37.896469],[-122.542704,37.896526],[-122.542675,37.896504],[-122.542419,37.896469],[-122.542488,37.896259]]]},"properties":{"prop_id":"047-191-30","situsforma":"260 EVERGREEN AVE","situsfor_2":"260 EVERGREEN AVE  MILL VALLEY"}},{"type":"Feature","geometry":{"type":"Polygon","coordinates":[[[-122.539054,37.900624],[-122.539137,37.90056],[-122.539232,37.900617],[-122.539266,37.900639],[-122.53938,37.900728],[-122.539399,37.900742],[-122.539282,37.900832],[-122.539254,37.900854],[-122.53903,37.900643],[-122.539054,37.900624]]]},"properties":{"prop_id":"028-222-35","situsforma":"","situsfor_2":""}},{"type":"Feature","geometry":{"type":"Polygon","coordinates":[[[-122.538804,37.899334],[-122.538881,37.899284],[-122.539109,37.899487],[-122.538559,37.899869],[-122.538525,37.899893],[-122.538209,37.899747],[-122.538804,37.899334]]]},"properties":{"prop_id":"028-222-61","situsforma":"305 MILLER AVE","situsfor_2":"305 MILLER AVE  MILL VALLEY"}},{"type":"Feature","geometry":{"type":"Polygon","coordinates":[[[-122.541406,37.894766],[-122.541382,37.894838],[-122.541238,37.894731],[-122.541262,37.894659],[-122.541406,37.894766]]]},"properties":{"prop_id":"047-222-23","situsforma":"","situsfor_2":""}},{"type":"Feature","geometry":{"type":"Polygon","coordinates":[[[-122.543276,37.912426],[-122.54318,37.912274],[-122.543543,37.912165],[-122.54365,37.912324],[-122.54439,37.912496],[-122.544406,37.912501],[-122.544423,37.912505],[-122.544307,37.912659],[-122.543276,37.912426]],[[-122.543462,37.912339],[-122.543381,37.912227],[-122.543223,37.912292],[-122.543307,37.912411],[-122.543462,37.912339]]]},"properties":{"prop_id":"029-290-16","situsforma":"","situsfor_2":""}},{"type":"Feature","geometry":{"type":"Polygon","coordinates":[[[-122.547779,37.912757],[-122.548093,37.912649],[-122.548197,37.912753],[-122.548209,37.912785],[-122.547736,37.912924],[-122.54765,37.912948],[-122.54757,37.912818],[-122.547569,37.912816],[-122.547778,37.912757],[-122.547779,37.912757]]]},"properties":{"prop_id":"029-032-27","situsforma":"100 ELDRIDGE AVE","situsfor_2":"100 ELDRIDGE AVE  MILL VALLEY"}},{"type":"Feature","geometry":{"type":"Polygon","coordinates":[[[-122.531854,37.915983],[-122.531829,37.915618],[-122.531952,37.915517],[-122.532202,37.915852],[-122.532196,37.915858],[-122.532194,37.91586],[-122.532194,37.915861],[-122.532179,37.915877],[-122.532178,37.915877],[-122.532177,37.915878],[-122.532161,37.915893],[-122.53216,37.915894],[-122.53216,37.915894],[-122.53216,37.915894],[-122.532141,37.915908],[-122.532141,37.915908],[-122.53214,37.915909],[-122.532121,37.915921],[-122.53212,37.915922],[-122.532119,37.915922],[-122.532098,37.915933],[-122.532097,37.915933],[-122.532097,37.915933],[-122.532075,37.915942],[-122.532074,37.915943],[-122.532073,37.915943],[-122.532051,37.91595],[-122.53205,37.915951],[-122.532049,37.915951],[-122.532024,37.915957],[-122.531905,37.91598],[-122.531896,37.915981],[-122.531896,37.915981],[-122.531895,37.915981],[-122.531875,37.915983],[-122.531875,37.915983],[-122.531875,37.915983],[-122.531875,37.915983],[-122.531854,37.915983]]]},"properties":{"prop_id":"029-342-06","situsforma":"90 SARAH DR","situsfor_2":"90 SARAH DR  MILL VALLEY"}},{"type":"Feature","geometry":{"type":"Polygon","coordinates":[[[-122.55146,37.90939],[-122.551143,37.909195],[-122.551299,37.909069],[-122.551325,37.909047],[-122.551338,37.909036],[-122.551368,37.909043],[-122.551773,37.909117],[-122.551771,37.909181],[-122.551769,37.909235],[-122.551762,37.909429],[-122.551548,37.909382],[-122.55146,37.90939]]]},"properties":{"prop_id":"029-092-18","situsforma":"403 MAGEE AVE","situsfor_2":"403 MAGEE AVE  MILL VALLEY"}},{"type":"Feature","geometry":{"type":"Polygon","coordinates":[[[-122.533802,37.901831],[-122.533923,37.90193],[-122.533628,37.902141],[-122.533459,37.902066],[-122.533763,37.901857],[-122.533802,37.901831]]]},"properties":{"prop_id":"030-032-08","situsforma":"245 ELM AVE","situsfor_2":"245 ELM AVE  MILL VALLEY"}},{"type":"Feature","geometry":{"type":"Polygon","coordinates":[[[-122.562883,37.905468],[-122.562856,37.905576],[-122.562686,37.905586],[-122.562596,37.905554],[-122.562543,37.905593],[-122.562427,37.905496],[-122.562587,37.905223],[-122.562736,37.905194],[-122.562963,37.905172],[-122.562883,37.905468]]]},"properties":{"prop_id":"027-251-34","situsforma":"135 MONTE VISTA AVE","situsfor_2":"135 MONTE VISTA AVE  MILL VALLEY"}},{"type":"Feature","geometry":{"type":"Polygon","coordinates":[[[-122.545999,37.905088],[-122.545857,37.905274],[-122.545712,37.905248],[-122.545755,37.905188],[-122.545823,37.905097],[-122.545917,37.904973],[-122.545996,37.904876],[-122.546113,37.904928],[-122.545999,37.905088]]]},"properties":{"prop_id":"028-065-06","situsforma":"35 LAURELWOOD AVE","situsfor_2":"35 LAURELWOOD AVE  MILL VALLEY"}},{"type":"Feature","geometry":{"type":"Polygon","coordinates":[[[-122.52927,37.899327],[-122.529288,37.899294],[-122.529288,37.899294],[-122.529288,37.899293],[-122.529289,37.899293],[-122.529334,37.899226],[-122.529334,37.899225],[-122.529335,37.899224],[-122.52939,37.899161],[-122.529696,37.899347],[-122.529676,37.899367],[-122.529636,37.89941],[-122.529636,37.89941],[-122.529636,37.89941],[-122.529602,37.899455],[-122.529601,37.899455],[-122.529599,37.899458],[-122.52927,37.899327]]]},"properties":{"prop_id":"030-044-06","situsforma":"94 RYAN AVE","situsfor_2":"94 RYAN AVE  MILL VALLEY"}},{"type":"Feature","geometry":{"type":"Polygon","coordinates":[[[-122.563506,37.907288],[-122.563021,37.907269],[-122.563081,37.907139],[-122.563067,37.906936],[-122.563244,37.906812],[-122.563988,37.90668],[-122.564114,37.906601],[-122.564141,37.906725],[-122.564037,37.906746],[-122.563687,37.906884],[-122.563539,37.907015],[-122.563557,37.907227],[-122.563506,37.907288]]]},"properties":{"prop_id":"027-232-04","situsforma":"","situsfor_2":""}},{"type":"Feature","geometry":{"type":"Polygon","coordinates":[[[-122.554879,37.918917],[-122.554889,37.918904],[-122.55489,37.918903],[-122.55489,37.918902],[-122.554891,37.918902],[-122.554927,37.918862],[-122.554928,37.918861],[-122.554929,37.91886],[-122.55497,37.918822],[-122.55497,37.918822],[-122.554971,37.918822],[-122.555016,37.918787],[-122.555017,37.918786],[-122.555017,37.918786],[-122.555068,37.918755],[-122.555068,37.918755],[-122.555069,37.918755],[-122.555124,37.918729],[-122.555125,37.918729],[-122.555126,37.918728],[-122.555184,37.918706],[-122.555184,37.918706],[-122.555184,37.918706],[-122.555184,37.918706],[-122.555245,37.918687],[-122.555246,37.918687],[-122.555247,37.918687],[-122.55531,37.918672],[-122.555314,37.918671],[-122.555316,37.918671],[-122.555327,37.918669],[-122.555327,37.918669],[-122.555328,37.918669],[-122.555329,37.918669],[-122.55534,37.918668],[-122.555341,37.918668],[-122.555342,37.918668],[-122.555354,37.918668],[-122.555355,37.918668],[-122.555357,37.918668],[-122.555368,37.918668],[-122.555369,37.918668],[-122.555369,37.918668],[-122.55537,37.918668],[-122.555381,37.918669],[-122.555383,37.91867],[-122.555384,37.91867],[-122.555396,37.918672],[-122.555396,37.918672],[-122.555396,37.918672],[-122.555397,37.918672],[-122.555408,37.918675],[-122.555409,37.918675],[-122.55541,37.918675],[-122.555421,37.918679],[-122.555422,37.918679],[-122.555424,37.91868],[-122.555433,37.918683],[-122.555434,37.918684],[-122.555435,37.918684],[-122.555445,37.918689],[-122.555446,37.91869],[-122.555447,37.91869],[-122.555457,37.918696],[-122.555524,37.918741],[-122.555525,37.918741],[-122.555526,37.918742],[-122.555528,37.918745],[-122.555528,37.918745],[-122.555529,37.918746],[-122.555531,37.918749],[-122.555531,37.91875],[-122.555532,37.918751],[-122.555533,37.918753],[-122.555534,37.918754],[-122.555534,37.918755],[-122.555535,37.918758],[-122.555536,37.918759],[-122.555536,37.91876],[-122.555537,37.918762],[-122.555537,37.918763],[-122.555538,37.918764],[-122.555538,37.918767],[-122.555538,37.918768],[-122.555538,37.918769],[-122.555538,37.918769],[-122.555539,37.918772],[-122.555539,37.918773],[-122.555539,37.918773],[-122.555539,37.918774],[-122.555539,37.918777],[-122.555539,37.918778],[-122.555538,37.918778],[-122.555538,37.918782],[-122.555538,37.918783],[-122.555538,37.918783],[-122.555537,37.918784],[-122.555537,37.918787],[-122.555537,37.918787],[-122.555536,37.918788],[-122.555536,37.918789],[-122.555535,37.918792],[-122.555535,37.918792],[-122.555534,37.918793],[-122.555533,37.918796],[-122.555532,37.918797],[-122.555532,37.918798],[-122.55553,37.9188],[-122.555529,37.918801],[-122.555529,37.918802],[-122.555527,37.918804],[-122.555526,37.918805],[-122.555525,37.918806],[-122.555523,37.918808],[-122.555522,37.918809],[-122.555522,37.918809],[-122.555519,37.918812],[-122.555518,37.918812],[-122.555517,37.918813],[-122.555517,37.918813],[-122.555514,37.918815],[-122.555513,37.918816],[-122.555513,37.918816],[-122.555513,37.918816],[-122.555508,37.918819],[-122.55545,37.918853],[-122.555449,37.918854],[-122.555448,37.918855],[-122.555396,37.918892],[-122.555395,37.918893],[-122.555394,37.918894],[-122.555347,37.918937],[-122.555347,37.918937],[-122.555346,37.918937],[-122.555306,37.918984],[-122.555306,37.918985],[-122.555305,37.918985],[-122.555271,37.919034],[-122.55527,37.919035],[-122.555268,37.919038],[-122.555257,37.919057],[-122.554879,37.918917]]]},"properties":{"prop_id":"027-271-25","situsforma":"18 MARSH DR","situsfor_2":"18 MARSH DR  MILL VALLEY"}},{"type":"Feature","geometry":{"type":"Polygon","coordinates":[[[-122.559951,37.906644],[-122.56017,37.906566],[-122.560667,37.906686],[-122.560648,37.906742],[-122.560546,37.906719],[-122.560147,37.906729],[-122.560078,37.90675],[-122.559951,37.906644]]]},"properties":{"prop_id":"027-243-23","situsforma":"25 MARION AVE","situsfor_2":"25 MARION AVE  MILL VALLEY"}},{"type":"Feature","geometry":{"type":"Polygon","coordinates":[[[-122.560555,37.913376],[-122.561026,37.913169],[-122.561009,37.913088],[-122.561135,37.912943],[-122.561383,37.912953],[-122.561336,37.913188],[-122.561358,37.913214],[-122.561624,37.91353],[-122.561603,37.91366],[-122.561133,37.913648],[-122.561082,37.913763],[-122.560935,37.91375],[-122.560662,37.913828],[-122.56059,37.913849],[-122.560555,37.913376]]]},"properties":{"prop_id":"027-105-21","situsforma":"501 TAMALPAIS AVE","situsfor_2":"501 TAMALPAIS AVE  MILL VALLEY"}},{"type":"Feature","geometry":{"type":"Polygon","coordinates":[[[-122.554141,37.916734],[-122.554327,37.916577],[-122.554447,37.916637],[-122.554577,37.916679],[-122.554325,37.916875],[-122.554141,37.916734]]]},"properties":{"prop_id":"027-081-43","situsforma":"20 ROWAN WAY","situsfor_2":"20 ROWAN WAY  MILL VALLEY"}},{"type":"Feature","geometry":{"type":"Polygon","coordinates":[[[-122.558362,37.914165],[-122.558245,37.913896],[-122.558498,37.913782],[-122.55885,37.913855],[-122.558878,37.91386],[-122.558908,37.913866],[-122.55893,37.91387],[-122.558931,37.91387],[-122.558984,37.913939],[-122.558977,37.914019],[-122.558927,37.914099],[-122.558881,37.914173],[-122.558873,37.914169],[-122.558593,37.914044],[-122.55853,37.914119],[-122.558362,37.914165]]]},"properties":{"prop_id":"027-111-18","situsforma":"342 TAMALPAIS AVE","situsfor_2":"342 TAMALPAIS AVE  MILL VALLEY"}},{"type":"Feature","geometry":{"type":"Polygon","coordinates":[[[-122.543946,37.909681],[-122.543629,37.909578],[-122.543711,37.909463],[-122.543711,37.909396],[-122.543747,37.909407],[-122.543786,37.909333],[-122.543924,37.909356],[-122.544061,37.909391],[-122.543946,37.909681]]]},"properties":{"prop_id":"029-111-07","situsforma":"266 HILLSIDE AVE","situsfor_2":"266 HILLSIDE AVE  MILL VALLEY"}},{"type":"Feature","geometry":{"type":"Polygon","coordinates":[[[-122.560837,37.901006],[-122.561056,37.900874],[-122.561057,37.900874],[-122.561312,37.901075],[-122.561236,37.901118],[-122.561095,37.901199],[-122.560839,37.901006],[-122.560838,37.901006],[-122.560837,37.901006]]]},"properties":{"prop_id":"045-273-01","situsforma":"","situsfor_2":""}},{"type":"Feature","geometry":{"type":"Polygon","coordinates":[[[-122.559263,37.910564],[-122.55949,37.91039],[-122.559732,37.910607],[-122.559732,37.910607],[-122.559686,37.910643],[-122.559686,37.910643],[-122.559643,37.910677],[-122.559423,37.910839],[-122.559263,37.910564]]]},"properties":{"prop_id":"027-172-15","situsforma":"19 THROCKMORTON LN","situsfor_2":"19 THROCKMORTON LN  MILL VALLEY"}},{"type":"Feature","geometry":{"type":"Polygon","coordinates":[[[-122.559567,37.901598],[-122.559352,37.90144],[-122.559324,37.901002],[-122.559111,37.900926],[-122.559112,37.900922],[-122.559112,37.900922],[-122.559122,37.900887],[-122.559122,37.900886],[-122.559122,37.900886],[-122.559122,37.900886],[-122.559136,37.900851],[-122.559319,37.90092],[-122.560114,37.901166],[-122.5604,37.901248],[-122.560293,37.901342],[-122.559876,37.90168],[-122.559782,37.901754],[-122.559567,37.901598]]]},"properties":{"prop_id":"046-330-33","situsforma":"5 WALSH DR","situsfor_2":"5 WALSH DR  MILL VALLEY"}},{"type":"Feature","geometry":{"type":"Polygon","coordinates":[[[-122.540764,37.901437],[-122.54031,37.901759],[-122.539955,37.901443],[-122.540154,37.901309],[-122.540324,37.901192],[-122.540588,37.901411],[-122.540996,37.90113],[-122.541003,37.901136],[-122.541015,37.901147],[-122.541027,37.901158],[-122.54109,37.901213],[-122.540764,37.901437]]]},"properties":{"prop_id":"028-222-73","situsforma":"225 MILLER AVE B","situsfor_2":"225 MILLER AVE B MILL VALLEY"}},{"type":"Feature","geometry":{"type":"Polygon","coordinates":[[[-122.529334,37.928426],[-122.52947,37.928419],[-122.529493,37.92869],[-122.529364,37.928699],[-122.529334,37.928426]]]},"properties":{"prop_id":"024-096-03","situsforma":"111 BALTIMORE AVE","situsfor_2":"111 BALTIMORE AVE  CORTE MADERA"}},{"type":"Feature","geometry":{"type":"Polygon","coordinates":[[[-122.541415,37.897045],[-122.541139,37.897083],[-122.54112,37.897088],[-122.540978,37.897112],[-122.54097,37.897098],[-122.540875,37.896924],[-122.541131,37.896878],[-122.541275,37.896864],[-122.541301,37.897025],[-122.541416,37.897019],[-122.541415,37.897045]]]},"properties":{"prop_id":"028-202-21","situsforma":"104 MONTFORD AVE","situsfor_2":"104 MONTFORD AVE  MILL VALLEY"}},{"type":"Feature","geometry":{"type":"Polygon","coordinates":[[[-122.54791,37.910371],[-122.548322,37.910168],[-122.548416,37.910284],[-122.548021,37.910479],[-122.548011,37.910469],[-122.54791,37.910372],[-122.54791,37.910371]]]},"properties":{"prop_id":"029-065-08","situsforma":"112 W BLITHEDALE AVE","situsfor_2":"112 W BLITHEDALE AVE  MILL VALLEY"}},{"type":"Feature","geometry":{"type":"Polygon","coordinates":[[[-122.542329,37.904271],[-122.542406,37.903939],[-122.542515,37.903986],[-122.542678,37.904055],[-122.542677,37.904057],[-122.542479,37.904337],[-122.542329,37.904271]]]},"properties":{"prop_id":"028-034-01","situsforma":"226 E BLITHEDALE AVE","situsfor_2":"226 E BLITHEDALE AVE  MILL VALLEY"}},{"type":"Feature","geometry":{"type":"Polygon","coordinates":[[[-122.548266,37.906897],[-122.548099,37.906736],[-122.54814,37.906745],[-122.548201,37.906705],[-122.548105,37.906613],[-122.548394,37.906423],[-122.548598,37.90661],[-122.548391,37.906744],[-122.548439,37.906788],[-122.548266,37.906897]]]},"properties":{"prop_id":"028-012-12","situsforma":"82 THROCKMORTON AVE","situsfor_2":"82 THROCKMORTON AVE  MILL VALLEY"}},{"type":"Feature","geometry":{"type":"Polygon","coordinates":[[[-122.563202,37.896782],[-122.563101,37.896741],[-122.562896,37.896658],[-122.563002,37.89649],[-122.563159,37.8964],[-122.563636,37.896461],[-122.563775,37.89656],[-122.563945,37.896719],[-122.564343,37.896633],[-122.564456,37.896636],[-122.564597,37.896745],[-122.564857,37.896505],[-122.564882,37.896372],[-122.564994,37.896514],[-122.565405,37.897035],[-122.565403,37.897036],[-122.565402,37.897036],[-122.564851,37.897226],[-122.564521,37.897282],[-122.564155,37.897197],[-122.563611,37.897037],[-122.563401,37.896822],[-122.563202,37.896782]]]},"properties":{"prop_id":"046-261-01","situsforma":"","situsfor_2":""}},{"type":"Feature","geometry":{"type":"Polygon","coordinates":[[[-122.534711,37.897113],[-122.534611,37.897068],[-122.534606,37.897074],[-122.534589,37.897065],[-122.534593,37.897058],[-122.534534,37.897029],[-122.534571,37.896981],[-122.534748,37.897067],[-122.534715,37.897111],[-122.534713,37.897114],[-122.534711,37.897113]]]},"properties":{"prop_id":"030-271-54","situsforma":"54 PARK TER","situsfor_2":"54 PARK TER  MILL VALLEY"}},{"type":"Feature","geometry":{"type":"Polygon","coordinates":[[[-122.532567,37.925477],[-122.532558,37.925381],[-122.532545,37.925382],[-122.532532,37.925185],[-122.532532,37.925185],[-122.532543,37.92519],[-122.532547,37.925192],[-122.532848,37.92512],[-122.532848,37.92512],[-122.532869,37.925179],[-122.53294,37.925396],[-122.532939,37.925396],[-122.532567,37.925477]]]},"properties":{"prop_id":"025-027-08","situsforma":"11 PORTOLA WAY","situsfor_2":"11 PORTOLA WAY  CORTE MADERA"}},{"type":"Feature","geometry":{"type":"Polygon","coordinates":[[[-122.559442,37.9081],[-122.5598,37.908359],[-122.559321,37.908774],[-122.559191,37.908653],[-122.559396,37.90851],[-122.559161,37.908293],[-122.559442,37.9081]]]},"properties":{"prop_id":"027-212-21","situsforma":"224 CASCADE DR","situsfor_2":"224 CASCADE DR  MILL VALLEY"}},{"type":"Feature","geometry":{"type":"Polygon","coordinates":[[[-122.533207,37.895643],[-122.53301,37.895887],[-122.532865,37.895816],[-122.533062,37.895568],[-122.533207,37.895643]]]},"properties":{"prop_id":"030-081-14","situsforma":"11 PLYMOUTH AVE","situsfor_2":"11 PLYMOUTH AVE  MILL VALLEY"}},{"type":"Feature","geometry":{"type":"Polygon","coordinates":[[[-122.54324,37.904196],[-122.5429,37.904044],[-122.543043,37.903844],[-122.543216,37.903924],[-122.543384,37.904001],[-122.543366,37.90402],[-122.543278,37.904143],[-122.54324,37.904196]]]},"properties":{"prop_id":"028-026-04","situsforma":"21 MILLWOOD ST","situsfor_2":"21 MILLWOOD ST  MILL VALLEY"}},{"type":"Feature","geometry":{"type":"Polygon","coordinates":[[[-122.556326,37.904104],[-122.556056,37.904417],[-122.555615,37.904474],[-122.555588,37.904329],[-122.555802,37.904128],[-122.556667,37.903513],[-122.556778,37.903567],[-122.556326,37.904104]]]},"properties":{"prop_id":"028-122-02","situsforma":"260 MARION AVE","situsfor_2":"260 MARION AVE  MILL VALLEY"}},{"type":"Feature","geometry":{"type":"Polygon","coordinates":[[[-122.54083,37.901984],[-122.540898,37.901934],[-122.541112,37.902115],[-122.540965,37.90222],[-122.540956,37.902227],[-122.54095,37.902223],[-122.540947,37.902221],[-122.540814,37.902132],[-122.540717,37.902067],[-122.540722,37.902064],[-122.54083,37.901984]]]},"properties":{"prop_id":"028-034-20","situsforma":"29 PARK AVE","situsfor_2":"29 PARK AVE  MILL VALLEY"}},{"type":"Feature","geometry":{"type":"Polygon","coordinates":[[[-122.538483,37.908279],[-122.538907,37.908557],[-122.539257,37.908807],[-122.539275,37.90882],[-122.538711,37.908861],[-122.538649,37.908791],[-122.538577,37.908709],[-122.538492,37.908614],[-122.538448,37.908462],[-122.538483,37.908279]]]},"properties":{"prop_id":"029-124-01","situsforma":"145 CIRCLE AVE","situsfor_2":"145 CIRCLE AVE  MILL VALLEY"}},{"type":"Feature","geometry":{"type":"Polygon","coordinates":[[[-122.54758,37.909025],[-122.547543,37.908782],[-122.547742,37.908765],[-122.547761,37.908735],[-122.547883,37.908726],[-122.547859,37.908755],[-122.547766,37.908866],[-122.547783,37.908998],[-122.5476,37.909063],[-122.54758,37.909025]]]},"properties":{"prop_id":"029-101-23","situsforma":"69 W BLITHEDALE AVE","situsfor_2":"69 W BLITHEDALE AVE  MILL VALLEY"}},{"type":"Feature","geometry":{"type":"Polygon","coordinates":[[[-122.528772,37.921042],[-122.528833,37.921003],[-122.528976,37.920911],[-122.529345,37.920632],[-122.529477,37.92053],[-122.52996,37.920597],[-122.529999,37.92063],[-122.53,37.920631],[-122.530001,37.920632],[-122.530042,37.920661],[-122.530043,37.920662],[-122.530047,37.920665],[-122.529485,37.920585],[-122.529343,37.920695],[-122.529356,37.920956],[-122.529366,37.92119],[-122.529324,37.921191],[-122.529327,37.921379],[-122.529329,37.921511],[-122.529087,37.92152],[-122.529009,37.921523],[-122.528895,37.921292],[-122.528772,37.921042]]]},"properties":{"prop_id":"025-151-28","situsforma":"516 CORTE MADERA AVE","situsfor_2":"516 CORTE MADERA AVE  CORTE MADERA"}},{"type":"Feature","geometry":{"type":"Polygon","coordinates":[[[-122.533587,37.897109],[-122.533239,37.89698],[-122.5333,37.896861],[-122.5333,37.89686],[-122.533305,37.89685],[-122.533666,37.896948],[-122.533653,37.897134],[-122.533587,37.897109]]]},"properties":{"prop_id":"030-081-02","situsforma":"106 VALLEY CIR","situsfor_2":"106 VALLEY CIR  MILL VALLEY"}},{"type":"Feature","geometry":{"type":"Polygon","coordinates":[[[-122.545611,37.894942],[-122.546001,37.895006],[-122.546023,37.895013],[-122.545756,37.895259],[-122.545751,37.895254],[-122.545678,37.895159],[-122.545611,37.894942]]]},"properties":{"prop_id":"047-211-11","situsforma":"332 RIDGEWOOD AVE","situsfor_2":"332 RIDGEWOOD AVE  MILL VALLEY"}},{"type":"Feature","geometry":{"type":"Polygon","coordinates":[[[-122.529924,37.921475],[-122.53023,37.921328],[-122.530265,37.921392],[-122.530323,37.921446],[-122.530032,37.921602],[-122.529956,37.921533],[-122.529949,37.921525],[-122.529948,37.921524],[-122.529948,37.921523],[-122.529941,37.921513],[-122.52994,37.921512],[-122.52994,37.921511],[-122.529934,37.921501],[-122.529933,37.9215],[-122.529933,37.921499],[-122.529928,37.921488],[-122.529928,37.921488],[-122.529928,37.921488],[-122.529928,37.921487],[-122.529924,37.921475]]]},"properties":{"prop_id":"025-142-08","situsforma":"493 CORTE MADERA AVE","situsfor_2":"493 CORTE MADERA AVE  CORTE MADERA"}},{"type":"Feature","geometry":{"type":"Polygon","coordinates":[[[-122.55421,37.899477],[-122.554151,37.899354],[-122.554172,37.899353],[-122.554299,37.89936],[-122.554359,37.899154],[-122.554426,37.898911],[-122.554556,37.898961],[-122.554605,37.899016],[-122.554731,37.899092],[-122.554946,37.899162],[-122.554809,37.899329],[-122.554694,37.89947],[-122.55468,37.899465],[-122.554511,37.899722],[-122.554467,37.899695],[-122.554435,37.899702],[-122.554344,37.899722],[-122.554327,37.899726],[-122.55421,37.899477]]]},"properties":{"prop_id":"047-072-24","situsforma":"508 TAMALPAIS DR","situsfor_2":"508 TAMALPAIS DR  MILL VALLEY"}},{"type":"Feature","geometry":{"type":"Polygon","coordinates":[[[-122.533333,37.903254],[-122.533435,37.902991],[-122.533622,37.903053],[-122.533461,37.90337],[-122.533302,37.903319],[-122.533333,37.903254]]]},"properties":{"prop_id":"030-011-05","situsforma":"73 ALTA VISTA AVE","situsfor_2":"73 ALTA VISTA AVE  MILL VALLEY"}},{"type":"Feature","geometry":{"type":"Polygon","coordinates":[[[-122.549245,37.904219],[-122.54947,37.904498],[-122.549473,37.904501],[-122.549622,37.904762],[-122.549427,37.904894],[-122.549207,37.904554],[-122.549136,37.904532],[-122.549159,37.904486],[-122.549218,37.904236],[-122.549245,37.904219]]]},"properties":{"prop_id":"028-101-11","situsforma":"79 ETHEL AVE","situsfor_2":"79 ETHEL AVE  MILL VALLEY"}},{"type":"Feature","geometry":{"type":"Polygon","coordinates":[[[-122.556218,37.912154],[-122.556077,37.91236],[-122.555642,37.912301],[-122.555803,37.9121],[-122.556218,37.912154]]]},"properties":{"prop_id":"027-144-04","situsforma":"401 SUMMIT AVE","situsfor_2":"401 SUMMIT AVE  MILL VALLEY"}},{"type":"Feature","geometry":{"type":"Polygon","coordinates":[[[-122.54602,37.899487],[-122.545692,37.899593],[-122.545535,37.899595],[-122.545734,37.899349],[-122.545892,37.899277],[-122.546171,37.899523],[-122.54602,37.899487]]]},"properties":{"prop_id":"047-122-10","situsforma":"","situsfor_2":""}},{"type":"Feature","geometry":{"type":"Polygon","coordinates":[[[-122.542593,37.906511],[-122.5426,37.906167],[-122.542776,37.906168],[-122.542766,37.906514],[-122.542593,37.906511]]]},"properties":{"prop_id":"029-184-26","situsforma":"107 SUNNYSIDE AVE","situsfor_2":"107 SUNNYSIDE AVE  MILL VALLEY"}},{"type":"Feature","geometry":{"type":"Polygon","coordinates":[[[-122.538512,37.895903],[-122.538611,37.895828],[-122.538865,37.896056],[-122.538762,37.896134],[-122.538512,37.895903]]]},"properties":{"prop_id":"048-011-14","situsforma":"5 LINDEN LN","situsfor_2":"5 LINDEN LN  MILL VALLEY"}},{"type":"Feature","geometry":{"type":"Polygon","coordinates":[[[-122.541313,37.895527],[-122.541662,37.895605],[-122.54161,37.89575],[-122.541258,37.895676],[-122.541313,37.895527]]]},"properties":{"prop_id":"047-222-01","situsforma":"245 EVERGREEN AVE","situsfor_2":"245 EVERGREEN AVE  MILL VALLEY"}},{"type":"Feature","geometry":{"type":"Polygon","coordinates":[[[-122.534254,37.900638],[-122.534106,37.900538],[-122.534493,37.900258],[-122.534538,37.900294],[-122.534533,37.900303],[-122.534533,37.900304],[-122.534532,37.900305],[-122.534528,37.900315],[-122.534528,37.900315],[-122.534528,37.900317],[-122.534525,37.900326],[-122.534525,37.900327],[-122.534525,37.900327],[-122.534525,37.900327],[-122.534523,37.900337],[-122.534523,37.900338],[-122.534523,37.900339],[-122.534522,37.900349],[-122.534522,37.90035],[-122.534522,37.900351],[-122.534523,37.900361],[-122.534523,37.900361],[-122.534523,37.900361],[-122.534523,37.900362],[-122.534524,37.900371],[-122.534524,37.900372],[-122.534525,37.900373],[-122.534527,37.900383],[-122.534528,37.900383],[-122.534528,37.900385],[-122.534532,37.900394],[-122.534532,37.900394],[-122.534532,37.900395],[-122.534532,37.900395],[-122.534537,37.900404],[-122.534537,37.900405],[-122.534538,37.900406],[-122.534544,37.900414],[-122.534544,37.900415],[-122.534545,37.900416],[-122.534551,37.900424],[-122.534552,37.900424],[-122.534553,37.900425],[-122.534267,37.900644],[-122.534254,37.900638]]]},"properties":{"prop_id":"030-037-23","situsforma":"24 HILARITA AVE","situsfor_2":"24 HILARITA AVE  MILL VALLEY"}},{"type":"Feature","geometry":{"type":"Polygon","coordinates":[[[-122.53686,37.922019],[-122.537027,37.921987],[-122.537042,37.922087],[-122.536891,37.922145],[-122.53686,37.922019]]]},"properties":{"prop_id":"021-163-13","situsforma":"","situsfor_2":""}},{"type":"Feature","geometry":{"type":"Polygon","coordinates":[[[-122.545484,37.911633],[-122.545474,37.911608],[-122.545631,37.911561],[-122.545634,37.91156],[-122.545692,37.911543],[-122.545945,37.91147],[-122.545943,37.911677],[-122.545899,37.911672],[-122.545898,37.911672],[-122.545897,37.911672],[-122.545897,37.911672],[-122.545852,37.91167],[-122.545851,37.91167],[-122.545851,37.91167],[-122.545806,37.911671],[-122.545805,37.911671],[-122.545804,37.911671],[-122.54576,37.911675],[-122.545759,37.911675],[-122.545758,37.911675],[-122.545714,37.911682],[-122.545713,37.911682],[-122.545704,37.911684],[-122.54556,37.911717],[-122.545523,37.911728],[-122.545485,37.911636],[-122.545484,37.911633]]]},"properties":{"prop_id":"029-063-21","situsforma":"20 EDGEHILL RD","situsfor_2":"20 EDGEHILL RD  MILL VALLEY"}},{"type":"Feature","geometry":{"type":"Polygon","coordinates":[[[-122.537638,37.907869],[-122.537287,37.90791],[-122.537314,37.907748],[-122.537677,37.907682],[-122.537638,37.907869]]]},"properties":{"prop_id":"029-171-10","situsforma":"264 MANOR DR","situsfor_2":"264 MANOR DR  MILL VALLEY"}},{"type":"Feature","geometry":{"type":"Polygon","coordinates":[[[-122.548904,37.909685],[-122.549301,37.909315],[-122.549478,37.909384],[-122.549452,37.909427],[-122.54948,37.909437],[-122.549545,37.90949],[-122.549595,37.90951],[-122.549588,37.909522],[-122.549656,37.909551],[-122.549139,37.910021],[-122.548904,37.909685]]]},"properties":{"prop_id":"029-053-33","situsforma":"75 UPPER ALCATRAZ PL","situsfor_2":"75 UPPER ALCATRAZ PL  MILL VALLEY"}},{"type":"Feature","geometry":{"type":"Polygon","coordinates":[[[-122.545722,37.895801],[-122.545892,37.895595],[-122.546071,37.895657],[-122.54616,37.895723],[-122.545909,37.895924],[-122.545722,37.895801]]]},"properties":{"prop_id":"047-211-01","situsforma":"325 LAVERNE AVE","situsfor_2":"325 LAVERNE AVE  MILL VALLEY"}},{"type":"Feature","geometry":{"type":"Polygon","coordinates":[[[-122.549642,37.905876],[-122.549698,37.905838],[-122.549767,37.905791],[-122.55006,37.906073],[-122.549986,37.906116],[-122.549923,37.906155],[-122.549642,37.905876]]]},"properties":{"prop_id":"028-055-41","situsforma":"55 LOVELL AVE","situsfor_2":"55 LOVELL AVE  MILL VALLEY"}},{"type":"Feature","geometry":{"type":"Polygon","coordinates":[[[-122.556011,37.906877],[-122.556367,37.907013],[-122.556127,37.907195],[-122.556074,37.907153],[-122.555826,37.907086],[-122.556011,37.906877]]]},"properties":{"prop_id":"028-081-01","situsforma":"431 THROCKMORTON AVE","situsfor_2":"431 THROCKMORTON AVE  MILL VALLEY"}},{"type":"Feature","geometry":{"type":"Polygon","coordinates":[[[-122.533179,37.926831],[-122.533246,37.926783],[-122.53325,37.926787],[-122.533251,37.926789],[-122.533478,37.927106],[-122.533263,37.927215],[-122.533015,37.926954],[-122.533013,37.926952],[-122.533013,37.926952],[-122.533034,37.926937],[-122.533086,37.926898],[-122.533087,37.926898],[-122.533179,37.926831]]]},"properties":{"prop_id":"021-142-30","situsforma":"11 LARK CT","situsfor_2":"11 LARK CT  LARKSPUR"}},{"type":"Feature","geometry":{"type":"Polygon","coordinates":[[[-122.548929,37.909975],[-122.549037,37.910113],[-122.548945,37.910162],[-122.548921,37.910175],[-122.548883,37.910179],[-122.548885,37.910199],[-122.548708,37.910207],[-122.548649,37.910132],[-122.548929,37.909975]]]},"properties":{"prop_id":"029-052-08","situsforma":"116 CORTE MADERA AVE","situsfor_2":"116 CORTE MADERA AVE  MILL VALLEY"}},{"type":"Feature","geometry":{"type":"Polygon","coordinates":[[[-122.558194,37.894009],[-122.557946,37.893739],[-122.558332,37.893664],[-122.558558,37.893954],[-122.558194,37.894009]]]},"properties":{"prop_id":"046-302-01","situsforma":"","situsfor_2":""}},{"type":"Feature","geometry":{"type":"Polygon","coordinates":[[[-122.539486,37.911867],[-122.539604,37.911861],[-122.539606,37.911879],[-122.539842,37.911893],[-122.539926,37.912155],[-122.539923,37.912155],[-122.539848,37.912198],[-122.539778,37.912246],[-122.539714,37.912299],[-122.539656,37.912356],[-122.539605,37.912417],[-122.53956,37.912481],[-122.539535,37.912525],[-122.539535,37.912527],[-122.539535,37.912528],[-122.539534,37.91253],[-122.539533,37.912532],[-122.539532,37.912533],[-122.539531,37.912535],[-122.53953,37.912536],[-122.539529,37.912538],[-122.539527,37.912539],[-122.539525,37.91254],[-122.539523,37.912541],[-122.539522,37.912542],[-122.53952,37.912543],[-122.539517,37.912543],[-122.539515,37.912544],[-122.539513,37.912544],[-122.539511,37.912544],[-122.539509,37.912544],[-122.539506,37.912544],[-122.539504,37.912544],[-122.539502,37.912543],[-122.5395,37.912543],[-122.539498,37.912542],[-122.539496,37.912541],[-122.539494,37.91254],[-122.539492,37.912539],[-122.539491,37.912538],[-122.539489,37.912536],[-122.539488,37.912535],[-122.539487,37.912533],[-122.539486,37.912532],[-122.539485,37.91253],[-122.539485,37.912528],[-122.539484,37.912527],[-122.539484,37.912525],[-122.539484,37.912523],[-122.539484,37.912522],[-122.539485,37.91252],[-122.539485,37.912518],[-122.539486,37.912516],[-122.539487,37.912515],[-122.539581,37.91236],[-122.53959,37.912341],[-122.539597,37.912321],[-122.539603,37.9123],[-122.539605,37.912279],[-122.539606,37.912258],[-122.539604,37.912237],[-122.539599,37.912217],[-122.539593,37.912196],[-122.539584,37.912176],[-122.539573,37.912157],[-122.539565,37.912145],[-122.539463,37.911998],[-122.53946,37.911995],[-122.539455,37.911985],[-122.539451,37.911975],[-122.539449,37.911966],[-122.539447,37.911955],[-122.539446,37.911945],[-122.539447,37.911935],[-122.539449,37.911925],[-122.539451,37.911915],[-122.539455,37.911906],[-122.53946,37.911896],[-122.539466,37.911887],[-122.539486,37.911867]]]},"properties":{"prop_id":"029-272-16","situsforma":"4 VIA VANDYKE","situsfor_2":"4 VIA VANDYKE  MILL VALLEY"}},{"type":"Feature","geometry":{"type":"Polygon","coordinates":[[[-122.569353,37.905748],[-122.569336,37.905503],[-122.569518,37.905495],[-122.569528,37.905744],[-122.569353,37.905748]]]},"properties":{"prop_id":"045-071-08","situsforma":"46 WASHINGTON PARK AVE","situsfor_2":"46 WASHINGTON PARK AVE  MILL VALLEY"}},{"type":"Feature","geometry":{"type":"Polygon","coordinates":[[[-122.546191,37.911701],[-122.546334,37.911456],[-122.546365,37.911457],[-122.546366,37.911457],[-122.546367,37.911457],[-122.546397,37.911455],[-122.546398,37.911455],[-122.546399,37.911455],[-122.546429,37.911451],[-122.54643,37.911451],[-122.546439,37.911449],[-122.546743,37.911379],[-122.546765,37.911383],[-122.54646,37.911672],[-122.546457,37.911675],[-122.546457,37.911675],[-122.546454,37.911678],[-122.546453,37.911679],[-122.546453,37.91168],[-122.546453,37.91168],[-122.546449,37.911683],[-122.546449,37.911684],[-122.546449,37.911684],[-122.546448,37.911684],[-122.546444,37.911687],[-122.546444,37.911688],[-122.546443,37.911689],[-122.546439,37.911691],[-122.546439,37.911691],[-122.546437,37.911692],[-122.546434,37.911694],[-122.546433,37.911694],[-122.546432,37.911695],[-122.546428,37.911697],[-122.546427,37.911697],[-122.546426,37.911697],[-122.546426,37.911698],[-122.546421,37.911699],[-122.54642,37.9117],[-122.54642,37.9117],[-122.54642,37.9117],[-122.546414,37.911701],[-122.546414,37.911701],[-122.546414,37.911701],[-122.546412,37.911702],[-122.546408,37.911703],[-122.546407,37.911703],[-122.546405,37.911703],[-122.546401,37.911704],[-122.5464,37.911704],[-122.546399,37.911704],[-122.546395,37.911704],[-122.546393,37.911704],[-122.546392,37.911704],[-122.546388,37.911704],[-122.546386,37.911704],[-122.546386,37.911704],[-122.546385,37.911704],[-122.546379,37.911704],[-122.546191,37.911701]]]},"properties":{"prop_id":"029-063-19","situsforma":"8 UPLAND AVE","situsfor_2":"8 UPLAND AVE  MILL VALLEY"}},{"type":"Feature","geometry":{"type":"Polygon","coordinates":[[[-122.557282,37.908966],[-122.557593,37.908779],[-122.557721,37.908901],[-122.55743,37.909075],[-122.557282,37.908966]]]},"properties":{"prop_id":"027-213-08","situsforma":"486 THROCKMORTON AVE","situsfor_2":"486 THROCKMORTON AVE  MILL VALLEY"}},{"type":"Feature","geometry":{"type":"Polygon","coordinates":[[[-122.56744,37.920629],[-122.567868,37.920383],[-122.567942,37.920427],[-122.568121,37.920298],[-122.568094,37.920184],[-122.567986,37.919737],[-122.568334,37.91937],[-122.568305,37.919263],[-122.568183,37.919092],[-122.568094,37.918748],[-122.568082,37.918701],[-122.568082,37.9187],[-122.568824,37.918962],[-122.569185,37.91909],[-122.569185,37.919091],[-122.569207,37.919108],[-122.569207,37.919109],[-122.569206,37.919109],[-122.569136,37.919156],[-122.568236,37.919759],[-122.568294,37.920356],[-122.568608,37.920561],[-122.568568,37.920668],[-122.568591,37.920826],[-122.568504,37.921148],[-122.568528,37.921194],[-122.568524,37.921195],[-122.568521,37.921197],[-122.568507,37.921203],[-122.568492,37.921209],[-122.568477,37.921213],[-122.568461,37.921216],[-122.568445,37.921218],[-122.568429,37.921219],[-122.568412,37.921218],[-122.568396,37.921217],[-122.56838,37.921214],[-122.568364,37.92121],[-122.568348,37.921205],[-122.568333,37.921198],[-122.568319,37.921191],[-122.568305,37.921183],[-122.568293,37.921174],[-122.568281,37.921165],[-122.568111,37.921017],[-122.568073,37.920988],[-122.568033,37.920962],[-122.56799,37.920939],[-122.567946,37.920919],[-122.567899,37.920902],[-122.567851,37.920889],[-122.567821,37.920882],[-122.567682,37.920865],[-122.567672,37.920864],[-122.567667,37.920862],[-122.567655,37.92086],[-122.567639,37.920855],[-122.567623,37.920849],[-122.567608,37.920843],[-122.567594,37.920835],[-122.567581,37.920826],[-122.567575,37.920822],[-122.567568,37.920816],[-122.567557,37.920805],[-122.567547,37.920794],[-122.567467,37.92066],[-122.56744,37.920629]]]},"properties":{"prop_id":"027-280-03","situsforma":"","situsfor_2":""}},{"type":"Feature","geometry":{"type":"Polygon","coordinates":[[[-122.55875,37.905816],[-122.55873,37.905824],[-122.558661,37.90587],[-122.558584,37.905921],[-122.558487,37.905781],[-122.558245,37.905685],[-122.558277,37.905543],[-122.558424,37.905542],[-122.558631,37.905393],[-122.55879,37.905649],[-122.558824,37.9057],[-122.558867,37.905768],[-122.55875,37.905816]]]},"properties":{"prop_id":"027-244-12","situsforma":"132 MARION AVE","situsfor_2":"132 MARION AVE  MILL VALLEY"}},{"type":"Feature","geometry":{"type":"Polygon","coordinates":[[[-122.547402,37.897567],[-122.547562,37.897132],[-122.547563,37.897131],[-122.547664,37.897153],[-122.547666,37.897153],[-122.547687,37.897158],[-122.547677,37.897185],[-122.547911,37.897237],[-122.547724,37.897761],[-122.547607,37.897638],[-122.547402,37.897567]]]},"properties":{"prop_id":"047-132-38","situsforma":"353 MONTFORD AVE","situsfor_2":"353 MONTFORD AVE  MILL VALLEY"}},{"type":"Feature","geometry":{"type":"Polygon","coordinates":[[[-122.533864,37.894236],[-122.533906,37.8942],[-122.534163,37.893987],[-122.534188,37.894007],[-122.534184,37.894011],[-122.534179,37.894015],[-122.534174,37.89402],[-122.534168,37.894025],[-122.534164,37.89403],[-122.534161,37.894035],[-122.534159,37.894039],[-122.534157,37.894044],[-122.534155,37.894049],[-122.534154,37.894055],[-122.534154,37.89406],[-122.534153,37.894065],[-122.534154,37.89407],[-122.534154,37.894075],[-122.534214,37.894157],[-122.534283,37.89423],[-122.534407,37.894318],[-122.534397,37.894342],[-122.534303,37.894557],[-122.534279,37.894613],[-122.533864,37.894236]]]},"properties":{"prop_id":"048-071-44","situsforma":"","situsfor_2":""}},{"type":"Feature","geometry":{"type":"Polygon","coordinates":[[[-122.568205,37.907854],[-122.569327,37.906634],[-122.569344,37.906615],[-122.569601,37.906325],[-122.569618,37.906306],[-122.569823,37.906075],[-122.569823,37.906074],[-122.569921,37.906297],[-122.569921,37.906297],[-122.569959,37.906383],[-122.569959,37.906384],[-122.570042,37.906457],[-122.570042,37.906458],[-122.570107,37.906516],[-122.570107,37.906516],[-122.570097,37.906565],[-122.570095,37.906577],[-122.570065,37.906712],[-122.570064,37.906717],[-122.570098,37.906771],[-122.570098,37.906771],[-122.570114,37.906797],[-122.570152,37.906856],[-122.570174,37.906892],[-122.570381,37.906921],[-122.570382,37.906921],[-122.570383,37.906923],[-122.570437,37.907006],[-122.570447,37.907093],[-122.570457,37.907169],[-122.570457,37.907171],[-122.570458,37.907173],[-122.570472,37.907215],[-122.570485,37.907255],[-122.570419,37.907249],[-122.5701,37.90722],[-122.570072,37.907217],[-122.569824,37.907195],[-122.569319,37.907628],[-122.569281,37.90766],[-122.567968,37.908786],[-122.567968,37.908786],[-122.567957,37.908795],[-122.567927,37.908522],[-122.567926,37.908513],[-122.567923,37.908482],[-122.567923,37.908482],[-122.567919,37.908448],[-122.568244,37.907928],[-122.568256,37.907907],[-122.568205,37.907854]]]},"properties":{"prop_id":"046-030-26","situsforma":"800 EDGEWOOD AVE","situsfor_2":"800 EDGEWOOD AVE  MILL VALLEY"}},{"type":"Feature","geometry":{"type":"Polygon","coordinates":[[[-122.549767,37.904733],[-122.549861,37.904299],[-122.550039,37.904316],[-122.549987,37.904688],[-122.549946,37.904697],[-122.549767,37.904733]]]},"properties":{"prop_id":"028-101-07","situsforma":"37 ETHEL AVE","situsfor_2":"37 ETHEL AVE  MILL VALLEY"}},{"type":"Feature","geometry":{"type":"Polygon","coordinates":[[[-122.532461,37.894505],[-122.532502,37.894461],[-122.532557,37.894493],[-122.532516,37.894537],[-122.532461,37.894505]]]},"properties":{"prop_id":"030-481-05","situsforma":"511 MILLER AVE","situsfor_2":"511 MILLER AVE  MILL VALLEY"}},{"type":"Feature","geometry":{"type":"Polygon","coordinates":[[[-122.53922,37.896654],[-122.539371,37.896718],[-122.539212,37.896982],[-122.539071,37.896904],[-122.53922,37.896654]]]},"properties":{"prop_id":"028-203-05","situsforma":"9 ROBERTSON TER","situsfor_2":"9 ROBERTSON TER  MILL VALLEY"}},{"type":"Feature","geometry":{"type":"Polygon","coordinates":[[[-122.53545,37.903572],[-122.535312,37.90352],[-122.535571,37.903195],[-122.535704,37.90326],[-122.53545,37.903572]]]},"properties":{"prop_id":"030-012-03","situsforma":"395 E BLITHEDALE AVE","situsfor_2":"395 E BLITHEDALE AVE  MILL VALLEY"}},{"type":"Feature","geometry":{"type":"Polygon","coordinates":[[[-122.542492,37.909678],[-122.542557,37.90987],[-122.542619,37.909958],[-122.542327,37.910184],[-122.542102,37.909977],[-122.542066,37.909823],[-122.542492,37.909678]]]},"properties":{"prop_id":"029-114-01","situsforma":"220 OAKDALE AVE","situsfor_2":"220 OAKDALE AVE  MILL VALLEY"}},{"type":"Feature","geometry":{"type":"Polygon","coordinates":[[[-122.536873,37.902183],[-122.536888,37.902174],[-122.536909,37.902215],[-122.536964,37.902325],[-122.536952,37.90233],[-122.536534,37.902507],[-122.536463,37.902417],[-122.536873,37.902183]]]},"properties":{"prop_id":"028-232-08","situsforma":"148 ELM AVE","situsfor_2":"148 ELM AVE  MILL VALLEY"}},{"type":"Feature","geometry":{"type":"Polygon","coordinates":[[[-122.533905,37.903443],[-122.533673,37.903363],[-122.533807,37.903116],[-122.534044,37.903199],[-122.533905,37.903443]]]},"properties":{"prop_id":"030-011-24","situsforma":"55 ALTA VISTA AVE","situsfor_2":"55 ALTA VISTA AVE  MILL VALLEY"}},{"type":"Feature","geometry":{"type":"Polygon","coordinates":[[[-122.55024,37.902075],[-122.55075,37.90225],[-122.550561,37.90234],[-122.550105,37.902218],[-122.55024,37.902075]]]},"properties":{"prop_id":"028-156-04","situsforma":"10 LOCKWOOD LN","situsfor_2":"10 LOCKWOOD LN  MILL VALLEY"}},{"type":"Feature","geometry":{"type":"Polygon","coordinates":[[[-122.538869,37.907965],[-122.53884,37.907951],[-122.538844,37.907928],[-122.538876,37.907766],[-122.539247,37.907977],[-122.53915,37.908144],[-122.538955,37.908022],[-122.538869,37.907965]]]},"properties":{"prop_id":"029-124-05","situsforma":"105 CIRCLE AVE","situsfor_2":"105 CIRCLE AVE  MILL VALLEY"}},{"type":"Feature","geometry":{"type":"Polygon","coordinates":[[[-122.538121,37.899808],[-122.538232,37.899911],[-122.537818,37.900201],[-122.537789,37.900176],[-122.537715,37.90009],[-122.538121,37.899808]]]},"properties":{"prop_id":"028-222-22","situsforma":"144 SYCAMORE AVE","situsfor_2":"144 SYCAMORE AVE  MILL VALLEY"}},{"type":"Feature","geometry":{"type":"Polygon","coordinates":[[[-122.548463,37.912246],[-122.548363,37.912321],[-122.548125,37.912116],[-122.548241,37.912044],[-122.548463,37.912246]]]},"properties":{"prop_id":"029-033-04","situsforma":"55 ELDRIDGE AVE","situsfor_2":"55 ELDRIDGE AVE  MILL VALLEY"}},{"type":"Feature","geometry":{"type":"Polygon","coordinates":[[[-122.531481,37.922611],[-122.531494,37.922744],[-122.531121,37.922762],[-122.531153,37.922627],[-122.531154,37.922622],[-122.531481,37.922611]]]},"properties":{"prop_id":"025-094-12","situsforma":"373 CORTE MADERA AVE","situsfor_2":"373 CORTE MADERA AVE  CORTE MADERA"}},{"type":"Feature","geometry":{"type":"Polygon","coordinates":[[[-122.532527,37.898141],[-122.532454,37.898202],[-122.532406,37.898241],[-122.532166,37.89805],[-122.532288,37.897951],[-122.532527,37.898141]]]},"properties":{"prop_id":"030-062-41","situsforma":"60 VALLEY CIR","situsfor_2":"60 VALLEY CIR  MILL VALLEY"}},{"type":"Feature","geometry":{"type":"Polygon","coordinates":[[[-122.546155,37.902662],[-122.546286,37.90221],[-122.546455,37.902239],[-122.546472,37.902247],[-122.546501,37.90226],[-122.546528,37.902276],[-122.546553,37.902294],[-122.546575,37.902314],[-122.546596,37.902335],[-122.546614,37.902358],[-122.546434,37.902732],[-122.546155,37.902662]]]},"properties":{"prop_id":"028-177-13","situsforma":"200 ETHEL AVE","situsfor_2":"200 ETHEL AVE  MILL VALLEY"}},{"type":"Feature","geometry":{"type":"Polygon","coordinates":[[[-122.547652,37.911316],[-122.547868,37.911117],[-122.548068,37.911401],[-122.547873,37.911561],[-122.547783,37.91156],[-122.547652,37.911316]]]},"properties":{"prop_id":"029-061-18","situsforma":"17 CORONET AVE","situsfor_2":"17 CORONET AVE  MILL VALLEY"}},{"type":"Feature","geometry":{"type":"Polygon","coordinates":[[[-122.540048,37.894387],[-122.539917,37.894042],[-122.540105,37.893993],[-122.540237,37.894399],[-122.5402,37.894444],[-122.54011,37.894554],[-122.540048,37.894387]]]},"properties":{"prop_id":"047-223-13","situsforma":"138 REED ST","situsfor_2":"138 REED ST  MILL VALLEY"}},{"type":"Feature","geometry":{"type":"Polygon","coordinates":[[[-122.541535,37.91155],[-122.541414,37.911332],[-122.541215,37.911271],[-122.541784,37.910945],[-122.541921,37.911168],[-122.541794,37.911198],[-122.541777,37.911307],[-122.541577,37.911567],[-122.541535,37.91155]]]},"properties":{"prop_id":"029-072-39","situsforma":"450 HILLSIDE AVE","situsfor_2":"450 HILLSIDE AVE  MILL VALLEY"}},{"type":"Feature","geometry":{"type":"Polygon","coordinates":[[[-122.54275,37.90493],[-122.542912,37.904742],[-122.543037,37.904799],[-122.542783,37.905152],[-122.542713,37.905151],[-122.54275,37.90493]]]},"properties":{"prop_id":"028-025-04","situsforma":"187 E BLITHEDALE AVE","situsfor_2":"187 E BLITHEDALE AVE  MILL VALLEY"}},{"type":"Feature","geometry":{"type":"Polygon","coordinates":[[[-122.553867,37.921649],[-122.554039,37.921204],[-122.554095,37.921213],[-122.554057,37.921324],[-122.554252,37.921366],[-122.554281,37.92131],[-122.554414,37.921299],[-122.554486,37.921293],[-122.554818,37.921385],[-122.555044,37.921391],[-122.555103,37.921442],[-122.555121,37.921536],[-122.555152,37.92154],[-122.555206,37.921512],[-122.555239,37.921564],[-122.555253,37.921644],[-122.553867,37.921649]]]},"properties":{"prop_id":"027-041-10","situsforma":"35 LEE ST","situsfor_2":"35 LEE ST  MILL VALLEY"}},{"type":"Feature","geometry":{"type":"Polygon","coordinates":[[[-122.544054,37.904224],[-122.544218,37.904001],[-122.544369,37.904074],[-122.544285,37.904191],[-122.544209,37.904298],[-122.544054,37.904224]]]},"properties":{"prop_id":"028-024-10","situsforma":"41 PRESIDIO AVE","situsfor_2":"41 PRESIDIO AVE  MILL VALLEY"}},{"type":"Feature","geometry":{"type":"Polygon","coordinates":[[[-122.538762,37.907608],[-122.538563,37.907501],[-122.538642,37.907248],[-122.538691,37.907197],[-122.539029,37.907435],[-122.538873,37.907504],[-122.538762,37.907608]]]},"properties":{"prop_id":"029-125-28","situsforma":"110 CIRCLE AVE","situsfor_2":"110 CIRCLE AVE  MILL VALLEY"}},{"type":"Feature","geometry":{"type":"Polygon","coordinates":[[[-122.529933,37.925154],[-122.530302,37.925039],[-122.530323,37.925109],[-122.530328,37.925128],[-122.530281,37.92515],[-122.530259,37.92516],[-122.530231,37.925173],[-122.530256,37.92522],[-122.529931,37.925326],[-122.529929,37.925303],[-122.529934,37.925157],[-122.529933,37.925154]]]},"properties":{"prop_id":"025-035-22","situsforma":"231 CORTE MADERA AVE APT 6","situsfor_2":"231 CORTE MADERA AVE APT 6 CORTE MADERA"}},{"type":"Feature","geometry":{"type":"Polygon","coordinates":[[[-122.532598,37.896146],[-122.532729,37.896211],[-122.532541,37.896462],[-122.532394,37.896389],[-122.532584,37.896139],[-122.532598,37.896146]]]},"properties":{"prop_id":"030-082-06","situsforma":"19 OXFORD AVE","situsfor_2":"19 OXFORD AVE  MILL VALLEY"}},{"type":"Feature","geometry":{"type":"Polygon","coordinates":[[[-122.534606,37.896936],[-122.534783,37.897023],[-122.534748,37.897067],[-122.534571,37.896981],[-122.534606,37.896936]]]},"properties":{"prop_id":"030-271-53","situsforma":"53 PARK TER","situsfor_2":"53 PARK TER  MILL VALLEY"}},{"type":"Feature","geometry":{"type":"Polygon","coordinates":[[[-122.535081,37.899608],[-122.534952,37.899702],[-122.534602,37.899441],[-122.534729,37.899344],[-122.535081,37.899608]]]},"properties":{"prop_id":"030-054-34","situsforma":"133 LA GOMA ST","situsfor_2":"133 LA GOMA ST  MILL VALLEY"}},{"type":"Feature","geometry":{"type":"Polygon","coordinates":[[[-122.528768,37.927697],[-122.529042,37.928042],[-122.528968,37.928078],[-122.52869,37.927734],[-122.528768,37.927697]]]},"properties":{"prop_id":"024-096-13","situsforma":"110 REDWOOD AVE","situsfor_2":"110 REDWOOD AVE  CORTE MADERA"}},{"type":"Feature","geometry":{"type":"Polygon","coordinates":[[[-122.534584,37.927214],[-122.534711,37.927158],[-122.534553,37.927011],[-122.534712,37.926906],[-122.53481,37.926995],[-122.534909,37.926971],[-122.534911,37.926978],[-122.534911,37.926978],[-122.534911,37.92698],[-122.534913,37.926984],[-122.534913,37.926985],[-122.534914,37.926986],[-122.534916,37.926991],[-122.534917,37.926992],[-122.534917,37.926992],[-122.534917,37.926992],[-122.53492,37.926998],[-122.534921,37.926998],[-122.534922,37.926999],[-122.534925,37.927004],[-122.534925,37.927004],[-122.534926,37.927005],[-122.53493,37.927009],[-122.534931,37.92701],[-122.534931,37.927011],[-122.534932,37.927011],[-122.534936,37.927015],[-122.534937,37.927015],[-122.534937,37.927016],[-122.534938,37.927016],[-122.534942,37.92702],[-122.534943,37.927021],[-122.534944,37.927021],[-122.534949,37.927024],[-122.53495,37.927025],[-122.534951,37.927025],[-122.534958,37.927029],[-122.534958,37.927029],[-122.534958,37.927029],[-122.534959,37.927029],[-122.534965,37.927032],[-122.534966,37.927032],[-122.534967,37.927033],[-122.534973,37.927035],[-122.534974,37.927035],[-122.534975,37.927035],[-122.534982,37.927037],[-122.534982,37.927037],[-122.534983,37.927038],[-122.534983,37.927038],[-122.53499,37.927039],[-122.534991,37.927039],[-122.534993,37.927039],[-122.534999,37.92704],[-122.535,37.92704],[-122.535001,37.92704],[-122.535008,37.927041],[-122.535009,37.927041],[-122.535009,37.927041],[-122.53501,37.927041],[-122.535017,37.92704],[-122.535017,37.92704],[-122.535018,37.92704],[-122.53502,37.92704],[-122.535026,37.92704],[-122.535027,37.92704],[-122.535028,37.927039],[-122.535034,37.927038],[-122.535036,37.927038],[-122.535036,37.927038],[-122.535044,37.927036],[-122.535044,37.927036],[-122.535044,37.927036],[-122.535045,37.927036],[-122.535052,37.927034],[-122.535053,37.927034],[-122.535054,37.927033],[-122.535059,37.927031],[-122.535061,37.92703],[-122.535062,37.92703],[-122.535063,37.927029],[-122.535065,37.927027],[-122.535075,37.927043],[-122.534866,37.927222],[-122.534854,37.927232],[-122.534813,37.927266],[-122.534627,37.9273],[-122.534584,37.927214]]]},"properties":{"prop_id":"021-142-41","situsforma":"5 OWLSWOOD DR","situsfor_2":"5 OWLSWOOD DR  LARKSPUR"}},{"type":"Feature","geometry":{"type":"Polygon","coordinates":[[[-122.536477,37.900721],[-122.536376,37.900602],[-122.536691,37.900385],[-122.536787,37.900501],[-122.536477,37.900721]]]},"properties":{"prop_id":"030-051-15","situsforma":"123 WALNUT AVE","situsfor_2":"123 WALNUT AVE  MILL VALLEY"}},{"type":"Feature","geometry":{"type":"Polygon","coordinates":[[[-122.548481,37.90618],[-122.548551,37.906136],[-122.548847,37.906404],[-122.54877,37.906454],[-122.54877,37.906455],[-122.548728,37.906414],[-122.548679,37.906366],[-122.548536,37.906232],[-122.548481,37.90618],[-122.548481,37.90618]]]},"properties":{"prop_id":"028-056-03","situsforma":"108 THROCKMORTON AVE","situsfor_2":"108 THROCKMORTON AVE  MILL VALLEY"}},{"type":"Feature","geometry":{"type":"Polygon","coordinates":[[[-122.532926,37.896304],[-122.53288,37.896283],[-122.532761,37.896226],[-122.532939,37.895989],[-122.5331,37.896069],[-122.532926,37.896304]]]},"properties":{"prop_id":"030-082-29","situsforma":"6 PLYMOUTH AVE","situsfor_2":"6 PLYMOUTH AVE  MILL VALLEY"}},{"type":"Feature","geometry":{"type":"Polygon","coordinates":[[[-122.539354,37.900897],[-122.539446,37.900825],[-122.53949,37.900866],[-122.539599,37.900967],[-122.539508,37.901037],[-122.539463,37.901071],[-122.539356,37.901147],[-122.539242,37.901046],[-122.539205,37.901014],[-122.539276,37.900954],[-122.539328,37.900917],[-122.539354,37.900897]]]},"properties":{"prop_id":"028-222-79","situsforma":"7 MILLER TER","situsfor_2":"7 MILLER TER  MILL VALLEY"}},{"type":"Feature","geometry":{"type":"Polygon","coordinates":[[[-122.538958,37.903593],[-122.538958,37.903674],[-122.538877,37.903675],[-122.538878,37.903623],[-122.538825,37.903621],[-122.538824,37.903592],[-122.538958,37.903593]]]},"properties":{"prop_id":"028-250-01","situsforma":"10 CATALPA AVE U 1","situsfor_2":"10 CATALPA AVE U 1 MILL VALLEY"}},{"type":"Feature","geometry":{"type":"Polygon","coordinates":[[[-122.547017,37.905444],[-122.547037,37.905399],[-122.546757,37.905465],[-122.546781,37.905351],[-122.546696,37.905264],[-122.546954,37.905103],[-122.546882,37.905081],[-122.547001,37.904946],[-122.547002,37.904946],[-122.547015,37.904959],[-122.54706,37.905005],[-122.547099,37.905053],[-122.5471,37.905054],[-122.547101,37.905056],[-122.547136,37.905105],[-122.547168,37.905158],[-122.547188,37.90522],[-122.547337,37.905595],[-122.547336,37.905595],[-122.54704,37.905656],[-122.547017,37.905444]]]},"properties":{"prop_id":"028-064-19","situsforma":"27 MILLER AVE","situsfor_2":"27 MILLER AVE  MILL VALLEY"}},{"type":"Feature","geometry":{"type":"Polygon","coordinates":[[[-122.553999,37.906658],[-122.554064,37.906574],[-122.554155,37.906457],[-122.554235,37.906355],[-122.554378,37.906426],[-122.554146,37.906733],[-122.553999,37.906658]]]},"properties":{"prop_id":"028-042-10","situsforma":"382 THROCKMORTON AVE","situsfor_2":"382 THROCKMORTON AVE  MILL VALLEY"}},{"type":"Feature","geometry":{"type":"Polygon","coordinates":[[[-122.530902,37.91585],[-122.531334,37.915569],[-122.531497,37.915955],[-122.531456,37.915963],[-122.531455,37.915963],[-122.531452,37.915964],[-122.531405,37.915976],[-122.531313,37.916006],[-122.531312,37.916007],[-122.531311,37.916007],[-122.531222,37.916044],[-122.531222,37.916044],[-122.531221,37.916045],[-122.531138,37.916088],[-122.531137,37.916089],[-122.531131,37.916092],[-122.530902,37.91585]]]},"properties":{"prop_id":"029-342-03","situsforma":"110 SARAH DR","situsfor_2":"110 SARAH DR  MILL VALLEY"}},{"type":"Feature","geometry":{"type":"Polygon","coordinates":[[[-122.54656,37.90869],[-122.546892,37.908525],[-122.546856,37.908802],[-122.546846,37.908841],[-122.546506,37.908973],[-122.546268,37.909058],[-122.5459,37.909187],[-122.545887,37.908996],[-122.54634,37.908792],[-122.54656,37.90869]]]},"properties":{"prop_id":"029-103-53","situsforma":"35 HILLSIDE AVE","situsfor_2":"35 HILLSIDE AVE  MILL VALLEY"}},{"type":"Feature","geometry":{"type":"Polygon","coordinates":[[[-122.528586,37.9009],[-122.528615,37.900802],[-122.528644,37.900769],[-122.528703,37.900614],[-122.528704,37.900612],[-122.528704,37.90061],[-122.528707,37.900605],[-122.528707,37.900604],[-122.528707,37.900604],[-122.528711,37.900598],[-122.528711,37.900597],[-122.528711,37.900597],[-122.528712,37.900596],[-122.528716,37.900591],[-122.528716,37.90059],[-122.528717,37.900589],[-122.528721,37.900584],[-122.528722,37.900583],[-122.528722,37.900583],[-122.528722,37.900583],[-122.528728,37.900578],[-122.528728,37.900577],[-122.528729,37.900576],[-122.528734,37.900573],[-122.528735,37.900572],[-122.528736,37.900571],[-122.528742,37.900567],[-122.528742,37.900567],[-122.528743,37.900567],[-122.528743,37.900566],[-122.52875,37.900563],[-122.528751,37.900562],[-122.528752,37.900562],[-122.528758,37.900559],[-122.528759,37.900558],[-122.52876,37.900558],[-122.52876,37.900558],[-122.528767,37.900555],[-122.528768,37.900555],[-122.528771,37.900554],[-122.528777,37.900553],[-122.528779,37.900553],[-122.52878,37.900553],[-122.528789,37.900551],[-122.528789,37.900551],[-122.52879,37.900551],[-122.52879,37.900551],[-122.528799,37.900551],[-122.528801,37.900551],[-122.528802,37.900551],[-122.52881,37.90055],[-122.528812,37.90055],[-122.528812,37.90055],[-122.528813,37.900551],[-122.528822,37.900551],[-122.528823,37.900551],[-122.528825,37.900551],[-122.528832,37.900552],[-122.528834,37.900552],[-122.528835,37.900553],[-122.528845,37.900554],[-122.529077,37.900611],[-122.528963,37.900868],[-122.528931,37.900947],[-122.528926,37.900975],[-122.528586,37.9009]]]},"properties":{"prop_id":"030-021-50","situsforma":"619 E BLITHEDALE AVE","situsfor_2":"619 E BLITHEDALE AVE  MILL VALLEY"}},{"type":"Feature","geometry":{"type":"Polygon","coordinates":[[[-122.567035,37.905255],[-122.567026,37.905225],[-122.567411,37.905191],[-122.567397,37.904991],[-122.567547,37.904981],[-122.567544,37.905105],[-122.567432,37.905347],[-122.56724,37.905399],[-122.56715,37.905405],[-122.567035,37.905255]]]},"properties":{"prop_id":"045-094-03","situsforma":"","situsfor_2":""}},{"type":"Feature","geometry":{"type":"Polygon","coordinates":[[[-122.56109,37.907998],[-122.560807,37.90816],[-122.560564,37.907866],[-122.560504,37.907698],[-122.560886,37.907588],[-122.56109,37.907998]]]},"properties":{"prop_id":"027-215-05","situsforma":"29 RENZ RD","situsfor_2":"29 RENZ RD  MILL VALLEY"}},{"type":"Feature","geometry":{"type":"Polygon","coordinates":[[[-122.550746,37.915506],[-122.550641,37.915432],[-122.550588,37.91545],[-122.550573,37.915455],[-122.550571,37.915383],[-122.550564,37.915297],[-122.550734,37.915118],[-122.550931,37.915258],[-122.550748,37.915504],[-122.550746,37.915506]]]},"properties":{"prop_id":"029-021-06","situsforma":"235 ELDRIDGE AVE","situsfor_2":"235 ELDRIDGE AVE  MILL VALLEY"}},{"type":"Feature","geometry":{"type":"Polygon","coordinates":[[[-122.537604,37.895069],[-122.537726,37.894985],[-122.5378,37.895052],[-122.53783,37.895038],[-122.537976,37.895235],[-122.537894,37.895273],[-122.537821,37.895314],[-122.537821,37.895314],[-122.53782,37.895314],[-122.537617,37.895124],[-122.537638,37.895109],[-122.537604,37.895069]]]},"properties":{"prop_id":"048-012-23","situsforma":"113 EVERGREEN AVE","situsfor_2":"113 EVERGREEN AVE  MILL VALLEY"}},{"type":"Feature","geometry":{"type":"Polygon","coordinates":[[[-122.530637,37.896067],[-122.530265,37.89608],[-122.530262,37.895938],[-122.530637,37.895931],[-122.530637,37.896067]]]},"properties":{"prop_id":"030-066-05","situsforma":"84 SURREY AVE","situsfor_2":"84 SURREY AVE  MILL VALLEY"}},{"type":"Feature","geometry":{"type":"Polygon","coordinates":[[[-122.551674,37.905609],[-122.551512,37.905834],[-122.551355,37.905751],[-122.551519,37.905528],[-122.551674,37.905609]]]},"properties":{"prop_id":"028-053-05","situsforma":"89 LOVELL AVE","situsfor_2":"89 LOVELL AVE  MILL VALLEY"}},{"type":"Feature","geometry":{"type":"Polygon","coordinates":[[[-122.538369,37.902429],[-122.538619,37.902249],[-122.538787,37.902297],[-122.538553,37.90249],[-122.538369,37.902429]]]},"properties":{"prop_id":"028-233-25","situsforma":"55 WALNUT AVE","situsfor_2":"55 WALNUT AVE  MILL VALLEY"}},{"type":"Feature","geometry":{"type":"Polygon","coordinates":[[[-122.550573,37.916312],[-122.550574,37.916434],[-122.550397,37.916428],[-122.550096,37.916511],[-122.550041,37.916338],[-122.550074,37.916333],[-122.550322,37.916361],[-122.550573,37.916312]]]},"properties":{"prop_id":"027-092-13","situsforma":"268 ELDRIDGE AVE","situsfor_2":"268 ELDRIDGE AVE  MILL VALLEY"}},{"type":"Feature","geometry":{"type":"Polygon","coordinates":[[[-122.564094,37.901423],[-122.564399,37.901405],[-122.564423,37.9017],[-122.564101,37.901522],[-122.564094,37.901423]]]},"properties":{"prop_id":"045-206-10","situsforma":"98 KINGS WAY","situsfor_2":"98 KINGS WAY  MILL VALLEY"}},{"type":"Feature","geometry":{"type":"Polygon","coordinates":[[[-122.543444,37.898834],[-122.543444,37.898834],[-122.543444,37.898834],[-122.543444,37.898834],[-122.543444,37.898834],[-122.543447,37.898818],[-122.543447,37.898817],[-122.54346,37.898753],[-122.543463,37.898746],[-122.543463,37.898746],[-122.543464,37.898746],[-122.543466,37.898743],[-122.543466,37.898742],[-122.543479,37.898719],[-122.543479,37.89872],[-122.543479,37.89872],[-122.543795,37.898877],[-122.543792,37.898883],[-122.543756,37.89896],[-122.543444,37.898834]]]},"properties":{"prop_id":"047-125-20","situsforma":"317 SEYMOUR LN","situsfor_2":"317 SEYMOUR LN  MILL VALLEY"}},{"type":"Feature","geometry":{"type":"Polygon","coordinates":[[[-122.555663,37.898136],[-122.555769,37.898232],[-122.555729,37.898274],[-122.555663,37.898344],[-122.555579,37.89841],[-122.555316,37.898187],[-122.555392,37.898131],[-122.555464,37.898078],[-122.555524,37.898033],[-122.555614,37.898014],[-122.555641,37.898106],[-122.555663,37.898136]]]},"properties":{"prop_id":"047-082-21","situsforma":"519 PARK WAY","situsfor_2":"519 PARK WAY  MILL VALLEY"}},{"type":"Feature","geometry":{"type":"Polygon","coordinates":[[[-122.534769,37.923939],[-122.534866,37.923835],[-122.534967,37.923764],[-122.53496,37.923704],[-122.535255,37.923763],[-122.535214,37.923817],[-122.535143,37.924009],[-122.535137,37.924027],[-122.535103,37.924057],[-122.534715,37.923998],[-122.534769,37.923939]]]},"properties":{"prop_id":"025-023-64","situsforma":"87 SUMMIT DR","situsfor_2":"87 SUMMIT DR  CORTE MADERA"}},{"type":"Feature","geometry":{"type":"Polygon","coordinates":[[[-122.530699,37.898994],[-122.53076,37.898937],[-122.531118,37.89916],[-122.531044,37.899194],[-122.530879,37.899268],[-122.530728,37.899362],[-122.530575,37.899455],[-122.530449,37.899566],[-122.530323,37.899676],[-122.530206,37.899804],[-122.530055,37.899748],[-122.530084,37.899682],[-122.53013,37.89958],[-122.530235,37.899471],[-122.530343,37.899362],[-122.530454,37.899251],[-122.530574,37.899125],[-122.530699,37.898994]]]},"properties":{"prop_id":"030-043-36","situsforma":"","situsfor_2":""}},{"type":"Feature","geometry":{"type":"Polygon","coordinates":[[[-122.544227,37.913],[-122.544215,37.912912],[-122.544753,37.912892],[-122.544761,37.912928],[-122.544761,37.912928],[-122.544761,37.912929],[-122.544773,37.912963],[-122.544773,37.912964],[-122.544775,37.912969],[-122.544822,37.913072],[-122.544242,37.913114],[-122.544227,37.913]]]},"properties":{"prop_id":"029-035-11","situsforma":"36 GREENWOOD WAY","situsfor_2":"36 GREENWOOD WAY  MILL VALLEY"}},{"type":"Feature","geometry":{"type":"Polygon","coordinates":[[[-122.540289,37.898166],[-122.540218,37.89822],[-122.540015,37.898248],[-122.539821,37.898065],[-122.539893,37.897968],[-122.540289,37.898166]]]},"properties":{"prop_id":"028-202-06","situsforma":"466 MOLINO AVE","situsfor_2":"466 MOLINO AVE  MILL VALLEY"}},{"type":"Feature","geometry":{"type":"Polygon","coordinates":[[[-122.536627,37.902169],[-122.536514,37.902245],[-122.536303,37.901926],[-122.536338,37.901829],[-122.536368,37.901785],[-122.536627,37.902169]]]},"properties":{"prop_id":"028-232-11","situsforma":"133 LOCUST AVE","situsfor_2":"133 LOCUST AVE  MILL VALLEY"}},{"type":"Feature","geometry":{"type":"Polygon","coordinates":[[[-122.534706,37.922348],[-122.534793,37.922302],[-122.534873,37.922301],[-122.535157,37.922297],[-122.535186,37.922448],[-122.534833,37.922435],[-122.534785,37.922669],[-122.534775,37.922702],[-122.534706,37.922348]]]},"properties":{"prop_id":"025-083-65","situsforma":"155 SUMMIT DR","situsfor_2":"155 SUMMIT DR  CORTE MADERA"}},{"type":"Feature","geometry":{"type":"Polygon","coordinates":[[[-122.54245,37.90935],[-122.541911,37.90926],[-122.541959,37.909126],[-122.542472,37.909271],[-122.54245,37.90935]]]},"properties":{"prop_id":"029-114-06","situsforma":"244 OAKDALE AVE","situsfor_2":"244 OAKDALE AVE  MILL VALLEY"}},{"type":"Feature","geometry":{"type":"Polygon","coordinates":[[[-122.55222,37.913683],[-122.55209,37.913815],[-122.551856,37.913755],[-122.551835,37.913755],[-122.5518,37.913651],[-122.551685,37.913576],[-122.551683,37.913544],[-122.551778,37.913489],[-122.551785,37.91348],[-122.55222,37.913683]]]},"properties":{"prop_id":"029-042-38","situsforma":"250 CORTE MADERA AVE","situsfor_2":"250 CORTE MADERA AVE  MILL VALLEY"}},{"type":"Feature","geometry":{"type":"Polygon","coordinates":[[[-122.564819,37.910123],[-122.563747,37.910361],[-122.563655,37.910295],[-122.563508,37.910132],[-122.564637,37.909883],[-122.564693,37.909909],[-122.564757,37.910087],[-122.564819,37.910123]]]},"properties":{"prop_id":"027-162-03","situsforma":"407 MONTE VISTA AVE","situsfor_2":"407 MONTE VISTA AVE  MILL VALLEY"}},{"type":"Feature","geometry":{"type":"Polygon","coordinates":[[[-122.549325,37.90284],[-122.549217,37.902366],[-122.549238,37.902318],[-122.54973,37.902395],[-122.549817,37.902599],[-122.549884,37.902745],[-122.549798,37.903141],[-122.54946,37.903208],[-122.54942,37.90303],[-122.549261,37.902989],[-122.549325,37.90284]]]},"properties":{"prop_id":"028-155-08","situsforma":"40 WILDOMAR ST","situsfor_2":"40 WILDOMAR ST  MILL VALLEY"}},{"type":"Feature","geometry":{"type":"Polygon","coordinates":[[[-122.531369,37.899527],[-122.531522,37.89945],[-122.531526,37.899448],[-122.531527,37.899448],[-122.531527,37.899448],[-122.531531,37.899446],[-122.531532,37.899446],[-122.531532,37.899446],[-122.531534,37.899446],[-122.531537,37.899445],[-122.531537,37.899445],[-122.531537,37.899445],[-122.531539,37.899444],[-122.531542,37.899444],[-122.531543,37.899444],[-122.531543,37.899444],[-122.531545,37.899444],[-122.531548,37.899443],[-122.531549,37.899443],[-122.53155,37.899443],[-122.531554,37.899443],[-122.531555,37.899443],[-122.531556,37.899443],[-122.531559,37.899443],[-122.53156,37.899443],[-122.531562,37.899444],[-122.531565,37.899444],[-122.531566,37.899444],[-122.531567,37.899444],[-122.53157,37.899445],[-122.531572,37.899445],[-122.531573,37.899445],[-122.531576,37.899446],[-122.531577,37.899447],[-122.531578,37.899447],[-122.531581,37.899448],[-122.531582,37.899448],[-122.531583,37.899449],[-122.531583,37.899449],[-122.531586,37.89945],[-122.531587,37.899451],[-122.531588,37.899451],[-122.531588,37.899451],[-122.531591,37.899452],[-122.531592,37.899453],[-122.531592,37.899453],[-122.531593,37.899453],[-122.531597,37.899456],[-122.531688,37.899518],[-122.531527,37.89973],[-122.531369,37.899527]]]},"properties":{"prop_id":"030-041-22","situsforma":"69 NELSON AVE","situsfor_2":"69 NELSON AVE  MILL VALLEY"}},{"type":"Feature","geometry":{"type":"Polygon","coordinates":[[[-122.54452,37.908353],[-122.544888,37.90831],[-122.544839,37.908515],[-122.54458,37.908503],[-122.54452,37.908353]]]},"properties":{"prop_id":"029-103-08","situsforma":"209 HILLSIDE AVE","situsfor_2":"209 HILLSIDE AVE  MILL VALLEY"}},{"type":"Feature","geometry":{"type":"Polygon","coordinates":[[[-122.54259,37.908979],[-122.542339,37.908914],[-122.542338,37.908763],[-122.542308,37.908718],[-122.542677,37.908764],[-122.54259,37.908979]]]},"properties":{"prop_id":"029-114-34","situsforma":"136 OAKDALE AVE","situsfor_2":"136 OAKDALE AVE  MILL VALLEY"}},{"type":"Feature","geometry":{"type":"Polygon","coordinates":[[[-122.569299,37.905051],[-122.569423,37.904757],[-122.569563,37.904843],[-122.569624,37.904931],[-122.569627,37.905011],[-122.569585,37.905112],[-122.569299,37.905051]]]},"properties":{"prop_id":"045-101-07","situsforma":"","situsfor_2":""}},{"type":"Feature","geometry":{"type":"Polygon","coordinates":[[[-122.538064,37.895691],[-122.537792,37.895884],[-122.537681,37.895784],[-122.537949,37.895588],[-122.538064,37.895691]]]},"properties":{"prop_id":"048-011-05","situsforma":"556 ETHEL AVE","situsfor_2":"556 ETHEL AVE  MILL VALLEY"}},{"type":"Feature","geometry":{"type":"Polygon","coordinates":[[[-122.569472,37.90278],[-122.569497,37.902775],[-122.569542,37.903042],[-122.569508,37.903044],[-122.569507,37.903044],[-122.569223,37.903061],[-122.569193,37.902978],[-122.569146,37.902851],[-122.569472,37.90278],[-122.569472,37.90278]]]},"properties":{"prop_id":"045-141-08","situsforma":"562 PANORAMIC HWY","situsfor_2":"562 PANORAMIC HWY  MILL VALLEY"}},{"type":"Feature","geometry":{"type":"Polygon","coordinates":[[[-122.543304,37.894882],[-122.543375,37.894766],[-122.543385,37.894772],[-122.543434,37.8948],[-122.543437,37.894805],[-122.543439,37.89481],[-122.543444,37.894819],[-122.543444,37.89482],[-122.543447,37.894824],[-122.543448,37.894826],[-122.54345,37.89483],[-122.543457,37.89484],[-122.543463,37.894849],[-122.543464,37.894849],[-122.543464,37.89485],[-122.543464,37.89485],[-122.54347,37.894858],[-122.543478,37.894867],[-122.543482,37.894872],[-122.543483,37.894873],[-122.543486,37.894876],[-122.543494,37.894885],[-122.543502,37.894893],[-122.543503,37.894894],[-122.543503,37.894894],[-122.543504,37.894895],[-122.543511,37.894901],[-122.543521,37.894909],[-122.543526,37.894913],[-122.543528,37.894915],[-122.54353,37.894917],[-122.54354,37.894924],[-122.54355,37.894931],[-122.543552,37.894932],[-122.543552,37.894932],[-122.543553,37.894932],[-122.543561,37.894938],[-122.543572,37.894944],[-122.543578,37.894947],[-122.54358,37.894948],[-122.543583,37.89495],[-122.543594,37.894955],[-122.543606,37.894961],[-122.543608,37.894961],[-122.543608,37.894962],[-122.543609,37.894962],[-122.543617,37.894965],[-122.543629,37.89497],[-122.543637,37.894973],[-122.543638,37.894973],[-122.543639,37.894973],[-122.543641,37.894974],[-122.543654,37.894978],[-122.543666,37.894982],[-122.543669,37.894982],[-122.54367,37.894982],[-122.543672,37.894983],[-122.543679,37.894985],[-122.54369,37.894987],[-122.543692,37.894987],[-122.543692,37.894989],[-122.543684,37.895013],[-122.543599,37.895272],[-122.54327,37.895208],[-122.543269,37.895208],[-122.543339,37.895023],[-122.543281,37.89492],[-122.543304,37.894882],[-122.543304,37.894882]]]},"properties":{"prop_id":"048-031-62","situsforma":"237 LAVERNE AVE","situsfor_2":"237 LAVERNE AVE  MILL VALLEY"}},{"type":"Feature","geometry":{"type":"Polygon","coordinates":[[[-122.529703,37.899525],[-122.529717,37.899504],[-122.529717,37.899504],[-122.529717,37.899504],[-122.529717,37.899503],[-122.529745,37.899467],[-122.529745,37.899466],[-122.529746,37.899465],[-122.529778,37.899431],[-122.529824,37.899388],[-122.53013,37.89958],[-122.530084,37.899682],[-122.529703,37.899525]]]},"properties":{"prop_id":"030-043-23","situsforma":"95 RYAN AVE","situsfor_2":"95 RYAN AVE  MILL VALLEY"}},{"type":"Feature","geometry":{"type":"Polygon","coordinates":[[[-122.534049,37.9005],[-122.534106,37.900538],[-122.534254,37.900638],[-122.534213,37.900668],[-122.534208,37.900671],[-122.534207,37.900672],[-122.534195,37.900678],[-122.534195,37.900679],[-122.534195,37.900679],[-122.534182,37.900685],[-122.534182,37.900685],[-122.534181,37.900685],[-122.534181,37.900686],[-122.534168,37.900691],[-122.534167,37.900691],[-122.534166,37.900691],[-122.534153,37.900696],[-122.534152,37.900696],[-122.534151,37.900697],[-122.534138,37.9007],[-122.534137,37.9007],[-122.534135,37.9007],[-122.534121,37.900703],[-122.533799,37.900745],[-122.534049,37.9005]]]},"properties":{"prop_id":"030-037-01","situsforma":"40 HILARITA AVE","situsfor_2":"40 HILARITA AVE  MILL VALLEY"}},{"type":"Feature","geometry":{"type":"Polygon","coordinates":[[[-122.531531,37.925789],[-122.531671,37.925713],[-122.531898,37.925949],[-122.531897,37.925949],[-122.53168,37.92606],[-122.53168,37.926059],[-122.531671,37.926039],[-122.531531,37.925789]]]},"properties":{"prop_id":"025-014-03","situsforma":"328 REDWOOD AVE","situsfor_2":"328 REDWOOD AVE  CORTE MADERA"}},{"type":"Feature","geometry":{"type":"Polygon","coordinates":[[[-122.533319,37.898543],[-122.533196,37.898644],[-122.532885,37.898408],[-122.533005,37.89831],[-122.533319,37.898543]]]},"properties":{"prop_id":"030-061-09","situsforma":"19 NELSON AVE","situsfor_2":"19 NELSON AVE  MILL VALLEY"}},{"type":"Feature","geometry":{"type":"Polygon","coordinates":[[[-122.541601,37.904269],[-122.541672,37.904177],[-122.541733,37.904204],[-122.541727,37.904212],[-122.541763,37.904228],[-122.541751,37.904245],[-122.541699,37.904313],[-122.541601,37.904269]]]},"properties":{"prop_id":"028-300-06","situsforma":"247 E BLITHEDALE AVE","situsfor_2":"247 E BLITHEDALE AVE  MILL VALLEY"}},{"type":"Feature","geometry":{"type":"Polygon","coordinates":[[[-122.549493,37.908848],[-122.549755,37.908954],[-122.549507,37.909339],[-122.549417,37.909269],[-122.549325,37.909188],[-122.549359,37.909066],[-122.549493,37.908848]]]},"properties":{"prop_id":"029-094-15","situsforma":"28 LOWER ALCATRAZ PL","situsfor_2":"28 LOWER ALCATRAZ PL  MILL VALLEY"}},{"type":"Feature","geometry":{"type":"Polygon","coordinates":[[[-122.544137,37.904401],[-122.544199,37.904313],[-122.544517,37.904458],[-122.544457,37.904544],[-122.544137,37.904401]]]},"properties":{"prop_id":"028-024-12","situsforma":"8 HILL ST","situsfor_2":"8 HILL ST  MILL VALLEY"}},{"type":"Feature","geometry":{"type":"Polygon","coordinates":[[[-122.534487,37.897545],[-122.534665,37.897627],[-122.534631,37.897672],[-122.534454,37.897589],[-122.534487,37.897545]]]},"properties":{"prop_id":"030-271-13","situsforma":"13 PARK TER","situsfor_2":"13 PARK TER  MILL VALLEY"}},{"type":"Feature","geometry":{"type":"Polygon","coordinates":[[[-122.539943,37.912208],[-122.539926,37.912155],[-122.540296,37.912125],[-122.540689,37.912243],[-122.540676,37.9123],[-122.540288,37.912185],[-122.539943,37.912208]]]},"properties":{"prop_id":"029-272-23","situsforma":"","situsfor_2":""}},{"type":"Feature","geometry":{"type":"Polygon","coordinates":[[[-122.541491,37.894232],[-122.542142,37.894269],[-122.54193,37.894509],[-122.541891,37.894432],[-122.541553,37.894412],[-122.54149,37.894435],[-122.541465,37.894444],[-122.541464,37.894442],[-122.541455,37.894426],[-122.541444,37.894398],[-122.541436,37.89437],[-122.541431,37.894342],[-122.541429,37.894314],[-122.541431,37.894285],[-122.541435,37.894257],[-122.541443,37.89423],[-122.541453,37.89423],[-122.541491,37.894232]]]},"properties":{"prop_id":"048-032-22","situsforma":"202 CHAPMAN RD","situsfor_2":"202 CHAPMAN RD  MILL VALLEY"}},{"type":"Feature","geometry":{"type":"Polygon","coordinates":[[[-122.532644,37.923085],[-122.532615,37.923071],[-122.532682,37.922965],[-122.532704,37.922978],[-122.53294,37.923079],[-122.532853,37.92317],[-122.532792,37.923224],[-122.5326,37.923159],[-122.532644,37.923085]]]},"properties":{"prop_id":"025-083-67","situsforma":"619 REDWOOD AVE","situsfor_2":"619 REDWOOD AVE  CORTE MADERA"}},{"type":"Feature","geometry":{"type":"Polygon","coordinates":[[[-122.534227,37.898514],[-122.534449,37.898334],[-122.534599,37.898404],[-122.534603,37.898405],[-122.534361,37.898617],[-122.534357,37.898614],[-122.534227,37.898514]]]},"properties":{"prop_id":"030-056-21","situsforma":"5 AMICITA AVE","situsfor_2":"5 AMICITA AVE  MILL VALLEY"}},{"type":"Feature","geometry":{"type":"Polygon","coordinates":[[[-122.559656,37.913757],[-122.559774,37.91358],[-122.559816,37.913621],[-122.56003,37.913829],[-122.559853,37.914127],[-122.559807,37.914149],[-122.559777,37.914164],[-122.559439,37.914337],[-122.559571,37.913885],[-122.559591,37.913855],[-122.559627,37.913801],[-122.559656,37.913757]]]},"properties":{"prop_id":"027-115-06","situsforma":"441 TAMALPAIS AVE","situsfor_2":"441 TAMALPAIS AVE  MILL VALLEY"}},{"type":"Feature","geometry":{"type":"Polygon","coordinates":[[[-122.533375,37.927773],[-122.533674,37.927631],[-122.533935,37.927992],[-122.533648,37.928126],[-122.533375,37.927773]]]},"properties":{"prop_id":"021-192-05","situsforma":"25 WILTSHIRE AVE","situsfor_2":"25 WILTSHIRE AVE  LARKSPUR"}},{"type":"Feature","geometry":{"type":"Polygon","coordinates":[[[-122.569052,37.896633],[-122.568798,37.896588],[-122.568336,37.896653],[-122.568194,37.896594],[-122.570298,37.895065],[-122.570301,37.895063],[-122.570829,37.896656],[-122.570824,37.896658],[-122.570318,37.896843],[-122.570312,37.896845],[-122.569976,37.896968],[-122.569976,37.896968],[-122.569912,37.896923],[-122.569278,37.896837],[-122.569052,37.896633]]]},"properties":{"prop_id":"046-201-02","situsforma":"","situsfor_2":""}},{"type":"Feature","geometry":{"type":"Polygon","coordinates":[[[-122.546138,37.905149],[-122.546011,37.905302],[-122.545857,37.905274],[-122.545999,37.905088],[-122.546138,37.905149]]]},"properties":{"prop_id":"028-065-05","situsforma":"24 PARKWOOD AVE","situsfor_2":"24 PARKWOOD AVE  MILL VALLEY"}},{"type":"Feature","geometry":{"type":"Polygon","coordinates":[[[-122.537809,37.897508],[-122.537513,37.897237],[-122.537635,37.89715],[-122.537937,37.897418],[-122.537899,37.897444],[-122.537809,37.897508]]]},"properties":{"prop_id":"028-213-38","situsforma":"12 MONTFORD AVE","situsfor_2":"12 MONTFORD AVE  MILL VALLEY"}},{"type":"Feature","geometry":{"type":"Polygon","coordinates":[[[-122.554965,37.91737],[-122.554966,37.917274],[-122.555209,37.917524],[-122.555135,37.917878],[-122.554318,37.917904],[-122.55431,37.917666],[-122.554305,37.917439],[-122.554337,37.917435],[-122.55437,37.917433],[-122.554404,37.91743],[-122.554965,37.91737]]]},"properties":{"prop_id":"027-081-45","situsforma":"80 ROWAN WAY","situsfor_2":"80 ROWAN WAY  MILL VALLEY"}},{"type":"Feature","geometry":{"type":"Polygon","coordinates":[[[-122.56791,37.902377],[-122.567678,37.902595],[-122.56753,37.902443],[-122.567746,37.902202],[-122.56791,37.902377]]]},"properties":{"prop_id":"045-161-19","situsforma":"35 ST JUDE RD","situsfor_2":"35 ST JUDE RD  MILL VALLEY"}},{"type":"Feature","geometry":{"type":"Polygon","coordinates":[[[-122.531402,37.899073],[-122.531514,37.898942],[-122.531731,37.899077],[-122.531731,37.899078],[-122.531733,37.899079],[-122.531734,37.899081],[-122.531735,37.899082],[-122.531735,37.899082],[-122.531736,37.899083],[-122.531738,37.899086],[-122.531739,37.899087],[-122.531739,37.899088],[-122.531741,37.899091],[-122.531742,37.899092],[-122.531742,37.899093],[-122.531744,37.899096],[-122.531745,37.899097],[-122.531745,37.899098],[-122.531747,37.899101],[-122.531747,37.899103],[-122.531747,37.899103],[-122.531747,37.899103],[-122.531749,37.899108],[-122.531749,37.899108],[-122.53175,37.899113],[-122.53175,37.899113],[-122.53175,37.899114],[-122.53175,37.899115],[-122.531751,37.899119],[-122.531751,37.899119],[-122.531751,37.899121],[-122.531751,37.899124],[-122.531751,37.899125],[-122.531751,37.899126],[-122.531751,37.899129],[-122.531751,37.899131],[-122.531751,37.899131],[-122.53175,37.899135],[-122.53175,37.899136],[-122.53175,37.899136],[-122.53175,37.899137],[-122.531749,37.899142],[-122.531747,37.899146],[-122.531747,37.899146],[-122.531747,37.899147],[-122.531746,37.899148],[-122.531745,37.899151],[-122.531745,37.899152],[-122.531744,37.899153],[-122.531742,37.899156],[-122.531742,37.899157],[-122.531741,37.899157],[-122.531739,37.89916],[-122.531738,37.899161],[-122.531738,37.899162],[-122.531736,37.899164],[-122.531735,37.899165],[-122.531734,37.899166],[-122.531734,37.899166],[-122.53173,37.899169],[-122.531683,37.899204],[-122.531683,37.899205],[-122.531682,37.899205],[-122.53162,37.899243],[-122.531402,37.899073]]]},"properties":{"prop_id":"030-043-01","situsforma":"60 NELSON AVE","situsfor_2":"60 NELSON AVE  MILL VALLEY"}},{"type":"Feature","geometry":{"type":"Polygon","coordinates":[[[-122.56448,37.914257],[-122.564315,37.91494],[-122.564077,37.914922],[-122.563941,37.914943],[-122.563697,37.915088],[-122.563589,37.915306],[-122.563099,37.91504],[-122.563637,37.914435],[-122.563969,37.914201],[-122.564251,37.914113],[-122.56448,37.914257]]]},"properties":{"prop_id":"027-103-03","situsforma":"650 LOVELL AVE","situsfor_2":"650 LOVELL AVE  MILL VALLEY"}},{"type":"Feature","geometry":{"type":"Polygon","coordinates":[[[-122.53035,37.90155],[-122.530394,37.901483],[-122.530397,37.901484],[-122.530508,37.901532],[-122.530814,37.901671],[-122.530791,37.90171],[-122.530782,37.901725],[-122.530768,37.901749],[-122.530755,37.90177],[-122.531266,37.90199],[-122.531109,37.902238],[-122.531106,37.902237],[-122.530582,37.902175],[-122.529846,37.901651],[-122.529845,37.90165],[-122.529844,37.901649],[-122.529844,37.901649],[-122.529844,37.901649],[-122.529845,37.901649],[-122.529941,37.901635],[-122.530021,37.901623],[-122.530334,37.901575],[-122.53035,37.90155]]]},"properties":{"prop_id":"030-021-58","situsforma":"25 ALTAMONT AVE","situsfor_2":"25 ALTAMONT AVE  MILL VALLEY"}},{"type":"Feature","geometry":{"type":"Polygon","coordinates":[[[-122.55533,37.920361],[-122.555224,37.920281],[-122.555013,37.920122],[-122.555065,37.920084],[-122.555417,37.919832],[-122.55547,37.919871],[-122.55547,37.919871],[-122.555471,37.919872],[-122.555528,37.919907],[-122.555528,37.919907],[-122.555529,37.919908],[-122.555562,37.919926],[-122.555546,37.919947],[-122.555641,37.919991],[-122.555403,37.920416],[-122.55536,37.920383],[-122.55533,37.920361]]]},"properties":{"prop_id":"027-271-26","situsforma":"26 MARSH DR","situsfor_2":"26 MARSH DR  MILL VALLEY"}},{"type":"Feature","geometry":{"type":"Polygon","coordinates":[[[-122.55112,37.904577],[-122.551397,37.904665],[-122.551387,37.904864],[-122.551225,37.904893],[-122.55112,37.904577]]]},"properties":{"prop_id":"028-102-03","situsforma":"267 THROCKMORTON AVE","situsfor_2":"267 THROCKMORTON AVE  MILL VALLEY"}},{"type":"Feature","geometry":{"type":"Polygon","coordinates":[[[-122.540302,37.900145],[-122.540479,37.900017],[-122.540767,37.899807],[-122.540823,37.899866],[-122.540873,37.899918],[-122.540873,37.899918],[-122.540399,37.90023],[-122.540302,37.900145]]]},"properties":{"prop_id":"028-186-11","situsforma":"","situsfor_2":""}},{"type":"Feature","geometry":{"type":"Polygon","coordinates":[[[-122.536701,37.896729],[-122.536842,37.896629],[-122.536975,37.896534],[-122.537071,37.896616],[-122.536661,37.896908],[-122.536567,37.896823],[-122.536701,37.896729]]]},"properties":{"prop_id":"030-072-04","situsforma":"398 MILLER AVE","situsfor_2":"398 MILLER AVE  MILL VALLEY"}},{"type":"Feature","geometry":{"type":"Polygon","coordinates":[[[-122.552896,37.918779],[-122.553023,37.918865],[-122.55292,37.919073],[-122.552823,37.919056],[-122.552662,37.919147],[-122.552369,37.919144],[-122.552344,37.919071],[-122.552276,37.919044],[-122.552896,37.918779]]]},"properties":{"prop_id":"027-052-04","situsforma":"432 ELDRIDGE AVE","situsfor_2":"432 ELDRIDGE AVE  MILL VALLEY"}},{"type":"Feature","geometry":{"type":"Polygon","coordinates":[[[-122.53146,37.894893],[-122.531688,37.894649],[-122.531748,37.894684],[-122.531712,37.894722],[-122.531723,37.894728],[-122.53159,37.894871],[-122.531565,37.894897],[-122.53146,37.894893]]]},"properties":{"prop_id":"030-481-28","situsforma":"23 TAMALPAIS COMMONS LN","situsfor_2":"23 TAMALPAIS COMMONS LN  MILL VALLEY"}},{"type":"Feature","geometry":{"type":"Polygon","coordinates":[[[-122.556697,37.922158],[-122.556883,37.922023],[-122.557157,37.922055],[-122.557129,37.922297],[-122.557088,37.922294],[-122.556787,37.92227],[-122.55675,37.922224],[-122.556697,37.922158]]]},"properties":{"prop_id":"027-022-19","situsforma":"570 RALSTON AVE","situsfor_2":"570 RALSTON AVE  MILL VALLEY"}},{"type":"Feature","geometry":{"type":"Polygon","coordinates":[[[-122.543811,37.907205],[-122.543809,37.907373],[-122.543636,37.907371],[-122.543646,37.907031],[-122.543812,37.907032],[-122.543811,37.907205]]]},"properties":{"prop_id":"029-183-03","situsforma":"63 BUENA VISTA AVE","situsfor_2":"63 BUENA VISTA AVE  MILL VALLEY"}},{"type":"Feature","geometry":{"type":"Polygon","coordinates":[[[-122.562141,37.899297],[-122.561784,37.89937],[-122.561756,37.899295],[-122.562112,37.899223],[-122.562141,37.899297]]]},"properties":{"prop_id":"046-172-08","situsforma":"","situsfor_2":""}},{"type":"Feature","geometry":{"type":"Polygon","coordinates":[[[-122.533255,37.914399],[-122.533446,37.914054],[-122.533729,37.914168],[-122.533811,37.914376],[-122.533486,37.914535],[-122.533463,37.914512],[-122.533462,37.914511],[-122.533461,37.91451],[-122.533435,37.914488],[-122.533435,37.914488],[-122.533435,37.914488],[-122.533434,37.914488],[-122.533407,37.914468],[-122.533406,37.914467],[-122.533405,37.914466],[-122.533375,37.914448],[-122.533375,37.914448],[-122.533374,37.914448],[-122.533344,37.914432],[-122.533343,37.914431],[-122.533341,37.914431],[-122.533309,37.914417],[-122.533309,37.914417],[-122.533308,37.914416],[-122.533275,37.914405],[-122.533274,37.914405],[-122.533272,37.914404],[-122.533255,37.914399]]]},"properties":{"prop_id":"029-332-16","situsforma":"303 VISTA LINDA DR","situsfor_2":"303 VISTA LINDA DR  MILL VALLEY"}},{"type":"Feature","geometry":{"type":"Polygon","coordinates":[[[-122.540959,37.896518],[-122.541346,37.896474],[-122.541237,37.896764],[-122.541236,37.896764],[-122.541236,37.896764],[-122.541165,37.896775],[-122.541135,37.89678],[-122.540852,37.896823],[-122.540852,37.896823],[-122.540959,37.896518]]]},"properties":{"prop_id":"047-191-07","situsforma":"107 MONTFORD AVE","situsfor_2":"107 MONTFORD AVE  MILL VALLEY"}},{"type":"Feature","geometry":{"type":"Polygon","coordinates":[[[-122.534586,37.895158],[-122.534583,37.895156],[-122.534392,37.89504],[-122.534301,37.894986],[-122.53364,37.894587],[-122.53357,37.894542],[-122.53356,37.894536],[-122.533455,37.89447],[-122.533337,37.894383],[-122.533337,37.894383],[-122.533337,37.894383],[-122.533338,37.894383],[-122.533441,37.894291],[-122.533603,37.894148],[-122.533663,37.894094],[-122.533731,37.894144],[-122.533864,37.894236],[-122.534279,37.894613],[-122.53438,37.894706],[-122.534603,37.894784],[-122.53461,37.894786],[-122.534594,37.895011],[-122.534586,37.895158],[-122.534586,37.895158],[-122.534586,37.895158],[-122.534586,37.895158]]]},"properties":{"prop_id":"048-071-46","situsforma":"","situsfor_2":""}},{"type":"Feature","geometry":{"type":"Polygon","coordinates":[[[-122.552873,37.925445],[-122.552857,37.924867],[-122.5528,37.922815],[-122.552784,37.922237],[-122.552767,37.921661],[-122.552768,37.921661],[-122.552938,37.921658],[-122.553506,37.921648],[-122.553645,37.921646],[-122.553716,37.921647],[-122.553821,37.921649],[-122.553844,37.921649],[-122.553867,37.921649],[-122.555253,37.921644],[-122.555336,37.921643],[-122.555336,37.921644],[-122.555342,37.921672],[-122.555349,37.921705],[-122.555368,37.921766],[-122.555394,37.921825],[-122.555427,37.921883],[-122.555454,37.921921],[-122.555465,37.921937],[-122.555507,37.921987],[-122.555554,37.922042],[-122.555638,37.922157],[-122.555656,37.922184],[-122.555675,37.922218],[-122.55571,37.922279],[-122.555754,37.922376],[-122.555759,37.922384],[-122.555775,37.922414],[-122.555803,37.92246],[-122.555816,37.922483],[-122.555857,37.922537],[-122.555865,37.922549],[-122.55587,37.922554],[-122.555921,37.922611],[-122.555973,37.922661],[-122.555983,37.92267],[-122.556002,37.922686],[-122.556032,37.922709],[-122.556037,37.922714],[-122.556056,37.92445],[-122.556062,37.924844],[-122.556069,37.925363],[-122.556071,37.925486],[-122.555109,37.925509],[-122.552901,37.92556],[-122.552877,37.92556],[-122.552877,37.92556],[-122.552873,37.925445]],[[-122.555731,37.922697],[-122.555727,37.922689],[-122.555448,37.922822],[-122.555539,37.923002],[-122.55579,37.922873],[-122.555731,37.922697]]]},"properties":{"prop_id":"029-310-07","situsforma":"","situsfor_2":""}},{"type":"Feature","geometry":{"type":"Polygon","coordinates":[[[-122.553379,37.915469],[-122.55364,37.915449],[-122.55375,37.915601],[-122.553697,37.915758],[-122.553559,37.915736],[-122.553379,37.915469],[-122.553379,37.915469]]]},"properties":{"prop_id":"027-082-31","situsforma":"6 MAGEE AVE","situsfor_2":"6 MAGEE AVE  MILL VALLEY"}},{"type":"Feature","geometry":{"type":"Polygon","coordinates":[[[-122.535356,37.927763],[-122.535322,37.927747],[-122.53546,37.927581],[-122.535415,37.927557],[-122.535424,37.927531],[-122.535543,37.927445],[-122.535596,37.927516],[-122.535866,37.927651],[-122.535639,37.927904],[-122.535356,37.927763]]]},"properties":{"prop_id":"021-135-03","situsforma":"85 ARDMORE RD","situsfor_2":"85 ARDMORE RD  LARKSPUR"}},{"type":"Feature","geometry":{"type":"Polygon","coordinates":[[[-122.54593,37.897235],[-122.54556,37.897151],[-122.545643,37.896936],[-122.545998,37.897022],[-122.54593,37.897235]]]},"properties":{"prop_id":"047-132-19","situsforma":"306 HOLLY ST","situsfor_2":"306 HOLLY ST  MILL VALLEY"}},{"type":"Feature","geometry":{"type":"Polygon","coordinates":[[[-122.557157,37.922055],[-122.557506,37.9221],[-122.55728,37.922483],[-122.557229,37.922302],[-122.557191,37.922301],[-122.557129,37.922297],[-122.557157,37.922055]]]},"properties":{"prop_id":"027-022-22","situsforma":"580 RALSTON AVE","situsfor_2":"580 RALSTON AVE  MILL VALLEY"}},{"type":"Feature","geometry":{"type":"Polygon","coordinates":[[[-122.541857,37.901111],[-122.541816,37.90114],[-122.541806,37.901132],[-122.54178,37.901151],[-122.541751,37.901172],[-122.541739,37.90118],[-122.541688,37.901141],[-122.541678,37.901134],[-122.541697,37.90112],[-122.541751,37.901081],[-122.541764,37.90109],[-122.541802,37.901063],[-122.541857,37.901111]]]},"properties":{"prop_id":"028-241-11","situsforma":"232 MILLER AVE E","situsfor_2":"232 MILLER AVE E MILL VALLEY"}},{"type":"Feature","geometry":{"type":"Polygon","coordinates":[[[-122.537151,37.900201],[-122.537073,37.90008],[-122.53737,37.899868],[-122.537452,37.899987],[-122.537151,37.900201]]]},"properties":{"prop_id":"030-052-14","situsforma":"153 SYCAMORE AVE","situsfor_2":"153 SYCAMORE AVE  MILL VALLEY"}},{"type":"Feature","geometry":{"type":"Polygon","coordinates":[[[-122.53379,37.899417],[-122.533684,37.8995],[-122.533334,37.899236],[-122.533455,37.899142],[-122.53379,37.899417]]]},"properties":{"prop_id":"030-056-10","situsforma":"35 AMICITA AVE","situsfor_2":"35 AMICITA AVE  MILL VALLEY"}},{"type":"Feature","geometry":{"type":"Polygon","coordinates":[[[-122.532973,37.900235],[-122.53322,37.899988],[-122.533353,37.900068],[-122.533114,37.900321],[-122.532973,37.900235]]]},"properties":{"prop_id":"030-037-07","situsforma":"40 MATILDA AVE","situsfor_2":"40 MATILDA AVE  MILL VALLEY"}},{"type":"Feature","geometry":{"type":"Polygon","coordinates":[[[-122.540365,37.894144],[-122.540412,37.894034],[-122.540375,37.893919],[-122.540487,37.893904],[-122.54049,37.893904],[-122.540491,37.893904],[-122.540494,37.893903],[-122.540496,37.893903],[-122.540497,37.893903],[-122.5405,37.893903],[-122.540502,37.893903],[-122.540502,37.893904],[-122.540503,37.893904],[-122.540506,37.893904],[-122.540508,37.893904],[-122.540508,37.893904],[-122.540508,37.893904],[-122.540513,37.893905],[-122.540514,37.893905],[-122.54052,37.893907],[-122.54052,37.893907],[-122.54052,37.893907],[-122.540522,37.893908],[-122.540525,37.893909],[-122.540526,37.893909],[-122.540526,37.893909],[-122.540528,37.89391],[-122.540531,37.893911],[-122.540532,37.893912],[-122.540532,37.893912],[-122.540534,37.893913],[-122.540537,37.893914],[-122.540538,37.893915],[-122.54054,37.893916],[-122.540543,37.893918],[-122.540544,37.893918],[-122.540545,37.893919],[-122.540548,37.893921],[-122.540549,37.893922],[-122.54055,37.893923],[-122.540553,37.893925],[-122.540554,37.893926],[-122.540555,37.893927],[-122.540558,37.89393],[-122.540559,37.893931],[-122.54056,37.893932],[-122.540562,37.893934],[-122.540563,37.893936],[-122.540564,37.893937],[-122.540566,37.893939],[-122.540568,37.893941],[-122.540568,37.893942],[-122.540569,37.893942],[-122.54057,37.893945],[-122.540571,37.893946],[-122.540572,37.893947],[-122.540572,37.893947],[-122.540574,37.89395],[-122.540575,37.893952],[-122.540575,37.893952],[-122.540575,37.893952],[-122.540577,37.893956],[-122.540577,37.893957],[-122.540578,37.893957],[-122.540578,37.893958],[-122.54058,37.893963],[-122.540691,37.89423],[-122.540365,37.894144]]]},"properties":{"prop_id":"047-223-15","situsforma":"202 LAVERNE AVE","situsfor_2":"202 LAVERNE AVE  MILL VALLEY"}},{"type":"Feature","geometry":{"type":"Polygon","coordinates":[[[-122.539169,37.907188],[-122.538934,37.906958],[-122.539047,37.906849],[-122.539299,37.907037],[-122.539321,37.907053],[-122.539169,37.907188]]]},"properties":{"prop_id":"029-125-09","situsforma":"193 BUENA VISTA AVE","situsfor_2":"193 BUENA VISTA AVE  MILL VALLEY"}},{"type":"Feature","geometry":{"type":"Polygon","coordinates":[[[-122.545471,37.893803],[-122.545734,37.893958],[-122.54602,37.894133],[-122.545713,37.894193],[-122.544852,37.893673],[-122.544948,37.89354],[-122.544963,37.893502],[-122.545471,37.893803]]]},"properties":{"prop_id":"047-213-08","situsforma":"326 MELROSE AVE","situsfor_2":"326 MELROSE AVE  MILL VALLEY"}},{"type":"Feature","geometry":{"type":"Polygon","coordinates":[[[-122.530814,37.898503],[-122.530565,37.898769],[-122.530401,37.898667],[-122.530429,37.898567],[-122.530432,37.898557],[-122.530433,37.898556],[-122.530433,37.898555],[-122.530438,37.898543],[-122.530438,37.898542],[-122.530439,37.898541],[-122.530445,37.898529],[-122.530445,37.898528],[-122.530446,37.898527],[-122.530454,37.898516],[-122.530454,37.898516],[-122.530454,37.898515],[-122.530454,37.898515],[-122.530464,37.898504],[-122.530464,37.898503],[-122.530464,37.898503],[-122.530465,37.898503],[-122.530474,37.898493],[-122.530475,37.898492],[-122.530476,37.898491],[-122.530487,37.898482],[-122.530488,37.898481],[-122.530489,37.89848],[-122.5305,37.898472],[-122.530501,37.898472],[-122.530503,37.898471],[-122.530515,37.898463],[-122.530516,37.898463],[-122.530517,37.898462],[-122.530531,37.898456],[-122.530531,37.898455],[-122.530532,37.898455],[-122.530532,37.898455],[-122.530547,37.898449],[-122.530548,37.898449],[-122.530548,37.898449],[-122.530548,37.898449],[-122.530564,37.898444],[-122.530565,37.898444],[-122.530566,37.898443],[-122.530581,37.89844],[-122.530583,37.898439],[-122.530584,37.898439],[-122.530599,37.898437],[-122.5306,37.898437],[-122.530602,37.898436],[-122.530618,37.898435],[-122.530619,37.898435],[-122.53062,37.898435],[-122.530637,37.898435],[-122.530637,37.898435],[-122.530638,37.898435],[-122.530655,37.898435],[-122.530656,37.898436],[-122.530656,37.898436],[-122.530656,37.898436],[-122.530672,37.898438],[-122.530674,37.898438],[-122.530674,37.898438],[-122.53069,37.898441],[-122.530692,37.898441],[-122.530693,37.898441],[-122.530708,37.898445],[-122.530709,37.898446],[-122.530711,37.898446],[-122.530725,37.898451],[-122.530726,37.898452],[-122.530728,37.898452],[-122.530742,37.898458],[-122.530743,37.898459],[-122.530744,37.898459],[-122.530758,37.898467],[-122.530814,37.898503]]]},"properties":{"prop_id":"030-043-30","situsforma":"35 RYAN AVE","situsfor_2":"35 RYAN AVE  MILL VALLEY"}},{"type":"Feature","geometry":{"type":"Polygon","coordinates":[[[-122.56114,37.911642],[-122.561292,37.911299],[-122.561365,37.911566],[-122.56148,37.911541],[-122.561239,37.912134],[-122.560971,37.912042],[-122.561065,37.911822],[-122.56114,37.911642]]]},"properties":{"prop_id":"027-106-07","situsforma":"650 THROCKMORTON AVE","situsfor_2":"650 THROCKMORTON AVE  MILL VALLEY"}},{"type":"Feature","geometry":{"type":"Polygon","coordinates":[[[-122.557348,37.917662],[-122.557372,37.917455],[-122.557318,37.917297],[-122.557306,37.917045],[-122.557223,37.917098],[-122.55705,37.917061],[-122.556318,37.917254],[-122.556343,37.917176],[-122.556289,37.917137],[-122.556236,37.916639],[-122.556485,37.916572],[-122.556488,37.916811],[-122.55655,37.916921],[-122.557124,37.916974],[-122.557343,37.916863],[-122.557405,37.917109],[-122.557386,37.917615],[-122.557726,37.917609],[-122.557376,37.917685],[-122.557348,37.917662]]]},"properties":{"prop_id":"027-073-03","situsforma":"168 RALSTON AVE","situsfor_2":"168 RALSTON AVE  MILL VALLEY"}},{"type":"Feature","geometry":{"type":"Polygon","coordinates":[[[-122.558118,37.911714],[-122.55814,37.911947],[-122.557826,37.912031],[-122.55764,37.912085],[-122.557726,37.911817],[-122.558118,37.911714]]]},"properties":{"prop_id":"027-131-19","situsforma":"269 TAMALPAIS AVE","situsfor_2":"269 TAMALPAIS AVE  MILL VALLEY"}},{"type":"Feature","geometry":{"type":"Polygon","coordinates":[[[-122.535958,37.90285],[-122.535728,37.903142],[-122.53558,37.903068],[-122.535816,37.902777],[-122.535958,37.90285]]]},"properties":{"prop_id":"028-231-06","situsforma":"396 E BLITHEDALE AVE","situsfor_2":"396 E BLITHEDALE AVE  MILL VALLEY"}},{"type":"Feature","geometry":{"type":"Polygon","coordinates":[[[-122.535653,37.90109],[-122.535933,37.900883],[-122.536036,37.901002],[-122.535758,37.9012],[-122.535653,37.90109]]]},"properties":{"prop_id":"030-033-20","situsforma":"102 LOCUST AVE","situsfor_2":"102 LOCUST AVE  MILL VALLEY"}},{"type":"Feature","geometry":{"type":"Polygon","coordinates":[[[-122.559971,37.901647],[-122.560196,37.901456],[-122.56031,37.901567],[-122.560346,37.901601],[-122.560363,37.901617],[-122.560321,37.901653],[-122.560163,37.901789],[-122.560163,37.901789],[-122.560162,37.901789],[-122.559971,37.901647],[-122.559971,37.901647]]]},"properties":{"prop_id":"045-234-04","situsforma":"2 LONE TREE AVE","situsfor_2":"2 LONE TREE AVE  MILL VALLEY"}},{"type":"Feature","geometry":{"type":"Polygon","coordinates":[[[-122.559243,37.898296],[-122.559475,37.897952],[-122.559478,37.897948],[-122.559479,37.897946],[-122.559495,37.898078],[-122.559495,37.898078],[-122.559801,37.898068],[-122.55982,37.898067],[-122.559824,37.898067],[-122.559822,37.898133],[-122.559673,37.898328],[-122.559642,37.898368],[-122.559639,37.898368],[-122.559536,37.898375],[-122.559124,37.898403],[-122.55912,37.898403],[-122.558954,37.898411],[-122.55899,37.898308],[-122.559243,37.898296]]]},"properties":{"prop_id":"046-192-13","situsforma":"159 BAYVIEW DR","situsfor_2":"159 BAYVIEW DR  MILL VALLEY"}},{"type":"Feature","geometry":{"type":"Polygon","coordinates":[[[-122.548375,37.900394],[-122.548049,37.900778],[-122.547852,37.900691],[-122.547965,37.900488],[-122.547685,37.900296],[-122.547691,37.9002],[-122.548375,37.900394]]]},"properties":{"prop_id":"028-166-13","situsforma":"80 EDGEWOOD AVE","situsfor_2":"80 EDGEWOOD AVE  MILL VALLEY"}},{"type":"Feature","geometry":{"type":"Polygon","coordinates":[[[-122.534301,37.899021],[-122.533945,37.898743],[-122.53404,37.898666],[-122.5344,37.898946],[-122.534301,37.899021]]]},"properties":{"prop_id":"030-056-14","situsforma":"15 AMICITA AVE","situsfor_2":"15 AMICITA AVE  MILL VALLEY"}},{"type":"Feature","geometry":{"type":"Polygon","coordinates":[[[-122.570031,37.913003],[-122.570047,37.913302],[-122.569982,37.913282],[-122.569725,37.913331],[-122.569508,37.913523],[-122.56944,37.913539],[-122.569429,37.913424],[-122.569398,37.913371],[-122.569651,37.913258],[-122.570031,37.913003]]]},"properties":{"prop_id":"027-153-06","situsforma":"","situsfor_2":""}},{"type":"Feature","geometry":{"type":"Polygon","coordinates":[[[-122.543081,37.908033],[-122.543123,37.907953],[-122.543227,37.907845],[-122.543393,37.907813],[-122.543429,37.908146],[-122.543316,37.908265],[-122.543319,37.908333],[-122.543005,37.908265],[-122.543,37.908219],[-122.542997,37.908191],[-122.543038,37.908115],[-122.543081,37.908033]]]},"properties":{"prop_id":"029-113-30","situsforma":"160 HILLSIDE AVE","situsfor_2":"160 HILLSIDE AVE  MILL VALLEY"}},{"type":"Feature","geometry":{"type":"Polygon","coordinates":[[[-122.562357,37.911445],[-122.562136,37.911283],[-122.562279,37.911325],[-122.562354,37.911342],[-122.5624,37.911356],[-122.562434,37.911367],[-122.562479,37.911372],[-122.562529,37.911376],[-122.562572,37.911373],[-122.562631,37.911374],[-122.56268,37.911372],[-122.562742,37.911378],[-122.562775,37.911385],[-122.562357,37.911445]]]},"properties":{"prop_id":"027-161-17","situsforma":"","situsfor_2":""}},{"type":"Feature","geometry":{"type":"Polygon","coordinates":[[[-122.530575,37.899455],[-122.530822,37.899659],[-122.530701,37.899754],[-122.530449,37.899566],[-122.530575,37.899455]]]},"properties":{"prop_id":"030-043-07","situsforma":"86 NELSON AVE","situsfor_2":"86 NELSON AVE  MILL VALLEY"}},{"type":"Feature","geometry":{"type":"Polygon","coordinates":[[[-122.534502,37.914628],[-122.534592,37.914204],[-122.534639,37.914192],[-122.535009,37.914261],[-122.534819,37.914574],[-122.534799,37.91461],[-122.534782,37.914673],[-122.534752,37.914661],[-122.534751,37.91466],[-122.534749,37.91466],[-122.534719,37.91465],[-122.534719,37.91465],[-122.534719,37.91465],[-122.534718,37.91465],[-122.534687,37.914642],[-122.534686,37.914641],[-122.534685,37.914641],[-122.534654,37.914635],[-122.534653,37.914635],[-122.534652,37.914635],[-122.53462,37.91463],[-122.534619,37.91463],[-122.534618,37.91463],[-122.534587,37.914627],[-122.534586,37.914627],[-122.534585,37.914627],[-122.534553,37.914626],[-122.534552,37.914626],[-122.534551,37.914626],[-122.53452,37.914627],[-122.534519,37.914627],[-122.534517,37.914627],[-122.534502,37.914628]]]},"properties":{"prop_id":"029-332-06","situsforma":"341 VISTA LINDA DR","situsfor_2":"341 VISTA LINDA DR  MILL VALLEY"}},{"type":"Feature","geometry":{"type":"Polygon","coordinates":[[[-122.533594,37.902663],[-122.533626,37.90262],[-122.533776,37.902678],[-122.533595,37.902918],[-122.533443,37.902867],[-122.533594,37.902663]]]},"properties":{"prop_id":"030-012-35","situsforma":"78 ALTA VISTA AVE","situsfor_2":"78 ALTA VISTA AVE  MILL VALLEY"}},{"type":"Feature","geometry":{"type":"Polygon","coordinates":[[[-122.552012,37.918448],[-122.551593,37.918444],[-122.551555,37.918438],[-122.55175,37.918306],[-122.552006,37.918317],[-122.552012,37.918448]]]},"properties":{"prop_id":"027-052-18","situsforma":"310 SHADY LN","situsfor_2":"310 SHADY LN  MILL VALLEY"}},{"type":"Feature","geometry":{"type":"Polygon","coordinates":[[[-122.555931,37.902254],[-122.556128,37.902108],[-122.556366,37.902314],[-122.556172,37.902452],[-122.556172,37.902452],[-122.555931,37.902254],[-122.555931,37.902254]]]},"properties":{"prop_id":"047-021-30","situsforma":"325 EDGEWOOD AVE","situsfor_2":"325 EDGEWOOD AVE  MILL VALLEY"}},{"type":"Feature","geometry":{"type":"Polygon","coordinates":[[[-122.537977,37.902167],[-122.538034,37.902251],[-122.537664,37.902466],[-122.537622,37.902384],[-122.537977,37.902167]]]},"properties":{"prop_id":"028-233-10","situsforma":"44 CATALPA AVE","situsfor_2":"44 CATALPA AVE  MILL VALLEY"}},{"type":"Feature","geometry":{"type":"Polygon","coordinates":[[[-122.55107,37.903652],[-122.551083,37.902977],[-122.55126,37.903182],[-122.551503,37.903274],[-122.551226,37.903656],[-122.55107,37.903652]]]},"properties":{"prop_id":"028-151-11","situsforma":"58 FLORENCE AVE","situsfor_2":"58 FLORENCE AVE  MILL VALLEY"}},{"type":"Feature","geometry":{"type":"Polygon","coordinates":[[[-122.549225,37.914533],[-122.549403,37.914495],[-122.549437,37.914538],[-122.549355,37.914814],[-122.54902,37.914606],[-122.54902,37.914606],[-122.549225,37.914533]]]},"properties":{"prop_id":"029-024-24","situsforma":"190 ELDRIDGE AVE","situsfor_2":"190 ELDRIDGE AVE  MILL VALLEY"}},{"type":"Feature","geometry":{"type":"Polygon","coordinates":[[[-122.562889,37.902099],[-122.562941,37.901991],[-122.562941,37.901991],[-122.563098,37.90208],[-122.562842,37.902232],[-122.562841,37.902232],[-122.562841,37.902231],[-122.562836,37.902208],[-122.562889,37.902099]]]},"properties":{"prop_id":"045-212-03","situsforma":"","situsfor_2":""}},{"type":"Feature","geometry":{"type":"Polygon","coordinates":[[[-122.548572,37.91328],[-122.548591,37.913207],[-122.548754,37.913253],[-122.548895,37.913386],[-122.548877,37.913416],[-122.548728,37.913324],[-122.548572,37.91328]]]},"properties":{"prop_id":"029-032-32","situsforma":"","situsfor_2":""}},{"type":"Feature","geometry":{"type":"Polygon","coordinates":[[[-122.561148,37.916913],[-122.561025,37.916854],[-122.561038,37.91678],[-122.560812,37.916601],[-122.560651,37.916289],[-122.560608,37.916195],[-122.560722,37.916218],[-122.560846,37.916213],[-122.560868,37.916298],[-122.561034,37.916456],[-122.561496,37.91661],[-122.561148,37.916913]]]},"properties":{"prop_id":"027-066-18","situsforma":"611 SUMMIT AVE","situsfor_2":"611 SUMMIT AVE  MILL VALLEY"}},{"type":"Feature","geometry":{"type":"Polygon","coordinates":[[[-122.548229,37.901594],[-122.548214,37.901378],[-122.548499,37.901331],[-122.548673,37.901303],[-122.54871,37.901568],[-122.548229,37.901594]]]},"properties":{"prop_id":"028-164-05","situsforma":"111 WILDOMAR ST","situsfor_2":"111 WILDOMAR ST  MILL VALLEY"}},{"type":"Feature","geometry":{"type":"Polygon","coordinates":[[[-122.537092,37.898183],[-122.537346,37.898007],[-122.537495,37.898157],[-122.5375,37.898162],[-122.5375,37.898162],[-122.537501,37.898163],[-122.537502,37.898163],[-122.537506,37.898168],[-122.537507,37.898169],[-122.537508,37.89817],[-122.537512,37.898175],[-122.537512,37.898176],[-122.537513,37.898176],[-122.537513,37.898177],[-122.537517,37.898183],[-122.537517,37.898184],[-122.537518,37.898185],[-122.53752,37.89819],[-122.537521,37.898192],[-122.537521,37.898193],[-122.537523,37.8982],[-122.537523,37.8982],[-122.537523,37.8982],[-122.537524,37.8982],[-122.537525,37.898207],[-122.537525,37.898208],[-122.537525,37.89821],[-122.537526,37.898216],[-122.537526,37.898217],[-122.537526,37.898217],[-122.537526,37.898225],[-122.537526,37.898226],[-122.537526,37.898227],[-122.537525,37.898233],[-122.537525,37.898234],[-122.537525,37.898235],[-122.537524,37.898243],[-122.537523,37.898243],[-122.537523,37.898243],[-122.537523,37.898244],[-122.537521,37.898251],[-122.537521,37.898252],[-122.53752,37.898253],[-122.537517,37.898259],[-122.537517,37.89826],[-122.537516,37.898261],[-122.537512,37.898268],[-122.537512,37.898268],[-122.537512,37.898269],[-122.537512,37.89827],[-122.537507,37.898276],[-122.537507,37.898277],[-122.537506,37.898278],[-122.537501,37.898283],[-122.5375,37.898284],[-122.5375,37.898285],[-122.5375,37.898285],[-122.537494,37.898291],[-122.537493,37.898292],[-122.537492,37.898293],[-122.537487,37.898297],[-122.537486,37.898298],[-122.537485,37.898299],[-122.537477,37.898305],[-122.537339,37.898406],[-122.537092,37.898183]]]},"properties":{"prop_id":"028-212-04","situsforma":"357 MILLER AVE","situsfor_2":"357 MILLER AVE  MILL VALLEY"}},{"type":"Feature","geometry":{"type":"Polygon","coordinates":[[[-122.531497,37.915955],[-122.531334,37.915569],[-122.531829,37.915618],[-122.531854,37.915983],[-122.53184,37.915982],[-122.531838,37.915982],[-122.531837,37.915982],[-122.531816,37.91598],[-122.531815,37.91598],[-122.531814,37.91598],[-122.531794,37.915976],[-122.531793,37.915976],[-122.531792,37.915976],[-122.531771,37.915971],[-122.53173,37.91596],[-122.531729,37.91596],[-122.531728,37.91596],[-122.531688,37.915953],[-122.531687,37.915953],[-122.531686,37.915952],[-122.531645,37.915948],[-122.531644,37.915948],[-122.531642,37.915948],[-122.531601,37.915947],[-122.5316,37.915946],[-122.531599,37.915947],[-122.531558,37.915948],[-122.531557,37.915948],[-122.531557,37.915948],[-122.531557,37.915948],[-122.531515,37.915952],[-122.531514,37.915953],[-122.531513,37.915953],[-122.531512,37.915953],[-122.531497,37.915955]]]},"properties":{"prop_id":"029-342-02","situsforma":"100 SARAH DR","situsfor_2":"100 SARAH DR  MILL VALLEY"}},{"type":"Feature","geometry":{"type":"Polygon","coordinates":[[[-122.529215,37.900418],[-122.529028,37.900059],[-122.529028,37.900056],[-122.529027,37.900053],[-122.529026,37.900051],[-122.529025,37.900048],[-122.529023,37.900046],[-122.529022,37.900044],[-122.52902,37.900042],[-122.529017,37.90004],[-122.529015,37.900038],[-122.529012,37.900036],[-122.529009,37.900035],[-122.529007,37.900034],[-122.529003,37.900033],[-122.529,37.900032],[-122.528998,37.900032],[-122.529093,37.899797],[-122.529103,37.899819],[-122.529187,37.9],[-122.529353,37.900367],[-122.529353,37.900368],[-122.529353,37.90037],[-122.529354,37.900371],[-122.529355,37.900372],[-122.529355,37.900373],[-122.529355,37.900374],[-122.529356,37.900375],[-122.529356,37.900376],[-122.529357,37.900377],[-122.529358,37.900377],[-122.529359,37.900378],[-122.52936,37.900378],[-122.529361,37.900378],[-122.529362,37.900378],[-122.529365,37.900378],[-122.529367,37.900378],[-122.529369,37.900378],[-122.529371,37.900377],[-122.529373,37.900377],[-122.529375,37.900376],[-122.529376,37.900375],[-122.529378,37.900374],[-122.52938,37.900373],[-122.529381,37.900372],[-122.529383,37.900371],[-122.529384,37.900369],[-122.529385,37.900368],[-122.529386,37.900366],[-122.529386,37.900366],[-122.529386,37.900367],[-122.529386,37.900368],[-122.529385,37.900372],[-122.529385,37.900373],[-122.529385,37.900374],[-122.529384,37.900378],[-122.529384,37.900379],[-122.529383,37.90038],[-122.529382,37.900384],[-122.529382,37.900385],[-122.529381,37.900386],[-122.52938,37.90039],[-122.529379,37.900391],[-122.529379,37.900391],[-122.529379,37.900392],[-122.529376,37.900396],[-122.529376,37.900397],[-122.529376,37.900397],[-122.529372,37.900402],[-122.529372,37.900402],[-122.529371,37.900403],[-122.529368,37.900406],[-122.529368,37.900407],[-122.529367,37.900408],[-122.529364,37.900411],[-122.529363,37.900412],[-122.529362,37.900413],[-122.529359,37.900415],[-122.529357,37.900416],[-122.529357,37.900417],[-122.529352,37.90042],[-122.529352,37.90042],[-122.529351,37.90042],[-122.529346,37.900423],[-122.529346,37.900424],[-122.529346,37.900424],[-122.529344,37.900424],[-122.52934,37.900426],[-122.529339,37.900427],[-122.529338,37.900427],[-122.529333,37.900429],[-122.529332,37.900429],[-122.529331,37.90043],[-122.529327,37.900431],[-122.529325,37.900431],[-122.529324,37.900432],[-122.529319,37.900433],[-122.529318,37.900433],[-122.529317,37.900433],[-122.529317,37.900433],[-122.529311,37.900434],[-122.52931,37.900434],[-122.52931,37.900434],[-122.529309,37.900434],[-122.529303,37.900434],[-122.529303,37.900434],[-122.529301,37.900434],[-122.529296,37.900434],[-122.529295,37.900434],[-122.529293,37.900434],[-122.529289,37.900434],[-122.529287,37.900434],[-122.529286,37.900434],[-122.529281,37.900433],[-122.52928,37.900433],[-122.529279,37.900432],[-122.529279,37.900432],[-122.529272,37.900431],[-122.529215,37.900418]]]},"properties":{"prop_id":"030-044-15","situsforma":"","situsfor_2":""}},{"type":"Feature","geometry":{"type":"Polygon","coordinates":[[[-122.547024,37.908548],[-122.547352,37.908499],[-122.547368,37.908589],[-122.547373,37.908621],[-122.547016,37.908682],[-122.547011,37.908683],[-122.547024,37.908548]]]},"properties":{"prop_id":"029-102-04","situsforma":"38 HILLSIDE AVE","situsfor_2":"38 HILLSIDE AVE  MILL VALLEY"}},{"type":"Feature","geometry":{"type":"Polygon","coordinates":[[[-122.534808,37.908437],[-122.534818,37.908349],[-122.534893,37.908305],[-122.535263,37.908416],[-122.535145,37.908513],[-122.534808,37.908437]]]},"properties":{"prop_id":"029-241-06","situsforma":"227 DEL CASA DR","situsfor_2":"227 DEL CASA DR  MILL VALLEY"}},{"type":"Feature","geometry":{"type":"Polygon","coordinates":[[[-122.544047,37.895937],[-122.543983,37.89611],[-122.543497,37.896013],[-122.543551,37.895851],[-122.544047,37.895937]]]},"properties":{"prop_id":"047-161-27","situsforma":"214 MELROSE AVE","situsfor_2":"214 MELROSE AVE  MILL VALLEY"}},{"type":"Feature","geometry":{"type":"Polygon","coordinates":[[[-122.551785,37.905748],[-122.551895,37.905601],[-122.55197,37.905639],[-122.55204,37.905675],[-122.55218,37.905749],[-122.551933,37.906044],[-122.551729,37.905946],[-122.551662,37.905913],[-122.551661,37.905913],[-122.551785,37.905748]]]},"properties":{"prop_id":"028-053-12","situsforma":"10 OLD MILL ST","situsfor_2":"10 OLD MILL ST  MILL VALLEY"}},{"type":"Feature","geometry":{"type":"Polygon","coordinates":[[[-122.564205,37.918421],[-122.564304,37.918377],[-122.564415,37.918337],[-122.564425,37.91835],[-122.564518,37.918317],[-122.564508,37.918293],[-122.564572,37.918267],[-122.564642,37.918254],[-122.564796,37.918235],[-122.564766,37.918322],[-122.564727,37.918408],[-122.564704,37.918411],[-122.56472,37.918499],[-122.564735,37.9185],[-122.564686,37.918614],[-122.56461,37.918784],[-122.564529,37.918884],[-122.564454,37.918991],[-122.564425,37.919152],[-122.564383,37.919082],[-122.564265,37.918997],[-122.564419,37.918937],[-122.564353,37.918594],[-122.564057,37.918484],[-122.564205,37.918421]]]},"properties":{"prop_id":"027-066-29","situsforma":"","situsfor_2":""}},{"type":"Feature","geometry":{"type":"Polygon","coordinates":[[[-122.544346,37.90776],[-122.544047,37.907781],[-122.544025,37.907484],[-122.544225,37.907483],[-122.544346,37.90776]]]},"properties":{"prop_id":"029-102-22","situsforma":"65 OAKDALE AVE","situsfor_2":"65 OAKDALE AVE  MILL VALLEY"}},{"type":"Feature","geometry":{"type":"Polygon","coordinates":[[[-122.541061,37.89438],[-122.54127,37.894224],[-122.541323,37.894271],[-122.541317,37.894303],[-122.541314,37.894336],[-122.541315,37.894368],[-122.54132,37.894401],[-122.541329,37.894433],[-122.541341,37.894465],[-122.541346,37.894477],[-122.541412,37.894589],[-122.541413,37.89459],[-122.541414,37.894592],[-122.541415,37.894593],[-122.541415,37.894595],[-122.541416,37.894597],[-122.541416,37.894599],[-122.541416,37.8946],[-122.541416,37.894602],[-122.541415,37.894604],[-122.541415,37.894606],[-122.541414,37.894607],[-122.541413,37.894609],[-122.541412,37.894611],[-122.54141,37.894612],[-122.541409,37.894613],[-122.541407,37.894615],[-122.541406,37.894616],[-122.541404,37.894617],[-122.541402,37.894618],[-122.5414,37.894618],[-122.541397,37.894619],[-122.541395,37.894619],[-122.541393,37.89462],[-122.541391,37.89462],[-122.541388,37.89462],[-122.541386,37.89462],[-122.541384,37.894619],[-122.541381,37.894619],[-122.541061,37.89438]]]},"properties":{"prop_id":"048-032-12","situsforma":"201 CHAPMAN RD","situsfor_2":"201 CHAPMAN RD  MILL VALLEY"}},{"type":"Feature","geometry":{"type":"Polygon","coordinates":[[[-122.534387,37.90468],[-122.534166,37.904806],[-122.534107,37.904733],[-122.53386,37.904627],[-122.533955,37.904577],[-122.534249,37.90441],[-122.53426,37.904421],[-122.534359,37.904531],[-122.534456,37.904639],[-122.534387,37.90468]]]},"properties":{"prop_id":"029-222-16","situsforma":"45 MARLIN AVE","situsfor_2":"45 MARLIN AVE  MILL VALLEY"}},{"type":"Feature","geometry":{"type":"Polygon","coordinates":[[[-122.529057,37.929138],[-122.528869,37.929134],[-122.528872,37.928868],[-122.529055,37.928853],[-122.529057,37.929138]]]},"properties":{"prop_id":"024-097-07","situsforma":"124 BALTIMORE AVE","situsfor_2":"124 BALTIMORE AVE  CORTE MADERA"}},{"type":"Feature","geometry":{"type":"Polygon","coordinates":[[[-122.542766,37.906514],[-122.542776,37.906168],[-122.542949,37.906169],[-122.542939,37.906515],[-122.542766,37.906514]]]},"properties":{"prop_id":"029-184-27","situsforma":"103 SUNNYSIDE AVE","situsfor_2":"103 SUNNYSIDE AVE  MILL VALLEY"}},{"type":"Feature","geometry":{"type":"Polygon","coordinates":[[[-122.551152,37.906295],[-122.551158,37.906259],[-122.551173,37.90611],[-122.551332,37.905897],[-122.551484,37.90599],[-122.551205,37.906324],[-122.551152,37.906295]]]},"properties":{"prop_id":"028-052-13","situsforma":"90 LOVELL AVE","situsfor_2":"90 LOVELL AVE  MILL VALLEY"}},{"type":"Feature","geometry":{"type":"Polygon","coordinates":[[[-122.568402,37.92139],[-122.5684,37.92139],[-122.5684,37.92139],[-122.5684,37.92139],[-122.568392,37.92139],[-122.568392,37.92139],[-122.568364,37.921388],[-122.568364,37.921388],[-122.568364,37.921388],[-122.568364,37.921388],[-122.568358,37.921387],[-122.568328,37.921383],[-122.568322,37.921382],[-122.568295,37.921376],[-122.568294,37.921376],[-122.568292,37.921375],[-122.568283,37.921373],[-122.568283,37.921373],[-122.568277,37.921371],[-122.568258,37.921366],[-122.568251,37.921363],[-122.568224,37.921353],[-122.5682,37.921342],[-122.568192,37.921339],[-122.568178,37.921331],[-122.568161,37.921322],[-122.568145,37.921312],[-122.568132,37.921303],[-122.568122,37.921296],[-122.568119,37.921293],[-122.568105,37.921282],[-122.568026,37.921212],[-122.567937,37.921132],[-122.567916,37.921118],[-122.567916,37.921118],[-122.567915,37.921117],[-122.567914,37.921116],[-122.567914,37.921116],[-122.56791,37.921114],[-122.567905,37.921111],[-122.567904,37.921111],[-122.567898,37.921107],[-122.567892,37.921103],[-122.567889,37.921102],[-122.567889,37.921102],[-122.567889,37.921102],[-122.567884,37.921099],[-122.567879,37.921097],[-122.567879,37.921097],[-122.567875,37.921095],[-122.567866,37.92109],[-122.567866,37.92109],[-122.567864,37.921089],[-122.567863,37.921089],[-122.567861,37.921088],[-122.567853,37.921085],[-122.567853,37.921085],[-122.567847,37.921083],[-122.567847,37.921082],[-122.567841,37.92108],[-122.567841,37.92108],[-122.567839,37.921079],[-122.567837,37.921079],[-122.567837,37.921078],[-122.567833,37.921077],[-122.567826,37.921075],[-122.567816,37.921072],[-122.567815,37.921071],[-122.567815,37.921071],[-122.567812,37.92107],[-122.56781,37.92107],[-122.567809,37.921069],[-122.567803,37.921068],[-122.567797,37.921066],[-122.567794,37.921066],[-122.567786,37.921064],[-122.567784,37.921063],[-122.567784,37.921063],[-122.567784,37.921063],[-122.567783,37.921063],[-122.567783,37.921063],[-122.567783,37.921063],[-122.567782,37.921063],[-122.567782,37.921063],[-122.56778,37.921062],[-122.567771,37.921061],[-122.567768,37.92106],[-122.567765,37.921059],[-122.567758,37.921058],[-122.567757,37.921058],[-122.567752,37.921057],[-122.567623,37.921035],[-122.567609,37.921033],[-122.567607,37.921032],[-122.5676,37.921031],[-122.567573,37.921025],[-122.567573,37.921025],[-122.567572,37.921025],[-122.567569,37.921024],[-122.567569,37.921024],[-122.567539,37.921016],[-122.567507,37.921004],[-122.567506,37.921004],[-122.567505,37.921003],[-122.567483,37.920993],[-122.567475,37.92099],[-122.567463,37.920983],[-122.567463,37.920983],[-122.567461,37.920982],[-122.567446,37.920974],[-122.567419,37.920956],[-122.567403,37.920943],[-122.567393,37.920936],[-122.567383,37.920926],[-122.56737,37.920914],[-122.567368,37.920912],[-122.56735,37.920891],[-122.567343,37.920882],[-122.567333,37.920868],[-122.567332,37.920867],[-122.567316,37.920846],[-122.567299,37.920823],[-122.567239,37.920743],[-122.567238,37.920742],[-122.567284,37.920724],[-122.56733,37.920696],[-122.567357,37.92068],[-122.567357,37.920679],[-122.567359,37.920678],[-122.567359,37.920678],[-122.56744,37.920629],[-122.567467,37.92066],[-122.567547,37.920794],[-122.567557,37.920805],[-122.567568,37.920816],[-122.567575,37.920822],[-122.567581,37.920826],[-122.567594,37.920835],[-122.567608,37.920843],[-122.567623,37.920849],[-122.567639,37.920855],[-122.567655,37.92086],[-122.567667,37.920862],[-122.567672,37.920864],[-122.567682,37.920865],[-122.567821,37.920882],[-122.567851,37.920889],[-122.567899,37.920902],[-122.567946,37.920919],[-122.56799,37.920939],[-122.568033,37.920962],[-122.568073,37.920988],[-122.568111,37.921017],[-122.568281,37.921165],[-122.568293,37.921174],[-122.568305,37.921183],[-122.568319,37.921191],[-122.568333,37.921198],[-122.568348,37.921205],[-122.568364,37.92121],[-122.56838,37.921214],[-122.568396,37.921217],[-122.568412,37.921218],[-122.568429,37.921219],[-122.568445,37.921218],[-122.568461,37.921216],[-122.568477,37.921213],[-122.568492,37.921209],[-122.568507,37.921203],[-122.568521,37.921197],[-122.568524,37.921195],[-122.568528,37.921194],[-122.56856,37.921253],[-122.568567,37.921268],[-122.568572,37.921276],[-122.568572,37.921276],[-122.568572,37.921276],[-122.568603,37.921334],[-122.568609,37.921345],[-122.56861,37.921348],[-122.56861,37.921348],[-122.568605,37.921351],[-122.568605,37.921351],[-122.568573,37.921364],[-122.56854,37.921374],[-122.568506,37.921382],[-122.568471,37.921387],[-122.568465,37.921388],[-122.568436,37.92139],[-122.568417,37.92139],[-122.568416,37.92139],[-122.568402,37.92139],[-122.568402,37.92139]]]},"properties":{"prop_id":"027-280-06","situsforma":"","situsfor_2":""}},{"type":"Feature","geometry":{"type":"Polygon","coordinates":[[[-122.531527,37.89973],[-122.531413,37.899829],[-122.531197,37.899604],[-122.531318,37.899546],[-122.531369,37.899527],[-122.531527,37.89973]]]},"properties":{"prop_id":"030-041-21","situsforma":"73 NELSON AVE","situsfor_2":"73 NELSON AVE  MILL VALLEY"}},{"type":"Feature","geometry":{"type":"Polygon","coordinates":[[[-122.537116,37.906983],[-122.537621,37.907157],[-122.537593,37.907203],[-122.53752,37.907282],[-122.537113,37.907147],[-122.537116,37.906983]]]},"properties":{"prop_id":"029-202-04","situsforma":"38 DEL CASA DR","situsfor_2":"38 DEL CASA DR  MILL VALLEY"}},{"type":"Feature","geometry":{"type":"Polygon","coordinates":[[[-122.540764,37.901437],[-122.541029,37.901689],[-122.540757,37.901887],[-122.540502,37.901656],[-122.540334,37.901774],[-122.54031,37.901759],[-122.540764,37.901437]]]},"properties":{"prop_id":"028-222-64","situsforma":"","situsfor_2":""}},{"type":"Feature","geometry":{"type":"Polygon","coordinates":[[[-122.530152,37.897732],[-122.530159,37.897709],[-122.53034,37.897814],[-122.530552,37.897891],[-122.530646,37.897904],[-122.530596,37.898148],[-122.530583,37.898146],[-122.530582,37.898146],[-122.530581,37.898146],[-122.530568,37.898146],[-122.530568,37.898146],[-122.530566,37.898146],[-122.530554,37.898146],[-122.530553,37.898146],[-122.530553,37.898146],[-122.530552,37.898146],[-122.53054,37.898147],[-122.530539,37.898147],[-122.530537,37.898147],[-122.530525,37.898149],[-122.530524,37.898149],[-122.530523,37.898149],[-122.530512,37.898152],[-122.53051,37.898152],[-122.53051,37.898153],[-122.530498,37.898156],[-122.530497,37.898156],[-122.530496,37.898157],[-122.530485,37.898161],[-122.530484,37.898161],[-122.530484,37.898161],[-122.530477,37.898165],[-122.530152,37.897732]]]},"properties":{"prop_id":"030-062-20","situsforma":"46 RYAN AVE","situsfor_2":"46 RYAN AVE  MILL VALLEY"}},{"type":"Feature","geometry":{"type":"Polygon","coordinates":[[[-122.537086,37.927847],[-122.537113,37.927799],[-122.537114,37.927797],[-122.537114,37.927797],[-122.537172,37.927709],[-122.537312,37.927522],[-122.537433,37.927553],[-122.53756,37.927647],[-122.538025,37.927714],[-122.538005,37.927768],[-122.537931,37.927962],[-122.537518,37.927907],[-122.537527,37.927848],[-122.537306,37.927819],[-122.537293,37.92785],[-122.537184,37.927862],[-122.537086,37.927847]]]},"properties":{"prop_id":"021-131-05","situsforma":"90 MARINA VISTA AVE","situsfor_2":"90 MARINA VISTA AVE  LARKSPUR"}},{"type":"Feature","geometry":{"type":"Polygon","coordinates":[[[-122.54235,37.896862],[-122.542348,37.89686],[-122.542349,37.89686],[-122.542349,37.89686],[-122.542706,37.896905],[-122.542877,37.897037],[-122.542878,37.897038],[-122.542907,37.89721],[-122.542654,37.897277],[-122.542654,37.897277],[-122.542654,37.897277],[-122.542614,37.897166],[-122.542614,37.897165],[-122.542614,37.897164],[-122.54235,37.896862]]]},"properties":{"prop_id":"047-151-10","situsforma":"170 JANES ST","situsfor_2":"170 JANES ST  MILL VALLEY"}},{"type":"Feature","geometry":{"type":"Polygon","coordinates":[[[-122.552179,37.905607],[-122.552219,37.905552],[-122.552298,37.90559],[-122.552255,37.905644],[-122.552179,37.905607]]]},"properties":{"prop_id":"028-053-18","situsforma":"6 OLD MILL ST","situsfor_2":"6 OLD MILL ST  MILL VALLEY"}},{"type":"Feature","geometry":{"type":"Polygon","coordinates":[[[-122.537337,37.915719],[-122.537625,37.915733],[-122.537626,37.915764],[-122.537626,37.915765],[-122.537626,37.915766],[-122.53763,37.915796],[-122.53763,37.915797],[-122.537631,37.915798],[-122.537638,37.915828],[-122.537638,37.915829],[-122.537638,37.91583],[-122.537649,37.915859],[-122.537649,37.915859],[-122.537649,37.91586],[-122.537649,37.91586],[-122.537663,37.915889],[-122.537663,37.91589],[-122.537663,37.91589],[-122.53768,37.915918],[-122.53768,37.915919],[-122.537681,37.915919],[-122.537699,37.915945],[-122.5377,37.915946],[-122.537702,37.915948],[-122.537724,37.91597],[-122.537368,37.91615],[-122.537337,37.915719]]]},"properties":{"prop_id":"029-146-12","situsforma":"6 HEATHER WAY","situsfor_2":"6 HEATHER WAY  MILL VALLEY"}},{"type":"Feature","geometry":{"type":"Polygon","coordinates":[[[-122.550772,37.922828],[-122.550756,37.922254],[-122.551481,37.922249],[-122.551496,37.922827],[-122.550772,37.922828]]]},"properties":{"prop_id":"021-240-16","situsforma":"","situsfor_2":""}},{"type":"Feature","geometry":{"type":"Polygon","coordinates":[[[-122.537243,37.92223],[-122.537078,37.922406],[-122.53696,37.922399],[-122.536536,37.922419],[-122.536544,37.922346],[-122.536893,37.922153],[-122.536891,37.922145],[-122.537042,37.922087],[-122.537027,37.921987],[-122.537205,37.921958],[-122.537243,37.92223]]]},"properties":{"prop_id":"021-163-28","situsforma":"311 SUMMIT DR","situsfor_2":"311 SUMMIT DR  CORTE MADERA"}},{"type":"Feature","geometry":{"type":"Polygon","coordinates":[[[-122.559639,37.898368],[-122.559642,37.898368],[-122.559637,37.8985],[-122.559802,37.898626],[-122.559296,37.898667],[-122.559167,37.898675],[-122.559124,37.898403],[-122.559536,37.898375],[-122.559639,37.898368]]]},"properties":{"prop_id":"046-192-09","situsforma":"125 BAYVIEW DR","situsfor_2":"125 BAYVIEW DR  MILL VALLEY"}},{"type":"Feature","geometry":{"type":"Polygon","coordinates":[[[-122.535714,37.925113],[-122.535804,37.924978],[-122.535805,37.924977],[-122.535805,37.924976],[-122.535851,37.924895],[-122.53586,37.924877],[-122.53586,37.924875],[-122.535861,37.924874],[-122.535861,37.924873],[-122.535909,37.924789],[-122.53591,37.924786],[-122.535911,37.924786],[-122.535927,37.924762],[-122.535927,37.924762],[-122.535928,37.924762],[-122.535947,37.924739],[-122.536047,37.924961],[-122.535989,37.925254],[-122.535714,37.925113]]]},"properties":{"prop_id":"021-152-23","situsforma":"209 MARINA VISTA AVE","situsfor_2":"209 MARINA VISTA AVE  LARKSPUR"}},{"type":"Feature","geometry":{"type":"Polygon","coordinates":[[[-122.551749,37.911506],[-122.551844,37.911436],[-122.552069,37.911596],[-122.552071,37.911698],[-122.551507,37.911869],[-122.551399,37.911775],[-122.551749,37.911506]]]},"properties":{"prop_id":"029-053-01","situsforma":"20 WINWOOD PL","situsfor_2":"20 WINWOOD PL  MILL VALLEY"}},{"type":"Feature","geometry":{"type":"Polygon","coordinates":[[[-122.554376,37.900754],[-122.554507,37.900644],[-122.554838,37.900561],[-122.554897,37.900759],[-122.554896,37.900957],[-122.554853,37.900976],[-122.554853,37.900976],[-122.554852,37.900976],[-122.554812,37.900999],[-122.554811,37.900999],[-122.55481,37.900999],[-122.554773,37.901024],[-122.554772,37.901025],[-122.554765,37.90103],[-122.55475,37.901043],[-122.554749,37.901043],[-122.554748,37.901044],[-122.554748,37.901044],[-122.554686,37.901092],[-122.554376,37.900754]]]},"properties":{"prop_id":"047-021-21","situsforma":"605 DOUGLAS DR","situsfor_2":"605 DOUGLAS DR  MILL VALLEY"}},{"type":"Feature","geometry":{"type":"Polygon","coordinates":[[[-122.531716,37.89428],[-122.531904,37.89406],[-122.532026,37.894127],[-122.531673,37.894509],[-122.531572,37.894448],[-122.531647,37.89436],[-122.531652,37.894355],[-122.531657,37.894349],[-122.531716,37.89428]]]},"properties":{"prop_id":"030-091-32","situsforma":"535 MILLER AVE","situsfor_2":"535 MILLER AVE  MILL VALLEY"}},{"type":"Feature","geometry":{"type":"Polygon","coordinates":[[[-122.55388,37.914537],[-122.553732,37.914395],[-122.553895,37.914253],[-122.55374,37.914092],[-122.553754,37.914083],[-122.554044,37.914362],[-122.554338,37.914637],[-122.554098,37.914735],[-122.55388,37.914537]]]},"properties":{"prop_id":"027-121-09","situsforma":"171 MARGUERITE AVE","situsfor_2":"171 MARGUERITE AVE  MILL VALLEY"}},{"type":"Feature","geometry":{"type":"Polygon","coordinates":[[[-122.562396,37.907962],[-122.562531,37.908099],[-122.562508,37.90815],[-122.562278,37.908296],[-122.5621,37.908088],[-122.562064,37.908051],[-122.561854,37.907835],[-122.562073,37.907609],[-122.562361,37.907925],[-122.562396,37.907962]]]},"properties":{"prop_id":"027-203-34","situsforma":"290 MONTE VISTA AVE","situsfor_2":"290 MONTE VISTA AVE  MILL VALLEY"}},{"type":"Feature","geometry":{"type":"Polygon","coordinates":[[[-122.532914,37.901512],[-122.533042,37.90142],[-122.533385,37.90157],[-122.533386,37.90157],[-122.533255,37.901658],[-122.533191,37.901631],[-122.533038,37.901565],[-122.532914,37.901512]]]},"properties":{"prop_id":"030-034-17","situsforma":"77 HILARITA AVE","situsfor_2":"77 HILARITA AVE  MILL VALLEY"}},{"type":"Feature","geometry":{"type":"Polygon","coordinates":[[[-122.568944,37.905536],[-122.568968,37.90581],[-122.568793,37.905829],[-122.568639,37.905813],[-122.568633,37.905792],[-122.568703,37.905688],[-122.568745,37.90558],[-122.568944,37.905536]]]},"properties":{"prop_id":"045-082-04","situsforma":"","situsfor_2":""}},{"type":"Feature","geometry":{"type":"Polygon","coordinates":[[[-122.540702,37.907991],[-122.540642,37.908068],[-122.540505,37.908124],[-122.540418,37.908039],[-122.540287,37.907882],[-122.540486,37.907765],[-122.54062,37.907746],[-122.540692,37.907897],[-122.540702,37.907991]]]},"properties":{"prop_id":"029-122-07","situsforma":"10 ELINOR AVE","situsfor_2":"10 ELINOR AVE  MILL VALLEY"}},{"type":"Feature","geometry":{"type":"Polygon","coordinates":[[[-122.56084,37.901986],[-122.560893,37.902007],[-122.560975,37.902042],[-122.561027,37.902042],[-122.560736,37.902237],[-122.560619,37.902142],[-122.56084,37.901986]]]},"properties":{"prop_id":"045-233-03","situsforma":"130 SUNNYCREST AVE","situsfor_2":"130 SUNNYCREST AVE  MILL VALLEY"}},{"type":"Feature","geometry":{"type":"Polygon","coordinates":[[[-122.558919,37.895996],[-122.558922,37.895995],[-122.559164,37.896187],[-122.559164,37.896188],[-122.559162,37.896189],[-122.558801,37.896372],[-122.558457,37.896556],[-122.558428,37.896572],[-122.558347,37.896245],[-122.558353,37.896242],[-122.558636,37.896115],[-122.558919,37.895996]]]},"properties":{"prop_id":"046-231-27","situsforma":"270 PANORAMIC HWY","situsfor_2":"270 PANORAMIC HWY  MILL VALLEY"}},{"type":"Feature","geometry":{"type":"Polygon","coordinates":[[[-122.556863,37.901544],[-122.556816,37.901436],[-122.556802,37.901404],[-122.556802,37.901404],[-122.557216,37.901395],[-122.557217,37.90128],[-122.557581,37.901277],[-122.557633,37.901355],[-122.557637,37.90152],[-122.557219,37.901532],[-122.557222,37.901672],[-122.556924,37.901682],[-122.556863,37.901544]]]},"properties":{"prop_id":"047-012-56","situsforma":"21 CASTLE ROCK DR","situsfor_2":"21 CASTLE ROCK DR  MILL VALLEY"}},{"type":"Feature","geometry":{"type":"Polygon","coordinates":[[[-122.556799,37.90418],[-122.556813,37.904169],[-122.557205,37.903861],[-122.557171,37.90412],[-122.556997,37.904203],[-122.556976,37.904213],[-122.557019,37.904386],[-122.556896,37.904478],[-122.556799,37.90418]]]},"properties":{"prop_id":"028-121-08","situsforma":"146 HAZEL AVE","situsfor_2":"146 HAZEL AVE  MILL VALLEY"}},{"type":"Feature","geometry":{"type":"Polygon","coordinates":[[[-122.546065,37.900966],[-122.545889,37.900868],[-122.546171,37.900791],[-122.54683,37.900908],[-122.546491,37.90122],[-122.546065,37.900966]]]},"properties":{"prop_id":"028-172-03","situsforma":"15 BIRCH ST","situsfor_2":"15 BIRCH ST  MILL VALLEY"}},{"type":"Feature","geometry":{"type":"Polygon","coordinates":[[[-122.55705,37.912758],[-122.557127,37.913223],[-122.557106,37.91322],[-122.556548,37.913217],[-122.556665,37.912968],[-122.556694,37.912796],[-122.556766,37.912822],[-122.55705,37.912758]]]},"properties":{"prop_id":"027-141-08","situsforma":"1 RALSTON AVE","situsfor_2":"1 RALSTON AVE  MILL VALLEY"}},{"type":"Feature","geometry":{"type":"Polygon","coordinates":[[[-122.529641,37.925581],[-122.529719,37.925589],[-122.529717,37.925652],[-122.529557,37.925627],[-122.529556,37.925573],[-122.529641,37.925581]]]},"properties":{"prop_id":"025-036-21","situsforma":"1 FIRST ST","situsfor_2":"1 FIRST ST  CORTE MADERA"}},{"type":"Feature","geometry":{"type":"Polygon","coordinates":[[[-122.536358,37.903978],[-122.536372,37.903712],[-122.536578,37.903715],[-122.536708,37.903782],[-122.536367,37.903993],[-122.536358,37.903978]]]},"properties":{"prop_id":"029-214-13","situsforma":"1 ALTA VISTA AVE","situsfor_2":"1 ALTA VISTA AVE  MILL VALLEY"}},{"type":"Feature","geometry":{"type":"Polygon","coordinates":[[[-122.547951,37.909735],[-122.547952,37.909735],[-122.548047,37.909847],[-122.548047,37.909847],[-122.547647,37.910049],[-122.547561,37.909932],[-122.547951,37.909735]]]},"properties":{"prop_id":"029-065-12","situsforma":"21 BIGELOW AVE","situsfor_2":"21 BIGELOW AVE  MILL VALLEY"}},{"type":"Feature","geometry":{"type":"Polygon","coordinates":[[[-122.541063,37.90425],[-122.540637,37.904217],[-122.540614,37.904084],[-122.541041,37.904092],[-122.541063,37.90425]]]},"properties":{"prop_id":"028-027-07","situsforma":"9 CARMELITA AVE","situsfor_2":"9 CARMELITA AVE  MILL VALLEY"}},{"type":"Feature","geometry":{"type":"Polygon","coordinates":[[[-122.560242,37.903927],[-122.559968,37.904286],[-122.559962,37.904282],[-122.559957,37.904278],[-122.559757,37.904185],[-122.559728,37.904076],[-122.559866,37.903861],[-122.560037,37.903818],[-122.560242,37.903927]]]},"properties":{"prop_id":"027-264-12","situsforma":"6 CYPRESS AVE","situsfor_2":"6 CYPRESS AVE  MILL VALLEY"}},{"type":"Feature","geometry":{"type":"Polygon","coordinates":[[[-122.561532,37.903535],[-122.561562,37.903613],[-122.561426,37.903675],[-122.561394,37.90369],[-122.561283,37.903839],[-122.561267,37.903804],[-122.561186,37.903626],[-122.56127,37.903509],[-122.561282,37.903492],[-122.561418,37.903301],[-122.561432,37.903291],[-122.561445,37.903321],[-122.561452,37.903339],[-122.561515,37.903492],[-122.561532,37.903535]]]},"properties":{"prop_id":"046-061-33","situsforma":"44 CYPRESS AVE","situsfor_2":"44 CYPRESS AVE  MILL VALLEY"}},{"type":"Feature","geometry":{"type":"Polygon","coordinates":[[[-122.542982,37.901414],[-122.54299,37.901411],[-122.543069,37.901557],[-122.543022,37.901574],[-122.542893,37.901619],[-122.542841,37.901624],[-122.54274,37.901497],[-122.542982,37.901414]]]},"properties":{"prop_id":"028-320-04","situsforma":"6 UNA CT","situsfor_2":"6 UNA CT  MILL VALLEY"}},{"type":"Feature","geometry":{"type":"Polygon","coordinates":[[[-122.531148,37.923956],[-122.531323,37.92412],[-122.531033,37.924153],[-122.530948,37.924074],[-122.531148,37.923956]]]},"properties":{"prop_id":"025-034-05","situsforma":"450 REDWOOD AVE","situsfor_2":"450 REDWOOD AVE  CORTE MADERA"}},{"type":"Feature","geometry":{"type":"Polygon","coordinates":[[[-122.547089,37.901622],[-122.547235,37.901492],[-122.547239,37.901495],[-122.547432,37.901694],[-122.547108,37.901967],[-122.547009,37.901699],[-122.547004,37.901699],[-122.547089,37.901622]]]},"properties":{"prop_id":"028-113-16","situsforma":"8 HELENS LN","situsfor_2":"8 HELENS LN  MILL VALLEY"}},{"type":"Feature","geometry":{"type":"Polygon","coordinates":[[[-122.531054,37.922885],[-122.531076,37.92285],[-122.531076,37.92285],[-122.531077,37.92285],[-122.53109,37.922819],[-122.531512,37.922805],[-122.531503,37.922838],[-122.531429,37.922995],[-122.531054,37.922885]]]},"properties":{"prop_id":"025-094-11","situsforma":"371 CORTE MADERA AVE","situsfor_2":"371 CORTE MADERA AVE  CORTE MADERA"}},{"type":"Feature","geometry":{"type":"Polygon","coordinates":[[[-122.531123,37.901492],[-122.53111,37.901513],[-122.530963,37.901735],[-122.530814,37.901671],[-122.53097,37.901414],[-122.531123,37.901492]]]},"properties":{"prop_id":"030-021-13","situsforma":"30 ALTAMONT AVE","situsfor_2":"30 ALTAMONT AVE  MILL VALLEY"}},{"type":"Feature","geometry":{"type":"Polygon","coordinates":[[[-122.536549,37.898406],[-122.536389,37.898357],[-122.536377,37.898353],[-122.536214,37.89813],[-122.536439,37.89797],[-122.536586,37.897868],[-122.53678,37.898061],[-122.536991,37.898254],[-122.536796,37.898392],[-122.536711,37.898452],[-122.536549,37.898406]]]},"properties":{"prop_id":"028-212-15","situsforma":"55 LA GOMA ST STE 100","situsfor_2":"55 LA GOMA ST STE 100 MILL VALLEY"}},{"type":"Feature","geometry":{"type":"Polygon","coordinates":[[[-122.552818,37.915925],[-122.552993,37.915883],[-122.552985,37.915938],[-122.553067,37.916184],[-122.553068,37.916187],[-122.552909,37.916224],[-122.552734,37.916264],[-122.552626,37.915967],[-122.552818,37.915925]]]},"properties":{"prop_id":"027-095-10","situsforma":"336 CORTE MADERA AVE","situsfor_2":"336 CORTE MADERA AVE  MILL VALLEY"}},{"type":"Feature","geometry":{"type":"Polygon","coordinates":[[[-122.566666,37.903015],[-122.566705,37.902821],[-122.567028,37.902932],[-122.567017,37.903002],[-122.566996,37.903132],[-122.566973,37.90327],[-122.566645,37.903148],[-122.566666,37.903015]]]},"properties":{"prop_id":"045-132-13","situsforma":"","situsfor_2":""}},{"type":"Feature","geometry":{"type":"Polygon","coordinates":[[[-122.533755,37.912122],[-122.533711,37.911761],[-122.534003,37.911814],[-122.534029,37.911818],[-122.534038,37.911819],[-122.534093,37.912134],[-122.533755,37.912122]]]},"properties":{"prop_id":"029-161-35","situsforma":"85 FAIRWAY DR","situsfor_2":"85 FAIRWAY DR  MILL VALLEY"}},{"type":"Feature","geometry":{"type":"Polygon","coordinates":[[[-122.541703,37.899823],[-122.541916,37.899465],[-122.542059,37.89964],[-122.541863,37.899968],[-122.541703,37.899823]]]},"properties":{"prop_id":"028-184-41","situsforma":"383 MOLINO AVE","situsfor_2":"383 MOLINO AVE  MILL VALLEY"}},{"type":"Feature","geometry":{"type":"Polygon","coordinates":[[[-122.530023,37.900059],[-122.529965,37.900151],[-122.529603,37.900119],[-122.52962,37.899982],[-122.530043,37.900026],[-122.530023,37.900059]]]},"properties":{"prop_id":"030-043-19","situsforma":"109 RYAN AVE","situsfor_2":"109 RYAN AVE  MILL VALLEY"}},{"type":"Feature","geometry":{"type":"Polygon","coordinates":[[[-122.532762,37.900639],[-122.53266,37.900581],[-122.532626,37.900562],[-122.532873,37.900313],[-122.533004,37.900392],[-122.532762,37.900639]]]},"properties":{"prop_id":"030-036-18","situsforma":"41 MATILDA AVE","situsfor_2":"41 MATILDA AVE  MILL VALLEY"}},{"type":"Feature","geometry":{"type":"Polygon","coordinates":[[[-122.551842,37.912653],[-122.551869,37.912691],[-122.55183,37.912787],[-122.551629,37.912874],[-122.551389,37.912728],[-122.551234,37.912732],[-122.551202,37.912408],[-122.551217,37.91242],[-122.55124,37.912438],[-122.551266,37.91249],[-122.551291,37.912535],[-122.551292,37.912537],[-122.551318,37.912585],[-122.551345,37.912637],[-122.551714,37.912414],[-122.551842,37.912653]]]},"properties":{"prop_id":"029-042-61","situsforma":"216 CORTE MADERA AVE","situsfor_2":"216 CORTE MADERA AVE  MILL VALLEY"}},{"type":"Feature","geometry":{"type":"Polygon","coordinates":[[[-122.536135,37.900351],[-122.536457,37.900128],[-122.53657,37.900237],[-122.536253,37.900459],[-122.536135,37.900351]]]},"properties":{"prop_id":"030-051-13","situsforma":"133 WALNUT AVE","situsfor_2":"133 WALNUT AVE  MILL VALLEY"}},{"type":"Feature","geometry":{"type":"Polygon","coordinates":[[[-122.546105,37.899875],[-122.546222,37.899549],[-122.546419,37.899622],[-122.546329,37.899887],[-122.546329,37.899888],[-122.5463,37.899973],[-122.5463,37.899973],[-122.546141,37.899952],[-122.546139,37.899952],[-122.546121,37.899949],[-122.546079,37.899944],[-122.546079,37.899944],[-122.546089,37.899918],[-122.546089,37.899917],[-122.546095,37.899903],[-122.546095,37.899902],[-122.546104,37.899877],[-122.546105,37.899876],[-122.546105,37.899875]]]},"properties":{"prop_id":"047-122-20","situsforma":"35 EDGEWOOD AVE","situsfor_2":"35 EDGEWOOD AVE  MILL VALLEY"}},{"type":"Feature","geometry":{"type":"Polygon","coordinates":[[[-122.531675,37.89652],[-122.531461,37.896778],[-122.531349,37.89672],[-122.531443,37.896416],[-122.531559,37.896462],[-122.531675,37.89652]]]},"properties":{"prop_id":"030-065-11","situsforma":"330 SYCAMORE AVE","situsfor_2":"330 SYCAMORE AVE  MILL VALLEY"}},{"type":"Feature","geometry":{"type":"Polygon","coordinates":[[[-122.540607,37.904968],[-122.540641,37.905153],[-122.54021,37.905196],[-122.540186,37.905074],[-122.540607,37.904968]]]},"properties":{"prop_id":"029-193-17","situsforma":"36 CARMELITA AVE","situsfor_2":"36 CARMELITA AVE  MILL VALLEY"}},{"type":"Feature","geometry":{"type":"Polygon","coordinates":[[[-122.542053,37.897937],[-122.541918,37.897752],[-122.542193,37.897519],[-122.542195,37.89752],[-122.542317,37.897661],[-122.542356,37.897843],[-122.542053,37.897937]]]},"properties":{"prop_id":"028-191-12","situsforma":"19 SUNRISE AVE","situsfor_2":"19 SUNRISE AVE  MILL VALLEY"}},{"type":"Feature","geometry":{"type":"Polygon","coordinates":[[[-122.540857,37.900623],[-122.540888,37.900601],[-122.540926,37.900631],[-122.540932,37.900626],[-122.540968,37.900656],[-122.540973,37.900654],[-122.541009,37.900687],[-122.541101,37.900623],[-122.541118,37.900638],[-122.541205,37.900574],[-122.541254,37.900538],[-122.541255,37.900538],[-122.541287,37.900565],[-122.541286,37.900566],[-122.541282,37.90057],[-122.541324,37.900607],[-122.541329,37.900604],[-122.54133,37.900604],[-122.541341,37.900615],[-122.54107,37.900807],[-122.540857,37.900623]]]},"properties":{"prop_id":"028-186-02","situsforma":"","situsfor_2":""}},{"type":"Feature","geometry":{"type":"Polygon","coordinates":[[[-122.556827,37.902729],[-122.55683,37.902726],[-122.556834,37.902729],[-122.557054,37.902904],[-122.557021,37.902928],[-122.556935,37.902991],[-122.556845,37.903068],[-122.556677,37.902936],[-122.556827,37.902729]]]},"properties":{"prop_id":"028-123-08","situsforma":"324 EDGEWOOD AVE","situsfor_2":"324 EDGEWOOD AVE  MILL VALLEY"}},{"type":"Feature","geometry":{"type":"Polygon","coordinates":[[[-122.534052,37.915117],[-122.534117,37.915085],[-122.534117,37.915085],[-122.534126,37.91508],[-122.534137,37.915073],[-122.534138,37.915072],[-122.534138,37.915072],[-122.534148,37.915064],[-122.534149,37.915064],[-122.53415,37.915063],[-122.534159,37.915054],[-122.53416,37.915054],[-122.53416,37.915053],[-122.534168,37.915043],[-122.534169,37.915043],[-122.534169,37.915043],[-122.534169,37.915043],[-122.534176,37.915032],[-122.534177,37.915032],[-122.534177,37.915031],[-122.534183,37.91502],[-122.534184,37.915019],[-122.534184,37.915018],[-122.534188,37.915009],[-122.53424,37.914917],[-122.534252,37.914901],[-122.534253,37.914899],[-122.534254,37.914898],[-122.53428,37.914866],[-122.534281,37.914865],[-122.534281,37.914865],[-122.534311,37.914834],[-122.534311,37.914834],[-122.534312,37.914833],[-122.534345,37.914805],[-122.534345,37.914804],[-122.534346,37.914804],[-122.534382,37.914777],[-122.534382,37.914777],[-122.534383,37.914777],[-122.534421,37.914753],[-122.534422,37.914752],[-122.534422,37.914752],[-122.534464,37.914731],[-122.534583,37.914961],[-122.534588,37.915157],[-122.53433,37.915159],[-122.534082,37.915195],[-122.534052,37.915117]]]},"properties":{"prop_id":"029-331-39","situsforma":"340 VISTA LINDA DR","situsfor_2":"340 VISTA LINDA DR  MILL VALLEY"}},{"type":"Feature","geometry":{"type":"Polygon","coordinates":[[[-122.532213,37.898401],[-122.532461,37.89859],[-122.532336,37.898689],[-122.532092,37.898503],[-122.532213,37.898401]]]},"properties":{"prop_id":"030-062-08","situsforma":"32 NELSON AVE","situsfor_2":"32 NELSON AVE  MILL VALLEY"}},{"type":"Feature","geometry":{"type":"Polygon","coordinates":[[[-122.529391,37.925361],[-122.529378,37.925597],[-122.529168,37.925564],[-122.529104,37.925461],[-122.52912,37.925271],[-122.529316,37.925268],[-122.529393,37.925309],[-122.529391,37.925361]]]},"properties":{"prop_id":"025-036-18","situsforma":"29 FIRST ST","situsfor_2":"29 FIRST ST  CORTE MADERA"}},{"type":"Feature","geometry":{"type":"Polygon","coordinates":[[[-122.552265,37.899681],[-122.552253,37.899735],[-122.552187,37.899721],[-122.552199,37.899668],[-122.552265,37.899681]]]},"properties":{"prop_id":"047-032-26","situsforma":"","situsfor_2":""}}]}