{"type":"FeatureCollection","source":"https://services1.arcgis.com/Ko5rxt00spOfjMqj/arcgis/rest/services/Napa_County_Public_Parcels/FeatureServer/1","retrieved":"2026-09-25","features":[{"type":"Feature","geometry":{"type":"Polygon","coordinates":[[[-122.329739,38.343219],[-122.329716,38.343171],[-122.329713,38.343161],[-122.329712,38.343142],[-122.329715,38.343132],[-122.329726,38.343114],[-122.329743,38.3431],[-122.329766,38.343091],[-122.330053,38.343018],[-122.33014,38.343177],[-122.329795,38.343282],[-122.329763,38.343252],[-122.329739,38.343219]]]},"properties":{"ASMTWithDash":"035-501-008-000","FullSitusAddress1":"2 WESLEY CT, NAPA CA  "}},{"type":"Feature","geometry":{"type":"Polygon","coordinates":[[[-122.345844,38.342681],[-122.346148,38.342619],[-122.346317,38.343137],[-122.346014,38.343199],[-122.345844,38.342681]]]},"properties":{"ASMTWithDash":"035-062-007-000","FullSitusAddress1":"1331 ORCHARD AVE, NAPA CA  "}},{"type":"Feature","geometry":{"type":"Polygon","coordinates":[[[-122.336323,38.355692],[-122.337409,38.355334],[-122.337919,38.3563],[-122.33684,38.356646],[-122.336323,38.355692]]]},"properties":{"ASMTWithDash":"034-190-014-000","FullSitusAddress1":"2060 WURZ LN, NAPA CA  "}},{"type":"Feature","geometry":{"type":"Polygon","coordinates":[[[-122.360455,38.347798],[-122.358343,38.347019],[-122.35723,38.347056],[-122.356749,38.346483],[-122.355453,38.34712],[-122.355102,38.346757],[-122.356499,38.346027],[-122.357718,38.345795],[-122.361109,38.345147],[-122.366559,38.344106],[-122.368774,38.347101],[-122.366984,38.347541],[-122.36489,38.348002],[-122.362878,38.348457],[-122.362499,38.348548],[-122.360455,38.347798]]]},"properties":{"ASMTWithDash":"035-010-001-000","FullSitusAddress1":"4135 DRY CREEK RD, NAPA CA  "}},{"type":"Feature","geometry":{"type":"Polygon","coordinates":[[[-122.340524,38.369256],[-122.345228,38.367724],[-122.345876,38.368938],[-122.341305,38.370457],[-122.341289,38.370427],[-122.341156,38.370177],[-122.340556,38.369317],[-122.340524,38.369256]]]},"properties":{"ASMTWithDash":"034-200-001-000","FullSitusAddress1":null}},{"type":"Feature","geometry":{"type":"Polygon","coordinates":[[[-122.334542,38.357385],[-122.335307,38.357139],[-122.335645,38.35703],[-122.335801,38.357326],[-122.335467,38.357434],[-122.334698,38.357681],[-122.334542,38.357385]]]},"properties":{"ASMTWithDash":"034-190-027-000","FullSitusAddress1":"5125 SOLANO AVE, NAPA CA "}},{"type":"Feature","geometry":{"type":"Polygon","coordinates":[[[-122.336801,38.361658],[-122.340842,38.360339],[-122.340376,38.359448],[-122.344255,38.358169],[-122.345433,38.360411],[-122.345445,38.360434],[-122.344765,38.360576],[-122.344561,38.360619],[-122.344258,38.360418],[-122.344076,38.36056],[-122.343964,38.360679],[-122.343812,38.360868],[-122.343221,38.361303],[-122.343164,38.361196],[-122.339234,38.362479],[-122.339379,38.362753],[-122.337666,38.363311],[-122.336801,38.361658]]]},"properties":{"ASMTWithDash":"034-190-043-000","FullSitusAddress1":null}},{"type":"Feature","geometry":{"type":"Polygon","coordinates":[[[-122.32884,38.343429],[-122.328837,38.343411],[-122.328842,38.343393],[-122.328847,38.343385],[-122.328863,38.343372],[-122.328883,38.343363],[-122.329137,38.343289],[-122.32922,38.343442],[-122.3289,38.34355],[-122.32884,38.343429]]]},"properties":{"ASMTWithDash":"035-501-018-000","FullSitusAddress1":"2 WHITE TAIL DR, NAPA CA  "}},{"type":"Feature","geometry":{"type":"Polygon","coordinates":[[[-122.328725,38.342943],[-122.328919,38.342881],[-122.329056,38.343136],[-122.328853,38.343195],[-122.328725,38.342943]]]},"properties":{"ASMTWithDash":"035-503-010-000","FullSitusAddress1":"35 LUKE DR, NAPA CA  "}},{"type":"Feature","geometry":{"type":"Polygon","coordinates":[[[-122.382121,38.372445],[-122.381806,38.372131],[-122.381438,38.371912],[-122.380896,38.371667],[-122.380564,38.371434],[-122.380248,38.371161],[-122.379932,38.370695],[-122.37984,38.370523],[-122.380757,38.370262],[-122.380891,38.370406],[-122.381281,38.370497],[-122.381687,38.37064],[-122.382049,38.370445],[-122.382948,38.370913],[-122.382372,38.372679],[-122.382121,38.372445]]]},"properties":{"ASMTWithDash":"034-260-002-000","FullSitusAddress1":"4897 DRY CREEK RD, NAPA CA  "}},{"type":"Feature","geometry":{"type":"Polygon","coordinates":[[[-122.338153,38.342074],[-122.337391,38.340627],[-122.337857,38.340476],[-122.339799,38.339853],[-122.342599,38.338905],[-122.343583,38.340748],[-122.343055,38.340851],[-122.343357,38.341495],[-122.342449,38.341636],[-122.342027,38.340827],[-122.34199,38.340751],[-122.34191,38.340784],[-122.341689,38.340867],[-122.341543,38.340886],[-122.341471,38.340874],[-122.34143,38.340879],[-122.341045,38.340144],[-122.340107,38.340451],[-122.340228,38.34069],[-122.340284,38.34072],[-122.340424,38.340761],[-122.340553,38.340803],[-122.340698,38.34083],[-122.340882,38.340886],[-122.340948,38.340908],[-122.341045,38.340917],[-122.34206,38.342808],[-122.341509,38.342991],[-122.341109,38.342266],[-122.340631,38.342426],[-122.341009,38.343157],[-122.339065,38.343805],[-122.338153,38.342074]]]},"properties":{"ASMTWithDash":"035-042-043-000","FullSitusAddress1":null}},{"type":"Feature","geometry":{"type":"Polygon","coordinates":[[[-122.32992,38.34646],[-122.33021,38.346366],[-122.330352,38.346638],[-122.330061,38.346732],[-122.32992,38.34646]]]},"properties":{"ASMTWithDash":"035-541-010-000","FullSitusAddress1":"236 MERANO WAY, NAPA CA "}},{"type":"Feature","geometry":{"type":"Polygon","coordinates":[[[-122.362486,38.352955],[-122.362722,38.35343],[-122.363355,38.353982],[-122.364049,38.354891],[-122.364206,38.355429],[-122.364633,38.355868],[-122.364397,38.355992],[-122.364327,38.355838],[-122.364241,38.355668],[-122.36403,38.355337],[-122.363979,38.355245],[-122.363949,38.355146],[-122.363917,38.355009],[-122.363825,38.354728],[-122.363728,38.354603],[-122.363477,38.354288],[-122.363081,38.353902],[-122.362819,38.353657],[-122.362625,38.353487],[-122.362505,38.353335],[-122.36228,38.353135],[-122.362163,38.353059],[-122.361178,38.352217],[-122.360772,38.351904],[-122.360541,38.351648],[-122.360056,38.351265],[-122.359613,38.351031],[-122.359335,38.350832],[-122.359155,38.350724],[-122.359045,38.350681],[-122.358966,38.35066],[-122.358856,38.350645],[-122.358616,38.350628],[-122.358234,38.350593],[-122.35799,38.350547],[-122.357714,38.350497],[-122.357409,38.350419],[-122.357287,38.350315],[-122.357201,38.350293],[-122.357386,38.350043],[-122.35761,38.349972],[-122.357897,38.3498],[-122.357893,38.34959],[-122.358044,38.349513],[-122.35826,38.349473],[-122.358357,38.349331],[-122.358551,38.34943],[-122.358866,38.349667],[-122.359612,38.350074],[-122.360149,38.35054],[-122.360441,38.350874],[-122.361042,38.351951],[-122.361778,38.352567],[-122.362486,38.352955]]]},"properties":{"ASMTWithDash":"035-031-034-000","FullSitusAddress1":"4208 DRY CREEK RD, NAPA CA "}},{"type":"Feature","geometry":{"type":"Polygon","coordinates":[[[-122.345433,38.360411],[-122.345477,38.360345],[-122.345509,38.360168],[-122.345454,38.359634],[-122.345445,38.35936],[-122.345296,38.359091],[-122.345172,38.35855],[-122.34521,38.358002],[-122.345128,38.357739],[-122.345374,38.357678],[-122.345369,38.357692],[-122.34536,38.358069],[-122.34533,38.358379],[-122.345516,38.358621],[-122.345637,38.359112],[-122.345743,38.359556],[-122.345675,38.359905],[-122.345657,38.360134],[-122.345494,38.360398],[-122.345445,38.360434],[-122.345433,38.360411]]]},"properties":{"ASMTWithDash":"034-190-039-000","FullSitusAddress1":null}},{"type":"Feature","geometry":{"type":"Polygon","coordinates":[[[-122.325067,38.350503],[-122.32921,38.34916],[-122.330241,38.351138],[-122.330473,38.351581],[-122.331141,38.352963],[-122.331149,38.352991],[-122.331151,38.353019],[-122.331148,38.353047],[-122.331139,38.353074],[-122.331124,38.3531],[-122.331105,38.353124],[-122.331081,38.353145],[-122.331054,38.353164],[-122.331023,38.353178],[-122.329904,38.353556],[-122.328849,38.353903],[-122.327046,38.354447],[-122.325067,38.350503]]]},"properties":{"ASMTWithDash":"036-160-009-000","FullSitusAddress1":"4606 OAK KNOLL AVE, NAPA CA "}},{"type":"Feature","geometry":{"type":"Polygon","coordinates":[[[-122.336006,38.366789],[-122.336256,38.366065],[-122.336695,38.366386],[-122.336755,38.366872],[-122.335764,38.36722],[-122.336006,38.366789]]]},"properties":{"ASMTWithDash":"036-230-007-000","FullSitusAddress1":"5272 WASHINGTON ST, NAPA CA  "}},{"type":"Feature","geometry":{"type":"Polygon","coordinates":[[[-122.344765,38.360576],[-122.345445,38.360434],[-122.345949,38.361398],[-122.345327,38.361605],[-122.344765,38.360576]]]},"properties":{"ASMTWithDash":"034-212-002-000","FullSitusAddress1":"1169 DARMS LN, NAPA CA  "}},{"type":"Feature","geometry":{"type":"Polygon","coordinates":[[[-122.322441,38.346417],[-122.32231,38.346165],[-122.322229,38.346011],[-122.322152,38.345862],[-122.322112,38.345785],[-122.322061,38.345705],[-122.321983,38.345556],[-122.321902,38.345402],[-122.32182,38.345245],[-122.321739,38.345092],[-122.321659,38.344939],[-122.321571,38.344772],[-122.321469,38.344577],[-122.321355,38.344362],[-122.321312,38.344279],[-122.321182,38.344031],[-122.321068,38.343814],[-122.321031,38.343726],[-122.321303,38.343639],[-122.321777,38.343486],[-122.321977,38.343422],[-122.322411,38.343281],[-122.322543,38.343238],[-122.32294,38.34311],[-122.323228,38.343017],[-122.323522,38.342922],[-122.323811,38.342829],[-122.323998,38.342768],[-122.324233,38.34322],[-122.325691,38.34274],[-122.325986,38.343314],[-122.326144,38.343875],[-122.325968,38.34393],[-122.326247,38.344454],[-122.32493,38.344876],[-122.325101,38.345204],[-122.324844,38.345287],[-122.325221,38.346009],[-122.322658,38.346821],[-122.322514,38.346553],[-122.322441,38.346417]]]},"properties":{"ASMTWithDash":"036-180-041-000","FullSitusAddress1":"4106 HOWARD LN, NAPA CA "}},{"type":"Feature","geometry":{"type":"Polygon","coordinates":[[[-122.33131,38.343357],[-122.331265,38.343273],[-122.33165,38.343144],[-122.331703,38.343243],[-122.331732,38.343306],[-122.33134,38.343417],[-122.33131,38.343357]]]},"properties":{"ASMTWithDash":"035-553-015-000","FullSitusAddress1":"40 AUTUMN RUN WAY, NAPA CA "}},{"type":"Feature","geometry":{"type":"Polygon","coordinates":[[[-122.344158,38.342106],[-122.343959,38.341395],[-122.344452,38.341106],[-122.344475,38.341088],[-122.344595,38.340998],[-122.345094,38.34108],[-122.345428,38.340948],[-122.345621,38.340817],[-122.345757,38.340837],[-122.346005,38.340808],[-122.34628,38.340758],[-122.346327,38.340641],[-122.346574,38.340615],[-122.346691,38.340491],[-122.346922,38.340544],[-122.347256,38.340649],[-122.347281,38.340644],[-122.347436,38.341195],[-122.347575,38.34119],[-122.347877,38.342265],[-122.347226,38.342398],[-122.346755,38.342495],[-122.346451,38.342557],[-122.346148,38.342619],[-122.345844,38.342681],[-122.34554,38.342743],[-122.345236,38.342805],[-122.344933,38.342867],[-122.344403,38.342975],[-122.344158,38.342106]]]},"properties":{"ASMTWithDash":"035-031-012-000","FullSitusAddress1":"1285 ORCHARD AVE, NAPA CA  "}},{"type":"Feature","geometry":{"type":"Polygon","coordinates":[[[-122.336801,38.361658],[-122.336341,38.360777],[-122.340376,38.359448],[-122.340842,38.360339],[-122.336801,38.361658]]]},"properties":{"ASMTWithDash":"034-190-044-000","FullSitusAddress1":null}},{"type":"Feature","geometry":{"type":"Polygon","coordinates":[[[-122.339442,38.373472],[-122.339763,38.373366],[-122.340031,38.373874],[-122.337759,38.374624],[-122.337494,38.374116],[-122.339442,38.373472]]]},"properties":{"ASMTWithDash":"036-130-011-000","FullSitusAddress1":"5440 WASHINGTON ST, NAPA CA  "}},{"type":"Feature","geometry":{"type":"Polygon","coordinates":[[[-122.340797,38.3754],[-122.341157,38.375285],[-122.341731,38.375105],[-122.342374,38.374884],[-122.342603,38.375348],[-122.341029,38.375872],[-122.340797,38.3754]]]},"properties":{"ASMTWithDash":"036-130-038-000","FullSitusAddress1":"5482 WASHINGTON ST, YOUNTVILLE CA "}},{"type":"Feature","geometry":{"type":"Polygon","coordinates":[[[-122.334735,38.356215],[-122.335492,38.355966],[-122.336323,38.355692],[-122.33684,38.356646],[-122.335645,38.35703],[-122.335307,38.357139],[-122.334735,38.356215]]]},"properties":{"ASMTWithDash":"034-190-015-000","FullSitusAddress1":"2040 W OAK KNOLL AVE, NAPA CA "}},{"type":"Feature","geometry":{"type":"Polygon","coordinates":[[[-122.355453,38.34712],[-122.356749,38.346483],[-122.35723,38.347056],[-122.355983,38.347669],[-122.355453,38.34712]]]},"properties":{"ASMTWithDash":"035-020-001-000","FullSitusAddress1":"4143 DRY CREEK RD, NAPA CA  "}},{"type":"Feature","geometry":{"type":"Polygon","coordinates":[[[-122.326823,38.341755],[-122.327193,38.341637],[-122.327337,38.341905],[-122.32697,38.342022],[-122.326823,38.341755]]]},"properties":{"ASMTWithDash":"035-480-005-000","FullSitusAddress1":"4439 SOLANO AVE, NAPA CA  "}},{"type":"Feature","geometry":{"type":"Polygon","coordinates":[[[-122.327193,38.343652],[-122.327169,38.343599],[-122.327116,38.343461],[-122.327333,38.343391],[-122.32746,38.343627],[-122.327283,38.343683],[-122.32726,38.343685],[-122.327248,38.343685],[-122.327225,38.343678],[-122.327206,38.343667],[-122.327193,38.343652]]]},"properties":{"ASMTWithDash":"035-503-018-000","FullSitusAddress1":"1 LUKE DR, NAPA CA  "}},{"type":"Feature","geometry":{"type":"Polygon","coordinates":[[[-122.328836,38.344655],[-122.329044,38.344585],[-122.329181,38.344837],[-122.328972,38.344907],[-122.328836,38.344655]]]},"properties":{"ASMTWithDash":"035-554-013-000","FullSitusAddress1":"20 MARSALA WAY, NAPA CA "}},{"type":"Feature","geometry":{"type":"Polygon","coordinates":[[[-122.325909,38.369322],[-122.326721,38.368883],[-122.329202,38.36754],[-122.329355,38.367825],[-122.329878,38.368966],[-122.330094,38.369389],[-122.330088,38.369503],[-122.330053,38.369536],[-122.330019,38.369547],[-122.329879,38.369674],[-122.32983,38.369707],[-122.329754,38.369827],[-122.32974,38.369871],[-122.329642,38.370014],[-122.329593,38.370064],[-122.329349,38.370273],[-122.329154,38.370377],[-122.329063,38.370542],[-122.328874,38.370652],[-122.328435,38.371003],[-122.328316,38.37108],[-122.328051,38.371185],[-122.327688,38.371454],[-122.327653,38.371492],[-122.327444,38.371619],[-122.327381,38.371641],[-122.327112,38.371671],[-122.325909,38.369322]]]},"properties":{"ASMTWithDash":"036-120-035-000","FullSitusAddress1":"1000 VINEYARD LN, NAPA CA  "}},{"type":"Feature","geometry":{"type":"Polygon","coordinates":[[[-122.372092,38.346875],[-122.371156,38.34689],[-122.37133,38.347568],[-122.37033,38.348084],[-122.369639,38.348804],[-122.369403,38.348339],[-122.369033,38.347611],[-122.368774,38.347101],[-122.375655,38.339797],[-122.375763,38.339885],[-122.37595,38.340065],[-122.37613,38.340191],[-122.376335,38.340312],[-122.376527,38.340438],[-122.3768,38.340549],[-122.376998,38.340651],[-122.377209,38.340753],[-122.377315,38.34082],[-122.377402,38.340981],[-122.377459,38.341132],[-122.377472,38.341297],[-122.377448,38.341439],[-122.377331,38.341576],[-122.377196,38.341678],[-122.377129,38.341883],[-122.377142,38.342029],[-122.377149,38.34218],[-122.377186,38.342283],[-122.377373,38.342428],[-122.377466,38.34254],[-122.377584,38.342617],[-122.377652,38.34269],[-122.377622,38.342788],[-122.377561,38.342871],[-122.37745,38.342998],[-122.37742,38.343154],[-122.377421,38.34329],[-122.377452,38.343461],[-122.37749,38.343631],[-122.377516,38.343777],[-122.377542,38.343953],[-122.377542,38.344104],[-122.377389,38.344333],[-122.377309,38.344441],[-122.377106,38.344646],[-122.376971,38.344817],[-122.376947,38.344939],[-122.376954,38.345158],[-122.376986,38.345397],[-122.377,38.345591],[-122.377062,38.345752],[-122.377131,38.345908],[-122.377138,38.346078],[-122.377152,38.346307],[-122.377165,38.346434],[-122.377197,38.346604],[-122.377247,38.34676],[-122.377316,38.34693],[-122.377434,38.347086],[-122.377528,38.347227],[-122.377597,38.347344],[-122.377634,38.347458],[-122.375998,38.348249],[-122.375982,38.348262],[-122.375458,38.348667],[-122.374215,38.349588],[-122.372092,38.346875]]]},"properties":{"ASMTWithDash":"034-230-029-000","FullSitusAddress1":"1300 MT VEEDER RD, NAPA CA "}},{"type":"Feature","geometry":{"type":"Polygon","coordinates":[[[-122.329599,38.344699],[-122.329806,38.344627],[-122.329943,38.344879],[-122.329735,38.344949],[-122.329599,38.344699]]]},"properties":{"ASMTWithDash":"035-554-005-000","FullSitusAddress1":"31 HAVEN WAY, NAPA CA "}},{"type":"Feature","geometry":{"type":"Polygon","coordinates":[[[-122.320762,38.378554],[-122.320424,38.378477],[-122.320008,38.378552],[-122.319583,38.378258],[-122.319502,38.377853],[-122.319548,38.377761],[-122.319573,38.377716],[-122.319604,38.377673],[-122.31964,38.377632],[-122.31974,38.37753],[-122.319767,38.377547],[-122.31981,38.377503],[-122.319782,38.377487],[-122.320209,38.377051],[-122.320231,38.377064],[-122.320241,38.377064],[-122.32028,38.377024],[-122.320252,38.377007],[-122.320572,38.37668],[-122.320609,38.376638],[-122.32064,38.376593],[-122.320665,38.376545],[-122.320683,38.376495],[-122.320695,38.376445],[-122.320695,38.376495],[-122.322047,38.376457],[-122.321943,38.376663],[-122.322255,38.376631],[-122.322526,38.376808],[-122.322963,38.376922],[-122.323172,38.376998],[-122.324132,38.377274],[-122.325324,38.377008],[-122.326706,38.376988],[-122.326479,38.377464],[-122.326635,38.37786],[-122.326566,38.377897],[-122.326052,38.378152],[-122.324826,38.378478],[-122.324359,38.378268],[-122.324069,38.378235],[-122.323589,38.378268],[-122.322325,38.378558],[-122.321459,38.378597],[-122.320764,38.378546],[-122.320762,38.378554]]]},"properties":{"ASMTWithDash":"036-470-014-000","FullSitusAddress1":null}},{"type":"Feature","geometry":{"type":"Polygon","coordinates":[[[-122.332757,38.341693],[-122.332327,38.341831],[-122.331675,38.342043],[-122.331654,38.342003],[-122.332724,38.341662],[-122.332757,38.341693]]]},"properties":{"ASMTWithDash":"035-570-020-000","FullSitusAddress1":null}},{"type":"Feature","geometry":{"type":"Polygon","coordinates":[[[-122.338231,38.356892],[-122.339031,38.358408],[-122.343584,38.356907],[-122.344255,38.358169],[-122.340376,38.359448],[-122.336341,38.360777],[-122.335308,38.358834],[-122.336074,38.358588],[-122.335773,38.358017],[-122.33669,38.357722],[-122.33654,38.357436],[-122.337137,38.357244],[-122.338231,38.356892]]]},"properties":{"ASMTWithDash":"034-190-033-000","FullSitusAddress1":"5135 SOLANO AVE, NAPA CA "}},{"type":"Feature","geometry":{"type":"Polygon","coordinates":[[[-122.327758,38.343255],[-122.327948,38.343193],[-122.328072,38.34343],[-122.327876,38.343493],[-122.327758,38.343255]]]},"properties":{"ASMTWithDash":"035-503-015-000","FullSitusAddress1":"15 LUKE DR, NAPA CA  "}},{"type":"Feature","geometry":{"type":"Polygon","coordinates":[[[-122.327925,38.34511],[-122.328271,38.344994],[-122.32836,38.345158],[-122.328014,38.345274],[-122.327925,38.34511]]]},"properties":{"ASMTWithDash":"035-555-008-000","FullSitusAddress1":"82 VERONA WAY, NAPA CA "}},{"type":"Feature","geometry":{"type":"Polygon","coordinates":[[[-122.373249,38.362876],[-122.37326,38.362685],[-122.373244,38.362555],[-122.373893,38.362223],[-122.374532,38.362239],[-122.374537,38.362882],[-122.373249,38.362876]]]},"properties":{"ASMTWithDash":"034-260-015-000","FullSitusAddress1":"4593 DRY CREEK RD, NAPA CA  "}},{"type":"Feature","geometry":{"type":"Polygon","coordinates":[[[-122.330691,38.344609],[-122.33046,38.344183],[-122.330437,38.344149],[-122.330407,38.344119],[-122.33037,38.344093],[-122.330328,38.344072],[-122.330283,38.344058],[-122.330235,38.34405],[-122.330185,38.344049],[-122.330137,38.344054],[-122.33009,38.344066],[-122.329643,38.344216],[-122.329506,38.343964],[-122.329705,38.343897],[-122.330176,38.343738],[-122.330406,38.343661],[-122.330633,38.343585],[-122.331058,38.343442],[-122.33131,38.343357],[-122.33134,38.343417],[-122.331325,38.343576],[-122.331311,38.343737],[-122.331293,38.343936],[-122.331271,38.344173],[-122.331322,38.344412],[-122.331779,38.344258],[-122.33178,38.34427],[-122.33178,38.344281],[-122.331776,38.344293],[-122.331771,38.344304],[-122.331763,38.344313],[-122.331753,38.344322],[-122.331741,38.344329],[-122.331728,38.344335],[-122.330806,38.344645],[-122.330793,38.344649],[-122.330779,38.34465],[-122.330766,38.344651],[-122.330752,38.344649],[-122.330739,38.344646],[-122.330727,38.344641],[-122.330716,38.344635],[-122.330706,38.344627],[-122.330698,38.344619],[-122.330691,38.344609]]]},"properties":{"ASMTWithDash":"035-553-010-000","FullSitusAddress1":"55 HAVEN WAY, NAPA CA "}},{"type":"Feature","geometry":{"type":"Polygon","coordinates":[[[-122.32898,38.343696],[-122.329301,38.343592],[-122.329384,38.343746],[-122.329063,38.34385],[-122.32898,38.343696]]]},"properties":{"ASMTWithDash":"035-501-014-000","FullSitusAddress1":"10 WHITE TAIL DR, NAPA CA  "}},{"type":"Feature","geometry":{"type":"Polygon","coordinates":[[[-122.326493,38.362611],[-122.326825,38.362696],[-122.326732,38.36289],[-122.32773,38.364774],[-122.328336,38.365921],[-122.326855,38.366735],[-122.325079,38.363404],[-122.325277,38.363295],[-122.323548,38.359996],[-122.321337,38.361176],[-122.321042,38.360649],[-122.321725,38.360279],[-122.321705,38.360256],[-122.321754,38.36023],[-122.321464,38.359889],[-122.322671,38.359214],[-122.322581,38.359114],[-122.322411,38.358879],[-122.322198,38.358492],[-122.323859,38.357587],[-122.324494,38.358799],[-122.325409,38.360543],[-122.326493,38.362611]]]},"properties":{"ASMTWithDash":"036-150-066-000","FullSitusAddress1":"1200 OAK KNOLL AVE, NAPA CA "}},{"type":"Feature","geometry":{"type":"Polygon","coordinates":[[[-122.339454,38.364982],[-122.339705,38.3649],[-122.339715,38.36492],[-122.339986,38.365429],[-122.339799,38.365491],[-122.339735,38.365511],[-122.339454,38.364982]]]},"properties":{"ASMTWithDash":"034-211-005-000","FullSitusAddress1":"1026 DARMS LN, NAPA CA  "}},{"type":"Feature","geometry":{"type":"Polygon","coordinates":[[[-122.37317,38.363623],[-122.372756,38.363778],[-122.372398,38.362803],[-122.372536,38.362231],[-122.37269,38.362197],[-122.372991,38.36235],[-122.373134,38.362768],[-122.37317,38.363623]]]},"properties":{"ASMTWithDash":"034-180-003-000","FullSitusAddress1":"4590 DRY CREEK RD, NAPA CA  "}},{"type":"Feature","geometry":{"type":"Polygon","coordinates":[[[-122.343535,38.351429],[-122.34287,38.350162],[-122.345237,38.349355],[-122.345967,38.350774],[-122.346057,38.35092],[-122.343681,38.351706],[-122.343535,38.351429]]]},"properties":{"ASMTWithDash":"035-490-014-000","FullSitusAddress1":null}},{"type":"Feature","geometry":{"type":"Polygon","coordinates":[[[-122.345698,38.364664],[-122.345411,38.364173],[-122.344999,38.364305],[-122.34445,38.363366],[-122.345614,38.362982],[-122.34581,38.36335],[-122.346797,38.363025],[-122.347153,38.363722],[-122.347345,38.364102],[-122.346036,38.364552],[-122.345698,38.364664]]]},"properties":{"ASMTWithDash":"034-211-058-000","FullSitusAddress1":"1120 DARMS LN, NAPA CA "}},{"type":"Feature","geometry":{"type":"Polygon","coordinates":[[[-122.336256,38.366065],[-122.336413,38.365532],[-122.336701,38.365439],[-122.337124,38.366258],[-122.336695,38.366386],[-122.336256,38.366065]]]},"properties":{"ASMTWithDash":"036-230-006-000","FullSitusAddress1":"5270 WASHINGTON ST, NAPA CA  "}},{"type":"Feature","geometry":{"type":"Polygon","coordinates":[[[-122.333019,38.34427],[-122.333049,38.344208],[-122.33291,38.343947],[-122.333011,38.343914],[-122.333027,38.343909],[-122.333587,38.344014],[-122.333687,38.344207],[-122.333209,38.344333],[-122.333107,38.344345],[-122.333096,38.344327],[-122.333081,38.344309],[-122.333063,38.344294],[-122.333042,38.344281],[-122.333019,38.34427]]]},"properties":{"ASMTWithDash":"035-532-011-000","FullSitusAddress1":"15 AMBER LEAF CT, NAPA CA  "}},{"type":"Feature","geometry":{"type":"Polygon","coordinates":[[[-122.379255,38.353583],[-122.381144,38.351976],[-122.381733,38.3536],[-122.382675,38.35339],[-122.382678,38.353442],[-122.382704,38.353636],[-122.382735,38.353748],[-122.382804,38.353875],[-122.382891,38.353996],[-122.382997,38.354093],[-122.383084,38.354181],[-122.38319,38.354302],[-122.383302,38.354438],[-122.383383,38.35454],[-122.383427,38.354706],[-122.38343,38.354769],[-122.380459,38.355559],[-122.379255,38.353583]]]},"properties":{"ASMTWithDash":"034-230-002-000","FullSitusAddress1":"1484 MT VEEDER RD, NAPA CA  "}},{"type":"Feature","geometry":{"type":"Polygon","coordinates":[[[-122.33336,38.342332],[-122.333501,38.342494],[-122.332883,38.342662],[-122.332773,38.34249],[-122.33336,38.342332]]]},"properties":{"ASMTWithDash":"035-570-015-000","FullSitusAddress1":"125 LUKE DR, NAPA CA "}},{"type":"Feature","geometry":{"type":"Polygon","coordinates":[[[-122.320257,38.350622],[-122.319902,38.349932],[-122.319443,38.349054],[-122.318909,38.34803],[-122.320003,38.347679],[-122.320324,38.347577],[-122.320597,38.347491],[-122.320833,38.347416],[-122.321037,38.347351],[-122.321226,38.34729],[-122.321421,38.347226],[-122.321612,38.347163],[-122.321808,38.347099],[-122.322034,38.347025],[-122.32223,38.346961],[-122.322453,38.346888],[-122.322658,38.346821],[-122.325067,38.350503],[-122.320904,38.351877],[-122.320257,38.350622]]]},"properties":{"ASMTWithDash":"036-160-011-000","FullSitusAddress1":null}},{"type":"Feature","geometry":{"type":"Polygon","coordinates":[[[-122.329999,38.343395],[-122.329914,38.343403],[-122.329907,38.343383],[-122.329896,38.343363],[-122.329882,38.343346],[-122.329864,38.34333],[-122.329795,38.343282],[-122.33014,38.343177],[-122.330306,38.34348],[-122.329999,38.343395]]]},"properties":{"ASMTWithDash":"035-501-009-000","FullSitusAddress1":"6 WESLEY CT, NAPA CA  "}},{"type":"Feature","geometry":{"type":"Polygon","coordinates":[[[-122.344497,38.360757],[-122.344449,38.360666],[-122.344561,38.360619],[-122.344765,38.360576],[-122.345327,38.361605],[-122.345945,38.362766],[-122.345584,38.362885],[-122.344497,38.360757]]]},"properties":{"ASMTWithDash":"034-212-003-000","FullSitusAddress1":"1167 DARMS LN, NAPA CA  "}},{"type":"Feature","geometry":{"type":"Polygon","coordinates":[[[-122.345832,38.378938],[-122.345758,38.37881],[-122.35209,38.376773],[-122.353792,38.376251],[-122.363089,38.372228],[-122.361988,38.374225],[-122.354249,38.377634],[-122.35393,38.377755],[-122.351643,38.378474],[-122.346588,38.38014],[-122.345832,38.378938]]]},"properties":{"ASMTWithDash":"034-170-004-000","FullSitusAddress1":"6001 SOLANO AVE, NAPA CA  "}},{"type":"Feature","geometry":{"type":"Polygon","coordinates":[[[-122.339569,38.367439],[-122.339943,38.367316],[-122.340176,38.367755],[-122.339799,38.367878],[-122.339569,38.367439]]]},"properties":{"ASMTWithDash":"034-211-018-000","FullSitusAddress1":"1204 CARRELL LN, NAPA CA  "}},{"type":"Feature","geometry":{"type":"Polygon","coordinates":[[[-122.332356,38.343359],[-122.331971,38.343487],[-122.331964,38.343421],[-122.33195,38.343356],[-122.331931,38.343292],[-122.332233,38.343224],[-122.332289,38.343235],[-122.332356,38.343359]]]},"properties":{"ASMTWithDash":"035-552-005-000","FullSitusAddress1":"45 AUTUMN RUN WAY, NAPA CA "}},{"type":"Feature","geometry":{"type":"Polygon","coordinates":[[[-122.330834,38.368674],[-122.330184,38.367529],[-122.33083,38.367304],[-122.331359,38.368131],[-122.331764,38.368769],[-122.33168,38.368799],[-122.330834,38.368674]]]},"properties":{"ASMTWithDash":"036-230-016-000","FullSitusAddress1":"1074 VINEYARD LN, NAPA CA "}},{"type":"Feature","geometry":{"type":"Polygon","coordinates":[[[-122.361946,38.352455],[-122.363655,38.351882],[-122.363701,38.352144],[-122.363602,38.352146],[-122.363281,38.352346],[-122.363181,38.35244],[-122.363029,38.352559],[-122.362865,38.352663],[-122.362653,38.352808],[-122.361946,38.352455]]]},"properties":{"ASMTWithDash":"034-270-032-000","FullSitusAddress1":"4253 DRY CREEK RD, NAPA CA  "}},{"type":"Feature","geometry":{"type":"Polygon","coordinates":[[[-122.340877,38.363632],[-122.340916,38.363592],[-122.340972,38.36339],[-122.341037,38.363511],[-122.341434,38.364253],[-122.341241,38.364317],[-122.340877,38.363632]]]},"properties":{"ASMTWithDash":"034-212-015-000","FullSitusAddress1":"1055 DARMS LN, NAPA CA  "}},{"type":"Feature","geometry":{"type":"Polygon","coordinates":[[[-122.340425,38.350998],[-122.34287,38.350162],[-122.343535,38.351429],[-122.341077,38.352242],[-122.340425,38.350998]]]},"properties":{"ASMTWithDash":"035-490-012-000","FullSitusAddress1":"2215 W OAK KNOLL AVE, NAPA CA "}},{"type":"Feature","geometry":{"type":"Polygon","coordinates":[[[-122.331788,38.345301],[-122.331657,38.345249],[-122.331661,38.345226],[-122.33166,38.345203],[-122.331654,38.34518],[-122.331644,38.345158],[-122.331628,38.345138],[-122.331874,38.344966],[-122.331987,38.345131],[-122.332133,38.345304],[-122.331788,38.345301]]]},"properties":{"ASMTWithDash":"035-531-012-000","FullSitusAddress1":"21 HERITAGE CT, NAPA CA "}},{"type":"Feature","geometry":{"type":"Polygon","coordinates":[[[-122.350574,38.341144],[-122.350349,38.340766],[-122.349703,38.340322],[-122.349945,38.340204],[-122.350139,38.340193],[-122.350238,38.340038],[-122.350569,38.33987],[-122.350756,38.339955],[-122.350961,38.339941],[-122.351312,38.339987],[-122.351443,38.339942],[-122.351467,38.339861],[-122.352229,38.339656],[-122.352376,38.339564],[-122.352519,38.339538],[-122.352605,38.339459],[-122.352742,38.339417],[-122.35303,38.339205],[-122.353009,38.33909],[-122.353409,38.339023],[-122.353392,38.338917],[-122.353498,38.338868],[-122.353503,38.338786],[-122.353637,38.338659],[-122.353673,38.338314],[-122.353662,38.338164],[-122.353738,38.338095],[-122.353703,38.338054],[-122.353819,38.337914],[-122.353803,38.337869],[-122.353852,38.337842],[-122.353835,38.33777],[-122.353872,38.337664],[-122.353919,38.337674],[-122.353966,38.337571],[-122.354097,38.337555],[-122.354082,38.337426],[-122.354124,38.33738],[-122.355694,38.339592],[-122.356296,38.34051],[-122.356568,38.34058],[-122.35688,38.340998],[-122.355835,38.341215],[-122.351037,38.342177],[-122.350574,38.341144]]]},"properties":{"ASMTWithDash":"035-460-001-000","FullSitusAddress1":"3211 DRY CREEK RD, NAPA CA  "}},{"type":"Feature","geometry":{"type":"Polygon","coordinates":[[[-122.340182,38.366742],[-122.34051,38.366634],[-122.340734,38.367055],[-122.340406,38.367163],[-122.340182,38.366742]]]},"properties":{"ASMTWithDash":"034-211-022-000","FullSitusAddress1":"1223 CARRELL LN, NAPA CA  "}},{"type":"Feature","geometry":{"type":"Polygon","coordinates":[[[-122.357571,38.345317],[-122.357694,38.345243],[-122.3588,38.345032],[-122.359768,38.344525],[-122.360116,38.344123],[-122.360616,38.343547],[-122.360434,38.343004],[-122.365022,38.342049],[-122.365648,38.342887],[-122.360704,38.343831],[-122.361109,38.345147],[-122.357718,38.345795],[-122.357571,38.345317]]]},"properties":{"ASMTWithDash":"035-390-002-000","FullSitusAddress1":"4127 DRY CREEK RD, NAPA CA  "}},{"type":"Feature","geometry":{"type":"Polygon","coordinates":[[[-122.337274,38.351867],[-122.33586,38.34919],[-122.336714,38.348879],[-122.337124,38.34873],[-122.338274,38.348311],[-122.338589,38.348204],[-122.338906,38.3481],[-122.340425,38.350998],[-122.341077,38.352242],[-122.341133,38.352349],[-122.341872,38.353687],[-122.338793,38.354742],[-122.337274,38.351867]]]},"properties":{"ASMTWithDash":"035-031-033-000","FullSitusAddress1":null}},{"type":"Feature","geometry":{"type":"Polygon","coordinates":[[[-122.376148,38.36717],[-122.375458,38.366648],[-122.375313,38.366543],[-122.375165,38.366425],[-122.375,38.366302],[-122.374882,38.366207],[-122.374657,38.366011],[-122.37453,38.365895],[-122.37441,38.365773],[-122.374161,38.365502],[-122.374072,38.36538],[-122.374035,38.365323],[-122.374008,38.365266],[-122.374002,38.365188],[-122.373999,38.365104],[-122.374011,38.364985],[-122.374006,38.364883],[-122.373993,38.364819],[-122.373965,38.364755],[-122.37382,38.364371],[-122.373778,38.364254],[-122.373737,38.364174],[-122.373671,38.364079],[-122.373862,38.363792],[-122.374158,38.363303],[-122.374315,38.363007],[-122.374367,38.362954],[-122.374452,38.362934],[-122.374523,38.362927],[-122.374598,38.362942],[-122.374636,38.362978],[-122.374632,38.363028],[-122.374591,38.36314],[-122.374515,38.363404],[-122.374522,38.363521],[-122.374542,38.363602],[-122.374577,38.363684],[-122.374628,38.363753],[-122.374757,38.363896],[-122.37483,38.363952],[-122.374897,38.363969],[-122.374969,38.363961],[-122.37504,38.363943],[-122.375088,38.363906],[-122.375167,38.363792],[-122.375436,38.363315],[-122.375488,38.363209],[-122.375486,38.362953],[-122.375465,38.362663],[-122.375554,38.362642],[-122.377318,38.362211],[-122.380059,38.366308],[-122.37983,38.366364],[-122.376221,38.36722],[-122.376148,38.36717]]]},"properties":{"ASMTWithDash":"034-260-022-000","FullSitusAddress1":"4717 DRY CREEK RD, NAPA CA "}},{"type":"Feature","geometry":{"type":"Polygon","coordinates":[[[-122.357115,38.377413],[-122.357077,38.37741],[-122.356996,38.377451],[-122.356861,38.377505],[-122.356654,38.377574],[-122.356553,38.377587],[-122.356307,38.377638],[-122.356076,38.377694],[-122.355935,38.377715],[-122.355774,38.377817],[-122.355647,38.377972],[-122.355329,38.378252],[-122.355121,38.378346],[-122.354941,38.378426],[-122.354748,38.378475],[-122.354249,38.377634],[-122.361988,38.374225],[-122.363016,38.375642],[-122.360786,38.376624],[-122.361557,38.377688],[-122.358383,38.379198],[-122.35762,38.378124],[-122.357115,38.377413]]]},"properties":{"ASMTWithDash":"034-170-035-000","FullSitusAddress1":"6071 ST HELENA HWY, NAPA CA "}},{"type":"Feature","geometry":{"type":"Polygon","coordinates":[[[-122.375956,38.378475],[-122.371112,38.377483],[-122.372132,38.377194],[-122.373095,38.376928],[-122.380505,38.375016],[-122.382961,38.37554],[-122.382027,38.379221],[-122.375956,38.378475]]]},"properties":{"ASMTWithDash":"034-170-018-000","FullSitusAddress1":"4920 DRY CREEK RD, NAPA CA  "}},{"type":"Feature","geometry":{"type":"Polygon","coordinates":[[[-122.348793,38.340479],[-122.348937,38.340532],[-122.349071,38.34048],[-122.349118,38.340468],[-122.349397,38.340402],[-122.349467,38.340386],[-122.349813,38.340651],[-122.349913,38.340733],[-122.350008,38.340819],[-122.350095,38.340909],[-122.350176,38.341003],[-122.35025,38.3411],[-122.350317,38.341201],[-122.350377,38.341304],[-122.350428,38.34141],[-122.350791,38.342222],[-122.348024,38.342788],[-122.347877,38.342265],[-122.347575,38.34119],[-122.347436,38.341195],[-122.347281,38.340644],[-122.347386,38.340626],[-122.34745,38.340704],[-122.347463,38.340781],[-122.347547,38.340837],[-122.347647,38.340757],[-122.347778,38.340873],[-122.347967,38.340907],[-122.348088,38.340916],[-122.348278,38.341008],[-122.348326,38.340973],[-122.348376,38.340937],[-122.348383,38.340826],[-122.348593,38.340687],[-122.348626,38.340597],[-122.348793,38.340479]]]},"properties":{"ASMTWithDash":"035-031-013-000","FullSitusAddress1":"3174 DRY CREEK RD, NAPA CA  "}},{"type":"Feature","geometry":{"type":"Polygon","coordinates":[[[-122.339346,38.367018],[-122.339861,38.366849],[-122.340084,38.367269],[-122.339943,38.367316],[-122.339569,38.367439],[-122.339346,38.367018]]]},"properties":{"ASMTWithDash":"034-211-015-000","FullSitusAddress1":"1203 CARRELL LN, NAPA CA  "}},{"type":"Feature","geometry":{"type":"Polygon","coordinates":[[[-122.342211,38.366628],[-122.342226,38.366623],[-122.342437,38.367019],[-122.342095,38.36713],[-122.341885,38.366735],[-122.342211,38.366628]]]},"properties":{"ASMTWithDash":"034-211-031-000","FullSitusAddress1":"1264 CARRELL LN, NAPA CA  "}},{"type":"Feature","geometry":{"type":"Polygon","coordinates":[[[-122.357726,38.338832],[-122.358749,38.337564],[-122.361855,38.337682],[-122.363299,38.339703],[-122.363237,38.339717],[-122.36324,38.339721],[-122.359751,38.340419],[-122.357726,38.338832]]]},"properties":{"ASMTWithDash":"035-460-032-000","FullSitusAddress1":"3277 DRY CREEK RD, NAPA CA "}},{"type":"Feature","geometry":{"type":"Polygon","coordinates":[[[-122.329202,38.36754],[-122.32853,38.36629],[-122.336584,38.363413],[-122.337398,38.364949],[-122.33737,38.364983],[-122.337276,38.365008],[-122.333809,38.366239],[-122.333334,38.366419],[-122.332889,38.36658],[-122.331912,38.366922],[-122.331378,38.36711],[-122.33083,38.367304],[-122.330184,38.367529],[-122.329355,38.367825],[-122.329202,38.36754]]]},"properties":{"ASMTWithDash":"036-140-059-000","FullSitusAddress1":null}},{"type":"Feature","geometry":{"type":"Polygon","coordinates":[[[-122.335031,38.340146],[-122.334979,38.340163],[-122.334919,38.340049],[-122.334971,38.340032],[-122.334922,38.339938],[-122.337162,38.33921],[-122.337857,38.340476],[-122.337391,38.340627],[-122.335589,38.341213],[-122.335031,38.340146]]]},"properties":{"ASMTWithDash":"035-480-023-000","FullSitusAddress1":"31 VISTA RANCH RD, NAPA CA "}},{"type":"Feature","geometry":{"type":"Polygon","coordinates":[[[-122.334451,38.359326],[-122.335782,38.361897],[-122.3317,38.363356],[-122.329552,38.359214],[-122.331327,38.358649],[-122.331442,38.358642],[-122.331555,38.358628],[-122.331668,38.358608],[-122.331778,38.358581],[-122.332832,38.358255],[-122.333785,38.357941],[-122.334451,38.359326]]]},"properties":{"ASMTWithDash":"036-140-077-000","FullSitusAddress1":"1160 OAK KNOLL AVE, NAPA CA "}},{"type":"Feature","geometry":{"type":"Polygon","coordinates":[[[-122.343788,38.361102],[-122.34376,38.36105],[-122.343978,38.360867],[-122.344102,38.360814],[-122.344155,38.360915],[-122.344641,38.361912],[-122.344253,38.362037],[-122.343788,38.361102]]]},"properties":{"ASMTWithDash":"034-212-006-000","FullSitusAddress1":"1123 DARMS LN, NAPA CA  "}},{"type":"Feature","geometry":{"type":"Polygon","coordinates":[[[-122.34457,38.3436],[-122.345021,38.343508],[-122.345254,38.344212],[-122.345929,38.344074],[-122.345696,38.34337],[-122.346371,38.343232],[-122.346605,38.343941],[-122.347385,38.343785],[-122.348222,38.343617],[-122.348639,38.3449],[-122.345911,38.345807],[-122.34525,38.346023],[-122.34457,38.3436]]]},"properties":{"ASMTWithDash":"035-031-018-000","FullSitusAddress1":"1338 ORCHARD AVE, NAPA CA "}},{"type":"Feature","geometry":{"type":"Polygon","coordinates":[[[-122.332384,38.343412],[-122.332356,38.343359],[-122.332289,38.343235],[-122.332867,38.342978],[-122.332977,38.34315],[-122.332384,38.343412]]]},"properties":{"ASMTWithDash":"035-570-005-000","FullSitusAddress1":"134 LUKE DR, NAPA CA "}},{"type":"Feature","geometry":{"type":"Polygon","coordinates":[[[-122.345757,38.340837],[-122.345621,38.340817],[-122.345428,38.340948],[-122.345094,38.34108],[-122.344595,38.340998],[-122.344475,38.341088],[-122.344229,38.340622],[-122.343583,38.340748],[-122.342599,38.338905],[-122.341653,38.337131],[-122.342558,38.336832],[-122.343835,38.336409],[-122.34434,38.337363],[-122.345175,38.337082],[-122.345787,38.338181],[-122.346222,38.338963],[-122.347881,38.338416],[-122.348066,38.338748],[-122.346275,38.339338],[-122.346582,38.339916],[-122.346922,38.340544],[-122.346691,38.340491],[-122.346574,38.340615],[-122.346327,38.340641],[-122.34628,38.340758],[-122.346005,38.340808],[-122.345757,38.340837]]]},"properties":{"ASMTWithDash":"035-470-039-000","FullSitusAddress1":null}},{"type":"Feature","geometry":{"type":"Polygon","coordinates":[[[-122.334133,38.375911],[-122.334262,38.375869],[-122.335389,38.377971],[-122.335337,38.378064],[-122.335351,38.378153],[-122.335377,38.378189],[-122.334299,38.378672],[-122.334273,38.378636],[-122.333391,38.377839],[-122.333799,38.377418],[-122.334097,38.37731],[-122.33478,38.377118],[-122.334133,38.375911]]]},"properties":{"ASMTWithDash":"036-130-062-000","FullSitusAddress1":"5442 TRUBODY LN, NAPA CA "}},{"type":"Feature","geometry":{"type":"Polygon","coordinates":[[[-122.354629,38.349344],[-122.354475,38.349291],[-122.35392,38.348982],[-122.353757,38.348892],[-122.355363,38.347234],[-122.355989,38.347882],[-122.356004,38.347892],[-122.354629,38.349344]]]},"properties":{"ASMTWithDash":"035-031-003-000","FullSitusAddress1":"4142 DRY CREEK RD, NAPA CA "}},{"type":"Feature","geometry":{"type":"Polygon","coordinates":[[[-122.372099,38.364336],[-122.37204,38.364238],[-122.371964,38.364098],[-122.371922,38.364047],[-122.371875,38.36401],[-122.371791,38.363922],[-122.371726,38.363828],[-122.37169,38.363744],[-122.371684,38.363632],[-122.371672,38.363528],[-122.371629,38.363397],[-122.371574,38.363271],[-122.371476,38.363141],[-122.372398,38.362803],[-122.372756,38.363778],[-122.372815,38.363937],[-122.372187,38.364441],[-122.372099,38.364336]]]},"properties":{"ASMTWithDash":"034-180-004-000","FullSitusAddress1":null}},{"type":"Feature","geometry":{"type":"Polygon","coordinates":[[[-122.329843,38.346021],[-122.330074,38.345946],[-122.330206,38.3462],[-122.329975,38.346275],[-122.329843,38.346021]]]},"properties":{"ASMTWithDash":"035-542-008-000","FullSitusAddress1":"235 MERANO WAY, NAPA CA "}},{"type":"Feature","geometry":{"type":"Polygon","coordinates":[[[-122.338562,38.36551],[-122.338527,38.365436],[-122.338525,38.365428],[-122.338526,38.365411],[-122.338533,38.365395],[-122.338539,38.365388],[-122.338554,38.365376],[-122.339028,38.365123],[-122.339454,38.364982],[-122.339735,38.365511],[-122.33873,38.365842],[-122.338562,38.36551]]]},"properties":{"ASMTWithDash":"034-211-047-000","FullSitusAddress1":"1012 DARMS LN, NAPA CA  "}},{"type":"Feature","geometry":{"type":"Polygon","coordinates":[[[-122.33227,38.34471],[-122.332262,38.3447],[-122.332257,38.34469],[-122.332253,38.344679],[-122.332253,38.344668],[-122.332254,38.344656],[-122.332258,38.344646],[-122.332263,38.344635],[-122.332271,38.344626],[-122.332281,38.344618],[-122.332292,38.344611],[-122.33255,38.344528],[-122.332743,38.344899],[-122.332521,38.344971],[-122.33227,38.34471]]]},"properties":{"ASMTWithDash":"035-532-007-000","FullSitusAddress1":"103 AUTUMN RUN WAY, NAPA CA  "}},{"type":"Feature","geometry":{"type":"Polygon","coordinates":[[[-122.328916,38.347027],[-122.329151,38.34669],[-122.329176,38.346699],[-122.329201,38.346705],[-122.329228,38.346708],[-122.329255,38.346708],[-122.329282,38.346704],[-122.329308,38.346697],[-122.329332,38.346687],[-122.329353,38.346675],[-122.32948,38.346919],[-122.329026,38.347065],[-122.328916,38.347027]]]},"properties":{"ASMTWithDash":"035-541-013-000","FullSitusAddress1":"224 MERANO WAY, NAPA CA "}},{"type":"Feature","geometry":{"type":"Polygon","coordinates":[[[-122.354315,38.345974],[-122.356119,38.345234],[-122.356611,38.345726],[-122.355037,38.34669],[-122.354315,38.345974]]]},"properties":{"ASMTWithDash":"035-020-002-000","FullSitusAddress1":"4131 DRY CREEK RD, NAPA CA  "}},{"type":"Feature","geometry":{"type":"Polygon","coordinates":[[[-122.352224,38.343883],[-122.353201,38.343431],[-122.354074,38.34322],[-122.354838,38.343058],[-122.356974,38.342604],[-122.355835,38.341215],[-122.35688,38.340998],[-122.359751,38.340419],[-122.36324,38.339721],[-122.364519,38.341379],[-122.357138,38.342868],[-122.354977,38.343304],[-122.354295,38.343444],[-122.353422,38.343654],[-122.352444,38.344106],[-122.352224,38.343883]]]},"properties":{"ASMTWithDash":"035-390-009-000","FullSitusAddress1":null}},{"type":"Feature","geometry":{"type":"Polygon","coordinates":[[[-122.331311,38.343737],[-122.331325,38.343576],[-122.331777,38.343523],[-122.331775,38.34359],[-122.331764,38.343657],[-122.331747,38.343738],[-122.331311,38.343737]]]},"properties":{"ASMTWithDash":"035-553-006-000","FullSitusAddress1":"60 AUTUMN RUN WAY, NAPA CA "}},{"type":"Feature","geometry":{"type":"Polygon","coordinates":[[[-122.373582,38.361552],[-122.373538,38.361349],[-122.373639,38.361298],[-122.373729,38.361238],[-122.373847,38.361142],[-122.373774,38.361095],[-122.37328,38.36104],[-122.372864,38.361024],[-122.372378,38.360999],[-122.371586,38.361178],[-122.371208,38.361329],[-122.370409,38.360766],[-122.370932,38.360393],[-122.371417,38.360067],[-122.372091,38.359614],[-122.372302,38.359718],[-122.372524,38.35966],[-122.373228,38.359637],[-122.374578,38.360681],[-122.375134,38.361051],[-122.37443,38.361337],[-122.374536,38.361594],[-122.374536,38.361606],[-122.373582,38.361552]]]},"properties":{"ASMTWithDash":"034-270-003-000","FullSitusAddress1":"4539 DRY CREEK RD, NAPA CA  "}},{"type":"Feature","geometry":{"type":"Polygon","coordinates":[[[-122.329355,38.367825],[-122.330184,38.367529],[-122.330834,38.368674],[-122.330732,38.368659],[-122.329878,38.368966],[-122.329355,38.367825]]]},"properties":{"ASMTWithDash":"036-230-017-000","FullSitusAddress1":"1062 VINEYARD LN, NAPA CA  "}},{"type":"Feature","geometry":{"type":"Polygon","coordinates":[[[-122.360704,38.343831],[-122.365648,38.342887],[-122.366559,38.344106],[-122.361109,38.345147],[-122.360704,38.343831]]]},"properties":{"ASMTWithDash":"035-390-001-000","FullSitusAddress1":"4129 DRY CREEK RD, NAPA CA "}},{"type":"Feature","geometry":{"type":"Polygon","coordinates":[[[-122.34911,38.361196],[-122.349427,38.361103],[-122.350122,38.361053],[-122.350208,38.361414],[-122.349346,38.361643],[-122.34911,38.361196]]]},"properties":{"ASMTWithDash":"034-190-029-000","FullSitusAddress1":"1210 DARMS LN, NAPA CA  "}},{"type":"Feature","geometry":{"type":"Polygon","coordinates":[[[-122.352419,38.370396],[-122.351326,38.368058],[-122.348048,38.369172],[-122.347583,38.368372],[-122.347831,38.36829],[-122.349206,38.367839],[-122.348535,38.366577],[-122.348452,38.366414],[-122.354815,38.36435],[-122.356761,38.367584],[-122.356767,38.367596],[-122.361869,38.367538],[-122.364127,38.368583],[-122.364285,38.370004],[-122.363921,38.370631],[-122.352116,38.373626],[-122.354383,38.370636],[-122.352419,38.370396]]]},"properties":{"ASMTWithDash":"034-170-026-000","FullSitusAddress1":"5411 SOLANO AVE, NAPA CA "}},{"type":"Feature","geometry":{"type":"Polygon","coordinates":[[[-122.340682,38.365774],[-122.341161,38.365615],[-122.341525,38.365495],[-122.341926,38.36536],[-122.342233,38.365938],[-122.342291,38.366047],[-122.341967,38.366154],[-122.341601,38.366274],[-122.341249,38.36639],[-122.341043,38.366458],[-122.340682,38.365774]]]},"properties":{"ASMTWithDash":"034-211-016-000","FullSitusAddress1":"1054 DARMS LN, NAPA CA  "}},{"type":"Feature","geometry":{"type":"Polygon","coordinates":[[[-122.330649,38.343278],[-122.330679,38.343277],[-122.330708,38.343271],[-122.330736,38.343261],[-122.330761,38.343248],[-122.330783,38.343232],[-122.331058,38.343442],[-122.330633,38.343585],[-122.330649,38.343278]]]},"properties":{"ASMTWithDash":"035-501-004-000","FullSitusAddress1":"16 WHITE FIR CT, NAPA CA  "}},{"type":"Feature","geometry":{"type":"Polygon","coordinates":[[[-122.363585,38.35394],[-122.362963,38.353309],[-122.362709,38.352849],[-122.362653,38.352808],[-122.362865,38.352663],[-122.363029,38.352559],[-122.363181,38.35244],[-122.363281,38.352346],[-122.363602,38.352146],[-122.363701,38.352144],[-122.364628,38.352175],[-122.364986,38.352224],[-122.365679,38.35235],[-122.366506,38.353261],[-122.366554,38.353314],[-122.366987,38.353759],[-122.366428,38.353892],[-122.365134,38.354413],[-122.364202,38.354772],[-122.363585,38.35394]]]},"properties":{"ASMTWithDash":"034-270-013-000","FullSitusAddress1":"4300 DRY CREEK RD, NAPA CA  "}},{"type":"Feature","geometry":{"type":"Polygon","coordinates":[[[-122.372523,38.361459],[-122.372468,38.361435],[-122.372405,38.361416],[-122.372302,38.361404],[-122.372197,38.361409],[-122.37148,38.361417],[-122.371396,38.361401],[-122.371315,38.36138],[-122.371208,38.361329],[-122.371586,38.361178],[-122.372378,38.360999],[-122.372864,38.361024],[-122.37328,38.36104],[-122.373774,38.361095],[-122.373847,38.361142],[-122.373729,38.361238],[-122.373639,38.361298],[-122.373538,38.361349],[-122.373287,38.361372],[-122.373108,38.361411],[-122.37301,38.361418],[-122.372867,38.361447],[-122.372781,38.36147],[-122.372676,38.361484],[-122.372602,38.361515],[-122.372523,38.361459]]]},"properties":{"ASMTWithDash":"034-270-002-000","FullSitusAddress1":"4551 DRY CREEK RD, NAPA CA  "}},{"type":"Feature","geometry":{"type":"Polygon","coordinates":[[[-122.329381,38.346172],[-122.329569,38.346111],[-122.329611,38.346097],[-122.329744,38.346351],[-122.329513,38.346426],[-122.329381,38.346172]]]},"properties":{"ASMTWithDash":"035-542-010-000","FullSitusAddress1":"227 MERANO WAY, NAPA CA "}},{"type":"Feature","geometry":{"type":"Polygon","coordinates":[[[-122.370326,38.362006],[-122.36992,38.361851],[-122.369768,38.361798],[-122.370274,38.36111],[-122.37034,38.36114],[-122.370432,38.361042],[-122.370902,38.361357],[-122.371072,38.361437],[-122.370581,38.362164],[-122.370326,38.362006]]]},"properties":{"ASMTWithDash":"034-180-016-000","FullSitusAddress1":"4514 DRY CREEK RD, NAPA CA "}},{"type":"Feature","geometry":{"type":"Polygon","coordinates":[[[-122.341926,38.36536],[-122.34163,38.364804],[-122.341396,38.364346],[-122.34143,38.364338],[-122.341779,38.364988],[-122.342144,38.365674],[-122.342664,38.365503],[-122.342798,38.365756],[-122.342233,38.365938],[-122.341926,38.36536]]]},"properties":{"ASMTWithDash":"034-211-044-000","FullSitusAddress1":"1024 ELMO CT, NAPA CA  "}},{"type":"Feature","geometry":{"type":"Polygon","coordinates":[[[-122.36877,38.360121],[-122.36952,38.359576],[-122.370064,38.359824],[-122.3693,38.360346],[-122.36877,38.360121]]]},"properties":{"ASMTWithDash":"034-270-007-000","FullSitusAddress1":"4511 DRY CREEK RD, NAPA CA  "}},{"type":"Feature","geometry":{"type":"Polygon","coordinates":[[[-122.333501,38.342494],[-122.333643,38.342656],[-122.332994,38.342834],[-122.332883,38.342662],[-122.333501,38.342494]]]},"properties":{"ASMTWithDash":"035-570-014-000","FullSitusAddress1":"133 LUKE DR, NAPA CA "}},{"type":"Feature","geometry":{"type":"Polygon","coordinates":[[[-122.331145,38.345654],[-122.331038,38.345448],[-122.330985,38.345348],[-122.331308,38.34524],[-122.33132,38.345265],[-122.331337,38.345289],[-122.331359,38.34531],[-122.331384,38.345328],[-122.331413,38.345342],[-122.331182,38.345727],[-122.331145,38.345654]]]},"properties":{"ASMTWithDash":"035-531-003-000","FullSitusAddress1":"20 HERITAGE CT, NAPA CA  "}},{"type":"Feature","geometry":{"type":"Polygon","coordinates":[[[-122.338205,38.348196],[-122.337786,38.347447],[-122.338342,38.347267],[-122.338355,38.347265],[-122.338368,38.347264],[-122.338382,38.347265],[-122.338394,38.347268],[-122.338406,38.347273],[-122.338417,38.347279],[-122.338427,38.347286],[-122.338434,38.347294],[-122.338954,38.348084],[-122.338906,38.3481],[-122.338589,38.348204],[-122.338274,38.348311],[-122.338205,38.348196]]]},"properties":{"ASMTWithDash":"035-041-026-000","FullSitusAddress1":"4575 ST HELENA HWY, NAPA CA  "}},{"type":"Feature","geometry":{"type":"Polygon","coordinates":[[[-122.346755,38.342495],[-122.347226,38.342398],[-122.347372,38.342921],[-122.346925,38.343013],[-122.346755,38.342495]]]},"properties":{"ASMTWithDash":"035-062-004-000","FullSitusAddress1":"1345 ORCHARD AVE, NAPA CA  "}},{"type":"Feature","geometry":{"type":"Polygon","coordinates":[[[-122.352141,38.3438],[-122.351712,38.343218],[-122.353273,38.342903],[-122.353078,38.343165],[-122.353201,38.343431],[-122.352224,38.343883],[-122.352141,38.3438]]]},"properties":{"ASMTWithDash":"035-390-013-000","FullSitusAddress1":"3395 DRY CREEK RD, NAPA CA "}},{"type":"Feature","geometry":{"type":"Polygon","coordinates":[[[-122.339641,38.367927],[-122.341034,38.370509],[-122.340915,38.370547],[-122.339524,38.367968],[-122.339641,38.367927]]]},"properties":{"ASMTWithDash":"034-200-009-000","FullSitusAddress1":null}},{"type":"Feature","geometry":{"type":"Polygon","coordinates":[[[-122.337809,38.377592],[-122.338477,38.377373],[-122.33744,38.375423],[-122.337162,38.374901],[-122.337268,38.374869],[-122.338308,38.37682],[-122.338986,38.376582],[-122.339268,38.377114],[-122.338947,38.37722],[-122.339173,38.377763],[-122.338972,38.378717],[-122.338758,38.37932],[-122.338729,38.379329],[-122.337809,38.377592]]]},"properties":{"ASMTWithDash":"036-130-054-000","FullSitusAddress1":"5450 TRUBODY LN, NAPA CA "}},{"type":"Feature","geometry":{"type":"Polygon","coordinates":[[[-122.339313,38.369866],[-122.339706,38.369738],[-122.339947,38.370149],[-122.339538,38.370279],[-122.339313,38.369866]]]},"properties":{"ASMTWithDash":"036-130-039-000","FullSitusAddress1":"5350 WASHINGTON ST, NAPA CA  "}},{"type":"Feature","geometry":{"type":"Polygon","coordinates":[[[-122.333096,38.344785],[-122.333355,38.344702],[-122.333399,38.344688],[-122.333518,38.344915],[-122.333406,38.345032],[-122.333377,38.345023],[-122.333347,38.345019],[-122.333317,38.345019],[-122.333287,38.345023],[-122.333258,38.345031],[-122.333232,38.345043],[-122.333096,38.344785]]]},"properties":{"ASMTWithDash":"035-532-016-000","FullSitusAddress1":"11 FALLEN LEAF CT, NAPA CA "}},{"type":"Feature","geometry":{"type":"Polygon","coordinates":[[[-122.347156,38.343072],[-122.34799,38.342901],[-122.348222,38.343617],[-122.347385,38.343785],[-122.347156,38.343072]]]},"properties":{"ASMTWithDash":"035-061-001-000","FullSitusAddress1":"1360 ORCHARD AVE, NAPA CA  "}},{"type":"Feature","geometry":{"type":"Polygon","coordinates":[[[-122.333237,38.343841],[-122.333027,38.343909],[-122.333011,38.343914],[-122.332781,38.343489],[-122.333006,38.343414],[-122.333237,38.343841]]]},"properties":{"ASMTWithDash":"035-570-008-000","FullSitusAddress1":"158 LUKE DR, NAPA CA "}},{"type":"Feature","geometry":{"type":"Polygon","coordinates":[[[-122.336034,38.344925],[-122.336575,38.344745],[-122.336809,38.345185],[-122.336382,38.345319],[-122.336034,38.344925]]]},"properties":{"ASMTWithDash":"035-050-003-000","FullSitusAddress1":"1138 ORCHARD AVE, NAPA CA  "}},{"type":"Feature","geometry":{"type":"Polygon","coordinates":[[[-122.34143,38.364338],[-122.341951,38.364166],[-122.342297,38.364817],[-122.341779,38.364988],[-122.34143,38.364338]]]},"properties":{"ASMTWithDash":"034-211-010-000","FullSitusAddress1":"1070 DARMS LN, NAPA CA "}},{"type":"Feature","geometry":{"type":"Polygon","coordinates":[[[-122.329697,38.342632],[-122.329887,38.342571],[-122.33004,38.342848],[-122.329837,38.342899],[-122.329697,38.342632]]]},"properties":{"ASMTWithDash":"035-503-005-000","FullSitusAddress1":"55 LUKE DR, NAPA CA  "}},{"type":"Feature","geometry":{"type":"Polygon","coordinates":[[[-122.32814,38.343132],[-122.328334,38.343069],[-122.328465,38.343309],[-122.328263,38.343369],[-122.32814,38.343132]]]},"properties":{"ASMTWithDash":"035-503-013-000","FullSitusAddress1":"23 LUKE DR, NAPA CA  "}},{"type":"Feature","geometry":{"type":"Polygon","coordinates":[[[-122.357138,38.342868],[-122.364519,38.341379],[-122.365022,38.342049],[-122.360434,38.343004],[-122.360616,38.343547],[-122.360116,38.344123],[-122.359864,38.343987],[-122.359294,38.344223],[-122.357138,38.342868]]]},"properties":{"ASMTWithDash":"035-390-014-000","FullSitusAddress1":null}},{"type":"Feature","geometry":{"type":"Polygon","coordinates":[[[-122.361304,38.351894],[-122.360696,38.350859],[-122.360155,38.350392],[-122.360467,38.350472],[-122.360661,38.35032],[-122.361456,38.349949],[-122.361835,38.349791],[-122.362498,38.349626],[-122.363058,38.34951],[-122.363457,38.3508],[-122.363655,38.351882],[-122.361946,38.352455],[-122.361304,38.351894]]]},"properties":{"ASMTWithDash":"034-270-018-000","FullSitusAddress1":"4254 DRY CREEK RD, NAPA CA  "}},{"type":"Feature","geometry":{"type":"Polygon","coordinates":[[[-122.327115,38.375084],[-122.327402,38.374524],[-122.327439,38.374535],[-122.327833,38.373767],[-122.328382,38.373944],[-122.328743,38.374136],[-122.328684,38.374236],[-122.328321,38.374311],[-122.327778,38.375303],[-122.327115,38.375084]]]},"properties":{"ASMTWithDash":"036-120-071-000","FullSitusAddress1":"5444 TRUBODY LN, NAPA CA "}},{"type":"Feature","geometry":{"type":"Polygon","coordinates":[[[-122.352718,38.34905],[-122.352088,38.349283],[-122.351821,38.349302],[-122.351724,38.349302],[-122.35156,38.349357],[-122.35142,38.34938],[-122.351297,38.349382],[-122.351162,38.349369],[-122.350963,38.34932],[-122.350563,38.349158],[-122.35029,38.349082],[-122.350005,38.34906],[-122.349951,38.349039],[-122.349672,38.349087],[-122.349758,38.348854],[-122.349634,38.348103],[-122.349567,38.348116],[-122.349892,38.347507],[-122.349931,38.347443],[-122.349978,38.347383],[-122.350033,38.347327],[-122.350094,38.347276],[-122.350162,38.347229],[-122.350235,38.347189],[-122.350314,38.347154],[-122.350396,38.347126],[-122.350481,38.347104],[-122.354465,38.346303],[-122.355363,38.347234],[-122.353757,38.348892],[-122.35392,38.348982],[-122.353716,38.349198],[-122.353574,38.349119],[-122.353324,38.348996],[-122.352999,38.34897],[-122.352718,38.34905]]]},"properties":{"ASMTWithDash":"035-031-036-000","FullSitusAddress1":"4120 DRY CREEK RD, NAPA CA "}},{"type":"Feature","geometry":{"type":"Polygon","coordinates":[[[-122.332086,38.344465],[-122.331971,38.344249],[-122.331982,38.344245],[-122.33229,38.344146],[-122.332429,38.344413],[-122.332174,38.344495],[-122.332151,38.344498],[-122.332128,38.344496],[-122.332117,38.344492],[-122.332099,38.344481],[-122.332086,38.344465]]]},"properties":{"ASMTWithDash":"035-532-014-000","FullSitusAddress1":"1 AMBER LEAF CT, NAPA CA  "}},{"type":"Feature","geometry":{"type":"Polygon","coordinates":[[[-122.331359,38.368131],[-122.331897,38.367934],[-122.332301,38.368577],[-122.331764,38.368769],[-122.331359,38.368131]]]},"properties":{"ASMTWithDash":"036-230-014-000","FullSitusAddress1":"1086 VINEYARD LN, NAPA CA  "}},{"type":"Feature","geometry":{"type":"Polygon","coordinates":[[[-122.328334,38.343069],[-122.328533,38.343005],[-122.328661,38.34325],[-122.328465,38.343309],[-122.328334,38.343069]]]},"properties":{"ASMTWithDash":"035-503-012-000","FullSitusAddress1":"27 LUKE DR, NAPA CA  "}},{"type":"Feature","geometry":{"type":"Polygon","coordinates":[[[-122.328361,38.34389],[-122.328794,38.343746],[-122.328871,38.343894],[-122.32844,38.344041],[-122.328361,38.34389]]]},"properties":{"ASMTWithDash":"035-502-002-000","FullSitusAddress1":"9 WHITE TAIL DR, NAPA CA  "}},{"type":"Feature","geometry":{"type":"Polygon","coordinates":[[[-122.342291,38.366047],[-122.342233,38.365938],[-122.342798,38.365756],[-122.342932,38.366009],[-122.342372,38.3662],[-122.342291,38.366047]]]},"properties":{"ASMTWithDash":"034-211-043-000","FullSitusAddress1":"1014 ELMO CT, NAPA CA  "}},{"type":"Feature","geometry":{"type":"Polygon","coordinates":[[[-122.342449,38.341636],[-122.343357,38.341495],[-122.343717,38.342254],[-122.342916,38.342522],[-122.342449,38.341636]]]},"properties":{"ASMTWithDash":"035-042-027-000","FullSitusAddress1":"1273 ORCHARD AVE, NAPA CA  "}},{"type":"Feature","geometry":{"type":"Polygon","coordinates":[[[-122.33229,38.344146],[-122.332367,38.344121],[-122.3326,38.344046],[-122.332739,38.344313],[-122.332429,38.344413],[-122.33229,38.344146]]]},"properties":{"ASMTWithDash":"035-532-013-000","FullSitusAddress1":"5 AMBER LEAF CT, NAPA CA  "}},{"type":"Feature","geometry":{"type":"Polygon","coordinates":[[[-122.335688,38.34504],[-122.336034,38.344925],[-122.336382,38.345319],[-122.336964,38.346067],[-122.336653,38.346166],[-122.335688,38.34504]]]},"properties":{"ASMTWithDash":"035-050-001-000","FullSitusAddress1":"1136 ORCHARD AVE, NAPA CA  "}},{"type":"Feature","geometry":{"type":"Polygon","coordinates":[[[-122.330925,38.345232],[-122.330853,38.345094],[-122.331178,38.344988],[-122.331308,38.34524],[-122.330985,38.345348],[-122.330925,38.345232]]]},"properties":{"ASMTWithDash":"035-531-002-000","FullSitusAddress1":"16 HERITAGE CT, NAPA CA  "}},{"type":"Feature","geometry":{"type":"Polygon","coordinates":[[[-122.342493,38.362547],[-122.342767,38.362503],[-122.342975,38.362414],[-122.34333,38.362085],[-122.343339,38.362026],[-122.34351,38.362348],[-122.344062,38.363387],[-122.343106,38.363702],[-122.342493,38.362547]]]},"properties":{"ASMTWithDash":"034-212-011-000","FullSitusAddress1":"1088 DARMS LN, NAPA CA  "}},{"type":"Feature","geometry":{"type":"Polygon","coordinates":[[[-122.329894,38.344299],[-122.330168,38.344207],[-122.330182,38.344203],[-122.330197,38.344202],[-122.330212,38.344203],[-122.330227,38.344205],[-122.330241,38.34421],[-122.330253,38.344216],[-122.330265,38.344224],[-122.330274,38.344233],[-122.330281,38.344244],[-122.330343,38.344357],[-122.32999,38.344476],[-122.329894,38.344299]]]},"properties":{"ASMTWithDash":"035-554-001-000","FullSitusAddress1":"40 MARSALA WAY, NAPA CA "}},{"type":"Feature","geometry":{"type":"Polygon","coordinates":[[[-122.336503,38.342623],[-122.336714,38.342552],[-122.338153,38.342074],[-122.339065,38.343805],[-122.337415,38.344354],[-122.336503,38.342623]]]},"properties":{"ASMTWithDash":"035-042-040-000","FullSitusAddress1":"1187 ORCHARD AVE, NAPA CA "}},{"type":"Feature","geometry":{"type":"Polygon","coordinates":[[[-122.331271,38.344173],[-122.33173,38.344103],[-122.33175,38.344181],[-122.331779,38.344258],[-122.331322,38.344412],[-122.331271,38.344173]]]},"properties":{"ASMTWithDash":"035-553-009-000","FullSitusAddress1":"90 AUTUMN RUN WAY, NAPA CA "}},{"type":"Feature","geometry":{"type":"Polygon","coordinates":[[[-122.329384,38.343746],[-122.329521,38.343579],[-122.329604,38.343509],[-122.32962,38.343525],[-122.329639,38.343538],[-122.329661,38.343549],[-122.329684,38.343558],[-122.329709,38.343564],[-122.329735,38.343566],[-122.329705,38.343897],[-122.329506,38.343964],[-122.329384,38.343746]]]},"properties":{"ASMTWithDash":"035-501-012-000","FullSitusAddress1":"9 WESLEY CT, NAPA CA  "}},{"type":"Feature","geometry":{"type":"Polygon","coordinates":[[[-122.333689,38.343696],[-122.333463,38.343768],[-122.333287,38.343267],[-122.333307,38.343253],[-122.333323,38.343236],[-122.333337,38.343217],[-122.333346,38.343197],[-122.333352,38.343176],[-122.333353,38.343155],[-122.33335,38.343133],[-122.333449,38.343107],[-122.333689,38.343696]]]},"properties":{"ASMTWithDash":"035-570-010-000","FullSitusAddress1":"169 LUKE DR, NAPA CA "}},{"type":"Feature","geometry":{"type":"Polygon","coordinates":[[[-122.37476,38.375589],[-122.380702,38.371768],[-122.380775,38.371818],[-122.38102,38.371955],[-122.3813,38.372091],[-122.381562,38.372214],[-122.38186,38.372501],[-122.382193,38.372843],[-122.382666,38.373226],[-122.383086,38.373472],[-122.383584,38.373566],[-122.383508,38.373803],[-122.383164,38.374868],[-122.382961,38.37554],[-122.380505,38.375016],[-122.373095,38.376928],[-122.37476,38.375589]]]},"properties":{"ASMTWithDash":"034-170-019-000","FullSitusAddress1":"4900 DRY CREEK RD, NAPA CA  "}},{"type":"Feature","geometry":{"type":"Polygon","coordinates":[[[-122.330657,38.345571],[-122.331038,38.345448],[-122.331145,38.345654],[-122.330765,38.345778],[-122.330657,38.345571]]]},"properties":{"ASMTWithDash":"035-541-004-000","FullSitusAddress1":"215 ALCHEMY WAY, NAPA CA "}},{"type":"Feature","geometry":{"type":"Polygon","coordinates":[[[-122.333079,38.34201],[-122.333219,38.34217],[-122.332663,38.342318],[-122.332614,38.342242],[-122.332577,38.342206],[-122.332559,38.342193],[-122.332538,38.342183],[-122.333079,38.34201]]]},"properties":{"ASMTWithDash":"035-570-017-000","FullSitusAddress1":"111 LUKE DR, NAPA CA "}},{"type":"Feature","geometry":{"type":"Polygon","coordinates":[[[-122.325851,38.341977],[-122.325944,38.341947],[-122.326233,38.342495],[-122.32614,38.342526],[-122.325851,38.341977]]]},"properties":{"ASMTWithDash":"035-480-019-000","FullSitusAddress1":null}},{"type":"Feature","geometry":{"type":"Polygon","coordinates":[[[-122.333776,38.356966],[-122.33352,38.356493],[-122.33363,38.356456],[-122.333904,38.356962],[-122.337263,38.363476],[-122.337174,38.363508],[-122.333776,38.356966]]]},"properties":{"ASMTWithDash":"034-190-028-000","FullSitusAddress1":null}},{"type":"Feature","geometry":{"type":"Polygon","coordinates":[[[-122.328533,38.343005],[-122.328725,38.342943],[-122.328853,38.343195],[-122.328661,38.34325],[-122.328533,38.343005]]]},"properties":{"ASMTWithDash":"035-503-011-000","FullSitusAddress1":"31 LUKE DR, NAPA CA  "}},{"type":"Feature","geometry":{"type":"Polygon","coordinates":[[[-122.330279,38.342445],[-122.330467,38.342385],[-122.330636,38.342681],[-122.330433,38.342745],[-122.330279,38.342445]]]},"properties":{"ASMTWithDash":"035-503-002-000","FullSitusAddress1":"67 LUKE DR, NAPA CA  "}},{"type":"Feature","geometry":{"type":"Polygon","coordinates":[[[-122.328919,38.342881],[-122.329109,38.342821],[-122.329248,38.343072],[-122.329056,38.343136],[-122.328919,38.342881]]]},"properties":{"ASMTWithDash":"035-503-009-000","FullSitusAddress1":"39 LUKE DR, NAPA CA  "}},{"type":"Feature","geometry":{"type":"Polygon","coordinates":[[[-122.338325,38.364906],[-122.339217,38.364612],[-122.339382,38.364929],[-122.338474,38.365228],[-122.338325,38.364906]]]},"properties":{"ASMTWithDash":"034-212-024-000","FullSitusAddress1":null}},{"type":"Feature","geometry":{"type":"Polygon","coordinates":[[[-122.345017,38.343125],[-122.344933,38.342867],[-122.345236,38.342805],[-122.345406,38.343323],[-122.345102,38.343385],[-122.345017,38.343125]]]},"properties":{"ASMTWithDash":"035-062-010-000","FullSitusAddress1":"1317 ORCHARD AVE, NAPA CA  "}},{"type":"Feature","geometry":{"type":"Polygon","coordinates":[[[-122.328552,38.344285],[-122.328565,38.34428],[-122.32876,38.344215],[-122.328897,38.344467],[-122.328689,38.344537],[-122.328552,38.344285]]]},"properties":{"ASMTWithDash":"035-555-002-000","FullSitusAddress1":"19 MARSALA WAY, NAPA CA "}},{"type":"Feature","geometry":{"type":"Polygon","coordinates":[[[-122.334698,38.357681],[-122.335467,38.357434],[-122.335738,38.35795],[-122.334971,38.358196],[-122.334698,38.357681]]]},"properties":{"ASMTWithDash":"034-190-021-000","FullSitusAddress1":"5131 SOLANO AVE, NAPA CA "}},{"type":"Feature","geometry":{"type":"Polygon","coordinates":[[[-122.341503,38.366861],[-122.341544,38.366847],[-122.341753,38.367241],[-122.341378,38.367364],[-122.341169,38.366971],[-122.341503,38.366861]]]},"properties":{"ASMTWithDash":"034-211-029-000","FullSitusAddress1":"1244 CARRELL LN, NAPA CA  "}},{"type":"Feature","geometry":{"type":"Polygon","coordinates":[[[-122.348048,38.369172],[-122.351326,38.368058],[-122.352419,38.370396],[-122.354383,38.370636],[-122.352116,38.373626],[-122.350657,38.374106],[-122.348048,38.369172]]]},"properties":{"ASMTWithDash":"034-170-025-000","FullSitusAddress1":null}},{"type":"Feature","geometry":{"type":"Polygon","coordinates":[[[-122.332756,38.342805],[-122.332867,38.342978],[-122.332289,38.343235],[-122.332233,38.343224],[-122.332154,38.343057],[-122.332756,38.342805]]]},"properties":{"ASMTWithDash":"035-570-004-000","FullSitusAddress1":"126 LUKE DR, NAPA CA "}},{"type":"Feature","geometry":{"type":"Polygon","coordinates":[[[-122.35393,38.377755],[-122.354249,38.377634],[-122.354748,38.378475],[-122.354569,38.37852],[-122.354383,38.378606],[-122.353933,38.378915],[-122.353876,38.379031],[-122.353424,38.379294],[-122.353173,38.379359],[-122.351643,38.378474],[-122.35393,38.377755]]]},"properties":{"ASMTWithDash":"034-160-020-000","FullSitusAddress1":"6031 ST HELENA HWY, NAPA CA  "}},{"type":"Feature","geometry":{"type":"Polygon","coordinates":[[[-122.327384,38.344893],[-122.327478,38.344862],[-122.330641,38.350857],[-122.330538,38.350891],[-122.327384,38.344893]]]},"properties":{"ASMTWithDash":"035-040-001-000","FullSitusAddress1":null}},{"type":"Feature","geometry":{"type":"Polygon","coordinates":[[[-122.37378,38.361861],[-122.372994,38.362211],[-122.372575,38.361927],[-122.372602,38.361515],[-122.372676,38.361484],[-122.372781,38.36147],[-122.372867,38.361447],[-122.37301,38.361418],[-122.373108,38.361411],[-122.373287,38.361372],[-122.373538,38.361349],[-122.373582,38.361552],[-122.374536,38.361606],[-122.374532,38.362239],[-122.37378,38.361861]]]},"properties":{"ASMTWithDash":"034-270-027-000","FullSitusAddress1":"4589 DRY CREEK RD, NAPA CA  "}},{"type":"Feature","geometry":{"type":"Polygon","coordinates":[[[-122.331182,38.345727],[-122.331413,38.345342],[-122.331438,38.34535],[-122.331464,38.345354],[-122.331491,38.345355],[-122.331517,38.345353],[-122.331543,38.345348],[-122.331567,38.34534],[-122.331687,38.34558],[-122.331193,38.345747],[-122.331182,38.345727]]]},"properties":{"ASMTWithDash":"035-531-004-000","FullSitusAddress1":"24 HERITAGE CT, NAPA CA  "}},{"type":"Feature","geometry":{"type":"Polygon","coordinates":[[[-122.329299,38.342759],[-122.329491,38.342698],[-122.329628,38.342953],[-122.329436,38.343013],[-122.329299,38.342759]]]},"properties":{"ASMTWithDash":"035-503-007-000","FullSitusAddress1":"47 LUKE DR, NAPA CA  "}},{"type":"Feature","geometry":{"type":"Polygon","coordinates":[[[-122.332829,38.344871],[-122.333018,38.344811],[-122.333096,38.344785],[-122.333232,38.345043],[-122.33322,38.34505],[-122.333199,38.345066],[-122.333181,38.345085],[-122.333167,38.345106],[-122.33315,38.34514],[-122.333126,38.345172],[-122.333097,38.345201],[-122.333063,38.345226],[-122.333025,38.345248],[-122.332829,38.344871]]]},"properties":{"ASMTWithDash":"035-532-017-000","FullSitusAddress1":"7 FALLEN LEAF CT, NAPA CA "}},{"type":"Feature","geometry":{"type":"Polygon","coordinates":[[[-122.328808,38.34561],[-122.329259,38.345463],[-122.329275,38.345458],[-122.32936,38.34562],[-122.328893,38.345773],[-122.328808,38.34561]]]},"properties":{"ASMTWithDash":"035-542-015-000","FullSitusAddress1":"205 VERONA WAY, NAPA CA "}},{"type":"Feature","geometry":{"type":"Polygon","coordinates":[[[-122.363299,38.339703],[-122.361855,38.337682],[-122.362208,38.3377],[-122.361838,38.337094],[-122.360613,38.335041],[-122.361166,38.334532],[-122.36162,38.334328],[-122.362135,38.334398],[-122.364105,38.334955],[-122.364759,38.334765],[-122.365095,38.334283],[-122.365473,38.334424],[-122.365544,38.334369],[-122.365608,38.334311],[-122.365666,38.334248],[-122.365718,38.334182],[-122.365763,38.334113],[-122.365801,38.334042],[-122.365831,38.33397],[-122.365856,38.333897],[-122.365874,38.333822],[-122.365886,38.333747],[-122.365916,38.333674],[-122.365941,38.3336],[-122.365959,38.333524],[-122.365971,38.333448],[-122.367581,38.334998],[-122.368045,38.336015],[-122.368849,38.336637],[-122.370039,38.337566],[-122.370827,38.336819],[-122.372285,38.335364],[-122.372523,38.335395],[-122.372714,38.335496],[-122.373039,38.336032],[-122.373204,38.336181],[-122.373373,38.336405],[-122.373384,38.336495],[-122.373381,38.336631],[-122.373382,38.336768],[-122.373598,38.336955],[-122.373644,38.337124],[-122.373888,38.337218],[-122.374477,38.337345],[-122.374575,38.337403],[-122.374593,38.337384],[-122.374724,38.33737],[-122.374769,38.337344],[-122.374593,38.338281],[-122.374728,38.338813],[-122.375655,38.339797],[-122.368774,38.347101],[-122.366559,38.344106],[-122.365648,38.342887],[-122.365022,38.342049],[-122.364519,38.341379],[-122.36324,38.339721],[-122.363237,38.339717],[-122.363299,38.339703]]]},"properties":{"ASMTWithDash":"035-010-054-000","FullSitusAddress1":"1022 MT VEEDER RD, NAPA CA "}},{"type":"Feature","geometry":{"type":"Polygon","coordinates":[[[-122.330544,38.345356],[-122.330925,38.345232],[-122.330985,38.345348],[-122.331038,38.345448],[-122.330657,38.345571],[-122.330544,38.345356]]]},"properties":{"ASMTWithDash":"035-541-003-000","FullSitusAddress1":"211 ALCHEMY WAY, NAPA CA "}},{"type":"Feature","geometry":{"type":"Polygon","coordinates":[[[-122.368154,38.359917],[-122.36806,38.359371],[-122.369441,38.358606],[-122.370138,38.359138],[-122.36952,38.359576],[-122.36877,38.360121],[-122.368154,38.359917]]]},"properties":{"ASMTWithDash":"034-270-016-000","FullSitusAddress1":"4509 DRY CREEK RD, NAPA CA  "}},{"type":"Feature","geometry":{"type":"Polygon","coordinates":[[[-122.373029,38.365287],[-122.372888,38.365117],[-122.372832,38.36508],[-122.372674,38.364991],[-122.372615,38.364954],[-122.372526,38.36488],[-122.372403,38.36475],[-122.372256,38.364601],[-122.372244,38.364577],[-122.372215,38.364526],[-122.372187,38.364441],[-122.372815,38.363937],[-122.372756,38.363778],[-122.37317,38.363623],[-122.373424,38.364238],[-122.373611,38.364422],[-122.37375,38.365013],[-122.373363,38.365291],[-122.373029,38.365287]]]},"properties":{"ASMTWithDash":"034-180-002-000","FullSitusAddress1":"4598 DRY CREEK RD, NAPA CA  "}},{"type":"Feature","geometry":{"type":"Polygon","coordinates":[[[-122.332757,38.341693],[-122.332724,38.341662],[-122.331696,38.340517],[-122.331266,38.340055],[-122.331285,38.340044],[-122.33178,38.339774],[-122.332918,38.34051],[-122.333287,38.34097],[-122.333699,38.341813],[-122.333079,38.34201],[-122.332757,38.341693]]]},"properties":{"ASMTWithDash":"035-480-003-000","FullSitusAddress1":"73 LUKE DR, NAPA CA  "}},{"type":"Feature","geometry":{"type":"Polygon","coordinates":[[[-122.346148,38.342619],[-122.346451,38.342557],[-122.346621,38.343075],[-122.346317,38.343137],[-122.346148,38.342619]]]},"properties":{"ASMTWithDash":"035-062-006-000","FullSitusAddress1":"1335 ORCHARD AVE, NAPA CA  "}},{"type":"Feature","geometry":{"type":"Polygon","coordinates":[[[-122.330053,38.343018],[-122.33029,38.34296],[-122.330358,38.342942],[-122.330372,38.342939],[-122.330386,38.342938],[-122.330401,38.342939],[-122.330415,38.342942],[-122.330429,38.342946],[-122.330441,38.342953],[-122.330451,38.342961],[-122.33046,38.34297],[-122.330467,38.34298],[-122.330481,38.343022],[-122.330486,38.343054],[-122.330486,38.343086],[-122.33014,38.343177],[-122.330053,38.343018]]]},"properties":{"ASMTWithDash":"035-501-007-000","FullSitusAddress1":"3 WHITE FIR CT, NAPA CA  "}},{"type":"Feature","geometry":{"type":"Polygon","coordinates":[[[-122.327837,38.344946],[-122.32817,38.344834],[-122.32818,38.344853],[-122.328193,38.34487],[-122.328218,38.344898],[-122.328226,38.34491],[-122.328271,38.344994],[-122.327925,38.34511],[-122.327837,38.344946]]]},"properties":{"ASMTWithDash":"035-555-007-000","FullSitusAddress1":"72 VERONA WAY, NAPA CA "}},{"type":"Feature","geometry":{"type":"Polygon","coordinates":[[[-122.338986,38.366331],[-122.34006,38.365979],[-122.340682,38.365774],[-122.341043,38.366458],[-122.340873,38.366514],[-122.34051,38.366634],[-122.340182,38.366742],[-122.339861,38.366849],[-122.339346,38.367018],[-122.338986,38.366331]]]},"properties":{"ASMTWithDash":"034-211-051-000","FullSitusAddress1":"5271 SOLANO AVE, NAPA CA "}},{"type":"Feature","geometry":{"type":"Polygon","coordinates":[[[-122.371289,38.362754],[-122.371269,38.362661],[-122.371248,38.362577],[-122.371731,38.362311],[-122.37161,38.362068],[-122.372282,38.36168],[-122.372385,38.361612],[-122.372507,38.36161],[-122.372494,38.362097],[-122.37269,38.362197],[-122.372536,38.362231],[-122.372398,38.362803],[-122.371476,38.363141],[-122.371427,38.363067],[-122.371353,38.36296],[-122.371316,38.362899],[-122.371303,38.362839],[-122.371289,38.362754]]]},"properties":{"ASMTWithDash":"034-180-005-000","FullSitusAddress1":"4550 DRY CREEK RD, NAPA CA  "}},{"type":"Feature","geometry":{"type":"Polygon","coordinates":[[[-122.345426,38.378263],[-122.345366,38.378152],[-122.344299,38.376266],[-122.347652,38.375123],[-122.350657,38.374106],[-122.352116,38.373626],[-122.363921,38.370631],[-122.363089,38.372228],[-122.353792,38.376251],[-122.35209,38.376773],[-122.345758,38.37881],[-122.345426,38.378263]]]},"properties":{"ASMTWithDash":"034-170-005-000","FullSitusAddress1":"5537 SOLANO AVE, NAPA CA "}},{"type":"Feature","geometry":{"type":"Polygon","coordinates":[[[-122.345236,38.342805],[-122.34554,38.342743],[-122.34571,38.343261],[-122.345406,38.343323],[-122.345236,38.342805]]]},"properties":{"ASMTWithDash":"035-062-009-000","FullSitusAddress1":"1321 ORCHARD AVE, NAPA CA  "}},{"type":"Feature","geometry":{"type":"Polygon","coordinates":[[[-122.326687,38.343567],[-122.326781,38.343536],[-122.327478,38.344862],[-122.327384,38.344893],[-122.326687,38.343567]]]},"properties":{"ASMTWithDash":"035-040-002-000","FullSitusAddress1":null}},{"type":"Feature","geometry":{"type":"Polygon","coordinates":[[[-122.348222,38.343617],[-122.34799,38.342901],[-122.348596,38.34278],[-122.34888,38.34482],[-122.348639,38.3449],[-122.348222,38.343617]]]},"properties":{"ASMTWithDash":"035-061-002-000","FullSitusAddress1":"1372 ORCHARD AVE, NAPA CA  "}},{"type":"Feature","geometry":{"type":"Polygon","coordinates":[[[-122.367042,38.35607],[-122.367785,38.355854],[-122.372161,38.354577],[-122.37264,38.355671],[-122.369013,38.357346],[-122.367042,38.35607]]]},"properties":{"ASMTWithDash":"034-270-009-000","FullSitusAddress1":"4417 DRY CREEK RD, NAPA CA  "}},{"type":"Feature","geometry":{"type":"Polygon","coordinates":[[[-122.33291,38.343947],[-122.333049,38.344208],[-122.333019,38.34427],[-122.332984,38.344261],[-122.332954,38.344258],[-122.332924,38.344259],[-122.332895,38.344263],[-122.33288,38.344268],[-122.332739,38.344313],[-122.3326,38.344046],[-122.332706,38.344012],[-122.33291,38.343947]]]},"properties":{"ASMTWithDash":"035-532-012-000","FullSitusAddress1":"9 AMBER LEAF CT, NAPA CA  "}},{"type":"Feature","geometry":{"type":"Polygon","coordinates":[[[-122.346797,38.363025],[-122.346609,38.362654],[-122.346583,38.362603],[-122.347208,38.362202],[-122.34788,38.363486],[-122.347153,38.363722],[-122.346797,38.363025]]]},"properties":{"ASMTWithDash":"034-190-034-000","FullSitusAddress1":null}},{"type":"Feature","geometry":{"type":"Polygon","coordinates":[[[-122.332093,38.343655],[-122.332451,38.343536],[-122.332479,38.343589],[-122.332605,38.343824],[-122.332186,38.343781],[-122.332185,38.343759],[-122.332179,38.343738],[-122.332169,38.343717],[-122.332155,38.343698],[-122.332137,38.343681],[-122.332116,38.343667],[-122.332093,38.343655]]]},"properties":{"ASMTWithDash":"035-552-003-000","FullSitusAddress1":"65 AUTUMN RUN WAY, NAPA CA "}},{"type":"Feature","geometry":{"type":"Polygon","coordinates":[[[-122.328281,38.343737],[-122.328712,38.343593],[-122.328794,38.343746],[-122.328361,38.34389],[-122.328281,38.343737]]]},"properties":{"ASMTWithDash":"035-502-003-000","FullSitusAddress1":"5 WHITE TAIL DR, NAPA CA  "}},{"type":"Feature","geometry":{"type":"Polygon","coordinates":[[[-122.373441,38.373059],[-122.378409,38.370048],[-122.379014,38.369501],[-122.379089,38.369641],[-122.379266,38.370066],[-122.379583,38.370559],[-122.379811,38.37097],[-122.38011,38.37134],[-122.380495,38.371627],[-122.380702,38.371768],[-122.37476,38.375589],[-122.373441,38.373059]]]},"properties":{"ASMTWithDash":"034-170-020-000","FullSitusAddress1":"4890 DRY CREEK RD, NAPA CA "}},{"type":"Feature","geometry":{"type":"Polygon","coordinates":[[[-122.331763,38.34296],[-122.331668,38.342783],[-122.331986,38.342695],[-122.331998,38.342721],[-122.332069,38.342875],[-122.331763,38.34296]]]},"properties":{"ASMTWithDash":"035-552-008-000","FullSitusAddress1":"15 AUTUMN RUN WAY, NAPA CA "}},{"type":"Feature","geometry":{"type":"Polygon","coordinates":[[[-122.323203,38.386054],[-122.326068,38.384582],[-122.325599,38.384092],[-122.323027,38.383505],[-122.322843,38.383402],[-122.323987,38.383233],[-122.32485,38.383518],[-122.326017,38.381257],[-122.322657,38.380183],[-122.319265,38.3791],[-122.319251,38.378701],[-122.319209,38.378556],[-122.319449,38.378373],[-122.319583,38.378258],[-122.320008,38.378552],[-122.320424,38.378477],[-122.320762,38.378554],[-122.320764,38.378546],[-122.321459,38.378597],[-122.322325,38.378558],[-122.323589,38.378268],[-122.324069,38.378235],[-122.324359,38.378268],[-122.324826,38.378478],[-122.326052,38.378152],[-122.326566,38.377897],[-122.326635,38.37786],[-122.326727,38.377812],[-122.326805,38.377791],[-122.327009,38.377861],[-122.327201,38.378027],[-122.327417,38.378222],[-122.327667,38.378764],[-122.328055,38.378812],[-122.328585,38.378967],[-122.328798,38.378995],[-122.328946,38.378976],[-122.329167,38.379036],[-122.329394,38.379044],[-122.329711,38.379005],[-122.329956,38.379125],[-122.330216,38.379187],[-122.330316,38.379272],[-122.330649,38.379334],[-122.328058,38.384081],[-122.331034,38.385078],[-122.332764,38.385774],[-122.333073,38.386874],[-122.332506,38.38681],[-122.332138,38.386819],[-122.331986,38.386748],[-122.331629,38.386686],[-122.331115,38.386936],[-122.330866,38.386947],[-122.328011,38.386103],[-122.327732,38.386186],[-122.327495,38.386252],[-122.326982,38.38629],[-122.326031,38.386765],[-122.325394,38.386726],[-122.32448,38.386854],[-122.324038,38.386984],[-122.323621,38.387073],[-122.323319,38.386189],[-122.323203,38.386054]]]},"properties":{"ASMTWithDash":"036-120-002-000","FullSitusAddress1":"1191 RAGATZ LN, NAPA CA "}},{"type":"Feature","geometry":{"type":"Polygon","coordinates":[[[-122.341101,38.366934],[-122.341142,38.36692],[-122.341169,38.366971],[-122.341378,38.367364],[-122.341,38.367487],[-122.340765,38.367044],[-122.341101,38.366934]]]},"properties":{"ASMTWithDash":"034-211-021-000","FullSitusAddress1":"1234 CARRELL LN, NAPA CA  "}},{"type":"Feature","geometry":{"type":"Polygon","coordinates":[[[-122.340852,38.374667],[-122.341423,38.374479],[-122.341573,38.374781],[-122.341731,38.375105],[-122.341157,38.375285],[-122.340852,38.374667]]]},"properties":{"ASMTWithDash":"036-130-022-000","FullSitusAddress1":"5468 WASHINGTON ST, NAPA CA  "}},{"type":"Feature","geometry":{"type":"Polygon","coordinates":[[[-122.324494,38.358799],[-122.327816,38.357715],[-122.332745,38.356108],[-122.333785,38.357941],[-122.332832,38.358255],[-122.331778,38.358581],[-122.331668,38.358608],[-122.331555,38.358628],[-122.331442,38.358642],[-122.331327,38.358649],[-122.329552,38.359214],[-122.325409,38.360543],[-122.324494,38.358799]]]},"properties":{"ASMTWithDash":"036-140-053-000","FullSitusAddress1":null}},{"type":"Feature","geometry":{"type":"Polygon","coordinates":[[[-122.361557,38.377688],[-122.360786,38.376624],[-122.363016,38.375642],[-122.367242,38.376596],[-122.362296,38.378738],[-122.361557,38.377688]]]},"properties":{"ASMTWithDash":"034-150-038-000","FullSitusAddress1":null}},{"type":"Feature","geometry":{"type":"Polygon","coordinates":[[[-122.376634,38.369462],[-122.376568,38.369186],[-122.37563,38.368116],[-122.375338,38.367555],[-122.375126,38.367343],[-122.374778,38.367124],[-122.375026,38.367041],[-122.374436,38.366579],[-122.374142,38.366449],[-122.373597,38.365979],[-122.373029,38.365287],[-122.373363,38.365291],[-122.37375,38.365013],[-122.37376,38.365007],[-122.373772,38.365058],[-122.373779,38.365469],[-122.374235,38.366022],[-122.374628,38.366371],[-122.375199,38.366702],[-122.375653,38.367046],[-122.37598,38.367373],[-122.376192,38.367476],[-122.376608,38.36803],[-122.377398,38.368706],[-122.378136,38.368637],[-122.378122,38.368649],[-122.377777,38.368946],[-122.377529,38.369086],[-122.377234,38.36928],[-122.376992,38.369488],[-122.376634,38.369462]]]},"properties":{"ASMTWithDash":"034-180-015-000","FullSitusAddress1":"4870 DRY CREEK RD, NAPA CA  "}},{"type":"Feature","geometry":{"type":"Polygon","coordinates":[[[-122.329408,38.345414],[-122.329832,38.345276],[-122.329911,38.345428],[-122.329916,38.345438],[-122.329493,38.345577],[-122.329408,38.345414]]]},"properties":{"ASMTWithDash":"035-542-018-000","FullSitusAddress1":"5 ABRUZZINI CT, NAPA CA "}},{"type":"Feature","geometry":{"type":"Polygon","coordinates":[[[-122.367729,38.354112],[-122.367256,38.35368],[-122.366987,38.353759],[-122.366554,38.353314],[-122.366506,38.353261],[-122.367302,38.352795],[-122.367339,38.352795],[-122.367376,38.352791],[-122.367411,38.352782],[-122.367445,38.352769],[-122.367476,38.352753],[-122.367503,38.352733],[-122.367729,38.352537],[-122.367768,38.352501],[-122.367801,38.352461],[-122.367829,38.352419],[-122.367852,38.352375],[-122.367886,38.352299],[-122.367898,38.352289],[-122.367908,38.352286],[-122.36792,38.352285],[-122.367936,38.352289],[-122.367947,38.3523],[-122.368,38.352426],[-122.36799,38.352475],[-122.367986,38.352524],[-122.367989,38.352574],[-122.367999,38.352622],[-122.368015,38.35267],[-122.368065,38.352793],[-122.36864,38.352627],[-122.370356,38.353778],[-122.367946,38.354489],[-122.367729,38.354112]]]},"properties":{"ASMTWithDash":"034-270-039-000","FullSitusAddress1":null}},{"type":"Feature","geometry":{"type":"Polygon","coordinates":[[[-122.347151,38.367028],[-122.348535,38.366577],[-122.349206,38.367839],[-122.347831,38.36829],[-122.347183,38.367087],[-122.347151,38.367028]]]},"properties":{"ASMTWithDash":"034-200-005-000","FullSitusAddress1":"1376 HILLVIEW LN, NAPA CA "}},{"type":"Feature","geometry":{"type":"Polygon","coordinates":[[[-122.329141,38.34625],[-122.329381,38.346172],[-122.329513,38.346426],[-122.329353,38.346479],[-122.32934,38.346482],[-122.329326,38.346483],[-122.329312,38.346483],[-122.329298,38.34648],[-122.329285,38.346476],[-122.329273,38.346471],[-122.329262,38.346464],[-122.329253,38.346456],[-122.329245,38.346446],[-122.329141,38.34625]]]},"properties":{"ASMTWithDash":"035-542-011-000","FullSitusAddress1":"223 MERANO WAY, NAPA CA "}},{"type":"Feature","geometry":{"type":"Polygon","coordinates":[[[-122.340629,38.364618],[-122.340618,38.364599],[-122.340983,38.364478],[-122.341228,38.364936],[-122.341525,38.365495],[-122.341161,38.365615],[-122.340629,38.364618]]]},"properties":{"ASMTWithDash":"034-211-006-000","FullSitusAddress1":"1042 DARMS LN, NAPA CA  "}},{"type":"Feature","geometry":{"type":"Polygon","coordinates":[[[-122.334211,38.347736],[-122.333906,38.34723],[-122.333115,38.345898],[-122.334131,38.345559],[-122.335928,38.348604],[-122.334935,38.348984],[-122.334211,38.347736]]]},"properties":{"ASMTWithDash":"035-041-028-000","FullSitusAddress1":"1080 ORCHARD AVE, NAPA CA  "}},{"type":"Feature","geometry":{"type":"Polygon","coordinates":[[[-122.32922,38.343442],[-122.329137,38.343289],[-122.329438,38.343194],[-122.329452,38.343191],[-122.329466,38.343191],[-122.32948,38.343193],[-122.329494,38.343197],[-122.329507,38.343202],[-122.329518,38.343209],[-122.329528,38.343217],[-122.329535,38.343227],[-122.329561,38.34328],[-122.32957,38.343305],[-122.329575,38.343329],[-122.329576,38.343355],[-122.329235,38.34347],[-122.32922,38.343442]]]},"properties":{"ASMTWithDash":"035-501-017-000","FullSitusAddress1":"1 WESLEY CT, NAPA CA  "}},{"type":"Feature","geometry":{"type":"Polygon","coordinates":[[[-122.37979,38.350598],[-122.379929,38.349927],[-122.380256,38.349598],[-122.380499,38.34977],[-122.380716,38.349891],[-122.380933,38.349978],[-122.381045,38.350046],[-122.381113,38.350124],[-122.381207,38.350275],[-122.38135,38.350454],[-122.381437,38.350581],[-122.381444,38.350644],[-122.38142,38.350844],[-122.381415,38.351097],[-122.381416,38.351234],[-122.38146,38.351331],[-122.38156,38.351448],[-122.381636,38.351514],[-122.381144,38.351976],[-122.37979,38.350598]]]},"properties":{"ASMTWithDash":"034-230-004-000","FullSitusAddress1":"1444 MT VEEDER RD, NAPA CA  "}},{"type":"Feature","geometry":{"type":"Polygon","coordinates":[[[-122.336995,38.356942],[-122.33684,38.356646],[-122.337919,38.3563],[-122.338231,38.356892],[-122.337137,38.357244],[-122.336995,38.356942]]]},"properties":{"ASMTWithDash":"034-190-011-000","FullSitusAddress1":"2106 WURZ LN, NAPA CA  "}},{"type":"Feature","geometry":{"type":"Polygon","coordinates":[[[-122.341249,38.36639],[-122.341601,38.366274],[-122.341858,38.366744],[-122.341544,38.366847],[-122.341503,38.366861],[-122.341249,38.36639]]]},"properties":{"ASMTWithDash":"034-211-026-000","FullSitusAddress1":"1253 CARRELL LN, NAPA CA  "}},{"type":"Feature","geometry":{"type":"Polygon","coordinates":[[[-122.337268,38.374869],[-122.340448,38.373846],[-122.340852,38.374667],[-122.341157,38.375285],[-122.340797,38.3754],[-122.341029,38.375872],[-122.339488,38.3763],[-122.3395,38.37641],[-122.338986,38.376582],[-122.338308,38.37682],[-122.337268,38.374869]]]},"properties":{"ASMTWithDash":"036-130-010-000","FullSitusAddress1":null}},{"type":"Feature","geometry":{"type":"Polygon","coordinates":[[[-122.36864,38.352627],[-122.368065,38.352793],[-122.368015,38.35267],[-122.367999,38.352622],[-122.367989,38.352574],[-122.367986,38.352524],[-122.36799,38.352475],[-122.368,38.352426],[-122.367947,38.3523],[-122.367936,38.352289],[-122.36792,38.352285],[-122.367908,38.352286],[-122.367898,38.352289],[-122.367886,38.352299],[-122.367852,38.352375],[-122.367829,38.352419],[-122.367801,38.352461],[-122.367768,38.352501],[-122.367729,38.352537],[-122.367503,38.352733],[-122.367476,38.352753],[-122.367445,38.352769],[-122.367411,38.352782],[-122.367376,38.352791],[-122.367339,38.352795],[-122.367302,38.352795],[-122.366506,38.353261],[-122.365679,38.35235],[-122.364986,38.352224],[-122.364628,38.352175],[-122.363701,38.352144],[-122.363655,38.351882],[-122.364571,38.351579],[-122.364523,38.35141],[-122.367539,38.35047],[-122.367608,38.350597],[-122.368987,38.350163],[-122.369083,38.350339],[-122.370404,38.350554],[-122.371646,38.353397],[-122.370356,38.353778],[-122.36864,38.352627]]]},"properties":{"ASMTWithDash":"034-270-040-000","FullSitusAddress1":"4282 DRY CREEK RD, NAPA CA "}},{"type":"Feature","geometry":{"type":"Polygon","coordinates":[[[-122.333909,38.367378],[-122.334377,38.367202],[-122.334908,38.368093],[-122.334682,38.36812],[-122.334634,38.368034],[-122.334359,38.368122],[-122.333909,38.367378]]]},"properties":{"ASMTWithDash":"036-230-038-000","FullSitusAddress1":null}},{"type":"Feature","geometry":{"type":"Polygon","coordinates":[[[-122.369932,38.382401],[-122.36802,38.383263],[-122.367822,38.383017],[-122.366918,38.381891],[-122.366364,38.381201],[-122.369181,38.379887],[-122.370565,38.379242],[-122.371112,38.377483],[-122.375956,38.378475],[-122.37535,38.380281],[-122.375359,38.381242],[-122.372313,38.382389],[-122.372851,38.383402],[-122.371235,38.384027],[-122.369932,38.382401]]]},"properties":{"ASMTWithDash":"034-150-032-000","FullSitusAddress1":"9 VINEYARD VIEW DR, NAPA CA  "}},{"type":"Feature","geometry":{"type":"Polygon","coordinates":[[[-122.341225,38.375875],[-122.34265,38.375429],[-122.34278,38.375694],[-122.341376,38.376142],[-122.341225,38.375875]]]},"properties":{"ASMTWithDash":"036-130-017-000","FullSitusAddress1":"5484 WASHINGTON ST, NAPA CA  "}},{"type":"Feature","geometry":{"type":"Polygon","coordinates":[[[-122.328213,38.345674],[-122.328263,38.345586],[-122.328457,38.345525],[-122.328473,38.345523],[-122.328486,38.345522],[-122.3285,38.345523],[-122.328513,38.345526],[-122.328526,38.34553],[-122.328537,38.345536],[-122.328547,38.345543],[-122.328556,38.345552],[-122.328563,38.345561],[-122.328642,38.345713],[-122.328629,38.345718],[-122.328292,38.345826],[-122.328213,38.345674]]]},"properties":{"ASMTWithDash":"035-541-019-000","FullSitusAddress1":"200 VERONA WAY, NAPA CA "}},{"type":"Feature","geometry":{"type":"Polygon","coordinates":[[[-122.329181,38.344837],[-122.329389,38.344767],[-122.329526,38.345019],[-122.329318,38.345089],[-122.329181,38.344837]]]},"properties":{"ASMTWithDash":"035-554-007-000","FullSitusAddress1":"23 HAVEN WAY, NAPA CA "}},{"type":"Feature","geometry":{"type":"Polygon","coordinates":[[[-122.330858,38.345935],[-122.330837,38.345909],[-122.33082,38.345881],[-122.330765,38.345778],[-122.331145,38.345654],[-122.331182,38.345727],[-122.331193,38.345747],[-122.331257,38.345869],[-122.330911,38.345982],[-122.330858,38.345935]]]},"properties":{"ASMTWithDash":"035-541-005-000","FullSitusAddress1":"219 ALCHEMY WAY, NAPA CA "}},{"type":"Feature","geometry":{"type":"Polygon","coordinates":[[[-122.340266,38.368662],[-122.340785,38.368517],[-122.341156,38.368525],[-122.341334,38.368864],[-122.340512,38.369131],[-122.340266,38.368662]]]},"properties":{"ASMTWithDash":"034-200-014-000","FullSitusAddress1":"1205 HILLVIEW LN, NAPA CA  "}},{"type":"Feature","geometry":{"type":"Polygon","coordinates":[[[-122.346068,38.36745],[-122.346628,38.367268],[-122.347272,38.368476],[-122.346714,38.368661],[-122.346068,38.36745]]]},"properties":{"ASMTWithDash":"034-200-003-000","FullSitusAddress1":"1358 HILLVIEW LN, NAPA CA  "}},{"type":"Feature","geometry":{"type":"Polygon","coordinates":[[[-122.331246,38.34473],[-122.331241,38.34472],[-122.331239,38.344709],[-122.33124,38.344698],[-122.331242,38.344687],[-122.331247,38.344676],[-122.331253,38.344666],[-122.331262,38.344658],[-122.331272,38.34465],[-122.331284,38.344644],[-122.331551,38.344559],[-122.331687,38.344807],[-122.331343,38.344916],[-122.331246,38.34473]]]},"properties":{"ASMTWithDash":"035-531-014-000","FullSitusAddress1":"11 HERITAGE CT, NAPA CA "}},{"type":"Feature","geometry":{"type":"Polygon","coordinates":[[[-122.326632,38.344326],[-122.32719,38.345385],[-122.325221,38.346009],[-122.324844,38.345287],[-122.325101,38.345204],[-122.32493,38.344876],[-122.326247,38.344454],[-122.325968,38.34393],[-122.326144,38.343875],[-122.326205,38.34409],[-122.326299,38.344436],[-122.326632,38.344326]]]},"properties":{"ASMTWithDash":"036-180-040-000","FullSitusAddress1":"4120 HOWARD LN #1 - 6, NAPA CA "}},{"type":"Feature","geometry":{"type":"Polygon","coordinates":[[[-122.356004,38.38074],[-122.355791,38.380423],[-122.356768,38.379968],[-122.358383,38.379198],[-122.361557,38.377688],[-122.362296,38.378738],[-122.360857,38.379409],[-122.358973,38.380048],[-122.358712,38.380214],[-122.357489,38.380393],[-122.356914,38.380881],[-122.356898,38.380996],[-122.356699,38.381481],[-122.356573,38.381572],[-122.356004,38.38074]]]},"properties":{"ASMTWithDash":"034-150-037-000","FullSitusAddress1":null}},{"type":"Feature","geometry":{"type":"Polygon","coordinates":[[[-122.335082,38.349252],[-122.334935,38.348984],[-122.335928,38.348604],[-122.336464,38.348429],[-122.336632,38.348728],[-122.336714,38.348879],[-122.33586,38.34919],[-122.335507,38.349319],[-122.33517,38.349425],[-122.335082,38.349252]]]},"properties":{"ASMTWithDash":"035-041-005-000","FullSitusAddress1":"4577 ST HELENA HWY, NAPA CA  "}},{"type":"Feature","geometry":{"type":"Polygon","coordinates":[[[-122.330816,38.345022],[-122.330715,38.34483],[-122.33097,38.344746],[-122.330982,38.344744],[-122.330995,38.344743],[-122.331008,38.344743],[-122.331021,38.344746],[-122.331033,38.34475],[-122.331045,38.344755],[-122.331055,38.344762],[-122.331063,38.34477],[-122.33107,38.344779],[-122.331178,38.344988],[-122.330853,38.345094],[-122.330816,38.345022]]]},"properties":{"ASMTWithDash":"035-531-001-000","FullSitusAddress1":"12 HERITAGE CT, NAPA CA  "}},{"type":"Feature","geometry":{"type":"Polygon","coordinates":[[[-122.34405,38.37639],[-122.343867,38.375809],[-122.342742,38.373567],[-122.341406,38.371341],[-122.341193,38.37065],[-122.341169,38.370589],[-122.340845,38.370617],[-122.340824,38.370577],[-122.340915,38.370547],[-122.341034,38.370509],[-122.341289,38.370427],[-122.341305,38.370457],[-122.341346,38.370523],[-122.344584,38.369473],[-122.347652,38.375123],[-122.344299,38.376266],[-122.345366,38.378152],[-122.345159,38.378371],[-122.344865,38.37782],[-122.34405,38.37639]]]},"properties":{"ASMTWithDash":"034-170-015-000","FullSitusAddress1":null}},{"type":"Feature","geometry":{"type":"Polygon","coordinates":[[[-122.330726,38.375055],[-122.331297,38.374053],[-122.328376,38.373023],[-122.32686,38.373478],[-122.324079,38.372475],[-122.324196,38.372256],[-122.324912,38.372186],[-122.325302,38.372091],[-122.325542,38.372],[-122.325783,38.371904],[-122.325993,38.371872],[-122.326279,38.371899],[-122.326397,38.371888],[-122.326487,38.371862],[-122.326586,38.371838],[-122.326872,38.371712],[-122.327112,38.371671],[-122.327381,38.371641],[-122.327444,38.371619],[-122.327653,38.371492],[-122.327688,38.371454],[-122.328051,38.371185],[-122.328316,38.37108],[-122.328435,38.371003],[-122.328874,38.370652],[-122.329063,38.370542],[-122.329154,38.370377],[-122.329349,38.370273],[-122.329593,38.370064],[-122.329642,38.370014],[-122.32974,38.369871],[-122.329754,38.369827],[-122.32983,38.369707],[-122.329879,38.369674],[-122.330019,38.369547],[-122.330053,38.369536],[-122.330088,38.369503],[-122.330094,38.369389],[-122.333597,38.375994],[-122.333491,38.37603],[-122.330726,38.375055]]]},"properties":{"ASMTWithDash":"036-120-067-000","FullSitusAddress1":null}},{"type":"Feature","geometry":{"type":"Polygon","coordinates":[[[-122.330768,38.342347],[-122.330997,38.342272],[-122.331131,38.342525],[-122.330901,38.342595],[-122.330768,38.342347]]]},"properties":{"ASMTWithDash":"035-551-004-000","FullSitusAddress1":"75 LUKE DR, NAPA CA "}},{"type":"Feature","geometry":{"type":"Polygon","coordinates":[[[-122.331311,38.343737],[-122.331747,38.343738],[-122.331731,38.343812],[-122.331721,38.34387],[-122.331716,38.343929],[-122.331293,38.343936],[-122.331311,38.343737]]]},"properties":{"ASMTWithDash":"035-553-007-000","FullSitusAddress1":"70 AUTUMN RUN WAY, NAPA CA "}},{"type":"Feature","geometry":{"type":"Polygon","coordinates":[[[-122.375982,38.348262],[-122.375998,38.348249],[-122.377634,38.347458],[-122.377629,38.347587],[-122.377654,38.347757],[-122.377736,38.347937],[-122.377829,38.348069],[-122.377954,38.348166],[-122.378065,38.348209],[-122.378214,38.348214],[-122.378437,38.348232],[-122.378567,38.348256],[-122.378653,38.348305],[-122.378691,38.348378],[-122.378692,38.348475],[-122.378698,38.348573],[-122.378737,38.348806],[-122.378775,38.349006],[-122.378874,38.349132],[-122.378919,38.349159],[-122.378508,38.350137],[-122.375982,38.348262]]]},"properties":{"ASMTWithDash":"034-230-007-000","FullSitusAddress1":"1388 MT VEEDER RD, NAPA CA  "}},{"type":"Feature","geometry":{"type":"Polygon","coordinates":[[[-122.331061,38.342893],[-122.330983,38.342747],[-122.331301,38.342649],[-122.331326,38.342646],[-122.33134,38.342647],[-122.331354,38.34265],[-122.331367,38.342655],[-122.331379,38.342661],[-122.331389,38.342669],[-122.331398,38.342677],[-122.331404,38.342687],[-122.331466,38.342803],[-122.331081,38.342931],[-122.331061,38.342893]]]},"properties":{"ASMTWithDash":"035-553-012-000","FullSitusAddress1":"76 LUKE DR, NAPA CA "}},{"type":"Feature","geometry":{"type":"Polygon","coordinates":[[[-122.330997,38.342272],[-122.331224,38.342197],[-122.331358,38.342451],[-122.33118,38.34251],[-122.331131,38.342525],[-122.330997,38.342272]]]},"properties":{"ASMTWithDash":"035-551-003-000","FullSitusAddress1":"79 LUKE DR, NAPA CA "}},{"type":"Feature","geometry":{"type":"Polygon","coordinates":[[[-122.326635,38.37786],[-122.326479,38.377464],[-122.326706,38.376988],[-122.325324,38.377008],[-122.324132,38.377274],[-122.323172,38.376998],[-122.322963,38.376922],[-122.322526,38.376808],[-122.322255,38.376631],[-122.321943,38.376663],[-122.322047,38.376457],[-122.322914,38.374759],[-122.327324,38.376319],[-122.327915,38.375287],[-122.331691,38.376619],[-122.333491,38.37603],[-122.333597,38.375994],[-122.333619,38.376031],[-122.331107,38.376859],[-122.330487,38.37808],[-122.329956,38.379125],[-122.329711,38.379005],[-122.329394,38.379044],[-122.329167,38.379036],[-122.328946,38.378976],[-122.328798,38.378995],[-122.328585,38.378967],[-122.328055,38.378812],[-122.327667,38.378764],[-122.327417,38.378222],[-122.327201,38.378027],[-122.327009,38.377861],[-122.326805,38.377791],[-122.326727,38.377812],[-122.326635,38.37786]]]},"properties":{"ASMTWithDash":"036-120-069-000","FullSitusAddress1":null}},{"type":"Feature","geometry":{"type":"Polygon","coordinates":[[[-122.328714,38.346639],[-122.329059,38.346529],[-122.329061,38.346546],[-122.329063,38.346581],[-122.329068,38.346603],[-122.329077,38.346624],[-122.329091,38.346644],[-122.329108,38.346662],[-122.329129,38.346677],[-122.329151,38.34669],[-122.328916,38.347027],[-122.328714,38.346639]]]},"properties":{"ASMTWithDash":"035-541-014-000","FullSitusAddress1":"220 VERONA WAY, NAPA CA "}},{"type":"Feature","geometry":{"type":"Polygon","coordinates":[[[-122.329057,38.346088],[-122.329492,38.345946],[-122.329492,38.345962],[-122.329569,38.346111],[-122.329381,38.346172],[-122.329141,38.34625],[-122.329057,38.346088]]]},"properties":{"ASMTWithDash":"035-542-012-000","FullSitusAddress1":"219 VERONA WAY, NAPA CA "}},{"type":"Feature","geometry":{"type":"Polygon","coordinates":[[[-122.32876,38.344215],[-122.329006,38.344132],[-122.329108,38.344322],[-122.329112,38.344333],[-122.329115,38.344345],[-122.329114,38.344357],[-122.329111,38.344369],[-122.329105,38.34438],[-122.329097,38.34439],[-122.329087,38.344399],[-122.329075,38.344406],[-122.329062,38.344412],[-122.328897,38.344467],[-122.32876,38.344215]]]},"properties":{"ASMTWithDash":"035-555-001-000","FullSitusAddress1":"21 WHITE TAIL DR, NAPA CA "}},{"type":"Feature","geometry":{"type":"Polygon","coordinates":[[[-122.333861,38.366324],[-122.334498,38.366101],[-122.33492,38.366833],[-122.334295,38.367065],[-122.333861,38.366324]]]},"properties":{"ASMTWithDash":"036-230-032-000","FullSitusAddress1":"1140 VINEYARD LN, NAPA CA  "}},{"type":"Feature","geometry":{"type":"Polygon","coordinates":[[[-122.33021,38.346366],[-122.330501,38.346273],[-122.330642,38.346545],[-122.330352,38.346638],[-122.33021,38.346366]]]},"properties":{"ASMTWithDash":"035-541-009-000","FullSitusAddress1":"240 MERANO WAY, NAPA CA "}},{"type":"Feature","geometry":{"type":"Polygon","coordinates":[[[-122.343357,38.341495],[-122.343055,38.340851],[-122.343583,38.340748],[-122.344229,38.340622],[-122.344475,38.341088],[-122.344452,38.341106],[-122.343959,38.341395],[-122.344158,38.342106],[-122.343717,38.342254],[-122.343357,38.341495]]]},"properties":{"ASMTWithDash":"035-042-024-000","FullSitusAddress1":"1275 ORCHARD AVE, NAPA CA  "}},{"type":"Feature","geometry":{"type":"Polygon","coordinates":[[[-122.328893,38.345773],[-122.32936,38.34562],[-122.329383,38.345665],[-122.329387,38.345683],[-122.329389,38.345702],[-122.329387,38.34572],[-122.329382,38.345738],[-122.329366,38.345774],[-122.329358,38.345811],[-122.328977,38.345936],[-122.328893,38.345773]]]},"properties":{"ASMTWithDash":"035-542-014-000","FullSitusAddress1":"209 VERONA WAY, NAPA CA "}},{"type":"Feature","geometry":{"type":"Polygon","coordinates":[[[-122.342568,38.36651],[-122.34294,38.366385],[-122.343152,38.366786],[-122.34278,38.366907],[-122.342568,38.36651]]]},"properties":{"ASMTWithDash":"034-211-040-000","FullSitusAddress1":"1284 CARRELL LN, NAPA CA  "}},{"type":"Feature","geometry":{"type":"Polygon","coordinates":[[[-122.336701,38.365439],[-122.337409,38.365195],[-122.337686,38.365831],[-122.337723,38.3659],[-122.337753,38.365971],[-122.337777,38.366043],[-122.337124,38.366258],[-122.336701,38.365439]]]},"properties":{"ASMTWithDash":"036-230-034-000","FullSitusAddress1":"5268 ST HELENA HWY, NAPA CA  "}},{"type":"Feature","geometry":{"type":"Polygon","coordinates":[[[-122.325723,38.340841],[-122.327434,38.340297],[-122.327726,38.340758],[-122.325998,38.341337],[-122.325723,38.340841]]]},"properties":{"ASMTWithDash":"035-480-010-000","FullSitusAddress1":"4425 SOLANO AVE, NAPA CA  "}},{"type":"Feature","geometry":{"type":"Polygon","coordinates":[[[-122.327046,38.343301],[-122.326832,38.342893],[-122.32682,38.342897],[-122.326742,38.342748],[-122.326753,38.342745],[-122.326463,38.342183],[-122.326569,38.342149],[-122.326768,38.342086],[-122.32697,38.342022],[-122.327337,38.341905],[-122.331696,38.340517],[-122.332724,38.341662],[-122.331654,38.342003],[-122.330467,38.342385],[-122.330279,38.342445],[-122.330085,38.342508],[-122.329887,38.342571],[-122.329697,38.342632],[-122.329491,38.342698],[-122.329299,38.342759],[-122.329109,38.342821],[-122.328919,38.342881],[-122.328725,38.342943],[-122.328533,38.343005],[-122.328334,38.343069],[-122.32814,38.343132],[-122.327948,38.343193],[-122.327758,38.343255],[-122.327565,38.343317],[-122.327333,38.343391],[-122.327116,38.343461],[-122.327083,38.34338],[-122.327046,38.343301]]]},"properties":{"ASMTWithDash":"035-480-004-000","FullSitusAddress1":"4433 SOLANO AVE, NAPA CA  "}},{"type":"Feature","geometry":{"type":"Polygon","coordinates":[[[-122.354124,38.33738],[-122.354163,38.337325],[-122.358749,38.337564],[-122.357726,38.338832],[-122.359751,38.340419],[-122.35688,38.340998],[-122.356568,38.34058],[-122.356296,38.34051],[-122.355694,38.339592],[-122.354124,38.33738]]]},"properties":{"ASMTWithDash":"035-460-033-000","FullSitusAddress1":"3255 DRY CREEK RD, NAPA CA "}},{"type":"Feature","geometry":{"type":"Polygon","coordinates":[[[-122.3693,38.360346],[-122.370064,38.359824],[-122.36952,38.359576],[-122.370138,38.359138],[-122.373164,38.356872],[-122.373235,38.357034],[-122.37382,38.358408],[-122.372091,38.359614],[-122.371417,38.360067],[-122.370487,38.359694],[-122.369439,38.360409],[-122.3693,38.360346]]]},"properties":{"ASMTWithDash":"034-270-042-000","FullSitusAddress1":"4515 DRY CREEK RD, NAPA CA "}},{"type":"Feature","geometry":{"type":"Polygon","coordinates":[[[-122.329611,38.346097],[-122.329843,38.346021],[-122.329975,38.346275],[-122.329744,38.346351],[-122.329611,38.346097]]]},"properties":{"ASMTWithDash":"035-542-009-000","FullSitusAddress1":"231 MERANO WAY, NAPA CA "}},{"type":"Feature","geometry":{"type":"Polygon","coordinates":[[[-122.373164,38.356872],[-122.37264,38.355671],[-122.372161,38.354577],[-122.371646,38.353397],[-122.370404,38.350554],[-122.369639,38.348804],[-122.37033,38.348084],[-122.37133,38.347568],[-122.371156,38.34689],[-122.372092,38.346875],[-122.374215,38.349588],[-122.375458,38.348667],[-122.375982,38.348262],[-122.378508,38.350137],[-122.379929,38.349927],[-122.37979,38.350598],[-122.381144,38.351976],[-122.379255,38.353583],[-122.380459,38.355559],[-122.378936,38.355535],[-122.373235,38.357034],[-122.373164,38.356872]]]},"properties":{"ASMTWithDash":"034-230-028-000","FullSitusAddress1":"1310 MT VEEDER RD, NAPA CA  "}},{"type":"Feature","geometry":{"type":"Polygon","coordinates":[[[-122.339517,38.363774],[-122.340796,38.363361],[-122.340916,38.363592],[-122.340877,38.363632],[-122.340793,38.36372],[-122.340739,38.363799],[-122.340611,38.363985],[-122.340456,38.364211],[-122.340003,38.364541],[-122.339517,38.363774]]]},"properties":{"ASMTWithDash":"034-212-029-000","FullSitusAddress1":"5227 SOLANO AVE, NAPA CA  "}},{"type":"Feature","geometry":{"type":"Polygon","coordinates":[[[-122.333994,38.356333],[-122.33362,38.355668],[-122.333565,38.355588],[-122.335022,38.355108],[-122.335492,38.355966],[-122.334735,38.356215],[-122.334032,38.356446],[-122.333994,38.356333]]]},"properties":{"ASMTWithDash":"035-031-009-000","FullSitusAddress1":"5093 SOLANO AVE, NAPA CA "}},{"type":"Feature","geometry":{"type":"Polygon","coordinates":[[[-122.328764,38.344977],[-122.328972,38.344907],[-122.329109,38.345159],[-122.328901,38.34523],[-122.328764,38.344977]]]},"properties":{"ASMTWithDash":"035-554-009-000","FullSitusAddress1":"15 HAVEN WAY, NAPA CA "}},{"type":"Feature","geometry":{"type":"Polygon","coordinates":[[[-122.342372,38.3662],[-122.342932,38.366009],[-122.343102,38.366329],[-122.34294,38.366385],[-122.342568,38.36651],[-122.342542,38.366519],[-122.342372,38.3662]]]},"properties":{"ASMTWithDash":"034-211-033-000","FullSitusAddress1":"1283 CARRELL LN, NAPA CA  "}},{"type":"Feature","geometry":{"type":"Polygon","coordinates":[[[-122.339217,38.364612],[-122.338325,38.364906],[-122.338232,38.364706],[-122.338143,38.364506],[-122.338116,38.364435],[-122.338092,38.364364],[-122.337943,38.363902],[-122.337901,38.36379],[-122.337854,38.363679],[-122.3378,38.36357],[-122.337698,38.363372],[-122.340474,38.362462],[-122.340972,38.36339],[-122.340916,38.363592],[-122.340796,38.363361],[-122.339517,38.363774],[-122.340003,38.364541],[-122.339673,38.36481],[-122.339683,38.36483],[-122.339382,38.364929],[-122.339217,38.364612]]]},"properties":{"ASMTWithDash":"034-212-035-000","FullSitusAddress1":"5225 SOLANO AVE, NAPA CA "}},{"type":"Feature","geometry":{"type":"Polygon","coordinates":[[[-122.330538,38.350891],[-122.330641,38.350857],[-122.33363,38.356456],[-122.33352,38.356493],[-122.330538,38.350891]]]},"properties":{"ASMTWithDash":"035-031-019-000","FullSitusAddress1":null}},{"type":"Feature","geometry":{"type":"Polygon","coordinates":[[[-122.346371,38.343232],[-122.347156,38.343072],[-122.347385,38.343785],[-122.346605,38.343941],[-122.346371,38.343232]]]},"properties":{"ASMTWithDash":"035-061-003-000","FullSitusAddress1":"1346 ORCHARD AVE, NAPA CA  "}},{"type":"Feature","geometry":{"type":"Polygon","coordinates":[[[-122.332646,38.342634],[-122.332756,38.342805],[-122.332154,38.343057],[-122.332148,38.343043],[-122.332069,38.342875],[-122.332646,38.342634]]]},"properties":{"ASMTWithDash":"035-570-003-000","FullSitusAddress1":"118 LUKE DR, NAPA CA "}},{"type":"Feature","geometry":{"type":"Polygon","coordinates":[[[-122.345433,38.360411],[-122.344255,38.358169],[-122.343584,38.356907],[-122.341872,38.353687],[-122.34431,38.352882],[-122.345291,38.352558],[-122.345311,38.352593],[-122.345881,38.353664],[-122.346378,38.357015],[-122.345889,38.357368],[-122.345702,38.357596],[-122.345374,38.357678],[-122.345128,38.357739],[-122.34521,38.358002],[-122.345172,38.35855],[-122.345296,38.359091],[-122.345445,38.35936],[-122.345454,38.359634],[-122.345509,38.360168],[-122.345477,38.360345],[-122.345433,38.360411]]]},"properties":{"ASMTWithDash":"034-190-018-000","FullSitusAddress1":"2200 W OAK KNOLL AVE, NAPA CA "}},{"type":"Feature","geometry":{"type":"Polygon","coordinates":[[[-122.340739,38.363799],[-122.340793,38.36372],[-122.340877,38.363632],[-122.341241,38.364317],[-122.341048,38.36438],[-122.340739,38.363799]]]},"properties":{"ASMTWithDash":"034-212-016-000","FullSitusAddress1":"1045 DARMS LN, NAPA CA  "}},{"type":"Feature","geometry":{"type":"Polygon","coordinates":[[[-122.330804,38.346204],[-122.33083,38.346199],[-122.330855,38.34619],[-122.330877,38.346178],[-122.330897,38.346164],[-122.330914,38.346147],[-122.330928,38.346129],[-122.330935,38.346114],[-122.331469,38.346278],[-122.330933,38.346451],[-122.330804,38.346204]]]},"properties":{"ASMTWithDash":"035-541-007-000","FullSitusAddress1":"248 MERANO WAY, NAPA CA "}},{"type":"Feature","geometry":{"type":"Polygon","coordinates":[[[-122.342606,38.363045],[-122.342084,38.363218],[-122.341851,38.36279],[-122.342391,38.362563],[-122.342493,38.362547],[-122.343106,38.363702],[-122.342977,38.363744],[-122.342606,38.363045]]]},"properties":{"ASMTWithDash":"034-212-012-000","FullSitusAddress1":"1077 DARMS LN, NAPA CA  "}},{"type":"Feature","geometry":{"type":"Polygon","coordinates":[[[-122.345327,38.361605],[-122.345949,38.361398],[-122.346522,38.362494],[-122.346562,38.362563],[-122.345945,38.362766],[-122.345327,38.361605]]]},"properties":{"ASMTWithDash":"034-212-001-000","FullSitusAddress1":"1173 DARMS LN, NAPA CA  "}},{"type":"Feature","geometry":{"type":"Polygon","coordinates":[[[-122.374578,38.360681],[-122.376997,38.359076],[-122.378127,38.359314],[-122.376585,38.360507],[-122.375419,38.360948],[-122.375134,38.361051],[-122.374578,38.360681]]]},"properties":{"ASMTWithDash":"034-260-019-000","FullSitusAddress1":"4615 DRY CREEK RD, NAPA CA "}},{"type":"Feature","geometry":{"type":"Polygon","coordinates":[[[-122.331913,38.344004],[-122.331914,38.343992],[-122.331918,38.343982],[-122.331924,38.343971],[-122.331932,38.343962],[-122.331941,38.343954],[-122.331953,38.343947],[-122.332099,38.343895],[-122.332117,38.343886],[-122.332135,38.343874],[-122.332367,38.344121],[-122.33229,38.344146],[-122.331982,38.344245],[-122.331955,38.344187],[-122.331934,38.344127],[-122.33192,38.344066],[-122.331913,38.344004]]]},"properties":{"ASMTWithDash":"035-552-001-000","FullSitusAddress1":"85 AUTUMN RUN WAY, NAPA CA "}},{"type":"Feature","geometry":{"type":"Polygon","coordinates":[[[-122.332424,38.36774],[-122.331912,38.366922],[-122.332889,38.36658],[-122.333451,38.36755],[-122.333905,38.368298],[-122.333269,38.368587],[-122.332989,38.368651],[-122.332424,38.36774]]]},"properties":{"ASMTWithDash":"036-230-011-000","FullSitusAddress1":"1108 VINEYARD LN, NAPA CA  "}},{"type":"Feature","geometry":{"type":"Polygon","coordinates":[[[-122.338434,38.347294],[-122.338427,38.347286],[-122.338417,38.347279],[-122.338406,38.347273],[-122.338394,38.347268],[-122.338382,38.347265],[-122.338368,38.347264],[-122.338355,38.347265],[-122.338342,38.347267],[-122.337786,38.347447],[-122.336653,38.346166],[-122.336964,38.346067],[-122.336382,38.345319],[-122.336809,38.345185],[-122.336575,38.344745],[-122.337557,38.344417],[-122.33945,38.347918],[-122.339453,38.347922],[-122.338954,38.348084],[-122.338434,38.347294]]]},"properties":{"ASMTWithDash":"035-041-017-000","FullSitusAddress1":null}},{"type":"Feature","geometry":{"type":"Polygon","coordinates":[[[-122.336755,38.366872],[-122.336695,38.366386],[-122.337124,38.366258],[-122.337777,38.366043],[-122.338045,38.366869],[-122.337383,38.367089],[-122.336852,38.367277],[-122.336755,38.366872]]]},"properties":{"ASMTWithDash":"036-230-025-000","FullSitusAddress1":"5282 WASHINGTON ST, NAPA CA  "}},{"type":"Feature","geometry":{"type":"Polygon","coordinates":[[[-122.324079,38.372475],[-122.32686,38.373478],[-122.328376,38.373023],[-122.331297,38.374053],[-122.330726,38.375055],[-122.333491,38.37603],[-122.331691,38.376619],[-122.327915,38.375287],[-122.327324,38.376319],[-122.322914,38.374759],[-122.323516,38.373546],[-122.324051,38.372526],[-122.324079,38.372475]],[[-122.327115,38.375084],[-122.327778,38.375303],[-122.328321,38.374311],[-122.328684,38.374236],[-122.328743,38.374136],[-122.328382,38.373944],[-122.327833,38.373767],[-122.327439,38.374535],[-122.327402,38.374524],[-122.327115,38.375084]]]},"properties":{"ASMTWithDash":"036-120-070-000","FullSitusAddress1":null}},{"type":"Feature","geometry":{"type":"Polygon","coordinates":[[[-122.33008,38.345754],[-122.330467,38.345627],[-122.330551,38.34579],[-122.330293,38.345874],[-122.330165,38.345916],[-122.33008,38.345754]]]},"properties":{"ASMTWithDash":"035-542-005-000","FullSitusAddress1":"218 ALCHEMY WAY, NAPA CA "}},{"type":"Feature","geometry":{"type":"Polygon","coordinates":[[[-122.347226,38.342398],[-122.347877,38.342265],[-122.348024,38.342788],[-122.347372,38.342921],[-122.347226,38.342398]]]},"properties":{"ASMTWithDash":"035-062-003-000","FullSitusAddress1":"1355 ORCHARD AVE, NAPA CA  "}},{"type":"Feature","geometry":{"type":"Polygon","coordinates":[[[-122.334506,38.343646],[-122.333925,38.34298],[-122.333784,38.342818],[-122.333713,38.342736],[-122.335142,38.342262],[-122.335346,38.342646],[-122.335363,38.342691],[-122.335387,38.342734],[-122.335418,38.342774],[-122.335456,38.342812],[-122.3355,38.342846],[-122.335549,38.342875],[-122.335603,38.342898],[-122.335661,38.342915],[-122.335721,38.342926],[-122.335782,38.342931],[-122.335843,38.342929],[-122.335918,38.34292],[-122.335942,38.34292],[-122.335966,38.342924],[-122.33599,38.342931],[-122.336011,38.34294],[-122.336072,38.342973],[-122.336031,38.34302],[-122.335697,38.343131],[-122.335751,38.343232],[-122.334506,38.343646]]]},"properties":{"ASMTWithDash":"035-042-052-000","FullSitusAddress1":"1155 ORCHARD AVE, NAPA CA "}},{"type":"Feature","geometry":{"type":"Polygon","coordinates":[[[-122.345237,38.349355],[-122.346729,38.348981],[-122.347042,38.350425],[-122.345967,38.350774],[-122.345237,38.349355]]]},"properties":{"ASMTWithDash":"035-490-007-000","FullSitusAddress1":"2247 W OAK KNOLL AVE, NAPA CA "}},{"type":"Feature","geometry":{"type":"Polygon","coordinates":[[[-122.345508,38.367632],[-122.346068,38.36745],[-122.346714,38.368661],[-122.346155,38.368846],[-122.345508,38.367632]]]},"properties":{"ASMTWithDash":"034-200-002-000","FullSitusAddress1":"1336 HILLVIEW LN, NAPA CA  "}},{"type":"Feature","geometry":{"type":"Polygon","coordinates":[[[-122.369811,38.360579],[-122.369439,38.360409],[-122.370487,38.359694],[-122.371417,38.360067],[-122.370932,38.360393],[-122.370409,38.360766],[-122.369811,38.360579]]]},"properties":{"ASMTWithDash":"034-270-041-000","FullSitusAddress1":"4513 DRY CREEK RD, NAPA CA "}},{"type":"Feature","geometry":{"type":"Polygon","coordinates":[[[-122.331885,38.343187],[-122.331851,38.343125],[-122.332148,38.343043],[-122.332154,38.343057],[-122.332233,38.343224],[-122.331931,38.343292],[-122.33191,38.343239],[-122.331885,38.343187]]]},"properties":{"ASMTWithDash":"035-552-006-000","FullSitusAddress1":"35 AUTUMN RUN WAY, NAPA CA "}},{"type":"Feature","geometry":{"type":"Polygon","coordinates":[[[-122.334971,38.340032],[-122.334919,38.340049],[-122.334979,38.340163],[-122.335031,38.340146],[-122.335589,38.341213],[-122.335271,38.341314],[-122.333699,38.341813],[-122.333287,38.34097],[-122.332918,38.34051],[-122.33178,38.339774],[-122.331285,38.340044],[-122.330596,38.339291],[-122.329418,38.337976],[-122.329272,38.337837],[-122.329046,38.337587],[-122.328896,38.337422],[-122.328746,38.337257],[-122.328596,38.337091],[-122.328446,38.336926],[-122.328296,38.336761],[-122.328146,38.336595],[-122.327996,38.33643],[-122.327853,38.336272],[-122.327756,38.336165],[-122.328012,38.336027],[-122.328239,38.335898],[-122.328465,38.335771],[-122.328703,38.335636],[-122.328921,38.335513],[-122.329536,38.335168],[-122.330069,38.334867],[-122.330269,38.334755],[-122.330467,38.334643],[-122.330652,38.334539],[-122.330848,38.334429],[-122.331212,38.334223],[-122.331729,38.334777],[-122.330639,38.335383],[-122.331187,38.335966],[-122.33228,38.335376],[-122.332841,38.336],[-122.333864,38.337122],[-122.334188,38.337483],[-122.334235,38.337466],[-122.334415,38.337844],[-122.334445,38.337916],[-122.334467,38.33799],[-122.334481,38.338064],[-122.334487,38.33814],[-122.334485,38.338215],[-122.334475,38.338291],[-122.334457,38.338365],[-122.334405,38.338509],[-122.334387,38.338582],[-122.334377,38.338655],[-122.334375,38.33873],[-122.33438,38.338804],[-122.334391,38.338868],[-122.334408,38.338932],[-122.334431,38.338994],[-122.33446,38.339055],[-122.334922,38.339938],[-122.334971,38.340032]]]},"properties":{"ASMTWithDash":"035-480-026-000","FullSitusAddress1":null}},{"type":"Feature","geometry":{"type":"Polygon","coordinates":[[[-122.321231,38.352502],[-122.320904,38.351877],[-122.325067,38.350503],[-122.327046,38.354447],[-122.323384,38.355554],[-122.323164,38.355674],[-122.322999,38.355783],[-122.321231,38.352502]]]},"properties":{"ASMTWithDash":"036-160-010-000","FullSitusAddress1":null}},{"type":"Feature","geometry":{"type":"Polygon","coordinates":[[[-122.3732,38.362456],[-122.37316,38.362381],[-122.373113,38.362327],[-122.372994,38.362211],[-122.37378,38.361861],[-122.374532,38.362239],[-122.373893,38.362223],[-122.373244,38.362555],[-122.3732,38.362456]]]},"properties":{"ASMTWithDash":"034-260-016-000","FullSitusAddress1":"4591 DRY CREEK RD, NAPA CA  "}},{"type":"Feature","geometry":{"type":"Polygon","coordinates":[[[-122.377447,38.361101],[-122.379348,38.359571],[-122.3834,38.360423],[-122.383774,38.360502],[-122.378299,38.361947],[-122.377447,38.361101]]]},"properties":{"ASMTWithDash":"034-260-017-000","FullSitusAddress1":"4613 DRY CREEK RD, NAPA CA  "}},{"type":"Feature","geometry":{"type":"Polygon","coordinates":[[[-122.328135,38.344425],[-122.328343,38.344355],[-122.32848,38.344607],[-122.328359,38.344648],[-122.328336,38.344654],[-122.328289,38.344661],[-122.328266,38.344667],[-122.328135,38.344425]]]},"properties":{"ASMTWithDash":"035-555-004-000","FullSitusAddress1":"11 MARSALA WAY, NAPA CA "}},{"type":"Feature","geometry":{"type":"Polygon","coordinates":[[[-122.324189,38.341577],[-122.324971,38.341324],[-122.325341,38.342005],[-122.325311,38.342014],[-122.325459,38.342297],[-122.324668,38.342552],[-122.324465,38.342132],[-122.324414,38.342031],[-122.324189,38.341577]]]},"properties":{"ASMTWithDash":"036-213-015-000","FullSitusAddress1":"4066 HOWARD LN, NAPA CA "}},{"type":"Feature","geometry":{"type":"Polygon","coordinates":[[[-122.339799,38.365491],[-122.339986,38.365429],[-122.339715,38.36492],[-122.34015,38.364776],[-122.340682,38.365774],[-122.34006,38.365979],[-122.339799,38.365491]]]},"properties":{"ASMTWithDash":"034-211-049-000","FullSitusAddress1":"1030 DARMS LN, NAPA CA  "}},{"type":"Feature","geometry":{"type":"Polygon","coordinates":[[[-122.359424,38.349796],[-122.359141,38.349673],[-122.359347,38.349313],[-122.359354,38.349224],[-122.359415,38.34915],[-122.359684,38.348999],[-122.359948,38.349173],[-122.361654,38.348751],[-122.361301,38.348977],[-122.361132,38.34925],[-122.36045,38.349456],[-122.360255,38.349609],[-122.359701,38.350012],[-122.359424,38.349796]]]},"properties":{"ASMTWithDash":"034-270-033-000","FullSitusAddress1":"4240 DRY CREEK RD, NAPA CA  "}},{"type":"Feature","geometry":{"type":"Polygon","coordinates":[[[-122.331567,38.34534],[-122.33159,38.345328],[-122.331611,38.345315],[-122.331628,38.345298],[-122.331642,38.34528],[-122.331652,38.345261],[-122.331657,38.345249],[-122.331788,38.345301],[-122.332133,38.345304],[-122.332221,38.345408],[-122.331868,38.345522],[-122.331687,38.34558],[-122.331567,38.34534]]]},"properties":{"ASMTWithDash":"035-531-005-000","FullSitusAddress1":"25 HERITAGE CT, NAPA CA  "}},{"type":"Feature","geometry":{"type":"Polygon","coordinates":[[[-122.332878,38.345526],[-122.332874,38.345514],[-122.332872,38.345503],[-122.332873,38.345491],[-122.332876,38.345479],[-122.332882,38.345468],[-122.33289,38.345458],[-122.3329,38.345449],[-122.332912,38.345442],[-122.332926,38.345436],[-122.333401,38.345282],[-122.333432,38.345268],[-122.333594,38.34558],[-122.333043,38.345758],[-122.333029,38.345755],[-122.333015,38.34575],[-122.333002,38.345744],[-122.332991,38.345736],[-122.332982,38.345726],[-122.332878,38.345526]]]},"properties":{"ASMTWithDash":"035-532-001-000","FullSitusAddress1":"10 FALLEN LEAF CT, NAPA CA  "}},{"type":"Feature","geometry":{"type":"Polygon","coordinates":[[[-122.334682,38.36812],[-122.334908,38.368093],[-122.335317,38.368043],[-122.335466,38.367768],[-122.335727,38.367681],[-122.335992,38.368165],[-122.334914,38.36852],[-122.334682,38.36812]]]},"properties":{"ASMTWithDash":"036-230-030-000","FullSitusAddress1":"5296 WASHINGTON ST, NAPA CA "}},{"type":"Feature","geometry":{"type":"Polygon","coordinates":[[[-122.340448,38.373846],[-122.341617,38.373456],[-122.341639,38.373452],[-122.341662,38.373453],[-122.341673,38.373457],[-122.341692,38.373467],[-122.3417,38.373474],[-122.34171,38.37349],[-122.341713,38.373499],[-122.342074,38.374265],[-122.341423,38.374479],[-122.340852,38.374667],[-122.340448,38.373846]]]},"properties":{"ASMTWithDash":"036-130-037-000","FullSitusAddress1":"5452 ST HELENA HWY, NAPA CA  "}},{"type":"Feature","geometry":{"type":"Polygon","coordinates":[[[-122.325141,38.366253],[-122.322961,38.367481],[-122.321754,38.365206],[-122.325079,38.363404],[-122.326855,38.366735],[-122.328336,38.365921],[-122.32853,38.36629],[-122.329202,38.36754],[-122.326721,38.368883],[-122.325141,38.366253]]]},"properties":{"ASMTWithDash":"036-140-071-000","FullSitusAddress1":null}},{"type":"Feature","geometry":{"type":"Polygon","coordinates":[[[-122.355037,38.34669],[-122.356611,38.345726],[-122.356119,38.345234],[-122.355676,38.344788],[-122.356335,38.344665],[-122.355754,38.344084],[-122.354977,38.343304],[-122.357138,38.342868],[-122.359294,38.344223],[-122.359864,38.343987],[-122.360116,38.344123],[-122.359768,38.344525],[-122.3588,38.345032],[-122.357694,38.345243],[-122.357571,38.345317],[-122.357718,38.345795],[-122.356499,38.346027],[-122.355102,38.346757],[-122.355037,38.34669]]]},"properties":{"ASMTWithDash":"035-390-015-000","FullSitusAddress1":"4133 DRY CREEK RD, NAPA CA "}},{"type":"Feature","geometry":{"type":"Polygon","coordinates":[[[-122.33654,38.367388],[-122.336852,38.367277],[-122.337383,38.367089],[-122.33762,38.367629],[-122.336803,38.367898],[-122.33654,38.367388]]]},"properties":{"ASMTWithDash":"036-230-027-000","FullSitusAddress1":"5290 ST HELENA HWY, NAPA CA  "}},{"type":"Feature","geometry":{"type":"Polygon","coordinates":[[[-122.330487,38.37808],[-122.331107,38.376859],[-122.333619,38.376031],[-122.333642,38.376072],[-122.333745,38.376039],[-122.333481,38.376314],[-122.331708,38.376941],[-122.332626,38.377266],[-122.331993,38.378376],[-122.330487,38.37808]]]},"properties":{"ASMTWithDash":"036-130-060-000","FullSitusAddress1":"5434 TRUBODY LN, NAPA CA "}},{"type":"Feature","geometry":{"type":"Polygon","coordinates":[[[-122.370581,38.362164],[-122.371072,38.361437],[-122.37147,38.361579],[-122.372385,38.361612],[-122.372282,38.36168],[-122.37161,38.362068],[-122.371731,38.362311],[-122.371248,38.362577],[-122.370581,38.362164]]]},"properties":{"ASMTWithDash":"034-180-013-000","FullSitusAddress1":"4516 DRY CREEK RD, NAPA CA  "}},{"type":"Feature","geometry":{"type":"Polygon","coordinates":[[[-122.343339,38.362026],[-122.343422,38.361491],[-122.343457,38.361431],[-122.343896,38.362221],[-122.34351,38.362348],[-122.343339,38.362026]]]},"properties":{"ASMTWithDash":"034-212-010-000","FullSitusAddress1":"1109 DARMS LN, NAPA CA  "}},{"type":"Feature","geometry":{"type":"Polygon","coordinates":[[[-122.355474,38.34999],[-122.355215,38.349923],[-122.354928,38.349821],[-122.354835,38.349739],[-122.354637,38.349657],[-122.354637,38.349656],[-122.354209,38.349472],[-122.353716,38.349198],[-122.35392,38.348982],[-122.354475,38.349291],[-122.354629,38.349344],[-122.356004,38.347892],[-122.357527,38.348908],[-122.358357,38.349331],[-122.35826,38.349473],[-122.358044,38.349513],[-122.357893,38.34959],[-122.357897,38.3498],[-122.35761,38.349972],[-122.357386,38.350043],[-122.357201,38.350293],[-122.356757,38.350179],[-122.356505,38.350067],[-122.356203,38.350035],[-122.356035,38.350027],[-122.355764,38.349979],[-122.355474,38.34999]]]},"properties":{"ASMTWithDash":"035-031-035-000","FullSitusAddress1":"4204 DRY CREEK RD, NAPA CA "}},{"type":"Feature","geometry":{"type":"Polygon","coordinates":[[[-122.34351,38.362348],[-122.343896,38.362221],[-122.344233,38.362854],[-122.343896,38.362966],[-122.344111,38.363371],[-122.344062,38.363387],[-122.34351,38.362348]]]},"properties":{"ASMTWithDash":"034-212-009-000","FullSitusAddress1":"1107 DARMS LN, NAPA CA  "}},{"type":"Feature","geometry":{"type":"Polygon","coordinates":[[[-122.340611,38.363985],[-122.340739,38.363799],[-122.341048,38.36438],[-122.340855,38.364444],[-122.340611,38.363985]]]},"properties":{"ASMTWithDash":"034-212-017-000","FullSitusAddress1":"1043 DARMS LN, NAPA CA  "}},{"type":"Feature","geometry":{"type":"Polygon","coordinates":[[[-122.363058,38.34951],[-122.369033,38.347611],[-122.369403,38.348339],[-122.366234,38.34941],[-122.365646,38.349584],[-122.365406,38.349363],[-122.364786,38.349333],[-122.364356,38.349501],[-122.364266,38.349686],[-122.364316,38.350001],[-122.364148,38.350334],[-122.364133,38.350722],[-122.363457,38.3508],[-122.363058,38.34951]]]},"properties":{"ASMTWithDash":"034-270-035-000","FullSitusAddress1":"4260 DRY CREEK RD, NAPA CA  "}},{"type":"Feature","geometry":{"type":"Polygon","coordinates":[[[-122.354287,38.343988],[-122.352639,38.344304],[-122.352444,38.344106],[-122.353422,38.343654],[-122.354295,38.343444],[-122.354977,38.343304],[-122.355754,38.344084],[-122.354438,38.344337],[-122.354287,38.343988]]]},"properties":{"ASMTWithDash":"035-020-010-000","FullSitusAddress1":"3535 DRY CREEK RD, NAPA CA "}},{"type":"Feature","geometry":{"type":"Polygon","coordinates":[[[-122.345344,38.366039],[-122.344001,38.363514],[-122.34445,38.363366],[-122.344999,38.364305],[-122.345411,38.364173],[-122.345698,38.364664],[-122.346036,38.364552],[-122.347345,38.364102],[-122.347918,38.365233],[-122.347861,38.365252],[-122.346449,38.365712],[-122.345361,38.366066],[-122.345344,38.366039]]]},"properties":{"ASMTWithDash":"034-211-055-000","FullSitusAddress1":"1225 DARMS LN, NAPA CA  "}},{"type":"Feature","geometry":{"type":"Polygon","coordinates":[[[-122.333219,38.34217],[-122.33336,38.342332],[-122.332773,38.34249],[-122.332663,38.342318],[-122.333219,38.34217]]]},"properties":{"ASMTWithDash":"035-570-016-000","FullSitusAddress1":"117 LUKE DR, NAPA CA "}},{"type":"Feature","geometry":{"type":"Polygon","coordinates":[[[-122.331687,38.344807],[-122.331551,38.344559],[-122.331804,38.344474],[-122.331818,38.344471],[-122.331829,38.34447],[-122.331852,38.344474],[-122.331871,38.344483],[-122.331886,38.344496],[-122.331918,38.344556],[-122.331943,38.344599],[-122.331983,38.344657],[-122.332027,38.344714],[-122.331746,38.344859],[-122.331687,38.344807]]]},"properties":{"ASMTWithDash":"035-531-015-000","FullSitusAddress1":"100 AUTUMN RUN WAY, NAPA CA "}},{"type":"Feature","geometry":{"type":"Polygon","coordinates":[[[-122.370405,38.372853],[-122.370542,38.371378],[-122.369814,38.370179],[-122.376568,38.369186],[-122.376634,38.369462],[-122.376992,38.369488],[-122.377234,38.36928],[-122.377529,38.369086],[-122.377777,38.368946],[-122.378122,38.368649],[-122.378457,38.368723],[-122.378632,38.368887],[-122.378825,38.369147],[-122.379014,38.369501],[-122.378409,38.370048],[-122.373441,38.373059],[-122.370405,38.372853]]]},"properties":{"ASMTWithDash":"034-170-021-000","FullSitusAddress1":"4880 DRY CREEK RD, NAPA CA  "}},{"type":"Feature","geometry":{"type":"Polygon","coordinates":[[[-122.328343,38.344355],[-122.328552,38.344285],[-122.328689,38.344537],[-122.32848,38.344607],[-122.328343,38.344355]]]},"properties":{"ASMTWithDash":"035-555-003-000","FullSitusAddress1":"15 MARSALA WAY, NAPA CA "}},{"type":"Feature","geometry":{"type":"Polygon","coordinates":[[[-122.328609,38.346436],[-122.32896,38.346323],[-122.329035,38.346462],[-122.329049,38.346495],[-122.329059,38.346529],[-122.328714,38.346639],[-122.328609,38.346436]]]},"properties":{"ASMTWithDash":"035-541-015-000","FullSitusAddress1":"216 VERONA WAY, NAPA CA "}},{"type":"Feature","geometry":{"type":"Polygon","coordinates":[[[-122.333451,38.36755],[-122.333909,38.367378],[-122.334359,38.368122],[-122.333905,38.368298],[-122.333451,38.36755]]]},"properties":{"ASMTWithDash":"036-230-035-000","FullSitusAddress1":"1124 VINEYARD LN, NAPA CA  "}},{"type":"Feature","geometry":{"type":"Polygon","coordinates":[[[-122.339673,38.36481],[-122.340003,38.364541],[-122.340456,38.364211],[-122.340611,38.363985],[-122.340855,38.364444],[-122.339683,38.36483],[-122.339673,38.36481]]]},"properties":{"ASMTWithDash":"034-212-018-000","FullSitusAddress1":"1039 DARMS LN, NAPA CA  "}},{"type":"Feature","geometry":{"type":"Polygon","coordinates":[[[-122.32014,38.358332],[-122.322644,38.356966],[-122.322525,38.35683],[-122.322333,38.356742],[-122.322583,38.356404],[-122.323094,38.355949],[-122.323138,38.355907],[-122.323275,38.355827],[-122.323658,38.355662],[-122.326258,38.354828],[-122.327816,38.357715],[-122.324494,38.358799],[-122.323859,38.357587],[-122.322198,38.358492],[-122.322411,38.358879],[-122.322581,38.359114],[-122.322671,38.359214],[-122.321464,38.359889],[-122.32014,38.358332]]]},"properties":{"ASMTWithDash":"036-140-070-000","FullSitusAddress1":"1170 OAK KNOLL AVE, NAPA CA "}},{"type":"Feature","geometry":{"type":"Polygon","coordinates":[[[-122.333023,38.343222],[-122.333036,38.343239],[-122.333053,38.343255],[-122.333072,38.343268],[-122.333093,38.34328],[-122.333006,38.343414],[-122.332781,38.343489],[-122.332479,38.343589],[-122.332451,38.343536],[-122.332384,38.343412],[-122.332977,38.34315],[-122.333023,38.343222]]]},"properties":{"ASMTWithDash":"035-570-006-000","FullSitusAddress1":"142 LUKE DR, NAPA CA "}},{"type":"Feature","geometry":{"type":"Polygon","coordinates":[[[-122.342932,38.366009],[-122.343491,38.365825],[-122.343661,38.366144],[-122.343311,38.366261],[-122.343102,38.366329],[-122.342932,38.366009]]]},"properties":{"ASMTWithDash":"034-211-037-000","FullSitusAddress1":"1305 CARRELL LN, NAPA CA  "}},{"type":"Feature","geometry":{"type":"Polygon","coordinates":[[[-122.319927,38.362751],[-122.31991,38.362722],[-122.31959,38.362109],[-122.319435,38.361945],[-122.319203,38.361646],[-122.319859,38.36129],[-122.320149,38.361811],[-122.320726,38.361503],[-122.321337,38.361176],[-122.323548,38.359996],[-122.325277,38.363295],[-122.325079,38.363404],[-122.321754,38.365206],[-122.321339,38.365437],[-122.319927,38.362751]]]},"properties":{"ASMTWithDash":"036-150-067-000","FullSitusAddress1":"1216 OAK KNOLL AVE, NAPA CA "}},{"type":"Feature","geometry":{"type":"Polygon","coordinates":[[[-122.328503,38.346233],[-122.328854,38.34612],[-122.32896,38.346323],[-122.328609,38.346436],[-122.328503,38.346233]]]},"properties":{"ASMTWithDash":"035-541-016-000","FullSitusAddress1":"212 VERONA WAY, NAPA CA "}},{"type":"Feature","geometry":{"type":"Polygon","coordinates":[[[-122.331914,38.342487],[-122.332404,38.342316],[-122.332421,38.34232],[-122.332436,38.342327],[-122.332449,38.342336],[-122.332461,38.342346],[-122.33247,38.342358],[-122.332536,38.342462],[-122.331998,38.342721],[-122.331986,38.342695],[-122.331891,38.342492],[-122.331914,38.342487]]]},"properties":{"ASMTWithDash":"035-570-001-000","FullSitusAddress1":"102 LUKE DR, NAPA CA "}},{"type":"Feature","geometry":{"type":"Polygon","coordinates":[[[-122.344253,38.362037],[-122.344641,38.361912],[-122.344655,38.361941],[-122.34522,38.363005],[-122.344834,38.363132],[-122.344253,38.362037]]]},"properties":{"ASMTWithDash":"034-212-005-000","FullSitusAddress1":"1125 DARMS LN, NAPA CA  "}},{"type":"Feature","geometry":{"type":"Polygon","coordinates":[[[-122.328417,38.344871],[-122.328412,38.344859],[-122.32841,38.344848],[-122.32841,38.344836],[-122.328413,38.344824],[-122.328419,38.344813],[-122.328427,38.344803],[-122.328437,38.344794],[-122.328448,38.344787],[-122.328461,38.344781],[-122.328627,38.344725],[-122.328764,38.344977],[-122.328519,38.345059],[-122.328417,38.344871]]]},"properties":{"ASMTWithDash":"035-554-011-000","FullSitusAddress1":"75 VERONA WAY, NAPA CA "}},{"type":"Feature","geometry":{"type":"Polygon","coordinates":[[[-122.33492,38.366833],[-122.334498,38.366101],[-122.337359,38.365094],[-122.337409,38.365195],[-122.336701,38.365439],[-122.336413,38.365532],[-122.336256,38.366065],[-122.336006,38.366789],[-122.335764,38.36722],[-122.335466,38.367768],[-122.33492,38.366833]]]},"properties":{"ASMTWithDash":"036-230-028-000","FullSitusAddress1":"1150 VINEYARD LN, NAPA CA  "}},{"type":"Feature","geometry":{"type":"Polygon","coordinates":[[[-122.328972,38.344907],[-122.329181,38.344837],[-122.329318,38.345089],[-122.329109,38.345159],[-122.328972,38.344907]]]},"properties":{"ASMTWithDash":"035-554-008-000","FullSitusAddress1":"19 HAVEN WAY, NAPA CA "}},{"type":"Feature","geometry":{"type":"Polygon","coordinates":[[[-122.338438,38.370819],[-122.338137,38.370248],[-122.339313,38.369866],[-122.339538,38.370279],[-122.339947,38.370149],[-122.340023,38.3703],[-122.338438,38.370819]]]},"properties":{"ASMTWithDash":"036-130-029-000","FullSitusAddress1":"5360 WASHINGTON ST, NAPA CA  "}},{"type":"Feature","geometry":{"type":"Polygon","coordinates":[[[-122.337162,38.33921],[-122.336552,38.338098],[-122.335899,38.336908],[-122.336127,38.336852],[-122.337774,38.336276],[-122.340621,38.335217],[-122.341653,38.337131],[-122.342599,38.338905],[-122.339799,38.339853],[-122.337857,38.340476],[-122.337162,38.33921]]]},"properties":{"ASMTWithDash":"035-480-001-000","FullSitusAddress1":"4800 LINDA VISTA AVE, NAPA CA  "}},{"type":"Feature","geometry":{"type":"Polygon","coordinates":[[[-122.331851,38.343125],[-122.331763,38.34296],[-122.332069,38.342875],[-122.332148,38.343043],[-122.331851,38.343125]]]},"properties":{"ASMTWithDash":"035-552-007-000","FullSitusAddress1":"25 AUTUMN RUN WAY, NAPA CA "}},{"type":"Feature","geometry":{"type":"Polygon","coordinates":[[[-122.345021,38.343508],[-122.345696,38.34337],[-122.345929,38.344074],[-122.345254,38.344212],[-122.345021,38.343508]]]},"properties":{"ASMTWithDash":"035-031-017-000","FullSitusAddress1":"1330 ORCHARD AVE, NAPA CA  "}},{"type":"Feature","geometry":{"type":"Polygon","coordinates":[[[-122.332133,38.345304],[-122.331987,38.345131],[-122.332261,38.344964],[-122.332451,38.345159],[-122.332464,38.345173],[-122.332489,38.345206],[-122.332521,38.345254],[-122.332547,38.345303],[-122.332221,38.345408],[-122.332133,38.345304]]]},"properties":{"ASMTWithDash":"035-531-011-000","FullSitusAddress1":"108 AUTUMN RUN WAY, NAPA CA  "}},{"type":"Feature","geometry":{"type":"Polygon","coordinates":[[[-122.362243,38.349067],[-122.361654,38.348751],[-122.362499,38.348548],[-122.362878,38.348457],[-122.36489,38.348002],[-122.366984,38.347541],[-122.368774,38.347101],[-122.369033,38.347611],[-122.363058,38.34951],[-122.362498,38.349626],[-122.362243,38.349067]]]},"properties":{"ASMTWithDash":"034-270-026-000","FullSitusAddress1":"4261 DRY CREEK RD, NAPA CA  "}},{"type":"Feature","geometry":{"type":"Polygon","coordinates":[[[-122.362296,38.378738],[-122.367242,38.376596],[-122.371112,38.377483],[-122.370565,38.379242],[-122.369181,38.379887],[-122.365056,38.379166],[-122.362865,38.379818],[-122.362296,38.378738]]]},"properties":{"ASMTWithDash":"034-150-039-000","FullSitusAddress1":null}},{"type":"Feature","geometry":{"type":"Polygon","coordinates":[[[-122.335801,38.357326],[-122.336383,38.357139],[-122.33654,38.357436],[-122.335942,38.357628],[-122.335801,38.357326]]]},"properties":{"ASMTWithDash":"034-190-008-000","FullSitusAddress1":"5133 SOLANO AVE, NAPA CA "}},{"type":"Feature","geometry":{"type":"Polygon","coordinates":[[[-122.340354,38.367181],[-122.340588,38.367621],[-122.340588,38.367621],[-122.340176,38.367755],[-122.339943,38.367316],[-122.340084,38.367269],[-122.340354,38.367181]]]},"properties":{"ASMTWithDash":"034-211-019-000","FullSitusAddress1":"1214 CARRELL LN, NAPA CA  "}},{"type":"Feature","geometry":{"type":"Polygon","coordinates":[[[-122.335764,38.36722],[-122.336755,38.366872],[-122.336852,38.367277],[-122.33654,38.367388],[-122.335727,38.367681],[-122.335466,38.367768],[-122.335764,38.36722]]]},"properties":{"ASMTWithDash":"036-230-003-000","FullSitusAddress1":"5280 ST HELENA HWY, NAPA CA  "}},{"type":"Feature","geometry":{"type":"Polygon","coordinates":[[[-122.340177,38.343599],[-122.341207,38.343259],[-122.341664,38.343121],[-122.341873,38.343528],[-122.341476,38.343659],[-122.343099,38.34672],[-122.342061,38.34707],[-122.340177,38.343599]]]},"properties":{"ASMTWithDash":"035-041-023-000","FullSitusAddress1":"1238 ORCHARD AVE, NAPA CA  "}},{"type":"Feature","geometry":{"type":"Polygon","coordinates":[[[-122.331257,38.345869],[-122.331193,38.345747],[-122.331687,38.34558],[-122.331868,38.345522],[-122.332142,38.346048],[-122.331469,38.346278],[-122.331257,38.345869]]]},"properties":{"ASMTWithDash":"035-042-021-000","FullSitusAddress1":"1061 ORCHARD AVE, NAPA CA  "}},{"type":"Feature","geometry":{"type":"Polygon","coordinates":[[[-122.342798,38.365756],[-122.343357,38.365572],[-122.343491,38.365825],[-122.342932,38.366009],[-122.342798,38.365756]]]},"properties":{"ASMTWithDash":"034-211-038-000","FullSitusAddress1":"1015 ELMO CT, NAPA CA  "}},{"type":"Feature","geometry":{"type":"Polygon","coordinates":[[[-122.332505,38.342149],[-122.332327,38.341831],[-122.332757,38.341693],[-122.333079,38.34201],[-122.332538,38.342183],[-122.332521,38.342177],[-122.332503,38.342173],[-122.33248,38.34217],[-122.332458,38.34217],[-122.332435,38.342173],[-122.332414,38.342179],[-122.332505,38.342149]]]},"properties":{"ASMTWithDash":"035-570-018-000","FullSitusAddress1":"99 LUKE DR, NAPA CA "}},{"type":"Feature","geometry":{"type":"Polygon","coordinates":[[[-122.363457,38.3508],[-122.364133,38.350722],[-122.364148,38.350334],[-122.364316,38.350001],[-122.364266,38.349686],[-122.364356,38.349501],[-122.364786,38.349333],[-122.365406,38.349363],[-122.365646,38.349584],[-122.366234,38.34941],[-122.366484,38.349913],[-122.366652,38.350064],[-122.366976,38.350182],[-122.367303,38.350125],[-122.367539,38.35047],[-122.364523,38.35141],[-122.364571,38.351579],[-122.363655,38.351882],[-122.363457,38.3508]]]},"properties":{"ASMTWithDash":"034-270-038-000","FullSitusAddress1":"4265 DRY CREEK RD, NAPA CA  "}},{"type":"Feature","geometry":{"type":"Polygon","coordinates":[[[-122.330648,38.342933],[-122.330644,38.342921],[-122.330642,38.342909],[-122.330642,38.342896],[-122.330645,38.342884],[-122.330651,38.342873],[-122.330659,38.342863],[-122.33067,38.342853],[-122.330682,38.342845],[-122.330695,38.342839],[-122.330983,38.342747],[-122.331061,38.342893],[-122.330719,38.343006],[-122.330692,38.342984],[-122.330668,38.342959],[-122.330648,38.342933]]]},"properties":{"ASMTWithDash":"035-501-001-000","FullSitusAddress1":"4 WHITE FIR CT, NAPA CA  "}},{"type":"Feature","geometry":{"type":"Polygon","coordinates":[[[-122.342084,38.363218],[-122.342606,38.363045],[-122.342977,38.363744],[-122.342456,38.363916],[-122.342084,38.363218]]]},"properties":{"ASMTWithDash":"034-212-022-000","FullSitusAddress1":"1073 DARMS LN, NAPA CA  "}},{"type":"Feature","geometry":{"type":"Polygon","coordinates":[[[-122.37483,38.363952],[-122.374757,38.363896],[-122.374628,38.363753],[-122.374577,38.363684],[-122.374542,38.363602],[-122.374522,38.363521],[-122.374515,38.363404],[-122.374591,38.36314],[-122.374632,38.363028],[-122.374636,38.362978],[-122.374598,38.362942],[-122.374537,38.362882],[-122.375465,38.362663],[-122.375486,38.362953],[-122.375488,38.363209],[-122.375436,38.363315],[-122.375167,38.363792],[-122.375088,38.363906],[-122.37504,38.363943],[-122.374969,38.363961],[-122.374897,38.363969],[-122.37483,38.363952]]]},"properties":{"ASMTWithDash":"034-260-008-000","FullSitusAddress1":"4607 DRY CREEK RD, NAPA CA  "}},{"type":"Feature","geometry":{"type":"Polygon","coordinates":[[[-122.346628,38.367268],[-122.347183,38.367087],[-122.347831,38.36829],[-122.347583,38.368372],[-122.347272,38.368476],[-122.346628,38.367268]]]},"properties":{"ASMTWithDash":"034-200-004-000","FullSitusAddress1":"1368 HILLVIEW LN, NAPA CA  "}},{"type":"Feature","geometry":{"type":"Polygon","coordinates":[[[-122.334377,38.367202],[-122.334295,38.367065],[-122.33492,38.366833],[-122.335466,38.367768],[-122.335317,38.368043],[-122.334908,38.368093],[-122.334377,38.367202]]]},"properties":{"ASMTWithDash":"036-230-033-000","FullSitusAddress1":"1136 VINEYARD LN, NAPA CA  "}},{"type":"Feature","geometry":{"type":"Polygon","coordinates":[[[-122.333334,38.366419],[-122.333809,38.366239],[-122.333861,38.366324],[-122.334295,38.367065],[-122.334377,38.367202],[-122.333909,38.367378],[-122.333334,38.366419]]]},"properties":{"ASMTWithDash":"036-230-037-000","FullSitusAddress1":null}},{"type":"Feature","geometry":{"type":"Polygon","coordinates":[[[-122.335738,38.35795],[-122.335467,38.357434],[-122.335801,38.357326],[-122.335942,38.357628],[-122.33654,38.357436],[-122.33669,38.357722],[-122.335773,38.358017],[-122.335738,38.35795]]]},"properties":{"ASMTWithDash":"034-190-023-000","FullSitusAddress1":"5127 SOLANO AVE, NAPA CA  "}},{"type":"Feature","geometry":{"type":"Polygon","coordinates":[[[-122.331786,38.347223],[-122.331431,38.346958],[-122.331161,38.346541],[-122.331704,38.346362],[-122.332198,38.347231],[-122.331786,38.347223]]]},"properties":{"ASMTWithDash":"035-041-002-000","FullSitusAddress1":"1054 ORCHARD AVE, NAPA CA  "}},{"type":"Feature","geometry":{"type":"Polygon","coordinates":[[[-122.326258,38.354828],[-122.331024,38.353281],[-122.331048,38.353269],[-122.331074,38.353261],[-122.331102,38.353256],[-122.33113,38.353255],[-122.331158,38.353257],[-122.331185,38.353263],[-122.331211,38.353272],[-122.331234,38.353284],[-122.331255,38.353299],[-122.331272,38.353317],[-122.331286,38.353336],[-122.332745,38.356108],[-122.327816,38.357715],[-122.326258,38.354828]]]},"properties":{"ASMTWithDash":"036-140-068-000","FullSitusAddress1":null}},{"type":"Feature","geometry":{"type":"Polygon","coordinates":[[[-122.327404,38.344216],[-122.327338,38.344078],[-122.327275,38.343928],[-122.327273,38.343917],[-122.327273,38.343905],[-122.327276,38.343894],[-122.327281,38.343883],[-122.327288,38.343874],[-122.327297,38.343866],[-122.327307,38.343859],[-122.327318,38.343853],[-122.328195,38.343572],[-122.328281,38.343737],[-122.328361,38.34389],[-122.32844,38.344041],[-122.328565,38.34428],[-122.328552,38.344285],[-122.328343,38.344355],[-122.328135,38.344425],[-122.327646,38.344589],[-122.327404,38.344216]]]},"properties":{"ASMTWithDash":"035-502-005-000","FullSitusAddress1":"10 LUKE DR, NAPA CA  "}},{"type":"Feature","geometry":{"type":"Polygon","coordinates":[[[-122.344698,38.377991],[-122.343829,38.376526],[-122.34405,38.37639],[-122.344865,38.37782],[-122.345159,38.378371],[-122.345023,38.378572],[-122.344698,38.377991]]]},"properties":{"ASMTWithDash":"034-170-013-000","FullSitusAddress1":null}},{"type":"Feature","geometry":{"type":"Polygon","coordinates":[[[-122.330074,38.345946],[-122.330165,38.345916],[-122.330293,38.345874],[-122.330426,38.346128],[-122.330206,38.3462],[-122.330074,38.345946]]]},"properties":{"ASMTWithDash":"035-542-007-000","FullSitusAddress1":"239 MERANO WAY, NAPA CA "}},{"type":"Feature","geometry":{"type":"Polygon","coordinates":[[[-122.382948,38.370913],[-122.382049,38.370445],[-122.382216,38.370189],[-122.381774,38.369563],[-122.381399,38.369572],[-122.381242,38.369413],[-122.380795,38.369783],[-122.381368,38.370214],[-122.381455,38.370094],[-122.382049,38.370445],[-122.381687,38.37064],[-122.381281,38.370497],[-122.380891,38.370406],[-122.380757,38.370262],[-122.37984,38.370523],[-122.379615,38.370106],[-122.379351,38.369654],[-122.379122,38.369229],[-122.378893,38.368831],[-122.378685,38.368648],[-122.37983,38.366364],[-122.380059,38.366308],[-122.386423,38.365134],[-122.385001,38.369345],[-122.38421,38.371689],[-122.382948,38.370913]]]},"properties":{"ASMTWithDash":"034-260-005-000","FullSitusAddress1":"4891 DRY CREEK RD, NAPA CA  "}},{"type":"Feature","geometry":{"type":"Polygon","coordinates":[[[-122.336632,38.348728],[-122.336464,38.348429],[-122.335928,38.348604],[-122.334131,38.345559],[-122.335108,38.345233],[-122.337047,38.348587],[-122.337124,38.34873],[-122.336714,38.348879],[-122.336632,38.348728]]]},"properties":{"ASMTWithDash":"035-041-006-000","FullSitusAddress1":"1092 ORCHARD AVE, NAPA CA  "}},{"type":"Feature","geometry":{"type":"Polygon","coordinates":[[[-122.330467,38.342385],[-122.331654,38.342003],[-122.331675,38.342043],[-122.331678,38.342048],[-122.331452,38.342123],[-122.331224,38.342197],[-122.330997,38.342272],[-122.330768,38.342347],[-122.330901,38.342595],[-122.330831,38.342617],[-122.330636,38.342681],[-122.330467,38.342385]]]},"properties":{"ASMTWithDash":"035-503-001-000","FullSitusAddress1":"71 LUKE DR, NAPA CA  "}},{"type":"Feature","geometry":{"type":"Polygon","coordinates":[[[-122.373228,38.359637],[-122.372524,38.35966],[-122.372302,38.359718],[-122.372091,38.359614],[-122.37382,38.358408],[-122.376997,38.359076],[-122.374578,38.360681],[-122.373228,38.359637]]]},"properties":{"ASMTWithDash":"034-270-004-000","FullSitusAddress1":"4523 DRY CREEK RD, NAPA CA "}},{"type":"Feature","geometry":{"type":"Polygon","coordinates":[[[-122.335727,38.367681],[-122.33654,38.367388],[-122.336803,38.367898],[-122.335992,38.368165],[-122.335727,38.367681]]]},"properties":{"ASMTWithDash":"036-230-029-000","FullSitusAddress1":"5294 WASHINGTON ST, NAPA CA "}},{"type":"Feature","geometry":{"type":"Polygon","coordinates":[[[-122.326825,38.362696],[-122.326493,38.362611],[-122.325409,38.360543],[-122.329552,38.359214],[-122.3317,38.363356],[-122.32773,38.364774],[-122.326732,38.36289],[-122.326825,38.362696]]]},"properties":{"ASMTWithDash":"036-140-078-000","FullSitusAddress1":null}},{"type":"Feature","geometry":{"type":"Polygon","coordinates":[[[-122.342664,38.365503],[-122.343222,38.36532],[-122.343357,38.365572],[-122.342798,38.365756],[-122.342664,38.365503]]]},"properties":{"ASMTWithDash":"034-211-039-000","FullSitusAddress1":"1025 ELMO CT, NAPA CA  "}},{"type":"Feature","geometry":{"type":"Polygon","coordinates":[[[-122.341951,38.364166],[-122.342511,38.363981],[-122.342859,38.364636],[-122.342297,38.364817],[-122.341951,38.364166]]]},"properties":{"ASMTWithDash":"034-211-011-000","FullSitusAddress1":"1072 DARMS LN, NAPA CA  "}},{"type":"Feature","geometry":{"type":"Polygon","coordinates":[[[-122.34051,38.366634],[-122.340873,38.366514],[-122.341101,38.366934],[-122.340765,38.367044],[-122.340734,38.367055],[-122.34051,38.366634]]]},"properties":{"ASMTWithDash":"034-211-023-000","FullSitusAddress1":"1233 CARRELL LN, NAPA CA  "}},{"type":"Feature","geometry":{"type":"Polygon","coordinates":[[[-122.347281,38.340644],[-122.347256,38.340649],[-122.346922,38.340544],[-122.346582,38.339916],[-122.347586,38.339585],[-122.348326,38.340973],[-122.348278,38.341008],[-122.348088,38.340916],[-122.347967,38.340907],[-122.347778,38.340873],[-122.347647,38.340757],[-122.347547,38.340837],[-122.347463,38.340781],[-122.34745,38.340704],[-122.347386,38.340626],[-122.347281,38.340644]]]},"properties":{"ASMTWithDash":"035-470-024-000","FullSitusAddress1":"3168 DRY CREEK RD, NAPA CA  "}},{"type":"Feature","geometry":{"type":"Polygon","coordinates":[[[-122.323998,38.342768],[-122.324104,38.342734],[-122.324378,38.342646],[-122.324668,38.342552],[-122.325459,38.342297],[-122.325691,38.34274],[-122.324233,38.34322],[-122.323998,38.342768]]]},"properties":{"ASMTWithDash":"036-180-032-000","FullSitusAddress1":"4076 HOWARD LN, NAPA CA  "}},{"type":"Feature","geometry":{"type":"Polygon","coordinates":[[[-122.327565,38.343317],[-122.327758,38.343255],[-122.327876,38.343493],[-122.327682,38.343556],[-122.327565,38.343317]]]},"properties":{"ASMTWithDash":"035-503-016-000","FullSitusAddress1":"9 LUKE DR, NAPA CA  "}},{"type":"Feature","geometry":{"type":"Polygon","coordinates":[[[-122.336072,38.342767],[-122.336984,38.344497],[-122.33692,38.344519],[-122.336168,38.343093],[-122.336104,38.343114],[-122.335751,38.343232],[-122.335697,38.343131],[-122.336031,38.34302],[-122.336072,38.342973],[-122.336011,38.34294],[-122.33599,38.342931],[-122.335966,38.342924],[-122.335942,38.34292],[-122.335918,38.34292],[-122.335843,38.342929],[-122.335782,38.342931],[-122.335721,38.342926],[-122.335661,38.342915],[-122.335603,38.342898],[-122.335549,38.342875],[-122.3355,38.342846],[-122.335456,38.342812],[-122.335418,38.342774],[-122.335387,38.342734],[-122.335363,38.342691],[-122.335346,38.342646],[-122.335142,38.342262],[-122.335676,38.342086],[-122.336351,38.341861],[-122.336714,38.342552],[-122.336503,38.342623],[-122.336072,38.342767]]]},"properties":{"ASMTWithDash":"035-042-051-000","FullSitusAddress1":"1157 ORCHARD AVE, NAPA CA "}},{"type":"Feature","geometry":{"type":"Polygon","coordinates":[[[-122.329965,38.349148],[-122.329496,38.34826],[-122.32934,38.347953],[-122.329196,38.347633],[-122.329049,38.347314],[-122.329045,38.347305],[-122.329042,38.347287],[-122.329047,38.347268],[-122.329059,38.34725],[-122.329067,38.347243],[-122.329088,38.347231],[-122.331161,38.346541],[-122.331431,38.346958],[-122.331786,38.347223],[-122.332198,38.347231],[-122.332578,38.347288],[-122.332804,38.347399],[-122.332955,38.347566],[-122.333144,38.34779],[-122.333383,38.347946],[-122.333595,38.348017],[-122.333814,38.348342],[-122.333986,38.348725],[-122.334456,38.349169],[-122.334742,38.349366],[-122.334931,38.349501],[-122.330828,38.350796],[-122.329965,38.349148]]]},"properties":{"ASMTWithDash":"035-041-029-000","FullSitusAddress1":"1040 ORCHARD AVE, NAPA CA  "}},{"type":"Feature","geometry":{"type":"Polygon","coordinates":[[[-122.347217,38.350994],[-122.347042,38.350425],[-122.346729,38.348981],[-122.346567,38.348211],[-122.346774,38.348171],[-122.346896,38.348638],[-122.349516,38.348126],[-122.349631,38.348868],[-122.349544,38.349101],[-122.34909,38.349149],[-122.348553,38.350222],[-122.347253,38.351134],[-122.347217,38.350994]]]},"properties":{"ASMTWithDash":"035-490-002-000","FullSitusAddress1":"4110 DRY CREEK RD, NAPA CA  "}},{"type":"Feature","geometry":{"type":"Polygon","coordinates":[[[-122.329669,38.344375],[-122.329894,38.344299],[-122.32999,38.344476],[-122.330031,38.344551],[-122.329806,38.344627],[-122.329669,38.344375]]]},"properties":{"ASMTWithDash":"035-554-017-000","FullSitusAddress1":"36 MARSALA WAY, NAPA CA "}},{"type":"Feature","geometry":{"type":"Polygon","coordinates":[[[-122.344287,38.352842],[-122.343681,38.351706],[-122.346057,38.35092],[-122.345967,38.350774],[-122.347042,38.350425],[-122.347217,38.350994],[-122.346598,38.351598],[-122.346729,38.351923],[-122.346659,38.352105],[-122.345291,38.352558],[-122.34431,38.352882],[-122.344287,38.352842]]]},"properties":{"ASMTWithDash":"035-490-013-000","FullSitusAddress1":null}},{"type":"Feature","geometry":{"type":"Polygon","coordinates":[[[-122.375526,38.362088],[-122.375757,38.361306],[-122.375419,38.360948],[-122.376585,38.360507],[-122.378127,38.359314],[-122.379348,38.359571],[-122.377447,38.361101],[-122.378299,38.361947],[-122.377318,38.362211],[-122.375554,38.362642],[-122.375526,38.362088]]]},"properties":{"ASMTWithDash":"034-260-018-000","FullSitusAddress1":null}},{"type":"Feature","geometry":{"type":"Polygon","coordinates":[[[-122.341539,38.362983],[-122.341793,38.362814],[-122.341851,38.36279],[-122.342084,38.363218],[-122.342456,38.363916],[-122.342102,38.364033],[-122.341539,38.362983]]]},"properties":{"ASMTWithDash":"034-212-013-000","FullSitusAddress1":"1067 DARMS LN, NAPA CA  "}},{"type":"Feature","geometry":{"type":"Polygon","coordinates":[[[-122.331293,38.343936],[-122.331716,38.343929],[-122.331716,38.343987],[-122.331721,38.344045],[-122.33173,38.344103],[-122.331271,38.344173],[-122.331293,38.343936]]]},"properties":{"ASMTWithDash":"035-553-008-000","FullSitusAddress1":"80 AUTUMN RUN WAY, NAPA CA "}},{"type":"Feature","geometry":{"type":"Polygon","coordinates":[[[-122.335645,38.35703],[-122.33684,38.356646],[-122.336995,38.356942],[-122.336383,38.357139],[-122.335801,38.357326],[-122.335645,38.35703]]]},"properties":{"ASMTWithDash":"034-190-017-000","FullSitusAddress1":"5137 SOLANO AVE, NAPA CA "}},{"type":"Feature","geometry":{"type":"Polygon","coordinates":[[[-122.332023,38.343637],[-122.332011,38.343631],[-122.331999,38.343624],[-122.331989,38.343616],[-122.331981,38.343606],[-122.331976,38.343595],[-122.331973,38.343584],[-122.331971,38.343487],[-122.332356,38.343359],[-122.332384,38.343412],[-122.332451,38.343536],[-122.332093,38.343655],[-122.332066,38.343646],[-122.332023,38.343637]]]},"properties":{"ASMTWithDash":"035-552-004-000","FullSitusAddress1":"55 AUTUMN RUN WAY, NAPA CA "}},{"type":"Feature","geometry":{"type":"Polygon","coordinates":[[[-122.356996,38.377451],[-122.357077,38.37741],[-122.357115,38.377413],[-122.35762,38.378124],[-122.355592,38.379047],[-122.355121,38.378346],[-122.355329,38.378252],[-122.355647,38.377972],[-122.355774,38.377817],[-122.355935,38.377715],[-122.356076,38.377694],[-122.356307,38.377638],[-122.356553,38.377587],[-122.356654,38.377574],[-122.356861,38.377505],[-122.356996,38.377451]]]},"properties":{"ASMTWithDash":"034-170-037-000","FullSitusAddress1":"6069 SOLANO AVE, NAPA CA "}},{"type":"Feature","geometry":{"type":"Polygon","coordinates":[[[-122.368455,38.36133],[-122.36821,38.36121],[-122.367907,38.361038],[-122.367661,38.360845],[-122.367501,38.360671],[-122.367341,38.360487],[-122.367192,38.360262],[-122.366771,38.359612],[-122.36641,38.359135],[-122.366221,38.358962],[-122.365829,38.358537],[-122.365612,38.358345],[-122.365533,38.358235],[-122.365298,38.357859],[-122.365041,38.357416],[-122.364981,38.35734],[-122.364874,38.357215],[-122.364727,38.357002],[-122.364618,38.356803],[-122.364532,38.356566],[-122.364484,38.356337],[-122.364457,38.356137],[-122.364397,38.355992],[-122.364633,38.355868],[-122.366093,38.357089],[-122.366467,38.357441],[-122.366548,38.357549],[-122.366618,38.357697],[-122.366683,38.357814],[-122.366728,38.357893],[-122.36682,38.35798],[-122.367099,38.358126],[-122.367146,38.358175],[-122.367192,38.358272],[-122.367194,38.358524],[-122.367202,38.358885],[-122.367237,38.358953],[-122.367297,38.35903],[-122.367464,38.359147],[-122.36767,38.359245],[-122.367793,38.359314],[-122.367854,38.35939],[-122.3679,38.35955],[-122.367918,38.359823],[-122.367944,38.359954],[-122.368007,38.360025],[-122.368106,38.360093],[-122.368366,38.360184],[-122.36943,38.360569],[-122.369425,38.360575],[-122.368781,38.361461],[-122.368455,38.36133]]]},"properties":{"ASMTWithDash":"034-180-007-000","FullSitusAddress1":null}},{"type":"Feature","geometry":{"type":"Polygon","coordinates":[[[-122.331569,38.345097],[-122.331519,38.345079],[-122.331472,38.345056],[-122.33143,38.345028],[-122.331394,38.344995],[-122.331364,38.344958],[-122.331343,38.344916],[-122.331687,38.344807],[-122.331746,38.344859],[-122.331874,38.344966],[-122.331628,38.345138],[-122.331611,38.345122],[-122.331591,38.345108],[-122.331569,38.345097]]]},"properties":{"ASMTWithDash":"035-531-013-000","FullSitusAddress1":"17 HERITAGE CT, NAPA CA "}},{"type":"Feature","geometry":{"type":"Polygon","coordinates":[[[-122.332536,38.342462],[-122.332646,38.342634],[-122.332069,38.342875],[-122.331998,38.342721],[-122.332536,38.342462]]]},"properties":{"ASMTWithDash":"035-570-002-000","FullSitusAddress1":"110 LUKE DR, NAPA CA "}},{"type":"Feature","geometry":{"type":"Polygon","coordinates":[[[-122.338231,38.356892],[-122.337919,38.3563],[-122.337409,38.355334],[-122.337337,38.355222],[-122.338793,38.354742],[-122.341872,38.353687],[-122.343584,38.356907],[-122.339031,38.358408],[-122.338231,38.356892]]]},"properties":{"ASMTWithDash":"034-190-019-000","FullSitusAddress1":null}},{"type":"Feature","geometry":{"type":"Polygon","coordinates":[[[-122.336072,38.342767],[-122.336503,38.342623],[-122.337415,38.344354],[-122.336984,38.344497],[-122.336072,38.342767]]]},"properties":{"ASMTWithDash":"035-042-006-000","FullSitusAddress1":"1159 ORCHARD AVE, NAPA CA  "}},{"type":"Feature","geometry":{"type":"Polygon","coordinates":[[[-122.329353,38.346675],[-122.329372,38.346658],[-122.32942,38.346629],[-122.329472,38.346604],[-122.329629,38.346553],[-122.329771,38.346825],[-122.32948,38.346919],[-122.329353,38.346675]]]},"properties":{"ASMTWithDash":"035-541-012-000","FullSitusAddress1":"228 MERANO WAY, NAPA CA "}},{"type":"Feature","geometry":{"type":"Polygon","coordinates":[[[-122.344655,38.361941],[-122.344641,38.361912],[-122.344155,38.360915],[-122.344102,38.360814],[-122.344449,38.360666],[-122.344497,38.360757],[-122.345584,38.362885],[-122.34522,38.363005],[-122.344655,38.361941]]]},"properties":{"ASMTWithDash":"034-212-004-000","FullSitusAddress1":"1147 DARMS LN, NAPA CA  "}},{"type":"Feature","geometry":{"type":"Polygon","coordinates":[[[-122.32614,38.342526],[-122.326233,38.342495],[-122.326781,38.343536],[-122.326687,38.343567],[-122.32614,38.342526]]]},"properties":{"ASMTWithDash":"035-480-018-000","FullSitusAddress1":null}},{"type":"Feature","geometry":{"type":"Polygon","coordinates":[[[-122.346562,38.362563],[-122.346522,38.362494],[-122.345949,38.361398],[-122.345445,38.360434],[-122.345494,38.360398],[-122.345657,38.360134],[-122.345675,38.359905],[-122.345743,38.359556],[-122.345637,38.359112],[-122.345516,38.358621],[-122.34533,38.358379],[-122.34536,38.358069],[-122.345369,38.357692],[-122.345374,38.357678],[-122.345702,38.357596],[-122.345889,38.357368],[-122.346378,38.357015],[-122.346466,38.356951],[-122.346827,38.356752],[-122.348271,38.356306],[-122.348472,38.356234],[-122.347319,38.35895],[-122.347474,38.358946],[-122.347385,38.35931],[-122.347397,38.359435],[-122.347909,38.359449],[-122.34823,38.359347],[-122.348543,38.359087],[-122.34889,38.359059],[-122.348881,38.359004],[-122.348535,38.359033],[-122.348538,38.358923],[-122.354762,38.358776],[-122.354859,38.359003],[-122.354871,38.359099],[-122.354902,38.359187],[-122.355186,38.359445],[-122.355611,38.35961],[-122.349239,38.360467],[-122.348225,38.360171],[-122.347346,38.360708],[-122.347712,38.361872],[-122.347208,38.362202],[-122.346583,38.362603],[-122.346562,38.362563]]]},"properties":{"ASMTWithDash":"034-190-038-000","FullSitusAddress1":null}},{"type":"Feature","geometry":{"type":"Polygon","coordinates":[[[-122.330094,38.369389],[-122.329878,38.368966],[-122.330732,38.368659],[-122.330834,38.368674],[-122.33168,38.368799],[-122.331764,38.368769],[-122.332301,38.368577],[-122.332366,38.368553],[-122.332817,38.368691],[-122.332989,38.368651],[-122.333269,38.368587],[-122.333905,38.368298],[-122.334359,38.368122],[-122.334634,38.368034],[-122.334682,38.36812],[-122.334914,38.36852],[-122.335992,38.368165],[-122.336803,38.367898],[-122.33762,38.367629],[-122.338335,38.367395],[-122.338742,38.367932],[-122.338783,38.367988],[-122.338819,38.368045],[-122.338852,38.368104],[-122.339706,38.369738],[-122.339313,38.369866],[-122.338137,38.370248],[-122.338438,38.370819],[-122.338115,38.370924],[-122.338766,38.372159],[-122.338702,38.37218],[-122.33881,38.372384],[-122.338874,38.372363],[-122.339442,38.373472],[-122.337494,38.374116],[-122.337759,38.374624],[-122.333597,38.375994],[-122.330094,38.369389]]]},"properties":{"ASMTWithDash":"036-120-061-000","FullSitusAddress1":"5340 WASHINGTON ST, NAPA CA "}},{"type":"Feature","geometry":{"type":"Polygon","coordinates":[[[-122.330085,38.342508],[-122.330279,38.342445],[-122.330433,38.342745],[-122.330241,38.342802],[-122.330085,38.342508]]]},"properties":{"ASMTWithDash":"035-503-003-000","FullSitusAddress1":"63 LUKE DR, NAPA CA  "}},{"type":"Feature","geometry":{"type":"Polygon","coordinates":[[[-122.331081,38.342931],[-122.331466,38.342803],[-122.331555,38.342967],[-122.33117,38.343095],[-122.331081,38.342931]]]},"properties":{"ASMTWithDash":"035-553-013-000","FullSitusAddress1":"20 AUTUMN RUN WAY, NAPA CA "}},{"type":"Feature","geometry":{"type":"Polygon","coordinates":[[[-122.335639,38.344945],[-122.335583,38.344965],[-122.334277,38.343502],[-122.333913,38.343624],[-122.333689,38.343696],[-122.333449,38.343107],[-122.333925,38.34298],[-122.334506,38.343646],[-122.335639,38.344945]]]},"properties":{"ASMTWithDash":"035-570-011-000","FullSitusAddress1":"157 LUKE DR, NAPA CA "}},{"type":"Feature","geometry":{"type":"Polygon","coordinates":[[[-122.327333,38.343391],[-122.327565,38.343317],[-122.327682,38.343556],[-122.32746,38.343627],[-122.327333,38.343391]]]},"properties":{"ASMTWithDash":"035-503-017-000","FullSitusAddress1":"5 LUKE DR, NAPA CA  "}},{"type":"Feature","geometry":{"type":"Polygon","coordinates":[[[-122.332745,38.345272],[-122.332723,38.34523],[-122.332683,38.34516],[-122.332635,38.345093],[-122.33258,38.345029],[-122.332521,38.344971],[-122.332743,38.344899],[-122.332829,38.344871],[-122.333025,38.345248],[-122.332855,38.345306],[-122.332841,38.345309],[-122.332827,38.34531],[-122.332812,38.34531],[-122.332798,38.345307],[-122.332785,38.345303],[-122.332773,38.345297],[-122.332762,38.34529],[-122.332752,38.345281],[-122.332745,38.345272]]]},"properties":{"ASMTWithDash":"035-532-018-000","FullSitusAddress1":"107 AUTUMN RUN WAY, NAPA CA "}},{"type":"Feature","geometry":{"type":"Polygon","coordinates":[[[-122.328747,38.345492],[-122.328744,38.345482],[-122.328742,38.345471],[-122.328743,38.34546],[-122.328746,38.345449],[-122.328751,38.345439],[-122.328758,38.34543],[-122.328767,38.345421],[-122.328778,38.345414],[-122.32879,38.345408],[-122.329093,38.345309],[-122.329101,38.345324],[-122.329229,38.345369],[-122.329275,38.345458],[-122.329259,38.345463],[-122.328808,38.34561],[-122.328747,38.345492]]]},"properties":{"ASMTWithDash":"035-542-016-000","FullSitusAddress1":"201 VERONA WAY, NAPA CA "}},{"type":"Feature","geometry":{"type":"Polygon","coordinates":[[[-122.356981,38.360025],[-122.356377,38.359826],[-122.355798,38.359683],[-122.355611,38.35961],[-122.355186,38.359445],[-122.354902,38.359187],[-122.354871,38.359099],[-122.354859,38.359003],[-122.354762,38.358776],[-122.354856,38.358774],[-122.357434,38.360189],[-122.356981,38.360025]]]},"properties":{"ASMTWithDash":"034-190-036-000","FullSitusAddress1":null}},{"type":"Feature","geometry":{"type":"Polygon","coordinates":[[[-122.354389,38.341677],[-122.353386,38.34188],[-122.351071,38.342346],[-122.351037,38.342177],[-122.355835,38.341215],[-122.356974,38.342604],[-122.354838,38.343058],[-122.354389,38.341677]]]},"properties":{"ASMTWithDash":"035-390-008-000","FullSitusAddress1":"3315 DRY CREEK RD, NAPA CA  "}},{"type":"Feature","geometry":{"type":"Polygon","coordinates":[[[-122.336189,38.375226],[-122.337162,38.374901],[-122.33744,38.375423],[-122.336466,38.375748],[-122.336189,38.375226]]]},"properties":{"ASMTWithDash":"036-130-052-000","FullSitusAddress1":"5446 TRUBODY LN, NAPA CA "}},{"type":"Feature","geometry":{"type":"Polygon","coordinates":[[[-122.340406,38.367163],[-122.340734,38.367055],[-122.340765,38.367044],[-122.341,38.367487],[-122.340588,38.367621],[-122.340354,38.367181],[-122.340406,38.367163]]]},"properties":{"ASMTWithDash":"034-211-020-000","FullSitusAddress1":"1224 CARRELL LN, NAPA CA  "}},{"type":"Feature","geometry":{"type":"Polygon","coordinates":[[[-122.329491,38.342698],[-122.329697,38.342632],[-122.329837,38.342899],[-122.329682,38.342938],[-122.329628,38.342953],[-122.329491,38.342698]]]},"properties":{"ASMTWithDash":"035-503-006-000","FullSitusAddress1":"51 LUKE DR, NAPA CA  "}},{"type":"Feature","geometry":{"type":"Polygon","coordinates":[[[-122.341779,38.364988],[-122.342297,38.364817],[-122.342859,38.364636],[-122.343222,38.36532],[-122.342664,38.365503],[-122.342144,38.365674],[-122.341779,38.364988]]]},"properties":{"ASMTWithDash":"034-211-009-000","FullSitusAddress1":"1065 DARMS LN #A, NAPA CA  "}},{"type":"Feature","geometry":{"type":"Polygon","coordinates":[[[-122.346451,38.342557],[-122.346755,38.342495],[-122.346925,38.343013],[-122.346621,38.343075],[-122.346451,38.342557]]]},"properties":{"ASMTWithDash":"035-062-005-000","FullSitusAddress1":"1341 ORCHARD AVE, NAPA CA  "}},{"type":"Feature","geometry":{"type":"Polygon","coordinates":[[[-122.329996,38.345591],[-122.330382,38.345465],[-122.330467,38.345627],[-122.33008,38.345754],[-122.329996,38.345591]]]},"properties":{"ASMTWithDash":"035-542-004-000","FullSitusAddress1":"214 ALCHEMY WAY, NAPA CA "}},{"type":"Feature","geometry":{"type":"Polygon","coordinates":[[[-122.328292,38.345826],[-122.328629,38.345718],[-122.328642,38.345713],[-122.328748,38.345917],[-122.328397,38.34603],[-122.328292,38.345826]]]},"properties":{"ASMTWithDash":"035-541-018-000","FullSitusAddress1":"204 VERONA WAY, NAPA CA "}},{"type":"Feature","geometry":{"type":"Polygon","coordinates":[[[-122.329874,38.343515],[-122.329891,38.343496],[-122.329905,38.343474],[-122.329913,38.343451],[-122.329916,38.343427],[-122.329914,38.343403],[-122.329999,38.343395],[-122.330306,38.34348],[-122.330406,38.343661],[-122.330176,38.343738],[-122.329874,38.343515]]]},"properties":{"ASMTWithDash":"035-501-010-000","FullSitusAddress1":"10 WESLEY CT, NAPA CA  "}},{"type":"Feature","geometry":{"type":"Polygon","coordinates":[[[-122.329916,38.345438],[-122.329911,38.345428],[-122.330298,38.345302],[-122.330382,38.345465],[-122.329996,38.345591],[-122.329916,38.345438]]]},"properties":{"ASMTWithDash":"035-542-003-000","FullSitusAddress1":"210 ALCHEMY WAY, NAPA CA "}},{"type":"Feature","geometry":{"type":"Polygon","coordinates":[[[-122.328977,38.345936],[-122.329358,38.345811],[-122.329361,38.345834],[-122.329368,38.345855],[-122.32938,38.345876],[-122.329396,38.345895],[-122.329416,38.345911],[-122.329439,38.345925],[-122.329465,38.345935],[-122.329492,38.345943],[-122.329492,38.345946],[-122.329057,38.346088],[-122.328977,38.345936]]]},"properties":{"ASMTWithDash":"035-542-013-000","FullSitusAddress1":"215 VERONA WAY, NAPA CA "}},{"type":"Feature","geometry":{"type":"Polygon","coordinates":[[[-122.330935,38.346114],[-122.330943,38.346092],[-122.330947,38.346069],[-122.330945,38.346046],[-122.330938,38.346023],[-122.330927,38.346002],[-122.330911,38.345982],[-122.331257,38.345869],[-122.331469,38.346278],[-122.330935,38.346114]]]},"properties":{"ASMTWithDash":"035-541-006-000","FullSitusAddress1":"223 ALCHEMY WAY, NAPA CA "}},{"type":"Feature","geometry":{"type":"Polygon","coordinates":[[[-122.328095,38.345426],[-122.328014,38.345274],[-122.32836,38.345158],[-122.328442,38.345309],[-122.328447,38.34532],[-122.328449,38.345332],[-122.328449,38.345344],[-122.328446,38.345356],[-122.32844,38.345367],[-122.328432,38.345377],[-122.328423,38.345386],[-122.328411,38.345393],[-122.328398,38.345399],[-122.328208,38.345462],[-122.328095,38.345426]]]},"properties":{"ASMTWithDash":"035-555-009-000","FullSitusAddress1":"92 VERONA WAY, NAPA CA "}},{"type":"Feature","geometry":{"type":"Polygon","coordinates":[[[-122.3349,38.345187],[-122.334586,38.344608],[-122.334442,38.344643],[-122.333913,38.343624],[-122.334277,38.343502],[-122.335583,38.344965],[-122.3349,38.345187]]]},"properties":{"ASMTWithDash":"035-042-011-000","FullSitusAddress1":"1093 ORCHARD AVE, NAPA CA  "}},{"type":"Feature","geometry":{"type":"Polygon","coordinates":[[[-122.364916,38.35536],[-122.364408,38.355079],[-122.364318,38.354845],[-122.364202,38.354772],[-122.365134,38.354413],[-122.365427,38.354855],[-122.365515,38.35524],[-122.36543,38.35558],[-122.364916,38.35536]]]},"properties":{"ASMTWithDash":"034-270-012-000","FullSitusAddress1":"4350 DRY CREEK RD, NAPA CA  "}},{"type":"Feature","geometry":{"type":"Polygon","coordinates":[[[-122.333913,38.343624],[-122.334442,38.344643],[-122.334586,38.344608],[-122.3349,38.345187],[-122.334299,38.345382],[-122.334286,38.345358],[-122.334094,38.344989],[-122.33386,38.34454],[-122.333687,38.344207],[-122.333587,38.344014],[-122.333027,38.343909],[-122.333237,38.343841],[-122.333463,38.343768],[-122.333689,38.343696],[-122.333913,38.343624]]]},"properties":{"ASMTWithDash":"035-042-012-000","FullSitusAddress1":"1091 ORCHARD AVE, NAPA CA  "}},{"type":"Feature","geometry":{"type":"Polygon","coordinates":[[[-122.367875,38.359181],[-122.369244,38.358398],[-122.369013,38.357346],[-122.37264,38.355671],[-122.373164,38.356872],[-122.370138,38.359138],[-122.369441,38.358606],[-122.36806,38.359371],[-122.367875,38.359181]]]},"properties":{"ASMTWithDash":"034-270-008-000","FullSitusAddress1":"4519 DRY CREEK RD, NAPA CA  "}},{"type":"Feature","geometry":{"type":"Polygon","coordinates":[[[-122.348472,38.356234],[-122.349352,38.357025],[-122.350734,38.356634],[-122.354856,38.358774],[-122.354762,38.358776],[-122.348538,38.358923],[-122.347474,38.358946],[-122.347319,38.35895],[-122.348472,38.356234]]]},"properties":{"ASMTWithDash":"034-190-016-000","FullSitusAddress1":"1300 DARMS LN, NAPA CA  "}},{"type":"Feature","geometry":{"type":"MultiPolygon","coordinates":[[[[-122.349065,38.339816],[-122.349601,38.339631],[-122.349396,38.339263],[-122.350463,38.338912],[-122.352187,38.33835],[-122.35297,38.33809],[-122.352324,38.336958],[-122.356883,38.335454],[-122.360934,38.336381],[-122.361838,38.337094],[-122.362208,38.3377],[-122.361855,38.337682],[-122.358749,38.337564],[-122.354163,38.337325],[-122.354124,38.33738],[-122.354082,38.337426],[-122.354097,38.337555],[-122.353966,38.337571],[-122.353919,38.337674],[-122.353872,38.337664],[-122.353835,38.33777],[-122.353852,38.337842],[-122.353803,38.337869],[-122.353819,38.337914],[-122.353703,38.338054],[-122.353738,38.338095],[-122.353662,38.338164],[-122.353673,38.338314],[-122.353637,38.338659],[-122.353503,38.338786],[-122.353498,38.338868],[-122.353392,38.338917],[-122.353409,38.339023],[-122.353009,38.33909],[-122.35303,38.339205],[-122.352742,38.339417],[-122.352605,38.339459],[-122.352519,38.339538],[-122.352376,38.339564],[-122.352229,38.339656],[-122.351467,38.339861],[-122.351443,38.339942],[-122.351312,38.339987],[-122.350961,38.339941],[-122.350756,38.339955],[-122.350569,38.33987],[-122.350238,38.340038],[-122.350139,38.340193],[-122.349945,38.340204],[-122.349703,38.340322],[-122.349247,38.339972],[-122.349153,38.339896],[-122.349065,38.339816]]],[[[-122.352064,38.33951],[-122.351877,38.339167],[-122.351557,38.339275],[-122.35163,38.33941],[-122.351632,38.339555],[-122.351692,38.339663],[-122.352064,38.33951]]],[[[-122.348824,38.339941],[-122.349023,38.340116],[-122.349397,38.340402],[-122.349118,38.340468],[-122.348824,38.339941]]]]},"properties":{"ASMTWithDash":"035-460-034-000","FullSitusAddress1":"3185 DRY CREEK RD, NAPA CA "}},{"type":"Feature","geometry":{"type":"Polygon","coordinates":[[[-122.323883,38.372287],[-122.3238,38.372132],[-122.322851,38.370372],[-122.322129,38.368979],[-122.321699,38.368175],[-122.322961,38.367481],[-122.325141,38.366253],[-122.326721,38.368883],[-122.325909,38.369322],[-122.327112,38.371671],[-122.326872,38.371712],[-122.326586,38.371838],[-122.326487,38.371862],[-122.326397,38.371888],[-122.326279,38.371899],[-122.325993,38.371872],[-122.325783,38.371904],[-122.325542,38.372],[-122.325302,38.372091],[-122.324912,38.372186],[-122.324196,38.372256],[-122.324079,38.372475],[-122.324051,38.372526],[-122.323883,38.372287]]]},"properties":{"ASMTWithDash":"036-140-056-000","FullSitusAddress1":"5175 BIG RANCH RD, NAPA CA "}},{"type":"Feature","geometry":{"type":"Polygon","coordinates":[[[-122.343896,38.362966],[-122.344233,38.362854],[-122.344448,38.363259],[-122.344111,38.363371],[-122.343896,38.362966]]]},"properties":{"ASMTWithDash":"034-212-008-000","FullSitusAddress1":"1111 DARMS LN, NAPA CA  "}},{"type":"Feature","geometry":{"type":"Polygon","coordinates":[[[-122.331832,38.342334],[-122.331678,38.342048],[-122.331675,38.342043],[-122.332327,38.341831],[-122.332505,38.342149],[-122.332414,38.342179],[-122.331848,38.342365],[-122.331832,38.342334]]]},"properties":{"ASMTWithDash":"035-570-019-000","FullSitusAddress1":"4461 SOLANO AVE, NAPA CA  "}},{"type":"Feature","geometry":{"type":"Polygon","coordinates":[[[-122.335271,38.341314],[-122.335589,38.341213],[-122.337391,38.340627],[-122.338153,38.342074],[-122.336714,38.342552],[-122.336351,38.341861],[-122.335676,38.342086],[-122.335271,38.341314]]]},"properties":{"ASMTWithDash":"035-042-044-000","FullSitusAddress1":null}},{"type":"Feature","geometry":{"type":"Polygon","coordinates":[[[-122.332366,38.368553],[-122.332301,38.368577],[-122.331897,38.367934],[-122.332424,38.36774],[-122.332989,38.368651],[-122.332817,38.368691],[-122.332366,38.368553]]]},"properties":{"ASMTWithDash":"036-230-013-000","FullSitusAddress1":"1098 VINEYARD LN, NAPA CA  "}},{"type":"Feature","geometry":{"type":"Polygon","coordinates":[[[-122.331229,38.343206],[-122.33117,38.343095],[-122.331555,38.342967],[-122.33165,38.343144],[-122.331265,38.343273],[-122.331229,38.343206]]]},"properties":{"ASMTWithDash":"035-553-014-000","FullSitusAddress1":"30 AUTUMN RUN WAY, NAPA CA "}},{"type":"Feature","geometry":{"type":"Polygon","coordinates":[[[-122.347397,38.359435],[-122.347385,38.35931],[-122.347474,38.358946],[-122.348538,38.358923],[-122.348535,38.359033],[-122.348881,38.359004],[-122.34889,38.359059],[-122.348543,38.359087],[-122.34823,38.359347],[-122.347909,38.359449],[-122.347397,38.359435]]]},"properties":{"ASMTWithDash":"034-190-030-000","FullSitusAddress1":"1195 DARMS LN, NAPA CA  "}},{"type":"Feature","geometry":{"type":"Polygon","coordinates":[[[-122.352956,38.344621],[-122.354438,38.344337],[-122.355754,38.344084],[-122.356335,38.344665],[-122.355676,38.344788],[-122.354918,38.344936],[-122.355016,38.345026],[-122.353634,38.345298],[-122.352956,38.344621]]]},"properties":{"ASMTWithDash":"035-020-008-000","FullSitusAddress1":"3551 DRY CREEK RD, NAPA CA "}},{"type":"Feature","geometry":{"type":"Polygon","coordinates":[[[-122.33014,38.343177],[-122.330486,38.343086],[-122.330482,38.343134],[-122.330485,38.343158],[-122.330491,38.343181],[-122.330503,38.343203],[-122.330518,38.343224],[-122.330464,38.343264],[-122.330306,38.34348],[-122.33014,38.343177]]]},"properties":{"ASMTWithDash":"035-501-006-000","FullSitusAddress1":"7 WHITE FIR CT, NAPA CA  "}},{"type":"Feature","geometry":{"type":"Polygon","coordinates":[[[-122.330306,38.34348],[-122.330464,38.343264],[-122.330518,38.343224],[-122.330534,38.34324],[-122.330553,38.343253],[-122.330575,38.343264],[-122.330598,38.343272],[-122.330623,38.343276],[-122.330649,38.343278],[-122.330633,38.343585],[-122.330406,38.343661],[-122.330306,38.34348]]]},"properties":{"ASMTWithDash":"035-501-005-000","FullSitusAddress1":"11 WHITE FIR CT, NAPA CA  "}},{"type":"Feature","geometry":{"type":"Polygon","coordinates":[[[-122.347208,38.362202],[-122.347712,38.361872],[-122.347346,38.360708],[-122.348225,38.360171],[-122.349239,38.360467],[-122.355611,38.35961],[-122.355798,38.359683],[-122.356377,38.359826],[-122.356981,38.360025],[-122.357434,38.360189],[-122.356511,38.360685],[-122.356337,38.360815],[-122.356092,38.36095],[-122.355794,38.361166],[-122.35565,38.361367],[-122.35543,38.361641],[-122.355422,38.361723],[-122.355283,38.362065],[-122.354974,38.362321],[-122.354798,38.362461],[-122.354253,38.362755],[-122.354172,38.36283],[-122.35403,38.36285],[-122.353422,38.361687],[-122.34788,38.363486],[-122.347208,38.362202]],[[-122.350208,38.361414],[-122.350122,38.361053],[-122.349427,38.361103],[-122.34911,38.361196],[-122.349346,38.361643],[-122.350208,38.361414]]]},"properties":{"ASMTWithDash":"034-190-037-000","FullSitusAddress1":"1201 DARMS LN, NAPA CA "}},{"type":"Feature","geometry":{"type":"Polygon","coordinates":[[[-122.32844,38.344041],[-122.328871,38.343894],[-122.329006,38.344132],[-122.32876,38.344215],[-122.328565,38.34428],[-122.32844,38.344041]]]},"properties":{"ASMTWithDash":"035-502-001-000","FullSitusAddress1":"15 WHITE TAIL DR, NAPA CA  "}},{"type":"Feature","geometry":{"type":"Polygon","coordinates":[[[-122.329669,38.345718],[-122.329651,38.345704],[-122.329996,38.345591],[-122.33008,38.345754],[-122.329682,38.345884],[-122.329695,38.345864],[-122.329705,38.345843],[-122.32971,38.345821],[-122.329711,38.345799],[-122.329707,38.345777],[-122.329698,38.345756],[-122.329686,38.345736],[-122.329669,38.345718]]]},"properties":{"ASMTWithDash":"035-542-020-000","FullSitusAddress1":"15 ABRUZZINI CT, NAPA CA "}},{"type":"Feature","geometry":{"type":"Polygon","coordinates":[[[-122.329461,38.344445],[-122.329669,38.344375],[-122.329806,38.344627],[-122.329599,38.344699],[-122.329461,38.344445]]]},"properties":{"ASMTWithDash":"035-554-016-000","FullSitusAddress1":"32 MARSALA WAY, NAPA CA "}},{"type":"Feature","geometry":{"type":"Polygon","coordinates":[[[-122.341539,38.362983],[-122.341387,38.363083],[-122.341268,38.363236],[-122.341148,38.363383],[-122.341037,38.363511],[-122.340972,38.36339],[-122.340474,38.362462],[-122.337698,38.363372],[-122.337666,38.363311],[-122.339379,38.362753],[-122.339234,38.362479],[-122.343164,38.361196],[-122.343221,38.361303],[-122.343812,38.360868],[-122.343964,38.360679],[-122.344076,38.36056],[-122.344258,38.360418],[-122.344561,38.360619],[-122.344449,38.360666],[-122.344102,38.360814],[-122.343978,38.360867],[-122.34376,38.36105],[-122.343608,38.361177],[-122.343457,38.361431],[-122.343422,38.361491],[-122.343339,38.362026],[-122.34333,38.362085],[-122.342975,38.362414],[-122.342767,38.362503],[-122.342493,38.362547],[-122.342391,38.362563],[-122.341851,38.36279],[-122.341793,38.362814],[-122.341539,38.362983]]]},"properties":{"ASMTWithDash":"034-190-040-000","FullSitusAddress1":"5215 SOLANO AVE, NAPA CA "}},{"type":"Feature","geometry":{"type":"Polygon","coordinates":[[[-122.330358,38.345001],[-122.330353,38.34499],[-122.330352,38.344979],[-122.330352,38.344968],[-122.330355,38.344956],[-122.33036,38.344946],[-122.330367,38.344936],[-122.330376,38.344927],[-122.330387,38.34492],[-122.330485,38.344898],[-122.330582,38.344872],[-122.330715,38.34483],[-122.330816,38.345022],[-122.330434,38.345146],[-122.330358,38.345001]]]},"properties":{"ASMTWithDash":"035-541-001-000","FullSitusAddress1":"203 ALCHEMY WAY, NAPA CA "}},{"type":"Feature","geometry":{"type":"Polygon","coordinates":[[[-122.331868,38.345522],[-122.332221,38.345408],[-122.332547,38.345303],[-122.332821,38.345829],[-122.332142,38.346048],[-122.331868,38.345522]]]},"properties":{"ASMTWithDash":"035-042-022-000","FullSitusAddress1":"1065 ORCHARD AVE, NAPA CA  "}},{"type":"Feature","geometry":{"type":"Polygon","coordinates":[[[-122.341376,38.376142],[-122.34278,38.375694],[-122.34265,38.375429],[-122.34272,38.375403],[-122.343621,38.377258],[-122.342238,38.377688],[-122.341376,38.376142]]]},"properties":{"ASMTWithDash":"036-130-030-000","FullSitusAddress1":null}},{"type":"Feature","geometry":{"type":"Polygon","coordinates":[[[-122.337174,38.363508],[-122.337263,38.363476],[-122.337555,38.364034],[-122.338601,38.365967],[-122.339641,38.367927],[-122.339524,38.367968],[-122.339505,38.367934],[-122.338501,38.365993],[-122.337462,38.364055],[-122.337174,38.363508]]]},"properties":{"ASMTWithDash":"034-210-001-000","FullSitusAddress1":null}},{"type":"Feature","geometry":{"type":"Polygon","coordinates":[[[-122.342046,38.379737],[-122.341243,38.379687],[-122.3395,38.37641],[-122.341225,38.375875],[-122.341376,38.376142],[-122.342238,38.377688],[-122.343621,38.377258],[-122.34453,38.378811],[-122.344538,38.378832],[-122.344541,38.378853],[-122.34454,38.378874],[-122.344534,38.378895],[-122.344524,38.378915],[-122.344507,38.378936],[-122.344507,38.378938],[-122.344496,38.378946],[-122.342215,38.379763],[-122.342046,38.379737]]]},"properties":{"ASMTWithDash":"036-130-035-000","FullSitusAddress1":"5490 ST HELENA HWY, NAPA CA  "}},{"type":"Feature","geometry":{"type":"Polygon","coordinates":[[[-122.329301,38.343592],[-122.329235,38.34347],[-122.329576,38.343355],[-122.329572,38.34339],[-122.32957,38.343426],[-122.329573,38.343448],[-122.329579,38.343469],[-122.32959,38.34349],[-122.329604,38.343509],[-122.329521,38.343579],[-122.329384,38.343746],[-122.329301,38.343592]]]},"properties":{"ASMTWithDash":"035-501-016-000","FullSitusAddress1":"5 WESLEY CT, NAPA CA  "}},{"type":"Feature","geometry":{"type":"Polygon","coordinates":[[[-122.337047,38.348587],[-122.335108,38.345233],[-122.335688,38.34504],[-122.336653,38.346166],[-122.337786,38.347447],[-122.338205,38.348196],[-122.338274,38.348311],[-122.337124,38.34873],[-122.337047,38.348587]]]},"properties":{"ASMTWithDash":"035-041-027-000","FullSitusAddress1":"1100 ORCHARD AVE, NAPA CA  "}},{"type":"Feature","geometry":{"type":"Polygon","coordinates":[[[-122.3289,38.34355],[-122.32922,38.343442],[-122.329235,38.34347],[-122.329301,38.343592],[-122.32898,38.343696],[-122.3289,38.34355]]]},"properties":{"ASMTWithDash":"035-501-015-000","FullSitusAddress1":"6 WHITE TAIL DR, NAPA CA  "}},{"type":"Feature","geometry":{"type":"Polygon","coordinates":[[[-122.33406,38.379562],[-122.332167,38.379168],[-122.332106,38.379159],[-122.332044,38.379153],[-122.331982,38.379152],[-122.330216,38.379187],[-122.329956,38.379125],[-122.330487,38.37808],[-122.331993,38.378376],[-122.332626,38.377266],[-122.331708,38.376941],[-122.333481,38.376314],[-122.333745,38.376039],[-122.334133,38.375911],[-122.33478,38.377118],[-122.334097,38.37731],[-122.333799,38.377418],[-122.333391,38.377839],[-122.334273,38.378636],[-122.334299,38.378672],[-122.335377,38.378189],[-122.335351,38.378153],[-122.335337,38.378064],[-122.335389,38.377971],[-122.334262,38.375869],[-122.336189,38.375226],[-122.336466,38.375748],[-122.33744,38.375423],[-122.338477,38.377373],[-122.337809,38.377592],[-122.338729,38.379329],[-122.338758,38.37932],[-122.338972,38.378717],[-122.339173,38.377763],[-122.338947,38.37722],[-122.339268,38.377114],[-122.338986,38.376582],[-122.3395,38.37641],[-122.341243,38.379687],[-122.342046,38.379737],[-122.342215,38.379763],[-122.337191,38.381362],[-122.336623,38.380244],[-122.335674,38.380045],[-122.335584,38.379879],[-122.33406,38.379562]]]},"properties":{"ASMTWithDash":"036-130-061-000","FullSitusAddress1":null}},{"type":"Feature","geometry":{"type":"Polygon","coordinates":[[[-122.325221,38.346009],[-122.32719,38.345385],[-122.327232,38.345373],[-122.328363,38.347531],[-122.32921,38.34916],[-122.325067,38.350503],[-122.322658,38.346821],[-122.325221,38.346009]]]},"properties":{"ASMTWithDash":"036-160-012-000","FullSitusAddress1":null}},{"type":"Feature","geometry":{"type":"Polygon","coordinates":[[[-122.339861,38.366849],[-122.340182,38.366742],[-122.340406,38.367163],[-122.340354,38.367181],[-122.340084,38.367269],[-122.339861,38.366849]]]},"properties":{"ASMTWithDash":"034-211-002-000","FullSitusAddress1":"1213 CARRELL LN, NAPA CA  "}},{"type":"Feature","geometry":{"type":"Polygon","coordinates":[[[-122.351071,38.342346],[-122.353386,38.34188],[-122.353516,38.342278],[-122.353414,38.342539],[-122.353109,38.342601],[-122.352992,38.342903],[-122.351676,38.343168],[-122.351071,38.342346]]]},"properties":{"ASMTWithDash":"035-390-011-000","FullSitusAddress1":"3325 DRY CREEK RD, NAPA CA  "}},{"type":"Feature","geometry":{"type":"Polygon","coordinates":[[[-122.332867,38.344513],[-122.332892,38.34452],[-122.332919,38.344525],[-122.332946,38.344527],[-122.332974,38.344525],[-122.333,38.344519],[-122.333025,38.344511],[-122.333049,38.344499],[-122.333069,38.344485],[-122.333087,38.344468],[-122.333258,38.344505],[-122.333355,38.344702],[-122.333096,38.344785],[-122.333018,38.344811],[-122.332867,38.344513]]]},"properties":{"ASMTWithDash":"035-532-020-000","FullSitusAddress1":"10 AMBER LEAF CT, NAPA CA "}},{"type":"Feature","geometry":{"type":"Polygon","coordinates":[[[-122.331593,38.342389],[-122.331452,38.342123],[-122.331678,38.342048],[-122.331832,38.342334],[-122.331593,38.342389]]]},"properties":{"ASMTWithDash":"035-551-001-000","FullSitusAddress1":"87 LUKE DR, NAPA CA "}},{"type":"Feature","geometry":{"type":"Polygon","coordinates":[[[-122.328622,38.345249],[-122.328519,38.345059],[-122.328764,38.344977],[-122.328901,38.34523],[-122.328723,38.345288],[-122.32871,38.34529],[-122.328696,38.34529],[-122.328683,38.345289],[-122.32867,38.345286],[-122.328657,38.345281],[-122.328646,38.345275],[-122.328636,38.345267],[-122.328628,38.345258],[-122.328622,38.345249]]]},"properties":{"ASMTWithDash":"035-554-010-000","FullSitusAddress1":"91 VERONA WAY, NAPA CA "}},{"type":"Feature","geometry":{"type":"Polygon","coordinates":[[[-122.358701,38.349442],[-122.358571,38.349351],[-122.357468,38.348779],[-122.356321,38.347852],[-122.355983,38.347669],[-122.35723,38.347056],[-122.358343,38.347019],[-122.360455,38.347798],[-122.362499,38.348548],[-122.361654,38.348751],[-122.359948,38.349173],[-122.359684,38.348999],[-122.359415,38.34915],[-122.359354,38.349224],[-122.359347,38.349313],[-122.359141,38.349673],[-122.358701,38.349442]]]},"properties":{"ASMTWithDash":"035-010-057-000","FullSitusAddress1":"4155 DRY CREEK RD, NAPA CA  "}},{"type":"Feature","geometry":{"type":"Polygon","coordinates":[[[-122.329735,38.343566],[-122.329766,38.343564],[-122.329797,38.343558],[-122.329825,38.343547],[-122.329851,38.343533],[-122.329874,38.343515],[-122.330176,38.343738],[-122.329705,38.343897],[-122.329735,38.343566]]]},"properties":{"ASMTWithDash":"035-501-011-000","FullSitusAddress1":"14 WESLEY CT, NAPA CA  "}},{"type":"Feature","geometry":{"type":"Polygon","coordinates":[[[-122.329109,38.342821],[-122.329299,38.342759],[-122.329436,38.343013],[-122.329248,38.343072],[-122.329109,38.342821]]]},"properties":{"ASMTWithDash":"035-503-008-000","FullSitusAddress1":"43 LUKE DR, NAPA CA  "}},{"type":"Feature","geometry":{"type":"Polygon","coordinates":[[[-122.328627,38.344725],[-122.328836,38.344655],[-122.328972,38.344907],[-122.328764,38.344977],[-122.328627,38.344725]]]},"properties":{"ASMTWithDash":"035-554-012-000","FullSitusAddress1":"16 MARSALA WAY, NAPA CA "}},{"type":"Feature","geometry":{"type":"Polygon","coordinates":[[[-122.341305,38.370457],[-122.345876,38.368938],[-122.346155,38.368846],[-122.346714,38.368661],[-122.347272,38.368476],[-122.347583,38.368372],[-122.348048,38.369172],[-122.350657,38.374106],[-122.347652,38.375123],[-122.344584,38.369473],[-122.341346,38.370523],[-122.341305,38.370457]]]},"properties":{"ASMTWithDash":"034-170-016-000","FullSitusAddress1":"5445 SOLANO AVE, NAPA CA  "}},{"type":"Feature","geometry":{"type":"Polygon","coordinates":[[[-122.326422,38.341882],[-122.326618,38.34182],[-122.326768,38.342086],[-122.326569,38.342149],[-122.326422,38.341882]]]},"properties":{"ASMTWithDash":"035-480-007-000","FullSitusAddress1":"4435 SOLANO AVE, NAPA CA  "}},{"type":"Feature","geometry":{"type":"Polygon","coordinates":[[[-122.333784,38.342818],[-122.333925,38.34298],[-122.333449,38.343107],[-122.33335,38.343133],[-122.333342,38.343113],[-122.333331,38.343093],[-122.333316,38.343075],[-122.333298,38.34306],[-122.333277,38.343046],[-122.333253,38.343036],[-122.333182,38.343014],[-122.333139,38.342995],[-122.333784,38.342818]]]},"properties":{"ASMTWithDash":"035-570-012-000","FullSitusAddress1":"149 LUKE DR, NAPA CA "}},{"type":"Feature","geometry":{"type":"Polygon","coordinates":[[[-122.325077,38.340505],[-122.32481,38.340028],[-122.324685,38.339792],[-122.324681,38.339732],[-122.324745,38.339711],[-122.3249,38.339998],[-122.325944,38.341947],[-122.325851,38.341977],[-122.325077,38.340505]]]},"properties":{"ASMTWithDash":"035-480-021-000","FullSitusAddress1":null}},{"type":"Feature","geometry":{"type":"Polygon","coordinates":[[[-122.341601,38.366274],[-122.341967,38.366154],[-122.342211,38.366628],[-122.341885,38.366735],[-122.341858,38.366744],[-122.341601,38.366274]]]},"properties":{"ASMTWithDash":"034-211-027-000","FullSitusAddress1":"1263 CARRELL LN, NAPA CA  "}},{"type":"Feature","geometry":{"type":"Polygon","coordinates":[[[-122.331378,38.36711],[-122.331912,38.366922],[-122.332424,38.36774],[-122.331897,38.367934],[-122.331378,38.36711]]]},"properties":{"ASMTWithDash":"036-230-012-000","FullSitusAddress1":"1092 VINEYARD LN, NAPA CA  "}},{"type":"Feature","geometry":{"type":"Polygon","coordinates":[[[-122.325998,38.341337],[-122.327726,38.340758],[-122.327434,38.340297],[-122.330596,38.339291],[-122.331285,38.340044],[-122.331266,38.340055],[-122.331696,38.340517],[-122.327337,38.341905],[-122.327193,38.341637],[-122.326823,38.341755],[-122.326618,38.34182],[-122.326422,38.341882],[-122.326316,38.341917],[-122.325998,38.341337]]]},"properties":{"ASMTWithDash":"035-480-009-000","FullSitusAddress1":"4427 SOLANO AVE, NAPA CA  "}},{"type":"Feature","geometry":{"type":"Polygon","coordinates":[[[-122.329832,38.345276],[-122.329827,38.345266],[-122.330213,38.345139],[-122.330298,38.345302],[-122.329911,38.345428],[-122.329832,38.345276]]]},"properties":{"ASMTWithDash":"035-542-002-000","FullSitusAddress1":"206 ALCHEMY WAY, NAPA CA "}},{"type":"Feature","geometry":{"type":"Polygon","coordinates":[[[-122.353078,38.343165],[-122.353273,38.342903],[-122.351712,38.343218],[-122.351676,38.343168],[-122.352992,38.342903],[-122.353109,38.342601],[-122.353414,38.342539],[-122.353516,38.342278],[-122.353386,38.34188],[-122.354389,38.341677],[-122.354838,38.343058],[-122.354074,38.34322],[-122.353201,38.343431],[-122.353078,38.343165]]]},"properties":{"ASMTWithDash":"035-390-012-000","FullSitusAddress1":"3375 DRY CREEK RD, NAPA CA "}},{"type":"Feature","geometry":{"type":"Polygon","coordinates":[[[-122.33083,38.367304],[-122.331378,38.36711],[-122.331897,38.367934],[-122.331359,38.368131],[-122.33083,38.367304]]]},"properties":{"ASMTWithDash":"036-230-015-000","FullSitusAddress1":"1080 VINEYARD LN, NAPA CA  "}},{"type":"Feature","geometry":{"type":"Polygon","coordinates":[[[-122.336383,38.357139],[-122.336995,38.356942],[-122.337137,38.357244],[-122.33654,38.357436],[-122.336383,38.357139]]]},"properties":{"ASMTWithDash":"034-190-010-000","FullSitusAddress1":"5141 SOLANO AVE, NAPA CA  "}},{"type":"Feature","geometry":{"type":"Polygon","coordinates":[[[-122.328397,38.34603],[-122.328748,38.345917],[-122.328854,38.34612],[-122.328503,38.346233],[-122.328397,38.34603]]]},"properties":{"ASMTWithDash":"035-541-017-000","FullSitusAddress1":"208 VERONA WAY, NAPA CA "}},{"type":"Feature","geometry":{"type":"Polygon","coordinates":[[[-122.329253,38.344515],[-122.329461,38.344445],[-122.329599,38.344699],[-122.329389,38.344767],[-122.329253,38.344515]]]},"properties":{"ASMTWithDash":"035-554-015-000","FullSitusAddress1":"28 MARSALA WAY, NAPA CA "}},{"type":"Feature","geometry":{"type":"Polygon","coordinates":[[[-122.341156,38.368525],[-122.340785,38.368517],[-122.340266,38.368662],[-122.339799,38.367878],[-122.340176,38.367755],[-122.340588,38.367621],[-122.341,38.367487],[-122.341378,38.367364],[-122.341753,38.367241],[-122.342095,38.36713],[-122.342437,38.367019],[-122.34278,38.366907],[-122.343152,38.366786],[-122.343153,38.366787],[-122.343525,38.366665],[-122.34388,38.36655],[-122.345283,38.366092],[-122.345361,38.366066],[-122.346449,38.365712],[-122.347125,38.366978],[-122.341334,38.368864],[-122.341156,38.368525]]]},"properties":{"ASMTWithDash":"034-200-013-000","FullSitusAddress1":"1225 HILLVIEW LN, NAPA CA "}},{"type":"Feature","geometry":{"type":"Polygon","coordinates":[[[-122.331668,38.342783],[-122.33159,38.342639],[-122.331586,38.342628],[-122.331585,38.342617],[-122.331585,38.342605],[-122.331588,38.342594],[-122.331593,38.342584],[-122.331601,38.342574],[-122.33161,38.342565],[-122.331621,38.342558],[-122.331634,38.342552],[-122.331647,38.342548],[-122.331891,38.342492],[-122.331986,38.342695],[-122.331668,38.342783]]]},"properties":{"ASMTWithDash":"035-552-009-000","FullSitusAddress1":"86 LUKE DR, NAPA CA "}},{"type":"Feature","geometry":{"type":"Polygon","coordinates":[[[-122.379348,38.359571],[-122.378127,38.359314],[-122.376997,38.359076],[-122.37382,38.358408],[-122.373235,38.357034],[-122.378936,38.355535],[-122.380459,38.355559],[-122.3834,38.360423],[-122.379348,38.359571]]]},"properties":{"ASMTWithDash":"034-230-024-000","FullSitusAddress1":null}},{"type":"Feature","geometry":{"type":"Polygon","coordinates":[[[-122.335751,38.343232],[-122.336104,38.343114],[-122.336856,38.34454],[-122.335639,38.344945],[-122.334506,38.343646],[-122.335751,38.343232]]]},"properties":{"ASMTWithDash":"035-042-009-000","FullSitusAddress1":"1127 ORCHARD AVE, NAPA CA  "}},{"type":"Feature","geometry":{"type":"Polygon","coordinates":[[[-122.342542,38.366519],[-122.342568,38.36651],[-122.34278,38.366907],[-122.342437,38.367019],[-122.342226,38.366623],[-122.342542,38.366519]]]},"properties":{"ASMTWithDash":"034-211-032-000","FullSitusAddress1":"1274 CARRELL LN, NAPA CA  "}},{"type":"Feature","geometry":{"type":"Polygon","coordinates":[[[-122.331874,38.344966],[-122.331746,38.344859],[-122.332027,38.344714],[-122.332073,38.344759],[-122.332221,38.344923],[-122.332261,38.344964],[-122.331987,38.345131],[-122.331874,38.344966]]]},"properties":{"ASMTWithDash":"035-531-016-000","FullSitusAddress1":"104 AUTUMN RUN WAY, NAPA CA "}},{"type":"Feature","geometry":{"type":"Polygon","coordinates":[[[-122.338906,38.3481],[-122.338954,38.348084],[-122.339453,38.347922],[-122.33945,38.347918],[-122.342061,38.34707],[-122.343099,38.34672],[-122.34525,38.346023],[-122.345911,38.345807],[-122.346567,38.348211],[-122.346729,38.348981],[-122.345237,38.349355],[-122.34287,38.350162],[-122.340425,38.350998],[-122.338906,38.3481]]]},"properties":{"ASMTWithDash":"035-490-008-000","FullSitusAddress1":null}},{"type":"Feature","geometry":{"type":"Polygon","coordinates":[[[-122.327646,38.344589],[-122.328135,38.344425],[-122.328266,38.344667],[-122.328243,38.344677],[-122.328223,38.344689],[-122.328204,38.344704],[-122.328189,38.34472],[-122.328177,38.344738],[-122.327646,38.344589]]]},"properties":{"ASMTWithDash":"035-555-005-000","FullSitusAddress1":"7 MARSALA WAY, NAPA CA "}},{"type":"Feature","geometry":{"type":"Polygon","coordinates":[[[-122.330501,38.346273],[-122.330635,38.346228],[-122.330668,38.346219],[-122.330701,38.346212],[-122.330734,38.346208],[-122.330788,38.346206],[-122.330804,38.346204],[-122.330933,38.346451],[-122.330642,38.346545],[-122.330501,38.346273]]]},"properties":{"ASMTWithDash":"035-541-008-000","FullSitusAddress1":"244 MERANO WAY, NAPA CA "}},{"type":"Feature","geometry":{"type":"Polygon","coordinates":[[[-122.342511,38.363981],[-122.34399,38.363494],[-122.344001,38.363514],[-122.345344,38.366039],[-122.345361,38.366066],[-122.345283,38.366092],[-122.34388,38.36655],[-122.343661,38.366144],[-122.343491,38.365825],[-122.343357,38.365572],[-122.343222,38.36532],[-122.342859,38.364636],[-122.342511,38.363981]]]},"properties":{"ASMTWithDash":"034-211-017-000","FullSitusAddress1":"1090 DARMS LN, NAPA CA  "}},{"type":"Feature","geometry":{"type":"Polygon","coordinates":[[[-122.329492,38.345962],[-122.329492,38.345946],[-122.329492,38.345943],[-122.329519,38.345946],[-122.329546,38.345947],[-122.329573,38.345943],[-122.329599,38.345937],[-122.329623,38.345928],[-122.329645,38.345916],[-122.329665,38.345901],[-122.329682,38.345884],[-122.33008,38.345754],[-122.330165,38.345916],[-122.330074,38.345946],[-122.329843,38.346021],[-122.329611,38.346097],[-122.329569,38.346111],[-122.329492,38.345962]]]},"properties":{"ASMTWithDash":"035-542-021-000","FullSitusAddress1":"19 ABRUZZINI CT, NAPA CA "}},{"type":"Feature","geometry":{"type":"Polygon","coordinates":[[[-122.378919,38.349159],[-122.379005,38.34921],[-122.379178,38.349253],[-122.379444,38.349286],[-122.379748,38.349315],[-122.379884,38.349353],[-122.380014,38.349416],[-122.380151,38.349523],[-122.380256,38.349598],[-122.379929,38.349927],[-122.378508,38.350137],[-122.378919,38.349159]]]},"properties":{"ASMTWithDash":"034-230-005-000","FullSitusAddress1":"1424 MT VEEDER RD, NAPA CA  "}},{"type":"Feature","geometry":{"type":"Polygon","coordinates":[[[-122.352639,38.344304],[-122.354287,38.343988],[-122.354438,38.344337],[-122.352956,38.344621],[-122.352639,38.344304]]]},"properties":{"ASMTWithDash":"035-020-009-000","FullSitusAddress1":"3537 DRY CREEK RD, NAPA CA "}},{"type":"Feature","geometry":{"type":"Polygon","coordinates":[[[-122.373595,38.36397],[-122.373546,38.363888],[-122.373495,38.363789],[-122.373423,38.363645],[-122.373305,38.36337],[-122.373273,38.363257],[-122.373258,38.363153],[-122.37325,38.363037],[-122.373249,38.362876],[-122.374537,38.362882],[-122.374598,38.362942],[-122.374523,38.362927],[-122.374452,38.362934],[-122.374367,38.362954],[-122.374315,38.363007],[-122.374158,38.363303],[-122.373862,38.363792],[-122.373671,38.364079],[-122.373595,38.36397]]]},"properties":{"ASMTWithDash":"034-260-020-000","FullSitusAddress1":"4601 DRY CREEK RD, NAPA CA  "}},{"type":"Feature","geometry":{"type":"Polygon","coordinates":[[[-122.349631,38.348868],[-122.349516,38.348126],[-122.349567,38.348116],[-122.349634,38.348103],[-122.349758,38.348854],[-122.349672,38.349087],[-122.349544,38.349101],[-122.349631,38.348868]]]},"properties":{"ASMTWithDash":"035-490-001-000","FullSitusAddress1":null}},{"type":"Feature","geometry":{"type":"Polygon","coordinates":[[[-122.345614,38.362982],[-122.346609,38.362654],[-122.346797,38.363025],[-122.34581,38.36335],[-122.345614,38.362982]]]},"properties":{"ASMTWithDash":"034-211-045-000","FullSitusAddress1":"1170 DARMS LN, NAPA CA "}},{"type":"Feature","geometry":{"type":"Polygon","coordinates":[[[-122.344403,38.342975],[-122.344933,38.342867],[-122.345017,38.343125],[-122.344472,38.343219],[-122.344403,38.342975]]]},"properties":{"ASMTWithDash":"035-062-002-000","FullSitusAddress1":"1309 ORCHARD AVE, NAPA CA  "}},{"type":"Feature","geometry":{"type":"Polygon","coordinates":[[[-122.34015,38.364776],[-122.340629,38.364618],[-122.341161,38.365615],[-122.340682,38.365774],[-122.34015,38.364776]]]},"properties":{"ASMTWithDash":"034-211-048-000","FullSitusAddress1":"1036 DARMS LN, NAPA CA  "}},{"type":"Feature","geometry":{"type":"Polygon","coordinates":[[[-122.33255,38.344528],[-122.332619,38.344506],[-122.332664,38.344494],[-122.332711,38.344488],[-122.332751,38.344488],[-122.332791,38.344492],[-122.33283,38.3445],[-122.332867,38.344513],[-122.333018,38.344811],[-122.332829,38.344871],[-122.332743,38.344899],[-122.33255,38.344528]]]},"properties":{"ASMTWithDash":"035-532-019-000","FullSitusAddress1":"6 AMBER LEAF CT, NAPA CA "}},{"type":"Feature","geometry":{"type":"Polygon","coordinates":[[[-122.340631,38.342426],[-122.341109,38.342266],[-122.341509,38.342991],[-122.341009,38.343157],[-122.340631,38.342426]]]},"properties":{"ASMTWithDash":"035-042-029-000","FullSitusAddress1":"1243 ORCHARD AVE, NAPA CA  "}},{"type":"Feature","geometry":{"type":"Polygon","coordinates":[[[-122.329063,38.34385],[-122.329384,38.343746],[-122.329506,38.343964],[-122.329185,38.344072],[-122.329063,38.34385]]]},"properties":{"ASMTWithDash":"035-501-013-000","FullSitusAddress1":"14 WHITE TAIL DR, NAPA CA  "}},{"type":"Feature","geometry":{"type":"Polygon","coordinates":[[[-122.377553,38.368552],[-122.377416,38.368495],[-122.377301,38.368396],[-122.377198,38.368299],[-122.377049,38.368149],[-122.37689,38.367967],[-122.376801,38.367845],[-122.376695,38.36768],[-122.376638,38.367602],[-122.376578,38.367528],[-122.376498,38.367433],[-122.376367,38.367321],[-122.376221,38.36722],[-122.37983,38.366364],[-122.378685,38.368648],[-122.378434,38.368492],[-122.378279,38.368432],[-122.378087,38.368444],[-122.377901,38.368516],[-122.377779,38.368554],[-122.377652,38.368564],[-122.377553,38.368552]]]},"properties":{"ASMTWithDash":"034-260-006-000","FullSitusAddress1":"4879 DRY CREEK RD, NAPA CA  "}},{"type":"Feature","geometry":{"type":"Polygon","coordinates":[[[-122.377318,38.362211],[-122.378299,38.361947],[-122.383774,38.360502],[-122.387706,38.361331],[-122.387429,38.362151],[-122.386423,38.365134],[-122.380059,38.366308],[-122.377318,38.362211]]]},"properties":{"ASMTWithDash":"034-260-023-000","FullSitusAddress1":null}},{"type":"Feature","geometry":{"type":"Polygon","coordinates":[[[-122.343584,38.375916],[-122.342414,38.373668],[-122.341138,38.37143],[-122.340871,38.370667],[-122.340845,38.370617],[-122.341169,38.370589],[-122.341193,38.37065],[-122.341406,38.371341],[-122.342742,38.373567],[-122.343867,38.375809],[-122.34405,38.37639],[-122.343829,38.376526],[-122.343584,38.375916]]]},"properties":{"ASMTWithDash":"034-170-014-000","FullSitusAddress1":null}},{"type":"Feature","geometry":{"type":"Polygon","coordinates":[[[-122.36805,38.355409],[-122.368157,38.355028],[-122.367985,38.354554],[-122.367946,38.354489],[-122.370356,38.353778],[-122.371646,38.353397],[-122.372161,38.354577],[-122.367785,38.355854],[-122.36805,38.355409]]]},"properties":{"ASMTWithDash":"034-270-021-000","FullSitusAddress1":"4297 DRY CREEK RD, NAPA CA  "}},{"type":"Feature","geometry":{"type":"Polygon","coordinates":[[[-122.339442,38.373472],[-122.338874,38.372363],[-122.33881,38.372384],[-122.338702,38.37218],[-122.338766,38.372159],[-122.338115,38.370924],[-122.338438,38.370819],[-122.340023,38.3703],[-122.341446,38.373069],[-122.341557,38.373283],[-122.341562,38.373301],[-122.34156,38.373319],[-122.341551,38.373335],[-122.341535,38.373348],[-122.341515,38.373356],[-122.341504,38.373358],[-122.341518,38.373384],[-122.340031,38.373874],[-122.339763,38.373366],[-122.339442,38.373472]]]},"properties":{"ASMTWithDash":"036-130-049-000","FullSitusAddress1":"5390 WASHINGTON ST, NAPA CA "}},{"type":"Feature","geometry":{"type":"Polygon","coordinates":[[[-122.329185,38.344072],[-122.329506,38.343964],[-122.329643,38.344216],[-122.329402,38.344298],[-122.329389,38.344301],[-122.329375,38.344303],[-122.329361,38.344303],[-122.329348,38.344301],[-122.329335,38.344298],[-122.329322,38.344293],[-122.329311,38.344287],[-122.329302,38.344279],[-122.329293,38.344271],[-122.329185,38.344072]]]},"properties":{"ASMTWithDash":"035-553-011-000","FullSitusAddress1":"31 MARSALA WAY, NAPA CA "}},{"type":"Feature","geometry":{"type":"Polygon","coordinates":[[[-122.367242,38.376596],[-122.363016,38.375642],[-122.361988,38.374225],[-122.363089,38.372228],[-122.363921,38.370631],[-122.364285,38.370004],[-122.369814,38.370179],[-122.370542,38.371378],[-122.370405,38.372853],[-122.373441,38.373059],[-122.37476,38.375589],[-122.373095,38.376928],[-122.372132,38.377194],[-122.371112,38.377483],[-122.367242,38.376596]]]},"properties":{"ASMTWithDash":"034-170-022-000","FullSitusAddress1":null}},{"type":"Feature","geometry":{"type":"Polygon","coordinates":[[[-122.344233,38.362854],[-122.343896,38.362221],[-122.343457,38.361431],[-122.343608,38.361177],[-122.34376,38.36105],[-122.343788,38.361102],[-122.344253,38.362037],[-122.344834,38.363132],[-122.344448,38.363259],[-122.344233,38.362854]]]},"properties":{"ASMTWithDash":"034-212-007-000","FullSitusAddress1":"1115 DARMS LN, NAPA CA  "}},{"type":"Feature","geometry":{"type":"Polygon","coordinates":[[[-122.333643,38.342656],[-122.333713,38.342736],[-122.333784,38.342818],[-122.333139,38.342995],[-122.333099,38.342969],[-122.333065,38.342938],[-122.333037,38.342902],[-122.332994,38.342834],[-122.333643,38.342656]]]},"properties":{"ASMTWithDash":"035-570-013-000","FullSitusAddress1":"141 LUKE DR, NAPA CA "}},{"type":"Feature","geometry":{"type":"Polygon","coordinates":[[[-122.328195,38.343572],[-122.328292,38.343539],[-122.32839,38.343508],[-122.328556,38.34346],[-122.32857,38.343457],[-122.328583,38.343456],[-122.328597,38.343456],[-122.328611,38.343459],[-122.328624,38.343463],[-122.328636,38.343468],[-122.328646,38.343476],[-122.328655,38.343484],[-122.328662,38.343493],[-122.328712,38.343593],[-122.328281,38.343737],[-122.328195,38.343572]]]},"properties":{"ASMTWithDash":"035-502-004-000","FullSitusAddress1":"1 WHITE TAIL DR, NAPA CA  "}},{"type":"Feature","geometry":{"type":"Polygon","coordinates":[[[-122.327646,38.344589],[-122.328177,38.344738],[-122.328169,38.344757],[-122.328164,38.344776],[-122.328163,38.344795],[-122.328165,38.344815],[-122.32817,38.344834],[-122.327837,38.344946],[-122.327646,38.344589]]]},"properties":{"ASMTWithDash":"035-555-006-000","FullSitusAddress1":"62 VERONA WAY, NAPA CA "}},{"type":"Feature","geometry":{"type":"Polygon","coordinates":[[[-122.333503,38.345127],[-122.333495,38.345107],[-122.333483,38.345088],[-122.333468,38.34507],[-122.33345,38.345055],[-122.333429,38.345042],[-122.333406,38.345032],[-122.333518,38.344915],[-122.333399,38.344688],[-122.33386,38.34454],[-122.334094,38.344989],[-122.333633,38.345138],[-122.333503,38.345127]]]},"properties":{"ASMTWithDash":"035-532-015-000","FullSitusAddress1":"15 FALLEN LEAF CT, NAPA CA "}},{"type":"Feature","geometry":{"type":"Polygon","coordinates":[[[-122.341142,38.36692],[-122.341101,38.366934],[-122.340873,38.366514],[-122.341043,38.366458],[-122.341249,38.36639],[-122.341503,38.366861],[-122.341169,38.366971],[-122.341142,38.36692]]]},"properties":{"ASMTWithDash":"034-211-025-000","FullSitusAddress1":"1243 CARRELL LN, NAPA CA  "}},{"type":"Feature","geometry":{"type":"Polygon","coordinates":[[[-122.329348,38.345298],[-122.329344,38.345288],[-122.329343,38.345277],[-122.329343,38.345266],[-122.329346,38.345255],[-122.329351,38.345245],[-122.329357,38.345235],[-122.329366,38.345227],[-122.329376,38.345219],[-122.329399,38.345209],[-122.32974,38.345098],[-122.329827,38.345266],[-122.329832,38.345276],[-122.329408,38.345414],[-122.329348,38.345298]]]},"properties":{"ASMTWithDash":"035-542-017-000","FullSitusAddress1":"1 ABRUZZINI CT, NAPA CA "}},{"type":"Feature","geometry":{"type":"Polygon","coordinates":[[[-122.347861,38.365252],[-122.347918,38.365233],[-122.347345,38.364102],[-122.347153,38.363722],[-122.34788,38.363486],[-122.353422,38.361687],[-122.35403,38.36285],[-122.354815,38.36435],[-122.348452,38.366414],[-122.347861,38.365252]]]},"properties":{"ASMTWithDash":"034-190-035-000","FullSitusAddress1":"1150 DARMS LN, NAPA CA  "}},{"type":"Feature","geometry":{"type":"Polygon","coordinates":[[[-122.333287,38.343267],[-122.333463,38.343768],[-122.333237,38.343841],[-122.333006,38.343414],[-122.333093,38.34328],[-122.33312,38.343289],[-122.333148,38.343295],[-122.333178,38.343297],[-122.333207,38.343295],[-122.333235,38.34329],[-122.333262,38.34328],[-122.333287,38.343267]]]},"properties":{"ASMTWithDash":"035-570-009-000","FullSitusAddress1":"164 LUKE DR, NAPA CA "}},{"type":"Feature","geometry":{"type":"Polygon","coordinates":[[[-122.335022,38.355108],[-122.333565,38.355588],[-122.332391,38.353432],[-122.337274,38.351867],[-122.338793,38.354742],[-122.337337,38.355222],[-122.337409,38.355334],[-122.336323,38.355692],[-122.335492,38.355966],[-122.335022,38.355108]]]},"properties":{"ASMTWithDash":"035-031-031-000","FullSitusAddress1":"5055 SOLANO AVE, NAPA CA  "}},{"type":"Feature","geometry":{"type":"Polygon","coordinates":[[[-122.330903,38.343119],[-122.330829,38.343124],[-122.330821,38.343101],[-122.33081,38.34308],[-122.330794,38.34306],[-122.330775,38.343042],[-122.330719,38.343006],[-122.331061,38.342893],[-122.331081,38.342931],[-122.33117,38.343095],[-122.331229,38.343206],[-122.330903,38.343119]]]},"properties":{"ASMTWithDash":"035-501-002-000","FullSitusAddress1":"8 WHITE FIR CT, NAPA CA  "}},{"type":"Feature","geometry":{"type":"Polygon","coordinates":[[[-122.331976,38.352669],[-122.331873,38.352488],[-122.331761,38.352309],[-122.331641,38.352134],[-122.33145,38.351866],[-122.331347,38.351727],[-122.33124,38.351591],[-122.331127,38.351457],[-122.331009,38.351326],[-122.330741,38.350824],[-122.330828,38.350796],[-122.334931,38.349501],[-122.33517,38.349425],[-122.335507,38.349319],[-122.33586,38.34919],[-122.337274,38.351867],[-122.332391,38.353432],[-122.331976,38.352669]]]},"properties":{"ASMTWithDash":"035-031-032-000","FullSitusAddress1":"4581 SOLANO AVE, NAPA CA  "}},{"type":"Feature","geometry":{"type":"Polygon","coordinates":[[[-122.347125,38.366978],[-122.346449,38.365712],[-122.347861,38.365252],[-122.348452,38.366414],[-122.348535,38.366577],[-122.347151,38.367028],[-122.347125,38.366978]]]},"properties":{"ASMTWithDash":"034-200-006-000","FullSitusAddress1":"1375 HILLVIEW LN, NAPA CA  "}},{"type":"Feature","geometry":{"type":"Polygon","coordinates":[[[-122.329574,38.345671],[-122.329559,38.345665],[-122.329545,38.345656],[-122.329534,38.345646],[-122.329524,38.345635],[-122.329493,38.345577],[-122.329916,38.345438],[-122.329996,38.345591],[-122.329651,38.345704],[-122.329631,38.345692],[-122.329609,38.345682],[-122.329574,38.345671]]]},"properties":{"ASMTWithDash":"035-542-019-000","FullSitusAddress1":"9 ABRUZZINI CT, NAPA CA "}},{"type":"Feature","geometry":{"type":"Polygon","coordinates":[[[-122.335782,38.361897],[-122.336584,38.363413],[-122.32853,38.36629],[-122.328336,38.365921],[-122.32773,38.364774],[-122.3317,38.363356],[-122.335782,38.361897]]]},"properties":{"ASMTWithDash":"036-140-058-000","FullSitusAddress1":null}},{"type":"Feature","geometry":{"type":"Polygon","coordinates":[[[-122.341573,38.374781],[-122.342219,38.374575],[-122.342374,38.374884],[-122.341731,38.375105],[-122.341573,38.374781]]]},"properties":{"ASMTWithDash":"036-130-031-000","FullSitusAddress1":"5470 WASHINGTON ST, NAPA CA  "}},{"type":"Feature","geometry":{"type":"Polygon","coordinates":[[[-122.341476,38.343659],[-122.341873,38.343528],[-122.341664,38.343121],[-122.343854,38.342427],[-122.344133,38.342855],[-122.344299,38.343269],[-122.34457,38.3436],[-122.34525,38.346023],[-122.343099,38.34672],[-122.341476,38.343659]]]},"properties":{"ASMTWithDash":"035-041-022-000","FullSitusAddress1":"1240 ORCHARD AVE, NAPA CA  "}},{"type":"Feature","geometry":{"type":"Polygon","coordinates":[[[-122.32974,38.345098],[-122.330052,38.344996],[-122.330067,38.344994],[-122.330093,38.344994],[-122.330119,38.345001],[-122.33014,38.345013],[-122.330149,38.345021],[-122.330156,38.34503],[-122.330213,38.345139],[-122.329827,38.345266],[-122.32974,38.345098]]]},"properties":{"ASMTWithDash":"035-542-001-000","FullSitusAddress1":"202 ALCHEMY WAY, NAPA CA "}},{"type":"Feature","geometry":{"type":"Polygon","coordinates":[[[-122.340983,38.364478],[-122.341396,38.364346],[-122.34163,38.364804],[-122.341228,38.364936],[-122.340983,38.364478]]]},"properties":{"ASMTWithDash":"034-211-007-000","FullSitusAddress1":"1048 DARMS LN, NAPA CA  "}},{"type":"Feature","geometry":{"type":"Polygon","coordinates":[[[-122.368781,38.361461],[-122.369425,38.360575],[-122.36983,38.360757],[-122.369223,38.361606],[-122.368781,38.361461]]]},"properties":{"ASMTWithDash":"034-180-010-000","FullSitusAddress1":"4510 DRY CREEK RD, NAPA CA  "}},{"type":"Feature","geometry":{"type":"Polygon","coordinates":[[[-122.337557,38.344417],[-122.338672,38.344074],[-122.340177,38.343599],[-122.342061,38.34707],[-122.33945,38.347918],[-122.337557,38.344417]]]},"properties":{"ASMTWithDash":"035-041-015-000","FullSitusAddress1":"1200 ORCHARD AVE, NAPA CA  "}},{"type":"Feature","geometry":{"type":"Polygon","coordinates":[[[-122.325203,38.33985],[-122.326202,38.339524],[-122.325991,38.339117],[-122.32815,38.338416],[-122.328136,38.338387],[-122.328288,38.338334],[-122.329418,38.337976],[-122.330596,38.339291],[-122.327434,38.340297],[-122.325723,38.340841],[-122.325203,38.33985]]]},"properties":{"ASMTWithDash":"035-480-011-000","FullSitusAddress1":"4421 SOLANO AVE, NAPA CA  "}},{"type":"Feature","geometry":{"type":"Polygon","coordinates":[[[-122.353634,38.345298],[-122.355016,38.345026],[-122.354918,38.344936],[-122.355676,38.344788],[-122.356119,38.345234],[-122.354315,38.345974],[-122.353634,38.345298]]]},"properties":{"ASMTWithDash":"035-020-007-000","FullSitusAddress1":"4101 DRY CREEK RD, NAPA CA "}},{"type":"Feature","geometry":{"type":"Polygon","coordinates":[[[-122.329629,38.346553],[-122.32992,38.34646],[-122.330061,38.346732],[-122.329771,38.346825],[-122.329629,38.346553]]]},"properties":{"ASMTWithDash":"035-541-011-000","FullSitusAddress1":"232 MERANO WAY, NAPA CA "}},{"type":"Feature","geometry":{"type":"Polygon","coordinates":[[[-122.330434,38.345146],[-122.330816,38.345022],[-122.330853,38.345094],[-122.330925,38.345232],[-122.330544,38.345356],[-122.330434,38.345146]]]},"properties":{"ASMTWithDash":"035-541-002-000","FullSitusAddress1":"207 ALCHEMY WAY, NAPA CA "}},{"type":"Feature","geometry":{"type":"Polygon","coordinates":[[[-122.344472,38.343219],[-122.345017,38.343125],[-122.345102,38.343385],[-122.3449,38.343427],[-122.344845,38.343434],[-122.344789,38.343435],[-122.344733,38.343428],[-122.34468,38.343415],[-122.34463,38.343395],[-122.344584,38.343369],[-122.344545,38.343337],[-122.344513,38.343301],[-122.344488,38.343262],[-122.344472,38.343219]]]},"properties":{"ASMTWithDash":"035-062-001-000","FullSitusAddress1":"1311 ORCHARD AVE, NAPA CA  "}},{"type":"Feature","geometry":{"type":"Polygon","coordinates":[[[-122.341228,38.364936],[-122.34163,38.364804],[-122.341926,38.36536],[-122.341525,38.365495],[-122.341228,38.364936]]]},"properties":{"ASMTWithDash":"034-211-014-000","FullSitusAddress1":"1050 DARMS LN, NAPA CA  "}},{"type":"Feature","geometry":{"type":"Polygon","coordinates":[[[-122.357409,38.350419],[-122.357714,38.350497],[-122.35799,38.350547],[-122.358234,38.350593],[-122.358616,38.350628],[-122.358856,38.350645],[-122.358966,38.35066],[-122.359045,38.350681],[-122.359155,38.350724],[-122.359335,38.350832],[-122.359613,38.351031],[-122.360056,38.351265],[-122.360541,38.351648],[-122.360772,38.351904],[-122.361178,38.352217],[-122.362163,38.353059],[-122.36228,38.353135],[-122.362505,38.353335],[-122.362625,38.353487],[-122.362819,38.353657],[-122.363081,38.353902],[-122.363477,38.354288],[-122.363728,38.354603],[-122.363825,38.354728],[-122.363917,38.355009],[-122.363949,38.355146],[-122.363979,38.355245],[-122.36403,38.355337],[-122.364241,38.355668],[-122.364327,38.355838],[-122.364397,38.355992],[-122.364457,38.356137],[-122.364484,38.356337],[-122.364532,38.356566],[-122.364618,38.356803],[-122.364727,38.357002],[-122.364874,38.357215],[-122.364981,38.35734],[-122.365041,38.357416],[-122.365298,38.357859],[-122.365533,38.358235],[-122.365612,38.358345],[-122.365829,38.358537],[-122.366221,38.358962],[-122.36641,38.359135],[-122.366771,38.359612],[-122.367192,38.360262],[-122.367341,38.360487],[-122.367501,38.360671],[-122.367661,38.360845],[-122.367907,38.361038],[-122.36821,38.36121],[-122.368455,38.36133],[-122.368781,38.361461],[-122.369223,38.361606],[-122.369768,38.361798],[-122.36992,38.361851],[-122.370326,38.362006],[-122.370581,38.362164],[-122.371248,38.362577],[-122.371269,38.362661],[-122.371289,38.362754],[-122.371303,38.362839],[-122.371316,38.362899],[-122.371353,38.36296],[-122.371427,38.363067],[-122.371476,38.363141],[-122.371574,38.363271],[-122.371629,38.363397],[-122.371672,38.363528],[-122.371684,38.363632],[-122.37169,38.363744],[-122.371726,38.363828],[-122.371791,38.363922],[-122.371875,38.36401],[-122.371922,38.364047],[-122.371964,38.364098],[-122.37204,38.364238],[-122.372099,38.364336],[-122.372187,38.364441],[-122.372215,38.364526],[-122.372244,38.364577],[-122.372256,38.364601],[-122.372403,38.36475],[-122.372526,38.36488],[-122.372615,38.364954],[-122.372674,38.364991],[-122.372832,38.36508],[-122.372888,38.365117],[-122.373029,38.365287],[-122.373597,38.365979],[-122.374142,38.366449],[-122.374436,38.366579],[-122.375026,38.367041],[-122.374778,38.367124],[-122.370836,38.368331],[-122.364127,38.368583],[-122.361869,38.367538],[-122.356767,38.367596],[-122.356761,38.367584],[-122.354815,38.36435],[-122.35403,38.36285],[-122.354172,38.36283],[-122.354253,38.362755],[-122.354798,38.362461],[-122.354974,38.362321],[-122.355283,38.362065],[-122.355422,38.361723],[-122.35543,38.361641],[-122.35565,38.361367],[-122.355794,38.361166],[-122.356092,38.36095],[-122.356337,38.360815],[-122.356511,38.360685],[-122.357434,38.360189],[-122.354856,38.358774],[-122.354637,38.349657],[-122.354835,38.349739],[-122.354928,38.349821],[-122.355215,38.349923],[-122.355474,38.34999],[-122.355764,38.349979],[-122.356035,38.350027],[-122.356203,38.350035],[-122.356505,38.350067],[-122.356757,38.350179],[-122.357201,38.350293],[-122.357287,38.350315],[-122.357409,38.350419]]]},"properties":{"ASMTWithDash":"034-180-008-000","FullSitusAddress1":null}},{"type":"Feature","geometry":{"type":"Polygon","coordinates":[[[-122.347586,38.339585],[-122.348403,38.339315],[-122.348727,38.33978],[-122.348741,38.339791],[-122.348824,38.339941],[-122.349118,38.340468],[-122.349071,38.34048],[-122.348937,38.340532],[-122.348793,38.340479],[-122.348626,38.340597],[-122.348593,38.340687],[-122.348383,38.340826],[-122.348376,38.340937],[-122.348326,38.340973],[-122.347586,38.339585]]]},"properties":{"ASMTWithDash":"035-470-023-000","FullSitusAddress1":"3170 DRY CREEK RD, NAPA CA  "}},{"type":"Feature","geometry":{"type":"Polygon","coordinates":[[[-122.351162,38.349369],[-122.351297,38.349382],[-122.35142,38.34938],[-122.35156,38.349357],[-122.351724,38.349302],[-122.351821,38.349302],[-122.352088,38.349283],[-122.352718,38.34905],[-122.352999,38.34897],[-122.353324,38.348996],[-122.353574,38.349119],[-122.353716,38.349198],[-122.354209,38.349472],[-122.354637,38.349656],[-122.354637,38.349657],[-122.354856,38.358774],[-122.350734,38.356634],[-122.349352,38.357025],[-122.348472,38.356234],[-122.348271,38.356306],[-122.346827,38.356752],[-122.346466,38.356951],[-122.346378,38.357015],[-122.345881,38.353664],[-122.345311,38.352593],[-122.345291,38.352558],[-122.346659,38.352105],[-122.346729,38.351923],[-122.346598,38.351598],[-122.347217,38.350994],[-122.347253,38.351134],[-122.348553,38.350222],[-122.34909,38.349149],[-122.349544,38.349101],[-122.349672,38.349087],[-122.349951,38.349039],[-122.350005,38.34906],[-122.35029,38.349082],[-122.350563,38.349158],[-122.350963,38.34932],[-122.351162,38.349369]]]},"properties":{"ASMTWithDash":"034-190-020-000","FullSitusAddress1":null}},{"type":"Feature","geometry":{"type":"Polygon","coordinates":[[[-122.332889,38.36658],[-122.333334,38.366419],[-122.333909,38.367378],[-122.333451,38.36755],[-122.332889,38.36658]]]},"properties":{"ASMTWithDash":"036-230-036-000","FullSitusAddress1":"1120 VINEYARD LN, NAPA CA  "}},{"type":"Feature","geometry":{"type":"Polygon","coordinates":[[[-122.367802,38.359108],[-122.367426,38.358911],[-122.36741,38.358066],[-122.366927,38.357863],[-122.366575,38.357194],[-122.365699,38.356463],[-122.367042,38.35607],[-122.369013,38.357346],[-122.369244,38.358398],[-122.367875,38.359181],[-122.367802,38.359108]]]},"properties":{"ASMTWithDash":"034-270-010-000","FullSitusAddress1":"4479 DRY CREEK RD, NAPA CA  "}},{"type":"Feature","geometry":{"type":"Polygon","coordinates":[[[-122.332804,38.347399],[-122.332578,38.347288],[-122.332198,38.347231],[-122.331704,38.346362],[-122.333115,38.345898],[-122.333906,38.34723],[-122.332955,38.347566],[-122.332804,38.347399]]]},"properties":{"ASMTWithDash":"035-041-003-000","FullSitusAddress1":null}},{"type":"Feature","geometry":{"type":"Polygon","coordinates":[[[-122.330293,38.345874],[-122.330551,38.34579],[-122.330658,38.345996],[-122.330659,38.346007],[-122.330658,38.346017],[-122.330655,38.346028],[-122.330649,38.346038],[-122.330642,38.346047],[-122.330633,38.346055],[-122.330622,38.346062],[-122.33061,38.346068],[-122.330426,38.346128],[-122.330293,38.345874]]]},"properties":{"ASMTWithDash":"035-542-006-000","FullSitusAddress1":"243 MERANO WAY, NAPA CA "}},{"type":"Feature","geometry":{"type":"Polygon","coordinates":[[[-122.34554,38.342743],[-122.345844,38.342681],[-122.346014,38.343199],[-122.34571,38.343261],[-122.34554,38.342743]]]},"properties":{"ASMTWithDash":"035-062-008-000","FullSitusAddress1":"1325 ORCHARD AVE, NAPA CA  "}},{"type":"Feature","geometry":{"type":"Polygon","coordinates":[[[-122.330031,38.344551],[-122.32999,38.344476],[-122.330343,38.344357],[-122.330432,38.344521],[-122.330079,38.34464],[-122.330031,38.344551]]]},"properties":{"ASMTWithDash":"035-554-002-000","FullSitusAddress1":"80 PORTOFINO WAY, NAPA CA "}},{"type":"Feature","geometry":{"type":"Polygon","coordinates":[[[-122.326316,38.341917],[-122.326422,38.341882],[-122.326569,38.342149],[-122.326463,38.342183],[-122.326316,38.341917]]]},"properties":{"ASMTWithDash":"035-480-008-000","FullSitusAddress1":null}},{"type":"Feature","geometry":{"type":"Polygon","coordinates":[[[-122.364996,38.355926],[-122.364444,38.355338],[-122.364279,38.35486],[-122.364202,38.354772],[-122.364318,38.354845],[-122.364408,38.355079],[-122.364916,38.35536],[-122.36543,38.35558],[-122.365515,38.35524],[-122.365427,38.354855],[-122.365134,38.354413],[-122.366428,38.353892],[-122.366987,38.353759],[-122.367256,38.35368],[-122.367729,38.354112],[-122.367946,38.354489],[-122.367985,38.354554],[-122.368157,38.355028],[-122.36805,38.355409],[-122.367785,38.355854],[-122.367042,38.35607],[-122.365699,38.356463],[-122.364996,38.355926]]]},"properties":{"ASMTWithDash":"034-270-011-000","FullSitusAddress1":"4354 DRY CREEK RD, NAPA CA  "}},{"type":"Feature","geometry":{"type":"Polygon","coordinates":[[[-122.341858,38.366744],[-122.341885,38.366735],[-122.342095,38.36713],[-122.341753,38.367241],[-122.341544,38.366847],[-122.341858,38.366744]]]},"properties":{"ASMTWithDash":"034-211-030-000","FullSitusAddress1":"1254 CARRELL LN, NAPA CA  "}},{"type":"Feature","geometry":{"type":"Polygon","coordinates":[[[-122.360155,38.350392],[-122.359701,38.350012],[-122.360255,38.349609],[-122.36045,38.349456],[-122.361132,38.34925],[-122.361301,38.348977],[-122.361654,38.348751],[-122.362243,38.349067],[-122.362498,38.349626],[-122.361835,38.349791],[-122.361456,38.349949],[-122.360661,38.35032],[-122.360467,38.350472],[-122.360155,38.350392]]]},"properties":{"ASMTWithDash":"034-270-014-000","FullSitusAddress1":"4252 DRY CREEK RD, NAPA CA  "}},{"type":"Feature","geometry":{"type":"Polygon","coordinates":[[[-122.32229,38.340519],[-122.322284,38.340509],[-122.32228,38.340499],[-122.322278,38.340488],[-122.322278,38.340477],[-122.32228,38.340466],[-122.322285,38.340456],[-122.322292,38.340446],[-122.3223,38.340438],[-122.322311,38.34043],[-122.322322,38.340424],[-122.322371,38.340409],[-122.324002,38.339886],[-122.324035,38.339881],[-122.324069,38.33988],[-122.324103,38.339884],[-122.324136,38.339893],[-122.324161,38.339903],[-122.324184,38.339917],[-122.324204,38.339932],[-122.324222,38.33995],[-122.324236,38.33997],[-122.324496,38.34044],[-122.324971,38.341324],[-122.324189,38.341577],[-122.323916,38.341665],[-122.323627,38.341759],[-122.323339,38.341852],[-122.323041,38.341949],[-122.32229,38.340519]]]},"properties":{"ASMTWithDash":"036-213-014-000","FullSitusAddress1":"1870 SALVADOR AVE, NAPA CA "}},{"type":"Feature","geometry":{"type":"Polygon","coordinates":[[[-122.329044,38.344585],[-122.329253,38.344515],[-122.329389,38.344767],[-122.329181,38.344837],[-122.329044,38.344585]]]},"properties":{"ASMTWithDash":"035-554-014-000","FullSitusAddress1":"24 MARSALA WAY, NAPA CA "}},{"type":"Feature","geometry":{"type":"Polygon","coordinates":[[[-122.341133,38.352349],[-122.341077,38.352242],[-122.343535,38.351429],[-122.343681,38.351706],[-122.344287,38.352842],[-122.34431,38.352882],[-122.341872,38.353687],[-122.341133,38.352349]]]},"properties":{"ASMTWithDash":"035-490-011-000","FullSitusAddress1":"2211 W OAK KNOLL AVE, NAPA CA "}},{"type":"Feature","geometry":{"type":"Polygon","coordinates":[[[-122.369223,38.361606],[-122.36983,38.360757],[-122.370214,38.360888],[-122.370432,38.361042],[-122.37034,38.36114],[-122.370274,38.36111],[-122.369768,38.361798],[-122.369223,38.361606]]]},"properties":{"ASMTWithDash":"034-180-017-000","FullSitusAddress1":"4512 DRY CREEK RD, NAPA CA "}},{"type":"Feature","geometry":{"type":"Polygon","coordinates":[[[-122.333011,38.343914],[-122.33291,38.343947],[-122.332706,38.344012],[-122.332605,38.343824],[-122.332479,38.343589],[-122.332781,38.343489],[-122.333011,38.343914]]]},"properties":{"ASMTWithDash":"035-570-007-000","FullSitusAddress1":"150 LUKE DR, NAPA CA "}},{"type":"Feature","geometry":{"type":"Polygon","coordinates":[[[-122.338045,38.366869],[-122.338112,38.366991],[-122.338173,38.367115],[-122.338254,38.367219],[-122.338331,38.367325],[-122.338335,38.367395],[-122.33762,38.367629],[-122.337383,38.367089],[-122.338045,38.366869]]]},"properties":{"ASMTWithDash":"036-230-026-000","FullSitusAddress1":"5284 WASHINGTON ST, NAPA CA  "}},{"type":"Feature","geometry":{"type":"Polygon","coordinates":[[[-122.364285,38.370004],[-122.364127,38.368583],[-122.370836,38.368331],[-122.374778,38.367124],[-122.375126,38.367343],[-122.375338,38.367555],[-122.37563,38.368116],[-122.376568,38.369186],[-122.369814,38.370179],[-122.364285,38.370004]]]},"properties":{"ASMTWithDash":"034-170-008-000","FullSitusAddress1":null}},{"type":"Feature","geometry":{"type":"Polygon","coordinates":[[[-122.327948,38.343193],[-122.32814,38.343132],[-122.328263,38.343369],[-122.328072,38.34343],[-122.327948,38.343193]]]},"properties":{"ASMTWithDash":"035-503-014-000","FullSitusAddress1":"19 LUKE DR, NAPA CA  "}},{"type":"Feature","geometry":{"type":"Polygon","coordinates":[[[-122.329887,38.342571],[-122.330085,38.342508],[-122.330241,38.342802],[-122.33004,38.342848],[-122.329887,38.342571]]]},"properties":{"ASMTWithDash":"035-503-004-000","FullSitusAddress1":"59 LUKE DR, NAPA CA  "}},{"type":"Feature","geometry":{"type":"Polygon","coordinates":[[[-122.329389,38.344767],[-122.329599,38.344699],[-122.329735,38.344949],[-122.329526,38.345019],[-122.329389,38.344767]]]},"properties":{"ASMTWithDash":"035-554-006-000","FullSitusAddress1":"27 HAVEN WAY, NAPA CA "}},{"type":"Feature","geometry":{"type":"Polygon","coordinates":[[[-122.333505,38.345151],[-122.333503,38.345127],[-122.333633,38.345138],[-122.334094,38.344989],[-122.334286,38.345358],[-122.333594,38.34558],[-122.333432,38.345268],[-122.333453,38.345253],[-122.333471,38.345236],[-122.333486,38.345216],[-122.333497,38.345196],[-122.333503,38.345174],[-122.333505,38.345151]]]},"properties":{"ASMTWithDash":"035-532-002-000","FullSitusAddress1":"14 FALLEN LEAF CT, NAPA CA  "}},{"type":"Feature","geometry":{"type":"Polygon","coordinates":[[[-122.33873,38.365842],[-122.339735,38.365511],[-122.339799,38.365491],[-122.34006,38.365979],[-122.338986,38.366331],[-122.33873,38.365842]]]},"properties":{"ASMTWithDash":"034-211-050-000","FullSitusAddress1":"5253 SOLANO AVE, NAPA CA  "}},{"type":"Feature","geometry":{"type":"Polygon","coordinates":[[[-122.341037,38.363511],[-122.341148,38.363383],[-122.341268,38.363236],[-122.341387,38.363083],[-122.341539,38.362983],[-122.342102,38.364033],[-122.341434,38.364253],[-122.341037,38.363511]]]},"properties":{"ASMTWithDash":"034-212-014-000","FullSitusAddress1":"1057 DARMS LN, NAPA CA  "}},{"type":"Feature","geometry":{"type":"Polygon","coordinates":[[[-122.334742,38.349366],[-122.334456,38.349169],[-122.333986,38.348725],[-122.333814,38.348342],[-122.333595,38.348017],[-122.333383,38.347946],[-122.333144,38.34779],[-122.332955,38.347566],[-122.333906,38.34723],[-122.334211,38.347736],[-122.334935,38.348984],[-122.335082,38.349252],[-122.33517,38.349425],[-122.334931,38.349501],[-122.334742,38.349366]]]},"properties":{"ASMTWithDash":"035-041-011-000","FullSitusAddress1":"1070 ORCHARD AVE, NAPA CA  "}},{"type":"Feature","geometry":{"type":"Polygon","coordinates":[[[-122.35088,38.342313],[-122.352009,38.343848],[-122.354465,38.346303],[-122.350481,38.347104],[-122.350396,38.347126],[-122.350314,38.347154],[-122.350235,38.347189],[-122.350162,38.347229],[-122.350094,38.347276],[-122.350033,38.347327],[-122.349978,38.347383],[-122.349931,38.347443],[-122.349892,38.347507],[-122.349567,38.348116],[-122.349516,38.348126],[-122.346896,38.348638],[-122.346774,38.348171],[-122.346567,38.348211],[-122.345911,38.345807],[-122.348639,38.3449],[-122.34888,38.34482],[-122.348596,38.34278],[-122.35088,38.342313]]]},"properties":{"ASMTWithDash":"035-031-020-000","FullSitusAddress1":null}},{"type":"Feature","geometry":{"type":"Polygon","coordinates":[[[-122.334971,38.358196],[-122.335738,38.35795],[-122.335773,38.358017],[-122.336074,38.358588],[-122.335308,38.358834],[-122.334971,38.358196]]]},"properties":{"ASMTWithDash":"034-190-022-000","FullSitusAddress1":"5129 ST HELENA HWY, NAPA CA  "}},{"type":"Feature","geometry":{"type":"Polygon","coordinates":[[[-122.374532,38.362239],[-122.374536,38.361606],[-122.374536,38.361594],[-122.37443,38.361337],[-122.375134,38.361051],[-122.375419,38.360948],[-122.375757,38.361306],[-122.375526,38.362088],[-122.375554,38.362642],[-122.375465,38.362663],[-122.374537,38.362882],[-122.374532,38.362239]]]},"properties":{"ASMTWithDash":"034-260-010-000","FullSitusAddress1":"4611 DRY CREEK RD, NAPA CA  "}},{"type":"Feature","geometry":{"type":"Polygon","coordinates":[[[-122.330079,38.34464],[-122.330432,38.344521],[-122.330508,38.344662],[-122.330512,38.344673],[-122.330515,38.344684],[-122.330514,38.344696],[-122.330512,38.344707],[-122.330506,38.344718],[-122.330499,38.344728],[-122.33049,38.344737],[-122.330479,38.344744],[-122.330466,38.34475],[-122.330452,38.344755],[-122.330374,38.344771],[-122.330296,38.344785],[-122.330172,38.344811],[-122.330079,38.34464]]]},"properties":{"ASMTWithDash":"035-554-003-000","FullSitusAddress1":"39 HAVEN WAY, NAPA CA "}},{"type":"Feature","geometry":{"type":"Polygon","coordinates":[[[-122.345228,38.367724],[-122.345508,38.367632],[-122.346155,38.368846],[-122.345876,38.368938],[-122.345228,38.367724]]]},"properties":{"ASMTWithDash":"034-200-008-000","FullSitusAddress1":"1326 HILLVIEW LN, NAPA CA  "}},{"type":"Feature","geometry":{"type":"Polygon","coordinates":[[[-122.334032,38.356446],[-122.334735,38.356215],[-122.335307,38.357139],[-122.334542,38.357385],[-122.334032,38.356446]]]},"properties":{"ASMTWithDash":"034-190-025-000","FullSitusAddress1":"5097 SOLANO AVE, NAPA CA "}},{"type":"Feature","geometry":{"type":"Polygon","coordinates":[[[-122.333258,38.344505],[-122.333087,38.344468],[-122.333096,38.344457],[-122.333107,38.344439],[-122.333114,38.344421],[-122.333117,38.344402],[-122.333118,38.344383],[-122.333114,38.344364],[-122.333107,38.344345],[-122.333209,38.344333],[-122.333687,38.344207],[-122.33386,38.34454],[-122.333399,38.344688],[-122.333355,38.344702],[-122.333258,38.344505]]]},"properties":{"ASMTWithDash":"035-532-021-000","FullSitusAddress1":"14 AMBER LEAF CT, NAPA CA "}},{"type":"Feature","geometry":{"type":"Polygon","coordinates":[[[-122.332605,38.343824],[-122.332706,38.344012],[-122.3326,38.344046],[-122.332367,38.344121],[-122.332135,38.343874],[-122.332152,38.343859],[-122.332166,38.343841],[-122.332176,38.343822],[-122.332183,38.343802],[-122.332186,38.343781],[-122.332605,38.343824]]]},"properties":{"ASMTWithDash":"035-552-002-000","FullSitusAddress1":"75 AUTUMN RUN WAY, NAPA CA "}},{"type":"Feature","geometry":{"type":"Polygon","coordinates":[[[-122.329806,38.344627],[-122.330031,38.344551],[-122.330079,38.34464],[-122.330172,38.344811],[-122.330056,38.344842],[-122.329943,38.344879],[-122.329806,38.344627]]]},"properties":{"ASMTWithDash":"035-554-004-000","FullSitusAddress1":"35 HAVEN WAY, NAPA CA "}},{"type":"Feature","geometry":{"type":"Polygon","coordinates":[[[-122.335271,38.341314],[-122.335676,38.342086],[-122.335142,38.342262],[-122.333713,38.342736],[-122.333643,38.342656],[-122.333501,38.342494],[-122.33336,38.342332],[-122.333219,38.34217],[-122.333079,38.34201],[-122.333699,38.341813],[-122.335271,38.341314]]]},"properties":{"ASMTWithDash":"035-042-053-000","FullSitusAddress1":"1153 ORCHARD AVE, NAPA CA "}},{"type":"Feature","geometry":{"type":"Polygon","coordinates":[[[-122.341423,38.374479],[-122.342074,38.374265],[-122.342219,38.374575],[-122.341573,38.374781],[-122.341423,38.374479]]]},"properties":{"ASMTWithDash":"036-130-033-000","FullSitusAddress1":"5460 WASHINGTON ST, NAPA CA  "}},{"type":"Feature","geometry":{"type":"Polygon","coordinates":[[[-122.341045,38.340917],[-122.340948,38.340908],[-122.340882,38.340886],[-122.340698,38.34083],[-122.340553,38.340803],[-122.340424,38.340761],[-122.340284,38.34072],[-122.340228,38.34069],[-122.340107,38.340451],[-122.341045,38.340144],[-122.34143,38.340879],[-122.341471,38.340874],[-122.341543,38.340886],[-122.341689,38.340867],[-122.34191,38.340784],[-122.34199,38.340751],[-122.342027,38.340827],[-122.342449,38.341636],[-122.342916,38.342522],[-122.34206,38.342808],[-122.341045,38.340917]]]},"properties":{"ASMTWithDash":"035-042-042-000","FullSitusAddress1":"1251 ORCHARD AVE, NAPA CA "}},{"type":"Feature","geometry":{"type":"Polygon","coordinates":[[[-122.33134,38.343417],[-122.331732,38.343306],[-122.331751,38.343359],[-122.331765,38.343413],[-122.331774,38.343468],[-122.331777,38.343523],[-122.331325,38.343576],[-122.33134,38.343417]]]},"properties":{"ASMTWithDash":"035-553-005-000","FullSitusAddress1":"50 AUTUMN RUN WAY, NAPA CA "}},{"type":"Feature","geometry":{"type":"Polygon","coordinates":[[[-122.336104,38.343114],[-122.336168,38.343093],[-122.33692,38.344519],[-122.336856,38.34454],[-122.336104,38.343114]]]},"properties":{"ASMTWithDash":"035-042-048-000","FullSitusAddress1":null}},{"type":"Feature","geometry":{"type":"Polygon","coordinates":[[[-122.330783,38.343232],[-122.330802,38.343213],[-122.330816,38.343193],[-122.330825,38.34317],[-122.330829,38.343147],[-122.330829,38.343124],[-122.330903,38.343119],[-122.331229,38.343206],[-122.331265,38.343273],[-122.33131,38.343357],[-122.331058,38.343442],[-122.330783,38.343232]]]},"properties":{"ASMTWithDash":"035-501-003-000","FullSitusAddress1":"12 WHITE FIR CT, NAPA CA  "}},{"type":"Feature","geometry":{"type":"Polygon","coordinates":[[[-122.341967,38.366154],[-122.342291,38.366047],[-122.342372,38.3662],[-122.342542,38.366519],[-122.342226,38.366623],[-122.342211,38.366628],[-122.341967,38.366154]]]},"properties":{"ASMTWithDash":"034-211-028-000","FullSitusAddress1":"1273 CARRELL LN, NAPA CA  "}},{"type":"Feature","geometry":{"type":"Polygon","coordinates":[[[-122.367539,38.35047],[-122.367303,38.350125],[-122.366976,38.350182],[-122.366652,38.350064],[-122.366484,38.349913],[-122.366234,38.34941],[-122.369403,38.348339],[-122.369639,38.348804],[-122.370404,38.350554],[-122.369083,38.350339],[-122.368987,38.350163],[-122.367608,38.350597],[-122.367539,38.35047]]]},"properties":{"ASMTWithDash":"034-270-036-000","FullSitusAddress1":"4271 DRY CREEK RD, NAPA CA  "}},{"type":"Feature","geometry":{"type":"Polygon","coordinates":[[[-122.38807,38.359621],[-122.387926,38.359471],[-122.387784,38.359369],[-122.387597,38.359243],[-122.387454,38.359151],[-122.387299,38.359054],[-122.387119,38.358952],[-122.387032,38.358889],[-122.386908,38.358787],[-122.386672,38.358573],[-122.386535,38.358452],[-122.386392,38.358287],[-122.386267,38.358136],[-122.386161,38.357976],[-122.386043,38.35783],[-122.385943,38.357733],[-122.385794,38.357612],[-122.385738,38.357573],[-122.385645,38.357524],[-122.38549,38.357408],[-122.385372,38.357345],[-122.385248,38.357287],[-122.385148,38.357234],[-122.38508,38.357132],[-122.384999,38.356991],[-122.38493,38.35684],[-122.384873,38.356645],[-122.384866,38.356533],[-122.384909,38.356435],[-122.385007,38.356294],[-122.385056,38.356196],[-122.385068,38.356104],[-122.385036,38.355982],[-122.384943,38.355846],[-122.3848,38.355734],[-122.38457,38.355608],[-122.38444,38.355492],[-122.384266,38.35539],[-122.384005,38.35525],[-122.383825,38.355119],[-122.383732,38.35506],[-122.383664,38.354988],[-122.383613,38.354851],[-122.383613,38.35471],[-122.383575,38.354564],[-122.383531,38.354418],[-122.383437,38.354306],[-122.383307,38.35418],[-122.383201,38.354073],[-122.382989,38.35384],[-122.382896,38.353714],[-122.38287,38.353577],[-122.38287,38.35346],[-122.382881,38.35328],[-122.382936,38.353109],[-122.38296,38.352978],[-122.382965,38.352861],[-122.382897,38.352729],[-122.382741,38.352481],[-122.382635,38.352331],[-122.382373,38.351976],[-122.382279,38.351811],[-122.382155,38.351699],[-122.382018,38.351587],[-122.381844,38.351476],[-122.381739,38.351384],[-122.381645,38.351306],[-122.381608,38.351238],[-122.381614,38.351131],[-122.381619,38.350907],[-122.381636,38.350707],[-122.381642,38.350609],[-122.381567,38.350473],[-122.381423,38.350264],[-122.381305,38.350113],[-122.381187,38.349948],[-122.381062,38.349866],[-122.380932,38.349813],[-122.380759,38.349745],[-122.380566,38.349629],[-122.380287,38.349425],[-122.380144,38.349333],[-122.380001,38.349265],[-122.379821,38.349197],[-122.379599,38.349174],[-122.379252,38.349141],[-122.37914,38.349122],[-122.379084,38.349083],[-122.378973,38.349],[-122.378941,38.348903],[-122.378921,38.34866],[-122.378921,38.348509],[-122.37887,38.348377],[-122.37882,38.34827],[-122.378739,38.348178],[-122.378603,38.348095],[-122.378423,38.348072],[-122.378207,38.348063],[-122.37804,38.348029],[-122.377953,38.347986],[-122.37789,38.34784],[-122.37784,38.347737],[-122.377838,38.347421],[-122.377782,38.347314],[-122.377707,38.347207],[-122.377601,38.347046],[-122.37747,38.346862],[-122.377426,38.34675],[-122.377382,38.346594],[-122.377344,38.346428],[-122.377343,38.346272],[-122.377336,38.346097],[-122.377304,38.345902],[-122.377242,38.345747],[-122.377179,38.34562],[-122.377147,38.345304],[-122.377133,38.345157],[-122.377127,38.345016],[-122.377132,38.344894],[-122.377212,38.344758],[-122.377372,38.344577],[-122.37747,38.344479],[-122.377587,38.344347],[-122.377562,38.344313],[-122.377648,38.344245],[-122.377691,38.344108],[-122.37769,38.343952],[-122.377677,38.343738],[-122.377632,38.343548],[-122.377612,38.343299],[-122.377606,38.343187],[-122.377617,38.343066],[-122.377685,38.342973],[-122.377753,38.34289],[-122.377808,38.342826],[-122.377832,38.342729],[-122.377801,38.342631],[-122.377683,38.342534],[-122.377477,38.342335],[-122.37739,38.342243],[-122.377322,38.342136],[-122.377302,38.341956],[-122.377308,38.341814],[-122.377338,38.341736],[-122.377443,38.341663],[-122.37756,38.341536],[-122.377652,38.34137],[-122.37767,38.341243],[-122.37765,38.341092],[-122.377588,38.340946],[-122.377482,38.340776],[-122.377363,38.340669],[-122.37727,38.340616],[-122.37701,38.340495],[-122.376799,38.340418],[-122.37657,38.340316],[-122.376415,38.340219],[-122.376197,38.340103],[-122.376048,38.339962],[-122.37577,38.339689],[-122.375815,38.33949],[-122.377937,38.337171],[-122.379272,38.335713],[-122.379622,38.335471],[-122.380361,38.336181],[-122.380951,38.336725],[-122.381932,38.337621],[-122.382321,38.337978],[-122.382358,38.338295],[-122.382957,38.338525],[-122.383021,38.339114],[-122.383672,38.338732],[-122.383777,38.33882],[-122.384653,38.338746],[-122.384274,38.339651],[-122.384647,38.3403],[-122.384752,38.340682],[-122.385407,38.340645],[-122.38631,38.340823],[-122.386759,38.341172],[-122.387063,38.341238],[-122.387386,38.341298],[-122.387954,38.341629],[-122.3881,38.34185],[-122.388882,38.341546],[-122.389111,38.340858],[-122.389356,38.340576],[-122.389797,38.340699],[-122.389937,38.341058],[-122.390168,38.341193],[-122.390587,38.341149],[-122.390742,38.341213],[-122.390803,38.341228],[-122.391328,38.341389],[-122.391313,38.341768],[-122.3912,38.342139],[-122.391309,38.342337],[-122.391979,38.342346],[-122.392442,38.342222],[-122.393101,38.342294],[-122.393979,38.342652],[-122.392484,38.347124],[-122.39109,38.351323],[-122.388233,38.35977],[-122.38807,38.359621]]]},"properties":{"ASMTWithDash":"034-230-020-000","FullSitusAddress1":"1701 MT VEEDER RD, NAPA CA  "}},{"type":"Feature","geometry":{"type":"Polygon","coordinates":[[[-122.343311,38.366261],[-122.343661,38.366144],[-122.34388,38.36655],[-122.343525,38.366665],[-122.343311,38.366261]]]},"properties":{"ASMTWithDash":"034-211-042-000","FullSitusAddress1":"1304 CARRELL LN, NAPA CA  "}},{"type":"Feature","geometry":{"type":"Polygon","coordinates":[[[-122.326618,38.34182],[-122.326823,38.341755],[-122.32697,38.342022],[-122.326768,38.342086],[-122.326618,38.34182]]]},"properties":{"ASMTWithDash":"035-480-006-000","FullSitusAddress1":"4437 SOLANO AVE, NAPA CA  "}},{"type":"Feature","geometry":{"type":"Polygon","coordinates":[[[-122.343152,38.366786],[-122.34294,38.366385],[-122.343102,38.366329],[-122.343311,38.366261],[-122.343525,38.366665],[-122.343153,38.366787],[-122.343152,38.366786]]]},"properties":{"ASMTWithDash":"034-211-041-000","FullSitusAddress1":"1294 CARRELL LN, NAPA CA  "}},{"type":"Feature","geometry":{"type":"Polygon","coordinates":[[[-122.331224,38.342197],[-122.331452,38.342123],[-122.331593,38.342389],[-122.3315,38.34241],[-122.331428,38.342429],[-122.331358,38.342451],[-122.331224,38.342197]]]},"properties":{"ASMTWithDash":"035-551-002-000","FullSitusAddress1":"83 LUKE DR, NAPA CA "}}]}