{"type":"FeatureCollection","source":"https://gis-public.sandiegocounty.gov/arcgis/rest/services/LAFCO/parcels/MapServer/0","retrieved":"2026-09-25","features":[{"type":"Feature","geometry":{"type":"Polygon","coordinates":[[[-117.066552,32.89236,0.0],[-117.06661,32.895113,0.0],[-117.066681,32.898524,0.0],[-117.06859,32.898492,0.0],[-117.071622,32.898441,0.0],[-117.071827,32.898436,0.0],[-117.072036,32.898432,0.0],[-117.072401,32.898423,0.0],[-117.075241,32.898376,0.0],[-117.075235,32.896636,0.0],[-117.078339,32.896583,0.0],[-117.0816,32.896542,0.0],[-117.084105,32.896511,0.0],[-117.084163,32.894996,0.0],[-117.084175,32.894675,0.0],[-117.084175,32.894672,0.0],[-117.084175,32.894666,0.0],[-117.084266,32.892239,0.0],[-117.084308,32.891092,0.0],[-117.084301,32.891092,0.0],[-117.083802,32.891096,0.0],[-117.081571,32.891111,0.0],[-117.078519,32.891128,0.0],[-117.075346,32.891147,0.0],[-117.07232,32.891167,0.0],[-117.069626,32.891182,0.0],[-117.068522,32.891189,0.0],[-117.066586,32.8912,0.0],[-117.066586,32.8912,0.0],[-117.066552,32.89236,0.0]]]},"properties":{"APN":"3640100900","SITUS_ADDRESS":0,"SITUS_STREET":"","SITUS_SUFFIX":""}},{"type":"Feature","geometry":{"type":"Polygon","coordinates":[[[-117.10118,32.89488,0.0],[-117.101186,32.895553,0.0],[-117.101815,32.896437,0.0],[-117.102263,32.896601,0.0],[-117.102676,32.897408,0.0],[-117.103743,32.897116,0.0],[-117.105284,32.896428,0.0],[-117.106494,32.895888,0.0],[-117.107476,32.895449,0.0],[-117.107655,32.895364,0.0],[-117.107908,32.895243,0.0],[-117.107916,32.89524,0.0],[-117.10793,32.895234,0.0],[-117.107945,32.895228,0.0],[-117.10796,32.895223,0.0],[-117.107975,32.895218,0.0],[-117.107991,32.895214,0.0],[-117.108006,32.89521,0.0],[-117.108022,32.895206,0.0],[-117.108038,32.895203,0.0],[-117.108054,32.8952,0.0],[-117.10807,32.895198,0.0],[-117.1085,32.894829,0.0],[-117.108652,32.894699,0.0],[-117.108659,32.894692,0.0],[-117.108671,32.894682,0.0],[-117.108682,32.894672,0.0],[-117.108693,32.894662,0.0],[-117.108705,32.894653,0.0],[-117.108716,32.894643,0.0],[-117.108728,32.894633,0.0],[-117.10874,32.894624,0.0],[-117.108752,32.894615,0.0],[-117.108764,32.894605,0.0],[-117.108776,32.894596,0.0],[-117.108788,32.894587,0.0],[-117.1088,32.894578,0.0],[-117.108813,32.894569,0.0],[-117.108825,32.89456,0.0],[-117.108838,32.894551,0.0],[-117.10885,32.894543,0.0],[-117.108863,32.894534,0.0],[-117.108876,32.894526,0.0],[-117.108889,32.894518,0.0],[-117.108902,32.894509,0.0],[-117.108915,32.894501,0.0],[-117.108928,32.894493,0.0],[-117.108942,32.894485,0.0],[-117.108955,32.894477,0.0],[-117.108968,32.89447,0.0],[-117.108982,32.894462,0.0],[-117.108996,32.894454,0.0],[-117.109009,32.894447,0.0],[-117.109023,32.89444,0.0],[-117.109037,32.894432,0.0],[-117.109051,32.894425,0.0],[-117.109065,32.894418,0.0],[-117.109079,32.894412,0.0],[-117.109093,32.894405,0.0],[-117.109107,32.894398,0.0],[-117.109122,32.894392,0.0],[-117.109136,32.894385,0.0],[-117.109151,32.894379,0.0],[-117.109165,32.894372,0.0],[-117.10918,32.894366,0.0],[-117.109194,32.89436,0.0],[-117.109209,32.894354,0.0],[-117.109224,32.894349,0.0],[-117.109239,32.894343,0.0],[-117.109254,32.894337,0.0],[-117.109269,32.894332,0.0],[-117.109284,32.894327,0.0],[-117.109299,32.894322,0.0],[-117.109314,32.894316,0.0],[-117.109329,32.894311,0.0],[-117.109344,32.894307,0.0],[-117.109359,32.894302,0.0],[-117.109375,32.894297,0.0],[-117.10939,32.894293,0.0],[-117.109406,32.894288,0.0],[-117.109421,32.894284,0.0],[-117.109437,32.89428,0.0],[-117.109452,32.894276,0.0],[-117.109758,32.8942,0.0],[-117.109762,32.894199,0.0],[-117.109756,32.893188,0.0],[-117.109754,32.891157,0.0],[-117.109748,32.891157,0.0],[-117.107614,32.891162,0.0],[-117.105232,32.891167,0.0],[-117.105223,32.891167,0.0],[-117.105216,32.891167,0.0],[-117.101069,32.891176,0.0],[-117.10118,32.89488,0.0]]]},"properties":{"APN":"3630710200","SITUS_ADDRESS":9999,"SITUS_STREET":"WILLOWCREEK","SITUS_SUFFIX":"RD"}},{"type":"Feature","geometry":{"type":"Polygon","coordinates":[[[-117.11855,32.891876,0.0],[-117.118514,32.89255,0.0],[-117.118863,32.892545,0.0],[-117.118875,32.892545,0.0],[-117.118888,32.892544,0.0],[-117.119302,32.892539,0.0],[-117.119331,32.892047,0.0],[-117.11932,32.892035,0.0],[-117.119311,32.892025,0.0],[-117.119301,32.892014,0.0],[-117.119291,32.892003,0.0],[-117.119281,32.891992,0.0],[-117.119271,32.891981,0.0],[-117.119261,32.89197,0.0],[-117.119251,32.891959,0.0],[-117.119241,32.891949,0.0],[-117.119231,32.891938,0.0],[-117.11922,32.891927,0.0],[-117.11921,32.891917,0.0],[-117.119199,32.891907,0.0],[-117.119188,32.891896,0.0],[-117.119178,32.891886,0.0],[-117.119167,32.891876,0.0],[-117.119157,32.891866,0.0],[-117.11855,32.891876,0.0]]]},"properties":{"APN":"3412400300","SITUS_ADDRESS":9310,"SITUS_STREET":"KEARNY MESA","SITUS_SUFFIX":"RD"}},{"type":"Feature","geometry":{"type":"Polygon","coordinates":[[[-117.117476,32.893228,0.0],[-117.117499,32.893238,0.0],[-117.117655,32.893305,0.0],[-117.117867,32.892972,0.0],[-117.118294,32.892991,0.0],[-117.11837,32.891672,0.0],[-117.118373,32.891658,0.0],[-117.118372,32.891644,0.0],[-117.118367,32.891632,0.0],[-117.118358,32.89162,0.0],[-117.118346,32.891611,0.0],[-117.118339,32.891604,0.0],[-117.11833,32.891592,0.0],[-117.118323,32.89158,0.0],[-117.118317,32.891567,0.0],[-117.118314,32.891554,0.0],[-117.118312,32.89154,0.0],[-117.118311,32.891526,0.0],[-117.118313,32.891513,0.0],[-117.118317,32.891499,0.0],[-117.118322,32.891486,0.0],[-117.118329,32.891474,0.0],[-117.118338,32.891462,0.0],[-117.118348,32.891452,0.0],[-117.11836,32.891442,0.0],[-117.118372,32.891434,0.0],[-117.118386,32.891426,0.0],[-117.118389,32.891341,0.0],[-117.118366,32.891325,0.0],[-117.118326,32.891396,0.0],[-117.118304,32.891443,0.0],[-117.118281,32.89149,0.0],[-117.118257,32.891536,0.0],[-117.118232,32.891582,0.0],[-117.118206,32.891627,0.0],[-117.118179,32.891673,0.0],[-117.118151,32.891717,0.0],[-117.118123,32.891762,0.0],[-117.118093,32.891805,0.0],[-117.118063,32.891849,0.0],[-117.118031,32.891892,0.0],[-117.117999,32.891934,0.0],[-117.117966,32.891976,0.0],[-117.117932,32.892018,0.0],[-117.117897,32.892059,0.0],[-117.117861,32.892099,0.0],[-117.117825,32.892139,0.0],[-117.117787,32.892179,0.0],[-117.117749,32.892218,0.0],[-117.11771,32.892256,0.0],[-117.11767,32.892294,0.0],[-117.11763,32.892331,0.0],[-117.117588,32.892367,0.0],[-117.117546,32.892403,0.0],[-117.117504,32.892438,0.0],[-117.11746,32.892473,0.0],[-117.117416,32.892507,0.0],[-117.117371,32.89254,0.0],[-117.117325,32.892573,0.0],[-117.117279,32.892605,0.0],[-117.117232,32.892636,0.0],[-117.11718,32.892673,0.0],[-117.117385,32.893058,0.0],[-117.117476,32.893228,0.0]]]},"properties":{"APN":"3412400600","SITUS_ADDRESS":9335,"SITUS_STREET":"KEARNY MESA","SITUS_SUFFIX":"RD"}},{"type":"Feature","geometry":{"type":"Polygon","coordinates":[[[-117.117655,32.893305,0.0],[-117.118159,32.89352,0.0],[-117.11817,32.893523,0.0],[-117.118185,32.893526,0.0],[-117.118202,32.893526,0.0],[-117.118218,32.893523,0.0],[-117.118232,32.893517,0.0],[-117.118245,32.893508,0.0],[-117.118255,32.893498,0.0],[-117.118262,32.893485,0.0],[-117.118266,32.893472,0.0],[-117.118266,32.893458,0.0],[-117.118294,32.892991,0.0],[-117.117867,32.892972,0.0],[-117.117655,32.893305,0.0]]]},"properties":{"APN":"3412400700","SITUS_ADDRESS":9393,"SITUS_STREET":"KEARNY MESA","SITUS_SUFFIX":"RD"}},{"type":"Feature","geometry":{"type":"Polygon","coordinates":[[[-117.118601,32.891617,0.0],[-117.118591,32.891628,0.0],[-117.118587,32.891631,0.0],[-117.118575,32.891641,0.0],[-117.118567,32.891652,0.0],[-117.118561,32.891665,0.0],[-117.11856,32.891679,0.0],[-117.118562,32.891686,0.0],[-117.11855,32.891876,0.0],[-117.119157,32.891866,0.0],[-117.119145,32.891855,0.0],[-117.119134,32.891845,0.0],[-117.119123,32.891835,0.0],[-117.119112,32.891825,0.0],[-117.1191,32.891815,0.0],[-117.119089,32.891805,0.0],[-117.119078,32.891796,0.0],[-117.119066,32.891786,0.0],[-117.119054,32.891776,0.0],[-117.119043,32.891767,0.0],[-117.119031,32.891757,0.0],[-117.119019,32.891748,0.0],[-117.119007,32.891738,0.0],[-117.118995,32.891729,0.0],[-117.118983,32.89172,0.0],[-117.118971,32.89171,0.0],[-117.118959,32.891701,0.0],[-117.118947,32.891692,0.0],[-117.118935,32.891683,0.0],[-117.118922,32.891674,0.0],[-117.11891,32.891665,0.0],[-117.118897,32.891657,0.0],[-117.118885,32.891648,0.0],[-117.118872,32.891639,0.0],[-117.118859,32.891631,0.0],[-117.118847,32.891622,0.0],[-117.118841,32.891618,0.0],[-117.118601,32.891617,0.0]]]},"properties":{"APN":"3412400800","SITUS_ADDRESS":9280,"SITUS_STREET":"KEARNY MESA","SITUS_SUFFIX":"RD"}},{"type":"Feature","geometry":{"type":"Polygon","coordinates":[[[-117.118888,32.892544,0.0],[-117.118875,32.892545,0.0],[-117.118864,32.893145,0.0],[-117.118864,32.893146,0.0],[-117.118876,32.893146,0.0],[-117.119267,32.893138,0.0],[-117.119302,32.892539,0.0],[-117.118888,32.892544,0.0]]]},"properties":{"APN":"3412401400","SITUS_ADDRESS":9350,"SITUS_STREET":"KEARNY MESA","SITUS_SUFFIX":"RD"}},{"type":"Feature","geometry":{"type":"Polygon","coordinates":[[[-117.118863,32.892545,0.0],[-117.118514,32.89255,0.0],[-117.118498,32.892849,0.0],[-117.118482,32.893152,0.0],[-117.118853,32.893146,0.0],[-117.118864,32.893146,0.0],[-117.118864,32.893145,0.0],[-117.118875,32.892545,0.0],[-117.118863,32.892545,0.0]]]},"properties":{"APN":"3412401500","SITUS_ADDRESS":9360,"SITUS_STREET":"KEARNY MESA","SITUS_SUFFIX":"RD"}},{"type":"Feature","geometry":{"type":"Polygon","coordinates":[[[-117.116406,32.892629,0.0],[-117.11642,32.892637,0.0],[-117.116433,32.892645,0.0],[-117.116447,32.892653,0.0],[-117.11646,32.89266,0.0],[-117.116474,32.892668,0.0],[-117.116488,32.892675,0.0],[-117.116501,32.892683,0.0],[-117.116515,32.89269,0.0],[-117.116529,32.892697,0.0],[-117.116543,32.892705,0.0],[-117.116557,32.892712,0.0],[-117.116571,32.892719,0.0],[-117.116585,32.892726,0.0],[-117.116599,32.892733,0.0],[-117.116613,32.89274,0.0],[-117.116627,32.892746,0.0],[-117.116641,32.892753,0.0],[-117.116655,32.89276,0.0],[-117.11667,32.892766,0.0],[-117.116684,32.892773,0.0],[-117.116698,32.89278,0.0],[-117.116713,32.892786,0.0],[-117.116727,32.892792,0.0],[-117.116742,32.892799,0.0],[-117.116748,32.892804,0.0],[-117.116755,32.892804,0.0],[-117.116769,32.892802,0.0],[-117.116784,32.892796,0.0],[-117.116798,32.892789,0.0],[-117.116813,32.892783,0.0],[-117.116827,32.892776,0.0],[-117.116841,32.89277,0.0],[-117.116856,32.892763,0.0],[-117.11687,32.892757,0.0],[-117.116884,32.89275,0.0],[-117.116899,32.892744,0.0],[-117.116913,32.892737,0.0],[-117.116927,32.89273,0.0],[-117.116941,32.892723,0.0],[-117.116955,32.892717,0.0],[-117.116969,32.89271,0.0],[-117.116984,32.892703,0.0],[-117.116998,32.892696,0.0],[-117.117012,32.892689,0.0],[-117.117026,32.892682,0.0],[-117.11704,32.892675,0.0],[-117.117054,32.892668,0.0],[-117.117068,32.892661,0.0],[-117.117081,32.892654,0.0],[-117.117095,32.892646,0.0],[-117.117109,32.892639,0.0],[-117.117123,32.892632,0.0],[-117.117137,32.892624,0.0],[-117.11715,32.892617,0.0],[-117.11718,32.892673,0.0],[-117.117196,32.890544,0.0],[-117.117196,32.890544,0.0],[-117.117188,32.890536,0.0],[-117.117042,32.890387,0.0],[-117.116984,32.890329,0.0],[-117.116975,32.890317,0.0],[-117.116966,32.890306,0.0],[-117.116957,32.890295,0.0],[-117.116947,32.890283,0.0],[-117.116938,32.890272,0.0],[-117.116929,32.890261,0.0],[-117.11692,32.890249,0.0],[-117.116911,32.890238,0.0],[-117.116903,32.890226,0.0],[-117.116894,32.890215,0.0],[-117.116885,32.890203,0.0],[-117.116876,32.890191,0.0],[-117.116868,32.89018,0.0],[-117.116859,32.890168,0.0],[-117.116851,32.890156,0.0],[-117.116842,32.890144,0.0],[-117.116834,32.890133,0.0],[-117.116825,32.890121,0.0],[-117.116817,32.890109,0.0],[-117.116809,32.890097,0.0],[-117.116801,32.890085,0.0],[-117.116793,32.890073,0.0],[-117.116785,32.890061,0.0],[-117.116777,32.890049,0.0],[-117.116769,32.890037,0.0],[-117.116761,32.890025,0.0],[-117.116753,32.890013,0.0],[-117.116746,32.890001,0.0],[-117.116738,32.889989,0.0],[-117.116731,32.889977,0.0],[-117.116723,32.889965,0.0],[-117.116716,32.889952,0.0],[-117.116708,32.88994,0.0],[-117.116701,32.889928,0.0],[-117.116694,32.889915,0.0],[-117.116687,32.889903,0.0],[-117.116679,32.889891,0.0],[-117.116672,32.889878,0.0],[-117.116665,32.889866,0.0],[-117.116659,32.889854,0.0],[-117.116652,32.889841,0.0],[-117.116645,32.889829,0.0],[-117.116638,32.889816,0.0],[-117.116632,32.889804,0.0],[-117.116625,32.889791,0.0],[-117.116618,32.889778,0.0],[-117.116612,32.889766,0.0],[-117.116606,32.889753,0.0],[-117.116599,32.88974,0.0],[-117.116593,32.889728,0.0],[-117.116587,32.889715,0.0],[-117.116581,32.889702,0.0],[-117.116575,32.88969,0.0],[-117.116569,32.889677,0.0],[-117.116563,32.889664,0.0],[-117.116557,32.889651,0.0],[-117.116551,32.889638,0.0],[-117.116545,32.889625,0.0],[-117.11654,32.889613,0.0],[-117.116534,32.8896,0.0],[-117.116529,32.889587,0.0],[-117.116523,32.889574,0.0],[-117.116518,32.889561,0.0],[-117.116512,32.889548,0.0],[-117.116507,32.889535,0.0],[-117.116502,32.889522,0.0],[-117.116497,32.889509,0.0],[-117.116492,32.889496,0.0],[-117.116487,32.889483,0.0],[-117.116482,32.889469,0.0],[-117.116477,32.889456,0.0],[-117.116472,32.889443,0.0],[-117.116468,32.88943,0.0],[-117.116463,32.889417,0.0],[-117.116458,32.889404,0.0],[-117.116454,32.88939,0.0],[-117.11645,32.889377,0.0],[-117.116447,32.88937,0.0],[-117.116443,32.889357,0.0],[-117.116439,32.889344,0.0],[-117.116435,32.889331,0.0],[-117.116431,32.889317,0.0],[-117.116427,32.889304,0.0],[-117.116423,32.889291,0.0],[-117.116419,32.889277,0.0],[-117.116415,32.889264,0.0],[-117.116412,32.88925,0.0],[-117.116408,32.889237,0.0],[-117.116405,32.889224,0.0],[-117.116401,32.88921,0.0],[-117.116398,32.889197,0.0],[-117.116394,32.889183,0.0],[-117.116391,32.88917,0.0],[-117.116388,32.889156,0.0],[-117.116385,32.889143,0.0],[-117.116382,32.889129,0.0],[-117.116379,32.889116,0.0],[-117.116376,32.889102,0.0],[-117.116373,32.889089,0.0],[-117.11637,32.889075,0.0],[-117.116367,32.889062,0.0],[-117.116365,32.889048,0.0],[-117.116362,32.889035,0.0],[-117.11636,32.889021,0.0],[-117.116357,32.889007,0.0],[-117.116355,32.888994,0.0],[-117.116353,32.88898,0.0],[-117.11635,32.888967,0.0],[-117.116348,32.888953,0.0],[-117.116346,32.888939,0.0],[-117.116344,32.888926,0.0],[-117.116342,32.888912,0.0],[-117.11634,32.888898,0.0],[-117.116338,32.888885,0.0],[-117.116337,32.888871,0.0],[-117.116335,32.888857,0.0],[-117.116333,32.888844,0.0],[-117.116332,32.88883,0.0],[-117.11633,32.888816,0.0],[-117.116329,32.888803,0.0],[-117.116328,32.888789,0.0],[-117.116326,32.888775,0.0],[-117.116325,32.888762,0.0],[-117.116324,32.888748,0.0],[-117.116323,32.888734,0.0],[-117.116322,32.888721,0.0],[-117.116321,32.888707,0.0],[-117.11632,32.888693,0.0],[-117.11632,32.888679,0.0],[-117.116319,32.888666,0.0],[-117.116318,32.888652,0.0],[-117.116318,32.888638,0.0],[-117.116317,32.888624,0.0],[-117.116317,32.888611,0.0],[-117.116317,32.888597,0.0],[-117.116316,32.888583,0.0],[-117.116316,32.888569,0.0],[-117.116316,32.888556,0.0],[-117.116316,32.888542,0.0],[-117.116316,32.888528,0.0],[-117.116316,32.888514,0.0],[-117.116316,32.888501,0.0],[-117.116316,32.888487,0.0],[-117.116317,32.888473,0.0],[-117.116317,32.88846,0.0],[-117.116317,32.888446,0.0],[-117.116318,32.88844,0.0],[-117.116148,32.888438,0.0],[-117.115934,32.891147,0.0],[-117.115922,32.89129,0.0],[-117.115502,32.891766,0.0],[-117.115507,32.891774,0.0],[-117.115515,32.891786,0.0],[-117.115523,32.891798,0.0],[-117.11553,32.89181,0.0],[-117.115538,32.891822,0.0],[-117.115546,32.891834,0.0],[-117.115554,32.891846,0.0],[-117.115563,32.891858,0.0],[-117.115571,32.89187,0.0],[-117.115579,32.891882,0.0],[-117.115587,32.891893,0.0],[-117.115596,32.891905,0.0],[-117.115604,32.891917,0.0],[-117.115613,32.891929,0.0],[-117.115622,32.89194,0.0],[-117.115631,32.891952,0.0],[-117.115639,32.891963,0.0],[-117.115648,32.891975,0.0],[-117.115657,32.891986,0.0],[-117.115666,32.891998,0.0],[-117.115676,32.892009,0.0],[-117.115685,32.89202,0.0],[-117.115694,32.892032,0.0],[-117.115704,32.892043,0.0],[-117.115713,32.892054,0.0],[-117.115723,32.892065,0.0],[-117.115732,32.892076,0.0],[-117.115742,32.892087,0.0],[-117.115752,32.892098,0.0],[-117.115762,32.892109,0.0],[-117.115771,32.89212,0.0],[-117.115781,32.892131,0.0],[-117.115791,32.892142,0.0],[-117.115802,32.892153,0.0],[-117.115812,32.892163,0.0],[-117.115822,32.892174,0.0],[-117.115832,32.892185,0.0],[-117.115843,32.892195,0.0],[-117.115853,32.892206,0.0],[-117.115864,32.892216,0.0],[-117.115875,32.892226,0.0],[-117.115885,32.892237,0.0],[-117.115896,32.892247,0.0],[-117.115907,32.892257,0.0],[-117.115918,32.892268,0.0],[-117.115929,32.892278,0.0],[-117.11594,32.892288,0.0],[-117.115951,32.892298,0.0],[-117.115962,32.892308,0.0],[-117.115973,32.892318,0.0],[-117.115985,32.892328,0.0],[-117.115996,32.892338,0.0],[-117.116008,32.892347,0.0],[-117.116019,32.892357,0.0],[-117.116031,32.892367,0.0],[-117.116042,32.892376,0.0],[-117.116054,32.892386,0.0],[-117.116066,32.892395,0.0],[-117.116078,32.892405,0.0],[-117.116089,32.892414,0.0],[-117.116101,32.892423,0.0],[-117.116113,32.892433,0.0],[-117.116126,32.892442,0.0],[-117.116138,32.892451,0.0],[-117.11615,32.89246,0.0],[-117.116162,32.892469,0.0],[-117.116175,32.892478,0.0],[-117.116187,32.892487,0.0],[-117.116199,32.892496,0.0],[-117.116212,32.892505,0.0],[-117.116224,32.892514,0.0],[-117.116237,32.892522,0.0],[-117.11625,32.892531,0.0],[-117.116262,32.892539,0.0],[-117.116275,32.892548,0.0],[-117.116288,32.892556,0.0],[-117.116301,32.892565,0.0],[-117.116314,32.892573,0.0],[-117.116327,32.892581,0.0],[-117.11634,32.892589,0.0],[-117.116353,32.892598,0.0],[-117.116366,32.892606,0.0],[-117.11638,32.892614,0.0],[-117.116393,32.892622,0.0],[-117.116406,32.892629,0.0]]]},"properties":{"APN":"3450600900","SITUS_ADDRESS":0,"SITUS_STREET":"","SITUS_SUFFIX":""}},{"type":"Feature","geometry":{"type":"Polygon","coordinates":[[[-117.084308,32.891092,0.0],[-117.083724,32.884005,0.0],[-117.082964,32.874773,0.0],[-117.068368,32.874633,0.0],[-117.066912,32.874619,0.0],[-117.066715,32.884119,0.0],[-117.066643,32.887564,0.0],[-117.066586,32.890293,0.0],[-117.066586,32.890294,0.0],[-117.0672,32.889865,0.0],[-117.067466,32.889743,0.0],[-117.068501,32.88893,0.0],[-117.068502,32.889078,0.0],[-117.067545,32.88983,0.0],[-117.067272,32.889958,0.0],[-117.066587,32.890436,0.0],[-117.066586,32.8912,0.0],[-117.068522,32.891189,0.0],[-117.069626,32.891182,0.0],[-117.07232,32.891167,0.0],[-117.075346,32.891147,0.0],[-117.078519,32.891128,0.0],[-117.081571,32.891111,0.0],[-117.083802,32.891096,0.0],[-117.084301,32.891092,0.0],[-117.084308,32.891092,0.0]],[[-117.082046,32.878211,0.0],[-117.082033,32.878219,0.0],[-117.082019,32.878228,0.0],[-117.082006,32.878236,0.0],[-117.081993,32.878244,0.0],[-117.08198,32.878252,0.0],[-117.081967,32.878261,0.0],[-117.081955,32.878269,0.0],[-117.081942,32.878277,0.0],[-117.081929,32.878286,0.0],[-117.081916,32.878294,0.0],[-117.081903,32.878303,0.0],[-117.08189,32.878311,0.0],[-117.081877,32.87832,0.0],[-117.081865,32.878328,0.0],[-117.081852,32.878337,0.0],[-117.081839,32.878345,0.0],[-117.081827,32.878354,0.0],[-117.081814,32.878363,0.0],[-117.081801,32.878371,0.0],[-117.081789,32.87838,0.0],[-117.081776,32.878389,0.0],[-117.081764,32.878397,0.0],[-117.081751,32.878406,0.0],[-117.081738,32.878415,0.0],[-117.081726,32.878424,0.0],[-117.081714,32.878433,0.0],[-117.081701,32.878442,0.0],[-117.081689,32.878451,0.0],[-117.081676,32.878459,0.0],[-117.081664,32.878468,0.0],[-117.081652,32.878477,0.0],[-117.081639,32.878486,0.0],[-117.081627,32.878495,0.0],[-117.081615,32.878505,0.0],[-117.081603,32.878514,0.0],[-117.081591,32.878523,0.0],[-117.081578,32.878532,0.0],[-117.081566,32.878541,0.0],[-117.081554,32.87855,0.0],[-117.081542,32.878559,0.0],[-117.08153,32.878569,0.0],[-117.081518,32.878578,0.0],[-117.081506,32.878587,0.0],[-117.081494,32.878597,0.0],[-117.081482,32.878606,0.0],[-117.08147,32.878615,0.0],[-117.081458,32.878625,0.0],[-117.081446,32.878634,0.0],[-117.081435,32.878644,0.0],[-117.081423,32.878653,0.0],[-117.081411,32.878663,0.0],[-117.081399,32.878672,0.0],[-117.081388,32.878682,0.0],[-117.081376,32.878691,0.0],[-117.081364,32.878701,0.0],[-117.081353,32.87871,0.0],[-117.081341,32.87872,0.0],[-117.08133,32.87873,0.0],[-117.081318,32.87874,0.0],[-117.081306,32.878749,0.0],[-117.081295,32.878759,0.0],[-117.081284,32.878769,0.0],[-117.081272,32.878779,0.0],[-117.081261,32.878788,0.0],[-117.081249,32.878798,0.0],[-117.081238,32.878808,0.0],[-117.081227,32.878818,0.0],[-117.081215,32.878828,0.0],[-117.081204,32.878838,0.0],[-117.081193,32.878848,0.0],[-117.081182,32.878858,0.0],[-117.079971,32.879943,0.0],[-117.077819,32.881882,0.0],[-117.075594,32.883925,0.0],[-117.075583,32.883935,0.0],[-117.075571,32.883945,0.0],[-117.07556,32.883955,0.0],[-117.075548,32.883964,0.0],[-117.075536,32.883974,0.0],[-117.075524,32.883983,0.0],[-117.075513,32.883993,0.0],[-117.075501,32.884002,0.0],[-117.075488,32.884011,0.0],[-117.075476,32.88402,0.0],[-117.075464,32.884029,0.0],[-117.075452,32.884038,0.0],[-117.075439,32.884047,0.0],[-117.075427,32.884056,0.0],[-117.075419,32.884061,0.0],[-117.075254,32.884062,0.0],[-117.075195,32.884062,0.0],[-117.075234,32.88404,0.0],[-117.075242,32.884035,0.0],[-117.075255,32.884027,0.0],[-117.075268,32.884019,0.0],[-117.075281,32.884011,0.0],[-117.075294,32.884002,0.0],[-117.075307,32.883994,0.0],[-117.07532,32.883985,0.0],[-117.075332,32.883977,0.0],[-117.075345,32.883968,0.0],[-117.075358,32.883959,0.0],[-117.07537,32.883951,0.0],[-117.075383,32.883942,0.0],[-117.075395,32.883933,0.0],[-117.075407,32.883924,0.0],[-117.075419,32.883915,0.0],[-117.075431,32.883905,0.0],[-117.075443,32.883896,0.0],[-117.075455,32.883887,0.0],[-117.075467,32.883877,0.0],[-117.075479,32.883868,0.0],[-117.075491,32.883858,0.0],[-117.075502,32.883849,0.0],[-117.077721,32.881805,0.0],[-117.079875,32.879867,0.0],[-117.081087,32.878781,0.0],[-117.081089,32.878779,0.0],[-117.081101,32.878769,0.0],[-117.081112,32.878759,0.0],[-117.081123,32.878749,0.0],[-117.081135,32.87874,0.0],[-117.081146,32.87873,0.0],[-117.081157,32.87872,0.0],[-117.081169,32.87871,0.0],[-117.08118,32.8787,0.0],[-117.081192,32.878691,0.0],[-117.081203,32.878681,0.0],[-117.081215,32.878671,0.0],[-117.081226,32.878661,0.0],[-117.081238,32.878652,0.0],[-117.081249,32.878642,0.0],[-117.081261,32.878633,0.0],[-117.081273,32.878623,0.0],[-117.081284,32.878613,0.0],[-117.081296,32.878604,0.0],[-117.081308,32.878594,0.0],[-117.08132,32.878585,0.0],[-117.081331,32.878575,0.0],[-117.081343,32.878566,0.0],[-117.081355,32.878556,0.0],[-117.081367,32.878547,0.0],[-117.081379,32.878538,0.0],[-117.081391,32.878528,0.0],[-117.081403,32.878519,0.0],[-117.081415,32.87851,0.0],[-117.081427,32.8785,0.0],[-117.081439,32.878491,0.0],[-117.081451,32.878482,0.0],[-117.081463,32.878473,0.0],[-117.081475,32.878463,0.0],[-117.081487,32.878454,0.0],[-117.081499,32.878445,0.0],[-117.081512,32.878436,0.0],[-117.081524,32.878427,0.0],[-117.081536,32.878418,0.0],[-117.081548,32.878409,0.0],[-117.08156,32.8784,0.0],[-117.081573,32.878391,0.0],[-117.081585,32.878382,0.0],[-117.081597,32.878373,0.0],[-117.08161,32.878364,0.0],[-117.081622,32.878355,0.0],[-117.081635,32.878346,0.0],[-117.081647,32.878337,0.0],[-117.08166,32.878328,0.0],[-117.081672,32.87832,0.0],[-117.081685,32.878311,0.0],[-117.081697,32.878302,0.0],[-117.08171,32.878293,0.0],[-117.081722,32.878285,0.0],[-117.081735,32.878276,0.0],[-117.081748,32.878267,0.0],[-117.08176,32.878259,0.0],[-117.081773,32.87825,0.0],[-117.081786,32.878242,0.0],[-117.081798,32.878233,0.0],[-117.081811,32.878224,0.0],[-117.081824,32.878216,0.0],[-117.081837,32.878207,0.0],[-117.08185,32.878199,0.0],[-117.081863,32.878191,0.0],[-117.081875,32.878182,0.0],[-117.081888,32.878174,0.0],[-117.081901,32.878165,0.0],[-117.081914,32.878157,0.0],[-117.081927,32.878149,0.0],[-117.08194,32.878141,0.0],[-117.081953,32.878132,0.0],[-117.081966,32.878124,0.0],[-117.081979,32.878116,0.0],[-117.082058,32.878203,0.0],[-117.082046,32.878211,0.0]]]},"properties":{"APN":"3640400100","SITUS_ADDRESS":0,"SITUS_STREET":"","SITUS_SUFFIX":""}},{"type":"Feature","geometry":{"type":"MultiPolygon","coordinates":[[[[-117.109756,32.893188,0.0],[-117.109762,32.894199,0.0],[-117.110148,32.894103,0.0],[-117.11058,32.893993,0.0],[-117.110723,32.893962,0.0],[-117.111639,32.893711,0.0],[-117.112127,32.893576,0.0],[-117.112093,32.893474,0.0],[-117.112886,32.893317,0.0],[-117.113259,32.893117,0.0],[-117.113254,32.893104,0.0],[-117.113248,32.893091,0.0],[-117.113243,32.893078,0.0],[-117.113238,32.893065,0.0],[-117.113233,32.893052,0.0],[-117.113229,32.893039,0.0],[-117.113224,32.893025,0.0],[-117.11322,32.893012,0.0],[-117.113215,32.892999,0.0],[-117.113211,32.892986,0.0],[-117.113207,32.892972,0.0],[-117.113204,32.892959,0.0],[-117.1132,32.892946,0.0],[-117.113196,32.892932,0.0],[-117.113193,32.892919,0.0],[-117.11319,32.892905,0.0],[-117.113187,32.892892,0.0],[-117.113184,32.892878,0.0],[-117.113181,32.892865,0.0],[-117.113179,32.892851,0.0],[-117.113176,32.892837,0.0],[-117.113174,32.892824,0.0],[-117.113172,32.89281,0.0],[-117.11317,32.892797,0.0],[-117.113168,32.892783,0.0],[-117.113166,32.892769,0.0],[-117.113165,32.892756,0.0],[-117.113163,32.892742,0.0],[-117.113162,32.892728,0.0],[-117.113161,32.892714,0.0],[-117.11316,32.892701,0.0],[-117.113159,32.892687,0.0],[-117.113159,32.892673,0.0],[-117.113158,32.89266,0.0],[-117.113158,32.892646,0.0],[-117.113158,32.892632,0.0],[-117.113158,32.892618,0.0],[-117.113158,32.892605,0.0],[-117.113158,32.892591,0.0],[-117.113159,32.892577,0.0],[-117.113159,32.892563,0.0],[-117.11316,32.89255,0.0],[-117.113161,32.892536,0.0],[-117.113162,32.892522,0.0],[-117.113163,32.892509,0.0],[-117.113164,32.892495,0.0],[-117.113166,32.892481,0.0],[-117.113168,32.892468,0.0],[-117.113169,32.892454,0.0],[-117.113171,32.89244,0.0],[-117.113174,32.892427,0.0],[-117.113176,32.892413,0.0],[-117.113178,32.892399,0.0],[-117.113181,32.892386,0.0],[-117.113184,32.892372,0.0],[-117.113186,32.892359,0.0],[-117.113189,32.892345,0.0],[-117.113324,32.891731,0.0],[-117.113309,32.891151,0.0],[-117.109754,32.891157,0.0],[-117.109756,32.893188,0.0]]],[[[-117.115165,32.891152,0.0],[-117.11538,32.891464,0.0],[-117.115487,32.891741,0.0],[-117.115492,32.89175,0.0],[-117.1155,32.891762,0.0],[-117.115502,32.891766,0.0],[-117.115922,32.89129,0.0],[-117.115934,32.891147,0.0],[-117.115163,32.891147,0.0],[-117.115165,32.891152,0.0]]]]},"properties":{"APN":"3630600400","SITUS_ADDRESS":0,"SITUS_STREET":"","SITUS_SUFFIX":""}},{"type":"Feature","geometry":{"type":"Polygon","coordinates":[[[-117.084175,32.894666,0.0],[-117.084175,32.894672,0.0],[-117.084175,32.894675,0.0],[-117.08631,32.894704,0.0],[-117.086383,32.892879,0.0],[-117.088084,32.892872,0.0],[-117.088296,32.892871,0.0],[-117.088315,32.891115,0.0],[-117.088067,32.891113,0.0],[-117.084308,32.891092,0.0],[-117.084266,32.892239,0.0],[-117.084175,32.894666,0.0]]]},"properties":{"APN":"3630810200","SITUS_ADDRESS":0,"SITUS_STREET":"","SITUS_SUFFIX":""}},{"type":"Feature","geometry":{"type":"Polygon","coordinates":[[[-117.118127,32.860879,0.0],[-117.118112,32.86178,0.0],[-117.118107,32.862082,0.0],[-117.118105,32.862206,0.0],[-117.118102,32.86233,0.0],[-117.118104,32.862445,0.0],[-117.118087,32.864089,0.0],[-117.118085,32.864243,0.0],[-117.118044,32.867924,0.0],[-117.118034,32.86974,0.0],[-117.118033,32.869828,0.0],[-117.118032,32.86996,0.0],[-117.118021,32.871588,0.0],[-117.12464,32.871643,0.0],[-117.124618,32.872728,0.0],[-117.124564,32.875486,0.0],[-117.127004,32.875497,0.0],[-117.134219,32.875529,0.0],[-117.134269,32.87266,0.0],[-117.134285,32.871753,0.0],[-117.132874,32.871727,0.0],[-117.132983,32.866031,0.0],[-117.132985,32.865918,0.0],[-117.133083,32.861674,0.0],[-117.133093,32.861042,0.0],[-117.133093,32.860994,0.0],[-117.130559,32.860963,0.0],[-117.128643,32.860939,0.0],[-117.126858,32.860917,0.0],[-117.125978,32.860906,0.0],[-117.120537,32.860867,0.0],[-117.118967,32.860856,0.0],[-117.118127,32.860879,0.0]]]},"properties":{"APN":"3450500300","SITUS_ADDRESS":0,"SITUS_STREET":"","SITUS_SUFFIX":""}},{"type":"Feature","geometry":{"type":"Polygon","coordinates":[[[-117.124564,32.875486,0.0],[-117.124618,32.872728,0.0],[-117.12464,32.871643,0.0],[-117.118021,32.871588,0.0],[-117.118017,32.872092,0.0],[-117.118024,32.872222,0.0],[-117.118013,32.872775,0.0],[-117.118001,32.873399,0.0],[-117.122378,32.873467,0.0],[-117.122349,32.875475,0.0],[-117.123627,32.875491,0.0],[-117.123643,32.87549,0.0],[-117.123809,32.875483,0.0],[-117.124564,32.875486,0.0]]]},"properties":{"APN":"3450500100","SITUS_ADDRESS":0,"SITUS_STREET":"","SITUS_SUFFIX":""}},{"type":"Feature","geometry":{"type":"MultiPolygon","coordinates":[[[[-117.127035,32.878583,0.0],[-117.127036,32.878731,0.0],[-117.127073,32.882447,0.0],[-117.127075,32.882613,0.0],[-117.127083,32.883417,0.0],[-117.127084,32.883582,0.0],[-117.127086,32.883705,0.0],[-117.127086,32.88378,0.0],[-117.127731,32.883777,0.0],[-117.130979,32.883765,0.0],[-117.134454,32.883721,0.0],[-117.13533,32.883709,0.0],[-117.135698,32.883674,0.0],[-117.135696,32.883644,0.0],[-117.135586,32.882391,0.0],[-117.135584,32.882367,0.0],[-117.135579,32.882306,0.0],[-117.135572,32.882226,0.0],[-117.13557,32.882204,0.0],[-117.135292,32.878997,0.0],[-117.135274,32.878788,0.0],[-117.135272,32.878773,0.0],[-117.13527,32.87875,0.0],[-117.135269,32.878732,0.0],[-117.135202,32.877955,0.0],[-117.135197,32.8779,0.0],[-117.135125,32.877134,0.0],[-117.135113,32.876999,0.0],[-117.135031,32.876084,0.0],[-117.135021,32.875975,0.0],[-117.134984,32.875532,0.0],[-117.134219,32.875529,0.0],[-117.127004,32.875497,0.0],[-117.127035,32.878583,0.0]]],[[[-117.11765,32.881133,0.0],[-117.117646,32.881133,0.0],[-117.117299,32.881872,0.0],[-117.117117,32.883597,0.0],[-117.117274,32.88373,0.0],[-117.118392,32.883717,0.0],[-117.118011,32.881114,0.0],[-117.11765,32.881133,0.0]]],[[[-117.117051,32.876882,0.0],[-117.117221,32.878621,0.0],[-117.117786,32.879464,0.0],[-117.117726,32.879,0.0],[-117.117552,32.877797,0.0],[-117.11755,32.877783,0.0],[-117.117549,32.87777,0.0],[-117.117547,32.877756,0.0],[-117.117546,32.877742,0.0],[-117.117545,32.877728,0.0],[-117.117544,32.877715,0.0],[-117.117543,32.877701,0.0],[-117.117541,32.877687,0.0],[-117.11754,32.877674,0.0],[-117.117539,32.87766,0.0],[-117.117538,32.877646,0.0],[-117.117538,32.877633,0.0],[-117.117537,32.877619,0.0],[-117.117536,32.877605,0.0],[-117.117535,32.877591,0.0],[-117.117534,32.877578,0.0],[-117.117534,32.877564,0.0],[-117.117533,32.87755,0.0],[-117.117533,32.877536,0.0],[-117.117532,32.877523,0.0],[-117.117532,32.877509,0.0],[-117.117531,32.877495,0.0],[-117.117531,32.877481,0.0],[-117.117531,32.877468,0.0],[-117.11753,32.877454,0.0],[-117.11753,32.87744,0.0],[-117.11753,32.877426,0.0],[-117.11753,32.877413,0.0],[-117.11753,32.877399,0.0],[-117.11753,32.877385,0.0],[-117.11753,32.877372,0.0],[-117.11753,32.877358,0.0],[-117.11753,32.877344,0.0],[-117.11753,32.87733,0.0],[-117.11753,32.877317,0.0],[-117.117531,32.877303,0.0],[-117.117531,32.877289,0.0],[-117.117531,32.877275,0.0],[-117.117532,32.877262,0.0],[-117.117532,32.877248,0.0],[-117.117533,32.877234,0.0],[-117.117533,32.87722,0.0],[-117.117534,32.877207,0.0],[-117.117534,32.877193,0.0],[-117.117535,32.877179,0.0],[-117.117536,32.877165,0.0],[-117.117537,32.877152,0.0],[-117.117538,32.877138,0.0],[-117.117538,32.877124,0.0],[-117.117539,32.877111,0.0],[-117.11754,32.877097,0.0],[-117.117541,32.877083,0.0],[-117.117542,32.877069,0.0],[-117.117544,32.877056,0.0],[-117.117545,32.877042,0.0],[-117.117546,32.877028,0.0],[-117.117547,32.877015,0.0],[-117.117549,32.877001,0.0],[-117.11755,32.876987,0.0],[-117.117551,32.876974,0.0],[-117.117553,32.87696,0.0],[-117.117554,32.876946,0.0],[-117.117556,32.876933,0.0],[-117.117558,32.876919,0.0],[-117.117559,32.876905,0.0],[-117.117561,32.876891,0.0],[-117.117563,32.876878,0.0],[-117.117565,32.876864,0.0],[-117.117566,32.876851,0.0],[-117.117568,32.876837,0.0],[-117.11757,32.876823,0.0],[-117.117572,32.87681,0.0],[-117.117574,32.876796,0.0],[-117.117576,32.876782,0.0],[-117.117579,32.876769,0.0],[-117.117581,32.876755,0.0],[-117.117583,32.876741,0.0],[-117.117585,32.876728,0.0],[-117.117588,32.876714,0.0],[-117.11759,32.876701,0.0],[-117.117593,32.876687,0.0],[-117.117595,32.876674,0.0],[-117.117598,32.87666,0.0],[-117.1176,32.876646,0.0],[-117.117603,32.876633,0.0],[-117.117605,32.876619,0.0],[-117.117608,32.876606,0.0],[-117.117611,32.876592,0.0],[-117.117614,32.876579,0.0],[-117.117617,32.876565,0.0],[-117.11762,32.876552,0.0],[-117.117623,32.876538,0.0],[-117.117626,32.876525,0.0],[-117.117629,32.876511,0.0],[-117.117632,32.876498,0.0],[-117.117635,32.876484,0.0],[-117.117638,32.876471,0.0],[-117.117641,32.876457,0.0],[-117.117642,32.876452,0.0],[-117.117726,32.875956,0.0],[-117.117727,32.875943,0.0],[-117.117729,32.875929,0.0],[-117.117731,32.875915,0.0],[-117.117732,32.875902,0.0],[-117.117734,32.875888,0.0],[-117.117736,32.875874,0.0],[-117.117737,32.875861,0.0],[-117.117739,32.875847,0.0],[-117.117741,32.875833,0.0],[-117.117742,32.87582,0.0],[-117.117744,32.875806,0.0],[-117.117745,32.875792,0.0],[-117.117747,32.875778,0.0],[-117.117749,32.875765,0.0],[-117.11775,32.875751,0.0],[-117.117752,32.875737,0.0],[-117.117753,32.875724,0.0],[-117.117755,32.87571,0.0],[-117.117756,32.875696,0.0],[-117.117758,32.875683,0.0],[-117.117759,32.875669,0.0],[-117.117761,32.875655,0.0],[-117.117762,32.875642,0.0],[-117.117764,32.875628,0.0],[-117.117765,32.875614,0.0],[-117.117767,32.875601,0.0],[-117.117768,32.875587,0.0],[-117.11777,32.875573,0.0],[-117.117771,32.87556,0.0],[-117.117773,32.875546,0.0],[-117.117774,32.875532,0.0],[-117.117775,32.875518,0.0],[-117.117777,32.875505,0.0],[-117.117778,32.875491,0.0],[-117.11778,32.875477,0.0],[-117.117781,32.875464,0.0],[-117.117359,32.875465,0.0],[-117.11691,32.875457,0.0],[-117.117051,32.876882,0.0]]]]},"properties":{"APN":"3450600300","SITUS_ADDRESS":0,"SITUS_STREET":"","SITUS_SUFFIX":""}},{"type":"Feature","geometry":{"type":"MultiPolygon","coordinates":[[[[-117.127035,32.878583,0.0],[-117.127036,32.878731,0.0],[-117.127073,32.882447,0.0],[-117.127075,32.882613,0.0],[-117.127083,32.883417,0.0],[-117.127084,32.883582,0.0],[-117.127086,32.883705,0.0],[-117.127086,32.88378,0.0],[-117.127731,32.883777,0.0],[-117.130979,32.883765,0.0],[-117.134454,32.883721,0.0],[-117.13533,32.883709,0.0],[-117.135698,32.883674,0.0],[-117.135696,32.883644,0.0],[-117.135586,32.882391,0.0],[-117.135584,32.882367,0.0],[-117.135579,32.882306,0.0],[-117.135572,32.882226,0.0],[-117.13557,32.882204,0.0],[-117.135292,32.878997,0.0],[-117.135274,32.878788,0.0],[-117.135272,32.878773,0.0],[-117.13527,32.87875,0.0],[-117.135269,32.878732,0.0],[-117.135202,32.877955,0.0],[-117.135197,32.8779,0.0],[-117.135125,32.877134,0.0],[-117.135113,32.876999,0.0],[-117.135031,32.876084,0.0],[-117.135021,32.875975,0.0],[-117.134984,32.875532,0.0],[-117.134219,32.875529,0.0],[-117.127004,32.875497,0.0],[-117.127035,32.878583,0.0]]],[[[-117.11765,32.881133,0.0],[-117.117646,32.881133,0.0],[-117.117299,32.881872,0.0],[-117.117117,32.883597,0.0],[-117.117274,32.88373,0.0],[-117.118392,32.883717,0.0],[-117.118011,32.881114,0.0],[-117.11765,32.881133,0.0]]],[[[-117.117051,32.876882,0.0],[-117.117221,32.878621,0.0],[-117.117786,32.879464,0.0],[-117.117726,32.879,0.0],[-117.117552,32.877797,0.0],[-117.11755,32.877783,0.0],[-117.117549,32.87777,0.0],[-117.117547,32.877756,0.0],[-117.117546,32.877742,0.0],[-117.117545,32.877728,0.0],[-117.117544,32.877715,0.0],[-117.117543,32.877701,0.0],[-117.117541,32.877687,0.0],[-117.11754,32.877674,0.0],[-117.117539,32.87766,0.0],[-117.117538,32.877646,0.0],[-117.117538,32.877633,0.0],[-117.117537,32.877619,0.0],[-117.117536,32.877605,0.0],[-117.117535,32.877591,0.0],[-117.117534,32.877578,0.0],[-117.117534,32.877564,0.0],[-117.117533,32.87755,0.0],[-117.117533,32.877536,0.0],[-117.117532,32.877523,0.0],[-117.117532,32.877509,0.0],[-117.117531,32.877495,0.0],[-117.117531,32.877481,0.0],[-117.117531,32.877468,0.0],[-117.11753,32.877454,0.0],[-117.11753,32.87744,0.0],[-117.11753,32.877426,0.0],[-117.11753,32.877413,0.0],[-117.11753,32.877399,0.0],[-117.11753,32.877385,0.0],[-117.11753,32.877372,0.0],[-117.11753,32.877358,0.0],[-117.11753,32.877344,0.0],[-117.11753,32.87733,0.0],[-117.11753,32.877317,0.0],[-117.117531,32.877303,0.0],[-117.117531,32.877289,0.0],[-117.117531,32.877275,0.0],[-117.117532,32.877262,0.0],[-117.117532,32.877248,0.0],[-117.117533,32.877234,0.0],[-117.117533,32.87722,0.0],[-117.117534,32.877207,0.0],[-117.117534,32.877193,0.0],[-117.117535,32.877179,0.0],[-117.117536,32.877165,0.0],[-117.117537,32.877152,0.0],[-117.117538,32.877138,0.0],[-117.117538,32.877124,0.0],[-117.117539,32.877111,0.0],[-117.11754,32.877097,0.0],[-117.117541,32.877083,0.0],[-117.117542,32.877069,0.0],[-117.117544,32.877056,0.0],[-117.117545,32.877042,0.0],[-117.117546,32.877028,0.0],[-117.117547,32.877015,0.0],[-117.117549,32.877001,0.0],[-117.11755,32.876987,0.0],[-117.117551,32.876974,0.0],[-117.117553,32.87696,0.0],[-117.117554,32.876946,0.0],[-117.117556,32.876933,0.0],[-117.117558,32.876919,0.0],[-117.117559,32.876905,0.0],[-117.117561,32.876891,0.0],[-117.117563,32.876878,0.0],[-117.117565,32.876864,0.0],[-117.117566,32.876851,0.0],[-117.117568,32.876837,0.0],[-117.11757,32.876823,0.0],[-117.117572,32.87681,0.0],[-117.117574,32.876796,0.0],[-117.117576,32.876782,0.0],[-117.117579,32.876769,0.0],[-117.117581,32.876755,0.0],[-117.117583,32.876741,0.0],[-117.117585,32.876728,0.0],[-117.117588,32.876714,0.0],[-117.11759,32.876701,0.0],[-117.117593,32.876687,0.0],[-117.117595,32.876674,0.0],[-117.117598,32.87666,0.0],[-117.1176,32.876646,0.0],[-117.117603,32.876633,0.0],[-117.117605,32.876619,0.0],[-117.117608,32.876606,0.0],[-117.117611,32.876592,0.0],[-117.117614,32.876579,0.0],[-117.117617,32.876565,0.0],[-117.11762,32.876552,0.0],[-117.117623,32.876538,0.0],[-117.117626,32.876525,0.0],[-117.117629,32.876511,0.0],[-117.117632,32.876498,0.0],[-117.117635,32.876484,0.0],[-117.117638,32.876471,0.0],[-117.117641,32.876457,0.0],[-117.117642,32.876452,0.0],[-117.117726,32.875956,0.0],[-117.117727,32.875943,0.0],[-117.117729,32.875929,0.0],[-117.117731,32.875915,0.0],[-117.117732,32.875902,0.0],[-117.117734,32.875888,0.0],[-117.117736,32.875874,0.0],[-117.117737,32.875861,0.0],[-117.117739,32.875847,0.0],[-117.117741,32.875833,0.0],[-117.117742,32.87582,0.0],[-117.117744,32.875806,0.0],[-117.117745,32.875792,0.0],[-117.117747,32.875778,0.0],[-117.117749,32.875765,0.0],[-117.11775,32.875751,0.0],[-117.117752,32.875737,0.0],[-117.117753,32.875724,0.0],[-117.117755,32.87571,0.0],[-117.117756,32.875696,0.0],[-117.117758,32.875683,0.0],[-117.117759,32.875669,0.0],[-117.117761,32.875655,0.0],[-117.117762,32.875642,0.0],[-117.117764,32.875628,0.0],[-117.117765,32.875614,0.0],[-117.117767,32.875601,0.0],[-117.117768,32.875587,0.0],[-117.11777,32.875573,0.0],[-117.117771,32.87556,0.0],[-117.117773,32.875546,0.0],[-117.117774,32.875532,0.0],[-117.117775,32.875518,0.0],[-117.117777,32.875505,0.0],[-117.117778,32.875491,0.0],[-117.11778,32.875477,0.0],[-117.117781,32.875464,0.0],[-117.117359,32.875465,0.0],[-117.11691,32.875457,0.0],[-117.117051,32.876882,0.0]]]]},"properties":{"APN":"7601460200","SITUS_ADDRESS":0,"SITUS_STREET":"MIRAMAR GUN CLUB","SITUS_SUFFIX":"RD"}},{"type":"Feature","geometry":{"type":"MultiPolygon","coordinates":[[[[-117.120102,32.893621,0.0],[-117.120128,32.893651,0.0],[-117.122908,32.893623,0.0],[-117.122906,32.893525,0.0],[-117.122997,32.893524,0.0],[-117.124724,32.893504,0.0],[-117.126453,32.893491,0.0],[-117.127183,32.893486,0.0],[-117.127184,32.893582,0.0],[-117.129972,32.893558,0.0],[-117.130008,32.893558,0.0],[-117.130433,32.893555,0.0],[-117.130434,32.893555,0.0],[-117.130437,32.893555,0.0],[-117.130438,32.893555,0.0],[-117.13044,32.893555,0.0],[-117.13044,32.893555,0.0],[-117.130441,32.893555,0.0],[-117.13092,32.893549,0.0],[-117.131112,32.893547,0.0],[-117.131577,32.893541,0.0],[-117.131579,32.893541,0.0],[-117.131579,32.893541,0.0],[-117.131581,32.893541,0.0],[-117.133712,32.893511,0.0],[-117.13474,32.893493,0.0],[-117.134845,32.893489,0.0],[-117.134859,32.893488,0.0],[-117.134941,32.893484,0.0],[-117.135022,32.893478,0.0],[-117.135103,32.893472,0.0],[-117.135184,32.893464,0.0],[-117.135265,32.893454,0.0],[-117.135345,32.893444,0.0],[-117.135426,32.893432,0.0],[-117.135506,32.89342,0.0],[-117.135586,32.893406,0.0],[-117.135665,32.89339,0.0],[-117.135744,32.893374,0.0],[-117.135823,32.893357,0.0],[-117.135877,32.893342,0.0],[-117.135878,32.893336,0.0],[-117.135879,32.893237,0.0],[-117.135908,32.891253,0.0],[-117.135908,32.89125,0.0],[-117.134266,32.891239,0.0],[-117.134133,32.891238,0.0],[-117.13236,32.891228,0.0],[-117.132229,32.891227,0.0],[-117.131763,32.891224,0.0],[-117.131657,32.891224,0.0],[-117.131155,32.891221,0.0],[-117.131106,32.891221,0.0],[-117.130915,32.89122,0.0],[-117.130905,32.89122,0.0],[-117.130543,32.891217,0.0],[-117.13054,32.891217,0.0],[-117.129487,32.89121,0.0],[-117.129318,32.891209,0.0],[-117.12716,32.891195,0.0],[-117.126917,32.891193,0.0],[-117.126754,32.891191,0.0],[-117.122945,32.891167,0.0],[-117.122853,32.891167,0.0],[-117.121534,32.891158,0.0],[-117.120359,32.891151,0.0],[-117.120182,32.89115,0.0],[-117.119932,32.891148,0.0],[-117.119756,32.891147,0.0],[-117.119574,32.891146,0.0],[-117.119441,32.891145,0.0],[-117.11938,32.891145,0.0],[-117.119376,32.891216,0.0],[-117.119367,32.89137,0.0],[-117.11935,32.891675,0.0],[-117.11936,32.891683,0.0],[-117.119371,32.891694,0.0],[-117.119382,32.891704,0.0],[-117.119393,32.891714,0.0],[-117.119405,32.891724,0.0],[-117.119415,32.891734,0.0],[-117.119426,32.891744,0.0],[-117.119437,32.891755,0.0],[-117.119448,32.891765,0.0],[-117.119459,32.891775,0.0],[-117.119469,32.891786,0.0],[-117.11948,32.891796,0.0],[-117.11949,32.891807,0.0],[-117.1195,32.891817,0.0],[-117.119511,32.891828,0.0],[-117.119521,32.891839,0.0],[-117.119531,32.891849,0.0],[-117.119541,32.89186,0.0],[-117.119551,32.891871,0.0],[-117.119561,32.891882,0.0],[-117.119571,32.891893,0.0],[-117.119581,32.891904,0.0],[-117.11959,32.891915,0.0],[-117.1196,32.891926,0.0],[-117.119609,32.891937,0.0],[-117.119619,32.891949,0.0],[-117.119628,32.89196,0.0],[-117.119637,32.891971,0.0],[-117.119647,32.891982,0.0],[-117.119656,32.891994,0.0],[-117.119665,32.892005,0.0],[-117.119674,32.892017,0.0],[-117.119682,32.892028,0.0],[-117.119691,32.89204,0.0],[-117.1197,32.892052,0.0],[-117.119709,32.892063,0.0],[-117.119717,32.892075,0.0],[-117.119726,32.892087,0.0],[-117.119734,32.892098,0.0],[-117.119742,32.89211,0.0],[-117.11975,32.892122,0.0],[-117.119758,32.892134,0.0],[-117.119766,32.892146,0.0],[-117.119774,32.892158,0.0],[-117.119782,32.89217,0.0],[-117.11979,32.892182,0.0],[-117.119798,32.892194,0.0],[-117.119805,32.892206,0.0],[-117.119813,32.892219,0.0],[-117.11982,32.892231,0.0],[-117.119827,32.892243,0.0],[-117.119835,32.892255,0.0],[-117.119842,32.892268,0.0],[-117.119849,32.89228,0.0],[-117.119856,32.892293,0.0],[-117.119863,32.892305,0.0],[-117.119869,32.892318,0.0],[-117.119876,32.89233,0.0],[-117.119883,32.892343,0.0],[-117.119889,32.892355,0.0],[-117.119896,32.892368,0.0],[-117.119902,32.892381,0.0],[-117.119908,32.892393,0.0],[-117.119914,32.892406,0.0],[-117.119921,32.892419,0.0],[-117.119927,32.892432,0.0],[-117.119932,32.892444,0.0],[-117.119938,32.892457,0.0],[-117.119944,32.89247,0.0],[-117.11995,32.892483,0.0],[-117.119955,32.892496,0.0],[-117.11996,32.892509,0.0],[-117.119966,32.892522,0.0],[-117.119971,32.892535,0.0],[-117.119976,32.892548,0.0],[-117.119981,32.892561,0.0],[-117.119986,32.892574,0.0],[-117.119991,32.892587,0.0],[-117.119996,32.8926,0.0],[-117.12,32.892613,0.0],[-117.120005,32.892627,0.0],[-117.120009,32.89264,0.0],[-117.120014,32.892653,0.0],[-117.120018,32.892666,0.0],[-117.120022,32.89268,0.0],[-117.120026,32.892693,0.0],[-117.12003,32.892706,0.0],[-117.120034,32.89272,0.0],[-117.120038,32.892733,0.0],[-117.120042,32.892746,0.0],[-117.120046,32.89276,0.0],[-117.120049,32.892773,0.0],[-117.120053,32.892787,0.0],[-117.120056,32.8928,0.0],[-117.120059,32.892813,0.0],[-117.120062,32.892827,0.0],[-117.120065,32.89284,0.0],[-117.120068,32.892854,0.0],[-117.120071,32.892868,0.0],[-117.120074,32.892881,0.0],[-117.120077,32.892895,0.0],[-117.120079,32.892908,0.0],[-117.120082,32.892922,0.0],[-117.120084,32.892935,0.0],[-117.120086,32.892949,0.0],[-117.120088,32.892963,0.0],[-117.12009,32.892976,0.0],[-117.120092,32.89299,0.0],[-117.120094,32.893004,0.0],[-117.120096,32.893017,0.0],[-117.120098,32.893031,0.0],[-117.120099,32.893045,0.0],[-117.120101,32.893058,0.0],[-117.120102,32.893072,0.0],[-117.120104,32.893086,0.0],[-117.120105,32.893099,0.0],[-117.120106,32.893113,0.0],[-117.120107,32.893127,0.0],[-117.120108,32.89314,0.0],[-117.120109,32.893154,0.0],[-117.120109,32.893168,0.0],[-117.12011,32.893182,0.0],[-117.12011,32.893195,0.0],[-117.120111,32.893209,0.0],[-117.120111,32.893223,0.0],[-117.120111,32.893237,0.0],[-117.120111,32.89325,0.0],[-117.120102,32.893621,0.0]]],[[[-117.119302,32.892539,0.0],[-117.119267,32.893138,0.0],[-117.119239,32.893625,0.0],[-117.119251,32.893627,0.0],[-117.119267,32.89363,0.0],[-117.119283,32.893632,0.0],[-117.119299,32.893634,0.0],[-117.119315,32.893637,0.0],[-117.119331,32.893639,0.0],[-117.119348,32.893641,0.0],[-117.119364,32.893643,0.0],[-117.11938,32.893645,0.0],[-117.119396,32.893646,0.0],[-117.119412,32.893648,0.0],[-117.119428,32.893649,0.0],[-117.119445,32.893651,0.0],[-117.119461,32.893652,0.0],[-117.119477,32.893653,0.0],[-117.119493,32.893654,0.0],[-117.11951,32.893655,0.0],[-117.119526,32.893656,0.0],[-117.119542,32.893656,0.0],[-117.119558,32.893657,0.0],[-117.119575,32.893657,0.0],[-117.119591,32.893658,0.0],[-117.119607,32.893658,0.0],[-117.119782,32.893563,0.0],[-117.119789,32.893214,0.0],[-117.119788,32.8932,0.0],[-117.119788,32.893187,0.0],[-117.119787,32.893173,0.0],[-117.119787,32.893159,0.0],[-117.119786,32.893145,0.0],[-117.119785,32.893132,0.0],[-117.119784,32.893118,0.0],[-117.119783,32.893104,0.0],[-117.119782,32.893091,0.0],[-117.119781,32.893077,0.0],[-117.11978,32.893063,0.0],[-117.119778,32.893049,0.0],[-117.119777,32.893036,0.0],[-117.119775,32.893022,0.0],[-117.119773,32.893008,0.0],[-117.119771,32.892995,0.0],[-117.119769,32.892981,0.0],[-117.119767,32.892968,0.0],[-117.119765,32.892954,0.0],[-117.119763,32.89294,0.0],[-117.11976,32.892927,0.0],[-117.119758,32.892913,0.0],[-117.119755,32.8929,0.0],[-117.119752,32.892886,0.0],[-117.119749,32.892873,0.0],[-117.119746,32.892859,0.0],[-117.119743,32.892846,0.0],[-117.11974,32.892832,0.0],[-117.119737,32.892819,0.0],[-117.119733,32.892805,0.0],[-117.11973,32.892792,0.0],[-117.119726,32.892778,0.0],[-117.119722,32.892765,0.0],[-117.119718,32.892752,0.0],[-117.119714,32.892738,0.0],[-117.11971,32.892725,0.0],[-117.119706,32.892712,0.0],[-117.119702,32.892699,0.0],[-117.119697,32.892685,0.0],[-117.119693,32.892672,0.0],[-117.119688,32.892659,0.0],[-117.119684,32.892646,0.0],[-117.119679,32.892633,0.0],[-117.119674,32.892619,0.0],[-117.119669,32.892606,0.0],[-117.119664,32.892593,0.0],[-117.119659,32.89258,0.0],[-117.119653,32.892567,0.0],[-117.119648,32.892554,0.0],[-117.119642,32.892542,0.0],[-117.119637,32.892529,0.0],[-117.119631,32.892516,0.0],[-117.119625,32.892503,0.0],[-117.119619,32.89249,0.0],[-117.119613,32.892477,0.0],[-117.119607,32.892465,0.0],[-117.119601,32.892452,0.0],[-117.119594,32.892439,0.0],[-117.119588,32.892427,0.0],[-117.119581,32.892414,0.0],[-117.119575,32.892402,0.0],[-117.119568,32.892389,0.0],[-117.119561,32.892377,0.0],[-117.119554,32.892364,0.0],[-117.119547,32.892352,0.0],[-117.11954,32.89234,0.0],[-117.119532,32.892327,0.0],[-117.119525,32.892315,0.0],[-117.119518,32.892303,0.0],[-117.11951,32.892291,0.0],[-117.119502,32.892278,0.0],[-117.119495,32.892266,0.0],[-117.119487,32.892254,0.0],[-117.119479,32.892242,0.0],[-117.119471,32.89223,0.0],[-117.119463,32.892218,0.0],[-117.119454,32.892207,0.0],[-117.119446,32.892195,0.0],[-117.119438,32.892183,0.0],[-117.119429,32.892171,0.0],[-117.119421,32.89216,0.0],[-117.119412,32.892148,0.0],[-117.119403,32.892136,0.0],[-117.119394,32.892125,0.0],[-117.119385,32.892113,0.0],[-117.119376,32.892102,0.0],[-117.119367,32.892091,0.0],[-117.119358,32.892079,0.0],[-117.119348,32.892068,0.0],[-117.119339,32.892057,0.0],[-117.119331,32.892047,0.0],[-117.119302,32.892539,0.0]]]]},"properties":{"APN":"3450600800","SITUS_ADDRESS":0,"SITUS_STREET":"","SITUS_SUFFIX":""}},{"type":"Feature","geometry":{"type":"MultiPolygon","coordinates":[[[[-117.120102,32.893621,0.0],[-117.120128,32.893651,0.0],[-117.122908,32.893623,0.0],[-117.122906,32.893525,0.0],[-117.122997,32.893524,0.0],[-117.124724,32.893504,0.0],[-117.126453,32.893491,0.0],[-117.127183,32.893486,0.0],[-117.127184,32.893582,0.0],[-117.129972,32.893558,0.0],[-117.130008,32.893558,0.0],[-117.130433,32.893555,0.0],[-117.130434,32.893555,0.0],[-117.130437,32.893555,0.0],[-117.130438,32.893555,0.0],[-117.13044,32.893555,0.0],[-117.13044,32.893555,0.0],[-117.130441,32.893555,0.0],[-117.13092,32.893549,0.0],[-117.131112,32.893547,0.0],[-117.131577,32.893541,0.0],[-117.131579,32.893541,0.0],[-117.131579,32.893541,0.0],[-117.131581,32.893541,0.0],[-117.133712,32.893511,0.0],[-117.13474,32.893493,0.0],[-117.134845,32.893489,0.0],[-117.134859,32.893488,0.0],[-117.134941,32.893484,0.0],[-117.135022,32.893478,0.0],[-117.135103,32.893472,0.0],[-117.135184,32.893464,0.0],[-117.135265,32.893454,0.0],[-117.135345,32.893444,0.0],[-117.135426,32.893432,0.0],[-117.135506,32.89342,0.0],[-117.135586,32.893406,0.0],[-117.135665,32.89339,0.0],[-117.135744,32.893374,0.0],[-117.135823,32.893357,0.0],[-117.135877,32.893342,0.0],[-117.135878,32.893336,0.0],[-117.135879,32.893237,0.0],[-117.135908,32.891253,0.0],[-117.135908,32.89125,0.0],[-117.134266,32.891239,0.0],[-117.134133,32.891238,0.0],[-117.13236,32.891228,0.0],[-117.132229,32.891227,0.0],[-117.131763,32.891224,0.0],[-117.131657,32.891224,0.0],[-117.131155,32.891221,0.0],[-117.131106,32.891221,0.0],[-117.130915,32.89122,0.0],[-117.130905,32.89122,0.0],[-117.130543,32.891217,0.0],[-117.13054,32.891217,0.0],[-117.129487,32.89121,0.0],[-117.129318,32.891209,0.0],[-117.12716,32.891195,0.0],[-117.126917,32.891193,0.0],[-117.126754,32.891191,0.0],[-117.122945,32.891167,0.0],[-117.122853,32.891167,0.0],[-117.121534,32.891158,0.0],[-117.120359,32.891151,0.0],[-117.120182,32.89115,0.0],[-117.119932,32.891148,0.0],[-117.119756,32.891147,0.0],[-117.119574,32.891146,0.0],[-117.119441,32.891145,0.0],[-117.11938,32.891145,0.0],[-117.119376,32.891216,0.0],[-117.119367,32.89137,0.0],[-117.11935,32.891675,0.0],[-117.11936,32.891683,0.0],[-117.119371,32.891694,0.0],[-117.119382,32.891704,0.0],[-117.119393,32.891714,0.0],[-117.119405,32.891724,0.0],[-117.119415,32.891734,0.0],[-117.119426,32.891744,0.0],[-117.119437,32.891755,0.0],[-117.119448,32.891765,0.0],[-117.119459,32.891775,0.0],[-117.119469,32.891786,0.0],[-117.11948,32.891796,0.0],[-117.11949,32.891807,0.0],[-117.1195,32.891817,0.0],[-117.119511,32.891828,0.0],[-117.119521,32.891839,0.0],[-117.119531,32.891849,0.0],[-117.119541,32.89186,0.0],[-117.119551,32.891871,0.0],[-117.119561,32.891882,0.0],[-117.119571,32.891893,0.0],[-117.119581,32.891904,0.0],[-117.11959,32.891915,0.0],[-117.1196,32.891926,0.0],[-117.119609,32.891937,0.0],[-117.119619,32.891949,0.0],[-117.119628,32.89196,0.0],[-117.119637,32.891971,0.0],[-117.119647,32.891982,0.0],[-117.119656,32.891994,0.0],[-117.119665,32.892005,0.0],[-117.119674,32.892017,0.0],[-117.119682,32.892028,0.0],[-117.119691,32.89204,0.0],[-117.1197,32.892052,0.0],[-117.119709,32.892063,0.0],[-117.119717,32.892075,0.0],[-117.119726,32.892087,0.0],[-117.119734,32.892098,0.0],[-117.119742,32.89211,0.0],[-117.11975,32.892122,0.0],[-117.119758,32.892134,0.0],[-117.119766,32.892146,0.0],[-117.119774,32.892158,0.0],[-117.119782,32.89217,0.0],[-117.11979,32.892182,0.0],[-117.119798,32.892194,0.0],[-117.119805,32.892206,0.0],[-117.119813,32.892219,0.0],[-117.11982,32.892231,0.0],[-117.119827,32.892243,0.0],[-117.119835,32.892255,0.0],[-117.119842,32.892268,0.0],[-117.119849,32.89228,0.0],[-117.119856,32.892293,0.0],[-117.119863,32.892305,0.0],[-117.119869,32.892318,0.0],[-117.119876,32.89233,0.0],[-117.119883,32.892343,0.0],[-117.119889,32.892355,0.0],[-117.119896,32.892368,0.0],[-117.119902,32.892381,0.0],[-117.119908,32.892393,0.0],[-117.119914,32.892406,0.0],[-117.119921,32.892419,0.0],[-117.119927,32.892432,0.0],[-117.119932,32.892444,0.0],[-117.119938,32.892457,0.0],[-117.119944,32.89247,0.0],[-117.11995,32.892483,0.0],[-117.119955,32.892496,0.0],[-117.11996,32.892509,0.0],[-117.119966,32.892522,0.0],[-117.119971,32.892535,0.0],[-117.119976,32.892548,0.0],[-117.119981,32.892561,0.0],[-117.119986,32.892574,0.0],[-117.119991,32.892587,0.0],[-117.119996,32.8926,0.0],[-117.12,32.892613,0.0],[-117.120005,32.892627,0.0],[-117.120009,32.89264,0.0],[-117.120014,32.892653,0.0],[-117.120018,32.892666,0.0],[-117.120022,32.89268,0.0],[-117.120026,32.892693,0.0],[-117.12003,32.892706,0.0],[-117.120034,32.89272,0.0],[-117.120038,32.892733,0.0],[-117.120042,32.892746,0.0],[-117.120046,32.89276,0.0],[-117.120049,32.892773,0.0],[-117.120053,32.892787,0.0],[-117.120056,32.8928,0.0],[-117.120059,32.892813,0.0],[-117.120062,32.892827,0.0],[-117.120065,32.89284,0.0],[-117.120068,32.892854,0.0],[-117.120071,32.892868,0.0],[-117.120074,32.892881,0.0],[-117.120077,32.892895,0.0],[-117.120079,32.892908,0.0],[-117.120082,32.892922,0.0],[-117.120084,32.892935,0.0],[-117.120086,32.892949,0.0],[-117.120088,32.892963,0.0],[-117.12009,32.892976,0.0],[-117.120092,32.89299,0.0],[-117.120094,32.893004,0.0],[-117.120096,32.893017,0.0],[-117.120098,32.893031,0.0],[-117.120099,32.893045,0.0],[-117.120101,32.893058,0.0],[-117.120102,32.893072,0.0],[-117.120104,32.893086,0.0],[-117.120105,32.893099,0.0],[-117.120106,32.893113,0.0],[-117.120107,32.893127,0.0],[-117.120108,32.89314,0.0],[-117.120109,32.893154,0.0],[-117.120109,32.893168,0.0],[-117.12011,32.893182,0.0],[-117.12011,32.893195,0.0],[-117.120111,32.893209,0.0],[-117.120111,32.893223,0.0],[-117.120111,32.893237,0.0],[-117.120111,32.89325,0.0],[-117.120102,32.893621,0.0]]],[[[-117.119302,32.892539,0.0],[-117.119267,32.893138,0.0],[-117.119239,32.893625,0.0],[-117.119251,32.893627,0.0],[-117.119267,32.89363,0.0],[-117.119283,32.893632,0.0],[-117.119299,32.893634,0.0],[-117.119315,32.893637,0.0],[-117.119331,32.893639,0.0],[-117.119348,32.893641,0.0],[-117.119364,32.893643,0.0],[-117.11938,32.893645,0.0],[-117.119396,32.893646,0.0],[-117.119412,32.893648,0.0],[-117.119428,32.893649,0.0],[-117.119445,32.893651,0.0],[-117.119461,32.893652,0.0],[-117.119477,32.893653,0.0],[-117.119493,32.893654,0.0],[-117.11951,32.893655,0.0],[-117.119526,32.893656,0.0],[-117.119542,32.893656,0.0],[-117.119558,32.893657,0.0],[-117.119575,32.893657,0.0],[-117.119591,32.893658,0.0],[-117.119607,32.893658,0.0],[-117.119782,32.893563,0.0],[-117.119789,32.893214,0.0],[-117.119788,32.8932,0.0],[-117.119788,32.893187,0.0],[-117.119787,32.893173,0.0],[-117.119787,32.893159,0.0],[-117.119786,32.893145,0.0],[-117.119785,32.893132,0.0],[-117.119784,32.893118,0.0],[-117.119783,32.893104,0.0],[-117.119782,32.893091,0.0],[-117.119781,32.893077,0.0],[-117.11978,32.893063,0.0],[-117.119778,32.893049,0.0],[-117.119777,32.893036,0.0],[-117.119775,32.893022,0.0],[-117.119773,32.893008,0.0],[-117.119771,32.892995,0.0],[-117.119769,32.892981,0.0],[-117.119767,32.892968,0.0],[-117.119765,32.892954,0.0],[-117.119763,32.89294,0.0],[-117.11976,32.892927,0.0],[-117.119758,32.892913,0.0],[-117.119755,32.8929,0.0],[-117.119752,32.892886,0.0],[-117.119749,32.892873,0.0],[-117.119746,32.892859,0.0],[-117.119743,32.892846,0.0],[-117.11974,32.892832,0.0],[-117.119737,32.892819,0.0],[-117.119733,32.892805,0.0],[-117.11973,32.892792,0.0],[-117.119726,32.892778,0.0],[-117.119722,32.892765,0.0],[-117.119718,32.892752,0.0],[-117.119714,32.892738,0.0],[-117.11971,32.892725,0.0],[-117.119706,32.892712,0.0],[-117.119702,32.892699,0.0],[-117.119697,32.892685,0.0],[-117.119693,32.892672,0.0],[-117.119688,32.892659,0.0],[-117.119684,32.892646,0.0],[-117.119679,32.892633,0.0],[-117.119674,32.892619,0.0],[-117.119669,32.892606,0.0],[-117.119664,32.892593,0.0],[-117.119659,32.89258,0.0],[-117.119653,32.892567,0.0],[-117.119648,32.892554,0.0],[-117.119642,32.892542,0.0],[-117.119637,32.892529,0.0],[-117.119631,32.892516,0.0],[-117.119625,32.892503,0.0],[-117.119619,32.89249,0.0],[-117.119613,32.892477,0.0],[-117.119607,32.892465,0.0],[-117.119601,32.892452,0.0],[-117.119594,32.892439,0.0],[-117.119588,32.892427,0.0],[-117.119581,32.892414,0.0],[-117.119575,32.892402,0.0],[-117.119568,32.892389,0.0],[-117.119561,32.892377,0.0],[-117.119554,32.892364,0.0],[-117.119547,32.892352,0.0],[-117.11954,32.89234,0.0],[-117.119532,32.892327,0.0],[-117.119525,32.892315,0.0],[-117.119518,32.892303,0.0],[-117.11951,32.892291,0.0],[-117.119502,32.892278,0.0],[-117.119495,32.892266,0.0],[-117.119487,32.892254,0.0],[-117.119479,32.892242,0.0],[-117.119471,32.89223,0.0],[-117.119463,32.892218,0.0],[-117.119454,32.892207,0.0],[-117.119446,32.892195,0.0],[-117.119438,32.892183,0.0],[-117.119429,32.892171,0.0],[-117.119421,32.89216,0.0],[-117.119412,32.892148,0.0],[-117.119403,32.892136,0.0],[-117.119394,32.892125,0.0],[-117.119385,32.892113,0.0],[-117.119376,32.892102,0.0],[-117.119367,32.892091,0.0],[-117.119358,32.892079,0.0],[-117.119348,32.892068,0.0],[-117.119339,32.892057,0.0],[-117.119331,32.892047,0.0],[-117.119302,32.892539,0.0]]]]},"properties":{"APN":"7602512000","SITUS_ADDRESS":0,"SITUS_STREET":"MIRAMAR","SITUS_SUFFIX":"RD"}},{"type":"Feature","geometry":{"type":"MultiPolygon","coordinates":[[[[-117.116991,32.884048,0.0],[-117.116989,32.884221,0.0],[-117.116989,32.887852,0.0],[-117.11699,32.889279,0.0],[-117.116991,32.889682,0.0],[-117.116991,32.889696,0.0],[-117.116992,32.889699,0.0],[-117.116998,32.889712,0.0],[-117.117003,32.889725,0.0],[-117.117009,32.889738,0.0],[-117.117015,32.889751,0.0],[-117.11702,32.889764,0.0],[-117.117026,32.889777,0.0],[-117.117032,32.88979,0.0],[-117.117038,32.889802,0.0],[-117.117044,32.889815,0.0],[-117.11705,32.889828,0.0],[-117.117057,32.88984,0.0],[-117.117063,32.889853,0.0],[-117.11707,32.889866,0.0],[-117.117076,32.889878,0.0],[-117.117083,32.889891,0.0],[-117.11709,32.889903,0.0],[-117.117096,32.889916,0.0],[-117.117103,32.889928,0.0],[-117.11711,32.889941,0.0],[-117.117117,32.889953,0.0],[-117.117125,32.889965,0.0],[-117.117132,32.889978,0.0],[-117.117139,32.88999,0.0],[-117.117147,32.890002,0.0],[-117.117154,32.890014,0.0],[-117.117162,32.890027,0.0],[-117.117169,32.890039,0.0],[-117.117177,32.890051,0.0],[-117.117185,32.890063,0.0],[-117.117193,32.890075,0.0],[-117.117201,32.890087,0.0],[-117.117209,32.890099,0.0],[-117.117217,32.890111,0.0],[-117.117226,32.890122,0.0],[-117.117234,32.890134,0.0],[-117.117242,32.890146,0.0],[-117.117251,32.890158,0.0],[-117.11726,32.890169,0.0],[-117.117268,32.890181,0.0],[-117.117277,32.890192,0.0],[-117.117286,32.890204,0.0],[-117.117295,32.890215,0.0],[-117.117304,32.890227,0.0],[-117.117313,32.890238,0.0],[-117.117322,32.89025,0.0],[-117.117331,32.890261,0.0],[-117.117341,32.890272,0.0],[-117.11735,32.890283,0.0],[-117.11736,32.890295,0.0],[-117.117369,32.890306,0.0],[-117.117379,32.890317,0.0],[-117.117389,32.890328,0.0],[-117.117398,32.890339,0.0],[-117.117408,32.89035,0.0],[-117.117418,32.890361,0.0],[-117.117428,32.890371,0.0],[-117.117438,32.890382,0.0],[-117.117449,32.890393,0.0],[-117.117459,32.890404,0.0],[-117.117469,32.890414,0.0],[-117.11748,32.890425,0.0],[-117.11749,32.890435,0.0],[-117.117501,32.890446,0.0],[-117.117511,32.890456,0.0],[-117.117522,32.890466,0.0],[-117.117533,32.890477,0.0],[-117.117544,32.890487,0.0],[-117.117555,32.890497,0.0],[-117.117566,32.890507,0.0],[-117.117577,32.890517,0.0],[-117.117588,32.890527,0.0],[-117.117599,32.890537,0.0],[-117.11761,32.890547,0.0],[-117.117622,32.890557,0.0],[-117.117633,32.890567,0.0],[-117.117645,32.890577,0.0],[-117.117652,32.890583,0.0],[-117.117682,32.89061,0.0],[-117.117723,32.890646,0.0],[-117.117764,32.890681,0.0],[-117.117806,32.890715,0.0],[-117.117848,32.890749,0.0],[-117.117891,32.890782,0.0],[-117.117935,32.890814,0.0],[-117.11798,32.890846,0.0],[-117.118025,32.890877,0.0],[-117.118071,32.890907,0.0],[-117.118118,32.890937,0.0],[-117.118165,32.890966,0.0],[-117.118212,32.890994,0.0],[-117.118261,32.891022,0.0],[-117.118309,32.891049,0.0],[-117.118359,32.891075,0.0],[-117.118409,32.8911,0.0],[-117.118459,32.891125,0.0],[-117.118501,32.891137,0.0],[-117.119259,32.891144,0.0],[-117.119371,32.891145,0.0],[-117.11938,32.891145,0.0],[-117.119441,32.891145,0.0],[-117.119574,32.891146,0.0],[-117.119756,32.891147,0.0],[-117.119932,32.891148,0.0],[-117.120182,32.89115,0.0],[-117.120359,32.891151,0.0],[-117.121534,32.891158,0.0],[-117.122853,32.891167,0.0],[-117.122945,32.891167,0.0],[-117.126754,32.891191,0.0],[-117.126917,32.891193,0.0],[-117.12716,32.891195,0.0],[-117.129318,32.891209,0.0],[-117.129487,32.89121,0.0],[-117.13054,32.891217,0.0],[-117.130543,32.891217,0.0],[-117.130905,32.89122,0.0],[-117.130915,32.89122,0.0],[-117.131106,32.891221,0.0],[-117.131155,32.891221,0.0],[-117.131657,32.891224,0.0],[-117.131763,32.891224,0.0],[-117.132229,32.891227,0.0],[-117.13236,32.891228,0.0],[-117.134133,32.891238,0.0],[-117.134266,32.891239,0.0],[-117.135908,32.89125,0.0],[-117.135898,32.890945,0.0],[-117.135894,32.89081,0.0],[-117.135892,32.890769,0.0],[-117.135829,32.889118,0.0],[-117.135824,32.88899,0.0],[-117.135823,32.888978,0.0],[-117.135794,32.887666,0.0],[-117.135791,32.887573,0.0],[-117.135759,32.886135,0.0],[-117.135756,32.886008,0.0],[-117.135755,32.885985,0.0],[-117.135754,32.885931,0.0],[-117.135754,32.885718,0.0],[-117.135754,32.885693,0.0],[-117.135706,32.883838,0.0],[-117.135338,32.883874,0.0],[-117.134619,32.883885,0.0],[-117.134521,32.883886,0.0],[-117.133347,32.8839,0.0],[-117.130971,32.883927,0.0],[-117.127788,32.883942,0.0],[-117.127689,32.883942,0.0],[-117.127088,32.883945,0.0],[-117.125341,32.883951,0.0],[-117.12527,32.883951,0.0],[-117.125198,32.883951,0.0],[-117.124726,32.883948,0.0],[-117.124635,32.883948,0.0],[-117.124537,32.883948,0.0],[-117.123958,32.883947,0.0],[-117.123355,32.88394,0.0],[-117.121111,32.883914,0.0],[-117.118566,32.883884,0.0],[-117.118403,32.883882,0.0],[-117.117185,32.883898,0.0],[-117.116991,32.884048,0.0]]],[[[-117.117939,32.875537,0.0],[-117.117937,32.87555,0.0],[-117.117936,32.875564,0.0],[-117.117934,32.875578,0.0],[-117.117933,32.875591,0.0],[-117.117932,32.875605,0.0],[-117.11793,32.875619,0.0],[-117.117929,32.875632,0.0],[-117.117927,32.875646,0.0],[-117.117926,32.87566,0.0],[-117.117924,32.875674,0.0],[-117.117923,32.875687,0.0],[-117.117921,32.875701,0.0],[-117.11792,32.875715,0.0],[-117.117918,32.875728,0.0],[-117.117917,32.875742,0.0],[-117.117915,32.875756,0.0],[-117.117914,32.875769,0.0],[-117.117912,32.875783,0.0],[-117.11791,32.875797,0.0],[-117.117909,32.87581,0.0],[-117.117907,32.875824,0.0],[-117.117906,32.875838,0.0],[-117.117904,32.875851,0.0],[-117.117902,32.875865,0.0],[-117.117901,32.875879,0.0],[-117.117899,32.875892,0.0],[-117.117897,32.875906,0.0],[-117.117896,32.87592,0.0],[-117.117894,32.875933,0.0],[-117.117892,32.875947,0.0],[-117.11789,32.875961,0.0],[-117.117889,32.875974,0.0],[-117.117812,32.876421,0.0],[-117.117796,32.876514,0.0],[-117.117795,32.87652,0.0],[-117.117792,32.876533,0.0],[-117.117789,32.876547,0.0],[-117.117787,32.87656,0.0],[-117.117784,32.876574,0.0],[-117.117781,32.876588,0.0],[-117.117781,32.876603,0.0],[-117.117776,32.876615,0.0],[-117.117774,32.876628,0.0],[-117.117771,32.876642,0.0],[-117.117769,32.876655,0.0],[-117.117766,32.876669,0.0],[-117.117764,32.876683,0.0],[-117.117762,32.876696,0.0],[-117.11776,32.87671,0.0],[-117.117757,32.876723,0.0],[-117.117755,32.876737,0.0],[-117.117753,32.876751,0.0],[-117.117751,32.876764,0.0],[-117.117749,32.876778,0.0],[-117.117747,32.876792,0.0],[-117.117745,32.876805,0.0],[-117.117743,32.876819,0.0],[-117.117741,32.876833,0.0],[-117.117739,32.876846,0.0],[-117.117738,32.87686,0.0],[-117.117736,32.876874,0.0],[-117.117734,32.876887,0.0],[-117.117733,32.876901,0.0],[-117.117731,32.876915,0.0],[-117.117729,32.876928,0.0],[-117.117728,32.876942,0.0],[-117.117726,32.876956,0.0],[-117.117725,32.876969,0.0],[-117.117724,32.876983,0.0],[-117.117722,32.876997,0.0],[-117.117721,32.87701,0.0],[-117.11772,32.877024,0.0],[-117.117719,32.877038,0.0],[-117.117717,32.877051,0.0],[-117.117716,32.877065,0.0],[-117.117715,32.877079,0.0],[-117.117714,32.877093,0.0],[-117.117713,32.877106,0.0],[-117.117712,32.87712,0.0],[-117.117711,32.877134,0.0],[-117.11771,32.877148,0.0],[-117.11771,32.877161,0.0],[-117.117709,32.877175,0.0],[-117.117708,32.877189,0.0],[-117.117708,32.877202,0.0],[-117.117707,32.877216,0.0],[-117.117706,32.87723,0.0],[-117.117706,32.877244,0.0],[-117.117705,32.877257,0.0],[-117.117705,32.877271,0.0],[-117.117704,32.877285,0.0],[-117.117704,32.877299,0.0],[-117.117704,32.877312,0.0],[-117.117703,32.877326,0.0],[-117.117703,32.87734,0.0],[-117.117703,32.877354,0.0],[-117.117703,32.877367,0.0],[-117.117703,32.877381,0.0],[-117.117703,32.877395,0.0],[-117.117703,32.877408,0.0],[-117.117703,32.877422,0.0],[-117.117703,32.877436,0.0],[-117.117703,32.87745,0.0],[-117.117703,32.877463,0.0],[-117.117703,32.877477,0.0],[-117.117704,32.877491,0.0],[-117.117704,32.877505,0.0],[-117.117704,32.877518,0.0],[-117.117705,32.877532,0.0],[-117.117705,32.877546,0.0],[-117.117705,32.87756,0.0],[-117.117706,32.877573,0.0],[-117.117706,32.877587,0.0],[-117.117707,32.877601,0.0],[-117.117708,32.877615,0.0],[-117.117708,32.877628,0.0],[-117.117709,32.877642,0.0],[-117.11771,32.877656,0.0],[-117.117711,32.877669,0.0],[-117.117712,32.877683,0.0],[-117.117713,32.877697,0.0],[-117.117714,32.877711,0.0],[-117.117889,32.878925,0.0],[-117.117899,32.878996,0.0],[-117.117909,32.879062,0.0],[-117.118005,32.879836,0.0],[-117.118351,32.880424,0.0],[-117.118356,32.880433,0.0],[-117.118357,32.880436,0.0],[-117.118364,32.880448,0.0],[-117.11837,32.880461,0.0],[-117.118376,32.880474,0.0],[-117.118382,32.880487,0.0],[-117.118387,32.880499,0.0],[-117.118393,32.880512,0.0],[-117.118399,32.880525,0.0],[-117.118404,32.880538,0.0],[-117.11841,32.880551,0.0],[-117.118415,32.880564,0.0],[-117.11842,32.880577,0.0],[-117.118425,32.88059,0.0],[-117.11843,32.880603,0.0],[-117.118435,32.880616,0.0],[-117.11844,32.880629,0.0],[-117.118445,32.880642,0.0],[-117.11845,32.880656,0.0],[-117.118454,32.880669,0.0],[-117.118459,32.880682,0.0],[-117.118463,32.880695,0.0],[-117.118467,32.880709,0.0],[-117.118472,32.880722,0.0],[-117.118476,32.880735,0.0],[-117.11848,32.880748,0.0],[-117.118484,32.880762,0.0],[-117.118488,32.880775,0.0],[-117.118491,32.880789,0.0],[-117.118495,32.880802,0.0],[-117.118498,32.880815,0.0],[-117.118501,32.880827,0.0],[-117.118502,32.880829,0.0],[-117.118505,32.880842,0.0],[-117.118508,32.880856,0.0],[-117.118511,32.880869,0.0],[-117.118515,32.880883,0.0],[-117.118517,32.880896,0.0],[-117.11852,32.88091,0.0],[-117.118519,32.881086,0.0],[-117.11817,32.88111,0.0],[-117.118555,32.883718,0.0],[-117.121229,32.883746,0.0],[-117.121232,32.883746,0.0],[-117.121569,32.883744,0.0],[-117.122342,32.883739,0.0],[-117.12316,32.883733,0.0],[-117.125181,32.883718,0.0],[-117.125379,32.883717,0.0],[-117.127086,32.883705,0.0],[-117.127084,32.883582,0.0],[-117.127083,32.883417,0.0],[-117.127075,32.882613,0.0],[-117.127073,32.882447,0.0],[-117.127036,32.878731,0.0],[-117.127035,32.878583,0.0],[-117.127004,32.875497,0.0],[-117.124564,32.875486,0.0],[-117.123809,32.875483,0.0],[-117.123643,32.87549,0.0],[-117.123627,32.875491,0.0],[-117.122349,32.875475,0.0],[-117.117946,32.875463,0.0],[-117.117945,32.875468,0.0],[-117.117944,32.875482,0.0],[-117.117943,32.875496,0.0],[-117.117941,32.875509,0.0],[-117.11794,32.875523,0.0],[-117.117939,32.875537,0.0]]],[[[-117.11718,32.892673,0.0],[-117.117232,32.892636,0.0],[-117.117279,32.892605,0.0],[-117.117325,32.892573,0.0],[-117.117371,32.89254,0.0],[-117.117416,32.892507,0.0],[-117.11746,32.892473,0.0],[-117.117504,32.892438,0.0],[-117.117546,32.892403,0.0],[-117.117588,32.892367,0.0],[-117.11763,32.892331,0.0],[-117.11767,32.892294,0.0],[-117.11771,32.892256,0.0],[-117.117749,32.892218,0.0],[-117.117787,32.892179,0.0],[-117.117825,32.892139,0.0],[-117.117861,32.892099,0.0],[-117.117897,32.892059,0.0],[-117.117932,32.892018,0.0],[-117.117966,32.891976,0.0],[-117.117999,32.891934,0.0],[-117.118031,32.891892,0.0],[-117.118063,32.891849,0.0],[-117.118093,32.891805,0.0],[-117.118123,32.891762,0.0],[-117.118151,32.891717,0.0],[-117.118179,32.891673,0.0],[-117.118206,32.891627,0.0],[-117.118232,32.891582,0.0],[-117.118257,32.891536,0.0],[-117.118281,32.89149,0.0],[-117.118304,32.891443,0.0],[-117.118326,32.891396,0.0],[-117.118366,32.891325,0.0],[-117.117894,32.891089,0.0],[-117.117881,32.891081,0.0],[-117.117867,32.891074,0.0],[-117.117854,32.891066,0.0],[-117.117841,32.891058,0.0],[-117.117827,32.89105,0.0],[-117.117814,32.891042,0.0],[-117.117801,32.891034,0.0],[-117.117788,32.891026,0.0],[-117.117774,32.891018,0.0],[-117.117761,32.89101,0.0],[-117.117748,32.891002,0.0],[-117.117735,32.890993,0.0],[-117.117722,32.890985,0.0],[-117.11771,32.890976,0.0],[-117.117697,32.890968,0.0],[-117.117684,32.890959,0.0],[-117.117671,32.890951,0.0],[-117.117659,32.890942,0.0],[-117.117646,32.890933,0.0],[-117.117634,32.890925,0.0],[-117.117621,32.890916,0.0],[-117.117609,32.890907,0.0],[-117.117596,32.890898,0.0],[-117.117584,32.890889,0.0],[-117.117572,32.89088,0.0],[-117.11756,32.890871,0.0],[-117.117547,32.890862,0.0],[-117.117535,32.890852,0.0],[-117.117523,32.890843,0.0],[-117.117511,32.890834,0.0],[-117.1175,32.890824,0.0],[-117.117488,32.890815,0.0],[-117.117476,32.890805,0.0],[-117.117464,32.890796,0.0],[-117.117453,32.890786,0.0],[-117.117441,32.890777,0.0],[-117.117429,32.890767,0.0],[-117.117418,32.890757,0.0],[-117.117407,32.890747,0.0],[-117.117395,32.890737,0.0],[-117.117384,32.890727,0.0],[-117.117373,32.890717,0.0],[-117.117362,32.890707,0.0],[-117.117351,32.890697,0.0],[-117.11734,32.890687,0.0],[-117.117329,32.890677,0.0],[-117.117318,32.890667,0.0],[-117.117307,32.890657,0.0],[-117.117296,32.890646,0.0],[-117.117286,32.890636,0.0],[-117.117275,32.890625,0.0],[-117.117264,32.890615,0.0],[-117.117254,32.890604,0.0],[-117.117243,32.890594,0.0],[-117.117233,32.890583,0.0],[-117.117223,32.890573,0.0],[-117.117213,32.890562,0.0],[-117.117203,32.890551,0.0],[-117.117196,32.890544,0.0],[-117.11718,32.892673,0.0]]]]},"properties":{"APN":"3450600400","SITUS_ADDRESS":0,"SITUS_STREET":"","SITUS_SUFFIX":""}},{"type":"Feature","geometry":{"type":"MultiPolygon","coordinates":[[[[-117.116991,32.884048,0.0],[-117.116989,32.884221,0.0],[-117.116989,32.887852,0.0],[-117.11699,32.889279,0.0],[-117.116991,32.889682,0.0],[-117.116991,32.889696,0.0],[-117.116992,32.889699,0.0],[-117.116998,32.889712,0.0],[-117.117003,32.889725,0.0],[-117.117009,32.889738,0.0],[-117.117015,32.889751,0.0],[-117.11702,32.889764,0.0],[-117.117026,32.889777,0.0],[-117.117032,32.88979,0.0],[-117.117038,32.889802,0.0],[-117.117044,32.889815,0.0],[-117.11705,32.889828,0.0],[-117.117057,32.88984,0.0],[-117.117063,32.889853,0.0],[-117.11707,32.889866,0.0],[-117.117076,32.889878,0.0],[-117.117083,32.889891,0.0],[-117.11709,32.889903,0.0],[-117.117096,32.889916,0.0],[-117.117103,32.889928,0.0],[-117.11711,32.889941,0.0],[-117.117117,32.889953,0.0],[-117.117125,32.889965,0.0],[-117.117132,32.889978,0.0],[-117.117139,32.88999,0.0],[-117.117147,32.890002,0.0],[-117.117154,32.890014,0.0],[-117.117162,32.890027,0.0],[-117.117169,32.890039,0.0],[-117.117177,32.890051,0.0],[-117.117185,32.890063,0.0],[-117.117193,32.890075,0.0],[-117.117201,32.890087,0.0],[-117.117209,32.890099,0.0],[-117.117217,32.890111,0.0],[-117.117226,32.890122,0.0],[-117.117234,32.890134,0.0],[-117.117242,32.890146,0.0],[-117.117251,32.890158,0.0],[-117.11726,32.890169,0.0],[-117.117268,32.890181,0.0],[-117.117277,32.890192,0.0],[-117.117286,32.890204,0.0],[-117.117295,32.890215,0.0],[-117.117304,32.890227,0.0],[-117.117313,32.890238,0.0],[-117.117322,32.89025,0.0],[-117.117331,32.890261,0.0],[-117.117341,32.890272,0.0],[-117.11735,32.890283,0.0],[-117.11736,32.890295,0.0],[-117.117369,32.890306,0.0],[-117.117379,32.890317,0.0],[-117.117389,32.890328,0.0],[-117.117398,32.890339,0.0],[-117.117408,32.89035,0.0],[-117.117418,32.890361,0.0],[-117.117428,32.890371,0.0],[-117.117438,32.890382,0.0],[-117.117449,32.890393,0.0],[-117.117459,32.890404,0.0],[-117.117469,32.890414,0.0],[-117.11748,32.890425,0.0],[-117.11749,32.890435,0.0],[-117.117501,32.890446,0.0],[-117.117511,32.890456,0.0],[-117.117522,32.890466,0.0],[-117.117533,32.890477,0.0],[-117.117544,32.890487,0.0],[-117.117555,32.890497,0.0],[-117.117566,32.890507,0.0],[-117.117577,32.890517,0.0],[-117.117588,32.890527,0.0],[-117.117599,32.890537,0.0],[-117.11761,32.890547,0.0],[-117.117622,32.890557,0.0],[-117.117633,32.890567,0.0],[-117.117645,32.890577,0.0],[-117.117652,32.890583,0.0],[-117.117682,32.89061,0.0],[-117.117723,32.890646,0.0],[-117.117764,32.890681,0.0],[-117.117806,32.890715,0.0],[-117.117848,32.890749,0.0],[-117.117891,32.890782,0.0],[-117.117935,32.890814,0.0],[-117.11798,32.890846,0.0],[-117.118025,32.890877,0.0],[-117.118071,32.890907,0.0],[-117.118118,32.890937,0.0],[-117.118165,32.890966,0.0],[-117.118212,32.890994,0.0],[-117.118261,32.891022,0.0],[-117.118309,32.891049,0.0],[-117.118359,32.891075,0.0],[-117.118409,32.8911,0.0],[-117.118459,32.891125,0.0],[-117.118501,32.891137,0.0],[-117.119259,32.891144,0.0],[-117.119371,32.891145,0.0],[-117.11938,32.891145,0.0],[-117.119441,32.891145,0.0],[-117.119574,32.891146,0.0],[-117.119756,32.891147,0.0],[-117.119932,32.891148,0.0],[-117.120182,32.89115,0.0],[-117.120359,32.891151,0.0],[-117.121534,32.891158,0.0],[-117.122853,32.891167,0.0],[-117.122945,32.891167,0.0],[-117.126754,32.891191,0.0],[-117.126917,32.891193,0.0],[-117.12716,32.891195,0.0],[-117.129318,32.891209,0.0],[-117.129487,32.89121,0.0],[-117.13054,32.891217,0.0],[-117.130543,32.891217,0.0],[-117.130905,32.89122,0.0],[-117.130915,32.89122,0.0],[-117.131106,32.891221,0.0],[-117.131155,32.891221,0.0],[-117.131657,32.891224,0.0],[-117.131763,32.891224,0.0],[-117.132229,32.891227,0.0],[-117.13236,32.891228,0.0],[-117.134133,32.891238,0.0],[-117.134266,32.891239,0.0],[-117.135908,32.89125,0.0],[-117.135898,32.890945,0.0],[-117.135894,32.89081,0.0],[-117.135892,32.890769,0.0],[-117.135829,32.889118,0.0],[-117.135824,32.88899,0.0],[-117.135823,32.888978,0.0],[-117.135794,32.887666,0.0],[-117.135791,32.887573,0.0],[-117.135759,32.886135,0.0],[-117.135756,32.886008,0.0],[-117.135755,32.885985,0.0],[-117.135754,32.885931,0.0],[-117.135754,32.885718,0.0],[-117.135754,32.885693,0.0],[-117.135706,32.883838,0.0],[-117.135338,32.883874,0.0],[-117.134619,32.883885,0.0],[-117.134521,32.883886,0.0],[-117.133347,32.8839,0.0],[-117.130971,32.883927,0.0],[-117.127788,32.883942,0.0],[-117.127689,32.883942,0.0],[-117.127088,32.883945,0.0],[-117.125341,32.883951,0.0],[-117.12527,32.883951,0.0],[-117.125198,32.883951,0.0],[-117.124726,32.883948,0.0],[-117.124635,32.883948,0.0],[-117.124537,32.883948,0.0],[-117.123958,32.883947,0.0],[-117.123355,32.88394,0.0],[-117.121111,32.883914,0.0],[-117.118566,32.883884,0.0],[-117.118403,32.883882,0.0],[-117.117185,32.883898,0.0],[-117.116991,32.884048,0.0]]],[[[-117.117939,32.875537,0.0],[-117.117937,32.87555,0.0],[-117.117936,32.875564,0.0],[-117.117934,32.875578,0.0],[-117.117933,32.875591,0.0],[-117.117932,32.875605,0.0],[-117.11793,32.875619,0.0],[-117.117929,32.875632,0.0],[-117.117927,32.875646,0.0],[-117.117926,32.87566,0.0],[-117.117924,32.875674,0.0],[-117.117923,32.875687,0.0],[-117.117921,32.875701,0.0],[-117.11792,32.875715,0.0],[-117.117918,32.875728,0.0],[-117.117917,32.875742,0.0],[-117.117915,32.875756,0.0],[-117.117914,32.875769,0.0],[-117.117912,32.875783,0.0],[-117.11791,32.875797,0.0],[-117.117909,32.87581,0.0],[-117.117907,32.875824,0.0],[-117.117906,32.875838,0.0],[-117.117904,32.875851,0.0],[-117.117902,32.875865,0.0],[-117.117901,32.875879,0.0],[-117.117899,32.875892,0.0],[-117.117897,32.875906,0.0],[-117.117896,32.87592,0.0],[-117.117894,32.875933,0.0],[-117.117892,32.875947,0.0],[-117.11789,32.875961,0.0],[-117.117889,32.875974,0.0],[-117.117812,32.876421,0.0],[-117.117796,32.876514,0.0],[-117.117795,32.87652,0.0],[-117.117792,32.876533,0.0],[-117.117789,32.876547,0.0],[-117.117787,32.87656,0.0],[-117.117784,32.876574,0.0],[-117.117781,32.876588,0.0],[-117.117781,32.876603,0.0],[-117.117776,32.876615,0.0],[-117.117774,32.876628,0.0],[-117.117771,32.876642,0.0],[-117.117769,32.876655,0.0],[-117.117766,32.876669,0.0],[-117.117764,32.876683,0.0],[-117.117762,32.876696,0.0],[-117.11776,32.87671,0.0],[-117.117757,32.876723,0.0],[-117.117755,32.876737,0.0],[-117.117753,32.876751,0.0],[-117.117751,32.876764,0.0],[-117.117749,32.876778,0.0],[-117.117747,32.876792,0.0],[-117.117745,32.876805,0.0],[-117.117743,32.876819,0.0],[-117.117741,32.876833,0.0],[-117.117739,32.876846,0.0],[-117.117738,32.87686,0.0],[-117.117736,32.876874,0.0],[-117.117734,32.876887,0.0],[-117.117733,32.876901,0.0],[-117.117731,32.876915,0.0],[-117.117729,32.876928,0.0],[-117.117728,32.876942,0.0],[-117.117726,32.876956,0.0],[-117.117725,32.876969,0.0],[-117.117724,32.876983,0.0],[-117.117722,32.876997,0.0],[-117.117721,32.87701,0.0],[-117.11772,32.877024,0.0],[-117.117719,32.877038,0.0],[-117.117717,32.877051,0.0],[-117.117716,32.877065,0.0],[-117.117715,32.877079,0.0],[-117.117714,32.877093,0.0],[-117.117713,32.877106,0.0],[-117.117712,32.87712,0.0],[-117.117711,32.877134,0.0],[-117.11771,32.877148,0.0],[-117.11771,32.877161,0.0],[-117.117709,32.877175,0.0],[-117.117708,32.877189,0.0],[-117.117708,32.877202,0.0],[-117.117707,32.877216,0.0],[-117.117706,32.87723,0.0],[-117.117706,32.877244,0.0],[-117.117705,32.877257,0.0],[-117.117705,32.877271,0.0],[-117.117704,32.877285,0.0],[-117.117704,32.877299,0.0],[-117.117704,32.877312,0.0],[-117.117703,32.877326,0.0],[-117.117703,32.87734,0.0],[-117.117703,32.877354,0.0],[-117.117703,32.877367,0.0],[-117.117703,32.877381,0.0],[-117.117703,32.877395,0.0],[-117.117703,32.877408,0.0],[-117.117703,32.877422,0.0],[-117.117703,32.877436,0.0],[-117.117703,32.87745,0.0],[-117.117703,32.877463,0.0],[-117.117703,32.877477,0.0],[-117.117704,32.877491,0.0],[-117.117704,32.877505,0.0],[-117.117704,32.877518,0.0],[-117.117705,32.877532,0.0],[-117.117705,32.877546,0.0],[-117.117705,32.87756,0.0],[-117.117706,32.877573,0.0],[-117.117706,32.877587,0.0],[-117.117707,32.877601,0.0],[-117.117708,32.877615,0.0],[-117.117708,32.877628,0.0],[-117.117709,32.877642,0.0],[-117.11771,32.877656,0.0],[-117.117711,32.877669,0.0],[-117.117712,32.877683,0.0],[-117.117713,32.877697,0.0],[-117.117714,32.877711,0.0],[-117.117889,32.878925,0.0],[-117.117899,32.878996,0.0],[-117.117909,32.879062,0.0],[-117.118005,32.879836,0.0],[-117.118351,32.880424,0.0],[-117.118356,32.880433,0.0],[-117.118357,32.880436,0.0],[-117.118364,32.880448,0.0],[-117.11837,32.880461,0.0],[-117.118376,32.880474,0.0],[-117.118382,32.880487,0.0],[-117.118387,32.880499,0.0],[-117.118393,32.880512,0.0],[-117.118399,32.880525,0.0],[-117.118404,32.880538,0.0],[-117.11841,32.880551,0.0],[-117.118415,32.880564,0.0],[-117.11842,32.880577,0.0],[-117.118425,32.88059,0.0],[-117.11843,32.880603,0.0],[-117.118435,32.880616,0.0],[-117.11844,32.880629,0.0],[-117.118445,32.880642,0.0],[-117.11845,32.880656,0.0],[-117.118454,32.880669,0.0],[-117.118459,32.880682,0.0],[-117.118463,32.880695,0.0],[-117.118467,32.880709,0.0],[-117.118472,32.880722,0.0],[-117.118476,32.880735,0.0],[-117.11848,32.880748,0.0],[-117.118484,32.880762,0.0],[-117.118488,32.880775,0.0],[-117.118491,32.880789,0.0],[-117.118495,32.880802,0.0],[-117.118498,32.880815,0.0],[-117.118501,32.880827,0.0],[-117.118502,32.880829,0.0],[-117.118505,32.880842,0.0],[-117.118508,32.880856,0.0],[-117.118511,32.880869,0.0],[-117.118515,32.880883,0.0],[-117.118517,32.880896,0.0],[-117.11852,32.88091,0.0],[-117.118519,32.881086,0.0],[-117.11817,32.88111,0.0],[-117.118555,32.883718,0.0],[-117.121229,32.883746,0.0],[-117.121232,32.883746,0.0],[-117.121569,32.883744,0.0],[-117.122342,32.883739,0.0],[-117.12316,32.883733,0.0],[-117.125181,32.883718,0.0],[-117.125379,32.883717,0.0],[-117.127086,32.883705,0.0],[-117.127084,32.883582,0.0],[-117.127083,32.883417,0.0],[-117.127075,32.882613,0.0],[-117.127073,32.882447,0.0],[-117.127036,32.878731,0.0],[-117.127035,32.878583,0.0],[-117.127004,32.875497,0.0],[-117.124564,32.875486,0.0],[-117.123809,32.875483,0.0],[-117.123643,32.87549,0.0],[-117.123627,32.875491,0.0],[-117.122349,32.875475,0.0],[-117.117946,32.875463,0.0],[-117.117945,32.875468,0.0],[-117.117944,32.875482,0.0],[-117.117943,32.875496,0.0],[-117.117941,32.875509,0.0],[-117.11794,32.875523,0.0],[-117.117939,32.875537,0.0]]],[[[-117.11718,32.892673,0.0],[-117.117232,32.892636,0.0],[-117.117279,32.892605,0.0],[-117.117325,32.892573,0.0],[-117.117371,32.89254,0.0],[-117.117416,32.892507,0.0],[-117.11746,32.892473,0.0],[-117.117504,32.892438,0.0],[-117.117546,32.892403,0.0],[-117.117588,32.892367,0.0],[-117.11763,32.892331,0.0],[-117.11767,32.892294,0.0],[-117.11771,32.892256,0.0],[-117.117749,32.892218,0.0],[-117.117787,32.892179,0.0],[-117.117825,32.892139,0.0],[-117.117861,32.892099,0.0],[-117.117897,32.892059,0.0],[-117.117932,32.892018,0.0],[-117.117966,32.891976,0.0],[-117.117999,32.891934,0.0],[-117.118031,32.891892,0.0],[-117.118063,32.891849,0.0],[-117.118093,32.891805,0.0],[-117.118123,32.891762,0.0],[-117.118151,32.891717,0.0],[-117.118179,32.891673,0.0],[-117.118206,32.891627,0.0],[-117.118232,32.891582,0.0],[-117.118257,32.891536,0.0],[-117.118281,32.89149,0.0],[-117.118304,32.891443,0.0],[-117.118326,32.891396,0.0],[-117.118366,32.891325,0.0],[-117.117894,32.891089,0.0],[-117.117881,32.891081,0.0],[-117.117867,32.891074,0.0],[-117.117854,32.891066,0.0],[-117.117841,32.891058,0.0],[-117.117827,32.89105,0.0],[-117.117814,32.891042,0.0],[-117.117801,32.891034,0.0],[-117.117788,32.891026,0.0],[-117.117774,32.891018,0.0],[-117.117761,32.89101,0.0],[-117.117748,32.891002,0.0],[-117.117735,32.890993,0.0],[-117.117722,32.890985,0.0],[-117.11771,32.890976,0.0],[-117.117697,32.890968,0.0],[-117.117684,32.890959,0.0],[-117.117671,32.890951,0.0],[-117.117659,32.890942,0.0],[-117.117646,32.890933,0.0],[-117.117634,32.890925,0.0],[-117.117621,32.890916,0.0],[-117.117609,32.890907,0.0],[-117.117596,32.890898,0.0],[-117.117584,32.890889,0.0],[-117.117572,32.89088,0.0],[-117.11756,32.890871,0.0],[-117.117547,32.890862,0.0],[-117.117535,32.890852,0.0],[-117.117523,32.890843,0.0],[-117.117511,32.890834,0.0],[-117.1175,32.890824,0.0],[-117.117488,32.890815,0.0],[-117.117476,32.890805,0.0],[-117.117464,32.890796,0.0],[-117.117453,32.890786,0.0],[-117.117441,32.890777,0.0],[-117.117429,32.890767,0.0],[-117.117418,32.890757,0.0],[-117.117407,32.890747,0.0],[-117.117395,32.890737,0.0],[-117.117384,32.890727,0.0],[-117.117373,32.890717,0.0],[-117.117362,32.890707,0.0],[-117.117351,32.890697,0.0],[-117.11734,32.890687,0.0],[-117.117329,32.890677,0.0],[-117.117318,32.890667,0.0],[-117.117307,32.890657,0.0],[-117.117296,32.890646,0.0],[-117.117286,32.890636,0.0],[-117.117275,32.890625,0.0],[-117.117264,32.890615,0.0],[-117.117254,32.890604,0.0],[-117.117243,32.890594,0.0],[-117.117233,32.890583,0.0],[-117.117223,32.890573,0.0],[-117.117213,32.890562,0.0],[-117.117203,32.890551,0.0],[-117.117196,32.890544,0.0],[-117.11718,32.892673,0.0]]]]},"properties":{"APN":"7602512300","SITUS_ADDRESS":0,"SITUS_STREET":"MIRAMAR","SITUS_SUFFIX":"RD"}},{"type":"Feature","geometry":{"type":"MultiPolygon","coordinates":[[[[-117.116991,32.884048,0.0],[-117.116989,32.884221,0.0],[-117.116989,32.887852,0.0],[-117.11699,32.889279,0.0],[-117.116991,32.889682,0.0],[-117.116991,32.889696,0.0],[-117.116992,32.889699,0.0],[-117.116998,32.889712,0.0],[-117.117003,32.889725,0.0],[-117.117009,32.889738,0.0],[-117.117015,32.889751,0.0],[-117.11702,32.889764,0.0],[-117.117026,32.889777,0.0],[-117.117032,32.88979,0.0],[-117.117038,32.889802,0.0],[-117.117044,32.889815,0.0],[-117.11705,32.889828,0.0],[-117.117057,32.88984,0.0],[-117.117063,32.889853,0.0],[-117.11707,32.889866,0.0],[-117.117076,32.889878,0.0],[-117.117083,32.889891,0.0],[-117.11709,32.889903,0.0],[-117.117096,32.889916,0.0],[-117.117103,32.889928,0.0],[-117.11711,32.889941,0.0],[-117.117117,32.889953,0.0],[-117.117125,32.889965,0.0],[-117.117132,32.889978,0.0],[-117.117139,32.88999,0.0],[-117.117147,32.890002,0.0],[-117.117154,32.890014,0.0],[-117.117162,32.890027,0.0],[-117.117169,32.890039,0.0],[-117.117177,32.890051,0.0],[-117.117185,32.890063,0.0],[-117.117193,32.890075,0.0],[-117.117201,32.890087,0.0],[-117.117209,32.890099,0.0],[-117.117217,32.890111,0.0],[-117.117226,32.890122,0.0],[-117.117234,32.890134,0.0],[-117.117242,32.890146,0.0],[-117.117251,32.890158,0.0],[-117.11726,32.890169,0.0],[-117.117268,32.890181,0.0],[-117.117277,32.890192,0.0],[-117.117286,32.890204,0.0],[-117.117295,32.890215,0.0],[-117.117304,32.890227,0.0],[-117.117313,32.890238,0.0],[-117.117322,32.89025,0.0],[-117.117331,32.890261,0.0],[-117.117341,32.890272,0.0],[-117.11735,32.890283,0.0],[-117.11736,32.890295,0.0],[-117.117369,32.890306,0.0],[-117.117379,32.890317,0.0],[-117.117389,32.890328,0.0],[-117.117398,32.890339,0.0],[-117.117408,32.89035,0.0],[-117.117418,32.890361,0.0],[-117.117428,32.890371,0.0],[-117.117438,32.890382,0.0],[-117.117449,32.890393,0.0],[-117.117459,32.890404,0.0],[-117.117469,32.890414,0.0],[-117.11748,32.890425,0.0],[-117.11749,32.890435,0.0],[-117.117501,32.890446,0.0],[-117.117511,32.890456,0.0],[-117.117522,32.890466,0.0],[-117.117533,32.890477,0.0],[-117.117544,32.890487,0.0],[-117.117555,32.890497,0.0],[-117.117566,32.890507,0.0],[-117.117577,32.890517,0.0],[-117.117588,32.890527,0.0],[-117.117599,32.890537,0.0],[-117.11761,32.890547,0.0],[-117.117622,32.890557,0.0],[-117.117633,32.890567,0.0],[-117.117645,32.890577,0.0],[-117.117652,32.890583,0.0],[-117.117682,32.89061,0.0],[-117.117723,32.890646,0.0],[-117.117764,32.890681,0.0],[-117.117806,32.890715,0.0],[-117.117848,32.890749,0.0],[-117.117891,32.890782,0.0],[-117.117935,32.890814,0.0],[-117.11798,32.890846,0.0],[-117.118025,32.890877,0.0],[-117.118071,32.890907,0.0],[-117.118118,32.890937,0.0],[-117.118165,32.890966,0.0],[-117.118212,32.890994,0.0],[-117.118261,32.891022,0.0],[-117.118309,32.891049,0.0],[-117.118359,32.891075,0.0],[-117.118409,32.8911,0.0],[-117.118459,32.891125,0.0],[-117.118501,32.891137,0.0],[-117.119259,32.891144,0.0],[-117.119371,32.891145,0.0],[-117.11938,32.891145,0.0],[-117.119441,32.891145,0.0],[-117.119574,32.891146,0.0],[-117.119756,32.891147,0.0],[-117.119932,32.891148,0.0],[-117.120182,32.89115,0.0],[-117.120359,32.891151,0.0],[-117.121534,32.891158,0.0],[-117.122853,32.891167,0.0],[-117.122945,32.891167,0.0],[-117.126754,32.891191,0.0],[-117.126917,32.891193,0.0],[-117.12716,32.891195,0.0],[-117.129318,32.891209,0.0],[-117.129487,32.89121,0.0],[-117.13054,32.891217,0.0],[-117.130543,32.891217,0.0],[-117.130905,32.89122,0.0],[-117.130915,32.89122,0.0],[-117.131106,32.891221,0.0],[-117.131155,32.891221,0.0],[-117.131657,32.891224,0.0],[-117.131763,32.891224,0.0],[-117.132229,32.891227,0.0],[-117.13236,32.891228,0.0],[-117.134133,32.891238,0.0],[-117.134266,32.891239,0.0],[-117.135908,32.89125,0.0],[-117.135898,32.890945,0.0],[-117.135894,32.89081,0.0],[-117.135892,32.890769,0.0],[-117.135829,32.889118,0.0],[-117.135824,32.88899,0.0],[-117.135823,32.888978,0.0],[-117.135794,32.887666,0.0],[-117.135791,32.887573,0.0],[-117.135759,32.886135,0.0],[-117.135756,32.886008,0.0],[-117.135755,32.885985,0.0],[-117.135754,32.885931,0.0],[-117.135754,32.885718,0.0],[-117.135754,32.885693,0.0],[-117.135706,32.883838,0.0],[-117.135338,32.883874,0.0],[-117.134619,32.883885,0.0],[-117.134521,32.883886,0.0],[-117.133347,32.8839,0.0],[-117.130971,32.883927,0.0],[-117.127788,32.883942,0.0],[-117.127689,32.883942,0.0],[-117.127088,32.883945,0.0],[-117.125341,32.883951,0.0],[-117.12527,32.883951,0.0],[-117.125198,32.883951,0.0],[-117.124726,32.883948,0.0],[-117.124635,32.883948,0.0],[-117.124537,32.883948,0.0],[-117.123958,32.883947,0.0],[-117.123355,32.88394,0.0],[-117.121111,32.883914,0.0],[-117.118566,32.883884,0.0],[-117.118403,32.883882,0.0],[-117.117185,32.883898,0.0],[-117.116991,32.884048,0.0]]],[[[-117.117939,32.875537,0.0],[-117.117937,32.87555,0.0],[-117.117936,32.875564,0.0],[-117.117934,32.875578,0.0],[-117.117933,32.875591,0.0],[-117.117932,32.875605,0.0],[-117.11793,32.875619,0.0],[-117.117929,32.875632,0.0],[-117.117927,32.875646,0.0],[-117.117926,32.87566,0.0],[-117.117924,32.875674,0.0],[-117.117923,32.875687,0.0],[-117.117921,32.875701,0.0],[-117.11792,32.875715,0.0],[-117.117918,32.875728,0.0],[-117.117917,32.875742,0.0],[-117.117915,32.875756,0.0],[-117.117914,32.875769,0.0],[-117.117912,32.875783,0.0],[-117.11791,32.875797,0.0],[-117.117909,32.87581,0.0],[-117.117907,32.875824,0.0],[-117.117906,32.875838,0.0],[-117.117904,32.875851,0.0],[-117.117902,32.875865,0.0],[-117.117901,32.875879,0.0],[-117.117899,32.875892,0.0],[-117.117897,32.875906,0.0],[-117.117896,32.87592,0.0],[-117.117894,32.875933,0.0],[-117.117892,32.875947,0.0],[-117.11789,32.875961,0.0],[-117.117889,32.875974,0.0],[-117.117812,32.876421,0.0],[-117.117796,32.876514,0.0],[-117.117795,32.87652,0.0],[-117.117792,32.876533,0.0],[-117.117789,32.876547,0.0],[-117.117787,32.87656,0.0],[-117.117784,32.876574,0.0],[-117.117781,32.876588,0.0],[-117.117781,32.876603,0.0],[-117.117776,32.876615,0.0],[-117.117774,32.876628,0.0],[-117.117771,32.876642,0.0],[-117.117769,32.876655,0.0],[-117.117766,32.876669,0.0],[-117.117764,32.876683,0.0],[-117.117762,32.876696,0.0],[-117.11776,32.87671,0.0],[-117.117757,32.876723,0.0],[-117.117755,32.876737,0.0],[-117.117753,32.876751,0.0],[-117.117751,32.876764,0.0],[-117.117749,32.876778,0.0],[-117.117747,32.876792,0.0],[-117.117745,32.876805,0.0],[-117.117743,32.876819,0.0],[-117.117741,32.876833,0.0],[-117.117739,32.876846,0.0],[-117.117738,32.87686,0.0],[-117.117736,32.876874,0.0],[-117.117734,32.876887,0.0],[-117.117733,32.876901,0.0],[-117.117731,32.876915,0.0],[-117.117729,32.876928,0.0],[-117.117728,32.876942,0.0],[-117.117726,32.876956,0.0],[-117.117725,32.876969,0.0],[-117.117724,32.876983,0.0],[-117.117722,32.876997,0.0],[-117.117721,32.87701,0.0],[-117.11772,32.877024,0.0],[-117.117719,32.877038,0.0],[-117.117717,32.877051,0.0],[-117.117716,32.877065,0.0],[-117.117715,32.877079,0.0],[-117.117714,32.877093,0.0],[-117.117713,32.877106,0.0],[-117.117712,32.87712,0.0],[-117.117711,32.877134,0.0],[-117.11771,32.877148,0.0],[-117.11771,32.877161,0.0],[-117.117709,32.877175,0.0],[-117.117708,32.877189,0.0],[-117.117708,32.877202,0.0],[-117.117707,32.877216,0.0],[-117.117706,32.87723,0.0],[-117.117706,32.877244,0.0],[-117.117705,32.877257,0.0],[-117.117705,32.877271,0.0],[-117.117704,32.877285,0.0],[-117.117704,32.877299,0.0],[-117.117704,32.877312,0.0],[-117.117703,32.877326,0.0],[-117.117703,32.87734,0.0],[-117.117703,32.877354,0.0],[-117.117703,32.877367,0.0],[-117.117703,32.877381,0.0],[-117.117703,32.877395,0.0],[-117.117703,32.877408,0.0],[-117.117703,32.877422,0.0],[-117.117703,32.877436,0.0],[-117.117703,32.87745,0.0],[-117.117703,32.877463,0.0],[-117.117703,32.877477,0.0],[-117.117704,32.877491,0.0],[-117.117704,32.877505,0.0],[-117.117704,32.877518,0.0],[-117.117705,32.877532,0.0],[-117.117705,32.877546,0.0],[-117.117705,32.87756,0.0],[-117.117706,32.877573,0.0],[-117.117706,32.877587,0.0],[-117.117707,32.877601,0.0],[-117.117708,32.877615,0.0],[-117.117708,32.877628,0.0],[-117.117709,32.877642,0.0],[-117.11771,32.877656,0.0],[-117.117711,32.877669,0.0],[-117.117712,32.877683,0.0],[-117.117713,32.877697,0.0],[-117.117714,32.877711,0.0],[-117.117889,32.878925,0.0],[-117.117899,32.878996,0.0],[-117.117909,32.879062,0.0],[-117.118005,32.879836,0.0],[-117.118351,32.880424,0.0],[-117.118356,32.880433,0.0],[-117.118357,32.880436,0.0],[-117.118364,32.880448,0.0],[-117.11837,32.880461,0.0],[-117.118376,32.880474,0.0],[-117.118382,32.880487,0.0],[-117.118387,32.880499,0.0],[-117.118393,32.880512,0.0],[-117.118399,32.880525,0.0],[-117.118404,32.880538,0.0],[-117.11841,32.880551,0.0],[-117.118415,32.880564,0.0],[-117.11842,32.880577,0.0],[-117.118425,32.88059,0.0],[-117.11843,32.880603,0.0],[-117.118435,32.880616,0.0],[-117.11844,32.880629,0.0],[-117.118445,32.880642,0.0],[-117.11845,32.880656,0.0],[-117.118454,32.880669,0.0],[-117.118459,32.880682,0.0],[-117.118463,32.880695,0.0],[-117.118467,32.880709,0.0],[-117.118472,32.880722,0.0],[-117.118476,32.880735,0.0],[-117.11848,32.880748,0.0],[-117.118484,32.880762,0.0],[-117.118488,32.880775,0.0],[-117.118491,32.880789,0.0],[-117.118495,32.880802,0.0],[-117.118498,32.880815,0.0],[-117.118501,32.880827,0.0],[-117.118502,32.880829,0.0],[-117.118505,32.880842,0.0],[-117.118508,32.880856,0.0],[-117.118511,32.880869,0.0],[-117.118515,32.880883,0.0],[-117.118517,32.880896,0.0],[-117.11852,32.88091,0.0],[-117.118519,32.881086,0.0],[-117.11817,32.88111,0.0],[-117.118555,32.883718,0.0],[-117.121229,32.883746,0.0],[-117.121232,32.883746,0.0],[-117.121569,32.883744,0.0],[-117.122342,32.883739,0.0],[-117.12316,32.883733,0.0],[-117.125181,32.883718,0.0],[-117.125379,32.883717,0.0],[-117.127086,32.883705,0.0],[-117.127084,32.883582,0.0],[-117.127083,32.883417,0.0],[-117.127075,32.882613,0.0],[-117.127073,32.882447,0.0],[-117.127036,32.878731,0.0],[-117.127035,32.878583,0.0],[-117.127004,32.875497,0.0],[-117.124564,32.875486,0.0],[-117.123809,32.875483,0.0],[-117.123643,32.87549,0.0],[-117.123627,32.875491,0.0],[-117.122349,32.875475,0.0],[-117.117946,32.875463,0.0],[-117.117945,32.875468,0.0],[-117.117944,32.875482,0.0],[-117.117943,32.875496,0.0],[-117.117941,32.875509,0.0],[-117.11794,32.875523,0.0],[-117.117939,32.875537,0.0]]],[[[-117.11718,32.892673,0.0],[-117.117232,32.892636,0.0],[-117.117279,32.892605,0.0],[-117.117325,32.892573,0.0],[-117.117371,32.89254,0.0],[-117.117416,32.892507,0.0],[-117.11746,32.892473,0.0],[-117.117504,32.892438,0.0],[-117.117546,32.892403,0.0],[-117.117588,32.892367,0.0],[-117.11763,32.892331,0.0],[-117.11767,32.892294,0.0],[-117.11771,32.892256,0.0],[-117.117749,32.892218,0.0],[-117.117787,32.892179,0.0],[-117.117825,32.892139,0.0],[-117.117861,32.892099,0.0],[-117.117897,32.892059,0.0],[-117.117932,32.892018,0.0],[-117.117966,32.891976,0.0],[-117.117999,32.891934,0.0],[-117.118031,32.891892,0.0],[-117.118063,32.891849,0.0],[-117.118093,32.891805,0.0],[-117.118123,32.891762,0.0],[-117.118151,32.891717,0.0],[-117.118179,32.891673,0.0],[-117.118206,32.891627,0.0],[-117.118232,32.891582,0.0],[-117.118257,32.891536,0.0],[-117.118281,32.89149,0.0],[-117.118304,32.891443,0.0],[-117.118326,32.891396,0.0],[-117.118366,32.891325,0.0],[-117.117894,32.891089,0.0],[-117.117881,32.891081,0.0],[-117.117867,32.891074,0.0],[-117.117854,32.891066,0.0],[-117.117841,32.891058,0.0],[-117.117827,32.89105,0.0],[-117.117814,32.891042,0.0],[-117.117801,32.891034,0.0],[-117.117788,32.891026,0.0],[-117.117774,32.891018,0.0],[-117.117761,32.89101,0.0],[-117.117748,32.891002,0.0],[-117.117735,32.890993,0.0],[-117.117722,32.890985,0.0],[-117.11771,32.890976,0.0],[-117.117697,32.890968,0.0],[-117.117684,32.890959,0.0],[-117.117671,32.890951,0.0],[-117.117659,32.890942,0.0],[-117.117646,32.890933,0.0],[-117.117634,32.890925,0.0],[-117.117621,32.890916,0.0],[-117.117609,32.890907,0.0],[-117.117596,32.890898,0.0],[-117.117584,32.890889,0.0],[-117.117572,32.89088,0.0],[-117.11756,32.890871,0.0],[-117.117547,32.890862,0.0],[-117.117535,32.890852,0.0],[-117.117523,32.890843,0.0],[-117.117511,32.890834,0.0],[-117.1175,32.890824,0.0],[-117.117488,32.890815,0.0],[-117.117476,32.890805,0.0],[-117.117464,32.890796,0.0],[-117.117453,32.890786,0.0],[-117.117441,32.890777,0.0],[-117.117429,32.890767,0.0],[-117.117418,32.890757,0.0],[-117.117407,32.890747,0.0],[-117.117395,32.890737,0.0],[-117.117384,32.890727,0.0],[-117.117373,32.890717,0.0],[-117.117362,32.890707,0.0],[-117.117351,32.890697,0.0],[-117.11734,32.890687,0.0],[-117.117329,32.890677,0.0],[-117.117318,32.890667,0.0],[-117.117307,32.890657,0.0],[-117.117296,32.890646,0.0],[-117.117286,32.890636,0.0],[-117.117275,32.890625,0.0],[-117.117264,32.890615,0.0],[-117.117254,32.890604,0.0],[-117.117243,32.890594,0.0],[-117.117233,32.890583,0.0],[-117.117223,32.890573,0.0],[-117.117213,32.890562,0.0],[-117.117203,32.890551,0.0],[-117.117196,32.890544,0.0],[-117.11718,32.892673,0.0]]]]},"properties":{"APN":"7602512800","SITUS_ADDRESS":0,"SITUS_STREET":"MIRAMAR","SITUS_SUFFIX":"RD"}},{"type":"Feature","geometry":{"type":"MultiPolygon","coordinates":[[[[-117.116991,32.884048,0.0],[-117.116989,32.884221,0.0],[-117.116989,32.887852,0.0],[-117.11699,32.889279,0.0],[-117.116991,32.889682,0.0],[-117.116991,32.889696,0.0],[-117.116992,32.889699,0.0],[-117.116998,32.889712,0.0],[-117.117003,32.889725,0.0],[-117.117009,32.889738,0.0],[-117.117015,32.889751,0.0],[-117.11702,32.889764,0.0],[-117.117026,32.889777,0.0],[-117.117032,32.88979,0.0],[-117.117038,32.889802,0.0],[-117.117044,32.889815,0.0],[-117.11705,32.889828,0.0],[-117.117057,32.88984,0.0],[-117.117063,32.889853,0.0],[-117.11707,32.889866,0.0],[-117.117076,32.889878,0.0],[-117.117083,32.889891,0.0],[-117.11709,32.889903,0.0],[-117.117096,32.889916,0.0],[-117.117103,32.889928,0.0],[-117.11711,32.889941,0.0],[-117.117117,32.889953,0.0],[-117.117125,32.889965,0.0],[-117.117132,32.889978,0.0],[-117.117139,32.88999,0.0],[-117.117147,32.890002,0.0],[-117.117154,32.890014,0.0],[-117.117162,32.890027,0.0],[-117.117169,32.890039,0.0],[-117.117177,32.890051,0.0],[-117.117185,32.890063,0.0],[-117.117193,32.890075,0.0],[-117.117201,32.890087,0.0],[-117.117209,32.890099,0.0],[-117.117217,32.890111,0.0],[-117.117226,32.890122,0.0],[-117.117234,32.890134,0.0],[-117.117242,32.890146,0.0],[-117.117251,32.890158,0.0],[-117.11726,32.890169,0.0],[-117.117268,32.890181,0.0],[-117.117277,32.890192,0.0],[-117.117286,32.890204,0.0],[-117.117295,32.890215,0.0],[-117.117304,32.890227,0.0],[-117.117313,32.890238,0.0],[-117.117322,32.89025,0.0],[-117.117331,32.890261,0.0],[-117.117341,32.890272,0.0],[-117.11735,32.890283,0.0],[-117.11736,32.890295,0.0],[-117.117369,32.890306,0.0],[-117.117379,32.890317,0.0],[-117.117389,32.890328,0.0],[-117.117398,32.890339,0.0],[-117.117408,32.89035,0.0],[-117.117418,32.890361,0.0],[-117.117428,32.890371,0.0],[-117.117438,32.890382,0.0],[-117.117449,32.890393,0.0],[-117.117459,32.890404,0.0],[-117.117469,32.890414,0.0],[-117.11748,32.890425,0.0],[-117.11749,32.890435,0.0],[-117.117501,32.890446,0.0],[-117.117511,32.890456,0.0],[-117.117522,32.890466,0.0],[-117.117533,32.890477,0.0],[-117.117544,32.890487,0.0],[-117.117555,32.890497,0.0],[-117.117566,32.890507,0.0],[-117.117577,32.890517,0.0],[-117.117588,32.890527,0.0],[-117.117599,32.890537,0.0],[-117.11761,32.890547,0.0],[-117.117622,32.890557,0.0],[-117.117633,32.890567,0.0],[-117.117645,32.890577,0.0],[-117.117652,32.890583,0.0],[-117.117682,32.89061,0.0],[-117.117723,32.890646,0.0],[-117.117764,32.890681,0.0],[-117.117806,32.890715,0.0],[-117.117848,32.890749,0.0],[-117.117891,32.890782,0.0],[-117.117935,32.890814,0.0],[-117.11798,32.890846,0.0],[-117.118025,32.890877,0.0],[-117.118071,32.890907,0.0],[-117.118118,32.890937,0.0],[-117.118165,32.890966,0.0],[-117.118212,32.890994,0.0],[-117.118261,32.891022,0.0],[-117.118309,32.891049,0.0],[-117.118359,32.891075,0.0],[-117.118409,32.8911,0.0],[-117.118459,32.891125,0.0],[-117.118501,32.891137,0.0],[-117.119259,32.891144,0.0],[-117.119371,32.891145,0.0],[-117.11938,32.891145,0.0],[-117.119441,32.891145,0.0],[-117.119574,32.891146,0.0],[-117.119756,32.891147,0.0],[-117.119932,32.891148,0.0],[-117.120182,32.89115,0.0],[-117.120359,32.891151,0.0],[-117.121534,32.891158,0.0],[-117.122853,32.891167,0.0],[-117.122945,32.891167,0.0],[-117.126754,32.891191,0.0],[-117.126917,32.891193,0.0],[-117.12716,32.891195,0.0],[-117.129318,32.891209,0.0],[-117.129487,32.89121,0.0],[-117.13054,32.891217,0.0],[-117.130543,32.891217,0.0],[-117.130905,32.89122,0.0],[-117.130915,32.89122,0.0],[-117.131106,32.891221,0.0],[-117.131155,32.891221,0.0],[-117.131657,32.891224,0.0],[-117.131763,32.891224,0.0],[-117.132229,32.891227,0.0],[-117.13236,32.891228,0.0],[-117.134133,32.891238,0.0],[-117.134266,32.891239,0.0],[-117.135908,32.89125,0.0],[-117.135898,32.890945,0.0],[-117.135894,32.89081,0.0],[-117.135892,32.890769,0.0],[-117.135829,32.889118,0.0],[-117.135824,32.88899,0.0],[-117.135823,32.888978,0.0],[-117.135794,32.887666,0.0],[-117.135791,32.887573,0.0],[-117.135759,32.886135,0.0],[-117.135756,32.886008,0.0],[-117.135755,32.885985,0.0],[-117.135754,32.885931,0.0],[-117.135754,32.885718,0.0],[-117.135754,32.885693,0.0],[-117.135706,32.883838,0.0],[-117.135338,32.883874,0.0],[-117.134619,32.883885,0.0],[-117.134521,32.883886,0.0],[-117.133347,32.8839,0.0],[-117.130971,32.883927,0.0],[-117.127788,32.883942,0.0],[-117.127689,32.883942,0.0],[-117.127088,32.883945,0.0],[-117.125341,32.883951,0.0],[-117.12527,32.883951,0.0],[-117.125198,32.883951,0.0],[-117.124726,32.883948,0.0],[-117.124635,32.883948,0.0],[-117.124537,32.883948,0.0],[-117.123958,32.883947,0.0],[-117.123355,32.88394,0.0],[-117.121111,32.883914,0.0],[-117.118566,32.883884,0.0],[-117.118403,32.883882,0.0],[-117.117185,32.883898,0.0],[-117.116991,32.884048,0.0]]],[[[-117.117939,32.875537,0.0],[-117.117937,32.87555,0.0],[-117.117936,32.875564,0.0],[-117.117934,32.875578,0.0],[-117.117933,32.875591,0.0],[-117.117932,32.875605,0.0],[-117.11793,32.875619,0.0],[-117.117929,32.875632,0.0],[-117.117927,32.875646,0.0],[-117.117926,32.87566,0.0],[-117.117924,32.875674,0.0],[-117.117923,32.875687,0.0],[-117.117921,32.875701,0.0],[-117.11792,32.875715,0.0],[-117.117918,32.875728,0.0],[-117.117917,32.875742,0.0],[-117.117915,32.875756,0.0],[-117.117914,32.875769,0.0],[-117.117912,32.875783,0.0],[-117.11791,32.875797,0.0],[-117.117909,32.87581,0.0],[-117.117907,32.875824,0.0],[-117.117906,32.875838,0.0],[-117.117904,32.875851,0.0],[-117.117902,32.875865,0.0],[-117.117901,32.875879,0.0],[-117.117899,32.875892,0.0],[-117.117897,32.875906,0.0],[-117.117896,32.87592,0.0],[-117.117894,32.875933,0.0],[-117.117892,32.875947,0.0],[-117.11789,32.875961,0.0],[-117.117889,32.875974,0.0],[-117.117812,32.876421,0.0],[-117.117796,32.876514,0.0],[-117.117795,32.87652,0.0],[-117.117792,32.876533,0.0],[-117.117789,32.876547,0.0],[-117.117787,32.87656,0.0],[-117.117784,32.876574,0.0],[-117.117781,32.876588,0.0],[-117.117781,32.876603,0.0],[-117.117776,32.876615,0.0],[-117.117774,32.876628,0.0],[-117.117771,32.876642,0.0],[-117.117769,32.876655,0.0],[-117.117766,32.876669,0.0],[-117.117764,32.876683,0.0],[-117.117762,32.876696,0.0],[-117.11776,32.87671,0.0],[-117.117757,32.876723,0.0],[-117.117755,32.876737,0.0],[-117.117753,32.876751,0.0],[-117.117751,32.876764,0.0],[-117.117749,32.876778,0.0],[-117.117747,32.876792,0.0],[-117.117745,32.876805,0.0],[-117.117743,32.876819,0.0],[-117.117741,32.876833,0.0],[-117.117739,32.876846,0.0],[-117.117738,32.87686,0.0],[-117.117736,32.876874,0.0],[-117.117734,32.876887,0.0],[-117.117733,32.876901,0.0],[-117.117731,32.876915,0.0],[-117.117729,32.876928,0.0],[-117.117728,32.876942,0.0],[-117.117726,32.876956,0.0],[-117.117725,32.876969,0.0],[-117.117724,32.876983,0.0],[-117.117722,32.876997,0.0],[-117.117721,32.87701,0.0],[-117.11772,32.877024,0.0],[-117.117719,32.877038,0.0],[-117.117717,32.877051,0.0],[-117.117716,32.877065,0.0],[-117.117715,32.877079,0.0],[-117.117714,32.877093,0.0],[-117.117713,32.877106,0.0],[-117.117712,32.87712,0.0],[-117.117711,32.877134,0.0],[-117.11771,32.877148,0.0],[-117.11771,32.877161,0.0],[-117.117709,32.877175,0.0],[-117.117708,32.877189,0.0],[-117.117708,32.877202,0.0],[-117.117707,32.877216,0.0],[-117.117706,32.87723,0.0],[-117.117706,32.877244,0.0],[-117.117705,32.877257,0.0],[-117.117705,32.877271,0.0],[-117.117704,32.877285,0.0],[-117.117704,32.877299,0.0],[-117.117704,32.877312,0.0],[-117.117703,32.877326,0.0],[-117.117703,32.87734,0.0],[-117.117703,32.877354,0.0],[-117.117703,32.877367,0.0],[-117.117703,32.877381,0.0],[-117.117703,32.877395,0.0],[-117.117703,32.877408,0.0],[-117.117703,32.877422,0.0],[-117.117703,32.877436,0.0],[-117.117703,32.87745,0.0],[-117.117703,32.877463,0.0],[-117.117703,32.877477,0.0],[-117.117704,32.877491,0.0],[-117.117704,32.877505,0.0],[-117.117704,32.877518,0.0],[-117.117705,32.877532,0.0],[-117.117705,32.877546,0.0],[-117.117705,32.87756,0.0],[-117.117706,32.877573,0.0],[-117.117706,32.877587,0.0],[-117.117707,32.877601,0.0],[-117.117708,32.877615,0.0],[-117.117708,32.877628,0.0],[-117.117709,32.877642,0.0],[-117.11771,32.877656,0.0],[-117.117711,32.877669,0.0],[-117.117712,32.877683,0.0],[-117.117713,32.877697,0.0],[-117.117714,32.877711,0.0],[-117.117889,32.878925,0.0],[-117.117899,32.878996,0.0],[-117.117909,32.879062,0.0],[-117.118005,32.879836,0.0],[-117.118351,32.880424,0.0],[-117.118356,32.880433,0.0],[-117.118357,32.880436,0.0],[-117.118364,32.880448,0.0],[-117.11837,32.880461,0.0],[-117.118376,32.880474,0.0],[-117.118382,32.880487,0.0],[-117.118387,32.880499,0.0],[-117.118393,32.880512,0.0],[-117.118399,32.880525,0.0],[-117.118404,32.880538,0.0],[-117.11841,32.880551,0.0],[-117.118415,32.880564,0.0],[-117.11842,32.880577,0.0],[-117.118425,32.88059,0.0],[-117.11843,32.880603,0.0],[-117.118435,32.880616,0.0],[-117.11844,32.880629,0.0],[-117.118445,32.880642,0.0],[-117.11845,32.880656,0.0],[-117.118454,32.880669,0.0],[-117.118459,32.880682,0.0],[-117.118463,32.880695,0.0],[-117.118467,32.880709,0.0],[-117.118472,32.880722,0.0],[-117.118476,32.880735,0.0],[-117.11848,32.880748,0.0],[-117.118484,32.880762,0.0],[-117.118488,32.880775,0.0],[-117.118491,32.880789,0.0],[-117.118495,32.880802,0.0],[-117.118498,32.880815,0.0],[-117.118501,32.880827,0.0],[-117.118502,32.880829,0.0],[-117.118505,32.880842,0.0],[-117.118508,32.880856,0.0],[-117.118511,32.880869,0.0],[-117.118515,32.880883,0.0],[-117.118517,32.880896,0.0],[-117.11852,32.88091,0.0],[-117.118519,32.881086,0.0],[-117.11817,32.88111,0.0],[-117.118555,32.883718,0.0],[-117.121229,32.883746,0.0],[-117.121232,32.883746,0.0],[-117.121569,32.883744,0.0],[-117.122342,32.883739,0.0],[-117.12316,32.883733,0.0],[-117.125181,32.883718,0.0],[-117.125379,32.883717,0.0],[-117.127086,32.883705,0.0],[-117.127084,32.883582,0.0],[-117.127083,32.883417,0.0],[-117.127075,32.882613,0.0],[-117.127073,32.882447,0.0],[-117.127036,32.878731,0.0],[-117.127035,32.878583,0.0],[-117.127004,32.875497,0.0],[-117.124564,32.875486,0.0],[-117.123809,32.875483,0.0],[-117.123643,32.87549,0.0],[-117.123627,32.875491,0.0],[-117.122349,32.875475,0.0],[-117.117946,32.875463,0.0],[-117.117945,32.875468,0.0],[-117.117944,32.875482,0.0],[-117.117943,32.875496,0.0],[-117.117941,32.875509,0.0],[-117.11794,32.875523,0.0],[-117.117939,32.875537,0.0]]],[[[-117.11718,32.892673,0.0],[-117.117232,32.892636,0.0],[-117.117279,32.892605,0.0],[-117.117325,32.892573,0.0],[-117.117371,32.89254,0.0],[-117.117416,32.892507,0.0],[-117.11746,32.892473,0.0],[-117.117504,32.892438,0.0],[-117.117546,32.892403,0.0],[-117.117588,32.892367,0.0],[-117.11763,32.892331,0.0],[-117.11767,32.892294,0.0],[-117.11771,32.892256,0.0],[-117.117749,32.892218,0.0],[-117.117787,32.892179,0.0],[-117.117825,32.892139,0.0],[-117.117861,32.892099,0.0],[-117.117897,32.892059,0.0],[-117.117932,32.892018,0.0],[-117.117966,32.891976,0.0],[-117.117999,32.891934,0.0],[-117.118031,32.891892,0.0],[-117.118063,32.891849,0.0],[-117.118093,32.891805,0.0],[-117.118123,32.891762,0.0],[-117.118151,32.891717,0.0],[-117.118179,32.891673,0.0],[-117.118206,32.891627,0.0],[-117.118232,32.891582,0.0],[-117.118257,32.891536,0.0],[-117.118281,32.89149,0.0],[-117.118304,32.891443,0.0],[-117.118326,32.891396,0.0],[-117.118366,32.891325,0.0],[-117.117894,32.891089,0.0],[-117.117881,32.891081,0.0],[-117.117867,32.891074,0.0],[-117.117854,32.891066,0.0],[-117.117841,32.891058,0.0],[-117.117827,32.89105,0.0],[-117.117814,32.891042,0.0],[-117.117801,32.891034,0.0],[-117.117788,32.891026,0.0],[-117.117774,32.891018,0.0],[-117.117761,32.89101,0.0],[-117.117748,32.891002,0.0],[-117.117735,32.890993,0.0],[-117.117722,32.890985,0.0],[-117.11771,32.890976,0.0],[-117.117697,32.890968,0.0],[-117.117684,32.890959,0.0],[-117.117671,32.890951,0.0],[-117.117659,32.890942,0.0],[-117.117646,32.890933,0.0],[-117.117634,32.890925,0.0],[-117.117621,32.890916,0.0],[-117.117609,32.890907,0.0],[-117.117596,32.890898,0.0],[-117.117584,32.890889,0.0],[-117.117572,32.89088,0.0],[-117.11756,32.890871,0.0],[-117.117547,32.890862,0.0],[-117.117535,32.890852,0.0],[-117.117523,32.890843,0.0],[-117.117511,32.890834,0.0],[-117.1175,32.890824,0.0],[-117.117488,32.890815,0.0],[-117.117476,32.890805,0.0],[-117.117464,32.890796,0.0],[-117.117453,32.890786,0.0],[-117.117441,32.890777,0.0],[-117.117429,32.890767,0.0],[-117.117418,32.890757,0.0],[-117.117407,32.890747,0.0],[-117.117395,32.890737,0.0],[-117.117384,32.890727,0.0],[-117.117373,32.890717,0.0],[-117.117362,32.890707,0.0],[-117.117351,32.890697,0.0],[-117.11734,32.890687,0.0],[-117.117329,32.890677,0.0],[-117.117318,32.890667,0.0],[-117.117307,32.890657,0.0],[-117.117296,32.890646,0.0],[-117.117286,32.890636,0.0],[-117.117275,32.890625,0.0],[-117.117264,32.890615,0.0],[-117.117254,32.890604,0.0],[-117.117243,32.890594,0.0],[-117.117233,32.890583,0.0],[-117.117223,32.890573,0.0],[-117.117213,32.890562,0.0],[-117.117203,32.890551,0.0],[-117.117196,32.890544,0.0],[-117.11718,32.892673,0.0]]]]},"properties":{"APN":"7602513000","SITUS_ADDRESS":0,"SITUS_STREET":"MIRAMAR","SITUS_SUFFIX":"RD"}},{"type":"Feature","geometry":{"type":"MultiPolygon","coordinates":[[[[-117.116991,32.884048,0.0],[-117.116989,32.884221,0.0],[-117.116989,32.887852,0.0],[-117.11699,32.889279,0.0],[-117.116991,32.889682,0.0],[-117.116991,32.889696,0.0],[-117.116992,32.889699,0.0],[-117.116998,32.889712,0.0],[-117.117003,32.889725,0.0],[-117.117009,32.889738,0.0],[-117.117015,32.889751,0.0],[-117.11702,32.889764,0.0],[-117.117026,32.889777,0.0],[-117.117032,32.88979,0.0],[-117.117038,32.889802,0.0],[-117.117044,32.889815,0.0],[-117.11705,32.889828,0.0],[-117.117057,32.88984,0.0],[-117.117063,32.889853,0.0],[-117.11707,32.889866,0.0],[-117.117076,32.889878,0.0],[-117.117083,32.889891,0.0],[-117.11709,32.889903,0.0],[-117.117096,32.889916,0.0],[-117.117103,32.889928,0.0],[-117.11711,32.889941,0.0],[-117.117117,32.889953,0.0],[-117.117125,32.889965,0.0],[-117.117132,32.889978,0.0],[-117.117139,32.88999,0.0],[-117.117147,32.890002,0.0],[-117.117154,32.890014,0.0],[-117.117162,32.890027,0.0],[-117.117169,32.890039,0.0],[-117.117177,32.890051,0.0],[-117.117185,32.890063,0.0],[-117.117193,32.890075,0.0],[-117.117201,32.890087,0.0],[-117.117209,32.890099,0.0],[-117.117217,32.890111,0.0],[-117.117226,32.890122,0.0],[-117.117234,32.890134,0.0],[-117.117242,32.890146,0.0],[-117.117251,32.890158,0.0],[-117.11726,32.890169,0.0],[-117.117268,32.890181,0.0],[-117.117277,32.890192,0.0],[-117.117286,32.890204,0.0],[-117.117295,32.890215,0.0],[-117.117304,32.890227,0.0],[-117.117313,32.890238,0.0],[-117.117322,32.89025,0.0],[-117.117331,32.890261,0.0],[-117.117341,32.890272,0.0],[-117.11735,32.890283,0.0],[-117.11736,32.890295,0.0],[-117.117369,32.890306,0.0],[-117.117379,32.890317,0.0],[-117.117389,32.890328,0.0],[-117.117398,32.890339,0.0],[-117.117408,32.89035,0.0],[-117.117418,32.890361,0.0],[-117.117428,32.890371,0.0],[-117.117438,32.890382,0.0],[-117.117449,32.890393,0.0],[-117.117459,32.890404,0.0],[-117.117469,32.890414,0.0],[-117.11748,32.890425,0.0],[-117.11749,32.890435,0.0],[-117.117501,32.890446,0.0],[-117.117511,32.890456,0.0],[-117.117522,32.890466,0.0],[-117.117533,32.890477,0.0],[-117.117544,32.890487,0.0],[-117.117555,32.890497,0.0],[-117.117566,32.890507,0.0],[-117.117577,32.890517,0.0],[-117.117588,32.890527,0.0],[-117.117599,32.890537,0.0],[-117.11761,32.890547,0.0],[-117.117622,32.890557,0.0],[-117.117633,32.890567,0.0],[-117.117645,32.890577,0.0],[-117.117652,32.890583,0.0],[-117.117682,32.89061,0.0],[-117.117723,32.890646,0.0],[-117.117764,32.890681,0.0],[-117.117806,32.890715,0.0],[-117.117848,32.890749,0.0],[-117.117891,32.890782,0.0],[-117.117935,32.890814,0.0],[-117.11798,32.890846,0.0],[-117.118025,32.890877,0.0],[-117.118071,32.890907,0.0],[-117.118118,32.890937,0.0],[-117.118165,32.890966,0.0],[-117.118212,32.890994,0.0],[-117.118261,32.891022,0.0],[-117.118309,32.891049,0.0],[-117.118359,32.891075,0.0],[-117.118409,32.8911,0.0],[-117.118459,32.891125,0.0],[-117.118501,32.891137,0.0],[-117.119259,32.891144,0.0],[-117.119371,32.891145,0.0],[-117.11938,32.891145,0.0],[-117.119441,32.891145,0.0],[-117.119574,32.891146,0.0],[-117.119756,32.891147,0.0],[-117.119932,32.891148,0.0],[-117.120182,32.89115,0.0],[-117.120359,32.891151,0.0],[-117.121534,32.891158,0.0],[-117.122853,32.891167,0.0],[-117.122945,32.891167,0.0],[-117.126754,32.891191,0.0],[-117.126917,32.891193,0.0],[-117.12716,32.891195,0.0],[-117.129318,32.891209,0.0],[-117.129487,32.89121,0.0],[-117.13054,32.891217,0.0],[-117.130543,32.891217,0.0],[-117.130905,32.89122,0.0],[-117.130915,32.89122,0.0],[-117.131106,32.891221,0.0],[-117.131155,32.891221,0.0],[-117.131657,32.891224,0.0],[-117.131763,32.891224,0.0],[-117.132229,32.891227,0.0],[-117.13236,32.891228,0.0],[-117.134133,32.891238,0.0],[-117.134266,32.891239,0.0],[-117.135908,32.89125,0.0],[-117.135898,32.890945,0.0],[-117.135894,32.89081,0.0],[-117.135892,32.890769,0.0],[-117.135829,32.889118,0.0],[-117.135824,32.88899,0.0],[-117.135823,32.888978,0.0],[-117.135794,32.887666,0.0],[-117.135791,32.887573,0.0],[-117.135759,32.886135,0.0],[-117.135756,32.886008,0.0],[-117.135755,32.885985,0.0],[-117.135754,32.885931,0.0],[-117.135754,32.885718,0.0],[-117.135754,32.885693,0.0],[-117.135706,32.883838,0.0],[-117.135338,32.883874,0.0],[-117.134619,32.883885,0.0],[-117.134521,32.883886,0.0],[-117.133347,32.8839,0.0],[-117.130971,32.883927,0.0],[-117.127788,32.883942,0.0],[-117.127689,32.883942,0.0],[-117.127088,32.883945,0.0],[-117.125341,32.883951,0.0],[-117.12527,32.883951,0.0],[-117.125198,32.883951,0.0],[-117.124726,32.883948,0.0],[-117.124635,32.883948,0.0],[-117.124537,32.883948,0.0],[-117.123958,32.883947,0.0],[-117.123355,32.88394,0.0],[-117.121111,32.883914,0.0],[-117.118566,32.883884,0.0],[-117.118403,32.883882,0.0],[-117.117185,32.883898,0.0],[-117.116991,32.884048,0.0]]],[[[-117.117939,32.875537,0.0],[-117.117937,32.87555,0.0],[-117.117936,32.875564,0.0],[-117.117934,32.875578,0.0],[-117.117933,32.875591,0.0],[-117.117932,32.875605,0.0],[-117.11793,32.875619,0.0],[-117.117929,32.875632,0.0],[-117.117927,32.875646,0.0],[-117.117926,32.87566,0.0],[-117.117924,32.875674,0.0],[-117.117923,32.875687,0.0],[-117.117921,32.875701,0.0],[-117.11792,32.875715,0.0],[-117.117918,32.875728,0.0],[-117.117917,32.875742,0.0],[-117.117915,32.875756,0.0],[-117.117914,32.875769,0.0],[-117.117912,32.875783,0.0],[-117.11791,32.875797,0.0],[-117.117909,32.87581,0.0],[-117.117907,32.875824,0.0],[-117.117906,32.875838,0.0],[-117.117904,32.875851,0.0],[-117.117902,32.875865,0.0],[-117.117901,32.875879,0.0],[-117.117899,32.875892,0.0],[-117.117897,32.875906,0.0],[-117.117896,32.87592,0.0],[-117.117894,32.875933,0.0],[-117.117892,32.875947,0.0],[-117.11789,32.875961,0.0],[-117.117889,32.875974,0.0],[-117.117812,32.876421,0.0],[-117.117796,32.876514,0.0],[-117.117795,32.87652,0.0],[-117.117792,32.876533,0.0],[-117.117789,32.876547,0.0],[-117.117787,32.87656,0.0],[-117.117784,32.876574,0.0],[-117.117781,32.876588,0.0],[-117.117781,32.876603,0.0],[-117.117776,32.876615,0.0],[-117.117774,32.876628,0.0],[-117.117771,32.876642,0.0],[-117.117769,32.876655,0.0],[-117.117766,32.876669,0.0],[-117.117764,32.876683,0.0],[-117.117762,32.876696,0.0],[-117.11776,32.87671,0.0],[-117.117757,32.876723,0.0],[-117.117755,32.876737,0.0],[-117.117753,32.876751,0.0],[-117.117751,32.876764,0.0],[-117.117749,32.876778,0.0],[-117.117747,32.876792,0.0],[-117.117745,32.876805,0.0],[-117.117743,32.876819,0.0],[-117.117741,32.876833,0.0],[-117.117739,32.876846,0.0],[-117.117738,32.87686,0.0],[-117.117736,32.876874,0.0],[-117.117734,32.876887,0.0],[-117.117733,32.876901,0.0],[-117.117731,32.876915,0.0],[-117.117729,32.876928,0.0],[-117.117728,32.876942,0.0],[-117.117726,32.876956,0.0],[-117.117725,32.876969,0.0],[-117.117724,32.876983,0.0],[-117.117722,32.876997,0.0],[-117.117721,32.87701,0.0],[-117.11772,32.877024,0.0],[-117.117719,32.877038,0.0],[-117.117717,32.877051,0.0],[-117.117716,32.877065,0.0],[-117.117715,32.877079,0.0],[-117.117714,32.877093,0.0],[-117.117713,32.877106,0.0],[-117.117712,32.87712,0.0],[-117.117711,32.877134,0.0],[-117.11771,32.877148,0.0],[-117.11771,32.877161,0.0],[-117.117709,32.877175,0.0],[-117.117708,32.877189,0.0],[-117.117708,32.877202,0.0],[-117.117707,32.877216,0.0],[-117.117706,32.87723,0.0],[-117.117706,32.877244,0.0],[-117.117705,32.877257,0.0],[-117.117705,32.877271,0.0],[-117.117704,32.877285,0.0],[-117.117704,32.877299,0.0],[-117.117704,32.877312,0.0],[-117.117703,32.877326,0.0],[-117.117703,32.87734,0.0],[-117.117703,32.877354,0.0],[-117.117703,32.877367,0.0],[-117.117703,32.877381,0.0],[-117.117703,32.877395,0.0],[-117.117703,32.877408,0.0],[-117.117703,32.877422,0.0],[-117.117703,32.877436,0.0],[-117.117703,32.87745,0.0],[-117.117703,32.877463,0.0],[-117.117703,32.877477,0.0],[-117.117704,32.877491,0.0],[-117.117704,32.877505,0.0],[-117.117704,32.877518,0.0],[-117.117705,32.877532,0.0],[-117.117705,32.877546,0.0],[-117.117705,32.87756,0.0],[-117.117706,32.877573,0.0],[-117.117706,32.877587,0.0],[-117.117707,32.877601,0.0],[-117.117708,32.877615,0.0],[-117.117708,32.877628,0.0],[-117.117709,32.877642,0.0],[-117.11771,32.877656,0.0],[-117.117711,32.877669,0.0],[-117.117712,32.877683,0.0],[-117.117713,32.877697,0.0],[-117.117714,32.877711,0.0],[-117.117889,32.878925,0.0],[-117.117899,32.878996,0.0],[-117.117909,32.879062,0.0],[-117.118005,32.879836,0.0],[-117.118351,32.880424,0.0],[-117.118356,32.880433,0.0],[-117.118357,32.880436,0.0],[-117.118364,32.880448,0.0],[-117.11837,32.880461,0.0],[-117.118376,32.880474,0.0],[-117.118382,32.880487,0.0],[-117.118387,32.880499,0.0],[-117.118393,32.880512,0.0],[-117.118399,32.880525,0.0],[-117.118404,32.880538,0.0],[-117.11841,32.880551,0.0],[-117.118415,32.880564,0.0],[-117.11842,32.880577,0.0],[-117.118425,32.88059,0.0],[-117.11843,32.880603,0.0],[-117.118435,32.880616,0.0],[-117.11844,32.880629,0.0],[-117.118445,32.880642,0.0],[-117.11845,32.880656,0.0],[-117.118454,32.880669,0.0],[-117.118459,32.880682,0.0],[-117.118463,32.880695,0.0],[-117.118467,32.880709,0.0],[-117.118472,32.880722,0.0],[-117.118476,32.880735,0.0],[-117.11848,32.880748,0.0],[-117.118484,32.880762,0.0],[-117.118488,32.880775,0.0],[-117.118491,32.880789,0.0],[-117.118495,32.880802,0.0],[-117.118498,32.880815,0.0],[-117.118501,32.880827,0.0],[-117.118502,32.880829,0.0],[-117.118505,32.880842,0.0],[-117.118508,32.880856,0.0],[-117.118511,32.880869,0.0],[-117.118515,32.880883,0.0],[-117.118517,32.880896,0.0],[-117.11852,32.88091,0.0],[-117.118519,32.881086,0.0],[-117.11817,32.88111,0.0],[-117.118555,32.883718,0.0],[-117.121229,32.883746,0.0],[-117.121232,32.883746,0.0],[-117.121569,32.883744,0.0],[-117.122342,32.883739,0.0],[-117.12316,32.883733,0.0],[-117.125181,32.883718,0.0],[-117.125379,32.883717,0.0],[-117.127086,32.883705,0.0],[-117.127084,32.883582,0.0],[-117.127083,32.883417,0.0],[-117.127075,32.882613,0.0],[-117.127073,32.882447,0.0],[-117.127036,32.878731,0.0],[-117.127035,32.878583,0.0],[-117.127004,32.875497,0.0],[-117.124564,32.875486,0.0],[-117.123809,32.875483,0.0],[-117.123643,32.87549,0.0],[-117.123627,32.875491,0.0],[-117.122349,32.875475,0.0],[-117.117946,32.875463,0.0],[-117.117945,32.875468,0.0],[-117.117944,32.875482,0.0],[-117.117943,32.875496,0.0],[-117.117941,32.875509,0.0],[-117.11794,32.875523,0.0],[-117.117939,32.875537,0.0]]],[[[-117.11718,32.892673,0.0],[-117.117232,32.892636,0.0],[-117.117279,32.892605,0.0],[-117.117325,32.892573,0.0],[-117.117371,32.89254,0.0],[-117.117416,32.892507,0.0],[-117.11746,32.892473,0.0],[-117.117504,32.892438,0.0],[-117.117546,32.892403,0.0],[-117.117588,32.892367,0.0],[-117.11763,32.892331,0.0],[-117.11767,32.892294,0.0],[-117.11771,32.892256,0.0],[-117.117749,32.892218,0.0],[-117.117787,32.892179,0.0],[-117.117825,32.892139,0.0],[-117.117861,32.892099,0.0],[-117.117897,32.892059,0.0],[-117.117932,32.892018,0.0],[-117.117966,32.891976,0.0],[-117.117999,32.891934,0.0],[-117.118031,32.891892,0.0],[-117.118063,32.891849,0.0],[-117.118093,32.891805,0.0],[-117.118123,32.891762,0.0],[-117.118151,32.891717,0.0],[-117.118179,32.891673,0.0],[-117.118206,32.891627,0.0],[-117.118232,32.891582,0.0],[-117.118257,32.891536,0.0],[-117.118281,32.89149,0.0],[-117.118304,32.891443,0.0],[-117.118326,32.891396,0.0],[-117.118366,32.891325,0.0],[-117.117894,32.891089,0.0],[-117.117881,32.891081,0.0],[-117.117867,32.891074,0.0],[-117.117854,32.891066,0.0],[-117.117841,32.891058,0.0],[-117.117827,32.89105,0.0],[-117.117814,32.891042,0.0],[-117.117801,32.891034,0.0],[-117.117788,32.891026,0.0],[-117.117774,32.891018,0.0],[-117.117761,32.89101,0.0],[-117.117748,32.891002,0.0],[-117.117735,32.890993,0.0],[-117.117722,32.890985,0.0],[-117.11771,32.890976,0.0],[-117.117697,32.890968,0.0],[-117.117684,32.890959,0.0],[-117.117671,32.890951,0.0],[-117.117659,32.890942,0.0],[-117.117646,32.890933,0.0],[-117.117634,32.890925,0.0],[-117.117621,32.890916,0.0],[-117.117609,32.890907,0.0],[-117.117596,32.890898,0.0],[-117.117584,32.890889,0.0],[-117.117572,32.89088,0.0],[-117.11756,32.890871,0.0],[-117.117547,32.890862,0.0],[-117.117535,32.890852,0.0],[-117.117523,32.890843,0.0],[-117.117511,32.890834,0.0],[-117.1175,32.890824,0.0],[-117.117488,32.890815,0.0],[-117.117476,32.890805,0.0],[-117.117464,32.890796,0.0],[-117.117453,32.890786,0.0],[-117.117441,32.890777,0.0],[-117.117429,32.890767,0.0],[-117.117418,32.890757,0.0],[-117.117407,32.890747,0.0],[-117.117395,32.890737,0.0],[-117.117384,32.890727,0.0],[-117.117373,32.890717,0.0],[-117.117362,32.890707,0.0],[-117.117351,32.890697,0.0],[-117.11734,32.890687,0.0],[-117.117329,32.890677,0.0],[-117.117318,32.890667,0.0],[-117.117307,32.890657,0.0],[-117.117296,32.890646,0.0],[-117.117286,32.890636,0.0],[-117.117275,32.890625,0.0],[-117.117264,32.890615,0.0],[-117.117254,32.890604,0.0],[-117.117243,32.890594,0.0],[-117.117233,32.890583,0.0],[-117.117223,32.890573,0.0],[-117.117213,32.890562,0.0],[-117.117203,32.890551,0.0],[-117.117196,32.890544,0.0],[-117.11718,32.892673,0.0]]]]},"properties":{"APN":"7602511300","SITUS_ADDRESS":0,"SITUS_STREET":"MIRAMAR","SITUS_SUFFIX":"RD"}},{"type":"Feature","geometry":{"type":"MultiPolygon","coordinates":[[[[-117.116991,32.884048,0.0],[-117.116989,32.884221,0.0],[-117.116989,32.887852,0.0],[-117.11699,32.889279,0.0],[-117.116991,32.889682,0.0],[-117.116991,32.889696,0.0],[-117.116992,32.889699,0.0],[-117.116998,32.889712,0.0],[-117.117003,32.889725,0.0],[-117.117009,32.889738,0.0],[-117.117015,32.889751,0.0],[-117.11702,32.889764,0.0],[-117.117026,32.889777,0.0],[-117.117032,32.88979,0.0],[-117.117038,32.889802,0.0],[-117.117044,32.889815,0.0],[-117.11705,32.889828,0.0],[-117.117057,32.88984,0.0],[-117.117063,32.889853,0.0],[-117.11707,32.889866,0.0],[-117.117076,32.889878,0.0],[-117.117083,32.889891,0.0],[-117.11709,32.889903,0.0],[-117.117096,32.889916,0.0],[-117.117103,32.889928,0.0],[-117.11711,32.889941,0.0],[-117.117117,32.889953,0.0],[-117.117125,32.889965,0.0],[-117.117132,32.889978,0.0],[-117.117139,32.88999,0.0],[-117.117147,32.890002,0.0],[-117.117154,32.890014,0.0],[-117.117162,32.890027,0.0],[-117.117169,32.890039,0.0],[-117.117177,32.890051,0.0],[-117.117185,32.890063,0.0],[-117.117193,32.890075,0.0],[-117.117201,32.890087,0.0],[-117.117209,32.890099,0.0],[-117.117217,32.890111,0.0],[-117.117226,32.890122,0.0],[-117.117234,32.890134,0.0],[-117.117242,32.890146,0.0],[-117.117251,32.890158,0.0],[-117.11726,32.890169,0.0],[-117.117268,32.890181,0.0],[-117.117277,32.890192,0.0],[-117.117286,32.890204,0.0],[-117.117295,32.890215,0.0],[-117.117304,32.890227,0.0],[-117.117313,32.890238,0.0],[-117.117322,32.89025,0.0],[-117.117331,32.890261,0.0],[-117.117341,32.890272,0.0],[-117.11735,32.890283,0.0],[-117.11736,32.890295,0.0],[-117.117369,32.890306,0.0],[-117.117379,32.890317,0.0],[-117.117389,32.890328,0.0],[-117.117398,32.890339,0.0],[-117.117408,32.89035,0.0],[-117.117418,32.890361,0.0],[-117.117428,32.890371,0.0],[-117.117438,32.890382,0.0],[-117.117449,32.890393,0.0],[-117.117459,32.890404,0.0],[-117.117469,32.890414,0.0],[-117.11748,32.890425,0.0],[-117.11749,32.890435,0.0],[-117.117501,32.890446,0.0],[-117.117511,32.890456,0.0],[-117.117522,32.890466,0.0],[-117.117533,32.890477,0.0],[-117.117544,32.890487,0.0],[-117.117555,32.890497,0.0],[-117.117566,32.890507,0.0],[-117.117577,32.890517,0.0],[-117.117588,32.890527,0.0],[-117.117599,32.890537,0.0],[-117.11761,32.890547,0.0],[-117.117622,32.890557,0.0],[-117.117633,32.890567,0.0],[-117.117645,32.890577,0.0],[-117.117652,32.890583,0.0],[-117.117682,32.89061,0.0],[-117.117723,32.890646,0.0],[-117.117764,32.890681,0.0],[-117.117806,32.890715,0.0],[-117.117848,32.890749,0.0],[-117.117891,32.890782,0.0],[-117.117935,32.890814,0.0],[-117.11798,32.890846,0.0],[-117.118025,32.890877,0.0],[-117.118071,32.890907,0.0],[-117.118118,32.890937,0.0],[-117.118165,32.890966,0.0],[-117.118212,32.890994,0.0],[-117.118261,32.891022,0.0],[-117.118309,32.891049,0.0],[-117.118359,32.891075,0.0],[-117.118409,32.8911,0.0],[-117.118459,32.891125,0.0],[-117.118501,32.891137,0.0],[-117.119259,32.891144,0.0],[-117.119371,32.891145,0.0],[-117.11938,32.891145,0.0],[-117.119441,32.891145,0.0],[-117.119574,32.891146,0.0],[-117.119756,32.891147,0.0],[-117.119932,32.891148,0.0],[-117.120182,32.89115,0.0],[-117.120359,32.891151,0.0],[-117.121534,32.891158,0.0],[-117.122853,32.891167,0.0],[-117.122945,32.891167,0.0],[-117.126754,32.891191,0.0],[-117.126917,32.891193,0.0],[-117.12716,32.891195,0.0],[-117.129318,32.891209,0.0],[-117.129487,32.89121,0.0],[-117.13054,32.891217,0.0],[-117.130543,32.891217,0.0],[-117.130905,32.89122,0.0],[-117.130915,32.89122,0.0],[-117.131106,32.891221,0.0],[-117.131155,32.891221,0.0],[-117.131657,32.891224,0.0],[-117.131763,32.891224,0.0],[-117.132229,32.891227,0.0],[-117.13236,32.891228,0.0],[-117.134133,32.891238,0.0],[-117.134266,32.891239,0.0],[-117.135908,32.89125,0.0],[-117.135898,32.890945,0.0],[-117.135894,32.89081,0.0],[-117.135892,32.890769,0.0],[-117.135829,32.889118,0.0],[-117.135824,32.88899,0.0],[-117.135823,32.888978,0.0],[-117.135794,32.887666,0.0],[-117.135791,32.887573,0.0],[-117.135759,32.886135,0.0],[-117.135756,32.886008,0.0],[-117.135755,32.885985,0.0],[-117.135754,32.885931,0.0],[-117.135754,32.885718,0.0],[-117.135754,32.885693,0.0],[-117.135706,32.883838,0.0],[-117.135338,32.883874,0.0],[-117.134619,32.883885,0.0],[-117.134521,32.883886,0.0],[-117.133347,32.8839,0.0],[-117.130971,32.883927,0.0],[-117.127788,32.883942,0.0],[-117.127689,32.883942,0.0],[-117.127088,32.883945,0.0],[-117.125341,32.883951,0.0],[-117.12527,32.883951,0.0],[-117.125198,32.883951,0.0],[-117.124726,32.883948,0.0],[-117.124635,32.883948,0.0],[-117.124537,32.883948,0.0],[-117.123958,32.883947,0.0],[-117.123355,32.88394,0.0],[-117.121111,32.883914,0.0],[-117.118566,32.883884,0.0],[-117.118403,32.883882,0.0],[-117.117185,32.883898,0.0],[-117.116991,32.884048,0.0]]],[[[-117.117939,32.875537,0.0],[-117.117937,32.87555,0.0],[-117.117936,32.875564,0.0],[-117.117934,32.875578,0.0],[-117.117933,32.875591,0.0],[-117.117932,32.875605,0.0],[-117.11793,32.875619,0.0],[-117.117929,32.875632,0.0],[-117.117927,32.875646,0.0],[-117.117926,32.87566,0.0],[-117.117924,32.875674,0.0],[-117.117923,32.875687,0.0],[-117.117921,32.875701,0.0],[-117.11792,32.875715,0.0],[-117.117918,32.875728,0.0],[-117.117917,32.875742,0.0],[-117.117915,32.875756,0.0],[-117.117914,32.875769,0.0],[-117.117912,32.875783,0.0],[-117.11791,32.875797,0.0],[-117.117909,32.87581,0.0],[-117.117907,32.875824,0.0],[-117.117906,32.875838,0.0],[-117.117904,32.875851,0.0],[-117.117902,32.875865,0.0],[-117.117901,32.875879,0.0],[-117.117899,32.875892,0.0],[-117.117897,32.875906,0.0],[-117.117896,32.87592,0.0],[-117.117894,32.875933,0.0],[-117.117892,32.875947,0.0],[-117.11789,32.875961,0.0],[-117.117889,32.875974,0.0],[-117.117812,32.876421,0.0],[-117.117796,32.876514,0.0],[-117.117795,32.87652,0.0],[-117.117792,32.876533,0.0],[-117.117789,32.876547,0.0],[-117.117787,32.87656,0.0],[-117.117784,32.876574,0.0],[-117.117781,32.876588,0.0],[-117.117781,32.876603,0.0],[-117.117776,32.876615,0.0],[-117.117774,32.876628,0.0],[-117.117771,32.876642,0.0],[-117.117769,32.876655,0.0],[-117.117766,32.876669,0.0],[-117.117764,32.876683,0.0],[-117.117762,32.876696,0.0],[-117.11776,32.87671,0.0],[-117.117757,32.876723,0.0],[-117.117755,32.876737,0.0],[-117.117753,32.876751,0.0],[-117.117751,32.876764,0.0],[-117.117749,32.876778,0.0],[-117.117747,32.876792,0.0],[-117.117745,32.876805,0.0],[-117.117743,32.876819,0.0],[-117.117741,32.876833,0.0],[-117.117739,32.876846,0.0],[-117.117738,32.87686,0.0],[-117.117736,32.876874,0.0],[-117.117734,32.876887,0.0],[-117.117733,32.876901,0.0],[-117.117731,32.876915,0.0],[-117.117729,32.876928,0.0],[-117.117728,32.876942,0.0],[-117.117726,32.876956,0.0],[-117.117725,32.876969,0.0],[-117.117724,32.876983,0.0],[-117.117722,32.876997,0.0],[-117.117721,32.87701,0.0],[-117.11772,32.877024,0.0],[-117.117719,32.877038,0.0],[-117.117717,32.877051,0.0],[-117.117716,32.877065,0.0],[-117.117715,32.877079,0.0],[-117.117714,32.877093,0.0],[-117.117713,32.877106,0.0],[-117.117712,32.87712,0.0],[-117.117711,32.877134,0.0],[-117.11771,32.877148,0.0],[-117.11771,32.877161,0.0],[-117.117709,32.877175,0.0],[-117.117708,32.877189,0.0],[-117.117708,32.877202,0.0],[-117.117707,32.877216,0.0],[-117.117706,32.87723,0.0],[-117.117706,32.877244,0.0],[-117.117705,32.877257,0.0],[-117.117705,32.877271,0.0],[-117.117704,32.877285,0.0],[-117.117704,32.877299,0.0],[-117.117704,32.877312,0.0],[-117.117703,32.877326,0.0],[-117.117703,32.87734,0.0],[-117.117703,32.877354,0.0],[-117.117703,32.877367,0.0],[-117.117703,32.877381,0.0],[-117.117703,32.877395,0.0],[-117.117703,32.877408,0.0],[-117.117703,32.877422,0.0],[-117.117703,32.877436,0.0],[-117.117703,32.87745,0.0],[-117.117703,32.877463,0.0],[-117.117703,32.877477,0.0],[-117.117704,32.877491,0.0],[-117.117704,32.877505,0.0],[-117.117704,32.877518,0.0],[-117.117705,32.877532,0.0],[-117.117705,32.877546,0.0],[-117.117705,32.87756,0.0],[-117.117706,32.877573,0.0],[-117.117706,32.877587,0.0],[-117.117707,32.877601,0.0],[-117.117708,32.877615,0.0],[-117.117708,32.877628,0.0],[-117.117709,32.877642,0.0],[-117.11771,32.877656,0.0],[-117.117711,32.877669,0.0],[-117.117712,32.877683,0.0],[-117.117713,32.877697,0.0],[-117.117714,32.877711,0.0],[-117.117889,32.878925,0.0],[-117.117899,32.878996,0.0],[-117.117909,32.879062,0.0],[-117.118005,32.879836,0.0],[-117.118351,32.880424,0.0],[-117.118356,32.880433,0.0],[-117.118357,32.880436,0.0],[-117.118364,32.880448,0.0],[-117.11837,32.880461,0.0],[-117.118376,32.880474,0.0],[-117.118382,32.880487,0.0],[-117.118387,32.880499,0.0],[-117.118393,32.880512,0.0],[-117.118399,32.880525,0.0],[-117.118404,32.880538,0.0],[-117.11841,32.880551,0.0],[-117.118415,32.880564,0.0],[-117.11842,32.880577,0.0],[-117.118425,32.88059,0.0],[-117.11843,32.880603,0.0],[-117.118435,32.880616,0.0],[-117.11844,32.880629,0.0],[-117.118445,32.880642,0.0],[-117.11845,32.880656,0.0],[-117.118454,32.880669,0.0],[-117.118459,32.880682,0.0],[-117.118463,32.880695,0.0],[-117.118467,32.880709,0.0],[-117.118472,32.880722,0.0],[-117.118476,32.880735,0.0],[-117.11848,32.880748,0.0],[-117.118484,32.880762,0.0],[-117.118488,32.880775,0.0],[-117.118491,32.880789,0.0],[-117.118495,32.880802,0.0],[-117.118498,32.880815,0.0],[-117.118501,32.880827,0.0],[-117.118502,32.880829,0.0],[-117.118505,32.880842,0.0],[-117.118508,32.880856,0.0],[-117.118511,32.880869,0.0],[-117.118515,32.880883,0.0],[-117.118517,32.880896,0.0],[-117.11852,32.88091,0.0],[-117.118519,32.881086,0.0],[-117.11817,32.88111,0.0],[-117.118555,32.883718,0.0],[-117.121229,32.883746,0.0],[-117.121232,32.883746,0.0],[-117.121569,32.883744,0.0],[-117.122342,32.883739,0.0],[-117.12316,32.883733,0.0],[-117.125181,32.883718,0.0],[-117.125379,32.883717,0.0],[-117.127086,32.883705,0.0],[-117.127084,32.883582,0.0],[-117.127083,32.883417,0.0],[-117.127075,32.882613,0.0],[-117.127073,32.882447,0.0],[-117.127036,32.878731,0.0],[-117.127035,32.878583,0.0],[-117.127004,32.875497,0.0],[-117.124564,32.875486,0.0],[-117.123809,32.875483,0.0],[-117.123643,32.87549,0.0],[-117.123627,32.875491,0.0],[-117.122349,32.875475,0.0],[-117.117946,32.875463,0.0],[-117.117945,32.875468,0.0],[-117.117944,32.875482,0.0],[-117.117943,32.875496,0.0],[-117.117941,32.875509,0.0],[-117.11794,32.875523,0.0],[-117.117939,32.875537,0.0]]],[[[-117.11718,32.892673,0.0],[-117.117232,32.892636,0.0],[-117.117279,32.892605,0.0],[-117.117325,32.892573,0.0],[-117.117371,32.89254,0.0],[-117.117416,32.892507,0.0],[-117.11746,32.892473,0.0],[-117.117504,32.892438,0.0],[-117.117546,32.892403,0.0],[-117.117588,32.892367,0.0],[-117.11763,32.892331,0.0],[-117.11767,32.892294,0.0],[-117.11771,32.892256,0.0],[-117.117749,32.892218,0.0],[-117.117787,32.892179,0.0],[-117.117825,32.892139,0.0],[-117.117861,32.892099,0.0],[-117.117897,32.892059,0.0],[-117.117932,32.892018,0.0],[-117.117966,32.891976,0.0],[-117.117999,32.891934,0.0],[-117.118031,32.891892,0.0],[-117.118063,32.891849,0.0],[-117.118093,32.891805,0.0],[-117.118123,32.891762,0.0],[-117.118151,32.891717,0.0],[-117.118179,32.891673,0.0],[-117.118206,32.891627,0.0],[-117.118232,32.891582,0.0],[-117.118257,32.891536,0.0],[-117.118281,32.89149,0.0],[-117.118304,32.891443,0.0],[-117.118326,32.891396,0.0],[-117.118366,32.891325,0.0],[-117.117894,32.891089,0.0],[-117.117881,32.891081,0.0],[-117.117867,32.891074,0.0],[-117.117854,32.891066,0.0],[-117.117841,32.891058,0.0],[-117.117827,32.89105,0.0],[-117.117814,32.891042,0.0],[-117.117801,32.891034,0.0],[-117.117788,32.891026,0.0],[-117.117774,32.891018,0.0],[-117.117761,32.89101,0.0],[-117.117748,32.891002,0.0],[-117.117735,32.890993,0.0],[-117.117722,32.890985,0.0],[-117.11771,32.890976,0.0],[-117.117697,32.890968,0.0],[-117.117684,32.890959,0.0],[-117.117671,32.890951,0.0],[-117.117659,32.890942,0.0],[-117.117646,32.890933,0.0],[-117.117634,32.890925,0.0],[-117.117621,32.890916,0.0],[-117.117609,32.890907,0.0],[-117.117596,32.890898,0.0],[-117.117584,32.890889,0.0],[-117.117572,32.89088,0.0],[-117.11756,32.890871,0.0],[-117.117547,32.890862,0.0],[-117.117535,32.890852,0.0],[-117.117523,32.890843,0.0],[-117.117511,32.890834,0.0],[-117.1175,32.890824,0.0],[-117.117488,32.890815,0.0],[-117.117476,32.890805,0.0],[-117.117464,32.890796,0.0],[-117.117453,32.890786,0.0],[-117.117441,32.890777,0.0],[-117.117429,32.890767,0.0],[-117.117418,32.890757,0.0],[-117.117407,32.890747,0.0],[-117.117395,32.890737,0.0],[-117.117384,32.890727,0.0],[-117.117373,32.890717,0.0],[-117.117362,32.890707,0.0],[-117.117351,32.890697,0.0],[-117.11734,32.890687,0.0],[-117.117329,32.890677,0.0],[-117.117318,32.890667,0.0],[-117.117307,32.890657,0.0],[-117.117296,32.890646,0.0],[-117.117286,32.890636,0.0],[-117.117275,32.890625,0.0],[-117.117264,32.890615,0.0],[-117.117254,32.890604,0.0],[-117.117243,32.890594,0.0],[-117.117233,32.890583,0.0],[-117.117223,32.890573,0.0],[-117.117213,32.890562,0.0],[-117.117203,32.890551,0.0],[-117.117196,32.890544,0.0],[-117.11718,32.892673,0.0]]]]},"properties":{"APN":"7602512200","SITUS_ADDRESS":0,"SITUS_STREET":"MIRAMAR","SITUS_SUFFIX":"RD"}},{"type":"Feature","geometry":{"type":"MultiPolygon","coordinates":[[[[-117.116991,32.884048,0.0],[-117.116989,32.884221,0.0],[-117.116989,32.887852,0.0],[-117.11699,32.889279,0.0],[-117.116991,32.889682,0.0],[-117.116991,32.889696,0.0],[-117.116992,32.889699,0.0],[-117.116998,32.889712,0.0],[-117.117003,32.889725,0.0],[-117.117009,32.889738,0.0],[-117.117015,32.889751,0.0],[-117.11702,32.889764,0.0],[-117.117026,32.889777,0.0],[-117.117032,32.88979,0.0],[-117.117038,32.889802,0.0],[-117.117044,32.889815,0.0],[-117.11705,32.889828,0.0],[-117.117057,32.88984,0.0],[-117.117063,32.889853,0.0],[-117.11707,32.889866,0.0],[-117.117076,32.889878,0.0],[-117.117083,32.889891,0.0],[-117.11709,32.889903,0.0],[-117.117096,32.889916,0.0],[-117.117103,32.889928,0.0],[-117.11711,32.889941,0.0],[-117.117117,32.889953,0.0],[-117.117125,32.889965,0.0],[-117.117132,32.889978,0.0],[-117.117139,32.88999,0.0],[-117.117147,32.890002,0.0],[-117.117154,32.890014,0.0],[-117.117162,32.890027,0.0],[-117.117169,32.890039,0.0],[-117.117177,32.890051,0.0],[-117.117185,32.890063,0.0],[-117.117193,32.890075,0.0],[-117.117201,32.890087,0.0],[-117.117209,32.890099,0.0],[-117.117217,32.890111,0.0],[-117.117226,32.890122,0.0],[-117.117234,32.890134,0.0],[-117.117242,32.890146,0.0],[-117.117251,32.890158,0.0],[-117.11726,32.890169,0.0],[-117.117268,32.890181,0.0],[-117.117277,32.890192,0.0],[-117.117286,32.890204,0.0],[-117.117295,32.890215,0.0],[-117.117304,32.890227,0.0],[-117.117313,32.890238,0.0],[-117.117322,32.89025,0.0],[-117.117331,32.890261,0.0],[-117.117341,32.890272,0.0],[-117.11735,32.890283,0.0],[-117.11736,32.890295,0.0],[-117.117369,32.890306,0.0],[-117.117379,32.890317,0.0],[-117.117389,32.890328,0.0],[-117.117398,32.890339,0.0],[-117.117408,32.89035,0.0],[-117.117418,32.890361,0.0],[-117.117428,32.890371,0.0],[-117.117438,32.890382,0.0],[-117.117449,32.890393,0.0],[-117.117459,32.890404,0.0],[-117.117469,32.890414,0.0],[-117.11748,32.890425,0.0],[-117.11749,32.890435,0.0],[-117.117501,32.890446,0.0],[-117.117511,32.890456,0.0],[-117.117522,32.890466,0.0],[-117.117533,32.890477,0.0],[-117.117544,32.890487,0.0],[-117.117555,32.890497,0.0],[-117.117566,32.890507,0.0],[-117.117577,32.890517,0.0],[-117.117588,32.890527,0.0],[-117.117599,32.890537,0.0],[-117.11761,32.890547,0.0],[-117.117622,32.890557,0.0],[-117.117633,32.890567,0.0],[-117.117645,32.890577,0.0],[-117.117652,32.890583,0.0],[-117.117682,32.89061,0.0],[-117.117723,32.890646,0.0],[-117.117764,32.890681,0.0],[-117.117806,32.890715,0.0],[-117.117848,32.890749,0.0],[-117.117891,32.890782,0.0],[-117.117935,32.890814,0.0],[-117.11798,32.890846,0.0],[-117.118025,32.890877,0.0],[-117.118071,32.890907,0.0],[-117.118118,32.890937,0.0],[-117.118165,32.890966,0.0],[-117.118212,32.890994,0.0],[-117.118261,32.891022,0.0],[-117.118309,32.891049,0.0],[-117.118359,32.891075,0.0],[-117.118409,32.8911,0.0],[-117.118459,32.891125,0.0],[-117.118501,32.891137,0.0],[-117.119259,32.891144,0.0],[-117.119371,32.891145,0.0],[-117.11938,32.891145,0.0],[-117.119441,32.891145,0.0],[-117.119574,32.891146,0.0],[-117.119756,32.891147,0.0],[-117.119932,32.891148,0.0],[-117.120182,32.89115,0.0],[-117.120359,32.891151,0.0],[-117.121534,32.891158,0.0],[-117.122853,32.891167,0.0],[-117.122945,32.891167,0.0],[-117.126754,32.891191,0.0],[-117.126917,32.891193,0.0],[-117.12716,32.891195,0.0],[-117.129318,32.891209,0.0],[-117.129487,32.89121,0.0],[-117.13054,32.891217,0.0],[-117.130543,32.891217,0.0],[-117.130905,32.89122,0.0],[-117.130915,32.89122,0.0],[-117.131106,32.891221,0.0],[-117.131155,32.891221,0.0],[-117.131657,32.891224,0.0],[-117.131763,32.891224,0.0],[-117.132229,32.891227,0.0],[-117.13236,32.891228,0.0],[-117.134133,32.891238,0.0],[-117.134266,32.891239,0.0],[-117.135908,32.89125,0.0],[-117.135898,32.890945,0.0],[-117.135894,32.89081,0.0],[-117.135892,32.890769,0.0],[-117.135829,32.889118,0.0],[-117.135824,32.88899,0.0],[-117.135823,32.888978,0.0],[-117.135794,32.887666,0.0],[-117.135791,32.887573,0.0],[-117.135759,32.886135,0.0],[-117.135756,32.886008,0.0],[-117.135755,32.885985,0.0],[-117.135754,32.885931,0.0],[-117.135754,32.885718,0.0],[-117.135754,32.885693,0.0],[-117.135706,32.883838,0.0],[-117.135338,32.883874,0.0],[-117.134619,32.883885,0.0],[-117.134521,32.883886,0.0],[-117.133347,32.8839,0.0],[-117.130971,32.883927,0.0],[-117.127788,32.883942,0.0],[-117.127689,32.883942,0.0],[-117.127088,32.883945,0.0],[-117.125341,32.883951,0.0],[-117.12527,32.883951,0.0],[-117.125198,32.883951,0.0],[-117.124726,32.883948,0.0],[-117.124635,32.883948,0.0],[-117.124537,32.883948,0.0],[-117.123958,32.883947,0.0],[-117.123355,32.88394,0.0],[-117.121111,32.883914,0.0],[-117.118566,32.883884,0.0],[-117.118403,32.883882,0.0],[-117.117185,32.883898,0.0],[-117.116991,32.884048,0.0]]],[[[-117.117939,32.875537,0.0],[-117.117937,32.87555,0.0],[-117.117936,32.875564,0.0],[-117.117934,32.875578,0.0],[-117.117933,32.875591,0.0],[-117.117932,32.875605,0.0],[-117.11793,32.875619,0.0],[-117.117929,32.875632,0.0],[-117.117927,32.875646,0.0],[-117.117926,32.87566,0.0],[-117.117924,32.875674,0.0],[-117.117923,32.875687,0.0],[-117.117921,32.875701,0.0],[-117.11792,32.875715,0.0],[-117.117918,32.875728,0.0],[-117.117917,32.875742,0.0],[-117.117915,32.875756,0.0],[-117.117914,32.875769,0.0],[-117.117912,32.875783,0.0],[-117.11791,32.875797,0.0],[-117.117909,32.87581,0.0],[-117.117907,32.875824,0.0],[-117.117906,32.875838,0.0],[-117.117904,32.875851,0.0],[-117.117902,32.875865,0.0],[-117.117901,32.875879,0.0],[-117.117899,32.875892,0.0],[-117.117897,32.875906,0.0],[-117.117896,32.87592,0.0],[-117.117894,32.875933,0.0],[-117.117892,32.875947,0.0],[-117.11789,32.875961,0.0],[-117.117889,32.875974,0.0],[-117.117812,32.876421,0.0],[-117.117796,32.876514,0.0],[-117.117795,32.87652,0.0],[-117.117792,32.876533,0.0],[-117.117789,32.876547,0.0],[-117.117787,32.87656,0.0],[-117.117784,32.876574,0.0],[-117.117781,32.876588,0.0],[-117.117781,32.876603,0.0],[-117.117776,32.876615,0.0],[-117.117774,32.876628,0.0],[-117.117771,32.876642,0.0],[-117.117769,32.876655,0.0],[-117.117766,32.876669,0.0],[-117.117764,32.876683,0.0],[-117.117762,32.876696,0.0],[-117.11776,32.87671,0.0],[-117.117757,32.876723,0.0],[-117.117755,32.876737,0.0],[-117.117753,32.876751,0.0],[-117.117751,32.876764,0.0],[-117.117749,32.876778,0.0],[-117.117747,32.876792,0.0],[-117.117745,32.876805,0.0],[-117.117743,32.876819,0.0],[-117.117741,32.876833,0.0],[-117.117739,32.876846,0.0],[-117.117738,32.87686,0.0],[-117.117736,32.876874,0.0],[-117.117734,32.876887,0.0],[-117.117733,32.876901,0.0],[-117.117731,32.876915,0.0],[-117.117729,32.876928,0.0],[-117.117728,32.876942,0.0],[-117.117726,32.876956,0.0],[-117.117725,32.876969,0.0],[-117.117724,32.876983,0.0],[-117.117722,32.876997,0.0],[-117.117721,32.87701,0.0],[-117.11772,32.877024,0.0],[-117.117719,32.877038,0.0],[-117.117717,32.877051,0.0],[-117.117716,32.877065,0.0],[-117.117715,32.877079,0.0],[-117.117714,32.877093,0.0],[-117.117713,32.877106,0.0],[-117.117712,32.87712,0.0],[-117.117711,32.877134,0.0],[-117.11771,32.877148,0.0],[-117.11771,32.877161,0.0],[-117.117709,32.877175,0.0],[-117.117708,32.877189,0.0],[-117.117708,32.877202,0.0],[-117.117707,32.877216,0.0],[-117.117706,32.87723,0.0],[-117.117706,32.877244,0.0],[-117.117705,32.877257,0.0],[-117.117705,32.877271,0.0],[-117.117704,32.877285,0.0],[-117.117704,32.877299,0.0],[-117.117704,32.877312,0.0],[-117.117703,32.877326,0.0],[-117.117703,32.87734,0.0],[-117.117703,32.877354,0.0],[-117.117703,32.877367,0.0],[-117.117703,32.877381,0.0],[-117.117703,32.877395,0.0],[-117.117703,32.877408,0.0],[-117.117703,32.877422,0.0],[-117.117703,32.877436,0.0],[-117.117703,32.87745,0.0],[-117.117703,32.877463,0.0],[-117.117703,32.877477,0.0],[-117.117704,32.877491,0.0],[-117.117704,32.877505,0.0],[-117.117704,32.877518,0.0],[-117.117705,32.877532,0.0],[-117.117705,32.877546,0.0],[-117.117705,32.87756,0.0],[-117.117706,32.877573,0.0],[-117.117706,32.877587,0.0],[-117.117707,32.877601,0.0],[-117.117708,32.877615,0.0],[-117.117708,32.877628,0.0],[-117.117709,32.877642,0.0],[-117.11771,32.877656,0.0],[-117.117711,32.877669,0.0],[-117.117712,32.877683,0.0],[-117.117713,32.877697,0.0],[-117.117714,32.877711,0.0],[-117.117889,32.878925,0.0],[-117.117899,32.878996,0.0],[-117.117909,32.879062,0.0],[-117.118005,32.879836,0.0],[-117.118351,32.880424,0.0],[-117.118356,32.880433,0.0],[-117.118357,32.880436,0.0],[-117.118364,32.880448,0.0],[-117.11837,32.880461,0.0],[-117.118376,32.880474,0.0],[-117.118382,32.880487,0.0],[-117.118387,32.880499,0.0],[-117.118393,32.880512,0.0],[-117.118399,32.880525,0.0],[-117.118404,32.880538,0.0],[-117.11841,32.880551,0.0],[-117.118415,32.880564,0.0],[-117.11842,32.880577,0.0],[-117.118425,32.88059,0.0],[-117.11843,32.880603,0.0],[-117.118435,32.880616,0.0],[-117.11844,32.880629,0.0],[-117.118445,32.880642,0.0],[-117.11845,32.880656,0.0],[-117.118454,32.880669,0.0],[-117.118459,32.880682,0.0],[-117.118463,32.880695,0.0],[-117.118467,32.880709,0.0],[-117.118472,32.880722,0.0],[-117.118476,32.880735,0.0],[-117.11848,32.880748,0.0],[-117.118484,32.880762,0.0],[-117.118488,32.880775,0.0],[-117.118491,32.880789,0.0],[-117.118495,32.880802,0.0],[-117.118498,32.880815,0.0],[-117.118501,32.880827,0.0],[-117.118502,32.880829,0.0],[-117.118505,32.880842,0.0],[-117.118508,32.880856,0.0],[-117.118511,32.880869,0.0],[-117.118515,32.880883,0.0],[-117.118517,32.880896,0.0],[-117.11852,32.88091,0.0],[-117.118519,32.881086,0.0],[-117.11817,32.88111,0.0],[-117.118555,32.883718,0.0],[-117.121229,32.883746,0.0],[-117.121232,32.883746,0.0],[-117.121569,32.883744,0.0],[-117.122342,32.883739,0.0],[-117.12316,32.883733,0.0],[-117.125181,32.883718,0.0],[-117.125379,32.883717,0.0],[-117.127086,32.883705,0.0],[-117.127084,32.883582,0.0],[-117.127083,32.883417,0.0],[-117.127075,32.882613,0.0],[-117.127073,32.882447,0.0],[-117.127036,32.878731,0.0],[-117.127035,32.878583,0.0],[-117.127004,32.875497,0.0],[-117.124564,32.875486,0.0],[-117.123809,32.875483,0.0],[-117.123643,32.87549,0.0],[-117.123627,32.875491,0.0],[-117.122349,32.875475,0.0],[-117.117946,32.875463,0.0],[-117.117945,32.875468,0.0],[-117.117944,32.875482,0.0],[-117.117943,32.875496,0.0],[-117.117941,32.875509,0.0],[-117.11794,32.875523,0.0],[-117.117939,32.875537,0.0]]],[[[-117.11718,32.892673,0.0],[-117.117232,32.892636,0.0],[-117.117279,32.892605,0.0],[-117.117325,32.892573,0.0],[-117.117371,32.89254,0.0],[-117.117416,32.892507,0.0],[-117.11746,32.892473,0.0],[-117.117504,32.892438,0.0],[-117.117546,32.892403,0.0],[-117.117588,32.892367,0.0],[-117.11763,32.892331,0.0],[-117.11767,32.892294,0.0],[-117.11771,32.892256,0.0],[-117.117749,32.892218,0.0],[-117.117787,32.892179,0.0],[-117.117825,32.892139,0.0],[-117.117861,32.892099,0.0],[-117.117897,32.892059,0.0],[-117.117932,32.892018,0.0],[-117.117966,32.891976,0.0],[-117.117999,32.891934,0.0],[-117.118031,32.891892,0.0],[-117.118063,32.891849,0.0],[-117.118093,32.891805,0.0],[-117.118123,32.891762,0.0],[-117.118151,32.891717,0.0],[-117.118179,32.891673,0.0],[-117.118206,32.891627,0.0],[-117.118232,32.891582,0.0],[-117.118257,32.891536,0.0],[-117.118281,32.89149,0.0],[-117.118304,32.891443,0.0],[-117.118326,32.891396,0.0],[-117.118366,32.891325,0.0],[-117.117894,32.891089,0.0],[-117.117881,32.891081,0.0],[-117.117867,32.891074,0.0],[-117.117854,32.891066,0.0],[-117.117841,32.891058,0.0],[-117.117827,32.89105,0.0],[-117.117814,32.891042,0.0],[-117.117801,32.891034,0.0],[-117.117788,32.891026,0.0],[-117.117774,32.891018,0.0],[-117.117761,32.89101,0.0],[-117.117748,32.891002,0.0],[-117.117735,32.890993,0.0],[-117.117722,32.890985,0.0],[-117.11771,32.890976,0.0],[-117.117697,32.890968,0.0],[-117.117684,32.890959,0.0],[-117.117671,32.890951,0.0],[-117.117659,32.890942,0.0],[-117.117646,32.890933,0.0],[-117.117634,32.890925,0.0],[-117.117621,32.890916,0.0],[-117.117609,32.890907,0.0],[-117.117596,32.890898,0.0],[-117.117584,32.890889,0.0],[-117.117572,32.89088,0.0],[-117.11756,32.890871,0.0],[-117.117547,32.890862,0.0],[-117.117535,32.890852,0.0],[-117.117523,32.890843,0.0],[-117.117511,32.890834,0.0],[-117.1175,32.890824,0.0],[-117.117488,32.890815,0.0],[-117.117476,32.890805,0.0],[-117.117464,32.890796,0.0],[-117.117453,32.890786,0.0],[-117.117441,32.890777,0.0],[-117.117429,32.890767,0.0],[-117.117418,32.890757,0.0],[-117.117407,32.890747,0.0],[-117.117395,32.890737,0.0],[-117.117384,32.890727,0.0],[-117.117373,32.890717,0.0],[-117.117362,32.890707,0.0],[-117.117351,32.890697,0.0],[-117.11734,32.890687,0.0],[-117.117329,32.890677,0.0],[-117.117318,32.890667,0.0],[-117.117307,32.890657,0.0],[-117.117296,32.890646,0.0],[-117.117286,32.890636,0.0],[-117.117275,32.890625,0.0],[-117.117264,32.890615,0.0],[-117.117254,32.890604,0.0],[-117.117243,32.890594,0.0],[-117.117233,32.890583,0.0],[-117.117223,32.890573,0.0],[-117.117213,32.890562,0.0],[-117.117203,32.890551,0.0],[-117.117196,32.890544,0.0],[-117.11718,32.892673,0.0]]]]},"properties":{"APN":"7602512900","SITUS_ADDRESS":0,"SITUS_STREET":"MIRAMAR","SITUS_SUFFIX":"RD"}},{"type":"Feature","geometry":{"type":"MultiPolygon","coordinates":[[[[-117.116991,32.884048,0.0],[-117.116989,32.884221,0.0],[-117.116989,32.887852,0.0],[-117.11699,32.889279,0.0],[-117.116991,32.889682,0.0],[-117.116991,32.889696,0.0],[-117.116992,32.889699,0.0],[-117.116998,32.889712,0.0],[-117.117003,32.889725,0.0],[-117.117009,32.889738,0.0],[-117.117015,32.889751,0.0],[-117.11702,32.889764,0.0],[-117.117026,32.889777,0.0],[-117.117032,32.88979,0.0],[-117.117038,32.889802,0.0],[-117.117044,32.889815,0.0],[-117.11705,32.889828,0.0],[-117.117057,32.88984,0.0],[-117.117063,32.889853,0.0],[-117.11707,32.889866,0.0],[-117.117076,32.889878,0.0],[-117.117083,32.889891,0.0],[-117.11709,32.889903,0.0],[-117.117096,32.889916,0.0],[-117.117103,32.889928,0.0],[-117.11711,32.889941,0.0],[-117.117117,32.889953,0.0],[-117.117125,32.889965,0.0],[-117.117132,32.889978,0.0],[-117.117139,32.88999,0.0],[-117.117147,32.890002,0.0],[-117.117154,32.890014,0.0],[-117.117162,32.890027,0.0],[-117.117169,32.890039,0.0],[-117.117177,32.890051,0.0],[-117.117185,32.890063,0.0],[-117.117193,32.890075,0.0],[-117.117201,32.890087,0.0],[-117.117209,32.890099,0.0],[-117.117217,32.890111,0.0],[-117.117226,32.890122,0.0],[-117.117234,32.890134,0.0],[-117.117242,32.890146,0.0],[-117.117251,32.890158,0.0],[-117.11726,32.890169,0.0],[-117.117268,32.890181,0.0],[-117.117277,32.890192,0.0],[-117.117286,32.890204,0.0],[-117.117295,32.890215,0.0],[-117.117304,32.890227,0.0],[-117.117313,32.890238,0.0],[-117.117322,32.89025,0.0],[-117.117331,32.890261,0.0],[-117.117341,32.890272,0.0],[-117.11735,32.890283,0.0],[-117.11736,32.890295,0.0],[-117.117369,32.890306,0.0],[-117.117379,32.890317,0.0],[-117.117389,32.890328,0.0],[-117.117398,32.890339,0.0],[-117.117408,32.89035,0.0],[-117.117418,32.890361,0.0],[-117.117428,32.890371,0.0],[-117.117438,32.890382,0.0],[-117.117449,32.890393,0.0],[-117.117459,32.890404,0.0],[-117.117469,32.890414,0.0],[-117.11748,32.890425,0.0],[-117.11749,32.890435,0.0],[-117.117501,32.890446,0.0],[-117.117511,32.890456,0.0],[-117.117522,32.890466,0.0],[-117.117533,32.890477,0.0],[-117.117544,32.890487,0.0],[-117.117555,32.890497,0.0],[-117.117566,32.890507,0.0],[-117.117577,32.890517,0.0],[-117.117588,32.890527,0.0],[-117.117599,32.890537,0.0],[-117.11761,32.890547,0.0],[-117.117622,32.890557,0.0],[-117.117633,32.890567,0.0],[-117.117645,32.890577,0.0],[-117.117652,32.890583,0.0],[-117.117682,32.89061,0.0],[-117.117723,32.890646,0.0],[-117.117764,32.890681,0.0],[-117.117806,32.890715,0.0],[-117.117848,32.890749,0.0],[-117.117891,32.890782,0.0],[-117.117935,32.890814,0.0],[-117.11798,32.890846,0.0],[-117.118025,32.890877,0.0],[-117.118071,32.890907,0.0],[-117.118118,32.890937,0.0],[-117.118165,32.890966,0.0],[-117.118212,32.890994,0.0],[-117.118261,32.891022,0.0],[-117.118309,32.891049,0.0],[-117.118359,32.891075,0.0],[-117.118409,32.8911,0.0],[-117.118459,32.891125,0.0],[-117.118501,32.891137,0.0],[-117.119259,32.891144,0.0],[-117.119371,32.891145,0.0],[-117.11938,32.891145,0.0],[-117.119441,32.891145,0.0],[-117.119574,32.891146,0.0],[-117.119756,32.891147,0.0],[-117.119932,32.891148,0.0],[-117.120182,32.89115,0.0],[-117.120359,32.891151,0.0],[-117.121534,32.891158,0.0],[-117.122853,32.891167,0.0],[-117.122945,32.891167,0.0],[-117.126754,32.891191,0.0],[-117.126917,32.891193,0.0],[-117.12716,32.891195,0.0],[-117.129318,32.891209,0.0],[-117.129487,32.89121,0.0],[-117.13054,32.891217,0.0],[-117.130543,32.891217,0.0],[-117.130905,32.89122,0.0],[-117.130915,32.89122,0.0],[-117.131106,32.891221,0.0],[-117.131155,32.891221,0.0],[-117.131657,32.891224,0.0],[-117.131763,32.891224,0.0],[-117.132229,32.891227,0.0],[-117.13236,32.891228,0.0],[-117.134133,32.891238,0.0],[-117.134266,32.891239,0.0],[-117.135908,32.89125,0.0],[-117.135898,32.890945,0.0],[-117.135894,32.89081,0.0],[-117.135892,32.890769,0.0],[-117.135829,32.889118,0.0],[-117.135824,32.88899,0.0],[-117.135823,32.888978,0.0],[-117.135794,32.887666,0.0],[-117.135791,32.887573,0.0],[-117.135759,32.886135,0.0],[-117.135756,32.886008,0.0],[-117.135755,32.885985,0.0],[-117.135754,32.885931,0.0],[-117.135754,32.885718,0.0],[-117.135754,32.885693,0.0],[-117.135706,32.883838,0.0],[-117.135338,32.883874,0.0],[-117.134619,32.883885,0.0],[-117.134521,32.883886,0.0],[-117.133347,32.8839,0.0],[-117.130971,32.883927,0.0],[-117.127788,32.883942,0.0],[-117.127689,32.883942,0.0],[-117.127088,32.883945,0.0],[-117.125341,32.883951,0.0],[-117.12527,32.883951,0.0],[-117.125198,32.883951,0.0],[-117.124726,32.883948,0.0],[-117.124635,32.883948,0.0],[-117.124537,32.883948,0.0],[-117.123958,32.883947,0.0],[-117.123355,32.88394,0.0],[-117.121111,32.883914,0.0],[-117.118566,32.883884,0.0],[-117.118403,32.883882,0.0],[-117.117185,32.883898,0.0],[-117.116991,32.884048,0.0]]],[[[-117.117939,32.875537,0.0],[-117.117937,32.87555,0.0],[-117.117936,32.875564,0.0],[-117.117934,32.875578,0.0],[-117.117933,32.875591,0.0],[-117.117932,32.875605,0.0],[-117.11793,32.875619,0.0],[-117.117929,32.875632,0.0],[-117.117927,32.875646,0.0],[-117.117926,32.87566,0.0],[-117.117924,32.875674,0.0],[-117.117923,32.875687,0.0],[-117.117921,32.875701,0.0],[-117.11792,32.875715,0.0],[-117.117918,32.875728,0.0],[-117.117917,32.875742,0.0],[-117.117915,32.875756,0.0],[-117.117914,32.875769,0.0],[-117.117912,32.875783,0.0],[-117.11791,32.875797,0.0],[-117.117909,32.87581,0.0],[-117.117907,32.875824,0.0],[-117.117906,32.875838,0.0],[-117.117904,32.875851,0.0],[-117.117902,32.875865,0.0],[-117.117901,32.875879,0.0],[-117.117899,32.875892,0.0],[-117.117897,32.875906,0.0],[-117.117896,32.87592,0.0],[-117.117894,32.875933,0.0],[-117.117892,32.875947,0.0],[-117.11789,32.875961,0.0],[-117.117889,32.875974,0.0],[-117.117812,32.876421,0.0],[-117.117796,32.876514,0.0],[-117.117795,32.87652,0.0],[-117.117792,32.876533,0.0],[-117.117789,32.876547,0.0],[-117.117787,32.87656,0.0],[-117.117784,32.876574,0.0],[-117.117781,32.876588,0.0],[-117.117781,32.876603,0.0],[-117.117776,32.876615,0.0],[-117.117774,32.876628,0.0],[-117.117771,32.876642,0.0],[-117.117769,32.876655,0.0],[-117.117766,32.876669,0.0],[-117.117764,32.876683,0.0],[-117.117762,32.876696,0.0],[-117.11776,32.87671,0.0],[-117.117757,32.876723,0.0],[-117.117755,32.876737,0.0],[-117.117753,32.876751,0.0],[-117.117751,32.876764,0.0],[-117.117749,32.876778,0.0],[-117.117747,32.876792,0.0],[-117.117745,32.876805,0.0],[-117.117743,32.876819,0.0],[-117.117741,32.876833,0.0],[-117.117739,32.876846,0.0],[-117.117738,32.87686,0.0],[-117.117736,32.876874,0.0],[-117.117734,32.876887,0.0],[-117.117733,32.876901,0.0],[-117.117731,32.876915,0.0],[-117.117729,32.876928,0.0],[-117.117728,32.876942,0.0],[-117.117726,32.876956,0.0],[-117.117725,32.876969,0.0],[-117.117724,32.876983,0.0],[-117.117722,32.876997,0.0],[-117.117721,32.87701,0.0],[-117.11772,32.877024,0.0],[-117.117719,32.877038,0.0],[-117.117717,32.877051,0.0],[-117.117716,32.877065,0.0],[-117.117715,32.877079,0.0],[-117.117714,32.877093,0.0],[-117.117713,32.877106,0.0],[-117.117712,32.87712,0.0],[-117.117711,32.877134,0.0],[-117.11771,32.877148,0.0],[-117.11771,32.877161,0.0],[-117.117709,32.877175,0.0],[-117.117708,32.877189,0.0],[-117.117708,32.877202,0.0],[-117.117707,32.877216,0.0],[-117.117706,32.87723,0.0],[-117.117706,32.877244,0.0],[-117.117705,32.877257,0.0],[-117.117705,32.877271,0.0],[-117.117704,32.877285,0.0],[-117.117704,32.877299,0.0],[-117.117704,32.877312,0.0],[-117.117703,32.877326,0.0],[-117.117703,32.87734,0.0],[-117.117703,32.877354,0.0],[-117.117703,32.877367,0.0],[-117.117703,32.877381,0.0],[-117.117703,32.877395,0.0],[-117.117703,32.877408,0.0],[-117.117703,32.877422,0.0],[-117.117703,32.877436,0.0],[-117.117703,32.87745,0.0],[-117.117703,32.877463,0.0],[-117.117703,32.877477,0.0],[-117.117704,32.877491,0.0],[-117.117704,32.877505,0.0],[-117.117704,32.877518,0.0],[-117.117705,32.877532,0.0],[-117.117705,32.877546,0.0],[-117.117705,32.87756,0.0],[-117.117706,32.877573,0.0],[-117.117706,32.877587,0.0],[-117.117707,32.877601,0.0],[-117.117708,32.877615,0.0],[-117.117708,32.877628,0.0],[-117.117709,32.877642,0.0],[-117.11771,32.877656,0.0],[-117.117711,32.877669,0.0],[-117.117712,32.877683,0.0],[-117.117713,32.877697,0.0],[-117.117714,32.877711,0.0],[-117.117889,32.878925,0.0],[-117.117899,32.878996,0.0],[-117.117909,32.879062,0.0],[-117.118005,32.879836,0.0],[-117.118351,32.880424,0.0],[-117.118356,32.880433,0.0],[-117.118357,32.880436,0.0],[-117.118364,32.880448,0.0],[-117.11837,32.880461,0.0],[-117.118376,32.880474,0.0],[-117.118382,32.880487,0.0],[-117.118387,32.880499,0.0],[-117.118393,32.880512,0.0],[-117.118399,32.880525,0.0],[-117.118404,32.880538,0.0],[-117.11841,32.880551,0.0],[-117.118415,32.880564,0.0],[-117.11842,32.880577,0.0],[-117.118425,32.88059,0.0],[-117.11843,32.880603,0.0],[-117.118435,32.880616,0.0],[-117.11844,32.880629,0.0],[-117.118445,32.880642,0.0],[-117.11845,32.880656,0.0],[-117.118454,32.880669,0.0],[-117.118459,32.880682,0.0],[-117.118463,32.880695,0.0],[-117.118467,32.880709,0.0],[-117.118472,32.880722,0.0],[-117.118476,32.880735,0.0],[-117.11848,32.880748,0.0],[-117.118484,32.880762,0.0],[-117.118488,32.880775,0.0],[-117.118491,32.880789,0.0],[-117.118495,32.880802,0.0],[-117.118498,32.880815,0.0],[-117.118501,32.880827,0.0],[-117.118502,32.880829,0.0],[-117.118505,32.880842,0.0],[-117.118508,32.880856,0.0],[-117.118511,32.880869,0.0],[-117.118515,32.880883,0.0],[-117.118517,32.880896,0.0],[-117.11852,32.88091,0.0],[-117.118519,32.881086,0.0],[-117.11817,32.88111,0.0],[-117.118555,32.883718,0.0],[-117.121229,32.883746,0.0],[-117.121232,32.883746,0.0],[-117.121569,32.883744,0.0],[-117.122342,32.883739,0.0],[-117.12316,32.883733,0.0],[-117.125181,32.883718,0.0],[-117.125379,32.883717,0.0],[-117.127086,32.883705,0.0],[-117.127084,32.883582,0.0],[-117.127083,32.883417,0.0],[-117.127075,32.882613,0.0],[-117.127073,32.882447,0.0],[-117.127036,32.878731,0.0],[-117.127035,32.878583,0.0],[-117.127004,32.875497,0.0],[-117.124564,32.875486,0.0],[-117.123809,32.875483,0.0],[-117.123643,32.87549,0.0],[-117.123627,32.875491,0.0],[-117.122349,32.875475,0.0],[-117.117946,32.875463,0.0],[-117.117945,32.875468,0.0],[-117.117944,32.875482,0.0],[-117.117943,32.875496,0.0],[-117.117941,32.875509,0.0],[-117.11794,32.875523,0.0],[-117.117939,32.875537,0.0]]],[[[-117.11718,32.892673,0.0],[-117.117232,32.892636,0.0],[-117.117279,32.892605,0.0],[-117.117325,32.892573,0.0],[-117.117371,32.89254,0.0],[-117.117416,32.892507,0.0],[-117.11746,32.892473,0.0],[-117.117504,32.892438,0.0],[-117.117546,32.892403,0.0],[-117.117588,32.892367,0.0],[-117.11763,32.892331,0.0],[-117.11767,32.892294,0.0],[-117.11771,32.892256,0.0],[-117.117749,32.892218,0.0],[-117.117787,32.892179,0.0],[-117.117825,32.892139,0.0],[-117.117861,32.892099,0.0],[-117.117897,32.892059,0.0],[-117.117932,32.892018,0.0],[-117.117966,32.891976,0.0],[-117.117999,32.891934,0.0],[-117.118031,32.891892,0.0],[-117.118063,32.891849,0.0],[-117.118093,32.891805,0.0],[-117.118123,32.891762,0.0],[-117.118151,32.891717,0.0],[-117.118179,32.891673,0.0],[-117.118206,32.891627,0.0],[-117.118232,32.891582,0.0],[-117.118257,32.891536,0.0],[-117.118281,32.89149,0.0],[-117.118304,32.891443,0.0],[-117.118326,32.891396,0.0],[-117.118366,32.891325,0.0],[-117.117894,32.891089,0.0],[-117.117881,32.891081,0.0],[-117.117867,32.891074,0.0],[-117.117854,32.891066,0.0],[-117.117841,32.891058,0.0],[-117.117827,32.89105,0.0],[-117.117814,32.891042,0.0],[-117.117801,32.891034,0.0],[-117.117788,32.891026,0.0],[-117.117774,32.891018,0.0],[-117.117761,32.89101,0.0],[-117.117748,32.891002,0.0],[-117.117735,32.890993,0.0],[-117.117722,32.890985,0.0],[-117.11771,32.890976,0.0],[-117.117697,32.890968,0.0],[-117.117684,32.890959,0.0],[-117.117671,32.890951,0.0],[-117.117659,32.890942,0.0],[-117.117646,32.890933,0.0],[-117.117634,32.890925,0.0],[-117.117621,32.890916,0.0],[-117.117609,32.890907,0.0],[-117.117596,32.890898,0.0],[-117.117584,32.890889,0.0],[-117.117572,32.89088,0.0],[-117.11756,32.890871,0.0],[-117.117547,32.890862,0.0],[-117.117535,32.890852,0.0],[-117.117523,32.890843,0.0],[-117.117511,32.890834,0.0],[-117.1175,32.890824,0.0],[-117.117488,32.890815,0.0],[-117.117476,32.890805,0.0],[-117.117464,32.890796,0.0],[-117.117453,32.890786,0.0],[-117.117441,32.890777,0.0],[-117.117429,32.890767,0.0],[-117.117418,32.890757,0.0],[-117.117407,32.890747,0.0],[-117.117395,32.890737,0.0],[-117.117384,32.890727,0.0],[-117.117373,32.890717,0.0],[-117.117362,32.890707,0.0],[-117.117351,32.890697,0.0],[-117.11734,32.890687,0.0],[-117.117329,32.890677,0.0],[-117.117318,32.890667,0.0],[-117.117307,32.890657,0.0],[-117.117296,32.890646,0.0],[-117.117286,32.890636,0.0],[-117.117275,32.890625,0.0],[-117.117264,32.890615,0.0],[-117.117254,32.890604,0.0],[-117.117243,32.890594,0.0],[-117.117233,32.890583,0.0],[-117.117223,32.890573,0.0],[-117.117213,32.890562,0.0],[-117.117203,32.890551,0.0],[-117.117196,32.890544,0.0],[-117.11718,32.892673,0.0]]]]},"properties":{"APN":"7602511400","SITUS_ADDRESS":0,"SITUS_STREET":"MIRAMAR","SITUS_SUFFIX":"RD"}},{"type":"Feature","geometry":{"type":"MultiPolygon","coordinates":[[[[-117.116991,32.884048,0.0],[-117.116989,32.884221,0.0],[-117.116989,32.887852,0.0],[-117.11699,32.889279,0.0],[-117.116991,32.889682,0.0],[-117.116991,32.889696,0.0],[-117.116992,32.889699,0.0],[-117.116998,32.889712,0.0],[-117.117003,32.889725,0.0],[-117.117009,32.889738,0.0],[-117.117015,32.889751,0.0],[-117.11702,32.889764,0.0],[-117.117026,32.889777,0.0],[-117.117032,32.88979,0.0],[-117.117038,32.889802,0.0],[-117.117044,32.889815,0.0],[-117.11705,32.889828,0.0],[-117.117057,32.88984,0.0],[-117.117063,32.889853,0.0],[-117.11707,32.889866,0.0],[-117.117076,32.889878,0.0],[-117.117083,32.889891,0.0],[-117.11709,32.889903,0.0],[-117.117096,32.889916,0.0],[-117.117103,32.889928,0.0],[-117.11711,32.889941,0.0],[-117.117117,32.889953,0.0],[-117.117125,32.889965,0.0],[-117.117132,32.889978,0.0],[-117.117139,32.88999,0.0],[-117.117147,32.890002,0.0],[-117.117154,32.890014,0.0],[-117.117162,32.890027,0.0],[-117.117169,32.890039,0.0],[-117.117177,32.890051,0.0],[-117.117185,32.890063,0.0],[-117.117193,32.890075,0.0],[-117.117201,32.890087,0.0],[-117.117209,32.890099,0.0],[-117.117217,32.890111,0.0],[-117.117226,32.890122,0.0],[-117.117234,32.890134,0.0],[-117.117242,32.890146,0.0],[-117.117251,32.890158,0.0],[-117.11726,32.890169,0.0],[-117.117268,32.890181,0.0],[-117.117277,32.890192,0.0],[-117.117286,32.890204,0.0],[-117.117295,32.890215,0.0],[-117.117304,32.890227,0.0],[-117.117313,32.890238,0.0],[-117.117322,32.89025,0.0],[-117.117331,32.890261,0.0],[-117.117341,32.890272,0.0],[-117.11735,32.890283,0.0],[-117.11736,32.890295,0.0],[-117.117369,32.890306,0.0],[-117.117379,32.890317,0.0],[-117.117389,32.890328,0.0],[-117.117398,32.890339,0.0],[-117.117408,32.89035,0.0],[-117.117418,32.890361,0.0],[-117.117428,32.890371,0.0],[-117.117438,32.890382,0.0],[-117.117449,32.890393,0.0],[-117.117459,32.890404,0.0],[-117.117469,32.890414,0.0],[-117.11748,32.890425,0.0],[-117.11749,32.890435,0.0],[-117.117501,32.890446,0.0],[-117.117511,32.890456,0.0],[-117.117522,32.890466,0.0],[-117.117533,32.890477,0.0],[-117.117544,32.890487,0.0],[-117.117555,32.890497,0.0],[-117.117566,32.890507,0.0],[-117.117577,32.890517,0.0],[-117.117588,32.890527,0.0],[-117.117599,32.890537,0.0],[-117.11761,32.890547,0.0],[-117.117622,32.890557,0.0],[-117.117633,32.890567,0.0],[-117.117645,32.890577,0.0],[-117.117652,32.890583,0.0],[-117.117682,32.89061,0.0],[-117.117723,32.890646,0.0],[-117.117764,32.890681,0.0],[-117.117806,32.890715,0.0],[-117.117848,32.890749,0.0],[-117.117891,32.890782,0.0],[-117.117935,32.890814,0.0],[-117.11798,32.890846,0.0],[-117.118025,32.890877,0.0],[-117.118071,32.890907,0.0],[-117.118118,32.890937,0.0],[-117.118165,32.890966,0.0],[-117.118212,32.890994,0.0],[-117.118261,32.891022,0.0],[-117.118309,32.891049,0.0],[-117.118359,32.891075,0.0],[-117.118409,32.8911,0.0],[-117.118459,32.891125,0.0],[-117.118501,32.891137,0.0],[-117.119259,32.891144,0.0],[-117.119371,32.891145,0.0],[-117.11938,32.891145,0.0],[-117.119441,32.891145,0.0],[-117.119574,32.891146,0.0],[-117.119756,32.891147,0.0],[-117.119932,32.891148,0.0],[-117.120182,32.89115,0.0],[-117.120359,32.891151,0.0],[-117.121534,32.891158,0.0],[-117.122853,32.891167,0.0],[-117.122945,32.891167,0.0],[-117.126754,32.891191,0.0],[-117.126917,32.891193,0.0],[-117.12716,32.891195,0.0],[-117.129318,32.891209,0.0],[-117.129487,32.89121,0.0],[-117.13054,32.891217,0.0],[-117.130543,32.891217,0.0],[-117.130905,32.89122,0.0],[-117.130915,32.89122,0.0],[-117.131106,32.891221,0.0],[-117.131155,32.891221,0.0],[-117.131657,32.891224,0.0],[-117.131763,32.891224,0.0],[-117.132229,32.891227,0.0],[-117.13236,32.891228,0.0],[-117.134133,32.891238,0.0],[-117.134266,32.891239,0.0],[-117.135908,32.89125,0.0],[-117.135898,32.890945,0.0],[-117.135894,32.89081,0.0],[-117.135892,32.890769,0.0],[-117.135829,32.889118,0.0],[-117.135824,32.88899,0.0],[-117.135823,32.888978,0.0],[-117.135794,32.887666,0.0],[-117.135791,32.887573,0.0],[-117.135759,32.886135,0.0],[-117.135756,32.886008,0.0],[-117.135755,32.885985,0.0],[-117.135754,32.885931,0.0],[-117.135754,32.885718,0.0],[-117.135754,32.885693,0.0],[-117.135706,32.883838,0.0],[-117.135338,32.883874,0.0],[-117.134619,32.883885,0.0],[-117.134521,32.883886,0.0],[-117.133347,32.8839,0.0],[-117.130971,32.883927,0.0],[-117.127788,32.883942,0.0],[-117.127689,32.883942,0.0],[-117.127088,32.883945,0.0],[-117.125341,32.883951,0.0],[-117.12527,32.883951,0.0],[-117.125198,32.883951,0.0],[-117.124726,32.883948,0.0],[-117.124635,32.883948,0.0],[-117.124537,32.883948,0.0],[-117.123958,32.883947,0.0],[-117.123355,32.88394,0.0],[-117.121111,32.883914,0.0],[-117.118566,32.883884,0.0],[-117.118403,32.883882,0.0],[-117.117185,32.883898,0.0],[-117.116991,32.884048,0.0]]],[[[-117.117939,32.875537,0.0],[-117.117937,32.87555,0.0],[-117.117936,32.875564,0.0],[-117.117934,32.875578,0.0],[-117.117933,32.875591,0.0],[-117.117932,32.875605,0.0],[-117.11793,32.875619,0.0],[-117.117929,32.875632,0.0],[-117.117927,32.875646,0.0],[-117.117926,32.87566,0.0],[-117.117924,32.875674,0.0],[-117.117923,32.875687,0.0],[-117.117921,32.875701,0.0],[-117.11792,32.875715,0.0],[-117.117918,32.875728,0.0],[-117.117917,32.875742,0.0],[-117.117915,32.875756,0.0],[-117.117914,32.875769,0.0],[-117.117912,32.875783,0.0],[-117.11791,32.875797,0.0],[-117.117909,32.87581,0.0],[-117.117907,32.875824,0.0],[-117.117906,32.875838,0.0],[-117.117904,32.875851,0.0],[-117.117902,32.875865,0.0],[-117.117901,32.875879,0.0],[-117.117899,32.875892,0.0],[-117.117897,32.875906,0.0],[-117.117896,32.87592,0.0],[-117.117894,32.875933,0.0],[-117.117892,32.875947,0.0],[-117.11789,32.875961,0.0],[-117.117889,32.875974,0.0],[-117.117812,32.876421,0.0],[-117.117796,32.876514,0.0],[-117.117795,32.87652,0.0],[-117.117792,32.876533,0.0],[-117.117789,32.876547,0.0],[-117.117787,32.87656,0.0],[-117.117784,32.876574,0.0],[-117.117781,32.876588,0.0],[-117.117781,32.876603,0.0],[-117.117776,32.876615,0.0],[-117.117774,32.876628,0.0],[-117.117771,32.876642,0.0],[-117.117769,32.876655,0.0],[-117.117766,32.876669,0.0],[-117.117764,32.876683,0.0],[-117.117762,32.876696,0.0],[-117.11776,32.87671,0.0],[-117.117757,32.876723,0.0],[-117.117755,32.876737,0.0],[-117.117753,32.876751,0.0],[-117.117751,32.876764,0.0],[-117.117749,32.876778,0.0],[-117.117747,32.876792,0.0],[-117.117745,32.876805,0.0],[-117.117743,32.876819,0.0],[-117.117741,32.876833,0.0],[-117.117739,32.876846,0.0],[-117.117738,32.87686,0.0],[-117.117736,32.876874,0.0],[-117.117734,32.876887,0.0],[-117.117733,32.876901,0.0],[-117.117731,32.876915,0.0],[-117.117729,32.876928,0.0],[-117.117728,32.876942,0.0],[-117.117726,32.876956,0.0],[-117.117725,32.876969,0.0],[-117.117724,32.876983,0.0],[-117.117722,32.876997,0.0],[-117.117721,32.87701,0.0],[-117.11772,32.877024,0.0],[-117.117719,32.877038,0.0],[-117.117717,32.877051,0.0],[-117.117716,32.877065,0.0],[-117.117715,32.877079,0.0],[-117.117714,32.877093,0.0],[-117.117713,32.877106,0.0],[-117.117712,32.87712,0.0],[-117.117711,32.877134,0.0],[-117.11771,32.877148,0.0],[-117.11771,32.877161,0.0],[-117.117709,32.877175,0.0],[-117.117708,32.877189,0.0],[-117.117708,32.877202,0.0],[-117.117707,32.877216,0.0],[-117.117706,32.87723,0.0],[-117.117706,32.877244,0.0],[-117.117705,32.877257,0.0],[-117.117705,32.877271,0.0],[-117.117704,32.877285,0.0],[-117.117704,32.877299,0.0],[-117.117704,32.877312,0.0],[-117.117703,32.877326,0.0],[-117.117703,32.87734,0.0],[-117.117703,32.877354,0.0],[-117.117703,32.877367,0.0],[-117.117703,32.877381,0.0],[-117.117703,32.877395,0.0],[-117.117703,32.877408,0.0],[-117.117703,32.877422,0.0],[-117.117703,32.877436,0.0],[-117.117703,32.87745,0.0],[-117.117703,32.877463,0.0],[-117.117703,32.877477,0.0],[-117.117704,32.877491,0.0],[-117.117704,32.877505,0.0],[-117.117704,32.877518,0.0],[-117.117705,32.877532,0.0],[-117.117705,32.877546,0.0],[-117.117705,32.87756,0.0],[-117.117706,32.877573,0.0],[-117.117706,32.877587,0.0],[-117.117707,32.877601,0.0],[-117.117708,32.877615,0.0],[-117.117708,32.877628,0.0],[-117.117709,32.877642,0.0],[-117.11771,32.877656,0.0],[-117.117711,32.877669,0.0],[-117.117712,32.877683,0.0],[-117.117713,32.877697,0.0],[-117.117714,32.877711,0.0],[-117.117889,32.878925,0.0],[-117.117899,32.878996,0.0],[-117.117909,32.879062,0.0],[-117.118005,32.879836,0.0],[-117.118351,32.880424,0.0],[-117.118356,32.880433,0.0],[-117.118357,32.880436,0.0],[-117.118364,32.880448,0.0],[-117.11837,32.880461,0.0],[-117.118376,32.880474,0.0],[-117.118382,32.880487,0.0],[-117.118387,32.880499,0.0],[-117.118393,32.880512,0.0],[-117.118399,32.880525,0.0],[-117.118404,32.880538,0.0],[-117.11841,32.880551,0.0],[-117.118415,32.880564,0.0],[-117.11842,32.880577,0.0],[-117.118425,32.88059,0.0],[-117.11843,32.880603,0.0],[-117.118435,32.880616,0.0],[-117.11844,32.880629,0.0],[-117.118445,32.880642,0.0],[-117.11845,32.880656,0.0],[-117.118454,32.880669,0.0],[-117.118459,32.880682,0.0],[-117.118463,32.880695,0.0],[-117.118467,32.880709,0.0],[-117.118472,32.880722,0.0],[-117.118476,32.880735,0.0],[-117.11848,32.880748,0.0],[-117.118484,32.880762,0.0],[-117.118488,32.880775,0.0],[-117.118491,32.880789,0.0],[-117.118495,32.880802,0.0],[-117.118498,32.880815,0.0],[-117.118501,32.880827,0.0],[-117.118502,32.880829,0.0],[-117.118505,32.880842,0.0],[-117.118508,32.880856,0.0],[-117.118511,32.880869,0.0],[-117.118515,32.880883,0.0],[-117.118517,32.880896,0.0],[-117.11852,32.88091,0.0],[-117.118519,32.881086,0.0],[-117.11817,32.88111,0.0],[-117.118555,32.883718,0.0],[-117.121229,32.883746,0.0],[-117.121232,32.883746,0.0],[-117.121569,32.883744,0.0],[-117.122342,32.883739,0.0],[-117.12316,32.883733,0.0],[-117.125181,32.883718,0.0],[-117.125379,32.883717,0.0],[-117.127086,32.883705,0.0],[-117.127084,32.883582,0.0],[-117.127083,32.883417,0.0],[-117.127075,32.882613,0.0],[-117.127073,32.882447,0.0],[-117.127036,32.878731,0.0],[-117.127035,32.878583,0.0],[-117.127004,32.875497,0.0],[-117.124564,32.875486,0.0],[-117.123809,32.875483,0.0],[-117.123643,32.87549,0.0],[-117.123627,32.875491,0.0],[-117.122349,32.875475,0.0],[-117.117946,32.875463,0.0],[-117.117945,32.875468,0.0],[-117.117944,32.875482,0.0],[-117.117943,32.875496,0.0],[-117.117941,32.875509,0.0],[-117.11794,32.875523,0.0],[-117.117939,32.875537,0.0]]],[[[-117.11718,32.892673,0.0],[-117.117232,32.892636,0.0],[-117.117279,32.892605,0.0],[-117.117325,32.892573,0.0],[-117.117371,32.89254,0.0],[-117.117416,32.892507,0.0],[-117.11746,32.892473,0.0],[-117.117504,32.892438,0.0],[-117.117546,32.892403,0.0],[-117.117588,32.892367,0.0],[-117.11763,32.892331,0.0],[-117.11767,32.892294,0.0],[-117.11771,32.892256,0.0],[-117.117749,32.892218,0.0],[-117.117787,32.892179,0.0],[-117.117825,32.892139,0.0],[-117.117861,32.892099,0.0],[-117.117897,32.892059,0.0],[-117.117932,32.892018,0.0],[-117.117966,32.891976,0.0],[-117.117999,32.891934,0.0],[-117.118031,32.891892,0.0],[-117.118063,32.891849,0.0],[-117.118093,32.891805,0.0],[-117.118123,32.891762,0.0],[-117.118151,32.891717,0.0],[-117.118179,32.891673,0.0],[-117.118206,32.891627,0.0],[-117.118232,32.891582,0.0],[-117.118257,32.891536,0.0],[-117.118281,32.89149,0.0],[-117.118304,32.891443,0.0],[-117.118326,32.891396,0.0],[-117.118366,32.891325,0.0],[-117.117894,32.891089,0.0],[-117.117881,32.891081,0.0],[-117.117867,32.891074,0.0],[-117.117854,32.891066,0.0],[-117.117841,32.891058,0.0],[-117.117827,32.89105,0.0],[-117.117814,32.891042,0.0],[-117.117801,32.891034,0.0],[-117.117788,32.891026,0.0],[-117.117774,32.891018,0.0],[-117.117761,32.89101,0.0],[-117.117748,32.891002,0.0],[-117.117735,32.890993,0.0],[-117.117722,32.890985,0.0],[-117.11771,32.890976,0.0],[-117.117697,32.890968,0.0],[-117.117684,32.890959,0.0],[-117.117671,32.890951,0.0],[-117.117659,32.890942,0.0],[-117.117646,32.890933,0.0],[-117.117634,32.890925,0.0],[-117.117621,32.890916,0.0],[-117.117609,32.890907,0.0],[-117.117596,32.890898,0.0],[-117.117584,32.890889,0.0],[-117.117572,32.89088,0.0],[-117.11756,32.890871,0.0],[-117.117547,32.890862,0.0],[-117.117535,32.890852,0.0],[-117.117523,32.890843,0.0],[-117.117511,32.890834,0.0],[-117.1175,32.890824,0.0],[-117.117488,32.890815,0.0],[-117.117476,32.890805,0.0],[-117.117464,32.890796,0.0],[-117.117453,32.890786,0.0],[-117.117441,32.890777,0.0],[-117.117429,32.890767,0.0],[-117.117418,32.890757,0.0],[-117.117407,32.890747,0.0],[-117.117395,32.890737,0.0],[-117.117384,32.890727,0.0],[-117.117373,32.890717,0.0],[-117.117362,32.890707,0.0],[-117.117351,32.890697,0.0],[-117.11734,32.890687,0.0],[-117.117329,32.890677,0.0],[-117.117318,32.890667,0.0],[-117.117307,32.890657,0.0],[-117.117296,32.890646,0.0],[-117.117286,32.890636,0.0],[-117.117275,32.890625,0.0],[-117.117264,32.890615,0.0],[-117.117254,32.890604,0.0],[-117.117243,32.890594,0.0],[-117.117233,32.890583,0.0],[-117.117223,32.890573,0.0],[-117.117213,32.890562,0.0],[-117.117203,32.890551,0.0],[-117.117196,32.890544,0.0],[-117.11718,32.892673,0.0]]]]},"properties":{"APN":"7602510700","SITUS_ADDRESS":0,"SITUS_STREET":"MIRAMAR","SITUS_SUFFIX":"RD"}},{"type":"Feature","geometry":{"type":"MultiPolygon","coordinates":[[[[-117.116991,32.884048,0.0],[-117.116989,32.884221,0.0],[-117.116989,32.887852,0.0],[-117.11699,32.889279,0.0],[-117.116991,32.889682,0.0],[-117.116991,32.889696,0.0],[-117.116992,32.889699,0.0],[-117.116998,32.889712,0.0],[-117.117003,32.889725,0.0],[-117.117009,32.889738,0.0],[-117.117015,32.889751,0.0],[-117.11702,32.889764,0.0],[-117.117026,32.889777,0.0],[-117.117032,32.88979,0.0],[-117.117038,32.889802,0.0],[-117.117044,32.889815,0.0],[-117.11705,32.889828,0.0],[-117.117057,32.88984,0.0],[-117.117063,32.889853,0.0],[-117.11707,32.889866,0.0],[-117.117076,32.889878,0.0],[-117.117083,32.889891,0.0],[-117.11709,32.889903,0.0],[-117.117096,32.889916,0.0],[-117.117103,32.889928,0.0],[-117.11711,32.889941,0.0],[-117.117117,32.889953,0.0],[-117.117125,32.889965,0.0],[-117.117132,32.889978,0.0],[-117.117139,32.88999,0.0],[-117.117147,32.890002,0.0],[-117.117154,32.890014,0.0],[-117.117162,32.890027,0.0],[-117.117169,32.890039,0.0],[-117.117177,32.890051,0.0],[-117.117185,32.890063,0.0],[-117.117193,32.890075,0.0],[-117.117201,32.890087,0.0],[-117.117209,32.890099,0.0],[-117.117217,32.890111,0.0],[-117.117226,32.890122,0.0],[-117.117234,32.890134,0.0],[-117.117242,32.890146,0.0],[-117.117251,32.890158,0.0],[-117.11726,32.890169,0.0],[-117.117268,32.890181,0.0],[-117.117277,32.890192,0.0],[-117.117286,32.890204,0.0],[-117.117295,32.890215,0.0],[-117.117304,32.890227,0.0],[-117.117313,32.890238,0.0],[-117.117322,32.89025,0.0],[-117.117331,32.890261,0.0],[-117.117341,32.890272,0.0],[-117.11735,32.890283,0.0],[-117.11736,32.890295,0.0],[-117.117369,32.890306,0.0],[-117.117379,32.890317,0.0],[-117.117389,32.890328,0.0],[-117.117398,32.890339,0.0],[-117.117408,32.89035,0.0],[-117.117418,32.890361,0.0],[-117.117428,32.890371,0.0],[-117.117438,32.890382,0.0],[-117.117449,32.890393,0.0],[-117.117459,32.890404,0.0],[-117.117469,32.890414,0.0],[-117.11748,32.890425,0.0],[-117.11749,32.890435,0.0],[-117.117501,32.890446,0.0],[-117.117511,32.890456,0.0],[-117.117522,32.890466,0.0],[-117.117533,32.890477,0.0],[-117.117544,32.890487,0.0],[-117.117555,32.890497,0.0],[-117.117566,32.890507,0.0],[-117.117577,32.890517,0.0],[-117.117588,32.890527,0.0],[-117.117599,32.890537,0.0],[-117.11761,32.890547,0.0],[-117.117622,32.890557,0.0],[-117.117633,32.890567,0.0],[-117.117645,32.890577,0.0],[-117.117652,32.890583,0.0],[-117.117682,32.89061,0.0],[-117.117723,32.890646,0.0],[-117.117764,32.890681,0.0],[-117.117806,32.890715,0.0],[-117.117848,32.890749,0.0],[-117.117891,32.890782,0.0],[-117.117935,32.890814,0.0],[-117.11798,32.890846,0.0],[-117.118025,32.890877,0.0],[-117.118071,32.890907,0.0],[-117.118118,32.890937,0.0],[-117.118165,32.890966,0.0],[-117.118212,32.890994,0.0],[-117.118261,32.891022,0.0],[-117.118309,32.891049,0.0],[-117.118359,32.891075,0.0],[-117.118409,32.8911,0.0],[-117.118459,32.891125,0.0],[-117.118501,32.891137,0.0],[-117.119259,32.891144,0.0],[-117.119371,32.891145,0.0],[-117.11938,32.891145,0.0],[-117.119441,32.891145,0.0],[-117.119574,32.891146,0.0],[-117.119756,32.891147,0.0],[-117.119932,32.891148,0.0],[-117.120182,32.89115,0.0],[-117.120359,32.891151,0.0],[-117.121534,32.891158,0.0],[-117.122853,32.891167,0.0],[-117.122945,32.891167,0.0],[-117.126754,32.891191,0.0],[-117.126917,32.891193,0.0],[-117.12716,32.891195,0.0],[-117.129318,32.891209,0.0],[-117.129487,32.89121,0.0],[-117.13054,32.891217,0.0],[-117.130543,32.891217,0.0],[-117.130905,32.89122,0.0],[-117.130915,32.89122,0.0],[-117.131106,32.891221,0.0],[-117.131155,32.891221,0.0],[-117.131657,32.891224,0.0],[-117.131763,32.891224,0.0],[-117.132229,32.891227,0.0],[-117.13236,32.891228,0.0],[-117.134133,32.891238,0.0],[-117.134266,32.891239,0.0],[-117.135908,32.89125,0.0],[-117.135898,32.890945,0.0],[-117.135894,32.89081,0.0],[-117.135892,32.890769,0.0],[-117.135829,32.889118,0.0],[-117.135824,32.88899,0.0],[-117.135823,32.888978,0.0],[-117.135794,32.887666,0.0],[-117.135791,32.887573,0.0],[-117.135759,32.886135,0.0],[-117.135756,32.886008,0.0],[-117.135755,32.885985,0.0],[-117.135754,32.885931,0.0],[-117.135754,32.885718,0.0],[-117.135754,32.885693,0.0],[-117.135706,32.883838,0.0],[-117.135338,32.883874,0.0],[-117.134619,32.883885,0.0],[-117.134521,32.883886,0.0],[-117.133347,32.8839,0.0],[-117.130971,32.883927,0.0],[-117.127788,32.883942,0.0],[-117.127689,32.883942,0.0],[-117.127088,32.883945,0.0],[-117.125341,32.883951,0.0],[-117.12527,32.883951,0.0],[-117.125198,32.883951,0.0],[-117.124726,32.883948,0.0],[-117.124635,32.883948,0.0],[-117.124537,32.883948,0.0],[-117.123958,32.883947,0.0],[-117.123355,32.88394,0.0],[-117.121111,32.883914,0.0],[-117.118566,32.883884,0.0],[-117.118403,32.883882,0.0],[-117.117185,32.883898,0.0],[-117.116991,32.884048,0.0]]],[[[-117.117939,32.875537,0.0],[-117.117937,32.87555,0.0],[-117.117936,32.875564,0.0],[-117.117934,32.875578,0.0],[-117.117933,32.875591,0.0],[-117.117932,32.875605,0.0],[-117.11793,32.875619,0.0],[-117.117929,32.875632,0.0],[-117.117927,32.875646,0.0],[-117.117926,32.87566,0.0],[-117.117924,32.875674,0.0],[-117.117923,32.875687,0.0],[-117.117921,32.875701,0.0],[-117.11792,32.875715,0.0],[-117.117918,32.875728,0.0],[-117.117917,32.875742,0.0],[-117.117915,32.875756,0.0],[-117.117914,32.875769,0.0],[-117.117912,32.875783,0.0],[-117.11791,32.875797,0.0],[-117.117909,32.87581,0.0],[-117.117907,32.875824,0.0],[-117.117906,32.875838,0.0],[-117.117904,32.875851,0.0],[-117.117902,32.875865,0.0],[-117.117901,32.875879,0.0],[-117.117899,32.875892,0.0],[-117.117897,32.875906,0.0],[-117.117896,32.87592,0.0],[-117.117894,32.875933,0.0],[-117.117892,32.875947,0.0],[-117.11789,32.875961,0.0],[-117.117889,32.875974,0.0],[-117.117812,32.876421,0.0],[-117.117796,32.876514,0.0],[-117.117795,32.87652,0.0],[-117.117792,32.876533,0.0],[-117.117789,32.876547,0.0],[-117.117787,32.87656,0.0],[-117.117784,32.876574,0.0],[-117.117781,32.876588,0.0],[-117.117781,32.876603,0.0],[-117.117776,32.876615,0.0],[-117.117774,32.876628,0.0],[-117.117771,32.876642,0.0],[-117.117769,32.876655,0.0],[-117.117766,32.876669,0.0],[-117.117764,32.876683,0.0],[-117.117762,32.876696,0.0],[-117.11776,32.87671,0.0],[-117.117757,32.876723,0.0],[-117.117755,32.876737,0.0],[-117.117753,32.876751,0.0],[-117.117751,32.876764,0.0],[-117.117749,32.876778,0.0],[-117.117747,32.876792,0.0],[-117.117745,32.876805,0.0],[-117.117743,32.876819,0.0],[-117.117741,32.876833,0.0],[-117.117739,32.876846,0.0],[-117.117738,32.87686,0.0],[-117.117736,32.876874,0.0],[-117.117734,32.876887,0.0],[-117.117733,32.876901,0.0],[-117.117731,32.876915,0.0],[-117.117729,32.876928,0.0],[-117.117728,32.876942,0.0],[-117.117726,32.876956,0.0],[-117.117725,32.876969,0.0],[-117.117724,32.876983,0.0],[-117.117722,32.876997,0.0],[-117.117721,32.87701,0.0],[-117.11772,32.877024,0.0],[-117.117719,32.877038,0.0],[-117.117717,32.877051,0.0],[-117.117716,32.877065,0.0],[-117.117715,32.877079,0.0],[-117.117714,32.877093,0.0],[-117.117713,32.877106,0.0],[-117.117712,32.87712,0.0],[-117.117711,32.877134,0.0],[-117.11771,32.877148,0.0],[-117.11771,32.877161,0.0],[-117.117709,32.877175,0.0],[-117.117708,32.877189,0.0],[-117.117708,32.877202,0.0],[-117.117707,32.877216,0.0],[-117.117706,32.87723,0.0],[-117.117706,32.877244,0.0],[-117.117705,32.877257,0.0],[-117.117705,32.877271,0.0],[-117.117704,32.877285,0.0],[-117.117704,32.877299,0.0],[-117.117704,32.877312,0.0],[-117.117703,32.877326,0.0],[-117.117703,32.87734,0.0],[-117.117703,32.877354,0.0],[-117.117703,32.877367,0.0],[-117.117703,32.877381,0.0],[-117.117703,32.877395,0.0],[-117.117703,32.877408,0.0],[-117.117703,32.877422,0.0],[-117.117703,32.877436,0.0],[-117.117703,32.87745,0.0],[-117.117703,32.877463,0.0],[-117.117703,32.877477,0.0],[-117.117704,32.877491,0.0],[-117.117704,32.877505,0.0],[-117.117704,32.877518,0.0],[-117.117705,32.877532,0.0],[-117.117705,32.877546,0.0],[-117.117705,32.87756,0.0],[-117.117706,32.877573,0.0],[-117.117706,32.877587,0.0],[-117.117707,32.877601,0.0],[-117.117708,32.877615,0.0],[-117.117708,32.877628,0.0],[-117.117709,32.877642,0.0],[-117.11771,32.877656,0.0],[-117.117711,32.877669,0.0],[-117.117712,32.877683,0.0],[-117.117713,32.877697,0.0],[-117.117714,32.877711,0.0],[-117.117889,32.878925,0.0],[-117.117899,32.878996,0.0],[-117.117909,32.879062,0.0],[-117.118005,32.879836,0.0],[-117.118351,32.880424,0.0],[-117.118356,32.880433,0.0],[-117.118357,32.880436,0.0],[-117.118364,32.880448,0.0],[-117.11837,32.880461,0.0],[-117.118376,32.880474,0.0],[-117.118382,32.880487,0.0],[-117.118387,32.880499,0.0],[-117.118393,32.880512,0.0],[-117.118399,32.880525,0.0],[-117.118404,32.880538,0.0],[-117.11841,32.880551,0.0],[-117.118415,32.880564,0.0],[-117.11842,32.880577,0.0],[-117.118425,32.88059,0.0],[-117.11843,32.880603,0.0],[-117.118435,32.880616,0.0],[-117.11844,32.880629,0.0],[-117.118445,32.880642,0.0],[-117.11845,32.880656,0.0],[-117.118454,32.880669,0.0],[-117.118459,32.880682,0.0],[-117.118463,32.880695,0.0],[-117.118467,32.880709,0.0],[-117.118472,32.880722,0.0],[-117.118476,32.880735,0.0],[-117.11848,32.880748,0.0],[-117.118484,32.880762,0.0],[-117.118488,32.880775,0.0],[-117.118491,32.880789,0.0],[-117.118495,32.880802,0.0],[-117.118498,32.880815,0.0],[-117.118501,32.880827,0.0],[-117.118502,32.880829,0.0],[-117.118505,32.880842,0.0],[-117.118508,32.880856,0.0],[-117.118511,32.880869,0.0],[-117.118515,32.880883,0.0],[-117.118517,32.880896,0.0],[-117.11852,32.88091,0.0],[-117.118519,32.881086,0.0],[-117.11817,32.88111,0.0],[-117.118555,32.883718,0.0],[-117.121229,32.883746,0.0],[-117.121232,32.883746,0.0],[-117.121569,32.883744,0.0],[-117.122342,32.883739,0.0],[-117.12316,32.883733,0.0],[-117.125181,32.883718,0.0],[-117.125379,32.883717,0.0],[-117.127086,32.883705,0.0],[-117.127084,32.883582,0.0],[-117.127083,32.883417,0.0],[-117.127075,32.882613,0.0],[-117.127073,32.882447,0.0],[-117.127036,32.878731,0.0],[-117.127035,32.878583,0.0],[-117.127004,32.875497,0.0],[-117.124564,32.875486,0.0],[-117.123809,32.875483,0.0],[-117.123643,32.87549,0.0],[-117.123627,32.875491,0.0],[-117.122349,32.875475,0.0],[-117.117946,32.875463,0.0],[-117.117945,32.875468,0.0],[-117.117944,32.875482,0.0],[-117.117943,32.875496,0.0],[-117.117941,32.875509,0.0],[-117.11794,32.875523,0.0],[-117.117939,32.875537,0.0]]],[[[-117.11718,32.892673,0.0],[-117.117232,32.892636,0.0],[-117.117279,32.892605,0.0],[-117.117325,32.892573,0.0],[-117.117371,32.89254,0.0],[-117.117416,32.892507,0.0],[-117.11746,32.892473,0.0],[-117.117504,32.892438,0.0],[-117.117546,32.892403,0.0],[-117.117588,32.892367,0.0],[-117.11763,32.892331,0.0],[-117.11767,32.892294,0.0],[-117.11771,32.892256,0.0],[-117.117749,32.892218,0.0],[-117.117787,32.892179,0.0],[-117.117825,32.892139,0.0],[-117.117861,32.892099,0.0],[-117.117897,32.892059,0.0],[-117.117932,32.892018,0.0],[-117.117966,32.891976,0.0],[-117.117999,32.891934,0.0],[-117.118031,32.891892,0.0],[-117.118063,32.891849,0.0],[-117.118093,32.891805,0.0],[-117.118123,32.891762,0.0],[-117.118151,32.891717,0.0],[-117.118179,32.891673,0.0],[-117.118206,32.891627,0.0],[-117.118232,32.891582,0.0],[-117.118257,32.891536,0.0],[-117.118281,32.89149,0.0],[-117.118304,32.891443,0.0],[-117.118326,32.891396,0.0],[-117.118366,32.891325,0.0],[-117.117894,32.891089,0.0],[-117.117881,32.891081,0.0],[-117.117867,32.891074,0.0],[-117.117854,32.891066,0.0],[-117.117841,32.891058,0.0],[-117.117827,32.89105,0.0],[-117.117814,32.891042,0.0],[-117.117801,32.891034,0.0],[-117.117788,32.891026,0.0],[-117.117774,32.891018,0.0],[-117.117761,32.89101,0.0],[-117.117748,32.891002,0.0],[-117.117735,32.890993,0.0],[-117.117722,32.890985,0.0],[-117.11771,32.890976,0.0],[-117.117697,32.890968,0.0],[-117.117684,32.890959,0.0],[-117.117671,32.890951,0.0],[-117.117659,32.890942,0.0],[-117.117646,32.890933,0.0],[-117.117634,32.890925,0.0],[-117.117621,32.890916,0.0],[-117.117609,32.890907,0.0],[-117.117596,32.890898,0.0],[-117.117584,32.890889,0.0],[-117.117572,32.89088,0.0],[-117.11756,32.890871,0.0],[-117.117547,32.890862,0.0],[-117.117535,32.890852,0.0],[-117.117523,32.890843,0.0],[-117.117511,32.890834,0.0],[-117.1175,32.890824,0.0],[-117.117488,32.890815,0.0],[-117.117476,32.890805,0.0],[-117.117464,32.890796,0.0],[-117.117453,32.890786,0.0],[-117.117441,32.890777,0.0],[-117.117429,32.890767,0.0],[-117.117418,32.890757,0.0],[-117.117407,32.890747,0.0],[-117.117395,32.890737,0.0],[-117.117384,32.890727,0.0],[-117.117373,32.890717,0.0],[-117.117362,32.890707,0.0],[-117.117351,32.890697,0.0],[-117.11734,32.890687,0.0],[-117.117329,32.890677,0.0],[-117.117318,32.890667,0.0],[-117.117307,32.890657,0.0],[-117.117296,32.890646,0.0],[-117.117286,32.890636,0.0],[-117.117275,32.890625,0.0],[-117.117264,32.890615,0.0],[-117.117254,32.890604,0.0],[-117.117243,32.890594,0.0],[-117.117233,32.890583,0.0],[-117.117223,32.890573,0.0],[-117.117213,32.890562,0.0],[-117.117203,32.890551,0.0],[-117.117196,32.890544,0.0],[-117.11718,32.892673,0.0]]]]},"properties":{"APN":"7602510900","SITUS_ADDRESS":0,"SITUS_STREET":"MIRAMAR","SITUS_SUFFIX":"RD"}},{"type":"Feature","geometry":{"type":"MultiPolygon","coordinates":[[[[-117.116991,32.884048,0.0],[-117.116989,32.884221,0.0],[-117.116989,32.887852,0.0],[-117.11699,32.889279,0.0],[-117.116991,32.889682,0.0],[-117.116991,32.889696,0.0],[-117.116992,32.889699,0.0],[-117.116998,32.889712,0.0],[-117.117003,32.889725,0.0],[-117.117009,32.889738,0.0],[-117.117015,32.889751,0.0],[-117.11702,32.889764,0.0],[-117.117026,32.889777,0.0],[-117.117032,32.88979,0.0],[-117.117038,32.889802,0.0],[-117.117044,32.889815,0.0],[-117.11705,32.889828,0.0],[-117.117057,32.88984,0.0],[-117.117063,32.889853,0.0],[-117.11707,32.889866,0.0],[-117.117076,32.889878,0.0],[-117.117083,32.889891,0.0],[-117.11709,32.889903,0.0],[-117.117096,32.889916,0.0],[-117.117103,32.889928,0.0],[-117.11711,32.889941,0.0],[-117.117117,32.889953,0.0],[-117.117125,32.889965,0.0],[-117.117132,32.889978,0.0],[-117.117139,32.88999,0.0],[-117.117147,32.890002,0.0],[-117.117154,32.890014,0.0],[-117.117162,32.890027,0.0],[-117.117169,32.890039,0.0],[-117.117177,32.890051,0.0],[-117.117185,32.890063,0.0],[-117.117193,32.890075,0.0],[-117.117201,32.890087,0.0],[-117.117209,32.890099,0.0],[-117.117217,32.890111,0.0],[-117.117226,32.890122,0.0],[-117.117234,32.890134,0.0],[-117.117242,32.890146,0.0],[-117.117251,32.890158,0.0],[-117.11726,32.890169,0.0],[-117.117268,32.890181,0.0],[-117.117277,32.890192,0.0],[-117.117286,32.890204,0.0],[-117.117295,32.890215,0.0],[-117.117304,32.890227,0.0],[-117.117313,32.890238,0.0],[-117.117322,32.89025,0.0],[-117.117331,32.890261,0.0],[-117.117341,32.890272,0.0],[-117.11735,32.890283,0.0],[-117.11736,32.890295,0.0],[-117.117369,32.890306,0.0],[-117.117379,32.890317,0.0],[-117.117389,32.890328,0.0],[-117.117398,32.890339,0.0],[-117.117408,32.89035,0.0],[-117.117418,32.890361,0.0],[-117.117428,32.890371,0.0],[-117.117438,32.890382,0.0],[-117.117449,32.890393,0.0],[-117.117459,32.890404,0.0],[-117.117469,32.890414,0.0],[-117.11748,32.890425,0.0],[-117.11749,32.890435,0.0],[-117.117501,32.890446,0.0],[-117.117511,32.890456,0.0],[-117.117522,32.890466,0.0],[-117.117533,32.890477,0.0],[-117.117544,32.890487,0.0],[-117.117555,32.890497,0.0],[-117.117566,32.890507,0.0],[-117.117577,32.890517,0.0],[-117.117588,32.890527,0.0],[-117.117599,32.890537,0.0],[-117.11761,32.890547,0.0],[-117.117622,32.890557,0.0],[-117.117633,32.890567,0.0],[-117.117645,32.890577,0.0],[-117.117652,32.890583,0.0],[-117.117682,32.89061,0.0],[-117.117723,32.890646,0.0],[-117.117764,32.890681,0.0],[-117.117806,32.890715,0.0],[-117.117848,32.890749,0.0],[-117.117891,32.890782,0.0],[-117.117935,32.890814,0.0],[-117.11798,32.890846,0.0],[-117.118025,32.890877,0.0],[-117.118071,32.890907,0.0],[-117.118118,32.890937,0.0],[-117.118165,32.890966,0.0],[-117.118212,32.890994,0.0],[-117.118261,32.891022,0.0],[-117.118309,32.891049,0.0],[-117.118359,32.891075,0.0],[-117.118409,32.8911,0.0],[-117.118459,32.891125,0.0],[-117.118501,32.891137,0.0],[-117.119259,32.891144,0.0],[-117.119371,32.891145,0.0],[-117.11938,32.891145,0.0],[-117.119441,32.891145,0.0],[-117.119574,32.891146,0.0],[-117.119756,32.891147,0.0],[-117.119932,32.891148,0.0],[-117.120182,32.89115,0.0],[-117.120359,32.891151,0.0],[-117.121534,32.891158,0.0],[-117.122853,32.891167,0.0],[-117.122945,32.891167,0.0],[-117.126754,32.891191,0.0],[-117.126917,32.891193,0.0],[-117.12716,32.891195,0.0],[-117.129318,32.891209,0.0],[-117.129487,32.89121,0.0],[-117.13054,32.891217,0.0],[-117.130543,32.891217,0.0],[-117.130905,32.89122,0.0],[-117.130915,32.89122,0.0],[-117.131106,32.891221,0.0],[-117.131155,32.891221,0.0],[-117.131657,32.891224,0.0],[-117.131763,32.891224,0.0],[-117.132229,32.891227,0.0],[-117.13236,32.891228,0.0],[-117.134133,32.891238,0.0],[-117.134266,32.891239,0.0],[-117.135908,32.89125,0.0],[-117.135898,32.890945,0.0],[-117.135894,32.89081,0.0],[-117.135892,32.890769,0.0],[-117.135829,32.889118,0.0],[-117.135824,32.88899,0.0],[-117.135823,32.888978,0.0],[-117.135794,32.887666,0.0],[-117.135791,32.887573,0.0],[-117.135759,32.886135,0.0],[-117.135756,32.886008,0.0],[-117.135755,32.885985,0.0],[-117.135754,32.885931,0.0],[-117.135754,32.885718,0.0],[-117.135754,32.885693,0.0],[-117.135706,32.883838,0.0],[-117.135338,32.883874,0.0],[-117.134619,32.883885,0.0],[-117.134521,32.883886,0.0],[-117.133347,32.8839,0.0],[-117.130971,32.883927,0.0],[-117.127788,32.883942,0.0],[-117.127689,32.883942,0.0],[-117.127088,32.883945,0.0],[-117.125341,32.883951,0.0],[-117.12527,32.883951,0.0],[-117.125198,32.883951,0.0],[-117.124726,32.883948,0.0],[-117.124635,32.883948,0.0],[-117.124537,32.883948,0.0],[-117.123958,32.883947,0.0],[-117.123355,32.88394,0.0],[-117.121111,32.883914,0.0],[-117.118566,32.883884,0.0],[-117.118403,32.883882,0.0],[-117.117185,32.883898,0.0],[-117.116991,32.884048,0.0]]],[[[-117.117939,32.875537,0.0],[-117.117937,32.87555,0.0],[-117.117936,32.875564,0.0],[-117.117934,32.875578,0.0],[-117.117933,32.875591,0.0],[-117.117932,32.875605,0.0],[-117.11793,32.875619,0.0],[-117.117929,32.875632,0.0],[-117.117927,32.875646,0.0],[-117.117926,32.87566,0.0],[-117.117924,32.875674,0.0],[-117.117923,32.875687,0.0],[-117.117921,32.875701,0.0],[-117.11792,32.875715,0.0],[-117.117918,32.875728,0.0],[-117.117917,32.875742,0.0],[-117.117915,32.875756,0.0],[-117.117914,32.875769,0.0],[-117.117912,32.875783,0.0],[-117.11791,32.875797,0.0],[-117.117909,32.87581,0.0],[-117.117907,32.875824,0.0],[-117.117906,32.875838,0.0],[-117.117904,32.875851,0.0],[-117.117902,32.875865,0.0],[-117.117901,32.875879,0.0],[-117.117899,32.875892,0.0],[-117.117897,32.875906,0.0],[-117.117896,32.87592,0.0],[-117.117894,32.875933,0.0],[-117.117892,32.875947,0.0],[-117.11789,32.875961,0.0],[-117.117889,32.875974,0.0],[-117.117812,32.876421,0.0],[-117.117796,32.876514,0.0],[-117.117795,32.87652,0.0],[-117.117792,32.876533,0.0],[-117.117789,32.876547,0.0],[-117.117787,32.87656,0.0],[-117.117784,32.876574,0.0],[-117.117781,32.876588,0.0],[-117.117781,32.876603,0.0],[-117.117776,32.876615,0.0],[-117.117774,32.876628,0.0],[-117.117771,32.876642,0.0],[-117.117769,32.876655,0.0],[-117.117766,32.876669,0.0],[-117.117764,32.876683,0.0],[-117.117762,32.876696,0.0],[-117.11776,32.87671,0.0],[-117.117757,32.876723,0.0],[-117.117755,32.876737,0.0],[-117.117753,32.876751,0.0],[-117.117751,32.876764,0.0],[-117.117749,32.876778,0.0],[-117.117747,32.876792,0.0],[-117.117745,32.876805,0.0],[-117.117743,32.876819,0.0],[-117.117741,32.876833,0.0],[-117.117739,32.876846,0.0],[-117.117738,32.87686,0.0],[-117.117736,32.876874,0.0],[-117.117734,32.876887,0.0],[-117.117733,32.876901,0.0],[-117.117731,32.876915,0.0],[-117.117729,32.876928,0.0],[-117.117728,32.876942,0.0],[-117.117726,32.876956,0.0],[-117.117725,32.876969,0.0],[-117.117724,32.876983,0.0],[-117.117722,32.876997,0.0],[-117.117721,32.87701,0.0],[-117.11772,32.877024,0.0],[-117.117719,32.877038,0.0],[-117.117717,32.877051,0.0],[-117.117716,32.877065,0.0],[-117.117715,32.877079,0.0],[-117.117714,32.877093,0.0],[-117.117713,32.877106,0.0],[-117.117712,32.87712,0.0],[-117.117711,32.877134,0.0],[-117.11771,32.877148,0.0],[-117.11771,32.877161,0.0],[-117.117709,32.877175,0.0],[-117.117708,32.877189,0.0],[-117.117708,32.877202,0.0],[-117.117707,32.877216,0.0],[-117.117706,32.87723,0.0],[-117.117706,32.877244,0.0],[-117.117705,32.877257,0.0],[-117.117705,32.877271,0.0],[-117.117704,32.877285,0.0],[-117.117704,32.877299,0.0],[-117.117704,32.877312,0.0],[-117.117703,32.877326,0.0],[-117.117703,32.87734,0.0],[-117.117703,32.877354,0.0],[-117.117703,32.877367,0.0],[-117.117703,32.877381,0.0],[-117.117703,32.877395,0.0],[-117.117703,32.877408,0.0],[-117.117703,32.877422,0.0],[-117.117703,32.877436,0.0],[-117.117703,32.87745,0.0],[-117.117703,32.877463,0.0],[-117.117703,32.877477,0.0],[-117.117704,32.877491,0.0],[-117.117704,32.877505,0.0],[-117.117704,32.877518,0.0],[-117.117705,32.877532,0.0],[-117.117705,32.877546,0.0],[-117.117705,32.87756,0.0],[-117.117706,32.877573,0.0],[-117.117706,32.877587,0.0],[-117.117707,32.877601,0.0],[-117.117708,32.877615,0.0],[-117.117708,32.877628,0.0],[-117.117709,32.877642,0.0],[-117.11771,32.877656,0.0],[-117.117711,32.877669,0.0],[-117.117712,32.877683,0.0],[-117.117713,32.877697,0.0],[-117.117714,32.877711,0.0],[-117.117889,32.878925,0.0],[-117.117899,32.878996,0.0],[-117.117909,32.879062,0.0],[-117.118005,32.879836,0.0],[-117.118351,32.880424,0.0],[-117.118356,32.880433,0.0],[-117.118357,32.880436,0.0],[-117.118364,32.880448,0.0],[-117.11837,32.880461,0.0],[-117.118376,32.880474,0.0],[-117.118382,32.880487,0.0],[-117.118387,32.880499,0.0],[-117.118393,32.880512,0.0],[-117.118399,32.880525,0.0],[-117.118404,32.880538,0.0],[-117.11841,32.880551,0.0],[-117.118415,32.880564,0.0],[-117.11842,32.880577,0.0],[-117.118425,32.88059,0.0],[-117.11843,32.880603,0.0],[-117.118435,32.880616,0.0],[-117.11844,32.880629,0.0],[-117.118445,32.880642,0.0],[-117.11845,32.880656,0.0],[-117.118454,32.880669,0.0],[-117.118459,32.880682,0.0],[-117.118463,32.880695,0.0],[-117.118467,32.880709,0.0],[-117.118472,32.880722,0.0],[-117.118476,32.880735,0.0],[-117.11848,32.880748,0.0],[-117.118484,32.880762,0.0],[-117.118488,32.880775,0.0],[-117.118491,32.880789,0.0],[-117.118495,32.880802,0.0],[-117.118498,32.880815,0.0],[-117.118501,32.880827,0.0],[-117.118502,32.880829,0.0],[-117.118505,32.880842,0.0],[-117.118508,32.880856,0.0],[-117.118511,32.880869,0.0],[-117.118515,32.880883,0.0],[-117.118517,32.880896,0.0],[-117.11852,32.88091,0.0],[-117.118519,32.881086,0.0],[-117.11817,32.88111,0.0],[-117.118555,32.883718,0.0],[-117.121229,32.883746,0.0],[-117.121232,32.883746,0.0],[-117.121569,32.883744,0.0],[-117.122342,32.883739,0.0],[-117.12316,32.883733,0.0],[-117.125181,32.883718,0.0],[-117.125379,32.883717,0.0],[-117.127086,32.883705,0.0],[-117.127084,32.883582,0.0],[-117.127083,32.883417,0.0],[-117.127075,32.882613,0.0],[-117.127073,32.882447,0.0],[-117.127036,32.878731,0.0],[-117.127035,32.878583,0.0],[-117.127004,32.875497,0.0],[-117.124564,32.875486,0.0],[-117.123809,32.875483,0.0],[-117.123643,32.87549,0.0],[-117.123627,32.875491,0.0],[-117.122349,32.875475,0.0],[-117.117946,32.875463,0.0],[-117.117945,32.875468,0.0],[-117.117944,32.875482,0.0],[-117.117943,32.875496,0.0],[-117.117941,32.875509,0.0],[-117.11794,32.875523,0.0],[-117.117939,32.875537,0.0]]],[[[-117.11718,32.892673,0.0],[-117.117232,32.892636,0.0],[-117.117279,32.892605,0.0],[-117.117325,32.892573,0.0],[-117.117371,32.89254,0.0],[-117.117416,32.892507,0.0],[-117.11746,32.892473,0.0],[-117.117504,32.892438,0.0],[-117.117546,32.892403,0.0],[-117.117588,32.892367,0.0],[-117.11763,32.892331,0.0],[-117.11767,32.892294,0.0],[-117.11771,32.892256,0.0],[-117.117749,32.892218,0.0],[-117.117787,32.892179,0.0],[-117.117825,32.892139,0.0],[-117.117861,32.892099,0.0],[-117.117897,32.892059,0.0],[-117.117932,32.892018,0.0],[-117.117966,32.891976,0.0],[-117.117999,32.891934,0.0],[-117.118031,32.891892,0.0],[-117.118063,32.891849,0.0],[-117.118093,32.891805,0.0],[-117.118123,32.891762,0.0],[-117.118151,32.891717,0.0],[-117.118179,32.891673,0.0],[-117.118206,32.891627,0.0],[-117.118232,32.891582,0.0],[-117.118257,32.891536,0.0],[-117.118281,32.89149,0.0],[-117.118304,32.891443,0.0],[-117.118326,32.891396,0.0],[-117.118366,32.891325,0.0],[-117.117894,32.891089,0.0],[-117.117881,32.891081,0.0],[-117.117867,32.891074,0.0],[-117.117854,32.891066,0.0],[-117.117841,32.891058,0.0],[-117.117827,32.89105,0.0],[-117.117814,32.891042,0.0],[-117.117801,32.891034,0.0],[-117.117788,32.891026,0.0],[-117.117774,32.891018,0.0],[-117.117761,32.89101,0.0],[-117.117748,32.891002,0.0],[-117.117735,32.890993,0.0],[-117.117722,32.890985,0.0],[-117.11771,32.890976,0.0],[-117.117697,32.890968,0.0],[-117.117684,32.890959,0.0],[-117.117671,32.890951,0.0],[-117.117659,32.890942,0.0],[-117.117646,32.890933,0.0],[-117.117634,32.890925,0.0],[-117.117621,32.890916,0.0],[-117.117609,32.890907,0.0],[-117.117596,32.890898,0.0],[-117.117584,32.890889,0.0],[-117.117572,32.89088,0.0],[-117.11756,32.890871,0.0],[-117.117547,32.890862,0.0],[-117.117535,32.890852,0.0],[-117.117523,32.890843,0.0],[-117.117511,32.890834,0.0],[-117.1175,32.890824,0.0],[-117.117488,32.890815,0.0],[-117.117476,32.890805,0.0],[-117.117464,32.890796,0.0],[-117.117453,32.890786,0.0],[-117.117441,32.890777,0.0],[-117.117429,32.890767,0.0],[-117.117418,32.890757,0.0],[-117.117407,32.890747,0.0],[-117.117395,32.890737,0.0],[-117.117384,32.890727,0.0],[-117.117373,32.890717,0.0],[-117.117362,32.890707,0.0],[-117.117351,32.890697,0.0],[-117.11734,32.890687,0.0],[-117.117329,32.890677,0.0],[-117.117318,32.890667,0.0],[-117.117307,32.890657,0.0],[-117.117296,32.890646,0.0],[-117.117286,32.890636,0.0],[-117.117275,32.890625,0.0],[-117.117264,32.890615,0.0],[-117.117254,32.890604,0.0],[-117.117243,32.890594,0.0],[-117.117233,32.890583,0.0],[-117.117223,32.890573,0.0],[-117.117213,32.890562,0.0],[-117.117203,32.890551,0.0],[-117.117196,32.890544,0.0],[-117.11718,32.892673,0.0]]]]},"properties":{"APN":"7602511000","SITUS_ADDRESS":0,"SITUS_STREET":"MIRAMAR","SITUS_SUFFIX":"RD"}},{"type":"Feature","geometry":{"type":"MultiPolygon","coordinates":[[[[-117.116991,32.884048,0.0],[-117.116989,32.884221,0.0],[-117.116989,32.887852,0.0],[-117.11699,32.889279,0.0],[-117.116991,32.889682,0.0],[-117.116991,32.889696,0.0],[-117.116992,32.889699,0.0],[-117.116998,32.889712,0.0],[-117.117003,32.889725,0.0],[-117.117009,32.889738,0.0],[-117.117015,32.889751,0.0],[-117.11702,32.889764,0.0],[-117.117026,32.889777,0.0],[-117.117032,32.88979,0.0],[-117.117038,32.889802,0.0],[-117.117044,32.889815,0.0],[-117.11705,32.889828,0.0],[-117.117057,32.88984,0.0],[-117.117063,32.889853,0.0],[-117.11707,32.889866,0.0],[-117.117076,32.889878,0.0],[-117.117083,32.889891,0.0],[-117.11709,32.889903,0.0],[-117.117096,32.889916,0.0],[-117.117103,32.889928,0.0],[-117.11711,32.889941,0.0],[-117.117117,32.889953,0.0],[-117.117125,32.889965,0.0],[-117.117132,32.889978,0.0],[-117.117139,32.88999,0.0],[-117.117147,32.890002,0.0],[-117.117154,32.890014,0.0],[-117.117162,32.890027,0.0],[-117.117169,32.890039,0.0],[-117.117177,32.890051,0.0],[-117.117185,32.890063,0.0],[-117.117193,32.890075,0.0],[-117.117201,32.890087,0.0],[-117.117209,32.890099,0.0],[-117.117217,32.890111,0.0],[-117.117226,32.890122,0.0],[-117.117234,32.890134,0.0],[-117.117242,32.890146,0.0],[-117.117251,32.890158,0.0],[-117.11726,32.890169,0.0],[-117.117268,32.890181,0.0],[-117.117277,32.890192,0.0],[-117.117286,32.890204,0.0],[-117.117295,32.890215,0.0],[-117.117304,32.890227,0.0],[-117.117313,32.890238,0.0],[-117.117322,32.89025,0.0],[-117.117331,32.890261,0.0],[-117.117341,32.890272,0.0],[-117.11735,32.890283,0.0],[-117.11736,32.890295,0.0],[-117.117369,32.890306,0.0],[-117.117379,32.890317,0.0],[-117.117389,32.890328,0.0],[-117.117398,32.890339,0.0],[-117.117408,32.89035,0.0],[-117.117418,32.890361,0.0],[-117.117428,32.890371,0.0],[-117.117438,32.890382,0.0],[-117.117449,32.890393,0.0],[-117.117459,32.890404,0.0],[-117.117469,32.890414,0.0],[-117.11748,32.890425,0.0],[-117.11749,32.890435,0.0],[-117.117501,32.890446,0.0],[-117.117511,32.890456,0.0],[-117.117522,32.890466,0.0],[-117.117533,32.890477,0.0],[-117.117544,32.890487,0.0],[-117.117555,32.890497,0.0],[-117.117566,32.890507,0.0],[-117.117577,32.890517,0.0],[-117.117588,32.890527,0.0],[-117.117599,32.890537,0.0],[-117.11761,32.890547,0.0],[-117.117622,32.890557,0.0],[-117.117633,32.890567,0.0],[-117.117645,32.890577,0.0],[-117.117652,32.890583,0.0],[-117.117682,32.89061,0.0],[-117.117723,32.890646,0.0],[-117.117764,32.890681,0.0],[-117.117806,32.890715,0.0],[-117.117848,32.890749,0.0],[-117.117891,32.890782,0.0],[-117.117935,32.890814,0.0],[-117.11798,32.890846,0.0],[-117.118025,32.890877,0.0],[-117.118071,32.890907,0.0],[-117.118118,32.890937,0.0],[-117.118165,32.890966,0.0],[-117.118212,32.890994,0.0],[-117.118261,32.891022,0.0],[-117.118309,32.891049,0.0],[-117.118359,32.891075,0.0],[-117.118409,32.8911,0.0],[-117.118459,32.891125,0.0],[-117.118501,32.891137,0.0],[-117.119259,32.891144,0.0],[-117.119371,32.891145,0.0],[-117.11938,32.891145,0.0],[-117.119441,32.891145,0.0],[-117.119574,32.891146,0.0],[-117.119756,32.891147,0.0],[-117.119932,32.891148,0.0],[-117.120182,32.89115,0.0],[-117.120359,32.891151,0.0],[-117.121534,32.891158,0.0],[-117.122853,32.891167,0.0],[-117.122945,32.891167,0.0],[-117.126754,32.891191,0.0],[-117.126917,32.891193,0.0],[-117.12716,32.891195,0.0],[-117.129318,32.891209,0.0],[-117.129487,32.89121,0.0],[-117.13054,32.891217,0.0],[-117.130543,32.891217,0.0],[-117.130905,32.89122,0.0],[-117.130915,32.89122,0.0],[-117.131106,32.891221,0.0],[-117.131155,32.891221,0.0],[-117.131657,32.891224,0.0],[-117.131763,32.891224,0.0],[-117.132229,32.891227,0.0],[-117.13236,32.891228,0.0],[-117.134133,32.891238,0.0],[-117.134266,32.891239,0.0],[-117.135908,32.89125,0.0],[-117.135898,32.890945,0.0],[-117.135894,32.89081,0.0],[-117.135892,32.890769,0.0],[-117.135829,32.889118,0.0],[-117.135824,32.88899,0.0],[-117.135823,32.888978,0.0],[-117.135794,32.887666,0.0],[-117.135791,32.887573,0.0],[-117.135759,32.886135,0.0],[-117.135756,32.886008,0.0],[-117.135755,32.885985,0.0],[-117.135754,32.885931,0.0],[-117.135754,32.885718,0.0],[-117.135754,32.885693,0.0],[-117.135706,32.883838,0.0],[-117.135338,32.883874,0.0],[-117.134619,32.883885,0.0],[-117.134521,32.883886,0.0],[-117.133347,32.8839,0.0],[-117.130971,32.883927,0.0],[-117.127788,32.883942,0.0],[-117.127689,32.883942,0.0],[-117.127088,32.883945,0.0],[-117.125341,32.883951,0.0],[-117.12527,32.883951,0.0],[-117.125198,32.883951,0.0],[-117.124726,32.883948,0.0],[-117.124635,32.883948,0.0],[-117.124537,32.883948,0.0],[-117.123958,32.883947,0.0],[-117.123355,32.88394,0.0],[-117.121111,32.883914,0.0],[-117.118566,32.883884,0.0],[-117.118403,32.883882,0.0],[-117.117185,32.883898,0.0],[-117.116991,32.884048,0.0]]],[[[-117.117939,32.875537,0.0],[-117.117937,32.87555,0.0],[-117.117936,32.875564,0.0],[-117.117934,32.875578,0.0],[-117.117933,32.875591,0.0],[-117.117932,32.875605,0.0],[-117.11793,32.875619,0.0],[-117.117929,32.875632,0.0],[-117.117927,32.875646,0.0],[-117.117926,32.87566,0.0],[-117.117924,32.875674,0.0],[-117.117923,32.875687,0.0],[-117.117921,32.875701,0.0],[-117.11792,32.875715,0.0],[-117.117918,32.875728,0.0],[-117.117917,32.875742,0.0],[-117.117915,32.875756,0.0],[-117.117914,32.875769,0.0],[-117.117912,32.875783,0.0],[-117.11791,32.875797,0.0],[-117.117909,32.87581,0.0],[-117.117907,32.875824,0.0],[-117.117906,32.875838,0.0],[-117.117904,32.875851,0.0],[-117.117902,32.875865,0.0],[-117.117901,32.875879,0.0],[-117.117899,32.875892,0.0],[-117.117897,32.875906,0.0],[-117.117896,32.87592,0.0],[-117.117894,32.875933,0.0],[-117.117892,32.875947,0.0],[-117.11789,32.875961,0.0],[-117.117889,32.875974,0.0],[-117.117812,32.876421,0.0],[-117.117796,32.876514,0.0],[-117.117795,32.87652,0.0],[-117.117792,32.876533,0.0],[-117.117789,32.876547,0.0],[-117.117787,32.87656,0.0],[-117.117784,32.876574,0.0],[-117.117781,32.876588,0.0],[-117.117781,32.876603,0.0],[-117.117776,32.876615,0.0],[-117.117774,32.876628,0.0],[-117.117771,32.876642,0.0],[-117.117769,32.876655,0.0],[-117.117766,32.876669,0.0],[-117.117764,32.876683,0.0],[-117.117762,32.876696,0.0],[-117.11776,32.87671,0.0],[-117.117757,32.876723,0.0],[-117.117755,32.876737,0.0],[-117.117753,32.876751,0.0],[-117.117751,32.876764,0.0],[-117.117749,32.876778,0.0],[-117.117747,32.876792,0.0],[-117.117745,32.876805,0.0],[-117.117743,32.876819,0.0],[-117.117741,32.876833,0.0],[-117.117739,32.876846,0.0],[-117.117738,32.87686,0.0],[-117.117736,32.876874,0.0],[-117.117734,32.876887,0.0],[-117.117733,32.876901,0.0],[-117.117731,32.876915,0.0],[-117.117729,32.876928,0.0],[-117.117728,32.876942,0.0],[-117.117726,32.876956,0.0],[-117.117725,32.876969,0.0],[-117.117724,32.876983,0.0],[-117.117722,32.876997,0.0],[-117.117721,32.87701,0.0],[-117.11772,32.877024,0.0],[-117.117719,32.877038,0.0],[-117.117717,32.877051,0.0],[-117.117716,32.877065,0.0],[-117.117715,32.877079,0.0],[-117.117714,32.877093,0.0],[-117.117713,32.877106,0.0],[-117.117712,32.87712,0.0],[-117.117711,32.877134,0.0],[-117.11771,32.877148,0.0],[-117.11771,32.877161,0.0],[-117.117709,32.877175,0.0],[-117.117708,32.877189,0.0],[-117.117708,32.877202,0.0],[-117.117707,32.877216,0.0],[-117.117706,32.87723,0.0],[-117.117706,32.877244,0.0],[-117.117705,32.877257,0.0],[-117.117705,32.877271,0.0],[-117.117704,32.877285,0.0],[-117.117704,32.877299,0.0],[-117.117704,32.877312,0.0],[-117.117703,32.877326,0.0],[-117.117703,32.87734,0.0],[-117.117703,32.877354,0.0],[-117.117703,32.877367,0.0],[-117.117703,32.877381,0.0],[-117.117703,32.877395,0.0],[-117.117703,32.877408,0.0],[-117.117703,32.877422,0.0],[-117.117703,32.877436,0.0],[-117.117703,32.87745,0.0],[-117.117703,32.877463,0.0],[-117.117703,32.877477,0.0],[-117.117704,32.877491,0.0],[-117.117704,32.877505,0.0],[-117.117704,32.877518,0.0],[-117.117705,32.877532,0.0],[-117.117705,32.877546,0.0],[-117.117705,32.87756,0.0],[-117.117706,32.877573,0.0],[-117.117706,32.877587,0.0],[-117.117707,32.877601,0.0],[-117.117708,32.877615,0.0],[-117.117708,32.877628,0.0],[-117.117709,32.877642,0.0],[-117.11771,32.877656,0.0],[-117.117711,32.877669,0.0],[-117.117712,32.877683,0.0],[-117.117713,32.877697,0.0],[-117.117714,32.877711,0.0],[-117.117889,32.878925,0.0],[-117.117899,32.878996,0.0],[-117.117909,32.879062,0.0],[-117.118005,32.879836,0.0],[-117.118351,32.880424,0.0],[-117.118356,32.880433,0.0],[-117.118357,32.880436,0.0],[-117.118364,32.880448,0.0],[-117.11837,32.880461,0.0],[-117.118376,32.880474,0.0],[-117.118382,32.880487,0.0],[-117.118387,32.880499,0.0],[-117.118393,32.880512,0.0],[-117.118399,32.880525,0.0],[-117.118404,32.880538,0.0],[-117.11841,32.880551,0.0],[-117.118415,32.880564,0.0],[-117.11842,32.880577,0.0],[-117.118425,32.88059,0.0],[-117.11843,32.880603,0.0],[-117.118435,32.880616,0.0],[-117.11844,32.880629,0.0],[-117.118445,32.880642,0.0],[-117.11845,32.880656,0.0],[-117.118454,32.880669,0.0],[-117.118459,32.880682,0.0],[-117.118463,32.880695,0.0],[-117.118467,32.880709,0.0],[-117.118472,32.880722,0.0],[-117.118476,32.880735,0.0],[-117.11848,32.880748,0.0],[-117.118484,32.880762,0.0],[-117.118488,32.880775,0.0],[-117.118491,32.880789,0.0],[-117.118495,32.880802,0.0],[-117.118498,32.880815,0.0],[-117.118501,32.880827,0.0],[-117.118502,32.880829,0.0],[-117.118505,32.880842,0.0],[-117.118508,32.880856,0.0],[-117.118511,32.880869,0.0],[-117.118515,32.880883,0.0],[-117.118517,32.880896,0.0],[-117.11852,32.88091,0.0],[-117.118519,32.881086,0.0],[-117.11817,32.88111,0.0],[-117.118555,32.883718,0.0],[-117.121229,32.883746,0.0],[-117.121232,32.883746,0.0],[-117.121569,32.883744,0.0],[-117.122342,32.883739,0.0],[-117.12316,32.883733,0.0],[-117.125181,32.883718,0.0],[-117.125379,32.883717,0.0],[-117.127086,32.883705,0.0],[-117.127084,32.883582,0.0],[-117.127083,32.883417,0.0],[-117.127075,32.882613,0.0],[-117.127073,32.882447,0.0],[-117.127036,32.878731,0.0],[-117.127035,32.878583,0.0],[-117.127004,32.875497,0.0],[-117.124564,32.875486,0.0],[-117.123809,32.875483,0.0],[-117.123643,32.87549,0.0],[-117.123627,32.875491,0.0],[-117.122349,32.875475,0.0],[-117.117946,32.875463,0.0],[-117.117945,32.875468,0.0],[-117.117944,32.875482,0.0],[-117.117943,32.875496,0.0],[-117.117941,32.875509,0.0],[-117.11794,32.875523,0.0],[-117.117939,32.875537,0.0]]],[[[-117.11718,32.892673,0.0],[-117.117232,32.892636,0.0],[-117.117279,32.892605,0.0],[-117.117325,32.892573,0.0],[-117.117371,32.89254,0.0],[-117.117416,32.892507,0.0],[-117.11746,32.892473,0.0],[-117.117504,32.892438,0.0],[-117.117546,32.892403,0.0],[-117.117588,32.892367,0.0],[-117.11763,32.892331,0.0],[-117.11767,32.892294,0.0],[-117.11771,32.892256,0.0],[-117.117749,32.892218,0.0],[-117.117787,32.892179,0.0],[-117.117825,32.892139,0.0],[-117.117861,32.892099,0.0],[-117.117897,32.892059,0.0],[-117.117932,32.892018,0.0],[-117.117966,32.891976,0.0],[-117.117999,32.891934,0.0],[-117.118031,32.891892,0.0],[-117.118063,32.891849,0.0],[-117.118093,32.891805,0.0],[-117.118123,32.891762,0.0],[-117.118151,32.891717,0.0],[-117.118179,32.891673,0.0],[-117.118206,32.891627,0.0],[-117.118232,32.891582,0.0],[-117.118257,32.891536,0.0],[-117.118281,32.89149,0.0],[-117.118304,32.891443,0.0],[-117.118326,32.891396,0.0],[-117.118366,32.891325,0.0],[-117.117894,32.891089,0.0],[-117.117881,32.891081,0.0],[-117.117867,32.891074,0.0],[-117.117854,32.891066,0.0],[-117.117841,32.891058,0.0],[-117.117827,32.89105,0.0],[-117.117814,32.891042,0.0],[-117.117801,32.891034,0.0],[-117.117788,32.891026,0.0],[-117.117774,32.891018,0.0],[-117.117761,32.89101,0.0],[-117.117748,32.891002,0.0],[-117.117735,32.890993,0.0],[-117.117722,32.890985,0.0],[-117.11771,32.890976,0.0],[-117.117697,32.890968,0.0],[-117.117684,32.890959,0.0],[-117.117671,32.890951,0.0],[-117.117659,32.890942,0.0],[-117.117646,32.890933,0.0],[-117.117634,32.890925,0.0],[-117.117621,32.890916,0.0],[-117.117609,32.890907,0.0],[-117.117596,32.890898,0.0],[-117.117584,32.890889,0.0],[-117.117572,32.89088,0.0],[-117.11756,32.890871,0.0],[-117.117547,32.890862,0.0],[-117.117535,32.890852,0.0],[-117.117523,32.890843,0.0],[-117.117511,32.890834,0.0],[-117.1175,32.890824,0.0],[-117.117488,32.890815,0.0],[-117.117476,32.890805,0.0],[-117.117464,32.890796,0.0],[-117.117453,32.890786,0.0],[-117.117441,32.890777,0.0],[-117.117429,32.890767,0.0],[-117.117418,32.890757,0.0],[-117.117407,32.890747,0.0],[-117.117395,32.890737,0.0],[-117.117384,32.890727,0.0],[-117.117373,32.890717,0.0],[-117.117362,32.890707,0.0],[-117.117351,32.890697,0.0],[-117.11734,32.890687,0.0],[-117.117329,32.890677,0.0],[-117.117318,32.890667,0.0],[-117.117307,32.890657,0.0],[-117.117296,32.890646,0.0],[-117.117286,32.890636,0.0],[-117.117275,32.890625,0.0],[-117.117264,32.890615,0.0],[-117.117254,32.890604,0.0],[-117.117243,32.890594,0.0],[-117.117233,32.890583,0.0],[-117.117223,32.890573,0.0],[-117.117213,32.890562,0.0],[-117.117203,32.890551,0.0],[-117.117196,32.890544,0.0],[-117.11718,32.892673,0.0]]]]},"properties":{"APN":"7602510500","SITUS_ADDRESS":8675,"SITUS_STREET":"MIRAMAR","SITUS_SUFFIX":"RD"}},{"type":"Feature","geometry":{"type":"MultiPolygon","coordinates":[[[[-117.116991,32.884048,0.0],[-117.116989,32.884221,0.0],[-117.116989,32.887852,0.0],[-117.11699,32.889279,0.0],[-117.116991,32.889682,0.0],[-117.116991,32.889696,0.0],[-117.116992,32.889699,0.0],[-117.116998,32.889712,0.0],[-117.117003,32.889725,0.0],[-117.117009,32.889738,0.0],[-117.117015,32.889751,0.0],[-117.11702,32.889764,0.0],[-117.117026,32.889777,0.0],[-117.117032,32.88979,0.0],[-117.117038,32.889802,0.0],[-117.117044,32.889815,0.0],[-117.11705,32.889828,0.0],[-117.117057,32.88984,0.0],[-117.117063,32.889853,0.0],[-117.11707,32.889866,0.0],[-117.117076,32.889878,0.0],[-117.117083,32.889891,0.0],[-117.11709,32.889903,0.0],[-117.117096,32.889916,0.0],[-117.117103,32.889928,0.0],[-117.11711,32.889941,0.0],[-117.117117,32.889953,0.0],[-117.117125,32.889965,0.0],[-117.117132,32.889978,0.0],[-117.117139,32.88999,0.0],[-117.117147,32.890002,0.0],[-117.117154,32.890014,0.0],[-117.117162,32.890027,0.0],[-117.117169,32.890039,0.0],[-117.117177,32.890051,0.0],[-117.117185,32.890063,0.0],[-117.117193,32.890075,0.0],[-117.117201,32.890087,0.0],[-117.117209,32.890099,0.0],[-117.117217,32.890111,0.0],[-117.117226,32.890122,0.0],[-117.117234,32.890134,0.0],[-117.117242,32.890146,0.0],[-117.117251,32.890158,0.0],[-117.11726,32.890169,0.0],[-117.117268,32.890181,0.0],[-117.117277,32.890192,0.0],[-117.117286,32.890204,0.0],[-117.117295,32.890215,0.0],[-117.117304,32.890227,0.0],[-117.117313,32.890238,0.0],[-117.117322,32.89025,0.0],[-117.117331,32.890261,0.0],[-117.117341,32.890272,0.0],[-117.11735,32.890283,0.0],[-117.11736,32.890295,0.0],[-117.117369,32.890306,0.0],[-117.117379,32.890317,0.0],[-117.117389,32.890328,0.0],[-117.117398,32.890339,0.0],[-117.117408,32.89035,0.0],[-117.117418,32.890361,0.0],[-117.117428,32.890371,0.0],[-117.117438,32.890382,0.0],[-117.117449,32.890393,0.0],[-117.117459,32.890404,0.0],[-117.117469,32.890414,0.0],[-117.11748,32.890425,0.0],[-117.11749,32.890435,0.0],[-117.117501,32.890446,0.0],[-117.117511,32.890456,0.0],[-117.117522,32.890466,0.0],[-117.117533,32.890477,0.0],[-117.117544,32.890487,0.0],[-117.117555,32.890497,0.0],[-117.117566,32.890507,0.0],[-117.117577,32.890517,0.0],[-117.117588,32.890527,0.0],[-117.117599,32.890537,0.0],[-117.11761,32.890547,0.0],[-117.117622,32.890557,0.0],[-117.117633,32.890567,0.0],[-117.117645,32.890577,0.0],[-117.117652,32.890583,0.0],[-117.117682,32.89061,0.0],[-117.117723,32.890646,0.0],[-117.117764,32.890681,0.0],[-117.117806,32.890715,0.0],[-117.117848,32.890749,0.0],[-117.117891,32.890782,0.0],[-117.117935,32.890814,0.0],[-117.11798,32.890846,0.0],[-117.118025,32.890877,0.0],[-117.118071,32.890907,0.0],[-117.118118,32.890937,0.0],[-117.118165,32.890966,0.0],[-117.118212,32.890994,0.0],[-117.118261,32.891022,0.0],[-117.118309,32.891049,0.0],[-117.118359,32.891075,0.0],[-117.118409,32.8911,0.0],[-117.118459,32.891125,0.0],[-117.118501,32.891137,0.0],[-117.119259,32.891144,0.0],[-117.119371,32.891145,0.0],[-117.11938,32.891145,0.0],[-117.119441,32.891145,0.0],[-117.119574,32.891146,0.0],[-117.119756,32.891147,0.0],[-117.119932,32.891148,0.0],[-117.120182,32.89115,0.0],[-117.120359,32.891151,0.0],[-117.121534,32.891158,0.0],[-117.122853,32.891167,0.0],[-117.122945,32.891167,0.0],[-117.126754,32.891191,0.0],[-117.126917,32.891193,0.0],[-117.12716,32.891195,0.0],[-117.129318,32.891209,0.0],[-117.129487,32.89121,0.0],[-117.13054,32.891217,0.0],[-117.130543,32.891217,0.0],[-117.130905,32.89122,0.0],[-117.130915,32.89122,0.0],[-117.131106,32.891221,0.0],[-117.131155,32.891221,0.0],[-117.131657,32.891224,0.0],[-117.131763,32.891224,0.0],[-117.132229,32.891227,0.0],[-117.13236,32.891228,0.0],[-117.134133,32.891238,0.0],[-117.134266,32.891239,0.0],[-117.135908,32.89125,0.0],[-117.135898,32.890945,0.0],[-117.135894,32.89081,0.0],[-117.135892,32.890769,0.0],[-117.135829,32.889118,0.0],[-117.135824,32.88899,0.0],[-117.135823,32.888978,0.0],[-117.135794,32.887666,0.0],[-117.135791,32.887573,0.0],[-117.135759,32.886135,0.0],[-117.135756,32.886008,0.0],[-117.135755,32.885985,0.0],[-117.135754,32.885931,0.0],[-117.135754,32.885718,0.0],[-117.135754,32.885693,0.0],[-117.135706,32.883838,0.0],[-117.135338,32.883874,0.0],[-117.134619,32.883885,0.0],[-117.134521,32.883886,0.0],[-117.133347,32.8839,0.0],[-117.130971,32.883927,0.0],[-117.127788,32.883942,0.0],[-117.127689,32.883942,0.0],[-117.127088,32.883945,0.0],[-117.125341,32.883951,0.0],[-117.12527,32.883951,0.0],[-117.125198,32.883951,0.0],[-117.124726,32.883948,0.0],[-117.124635,32.883948,0.0],[-117.124537,32.883948,0.0],[-117.123958,32.883947,0.0],[-117.123355,32.88394,0.0],[-117.121111,32.883914,0.0],[-117.118566,32.883884,0.0],[-117.118403,32.883882,0.0],[-117.117185,32.883898,0.0],[-117.116991,32.884048,0.0]]],[[[-117.117939,32.875537,0.0],[-117.117937,32.87555,0.0],[-117.117936,32.875564,0.0],[-117.117934,32.875578,0.0],[-117.117933,32.875591,0.0],[-117.117932,32.875605,0.0],[-117.11793,32.875619,0.0],[-117.117929,32.875632,0.0],[-117.117927,32.875646,0.0],[-117.117926,32.87566,0.0],[-117.117924,32.875674,0.0],[-117.117923,32.875687,0.0],[-117.117921,32.875701,0.0],[-117.11792,32.875715,0.0],[-117.117918,32.875728,0.0],[-117.117917,32.875742,0.0],[-117.117915,32.875756,0.0],[-117.117914,32.875769,0.0],[-117.117912,32.875783,0.0],[-117.11791,32.875797,0.0],[-117.117909,32.87581,0.0],[-117.117907,32.875824,0.0],[-117.117906,32.875838,0.0],[-117.117904,32.875851,0.0],[-117.117902,32.875865,0.0],[-117.117901,32.875879,0.0],[-117.117899,32.875892,0.0],[-117.117897,32.875906,0.0],[-117.117896,32.87592,0.0],[-117.117894,32.875933,0.0],[-117.117892,32.875947,0.0],[-117.11789,32.875961,0.0],[-117.117889,32.875974,0.0],[-117.117812,32.876421,0.0],[-117.117796,32.876514,0.0],[-117.117795,32.87652,0.0],[-117.117792,32.876533,0.0],[-117.117789,32.876547,0.0],[-117.117787,32.87656,0.0],[-117.117784,32.876574,0.0],[-117.117781,32.876588,0.0],[-117.117781,32.876603,0.0],[-117.117776,32.876615,0.0],[-117.117774,32.876628,0.0],[-117.117771,32.876642,0.0],[-117.117769,32.876655,0.0],[-117.117766,32.876669,0.0],[-117.117764,32.876683,0.0],[-117.117762,32.876696,0.0],[-117.11776,32.87671,0.0],[-117.117757,32.876723,0.0],[-117.117755,32.876737,0.0],[-117.117753,32.876751,0.0],[-117.117751,32.876764,0.0],[-117.117749,32.876778,0.0],[-117.117747,32.876792,0.0],[-117.117745,32.876805,0.0],[-117.117743,32.876819,0.0],[-117.117741,32.876833,0.0],[-117.117739,32.876846,0.0],[-117.117738,32.87686,0.0],[-117.117736,32.876874,0.0],[-117.117734,32.876887,0.0],[-117.117733,32.876901,0.0],[-117.117731,32.876915,0.0],[-117.117729,32.876928,0.0],[-117.117728,32.876942,0.0],[-117.117726,32.876956,0.0],[-117.117725,32.876969,0.0],[-117.117724,32.876983,0.0],[-117.117722,32.876997,0.0],[-117.117721,32.87701,0.0],[-117.11772,32.877024,0.0],[-117.117719,32.877038,0.0],[-117.117717,32.877051,0.0],[-117.117716,32.877065,0.0],[-117.117715,32.877079,0.0],[-117.117714,32.877093,0.0],[-117.117713,32.877106,0.0],[-117.117712,32.87712,0.0],[-117.117711,32.877134,0.0],[-117.11771,32.877148,0.0],[-117.11771,32.877161,0.0],[-117.117709,32.877175,0.0],[-117.117708,32.877189,0.0],[-117.117708,32.877202,0.0],[-117.117707,32.877216,0.0],[-117.117706,32.87723,0.0],[-117.117706,32.877244,0.0],[-117.117705,32.877257,0.0],[-117.117705,32.877271,0.0],[-117.117704,32.877285,0.0],[-117.117704,32.877299,0.0],[-117.117704,32.877312,0.0],[-117.117703,32.877326,0.0],[-117.117703,32.87734,0.0],[-117.117703,32.877354,0.0],[-117.117703,32.877367,0.0],[-117.117703,32.877381,0.0],[-117.117703,32.877395,0.0],[-117.117703,32.877408,0.0],[-117.117703,32.877422,0.0],[-117.117703,32.877436,0.0],[-117.117703,32.87745,0.0],[-117.117703,32.877463,0.0],[-117.117703,32.877477,0.0],[-117.117704,32.877491,0.0],[-117.117704,32.877505,0.0],[-117.117704,32.877518,0.0],[-117.117705,32.877532,0.0],[-117.117705,32.877546,0.0],[-117.117705,32.87756,0.0],[-117.117706,32.877573,0.0],[-117.117706,32.877587,0.0],[-117.117707,32.877601,0.0],[-117.117708,32.877615,0.0],[-117.117708,32.877628,0.0],[-117.117709,32.877642,0.0],[-117.11771,32.877656,0.0],[-117.117711,32.877669,0.0],[-117.117712,32.877683,0.0],[-117.117713,32.877697,0.0],[-117.117714,32.877711,0.0],[-117.117889,32.878925,0.0],[-117.117899,32.878996,0.0],[-117.117909,32.879062,0.0],[-117.118005,32.879836,0.0],[-117.118351,32.880424,0.0],[-117.118356,32.880433,0.0],[-117.118357,32.880436,0.0],[-117.118364,32.880448,0.0],[-117.11837,32.880461,0.0],[-117.118376,32.880474,0.0],[-117.118382,32.880487,0.0],[-117.118387,32.880499,0.0],[-117.118393,32.880512,0.0],[-117.118399,32.880525,0.0],[-117.118404,32.880538,0.0],[-117.11841,32.880551,0.0],[-117.118415,32.880564,0.0],[-117.11842,32.880577,0.0],[-117.118425,32.88059,0.0],[-117.11843,32.880603,0.0],[-117.118435,32.880616,0.0],[-117.11844,32.880629,0.0],[-117.118445,32.880642,0.0],[-117.11845,32.880656,0.0],[-117.118454,32.880669,0.0],[-117.118459,32.880682,0.0],[-117.118463,32.880695,0.0],[-117.118467,32.880709,0.0],[-117.118472,32.880722,0.0],[-117.118476,32.880735,0.0],[-117.11848,32.880748,0.0],[-117.118484,32.880762,0.0],[-117.118488,32.880775,0.0],[-117.118491,32.880789,0.0],[-117.118495,32.880802,0.0],[-117.118498,32.880815,0.0],[-117.118501,32.880827,0.0],[-117.118502,32.880829,0.0],[-117.118505,32.880842,0.0],[-117.118508,32.880856,0.0],[-117.118511,32.880869,0.0],[-117.118515,32.880883,0.0],[-117.118517,32.880896,0.0],[-117.11852,32.88091,0.0],[-117.118519,32.881086,0.0],[-117.11817,32.88111,0.0],[-117.118555,32.883718,0.0],[-117.121229,32.883746,0.0],[-117.121232,32.883746,0.0],[-117.121569,32.883744,0.0],[-117.122342,32.883739,0.0],[-117.12316,32.883733,0.0],[-117.125181,32.883718,0.0],[-117.125379,32.883717,0.0],[-117.127086,32.883705,0.0],[-117.127084,32.883582,0.0],[-117.127083,32.883417,0.0],[-117.127075,32.882613,0.0],[-117.127073,32.882447,0.0],[-117.127036,32.878731,0.0],[-117.127035,32.878583,0.0],[-117.127004,32.875497,0.0],[-117.124564,32.875486,0.0],[-117.123809,32.875483,0.0],[-117.123643,32.87549,0.0],[-117.123627,32.875491,0.0],[-117.122349,32.875475,0.0],[-117.117946,32.875463,0.0],[-117.117945,32.875468,0.0],[-117.117944,32.875482,0.0],[-117.117943,32.875496,0.0],[-117.117941,32.875509,0.0],[-117.11794,32.875523,0.0],[-117.117939,32.875537,0.0]]],[[[-117.11718,32.892673,0.0],[-117.117232,32.892636,0.0],[-117.117279,32.892605,0.0],[-117.117325,32.892573,0.0],[-117.117371,32.89254,0.0],[-117.117416,32.892507,0.0],[-117.11746,32.892473,0.0],[-117.117504,32.892438,0.0],[-117.117546,32.892403,0.0],[-117.117588,32.892367,0.0],[-117.11763,32.892331,0.0],[-117.11767,32.892294,0.0],[-117.11771,32.892256,0.0],[-117.117749,32.892218,0.0],[-117.117787,32.892179,0.0],[-117.117825,32.892139,0.0],[-117.117861,32.892099,0.0],[-117.117897,32.892059,0.0],[-117.117932,32.892018,0.0],[-117.117966,32.891976,0.0],[-117.117999,32.891934,0.0],[-117.118031,32.891892,0.0],[-117.118063,32.891849,0.0],[-117.118093,32.891805,0.0],[-117.118123,32.891762,0.0],[-117.118151,32.891717,0.0],[-117.118179,32.891673,0.0],[-117.118206,32.891627,0.0],[-117.118232,32.891582,0.0],[-117.118257,32.891536,0.0],[-117.118281,32.89149,0.0],[-117.118304,32.891443,0.0],[-117.118326,32.891396,0.0],[-117.118366,32.891325,0.0],[-117.117894,32.891089,0.0],[-117.117881,32.891081,0.0],[-117.117867,32.891074,0.0],[-117.117854,32.891066,0.0],[-117.117841,32.891058,0.0],[-117.117827,32.89105,0.0],[-117.117814,32.891042,0.0],[-117.117801,32.891034,0.0],[-117.117788,32.891026,0.0],[-117.117774,32.891018,0.0],[-117.117761,32.89101,0.0],[-117.117748,32.891002,0.0],[-117.117735,32.890993,0.0],[-117.117722,32.890985,0.0],[-117.11771,32.890976,0.0],[-117.117697,32.890968,0.0],[-117.117684,32.890959,0.0],[-117.117671,32.890951,0.0],[-117.117659,32.890942,0.0],[-117.117646,32.890933,0.0],[-117.117634,32.890925,0.0],[-117.117621,32.890916,0.0],[-117.117609,32.890907,0.0],[-117.117596,32.890898,0.0],[-117.117584,32.890889,0.0],[-117.117572,32.89088,0.0],[-117.11756,32.890871,0.0],[-117.117547,32.890862,0.0],[-117.117535,32.890852,0.0],[-117.117523,32.890843,0.0],[-117.117511,32.890834,0.0],[-117.1175,32.890824,0.0],[-117.117488,32.890815,0.0],[-117.117476,32.890805,0.0],[-117.117464,32.890796,0.0],[-117.117453,32.890786,0.0],[-117.117441,32.890777,0.0],[-117.117429,32.890767,0.0],[-117.117418,32.890757,0.0],[-117.117407,32.890747,0.0],[-117.117395,32.890737,0.0],[-117.117384,32.890727,0.0],[-117.117373,32.890717,0.0],[-117.117362,32.890707,0.0],[-117.117351,32.890697,0.0],[-117.11734,32.890687,0.0],[-117.117329,32.890677,0.0],[-117.117318,32.890667,0.0],[-117.117307,32.890657,0.0],[-117.117296,32.890646,0.0],[-117.117286,32.890636,0.0],[-117.117275,32.890625,0.0],[-117.117264,32.890615,0.0],[-117.117254,32.890604,0.0],[-117.117243,32.890594,0.0],[-117.117233,32.890583,0.0],[-117.117223,32.890573,0.0],[-117.117213,32.890562,0.0],[-117.117203,32.890551,0.0],[-117.117196,32.890544,0.0],[-117.11718,32.892673,0.0]]]]},"properties":{"APN":"7602510600","SITUS_ADDRESS":0,"SITUS_STREET":"MIRAMAR","SITUS_SUFFIX":"RD"}},{"type":"Feature","geometry":{"type":"MultiPolygon","coordinates":[[[[-117.116991,32.884048,0.0],[-117.116989,32.884221,0.0],[-117.116989,32.887852,0.0],[-117.11699,32.889279,0.0],[-117.116991,32.889682,0.0],[-117.116991,32.889696,0.0],[-117.116992,32.889699,0.0],[-117.116998,32.889712,0.0],[-117.117003,32.889725,0.0],[-117.117009,32.889738,0.0],[-117.117015,32.889751,0.0],[-117.11702,32.889764,0.0],[-117.117026,32.889777,0.0],[-117.117032,32.88979,0.0],[-117.117038,32.889802,0.0],[-117.117044,32.889815,0.0],[-117.11705,32.889828,0.0],[-117.117057,32.88984,0.0],[-117.117063,32.889853,0.0],[-117.11707,32.889866,0.0],[-117.117076,32.889878,0.0],[-117.117083,32.889891,0.0],[-117.11709,32.889903,0.0],[-117.117096,32.889916,0.0],[-117.117103,32.889928,0.0],[-117.11711,32.889941,0.0],[-117.117117,32.889953,0.0],[-117.117125,32.889965,0.0],[-117.117132,32.889978,0.0],[-117.117139,32.88999,0.0],[-117.117147,32.890002,0.0],[-117.117154,32.890014,0.0],[-117.117162,32.890027,0.0],[-117.117169,32.890039,0.0],[-117.117177,32.890051,0.0],[-117.117185,32.890063,0.0],[-117.117193,32.890075,0.0],[-117.117201,32.890087,0.0],[-117.117209,32.890099,0.0],[-117.117217,32.890111,0.0],[-117.117226,32.890122,0.0],[-117.117234,32.890134,0.0],[-117.117242,32.890146,0.0],[-117.117251,32.890158,0.0],[-117.11726,32.890169,0.0],[-117.117268,32.890181,0.0],[-117.117277,32.890192,0.0],[-117.117286,32.890204,0.0],[-117.117295,32.890215,0.0],[-117.117304,32.890227,0.0],[-117.117313,32.890238,0.0],[-117.117322,32.89025,0.0],[-117.117331,32.890261,0.0],[-117.117341,32.890272,0.0],[-117.11735,32.890283,0.0],[-117.11736,32.890295,0.0],[-117.117369,32.890306,0.0],[-117.117379,32.890317,0.0],[-117.117389,32.890328,0.0],[-117.117398,32.890339,0.0],[-117.117408,32.89035,0.0],[-117.117418,32.890361,0.0],[-117.117428,32.890371,0.0],[-117.117438,32.890382,0.0],[-117.117449,32.890393,0.0],[-117.117459,32.890404,0.0],[-117.117469,32.890414,0.0],[-117.11748,32.890425,0.0],[-117.11749,32.890435,0.0],[-117.117501,32.890446,0.0],[-117.117511,32.890456,0.0],[-117.117522,32.890466,0.0],[-117.117533,32.890477,0.0],[-117.117544,32.890487,0.0],[-117.117555,32.890497,0.0],[-117.117566,32.890507,0.0],[-117.117577,32.890517,0.0],[-117.117588,32.890527,0.0],[-117.117599,32.890537,0.0],[-117.11761,32.890547,0.0],[-117.117622,32.890557,0.0],[-117.117633,32.890567,0.0],[-117.117645,32.890577,0.0],[-117.117652,32.890583,0.0],[-117.117682,32.89061,0.0],[-117.117723,32.890646,0.0],[-117.117764,32.890681,0.0],[-117.117806,32.890715,0.0],[-117.117848,32.890749,0.0],[-117.117891,32.890782,0.0],[-117.117935,32.890814,0.0],[-117.11798,32.890846,0.0],[-117.118025,32.890877,0.0],[-117.118071,32.890907,0.0],[-117.118118,32.890937,0.0],[-117.118165,32.890966,0.0],[-117.118212,32.890994,0.0],[-117.118261,32.891022,0.0],[-117.118309,32.891049,0.0],[-117.118359,32.891075,0.0],[-117.118409,32.8911,0.0],[-117.118459,32.891125,0.0],[-117.118501,32.891137,0.0],[-117.119259,32.891144,0.0],[-117.119371,32.891145,0.0],[-117.11938,32.891145,0.0],[-117.119441,32.891145,0.0],[-117.119574,32.891146,0.0],[-117.119756,32.891147,0.0],[-117.119932,32.891148,0.0],[-117.120182,32.89115,0.0],[-117.120359,32.891151,0.0],[-117.121534,32.891158,0.0],[-117.122853,32.891167,0.0],[-117.122945,32.891167,0.0],[-117.126754,32.891191,0.0],[-117.126917,32.891193,0.0],[-117.12716,32.891195,0.0],[-117.129318,32.891209,0.0],[-117.129487,32.89121,0.0],[-117.13054,32.891217,0.0],[-117.130543,32.891217,0.0],[-117.130905,32.89122,0.0],[-117.130915,32.89122,0.0],[-117.131106,32.891221,0.0],[-117.131155,32.891221,0.0],[-117.131657,32.891224,0.0],[-117.131763,32.891224,0.0],[-117.132229,32.891227,0.0],[-117.13236,32.891228,0.0],[-117.134133,32.891238,0.0],[-117.134266,32.891239,0.0],[-117.135908,32.89125,0.0],[-117.135898,32.890945,0.0],[-117.135894,32.89081,0.0],[-117.135892,32.890769,0.0],[-117.135829,32.889118,0.0],[-117.135824,32.88899,0.0],[-117.135823,32.888978,0.0],[-117.135794,32.887666,0.0],[-117.135791,32.887573,0.0],[-117.135759,32.886135,0.0],[-117.135756,32.886008,0.0],[-117.135755,32.885985,0.0],[-117.135754,32.885931,0.0],[-117.135754,32.885718,0.0],[-117.135754,32.885693,0.0],[-117.135706,32.883838,0.0],[-117.135338,32.883874,0.0],[-117.134619,32.883885,0.0],[-117.134521,32.883886,0.0],[-117.133347,32.8839,0.0],[-117.130971,32.883927,0.0],[-117.127788,32.883942,0.0],[-117.127689,32.883942,0.0],[-117.127088,32.883945,0.0],[-117.125341,32.883951,0.0],[-117.12527,32.883951,0.0],[-117.125198,32.883951,0.0],[-117.124726,32.883948,0.0],[-117.124635,32.883948,0.0],[-117.124537,32.883948,0.0],[-117.123958,32.883947,0.0],[-117.123355,32.88394,0.0],[-117.121111,32.883914,0.0],[-117.118566,32.883884,0.0],[-117.118403,32.883882,0.0],[-117.117185,32.883898,0.0],[-117.116991,32.884048,0.0]]],[[[-117.117939,32.875537,0.0],[-117.117937,32.87555,0.0],[-117.117936,32.875564,0.0],[-117.117934,32.875578,0.0],[-117.117933,32.875591,0.0],[-117.117932,32.875605,0.0],[-117.11793,32.875619,0.0],[-117.117929,32.875632,0.0],[-117.117927,32.875646,0.0],[-117.117926,32.87566,0.0],[-117.117924,32.875674,0.0],[-117.117923,32.875687,0.0],[-117.117921,32.875701,0.0],[-117.11792,32.875715,0.0],[-117.117918,32.875728,0.0],[-117.117917,32.875742,0.0],[-117.117915,32.875756,0.0],[-117.117914,32.875769,0.0],[-117.117912,32.875783,0.0],[-117.11791,32.875797,0.0],[-117.117909,32.87581,0.0],[-117.117907,32.875824,0.0],[-117.117906,32.875838,0.0],[-117.117904,32.875851,0.0],[-117.117902,32.875865,0.0],[-117.117901,32.875879,0.0],[-117.117899,32.875892,0.0],[-117.117897,32.875906,0.0],[-117.117896,32.87592,0.0],[-117.117894,32.875933,0.0],[-117.117892,32.875947,0.0],[-117.11789,32.875961,0.0],[-117.117889,32.875974,0.0],[-117.117812,32.876421,0.0],[-117.117796,32.876514,0.0],[-117.117795,32.87652,0.0],[-117.117792,32.876533,0.0],[-117.117789,32.876547,0.0],[-117.117787,32.87656,0.0],[-117.117784,32.876574,0.0],[-117.117781,32.876588,0.0],[-117.117781,32.876603,0.0],[-117.117776,32.876615,0.0],[-117.117774,32.876628,0.0],[-117.117771,32.876642,0.0],[-117.117769,32.876655,0.0],[-117.117766,32.876669,0.0],[-117.117764,32.876683,0.0],[-117.117762,32.876696,0.0],[-117.11776,32.87671,0.0],[-117.117757,32.876723,0.0],[-117.117755,32.876737,0.0],[-117.117753,32.876751,0.0],[-117.117751,32.876764,0.0],[-117.117749,32.876778,0.0],[-117.117747,32.876792,0.0],[-117.117745,32.876805,0.0],[-117.117743,32.876819,0.0],[-117.117741,32.876833,0.0],[-117.117739,32.876846,0.0],[-117.117738,32.87686,0.0],[-117.117736,32.876874,0.0],[-117.117734,32.876887,0.0],[-117.117733,32.876901,0.0],[-117.117731,32.876915,0.0],[-117.117729,32.876928,0.0],[-117.117728,32.876942,0.0],[-117.117726,32.876956,0.0],[-117.117725,32.876969,0.0],[-117.117724,32.876983,0.0],[-117.117722,32.876997,0.0],[-117.117721,32.87701,0.0],[-117.11772,32.877024,0.0],[-117.117719,32.877038,0.0],[-117.117717,32.877051,0.0],[-117.117716,32.877065,0.0],[-117.117715,32.877079,0.0],[-117.117714,32.877093,0.0],[-117.117713,32.877106,0.0],[-117.117712,32.87712,0.0],[-117.117711,32.877134,0.0],[-117.11771,32.877148,0.0],[-117.11771,32.877161,0.0],[-117.117709,32.877175,0.0],[-117.117708,32.877189,0.0],[-117.117708,32.877202,0.0],[-117.117707,32.877216,0.0],[-117.117706,32.87723,0.0],[-117.117706,32.877244,0.0],[-117.117705,32.877257,0.0],[-117.117705,32.877271,0.0],[-117.117704,32.877285,0.0],[-117.117704,32.877299,0.0],[-117.117704,32.877312,0.0],[-117.117703,32.877326,0.0],[-117.117703,32.87734,0.0],[-117.117703,32.877354,0.0],[-117.117703,32.877367,0.0],[-117.117703,32.877381,0.0],[-117.117703,32.877395,0.0],[-117.117703,32.877408,0.0],[-117.117703,32.877422,0.0],[-117.117703,32.877436,0.0],[-117.117703,32.87745,0.0],[-117.117703,32.877463,0.0],[-117.117703,32.877477,0.0],[-117.117704,32.877491,0.0],[-117.117704,32.877505,0.0],[-117.117704,32.877518,0.0],[-117.117705,32.877532,0.0],[-117.117705,32.877546,0.0],[-117.117705,32.87756,0.0],[-117.117706,32.877573,0.0],[-117.117706,32.877587,0.0],[-117.117707,32.877601,0.0],[-117.117708,32.877615,0.0],[-117.117708,32.877628,0.0],[-117.117709,32.877642,0.0],[-117.11771,32.877656,0.0],[-117.117711,32.877669,0.0],[-117.117712,32.877683,0.0],[-117.117713,32.877697,0.0],[-117.117714,32.877711,0.0],[-117.117889,32.878925,0.0],[-117.117899,32.878996,0.0],[-117.117909,32.879062,0.0],[-117.118005,32.879836,0.0],[-117.118351,32.880424,0.0],[-117.118356,32.880433,0.0],[-117.118357,32.880436,0.0],[-117.118364,32.880448,0.0],[-117.11837,32.880461,0.0],[-117.118376,32.880474,0.0],[-117.118382,32.880487,0.0],[-117.118387,32.880499,0.0],[-117.118393,32.880512,0.0],[-117.118399,32.880525,0.0],[-117.118404,32.880538,0.0],[-117.11841,32.880551,0.0],[-117.118415,32.880564,0.0],[-117.11842,32.880577,0.0],[-117.118425,32.88059,0.0],[-117.11843,32.880603,0.0],[-117.118435,32.880616,0.0],[-117.11844,32.880629,0.0],[-117.118445,32.880642,0.0],[-117.11845,32.880656,0.0],[-117.118454,32.880669,0.0],[-117.118459,32.880682,0.0],[-117.118463,32.880695,0.0],[-117.118467,32.880709,0.0],[-117.118472,32.880722,0.0],[-117.118476,32.880735,0.0],[-117.11848,32.880748,0.0],[-117.118484,32.880762,0.0],[-117.118488,32.880775,0.0],[-117.118491,32.880789,0.0],[-117.118495,32.880802,0.0],[-117.118498,32.880815,0.0],[-117.118501,32.880827,0.0],[-117.118502,32.880829,0.0],[-117.118505,32.880842,0.0],[-117.118508,32.880856,0.0],[-117.118511,32.880869,0.0],[-117.118515,32.880883,0.0],[-117.118517,32.880896,0.0],[-117.11852,32.88091,0.0],[-117.118519,32.881086,0.0],[-117.11817,32.88111,0.0],[-117.118555,32.883718,0.0],[-117.121229,32.883746,0.0],[-117.121232,32.883746,0.0],[-117.121569,32.883744,0.0],[-117.122342,32.883739,0.0],[-117.12316,32.883733,0.0],[-117.125181,32.883718,0.0],[-117.125379,32.883717,0.0],[-117.127086,32.883705,0.0],[-117.127084,32.883582,0.0],[-117.127083,32.883417,0.0],[-117.127075,32.882613,0.0],[-117.127073,32.882447,0.0],[-117.127036,32.878731,0.0],[-117.127035,32.878583,0.0],[-117.127004,32.875497,0.0],[-117.124564,32.875486,0.0],[-117.123809,32.875483,0.0],[-117.123643,32.87549,0.0],[-117.123627,32.875491,0.0],[-117.122349,32.875475,0.0],[-117.117946,32.875463,0.0],[-117.117945,32.875468,0.0],[-117.117944,32.875482,0.0],[-117.117943,32.875496,0.0],[-117.117941,32.875509,0.0],[-117.11794,32.875523,0.0],[-117.117939,32.875537,0.0]]],[[[-117.11718,32.892673,0.0],[-117.117232,32.892636,0.0],[-117.117279,32.892605,0.0],[-117.117325,32.892573,0.0],[-117.117371,32.89254,0.0],[-117.117416,32.892507,0.0],[-117.11746,32.892473,0.0],[-117.117504,32.892438,0.0],[-117.117546,32.892403,0.0],[-117.117588,32.892367,0.0],[-117.11763,32.892331,0.0],[-117.11767,32.892294,0.0],[-117.11771,32.892256,0.0],[-117.117749,32.892218,0.0],[-117.117787,32.892179,0.0],[-117.117825,32.892139,0.0],[-117.117861,32.892099,0.0],[-117.117897,32.892059,0.0],[-117.117932,32.892018,0.0],[-117.117966,32.891976,0.0],[-117.117999,32.891934,0.0],[-117.118031,32.891892,0.0],[-117.118063,32.891849,0.0],[-117.118093,32.891805,0.0],[-117.118123,32.891762,0.0],[-117.118151,32.891717,0.0],[-117.118179,32.891673,0.0],[-117.118206,32.891627,0.0],[-117.118232,32.891582,0.0],[-117.118257,32.891536,0.0],[-117.118281,32.89149,0.0],[-117.118304,32.891443,0.0],[-117.118326,32.891396,0.0],[-117.118366,32.891325,0.0],[-117.117894,32.891089,0.0],[-117.117881,32.891081,0.0],[-117.117867,32.891074,0.0],[-117.117854,32.891066,0.0],[-117.117841,32.891058,0.0],[-117.117827,32.89105,0.0],[-117.117814,32.891042,0.0],[-117.117801,32.891034,0.0],[-117.117788,32.891026,0.0],[-117.117774,32.891018,0.0],[-117.117761,32.89101,0.0],[-117.117748,32.891002,0.0],[-117.117735,32.890993,0.0],[-117.117722,32.890985,0.0],[-117.11771,32.890976,0.0],[-117.117697,32.890968,0.0],[-117.117684,32.890959,0.0],[-117.117671,32.890951,0.0],[-117.117659,32.890942,0.0],[-117.117646,32.890933,0.0],[-117.117634,32.890925,0.0],[-117.117621,32.890916,0.0],[-117.117609,32.890907,0.0],[-117.117596,32.890898,0.0],[-117.117584,32.890889,0.0],[-117.117572,32.89088,0.0],[-117.11756,32.890871,0.0],[-117.117547,32.890862,0.0],[-117.117535,32.890852,0.0],[-117.117523,32.890843,0.0],[-117.117511,32.890834,0.0],[-117.1175,32.890824,0.0],[-117.117488,32.890815,0.0],[-117.117476,32.890805,0.0],[-117.117464,32.890796,0.0],[-117.117453,32.890786,0.0],[-117.117441,32.890777,0.0],[-117.117429,32.890767,0.0],[-117.117418,32.890757,0.0],[-117.117407,32.890747,0.0],[-117.117395,32.890737,0.0],[-117.117384,32.890727,0.0],[-117.117373,32.890717,0.0],[-117.117362,32.890707,0.0],[-117.117351,32.890697,0.0],[-117.11734,32.890687,0.0],[-117.117329,32.890677,0.0],[-117.117318,32.890667,0.0],[-117.117307,32.890657,0.0],[-117.117296,32.890646,0.0],[-117.117286,32.890636,0.0],[-117.117275,32.890625,0.0],[-117.117264,32.890615,0.0],[-117.117254,32.890604,0.0],[-117.117243,32.890594,0.0],[-117.117233,32.890583,0.0],[-117.117223,32.890573,0.0],[-117.117213,32.890562,0.0],[-117.117203,32.890551,0.0],[-117.117196,32.890544,0.0],[-117.11718,32.892673,0.0]]]]},"properties":{"APN":"7602511100","SITUS_ADDRESS":0,"SITUS_STREET":"MIRAMAR","SITUS_SUFFIX":"RD"}},{"type":"Feature","geometry":{"type":"MultiPolygon","coordinates":[[[[-117.116991,32.884048,0.0],[-117.116989,32.884221,0.0],[-117.116989,32.887852,0.0],[-117.11699,32.889279,0.0],[-117.116991,32.889682,0.0],[-117.116991,32.889696,0.0],[-117.116992,32.889699,0.0],[-117.116998,32.889712,0.0],[-117.117003,32.889725,0.0],[-117.117009,32.889738,0.0],[-117.117015,32.889751,0.0],[-117.11702,32.889764,0.0],[-117.117026,32.889777,0.0],[-117.117032,32.88979,0.0],[-117.117038,32.889802,0.0],[-117.117044,32.889815,0.0],[-117.11705,32.889828,0.0],[-117.117057,32.88984,0.0],[-117.117063,32.889853,0.0],[-117.11707,32.889866,0.0],[-117.117076,32.889878,0.0],[-117.117083,32.889891,0.0],[-117.11709,32.889903,0.0],[-117.117096,32.889916,0.0],[-117.117103,32.889928,0.0],[-117.11711,32.889941,0.0],[-117.117117,32.889953,0.0],[-117.117125,32.889965,0.0],[-117.117132,32.889978,0.0],[-117.117139,32.88999,0.0],[-117.117147,32.890002,0.0],[-117.117154,32.890014,0.0],[-117.117162,32.890027,0.0],[-117.117169,32.890039,0.0],[-117.117177,32.890051,0.0],[-117.117185,32.890063,0.0],[-117.117193,32.890075,0.0],[-117.117201,32.890087,0.0],[-117.117209,32.890099,0.0],[-117.117217,32.890111,0.0],[-117.117226,32.890122,0.0],[-117.117234,32.890134,0.0],[-117.117242,32.890146,0.0],[-117.117251,32.890158,0.0],[-117.11726,32.890169,0.0],[-117.117268,32.890181,0.0],[-117.117277,32.890192,0.0],[-117.117286,32.890204,0.0],[-117.117295,32.890215,0.0],[-117.117304,32.890227,0.0],[-117.117313,32.890238,0.0],[-117.117322,32.89025,0.0],[-117.117331,32.890261,0.0],[-117.117341,32.890272,0.0],[-117.11735,32.890283,0.0],[-117.11736,32.890295,0.0],[-117.117369,32.890306,0.0],[-117.117379,32.890317,0.0],[-117.117389,32.890328,0.0],[-117.117398,32.890339,0.0],[-117.117408,32.89035,0.0],[-117.117418,32.890361,0.0],[-117.117428,32.890371,0.0],[-117.117438,32.890382,0.0],[-117.117449,32.890393,0.0],[-117.117459,32.890404,0.0],[-117.117469,32.890414,0.0],[-117.11748,32.890425,0.0],[-117.11749,32.890435,0.0],[-117.117501,32.890446,0.0],[-117.117511,32.890456,0.0],[-117.117522,32.890466,0.0],[-117.117533,32.890477,0.0],[-117.117544,32.890487,0.0],[-117.117555,32.890497,0.0],[-117.117566,32.890507,0.0],[-117.117577,32.890517,0.0],[-117.117588,32.890527,0.0],[-117.117599,32.890537,0.0],[-117.11761,32.890547,0.0],[-117.117622,32.890557,0.0],[-117.117633,32.890567,0.0],[-117.117645,32.890577,0.0],[-117.117652,32.890583,0.0],[-117.117682,32.89061,0.0],[-117.117723,32.890646,0.0],[-117.117764,32.890681,0.0],[-117.117806,32.890715,0.0],[-117.117848,32.890749,0.0],[-117.117891,32.890782,0.0],[-117.117935,32.890814,0.0],[-117.11798,32.890846,0.0],[-117.118025,32.890877,0.0],[-117.118071,32.890907,0.0],[-117.118118,32.890937,0.0],[-117.118165,32.890966,0.0],[-117.118212,32.890994,0.0],[-117.118261,32.891022,0.0],[-117.118309,32.891049,0.0],[-117.118359,32.891075,0.0],[-117.118409,32.8911,0.0],[-117.118459,32.891125,0.0],[-117.118501,32.891137,0.0],[-117.119259,32.891144,0.0],[-117.119371,32.891145,0.0],[-117.11938,32.891145,0.0],[-117.119441,32.891145,0.0],[-117.119574,32.891146,0.0],[-117.119756,32.891147,0.0],[-117.119932,32.891148,0.0],[-117.120182,32.89115,0.0],[-117.120359,32.891151,0.0],[-117.121534,32.891158,0.0],[-117.122853,32.891167,0.0],[-117.122945,32.891167,0.0],[-117.126754,32.891191,0.0],[-117.126917,32.891193,0.0],[-117.12716,32.891195,0.0],[-117.129318,32.891209,0.0],[-117.129487,32.89121,0.0],[-117.13054,32.891217,0.0],[-117.130543,32.891217,0.0],[-117.130905,32.89122,0.0],[-117.130915,32.89122,0.0],[-117.131106,32.891221,0.0],[-117.131155,32.891221,0.0],[-117.131657,32.891224,0.0],[-117.131763,32.891224,0.0],[-117.132229,32.891227,0.0],[-117.13236,32.891228,0.0],[-117.134133,32.891238,0.0],[-117.134266,32.891239,0.0],[-117.135908,32.89125,0.0],[-117.135898,32.890945,0.0],[-117.135894,32.89081,0.0],[-117.135892,32.890769,0.0],[-117.135829,32.889118,0.0],[-117.135824,32.88899,0.0],[-117.135823,32.888978,0.0],[-117.135794,32.887666,0.0],[-117.135791,32.887573,0.0],[-117.135759,32.886135,0.0],[-117.135756,32.886008,0.0],[-117.135755,32.885985,0.0],[-117.135754,32.885931,0.0],[-117.135754,32.885718,0.0],[-117.135754,32.885693,0.0],[-117.135706,32.883838,0.0],[-117.135338,32.883874,0.0],[-117.134619,32.883885,0.0],[-117.134521,32.883886,0.0],[-117.133347,32.8839,0.0],[-117.130971,32.883927,0.0],[-117.127788,32.883942,0.0],[-117.127689,32.883942,0.0],[-117.127088,32.883945,0.0],[-117.125341,32.883951,0.0],[-117.12527,32.883951,0.0],[-117.125198,32.883951,0.0],[-117.124726,32.883948,0.0],[-117.124635,32.883948,0.0],[-117.124537,32.883948,0.0],[-117.123958,32.883947,0.0],[-117.123355,32.88394,0.0],[-117.121111,32.883914,0.0],[-117.118566,32.883884,0.0],[-117.118403,32.883882,0.0],[-117.117185,32.883898,0.0],[-117.116991,32.884048,0.0]]],[[[-117.117939,32.875537,0.0],[-117.117937,32.87555,0.0],[-117.117936,32.875564,0.0],[-117.117934,32.875578,0.0],[-117.117933,32.875591,0.0],[-117.117932,32.875605,0.0],[-117.11793,32.875619,0.0],[-117.117929,32.875632,0.0],[-117.117927,32.875646,0.0],[-117.117926,32.87566,0.0],[-117.117924,32.875674,0.0],[-117.117923,32.875687,0.0],[-117.117921,32.875701,0.0],[-117.11792,32.875715,0.0],[-117.117918,32.875728,0.0],[-117.117917,32.875742,0.0],[-117.117915,32.875756,0.0],[-117.117914,32.875769,0.0],[-117.117912,32.875783,0.0],[-117.11791,32.875797,0.0],[-117.117909,32.87581,0.0],[-117.117907,32.875824,0.0],[-117.117906,32.875838,0.0],[-117.117904,32.875851,0.0],[-117.117902,32.875865,0.0],[-117.117901,32.875879,0.0],[-117.117899,32.875892,0.0],[-117.117897,32.875906,0.0],[-117.117896,32.87592,0.0],[-117.117894,32.875933,0.0],[-117.117892,32.875947,0.0],[-117.11789,32.875961,0.0],[-117.117889,32.875974,0.0],[-117.117812,32.876421,0.0],[-117.117796,32.876514,0.0],[-117.117795,32.87652,0.0],[-117.117792,32.876533,0.0],[-117.117789,32.876547,0.0],[-117.117787,32.87656,0.0],[-117.117784,32.876574,0.0],[-117.117781,32.876588,0.0],[-117.117781,32.876603,0.0],[-117.117776,32.876615,0.0],[-117.117774,32.876628,0.0],[-117.117771,32.876642,0.0],[-117.117769,32.876655,0.0],[-117.117766,32.876669,0.0],[-117.117764,32.876683,0.0],[-117.117762,32.876696,0.0],[-117.11776,32.87671,0.0],[-117.117757,32.876723,0.0],[-117.117755,32.876737,0.0],[-117.117753,32.876751,0.0],[-117.117751,32.876764,0.0],[-117.117749,32.876778,0.0],[-117.117747,32.876792,0.0],[-117.117745,32.876805,0.0],[-117.117743,32.876819,0.0],[-117.117741,32.876833,0.0],[-117.117739,32.876846,0.0],[-117.117738,32.87686,0.0],[-117.117736,32.876874,0.0],[-117.117734,32.876887,0.0],[-117.117733,32.876901,0.0],[-117.117731,32.876915,0.0],[-117.117729,32.876928,0.0],[-117.117728,32.876942,0.0],[-117.117726,32.876956,0.0],[-117.117725,32.876969,0.0],[-117.117724,32.876983,0.0],[-117.117722,32.876997,0.0],[-117.117721,32.87701,0.0],[-117.11772,32.877024,0.0],[-117.117719,32.877038,0.0],[-117.117717,32.877051,0.0],[-117.117716,32.877065,0.0],[-117.117715,32.877079,0.0],[-117.117714,32.877093,0.0],[-117.117713,32.877106,0.0],[-117.117712,32.87712,0.0],[-117.117711,32.877134,0.0],[-117.11771,32.877148,0.0],[-117.11771,32.877161,0.0],[-117.117709,32.877175,0.0],[-117.117708,32.877189,0.0],[-117.117708,32.877202,0.0],[-117.117707,32.877216,0.0],[-117.117706,32.87723,0.0],[-117.117706,32.877244,0.0],[-117.117705,32.877257,0.0],[-117.117705,32.877271,0.0],[-117.117704,32.877285,0.0],[-117.117704,32.877299,0.0],[-117.117704,32.877312,0.0],[-117.117703,32.877326,0.0],[-117.117703,32.87734,0.0],[-117.117703,32.877354,0.0],[-117.117703,32.877367,0.0],[-117.117703,32.877381,0.0],[-117.117703,32.877395,0.0],[-117.117703,32.877408,0.0],[-117.117703,32.877422,0.0],[-117.117703,32.877436,0.0],[-117.117703,32.87745,0.0],[-117.117703,32.877463,0.0],[-117.117703,32.877477,0.0],[-117.117704,32.877491,0.0],[-117.117704,32.877505,0.0],[-117.117704,32.877518,0.0],[-117.117705,32.877532,0.0],[-117.117705,32.877546,0.0],[-117.117705,32.87756,0.0],[-117.117706,32.877573,0.0],[-117.117706,32.877587,0.0],[-117.117707,32.877601,0.0],[-117.117708,32.877615,0.0],[-117.117708,32.877628,0.0],[-117.117709,32.877642,0.0],[-117.11771,32.877656,0.0],[-117.117711,32.877669,0.0],[-117.117712,32.877683,0.0],[-117.117713,32.877697,0.0],[-117.117714,32.877711,0.0],[-117.117889,32.878925,0.0],[-117.117899,32.878996,0.0],[-117.117909,32.879062,0.0],[-117.118005,32.879836,0.0],[-117.118351,32.880424,0.0],[-117.118356,32.880433,0.0],[-117.118357,32.880436,0.0],[-117.118364,32.880448,0.0],[-117.11837,32.880461,0.0],[-117.118376,32.880474,0.0],[-117.118382,32.880487,0.0],[-117.118387,32.880499,0.0],[-117.118393,32.880512,0.0],[-117.118399,32.880525,0.0],[-117.118404,32.880538,0.0],[-117.11841,32.880551,0.0],[-117.118415,32.880564,0.0],[-117.11842,32.880577,0.0],[-117.118425,32.88059,0.0],[-117.11843,32.880603,0.0],[-117.118435,32.880616,0.0],[-117.11844,32.880629,0.0],[-117.118445,32.880642,0.0],[-117.11845,32.880656,0.0],[-117.118454,32.880669,0.0],[-117.118459,32.880682,0.0],[-117.118463,32.880695,0.0],[-117.118467,32.880709,0.0],[-117.118472,32.880722,0.0],[-117.118476,32.880735,0.0],[-117.11848,32.880748,0.0],[-117.118484,32.880762,0.0],[-117.118488,32.880775,0.0],[-117.118491,32.880789,0.0],[-117.118495,32.880802,0.0],[-117.118498,32.880815,0.0],[-117.118501,32.880827,0.0],[-117.118502,32.880829,0.0],[-117.118505,32.880842,0.0],[-117.118508,32.880856,0.0],[-117.118511,32.880869,0.0],[-117.118515,32.880883,0.0],[-117.118517,32.880896,0.0],[-117.11852,32.88091,0.0],[-117.118519,32.881086,0.0],[-117.11817,32.88111,0.0],[-117.118555,32.883718,0.0],[-117.121229,32.883746,0.0],[-117.121232,32.883746,0.0],[-117.121569,32.883744,0.0],[-117.122342,32.883739,0.0],[-117.12316,32.883733,0.0],[-117.125181,32.883718,0.0],[-117.125379,32.883717,0.0],[-117.127086,32.883705,0.0],[-117.127084,32.883582,0.0],[-117.127083,32.883417,0.0],[-117.127075,32.882613,0.0],[-117.127073,32.882447,0.0],[-117.127036,32.878731,0.0],[-117.127035,32.878583,0.0],[-117.127004,32.875497,0.0],[-117.124564,32.875486,0.0],[-117.123809,32.875483,0.0],[-117.123643,32.87549,0.0],[-117.123627,32.875491,0.0],[-117.122349,32.875475,0.0],[-117.117946,32.875463,0.0],[-117.117945,32.875468,0.0],[-117.117944,32.875482,0.0],[-117.117943,32.875496,0.0],[-117.117941,32.875509,0.0],[-117.11794,32.875523,0.0],[-117.117939,32.875537,0.0]]],[[[-117.11718,32.892673,0.0],[-117.117232,32.892636,0.0],[-117.117279,32.892605,0.0],[-117.117325,32.892573,0.0],[-117.117371,32.89254,0.0],[-117.117416,32.892507,0.0],[-117.11746,32.892473,0.0],[-117.117504,32.892438,0.0],[-117.117546,32.892403,0.0],[-117.117588,32.892367,0.0],[-117.11763,32.892331,0.0],[-117.11767,32.892294,0.0],[-117.11771,32.892256,0.0],[-117.117749,32.892218,0.0],[-117.117787,32.892179,0.0],[-117.117825,32.892139,0.0],[-117.117861,32.892099,0.0],[-117.117897,32.892059,0.0],[-117.117932,32.892018,0.0],[-117.117966,32.891976,0.0],[-117.117999,32.891934,0.0],[-117.118031,32.891892,0.0],[-117.118063,32.891849,0.0],[-117.118093,32.891805,0.0],[-117.118123,32.891762,0.0],[-117.118151,32.891717,0.0],[-117.118179,32.891673,0.0],[-117.118206,32.891627,0.0],[-117.118232,32.891582,0.0],[-117.118257,32.891536,0.0],[-117.118281,32.89149,0.0],[-117.118304,32.891443,0.0],[-117.118326,32.891396,0.0],[-117.118366,32.891325,0.0],[-117.117894,32.891089,0.0],[-117.117881,32.891081,0.0],[-117.117867,32.891074,0.0],[-117.117854,32.891066,0.0],[-117.117841,32.891058,0.0],[-117.117827,32.89105,0.0],[-117.117814,32.891042,0.0],[-117.117801,32.891034,0.0],[-117.117788,32.891026,0.0],[-117.117774,32.891018,0.0],[-117.117761,32.89101,0.0],[-117.117748,32.891002,0.0],[-117.117735,32.890993,0.0],[-117.117722,32.890985,0.0],[-117.11771,32.890976,0.0],[-117.117697,32.890968,0.0],[-117.117684,32.890959,0.0],[-117.117671,32.890951,0.0],[-117.117659,32.890942,0.0],[-117.117646,32.890933,0.0],[-117.117634,32.890925,0.0],[-117.117621,32.890916,0.0],[-117.117609,32.890907,0.0],[-117.117596,32.890898,0.0],[-117.117584,32.890889,0.0],[-117.117572,32.89088,0.0],[-117.11756,32.890871,0.0],[-117.117547,32.890862,0.0],[-117.117535,32.890852,0.0],[-117.117523,32.890843,0.0],[-117.117511,32.890834,0.0],[-117.1175,32.890824,0.0],[-117.117488,32.890815,0.0],[-117.117476,32.890805,0.0],[-117.117464,32.890796,0.0],[-117.117453,32.890786,0.0],[-117.117441,32.890777,0.0],[-117.117429,32.890767,0.0],[-117.117418,32.890757,0.0],[-117.117407,32.890747,0.0],[-117.117395,32.890737,0.0],[-117.117384,32.890727,0.0],[-117.117373,32.890717,0.0],[-117.117362,32.890707,0.0],[-117.117351,32.890697,0.0],[-117.11734,32.890687,0.0],[-117.117329,32.890677,0.0],[-117.117318,32.890667,0.0],[-117.117307,32.890657,0.0],[-117.117296,32.890646,0.0],[-117.117286,32.890636,0.0],[-117.117275,32.890625,0.0],[-117.117264,32.890615,0.0],[-117.117254,32.890604,0.0],[-117.117243,32.890594,0.0],[-117.117233,32.890583,0.0],[-117.117223,32.890573,0.0],[-117.117213,32.890562,0.0],[-117.117203,32.890551,0.0],[-117.117196,32.890544,0.0],[-117.11718,32.892673,0.0]]]]},"properties":{"APN":"7602510800","SITUS_ADDRESS":2660,"SITUS_STREET":"ANTARES","SITUS_SUFFIX":"DR"}},{"type":"Feature","geometry":{"type":"MultiPolygon","coordinates":[[[[-117.116991,32.884048,0.0],[-117.116989,32.884221,0.0],[-117.116989,32.887852,0.0],[-117.11699,32.889279,0.0],[-117.116991,32.889682,0.0],[-117.116991,32.889696,0.0],[-117.116992,32.889699,0.0],[-117.116998,32.889712,0.0],[-117.117003,32.889725,0.0],[-117.117009,32.889738,0.0],[-117.117015,32.889751,0.0],[-117.11702,32.889764,0.0],[-117.117026,32.889777,0.0],[-117.117032,32.88979,0.0],[-117.117038,32.889802,0.0],[-117.117044,32.889815,0.0],[-117.11705,32.889828,0.0],[-117.117057,32.88984,0.0],[-117.117063,32.889853,0.0],[-117.11707,32.889866,0.0],[-117.117076,32.889878,0.0],[-117.117083,32.889891,0.0],[-117.11709,32.889903,0.0],[-117.117096,32.889916,0.0],[-117.117103,32.889928,0.0],[-117.11711,32.889941,0.0],[-117.117117,32.889953,0.0],[-117.117125,32.889965,0.0],[-117.117132,32.889978,0.0],[-117.117139,32.88999,0.0],[-117.117147,32.890002,0.0],[-117.117154,32.890014,0.0],[-117.117162,32.890027,0.0],[-117.117169,32.890039,0.0],[-117.117177,32.890051,0.0],[-117.117185,32.890063,0.0],[-117.117193,32.890075,0.0],[-117.117201,32.890087,0.0],[-117.117209,32.890099,0.0],[-117.117217,32.890111,0.0],[-117.117226,32.890122,0.0],[-117.117234,32.890134,0.0],[-117.117242,32.890146,0.0],[-117.117251,32.890158,0.0],[-117.11726,32.890169,0.0],[-117.117268,32.890181,0.0],[-117.117277,32.890192,0.0],[-117.117286,32.890204,0.0],[-117.117295,32.890215,0.0],[-117.117304,32.890227,0.0],[-117.117313,32.890238,0.0],[-117.117322,32.89025,0.0],[-117.117331,32.890261,0.0],[-117.117341,32.890272,0.0],[-117.11735,32.890283,0.0],[-117.11736,32.890295,0.0],[-117.117369,32.890306,0.0],[-117.117379,32.890317,0.0],[-117.117389,32.890328,0.0],[-117.117398,32.890339,0.0],[-117.117408,32.89035,0.0],[-117.117418,32.890361,0.0],[-117.117428,32.890371,0.0],[-117.117438,32.890382,0.0],[-117.117449,32.890393,0.0],[-117.117459,32.890404,0.0],[-117.117469,32.890414,0.0],[-117.11748,32.890425,0.0],[-117.11749,32.890435,0.0],[-117.117501,32.890446,0.0],[-117.117511,32.890456,0.0],[-117.117522,32.890466,0.0],[-117.117533,32.890477,0.0],[-117.117544,32.890487,0.0],[-117.117555,32.890497,0.0],[-117.117566,32.890507,0.0],[-117.117577,32.890517,0.0],[-117.117588,32.890527,0.0],[-117.117599,32.890537,0.0],[-117.11761,32.890547,0.0],[-117.117622,32.890557,0.0],[-117.117633,32.890567,0.0],[-117.117645,32.890577,0.0],[-117.117652,32.890583,0.0],[-117.117682,32.89061,0.0],[-117.117723,32.890646,0.0],[-117.117764,32.890681,0.0],[-117.117806,32.890715,0.0],[-117.117848,32.890749,0.0],[-117.117891,32.890782,0.0],[-117.117935,32.890814,0.0],[-117.11798,32.890846,0.0],[-117.118025,32.890877,0.0],[-117.118071,32.890907,0.0],[-117.118118,32.890937,0.0],[-117.118165,32.890966,0.0],[-117.118212,32.890994,0.0],[-117.118261,32.891022,0.0],[-117.118309,32.891049,0.0],[-117.118359,32.891075,0.0],[-117.118409,32.8911,0.0],[-117.118459,32.891125,0.0],[-117.118501,32.891137,0.0],[-117.119259,32.891144,0.0],[-117.119371,32.891145,0.0],[-117.11938,32.891145,0.0],[-117.119441,32.891145,0.0],[-117.119574,32.891146,0.0],[-117.119756,32.891147,0.0],[-117.119932,32.891148,0.0],[-117.120182,32.89115,0.0],[-117.120359,32.891151,0.0],[-117.121534,32.891158,0.0],[-117.122853,32.891167,0.0],[-117.122945,32.891167,0.0],[-117.126754,32.891191,0.0],[-117.126917,32.891193,0.0],[-117.12716,32.891195,0.0],[-117.129318,32.891209,0.0],[-117.129487,32.89121,0.0],[-117.13054,32.891217,0.0],[-117.130543,32.891217,0.0],[-117.130905,32.89122,0.0],[-117.130915,32.89122,0.0],[-117.131106,32.891221,0.0],[-117.131155,32.891221,0.0],[-117.131657,32.891224,0.0],[-117.131763,32.891224,0.0],[-117.132229,32.891227,0.0],[-117.13236,32.891228,0.0],[-117.134133,32.891238,0.0],[-117.134266,32.891239,0.0],[-117.135908,32.89125,0.0],[-117.135898,32.890945,0.0],[-117.135894,32.89081,0.0],[-117.135892,32.890769,0.0],[-117.135829,32.889118,0.0],[-117.135824,32.88899,0.0],[-117.135823,32.888978,0.0],[-117.135794,32.887666,0.0],[-117.135791,32.887573,0.0],[-117.135759,32.886135,0.0],[-117.135756,32.886008,0.0],[-117.135755,32.885985,0.0],[-117.135754,32.885931,0.0],[-117.135754,32.885718,0.0],[-117.135754,32.885693,0.0],[-117.135706,32.883838,0.0],[-117.135338,32.883874,0.0],[-117.134619,32.883885,0.0],[-117.134521,32.883886,0.0],[-117.133347,32.8839,0.0],[-117.130971,32.883927,0.0],[-117.127788,32.883942,0.0],[-117.127689,32.883942,0.0],[-117.127088,32.883945,0.0],[-117.125341,32.883951,0.0],[-117.12527,32.883951,0.0],[-117.125198,32.883951,0.0],[-117.124726,32.883948,0.0],[-117.124635,32.883948,0.0],[-117.124537,32.883948,0.0],[-117.123958,32.883947,0.0],[-117.123355,32.88394,0.0],[-117.121111,32.883914,0.0],[-117.118566,32.883884,0.0],[-117.118403,32.883882,0.0],[-117.117185,32.883898,0.0],[-117.116991,32.884048,0.0]]],[[[-117.117939,32.875537,0.0],[-117.117937,32.87555,0.0],[-117.117936,32.875564,0.0],[-117.117934,32.875578,0.0],[-117.117933,32.875591,0.0],[-117.117932,32.875605,0.0],[-117.11793,32.875619,0.0],[-117.117929,32.875632,0.0],[-117.117927,32.875646,0.0],[-117.117926,32.87566,0.0],[-117.117924,32.875674,0.0],[-117.117923,32.875687,0.0],[-117.117921,32.875701,0.0],[-117.11792,32.875715,0.0],[-117.117918,32.875728,0.0],[-117.117917,32.875742,0.0],[-117.117915,32.875756,0.0],[-117.117914,32.875769,0.0],[-117.117912,32.875783,0.0],[-117.11791,32.875797,0.0],[-117.117909,32.87581,0.0],[-117.117907,32.875824,0.0],[-117.117906,32.875838,0.0],[-117.117904,32.875851,0.0],[-117.117902,32.875865,0.0],[-117.117901,32.875879,0.0],[-117.117899,32.875892,0.0],[-117.117897,32.875906,0.0],[-117.117896,32.87592,0.0],[-117.117894,32.875933,0.0],[-117.117892,32.875947,0.0],[-117.11789,32.875961,0.0],[-117.117889,32.875974,0.0],[-117.117812,32.876421,0.0],[-117.117796,32.876514,0.0],[-117.117795,32.87652,0.0],[-117.117792,32.876533,0.0],[-117.117789,32.876547,0.0],[-117.117787,32.87656,0.0],[-117.117784,32.876574,0.0],[-117.117781,32.876588,0.0],[-117.117781,32.876603,0.0],[-117.117776,32.876615,0.0],[-117.117774,32.876628,0.0],[-117.117771,32.876642,0.0],[-117.117769,32.876655,0.0],[-117.117766,32.876669,0.0],[-117.117764,32.876683,0.0],[-117.117762,32.876696,0.0],[-117.11776,32.87671,0.0],[-117.117757,32.876723,0.0],[-117.117755,32.876737,0.0],[-117.117753,32.876751,0.0],[-117.117751,32.876764,0.0],[-117.117749,32.876778,0.0],[-117.117747,32.876792,0.0],[-117.117745,32.876805,0.0],[-117.117743,32.876819,0.0],[-117.117741,32.876833,0.0],[-117.117739,32.876846,0.0],[-117.117738,32.87686,0.0],[-117.117736,32.876874,0.0],[-117.117734,32.876887,0.0],[-117.117733,32.876901,0.0],[-117.117731,32.876915,0.0],[-117.117729,32.876928,0.0],[-117.117728,32.876942,0.0],[-117.117726,32.876956,0.0],[-117.117725,32.876969,0.0],[-117.117724,32.876983,0.0],[-117.117722,32.876997,0.0],[-117.117721,32.87701,0.0],[-117.11772,32.877024,0.0],[-117.117719,32.877038,0.0],[-117.117717,32.877051,0.0],[-117.117716,32.877065,0.0],[-117.117715,32.877079,0.0],[-117.117714,32.877093,0.0],[-117.117713,32.877106,0.0],[-117.117712,32.87712,0.0],[-117.117711,32.877134,0.0],[-117.11771,32.877148,0.0],[-117.11771,32.877161,0.0],[-117.117709,32.877175,0.0],[-117.117708,32.877189,0.0],[-117.117708,32.877202,0.0],[-117.117707,32.877216,0.0],[-117.117706,32.87723,0.0],[-117.117706,32.877244,0.0],[-117.117705,32.877257,0.0],[-117.117705,32.877271,0.0],[-117.117704,32.877285,0.0],[-117.117704,32.877299,0.0],[-117.117704,32.877312,0.0],[-117.117703,32.877326,0.0],[-117.117703,32.87734,0.0],[-117.117703,32.877354,0.0],[-117.117703,32.877367,0.0],[-117.117703,32.877381,0.0],[-117.117703,32.877395,0.0],[-117.117703,32.877408,0.0],[-117.117703,32.877422,0.0],[-117.117703,32.877436,0.0],[-117.117703,32.87745,0.0],[-117.117703,32.877463,0.0],[-117.117703,32.877477,0.0],[-117.117704,32.877491,0.0],[-117.117704,32.877505,0.0],[-117.117704,32.877518,0.0],[-117.117705,32.877532,0.0],[-117.117705,32.877546,0.0],[-117.117705,32.87756,0.0],[-117.117706,32.877573,0.0],[-117.117706,32.877587,0.0],[-117.117707,32.877601,0.0],[-117.117708,32.877615,0.0],[-117.117708,32.877628,0.0],[-117.117709,32.877642,0.0],[-117.11771,32.877656,0.0],[-117.117711,32.877669,0.0],[-117.117712,32.877683,0.0],[-117.117713,32.877697,0.0],[-117.117714,32.877711,0.0],[-117.117889,32.878925,0.0],[-117.117899,32.878996,0.0],[-117.117909,32.879062,0.0],[-117.118005,32.879836,0.0],[-117.118351,32.880424,0.0],[-117.118356,32.880433,0.0],[-117.118357,32.880436,0.0],[-117.118364,32.880448,0.0],[-117.11837,32.880461,0.0],[-117.118376,32.880474,0.0],[-117.118382,32.880487,0.0],[-117.118387,32.880499,0.0],[-117.118393,32.880512,0.0],[-117.118399,32.880525,0.0],[-117.118404,32.880538,0.0],[-117.11841,32.880551,0.0],[-117.118415,32.880564,0.0],[-117.11842,32.880577,0.0],[-117.118425,32.88059,0.0],[-117.11843,32.880603,0.0],[-117.118435,32.880616,0.0],[-117.11844,32.880629,0.0],[-117.118445,32.880642,0.0],[-117.11845,32.880656,0.0],[-117.118454,32.880669,0.0],[-117.118459,32.880682,0.0],[-117.118463,32.880695,0.0],[-117.118467,32.880709,0.0],[-117.118472,32.880722,0.0],[-117.118476,32.880735,0.0],[-117.11848,32.880748,0.0],[-117.118484,32.880762,0.0],[-117.118488,32.880775,0.0],[-117.118491,32.880789,0.0],[-117.118495,32.880802,0.0],[-117.118498,32.880815,0.0],[-117.118501,32.880827,0.0],[-117.118502,32.880829,0.0],[-117.118505,32.880842,0.0],[-117.118508,32.880856,0.0],[-117.118511,32.880869,0.0],[-117.118515,32.880883,0.0],[-117.118517,32.880896,0.0],[-117.11852,32.88091,0.0],[-117.118519,32.881086,0.0],[-117.11817,32.88111,0.0],[-117.118555,32.883718,0.0],[-117.121229,32.883746,0.0],[-117.121232,32.883746,0.0],[-117.121569,32.883744,0.0],[-117.122342,32.883739,0.0],[-117.12316,32.883733,0.0],[-117.125181,32.883718,0.0],[-117.125379,32.883717,0.0],[-117.127086,32.883705,0.0],[-117.127084,32.883582,0.0],[-117.127083,32.883417,0.0],[-117.127075,32.882613,0.0],[-117.127073,32.882447,0.0],[-117.127036,32.878731,0.0],[-117.127035,32.878583,0.0],[-117.127004,32.875497,0.0],[-117.124564,32.875486,0.0],[-117.123809,32.875483,0.0],[-117.123643,32.87549,0.0],[-117.123627,32.875491,0.0],[-117.122349,32.875475,0.0],[-117.117946,32.875463,0.0],[-117.117945,32.875468,0.0],[-117.117944,32.875482,0.0],[-117.117943,32.875496,0.0],[-117.117941,32.875509,0.0],[-117.11794,32.875523,0.0],[-117.117939,32.875537,0.0]]],[[[-117.11718,32.892673,0.0],[-117.117232,32.892636,0.0],[-117.117279,32.892605,0.0],[-117.117325,32.892573,0.0],[-117.117371,32.89254,0.0],[-117.117416,32.892507,0.0],[-117.11746,32.892473,0.0],[-117.117504,32.892438,0.0],[-117.117546,32.892403,0.0],[-117.117588,32.892367,0.0],[-117.11763,32.892331,0.0],[-117.11767,32.892294,0.0],[-117.11771,32.892256,0.0],[-117.117749,32.892218,0.0],[-117.117787,32.892179,0.0],[-117.117825,32.892139,0.0],[-117.117861,32.892099,0.0],[-117.117897,32.892059,0.0],[-117.117932,32.892018,0.0],[-117.117966,32.891976,0.0],[-117.117999,32.891934,0.0],[-117.118031,32.891892,0.0],[-117.118063,32.891849,0.0],[-117.118093,32.891805,0.0],[-117.118123,32.891762,0.0],[-117.118151,32.891717,0.0],[-117.118179,32.891673,0.0],[-117.118206,32.891627,0.0],[-117.118232,32.891582,0.0],[-117.118257,32.891536,0.0],[-117.118281,32.89149,0.0],[-117.118304,32.891443,0.0],[-117.118326,32.891396,0.0],[-117.118366,32.891325,0.0],[-117.117894,32.891089,0.0],[-117.117881,32.891081,0.0],[-117.117867,32.891074,0.0],[-117.117854,32.891066,0.0],[-117.117841,32.891058,0.0],[-117.117827,32.89105,0.0],[-117.117814,32.891042,0.0],[-117.117801,32.891034,0.0],[-117.117788,32.891026,0.0],[-117.117774,32.891018,0.0],[-117.117761,32.89101,0.0],[-117.117748,32.891002,0.0],[-117.117735,32.890993,0.0],[-117.117722,32.890985,0.0],[-117.11771,32.890976,0.0],[-117.117697,32.890968,0.0],[-117.117684,32.890959,0.0],[-117.117671,32.890951,0.0],[-117.117659,32.890942,0.0],[-117.117646,32.890933,0.0],[-117.117634,32.890925,0.0],[-117.117621,32.890916,0.0],[-117.117609,32.890907,0.0],[-117.117596,32.890898,0.0],[-117.117584,32.890889,0.0],[-117.117572,32.89088,0.0],[-117.11756,32.890871,0.0],[-117.117547,32.890862,0.0],[-117.117535,32.890852,0.0],[-117.117523,32.890843,0.0],[-117.117511,32.890834,0.0],[-117.1175,32.890824,0.0],[-117.117488,32.890815,0.0],[-117.117476,32.890805,0.0],[-117.117464,32.890796,0.0],[-117.117453,32.890786,0.0],[-117.117441,32.890777,0.0],[-117.117429,32.890767,0.0],[-117.117418,32.890757,0.0],[-117.117407,32.890747,0.0],[-117.117395,32.890737,0.0],[-117.117384,32.890727,0.0],[-117.117373,32.890717,0.0],[-117.117362,32.890707,0.0],[-117.117351,32.890697,0.0],[-117.11734,32.890687,0.0],[-117.117329,32.890677,0.0],[-117.117318,32.890667,0.0],[-117.117307,32.890657,0.0],[-117.117296,32.890646,0.0],[-117.117286,32.890636,0.0],[-117.117275,32.890625,0.0],[-117.117264,32.890615,0.0],[-117.117254,32.890604,0.0],[-117.117243,32.890594,0.0],[-117.117233,32.890583,0.0],[-117.117223,32.890573,0.0],[-117.117213,32.890562,0.0],[-117.117203,32.890551,0.0],[-117.117196,32.890544,0.0],[-117.11718,32.892673,0.0]]]]},"properties":{"APN":"7602511200","SITUS_ADDRESS":0,"SITUS_STREET":"MIRAMAR","SITUS_SUFFIX":"RD"}},{"type":"Feature","geometry":{"type":"MultiPolygon","coordinates":[[[[-117.116991,32.884048,0.0],[-117.116989,32.884221,0.0],[-117.116989,32.887852,0.0],[-117.11699,32.889279,0.0],[-117.116991,32.889682,0.0],[-117.116991,32.889696,0.0],[-117.116992,32.889699,0.0],[-117.116998,32.889712,0.0],[-117.117003,32.889725,0.0],[-117.117009,32.889738,0.0],[-117.117015,32.889751,0.0],[-117.11702,32.889764,0.0],[-117.117026,32.889777,0.0],[-117.117032,32.88979,0.0],[-117.117038,32.889802,0.0],[-117.117044,32.889815,0.0],[-117.11705,32.889828,0.0],[-117.117057,32.88984,0.0],[-117.117063,32.889853,0.0],[-117.11707,32.889866,0.0],[-117.117076,32.889878,0.0],[-117.117083,32.889891,0.0],[-117.11709,32.889903,0.0],[-117.117096,32.889916,0.0],[-117.117103,32.889928,0.0],[-117.11711,32.889941,0.0],[-117.117117,32.889953,0.0],[-117.117125,32.889965,0.0],[-117.117132,32.889978,0.0],[-117.117139,32.88999,0.0],[-117.117147,32.890002,0.0],[-117.117154,32.890014,0.0],[-117.117162,32.890027,0.0],[-117.117169,32.890039,0.0],[-117.117177,32.890051,0.0],[-117.117185,32.890063,0.0],[-117.117193,32.890075,0.0],[-117.117201,32.890087,0.0],[-117.117209,32.890099,0.0],[-117.117217,32.890111,0.0],[-117.117226,32.890122,0.0],[-117.117234,32.890134,0.0],[-117.117242,32.890146,0.0],[-117.117251,32.890158,0.0],[-117.11726,32.890169,0.0],[-117.117268,32.890181,0.0],[-117.117277,32.890192,0.0],[-117.117286,32.890204,0.0],[-117.117295,32.890215,0.0],[-117.117304,32.890227,0.0],[-117.117313,32.890238,0.0],[-117.117322,32.89025,0.0],[-117.117331,32.890261,0.0],[-117.117341,32.890272,0.0],[-117.11735,32.890283,0.0],[-117.11736,32.890295,0.0],[-117.117369,32.890306,0.0],[-117.117379,32.890317,0.0],[-117.117389,32.890328,0.0],[-117.117398,32.890339,0.0],[-117.117408,32.89035,0.0],[-117.117418,32.890361,0.0],[-117.117428,32.890371,0.0],[-117.117438,32.890382,0.0],[-117.117449,32.890393,0.0],[-117.117459,32.890404,0.0],[-117.117469,32.890414,0.0],[-117.11748,32.890425,0.0],[-117.11749,32.890435,0.0],[-117.117501,32.890446,0.0],[-117.117511,32.890456,0.0],[-117.117522,32.890466,0.0],[-117.117533,32.890477,0.0],[-117.117544,32.890487,0.0],[-117.117555,32.890497,0.0],[-117.117566,32.890507,0.0],[-117.117577,32.890517,0.0],[-117.117588,32.890527,0.0],[-117.117599,32.890537,0.0],[-117.11761,32.890547,0.0],[-117.117622,32.890557,0.0],[-117.117633,32.890567,0.0],[-117.117645,32.890577,0.0],[-117.117652,32.890583,0.0],[-117.117682,32.89061,0.0],[-117.117723,32.890646,0.0],[-117.117764,32.890681,0.0],[-117.117806,32.890715,0.0],[-117.117848,32.890749,0.0],[-117.117891,32.890782,0.0],[-117.117935,32.890814,0.0],[-117.11798,32.890846,0.0],[-117.118025,32.890877,0.0],[-117.118071,32.890907,0.0],[-117.118118,32.890937,0.0],[-117.118165,32.890966,0.0],[-117.118212,32.890994,0.0],[-117.118261,32.891022,0.0],[-117.118309,32.891049,0.0],[-117.118359,32.891075,0.0],[-117.118409,32.8911,0.0],[-117.118459,32.891125,0.0],[-117.118501,32.891137,0.0],[-117.119259,32.891144,0.0],[-117.119371,32.891145,0.0],[-117.11938,32.891145,0.0],[-117.119441,32.891145,0.0],[-117.119574,32.891146,0.0],[-117.119756,32.891147,0.0],[-117.119932,32.891148,0.0],[-117.120182,32.89115,0.0],[-117.120359,32.891151,0.0],[-117.121534,32.891158,0.0],[-117.122853,32.891167,0.0],[-117.122945,32.891167,0.0],[-117.126754,32.891191,0.0],[-117.126917,32.891193,0.0],[-117.12716,32.891195,0.0],[-117.129318,32.891209,0.0],[-117.129487,32.89121,0.0],[-117.13054,32.891217,0.0],[-117.130543,32.891217,0.0],[-117.130905,32.89122,0.0],[-117.130915,32.89122,0.0],[-117.131106,32.891221,0.0],[-117.131155,32.891221,0.0],[-117.131657,32.891224,0.0],[-117.131763,32.891224,0.0],[-117.132229,32.891227,0.0],[-117.13236,32.891228,0.0],[-117.134133,32.891238,0.0],[-117.134266,32.891239,0.0],[-117.135908,32.89125,0.0],[-117.135898,32.890945,0.0],[-117.135894,32.89081,0.0],[-117.135892,32.890769,0.0],[-117.135829,32.889118,0.0],[-117.135824,32.88899,0.0],[-117.135823,32.888978,0.0],[-117.135794,32.887666,0.0],[-117.135791,32.887573,0.0],[-117.135759,32.886135,0.0],[-117.135756,32.886008,0.0],[-117.135755,32.885985,0.0],[-117.135754,32.885931,0.0],[-117.135754,32.885718,0.0],[-117.135754,32.885693,0.0],[-117.135706,32.883838,0.0],[-117.135338,32.883874,0.0],[-117.134619,32.883885,0.0],[-117.134521,32.883886,0.0],[-117.133347,32.8839,0.0],[-117.130971,32.883927,0.0],[-117.127788,32.883942,0.0],[-117.127689,32.883942,0.0],[-117.127088,32.883945,0.0],[-117.125341,32.883951,0.0],[-117.12527,32.883951,0.0],[-117.125198,32.883951,0.0],[-117.124726,32.883948,0.0],[-117.124635,32.883948,0.0],[-117.124537,32.883948,0.0],[-117.123958,32.883947,0.0],[-117.123355,32.88394,0.0],[-117.121111,32.883914,0.0],[-117.118566,32.883884,0.0],[-117.118403,32.883882,0.0],[-117.117185,32.883898,0.0],[-117.116991,32.884048,0.0]]],[[[-117.117939,32.875537,0.0],[-117.117937,32.87555,0.0],[-117.117936,32.875564,0.0],[-117.117934,32.875578,0.0],[-117.117933,32.875591,0.0],[-117.117932,32.875605,0.0],[-117.11793,32.875619,0.0],[-117.117929,32.875632,0.0],[-117.117927,32.875646,0.0],[-117.117926,32.87566,0.0],[-117.117924,32.875674,0.0],[-117.117923,32.875687,0.0],[-117.117921,32.875701,0.0],[-117.11792,32.875715,0.0],[-117.117918,32.875728,0.0],[-117.117917,32.875742,0.0],[-117.117915,32.875756,0.0],[-117.117914,32.875769,0.0],[-117.117912,32.875783,0.0],[-117.11791,32.875797,0.0],[-117.117909,32.87581,0.0],[-117.117907,32.875824,0.0],[-117.117906,32.875838,0.0],[-117.117904,32.875851,0.0],[-117.117902,32.875865,0.0],[-117.117901,32.875879,0.0],[-117.117899,32.875892,0.0],[-117.117897,32.875906,0.0],[-117.117896,32.87592,0.0],[-117.117894,32.875933,0.0],[-117.117892,32.875947,0.0],[-117.11789,32.875961,0.0],[-117.117889,32.875974,0.0],[-117.117812,32.876421,0.0],[-117.117796,32.876514,0.0],[-117.117795,32.87652,0.0],[-117.117792,32.876533,0.0],[-117.117789,32.876547,0.0],[-117.117787,32.87656,0.0],[-117.117784,32.876574,0.0],[-117.117781,32.876588,0.0],[-117.117781,32.876603,0.0],[-117.117776,32.876615,0.0],[-117.117774,32.876628,0.0],[-117.117771,32.876642,0.0],[-117.117769,32.876655,0.0],[-117.117766,32.876669,0.0],[-117.117764,32.876683,0.0],[-117.117762,32.876696,0.0],[-117.11776,32.87671,0.0],[-117.117757,32.876723,0.0],[-117.117755,32.876737,0.0],[-117.117753,32.876751,0.0],[-117.117751,32.876764,0.0],[-117.117749,32.876778,0.0],[-117.117747,32.876792,0.0],[-117.117745,32.876805,0.0],[-117.117743,32.876819,0.0],[-117.117741,32.876833,0.0],[-117.117739,32.876846,0.0],[-117.117738,32.87686,0.0],[-117.117736,32.876874,0.0],[-117.117734,32.876887,0.0],[-117.117733,32.876901,0.0],[-117.117731,32.876915,0.0],[-117.117729,32.876928,0.0],[-117.117728,32.876942,0.0],[-117.117726,32.876956,0.0],[-117.117725,32.876969,0.0],[-117.117724,32.876983,0.0],[-117.117722,32.876997,0.0],[-117.117721,32.87701,0.0],[-117.11772,32.877024,0.0],[-117.117719,32.877038,0.0],[-117.117717,32.877051,0.0],[-117.117716,32.877065,0.0],[-117.117715,32.877079,0.0],[-117.117714,32.877093,0.0],[-117.117713,32.877106,0.0],[-117.117712,32.87712,0.0],[-117.117711,32.877134,0.0],[-117.11771,32.877148,0.0],[-117.11771,32.877161,0.0],[-117.117709,32.877175,0.0],[-117.117708,32.877189,0.0],[-117.117708,32.877202,0.0],[-117.117707,32.877216,0.0],[-117.117706,32.87723,0.0],[-117.117706,32.877244,0.0],[-117.117705,32.877257,0.0],[-117.117705,32.877271,0.0],[-117.117704,32.877285,0.0],[-117.117704,32.877299,0.0],[-117.117704,32.877312,0.0],[-117.117703,32.877326,0.0],[-117.117703,32.87734,0.0],[-117.117703,32.877354,0.0],[-117.117703,32.877367,0.0],[-117.117703,32.877381,0.0],[-117.117703,32.877395,0.0],[-117.117703,32.877408,0.0],[-117.117703,32.877422,0.0],[-117.117703,32.877436,0.0],[-117.117703,32.87745,0.0],[-117.117703,32.877463,0.0],[-117.117703,32.877477,0.0],[-117.117704,32.877491,0.0],[-117.117704,32.877505,0.0],[-117.117704,32.877518,0.0],[-117.117705,32.877532,0.0],[-117.117705,32.877546,0.0],[-117.117705,32.87756,0.0],[-117.117706,32.877573,0.0],[-117.117706,32.877587,0.0],[-117.117707,32.877601,0.0],[-117.117708,32.877615,0.0],[-117.117708,32.877628,0.0],[-117.117709,32.877642,0.0],[-117.11771,32.877656,0.0],[-117.117711,32.877669,0.0],[-117.117712,32.877683,0.0],[-117.117713,32.877697,0.0],[-117.117714,32.877711,0.0],[-117.117889,32.878925,0.0],[-117.117899,32.878996,0.0],[-117.117909,32.879062,0.0],[-117.118005,32.879836,0.0],[-117.118351,32.880424,0.0],[-117.118356,32.880433,0.0],[-117.118357,32.880436,0.0],[-117.118364,32.880448,0.0],[-117.11837,32.880461,0.0],[-117.118376,32.880474,0.0],[-117.118382,32.880487,0.0],[-117.118387,32.880499,0.0],[-117.118393,32.880512,0.0],[-117.118399,32.880525,0.0],[-117.118404,32.880538,0.0],[-117.11841,32.880551,0.0],[-117.118415,32.880564,0.0],[-117.11842,32.880577,0.0],[-117.118425,32.88059,0.0],[-117.11843,32.880603,0.0],[-117.118435,32.880616,0.0],[-117.11844,32.880629,0.0],[-117.118445,32.880642,0.0],[-117.11845,32.880656,0.0],[-117.118454,32.880669,0.0],[-117.118459,32.880682,0.0],[-117.118463,32.880695,0.0],[-117.118467,32.880709,0.0],[-117.118472,32.880722,0.0],[-117.118476,32.880735,0.0],[-117.11848,32.880748,0.0],[-117.118484,32.880762,0.0],[-117.118488,32.880775,0.0],[-117.118491,32.880789,0.0],[-117.118495,32.880802,0.0],[-117.118498,32.880815,0.0],[-117.118501,32.880827,0.0],[-117.118502,32.880829,0.0],[-117.118505,32.880842,0.0],[-117.118508,32.880856,0.0],[-117.118511,32.880869,0.0],[-117.118515,32.880883,0.0],[-117.118517,32.880896,0.0],[-117.11852,32.88091,0.0],[-117.118519,32.881086,0.0],[-117.11817,32.88111,0.0],[-117.118555,32.883718,0.0],[-117.121229,32.883746,0.0],[-117.121232,32.883746,0.0],[-117.121569,32.883744,0.0],[-117.122342,32.883739,0.0],[-117.12316,32.883733,0.0],[-117.125181,32.883718,0.0],[-117.125379,32.883717,0.0],[-117.127086,32.883705,0.0],[-117.127084,32.883582,0.0],[-117.127083,32.883417,0.0],[-117.127075,32.882613,0.0],[-117.127073,32.882447,0.0],[-117.127036,32.878731,0.0],[-117.127035,32.878583,0.0],[-117.127004,32.875497,0.0],[-117.124564,32.875486,0.0],[-117.123809,32.875483,0.0],[-117.123643,32.87549,0.0],[-117.123627,32.875491,0.0],[-117.122349,32.875475,0.0],[-117.117946,32.875463,0.0],[-117.117945,32.875468,0.0],[-117.117944,32.875482,0.0],[-117.117943,32.875496,0.0],[-117.117941,32.875509,0.0],[-117.11794,32.875523,0.0],[-117.117939,32.875537,0.0]]],[[[-117.11718,32.892673,0.0],[-117.117232,32.892636,0.0],[-117.117279,32.892605,0.0],[-117.117325,32.892573,0.0],[-117.117371,32.89254,0.0],[-117.117416,32.892507,0.0],[-117.11746,32.892473,0.0],[-117.117504,32.892438,0.0],[-117.117546,32.892403,0.0],[-117.117588,32.892367,0.0],[-117.11763,32.892331,0.0],[-117.11767,32.892294,0.0],[-117.11771,32.892256,0.0],[-117.117749,32.892218,0.0],[-117.117787,32.892179,0.0],[-117.117825,32.892139,0.0],[-117.117861,32.892099,0.0],[-117.117897,32.892059,0.0],[-117.117932,32.892018,0.0],[-117.117966,32.891976,0.0],[-117.117999,32.891934,0.0],[-117.118031,32.891892,0.0],[-117.118063,32.891849,0.0],[-117.118093,32.891805,0.0],[-117.118123,32.891762,0.0],[-117.118151,32.891717,0.0],[-117.118179,32.891673,0.0],[-117.118206,32.891627,0.0],[-117.118232,32.891582,0.0],[-117.118257,32.891536,0.0],[-117.118281,32.89149,0.0],[-117.118304,32.891443,0.0],[-117.118326,32.891396,0.0],[-117.118366,32.891325,0.0],[-117.117894,32.891089,0.0],[-117.117881,32.891081,0.0],[-117.117867,32.891074,0.0],[-117.117854,32.891066,0.0],[-117.117841,32.891058,0.0],[-117.117827,32.89105,0.0],[-117.117814,32.891042,0.0],[-117.117801,32.891034,0.0],[-117.117788,32.891026,0.0],[-117.117774,32.891018,0.0],[-117.117761,32.89101,0.0],[-117.117748,32.891002,0.0],[-117.117735,32.890993,0.0],[-117.117722,32.890985,0.0],[-117.11771,32.890976,0.0],[-117.117697,32.890968,0.0],[-117.117684,32.890959,0.0],[-117.117671,32.890951,0.0],[-117.117659,32.890942,0.0],[-117.117646,32.890933,0.0],[-117.117634,32.890925,0.0],[-117.117621,32.890916,0.0],[-117.117609,32.890907,0.0],[-117.117596,32.890898,0.0],[-117.117584,32.890889,0.0],[-117.117572,32.89088,0.0],[-117.11756,32.890871,0.0],[-117.117547,32.890862,0.0],[-117.117535,32.890852,0.0],[-117.117523,32.890843,0.0],[-117.117511,32.890834,0.0],[-117.1175,32.890824,0.0],[-117.117488,32.890815,0.0],[-117.117476,32.890805,0.0],[-117.117464,32.890796,0.0],[-117.117453,32.890786,0.0],[-117.117441,32.890777,0.0],[-117.117429,32.890767,0.0],[-117.117418,32.890757,0.0],[-117.117407,32.890747,0.0],[-117.117395,32.890737,0.0],[-117.117384,32.890727,0.0],[-117.117373,32.890717,0.0],[-117.117362,32.890707,0.0],[-117.117351,32.890697,0.0],[-117.11734,32.890687,0.0],[-117.117329,32.890677,0.0],[-117.117318,32.890667,0.0],[-117.117307,32.890657,0.0],[-117.117296,32.890646,0.0],[-117.117286,32.890636,0.0],[-117.117275,32.890625,0.0],[-117.117264,32.890615,0.0],[-117.117254,32.890604,0.0],[-117.117243,32.890594,0.0],[-117.117233,32.890583,0.0],[-117.117223,32.890573,0.0],[-117.117213,32.890562,0.0],[-117.117203,32.890551,0.0],[-117.117196,32.890544,0.0],[-117.11718,32.892673,0.0]]]]},"properties":{"APN":"7602511500","SITUS_ADDRESS":0,"SITUS_STREET":"MIRAMAR","SITUS_SUFFIX":"RD"}},{"type":"Feature","geometry":{"type":"MultiPolygon","coordinates":[[[[-117.116991,32.884048,0.0],[-117.116989,32.884221,0.0],[-117.116989,32.887852,0.0],[-117.11699,32.889279,0.0],[-117.116991,32.889682,0.0],[-117.116991,32.889696,0.0],[-117.116992,32.889699,0.0],[-117.116998,32.889712,0.0],[-117.117003,32.889725,0.0],[-117.117009,32.889738,0.0],[-117.117015,32.889751,0.0],[-117.11702,32.889764,0.0],[-117.117026,32.889777,0.0],[-117.117032,32.88979,0.0],[-117.117038,32.889802,0.0],[-117.117044,32.889815,0.0],[-117.11705,32.889828,0.0],[-117.117057,32.88984,0.0],[-117.117063,32.889853,0.0],[-117.11707,32.889866,0.0],[-117.117076,32.889878,0.0],[-117.117083,32.889891,0.0],[-117.11709,32.889903,0.0],[-117.117096,32.889916,0.0],[-117.117103,32.889928,0.0],[-117.11711,32.889941,0.0],[-117.117117,32.889953,0.0],[-117.117125,32.889965,0.0],[-117.117132,32.889978,0.0],[-117.117139,32.88999,0.0],[-117.117147,32.890002,0.0],[-117.117154,32.890014,0.0],[-117.117162,32.890027,0.0],[-117.117169,32.890039,0.0],[-117.117177,32.890051,0.0],[-117.117185,32.890063,0.0],[-117.117193,32.890075,0.0],[-117.117201,32.890087,0.0],[-117.117209,32.890099,0.0],[-117.117217,32.890111,0.0],[-117.117226,32.890122,0.0],[-117.117234,32.890134,0.0],[-117.117242,32.890146,0.0],[-117.117251,32.890158,0.0],[-117.11726,32.890169,0.0],[-117.117268,32.890181,0.0],[-117.117277,32.890192,0.0],[-117.117286,32.890204,0.0],[-117.117295,32.890215,0.0],[-117.117304,32.890227,0.0],[-117.117313,32.890238,0.0],[-117.117322,32.89025,0.0],[-117.117331,32.890261,0.0],[-117.117341,32.890272,0.0],[-117.11735,32.890283,0.0],[-117.11736,32.890295,0.0],[-117.117369,32.890306,0.0],[-117.117379,32.890317,0.0],[-117.117389,32.890328,0.0],[-117.117398,32.890339,0.0],[-117.117408,32.89035,0.0],[-117.117418,32.890361,0.0],[-117.117428,32.890371,0.0],[-117.117438,32.890382,0.0],[-117.117449,32.890393,0.0],[-117.117459,32.890404,0.0],[-117.117469,32.890414,0.0],[-117.11748,32.890425,0.0],[-117.11749,32.890435,0.0],[-117.117501,32.890446,0.0],[-117.117511,32.890456,0.0],[-117.117522,32.890466,0.0],[-117.117533,32.890477,0.0],[-117.117544,32.890487,0.0],[-117.117555,32.890497,0.0],[-117.117566,32.890507,0.0],[-117.117577,32.890517,0.0],[-117.117588,32.890527,0.0],[-117.117599,32.890537,0.0],[-117.11761,32.890547,0.0],[-117.117622,32.890557,0.0],[-117.117633,32.890567,0.0],[-117.117645,32.890577,0.0],[-117.117652,32.890583,0.0],[-117.117682,32.89061,0.0],[-117.117723,32.890646,0.0],[-117.117764,32.890681,0.0],[-117.117806,32.890715,0.0],[-117.117848,32.890749,0.0],[-117.117891,32.890782,0.0],[-117.117935,32.890814,0.0],[-117.11798,32.890846,0.0],[-117.118025,32.890877,0.0],[-117.118071,32.890907,0.0],[-117.118118,32.890937,0.0],[-117.118165,32.890966,0.0],[-117.118212,32.890994,0.0],[-117.118261,32.891022,0.0],[-117.118309,32.891049,0.0],[-117.118359,32.891075,0.0],[-117.118409,32.8911,0.0],[-117.118459,32.891125,0.0],[-117.118501,32.891137,0.0],[-117.119259,32.891144,0.0],[-117.119371,32.891145,0.0],[-117.11938,32.891145,0.0],[-117.119441,32.891145,0.0],[-117.119574,32.891146,0.0],[-117.119756,32.891147,0.0],[-117.119932,32.891148,0.0],[-117.120182,32.89115,0.0],[-117.120359,32.891151,0.0],[-117.121534,32.891158,0.0],[-117.122853,32.891167,0.0],[-117.122945,32.891167,0.0],[-117.126754,32.891191,0.0],[-117.126917,32.891193,0.0],[-117.12716,32.891195,0.0],[-117.129318,32.891209,0.0],[-117.129487,32.89121,0.0],[-117.13054,32.891217,0.0],[-117.130543,32.891217,0.0],[-117.130905,32.89122,0.0],[-117.130915,32.89122,0.0],[-117.131106,32.891221,0.0],[-117.131155,32.891221,0.0],[-117.131657,32.891224,0.0],[-117.131763,32.891224,0.0],[-117.132229,32.891227,0.0],[-117.13236,32.891228,0.0],[-117.134133,32.891238,0.0],[-117.134266,32.891239,0.0],[-117.135908,32.89125,0.0],[-117.135898,32.890945,0.0],[-117.135894,32.89081,0.0],[-117.135892,32.890769,0.0],[-117.135829,32.889118,0.0],[-117.135824,32.88899,0.0],[-117.135823,32.888978,0.0],[-117.135794,32.887666,0.0],[-117.135791,32.887573,0.0],[-117.135759,32.886135,0.0],[-117.135756,32.886008,0.0],[-117.135755,32.885985,0.0],[-117.135754,32.885931,0.0],[-117.135754,32.885718,0.0],[-117.135754,32.885693,0.0],[-117.135706,32.883838,0.0],[-117.135338,32.883874,0.0],[-117.134619,32.883885,0.0],[-117.134521,32.883886,0.0],[-117.133347,32.8839,0.0],[-117.130971,32.883927,0.0],[-117.127788,32.883942,0.0],[-117.127689,32.883942,0.0],[-117.127088,32.883945,0.0],[-117.125341,32.883951,0.0],[-117.12527,32.883951,0.0],[-117.125198,32.883951,0.0],[-117.124726,32.883948,0.0],[-117.124635,32.883948,0.0],[-117.124537,32.883948,0.0],[-117.123958,32.883947,0.0],[-117.123355,32.88394,0.0],[-117.121111,32.883914,0.0],[-117.118566,32.883884,0.0],[-117.118403,32.883882,0.0],[-117.117185,32.883898,0.0],[-117.116991,32.884048,0.0]]],[[[-117.117939,32.875537,0.0],[-117.117937,32.87555,0.0],[-117.117936,32.875564,0.0],[-117.117934,32.875578,0.0],[-117.117933,32.875591,0.0],[-117.117932,32.875605,0.0],[-117.11793,32.875619,0.0],[-117.117929,32.875632,0.0],[-117.117927,32.875646,0.0],[-117.117926,32.87566,0.0],[-117.117924,32.875674,0.0],[-117.117923,32.875687,0.0],[-117.117921,32.875701,0.0],[-117.11792,32.875715,0.0],[-117.117918,32.875728,0.0],[-117.117917,32.875742,0.0],[-117.117915,32.875756,0.0],[-117.117914,32.875769,0.0],[-117.117912,32.875783,0.0],[-117.11791,32.875797,0.0],[-117.117909,32.87581,0.0],[-117.117907,32.875824,0.0],[-117.117906,32.875838,0.0],[-117.117904,32.875851,0.0],[-117.117902,32.875865,0.0],[-117.117901,32.875879,0.0],[-117.117899,32.875892,0.0],[-117.117897,32.875906,0.0],[-117.117896,32.87592,0.0],[-117.117894,32.875933,0.0],[-117.117892,32.875947,0.0],[-117.11789,32.875961,0.0],[-117.117889,32.875974,0.0],[-117.117812,32.876421,0.0],[-117.117796,32.876514,0.0],[-117.117795,32.87652,0.0],[-117.117792,32.876533,0.0],[-117.117789,32.876547,0.0],[-117.117787,32.87656,0.0],[-117.117784,32.876574,0.0],[-117.117781,32.876588,0.0],[-117.117781,32.876603,0.0],[-117.117776,32.876615,0.0],[-117.117774,32.876628,0.0],[-117.117771,32.876642,0.0],[-117.117769,32.876655,0.0],[-117.117766,32.876669,0.0],[-117.117764,32.876683,0.0],[-117.117762,32.876696,0.0],[-117.11776,32.87671,0.0],[-117.117757,32.876723,0.0],[-117.117755,32.876737,0.0],[-117.117753,32.876751,0.0],[-117.117751,32.876764,0.0],[-117.117749,32.876778,0.0],[-117.117747,32.876792,0.0],[-117.117745,32.876805,0.0],[-117.117743,32.876819,0.0],[-117.117741,32.876833,0.0],[-117.117739,32.876846,0.0],[-117.117738,32.87686,0.0],[-117.117736,32.876874,0.0],[-117.117734,32.876887,0.0],[-117.117733,32.876901,0.0],[-117.117731,32.876915,0.0],[-117.117729,32.876928,0.0],[-117.117728,32.876942,0.0],[-117.117726,32.876956,0.0],[-117.117725,32.876969,0.0],[-117.117724,32.876983,0.0],[-117.117722,32.876997,0.0],[-117.117721,32.87701,0.0],[-117.11772,32.877024,0.0],[-117.117719,32.877038,0.0],[-117.117717,32.877051,0.0],[-117.117716,32.877065,0.0],[-117.117715,32.877079,0.0],[-117.117714,32.877093,0.0],[-117.117713,32.877106,0.0],[-117.117712,32.87712,0.0],[-117.117711,32.877134,0.0],[-117.11771,32.877148,0.0],[-117.11771,32.877161,0.0],[-117.117709,32.877175,0.0],[-117.117708,32.877189,0.0],[-117.117708,32.877202,0.0],[-117.117707,32.877216,0.0],[-117.117706,32.87723,0.0],[-117.117706,32.877244,0.0],[-117.117705,32.877257,0.0],[-117.117705,32.877271,0.0],[-117.117704,32.877285,0.0],[-117.117704,32.877299,0.0],[-117.117704,32.877312,0.0],[-117.117703,32.877326,0.0],[-117.117703,32.87734,0.0],[-117.117703,32.877354,0.0],[-117.117703,32.877367,0.0],[-117.117703,32.877381,0.0],[-117.117703,32.877395,0.0],[-117.117703,32.877408,0.0],[-117.117703,32.877422,0.0],[-117.117703,32.877436,0.0],[-117.117703,32.87745,0.0],[-117.117703,32.877463,0.0],[-117.117703,32.877477,0.0],[-117.117704,32.877491,0.0],[-117.117704,32.877505,0.0],[-117.117704,32.877518,0.0],[-117.117705,32.877532,0.0],[-117.117705,32.877546,0.0],[-117.117705,32.87756,0.0],[-117.117706,32.877573,0.0],[-117.117706,32.877587,0.0],[-117.117707,32.877601,0.0],[-117.117708,32.877615,0.0],[-117.117708,32.877628,0.0],[-117.117709,32.877642,0.0],[-117.11771,32.877656,0.0],[-117.117711,32.877669,0.0],[-117.117712,32.877683,0.0],[-117.117713,32.877697,0.0],[-117.117714,32.877711,0.0],[-117.117889,32.878925,0.0],[-117.117899,32.878996,0.0],[-117.117909,32.879062,0.0],[-117.118005,32.879836,0.0],[-117.118351,32.880424,0.0],[-117.118356,32.880433,0.0],[-117.118357,32.880436,0.0],[-117.118364,32.880448,0.0],[-117.11837,32.880461,0.0],[-117.118376,32.880474,0.0],[-117.118382,32.880487,0.0],[-117.118387,32.880499,0.0],[-117.118393,32.880512,0.0],[-117.118399,32.880525,0.0],[-117.118404,32.880538,0.0],[-117.11841,32.880551,0.0],[-117.118415,32.880564,0.0],[-117.11842,32.880577,0.0],[-117.118425,32.88059,0.0],[-117.11843,32.880603,0.0],[-117.118435,32.880616,0.0],[-117.11844,32.880629,0.0],[-117.118445,32.880642,0.0],[-117.11845,32.880656,0.0],[-117.118454,32.880669,0.0],[-117.118459,32.880682,0.0],[-117.118463,32.880695,0.0],[-117.118467,32.880709,0.0],[-117.118472,32.880722,0.0],[-117.118476,32.880735,0.0],[-117.11848,32.880748,0.0],[-117.118484,32.880762,0.0],[-117.118488,32.880775,0.0],[-117.118491,32.880789,0.0],[-117.118495,32.880802,0.0],[-117.118498,32.880815,0.0],[-117.118501,32.880827,0.0],[-117.118502,32.880829,0.0],[-117.118505,32.880842,0.0],[-117.118508,32.880856,0.0],[-117.118511,32.880869,0.0],[-117.118515,32.880883,0.0],[-117.118517,32.880896,0.0],[-117.11852,32.88091,0.0],[-117.118519,32.881086,0.0],[-117.11817,32.88111,0.0],[-117.118555,32.883718,0.0],[-117.121229,32.883746,0.0],[-117.121232,32.883746,0.0],[-117.121569,32.883744,0.0],[-117.122342,32.883739,0.0],[-117.12316,32.883733,0.0],[-117.125181,32.883718,0.0],[-117.125379,32.883717,0.0],[-117.127086,32.883705,0.0],[-117.127084,32.883582,0.0],[-117.127083,32.883417,0.0],[-117.127075,32.882613,0.0],[-117.127073,32.882447,0.0],[-117.127036,32.878731,0.0],[-117.127035,32.878583,0.0],[-117.127004,32.875497,0.0],[-117.124564,32.875486,0.0],[-117.123809,32.875483,0.0],[-117.123643,32.87549,0.0],[-117.123627,32.875491,0.0],[-117.122349,32.875475,0.0],[-117.117946,32.875463,0.0],[-117.117945,32.875468,0.0],[-117.117944,32.875482,0.0],[-117.117943,32.875496,0.0],[-117.117941,32.875509,0.0],[-117.11794,32.875523,0.0],[-117.117939,32.875537,0.0]]],[[[-117.11718,32.892673,0.0],[-117.117232,32.892636,0.0],[-117.117279,32.892605,0.0],[-117.117325,32.892573,0.0],[-117.117371,32.89254,0.0],[-117.117416,32.892507,0.0],[-117.11746,32.892473,0.0],[-117.117504,32.892438,0.0],[-117.117546,32.892403,0.0],[-117.117588,32.892367,0.0],[-117.11763,32.892331,0.0],[-117.11767,32.892294,0.0],[-117.11771,32.892256,0.0],[-117.117749,32.892218,0.0],[-117.117787,32.892179,0.0],[-117.117825,32.892139,0.0],[-117.117861,32.892099,0.0],[-117.117897,32.892059,0.0],[-117.117932,32.892018,0.0],[-117.117966,32.891976,0.0],[-117.117999,32.891934,0.0],[-117.118031,32.891892,0.0],[-117.118063,32.891849,0.0],[-117.118093,32.891805,0.0],[-117.118123,32.891762,0.0],[-117.118151,32.891717,0.0],[-117.118179,32.891673,0.0],[-117.118206,32.891627,0.0],[-117.118232,32.891582,0.0],[-117.118257,32.891536,0.0],[-117.118281,32.89149,0.0],[-117.118304,32.891443,0.0],[-117.118326,32.891396,0.0],[-117.118366,32.891325,0.0],[-117.117894,32.891089,0.0],[-117.117881,32.891081,0.0],[-117.117867,32.891074,0.0],[-117.117854,32.891066,0.0],[-117.117841,32.891058,0.0],[-117.117827,32.89105,0.0],[-117.117814,32.891042,0.0],[-117.117801,32.891034,0.0],[-117.117788,32.891026,0.0],[-117.117774,32.891018,0.0],[-117.117761,32.89101,0.0],[-117.117748,32.891002,0.0],[-117.117735,32.890993,0.0],[-117.117722,32.890985,0.0],[-117.11771,32.890976,0.0],[-117.117697,32.890968,0.0],[-117.117684,32.890959,0.0],[-117.117671,32.890951,0.0],[-117.117659,32.890942,0.0],[-117.117646,32.890933,0.0],[-117.117634,32.890925,0.0],[-117.117621,32.890916,0.0],[-117.117609,32.890907,0.0],[-117.117596,32.890898,0.0],[-117.117584,32.890889,0.0],[-117.117572,32.89088,0.0],[-117.11756,32.890871,0.0],[-117.117547,32.890862,0.0],[-117.117535,32.890852,0.0],[-117.117523,32.890843,0.0],[-117.117511,32.890834,0.0],[-117.1175,32.890824,0.0],[-117.117488,32.890815,0.0],[-117.117476,32.890805,0.0],[-117.117464,32.890796,0.0],[-117.117453,32.890786,0.0],[-117.117441,32.890777,0.0],[-117.117429,32.890767,0.0],[-117.117418,32.890757,0.0],[-117.117407,32.890747,0.0],[-117.117395,32.890737,0.0],[-117.117384,32.890727,0.0],[-117.117373,32.890717,0.0],[-117.117362,32.890707,0.0],[-117.117351,32.890697,0.0],[-117.11734,32.890687,0.0],[-117.117329,32.890677,0.0],[-117.117318,32.890667,0.0],[-117.117307,32.890657,0.0],[-117.117296,32.890646,0.0],[-117.117286,32.890636,0.0],[-117.117275,32.890625,0.0],[-117.117264,32.890615,0.0],[-117.117254,32.890604,0.0],[-117.117243,32.890594,0.0],[-117.117233,32.890583,0.0],[-117.117223,32.890573,0.0],[-117.117213,32.890562,0.0],[-117.117203,32.890551,0.0],[-117.117196,32.890544,0.0],[-117.11718,32.892673,0.0]]]]},"properties":{"APN":"7602512100","SITUS_ADDRESS":0,"SITUS_STREET":"MIRAMAR","SITUS_SUFFIX":"RD"}},{"type":"Feature","geometry":{"type":"MultiPolygon","coordinates":[[[[-117.116991,32.884048,0.0],[-117.116989,32.884221,0.0],[-117.116989,32.887852,0.0],[-117.11699,32.889279,0.0],[-117.116991,32.889682,0.0],[-117.116991,32.889696,0.0],[-117.116992,32.889699,0.0],[-117.116998,32.889712,0.0],[-117.117003,32.889725,0.0],[-117.117009,32.889738,0.0],[-117.117015,32.889751,0.0],[-117.11702,32.889764,0.0],[-117.117026,32.889777,0.0],[-117.117032,32.88979,0.0],[-117.117038,32.889802,0.0],[-117.117044,32.889815,0.0],[-117.11705,32.889828,0.0],[-117.117057,32.88984,0.0],[-117.117063,32.889853,0.0],[-117.11707,32.889866,0.0],[-117.117076,32.889878,0.0],[-117.117083,32.889891,0.0],[-117.11709,32.889903,0.0],[-117.117096,32.889916,0.0],[-117.117103,32.889928,0.0],[-117.11711,32.889941,0.0],[-117.117117,32.889953,0.0],[-117.117125,32.889965,0.0],[-117.117132,32.889978,0.0],[-117.117139,32.88999,0.0],[-117.117147,32.890002,0.0],[-117.117154,32.890014,0.0],[-117.117162,32.890027,0.0],[-117.117169,32.890039,0.0],[-117.117177,32.890051,0.0],[-117.117185,32.890063,0.0],[-117.117193,32.890075,0.0],[-117.117201,32.890087,0.0],[-117.117209,32.890099,0.0],[-117.117217,32.890111,0.0],[-117.117226,32.890122,0.0],[-117.117234,32.890134,0.0],[-117.117242,32.890146,0.0],[-117.117251,32.890158,0.0],[-117.11726,32.890169,0.0],[-117.117268,32.890181,0.0],[-117.117277,32.890192,0.0],[-117.117286,32.890204,0.0],[-117.117295,32.890215,0.0],[-117.117304,32.890227,0.0],[-117.117313,32.890238,0.0],[-117.117322,32.89025,0.0],[-117.117331,32.890261,0.0],[-117.117341,32.890272,0.0],[-117.11735,32.890283,0.0],[-117.11736,32.890295,0.0],[-117.117369,32.890306,0.0],[-117.117379,32.890317,0.0],[-117.117389,32.890328,0.0],[-117.117398,32.890339,0.0],[-117.117408,32.89035,0.0],[-117.117418,32.890361,0.0],[-117.117428,32.890371,0.0],[-117.117438,32.890382,0.0],[-117.117449,32.890393,0.0],[-117.117459,32.890404,0.0],[-117.117469,32.890414,0.0],[-117.11748,32.890425,0.0],[-117.11749,32.890435,0.0],[-117.117501,32.890446,0.0],[-117.117511,32.890456,0.0],[-117.117522,32.890466,0.0],[-117.117533,32.890477,0.0],[-117.117544,32.890487,0.0],[-117.117555,32.890497,0.0],[-117.117566,32.890507,0.0],[-117.117577,32.890517,0.0],[-117.117588,32.890527,0.0],[-117.117599,32.890537,0.0],[-117.11761,32.890547,0.0],[-117.117622,32.890557,0.0],[-117.117633,32.890567,0.0],[-117.117645,32.890577,0.0],[-117.117652,32.890583,0.0],[-117.117682,32.89061,0.0],[-117.117723,32.890646,0.0],[-117.117764,32.890681,0.0],[-117.117806,32.890715,0.0],[-117.117848,32.890749,0.0],[-117.117891,32.890782,0.0],[-117.117935,32.890814,0.0],[-117.11798,32.890846,0.0],[-117.118025,32.890877,0.0],[-117.118071,32.890907,0.0],[-117.118118,32.890937,0.0],[-117.118165,32.890966,0.0],[-117.118212,32.890994,0.0],[-117.118261,32.891022,0.0],[-117.118309,32.891049,0.0],[-117.118359,32.891075,0.0],[-117.118409,32.8911,0.0],[-117.118459,32.891125,0.0],[-117.118501,32.891137,0.0],[-117.119259,32.891144,0.0],[-117.119371,32.891145,0.0],[-117.11938,32.891145,0.0],[-117.119441,32.891145,0.0],[-117.119574,32.891146,0.0],[-117.119756,32.891147,0.0],[-117.119932,32.891148,0.0],[-117.120182,32.89115,0.0],[-117.120359,32.891151,0.0],[-117.121534,32.891158,0.0],[-117.122853,32.891167,0.0],[-117.122945,32.891167,0.0],[-117.126754,32.891191,0.0],[-117.126917,32.891193,0.0],[-117.12716,32.891195,0.0],[-117.129318,32.891209,0.0],[-117.129487,32.89121,0.0],[-117.13054,32.891217,0.0],[-117.130543,32.891217,0.0],[-117.130905,32.89122,0.0],[-117.130915,32.89122,0.0],[-117.131106,32.891221,0.0],[-117.131155,32.891221,0.0],[-117.131657,32.891224,0.0],[-117.131763,32.891224,0.0],[-117.132229,32.891227,0.0],[-117.13236,32.891228,0.0],[-117.134133,32.891238,0.0],[-117.134266,32.891239,0.0],[-117.135908,32.89125,0.0],[-117.135898,32.890945,0.0],[-117.135894,32.89081,0.0],[-117.135892,32.890769,0.0],[-117.135829,32.889118,0.0],[-117.135824,32.88899,0.0],[-117.135823,32.888978,0.0],[-117.135794,32.887666,0.0],[-117.135791,32.887573,0.0],[-117.135759,32.886135,0.0],[-117.135756,32.886008,0.0],[-117.135755,32.885985,0.0],[-117.135754,32.885931,0.0],[-117.135754,32.885718,0.0],[-117.135754,32.885693,0.0],[-117.135706,32.883838,0.0],[-117.135338,32.883874,0.0],[-117.134619,32.883885,0.0],[-117.134521,32.883886,0.0],[-117.133347,32.8839,0.0],[-117.130971,32.883927,0.0],[-117.127788,32.883942,0.0],[-117.127689,32.883942,0.0],[-117.127088,32.883945,0.0],[-117.125341,32.883951,0.0],[-117.12527,32.883951,0.0],[-117.125198,32.883951,0.0],[-117.124726,32.883948,0.0],[-117.124635,32.883948,0.0],[-117.124537,32.883948,0.0],[-117.123958,32.883947,0.0],[-117.123355,32.88394,0.0],[-117.121111,32.883914,0.0],[-117.118566,32.883884,0.0],[-117.118403,32.883882,0.0],[-117.117185,32.883898,0.0],[-117.116991,32.884048,0.0]]],[[[-117.117939,32.875537,0.0],[-117.117937,32.87555,0.0],[-117.117936,32.875564,0.0],[-117.117934,32.875578,0.0],[-117.117933,32.875591,0.0],[-117.117932,32.875605,0.0],[-117.11793,32.875619,0.0],[-117.117929,32.875632,0.0],[-117.117927,32.875646,0.0],[-117.117926,32.87566,0.0],[-117.117924,32.875674,0.0],[-117.117923,32.875687,0.0],[-117.117921,32.875701,0.0],[-117.11792,32.875715,0.0],[-117.117918,32.875728,0.0],[-117.117917,32.875742,0.0],[-117.117915,32.875756,0.0],[-117.117914,32.875769,0.0],[-117.117912,32.875783,0.0],[-117.11791,32.875797,0.0],[-117.117909,32.87581,0.0],[-117.117907,32.875824,0.0],[-117.117906,32.875838,0.0],[-117.117904,32.875851,0.0],[-117.117902,32.875865,0.0],[-117.117901,32.875879,0.0],[-117.117899,32.875892,0.0],[-117.117897,32.875906,0.0],[-117.117896,32.87592,0.0],[-117.117894,32.875933,0.0],[-117.117892,32.875947,0.0],[-117.11789,32.875961,0.0],[-117.117889,32.875974,0.0],[-117.117812,32.876421,0.0],[-117.117796,32.876514,0.0],[-117.117795,32.87652,0.0],[-117.117792,32.876533,0.0],[-117.117789,32.876547,0.0],[-117.117787,32.87656,0.0],[-117.117784,32.876574,0.0],[-117.117781,32.876588,0.0],[-117.117781,32.876603,0.0],[-117.117776,32.876615,0.0],[-117.117774,32.876628,0.0],[-117.117771,32.876642,0.0],[-117.117769,32.876655,0.0],[-117.117766,32.876669,0.0],[-117.117764,32.876683,0.0],[-117.117762,32.876696,0.0],[-117.11776,32.87671,0.0],[-117.117757,32.876723,0.0],[-117.117755,32.876737,0.0],[-117.117753,32.876751,0.0],[-117.117751,32.876764,0.0],[-117.117749,32.876778,0.0],[-117.117747,32.876792,0.0],[-117.117745,32.876805,0.0],[-117.117743,32.876819,0.0],[-117.117741,32.876833,0.0],[-117.117739,32.876846,0.0],[-117.117738,32.87686,0.0],[-117.117736,32.876874,0.0],[-117.117734,32.876887,0.0],[-117.117733,32.876901,0.0],[-117.117731,32.876915,0.0],[-117.117729,32.876928,0.0],[-117.117728,32.876942,0.0],[-117.117726,32.876956,0.0],[-117.117725,32.876969,0.0],[-117.117724,32.876983,0.0],[-117.117722,32.876997,0.0],[-117.117721,32.87701,0.0],[-117.11772,32.877024,0.0],[-117.117719,32.877038,0.0],[-117.117717,32.877051,0.0],[-117.117716,32.877065,0.0],[-117.117715,32.877079,0.0],[-117.117714,32.877093,0.0],[-117.117713,32.877106,0.0],[-117.117712,32.87712,0.0],[-117.117711,32.877134,0.0],[-117.11771,32.877148,0.0],[-117.11771,32.877161,0.0],[-117.117709,32.877175,0.0],[-117.117708,32.877189,0.0],[-117.117708,32.877202,0.0],[-117.117707,32.877216,0.0],[-117.117706,32.87723,0.0],[-117.117706,32.877244,0.0],[-117.117705,32.877257,0.0],[-117.117705,32.877271,0.0],[-117.117704,32.877285,0.0],[-117.117704,32.877299,0.0],[-117.117704,32.877312,0.0],[-117.117703,32.877326,0.0],[-117.117703,32.87734,0.0],[-117.117703,32.877354,0.0],[-117.117703,32.877367,0.0],[-117.117703,32.877381,0.0],[-117.117703,32.877395,0.0],[-117.117703,32.877408,0.0],[-117.117703,32.877422,0.0],[-117.117703,32.877436,0.0],[-117.117703,32.87745,0.0],[-117.117703,32.877463,0.0],[-117.117703,32.877477,0.0],[-117.117704,32.877491,0.0],[-117.117704,32.877505,0.0],[-117.117704,32.877518,0.0],[-117.117705,32.877532,0.0],[-117.117705,32.877546,0.0],[-117.117705,32.87756,0.0],[-117.117706,32.877573,0.0],[-117.117706,32.877587,0.0],[-117.117707,32.877601,0.0],[-117.117708,32.877615,0.0],[-117.117708,32.877628,0.0],[-117.117709,32.877642,0.0],[-117.11771,32.877656,0.0],[-117.117711,32.877669,0.0],[-117.117712,32.877683,0.0],[-117.117713,32.877697,0.0],[-117.117714,32.877711,0.0],[-117.117889,32.878925,0.0],[-117.117899,32.878996,0.0],[-117.117909,32.879062,0.0],[-117.118005,32.879836,0.0],[-117.118351,32.880424,0.0],[-117.118356,32.880433,0.0],[-117.118357,32.880436,0.0],[-117.118364,32.880448,0.0],[-117.11837,32.880461,0.0],[-117.118376,32.880474,0.0],[-117.118382,32.880487,0.0],[-117.118387,32.880499,0.0],[-117.118393,32.880512,0.0],[-117.118399,32.880525,0.0],[-117.118404,32.880538,0.0],[-117.11841,32.880551,0.0],[-117.118415,32.880564,0.0],[-117.11842,32.880577,0.0],[-117.118425,32.88059,0.0],[-117.11843,32.880603,0.0],[-117.118435,32.880616,0.0],[-117.11844,32.880629,0.0],[-117.118445,32.880642,0.0],[-117.11845,32.880656,0.0],[-117.118454,32.880669,0.0],[-117.118459,32.880682,0.0],[-117.118463,32.880695,0.0],[-117.118467,32.880709,0.0],[-117.118472,32.880722,0.0],[-117.118476,32.880735,0.0],[-117.11848,32.880748,0.0],[-117.118484,32.880762,0.0],[-117.118488,32.880775,0.0],[-117.118491,32.880789,0.0],[-117.118495,32.880802,0.0],[-117.118498,32.880815,0.0],[-117.118501,32.880827,0.0],[-117.118502,32.880829,0.0],[-117.118505,32.880842,0.0],[-117.118508,32.880856,0.0],[-117.118511,32.880869,0.0],[-117.118515,32.880883,0.0],[-117.118517,32.880896,0.0],[-117.11852,32.88091,0.0],[-117.118519,32.881086,0.0],[-117.11817,32.88111,0.0],[-117.118555,32.883718,0.0],[-117.121229,32.883746,0.0],[-117.121232,32.883746,0.0],[-117.121569,32.883744,0.0],[-117.122342,32.883739,0.0],[-117.12316,32.883733,0.0],[-117.125181,32.883718,0.0],[-117.125379,32.883717,0.0],[-117.127086,32.883705,0.0],[-117.127084,32.883582,0.0],[-117.127083,32.883417,0.0],[-117.127075,32.882613,0.0],[-117.127073,32.882447,0.0],[-117.127036,32.878731,0.0],[-117.127035,32.878583,0.0],[-117.127004,32.875497,0.0],[-117.124564,32.875486,0.0],[-117.123809,32.875483,0.0],[-117.123643,32.87549,0.0],[-117.123627,32.875491,0.0],[-117.122349,32.875475,0.0],[-117.117946,32.875463,0.0],[-117.117945,32.875468,0.0],[-117.117944,32.875482,0.0],[-117.117943,32.875496,0.0],[-117.117941,32.875509,0.0],[-117.11794,32.875523,0.0],[-117.117939,32.875537,0.0]]],[[[-117.11718,32.892673,0.0],[-117.117232,32.892636,0.0],[-117.117279,32.892605,0.0],[-117.117325,32.892573,0.0],[-117.117371,32.89254,0.0],[-117.117416,32.892507,0.0],[-117.11746,32.892473,0.0],[-117.117504,32.892438,0.0],[-117.117546,32.892403,0.0],[-117.117588,32.892367,0.0],[-117.11763,32.892331,0.0],[-117.11767,32.892294,0.0],[-117.11771,32.892256,0.0],[-117.117749,32.892218,0.0],[-117.117787,32.892179,0.0],[-117.117825,32.892139,0.0],[-117.117861,32.892099,0.0],[-117.117897,32.892059,0.0],[-117.117932,32.892018,0.0],[-117.117966,32.891976,0.0],[-117.117999,32.891934,0.0],[-117.118031,32.891892,0.0],[-117.118063,32.891849,0.0],[-117.118093,32.891805,0.0],[-117.118123,32.891762,0.0],[-117.118151,32.891717,0.0],[-117.118179,32.891673,0.0],[-117.118206,32.891627,0.0],[-117.118232,32.891582,0.0],[-117.118257,32.891536,0.0],[-117.118281,32.89149,0.0],[-117.118304,32.891443,0.0],[-117.118326,32.891396,0.0],[-117.118366,32.891325,0.0],[-117.117894,32.891089,0.0],[-117.117881,32.891081,0.0],[-117.117867,32.891074,0.0],[-117.117854,32.891066,0.0],[-117.117841,32.891058,0.0],[-117.117827,32.89105,0.0],[-117.117814,32.891042,0.0],[-117.117801,32.891034,0.0],[-117.117788,32.891026,0.0],[-117.117774,32.891018,0.0],[-117.117761,32.89101,0.0],[-117.117748,32.891002,0.0],[-117.117735,32.890993,0.0],[-117.117722,32.890985,0.0],[-117.11771,32.890976,0.0],[-117.117697,32.890968,0.0],[-117.117684,32.890959,0.0],[-117.117671,32.890951,0.0],[-117.117659,32.890942,0.0],[-117.117646,32.890933,0.0],[-117.117634,32.890925,0.0],[-117.117621,32.890916,0.0],[-117.117609,32.890907,0.0],[-117.117596,32.890898,0.0],[-117.117584,32.890889,0.0],[-117.117572,32.89088,0.0],[-117.11756,32.890871,0.0],[-117.117547,32.890862,0.0],[-117.117535,32.890852,0.0],[-117.117523,32.890843,0.0],[-117.117511,32.890834,0.0],[-117.1175,32.890824,0.0],[-117.117488,32.890815,0.0],[-117.117476,32.890805,0.0],[-117.117464,32.890796,0.0],[-117.117453,32.890786,0.0],[-117.117441,32.890777,0.0],[-117.117429,32.890767,0.0],[-117.117418,32.890757,0.0],[-117.117407,32.890747,0.0],[-117.117395,32.890737,0.0],[-117.117384,32.890727,0.0],[-117.117373,32.890717,0.0],[-117.117362,32.890707,0.0],[-117.117351,32.890697,0.0],[-117.11734,32.890687,0.0],[-117.117329,32.890677,0.0],[-117.117318,32.890667,0.0],[-117.117307,32.890657,0.0],[-117.117296,32.890646,0.0],[-117.117286,32.890636,0.0],[-117.117275,32.890625,0.0],[-117.117264,32.890615,0.0],[-117.117254,32.890604,0.0],[-117.117243,32.890594,0.0],[-117.117233,32.890583,0.0],[-117.117223,32.890573,0.0],[-117.117213,32.890562,0.0],[-117.117203,32.890551,0.0],[-117.117196,32.890544,0.0],[-117.11718,32.892673,0.0]]]]},"properties":{"APN":"7602512400","SITUS_ADDRESS":2660,"SITUS_STREET":"ANTARES","SITUS_SUFFIX":"DR"}},{"type":"Feature","geometry":{"type":"MultiPolygon","coordinates":[[[[-117.116991,32.884048,0.0],[-117.116989,32.884221,0.0],[-117.116989,32.887852,0.0],[-117.11699,32.889279,0.0],[-117.116991,32.889682,0.0],[-117.116991,32.889696,0.0],[-117.116992,32.889699,0.0],[-117.116998,32.889712,0.0],[-117.117003,32.889725,0.0],[-117.117009,32.889738,0.0],[-117.117015,32.889751,0.0],[-117.11702,32.889764,0.0],[-117.117026,32.889777,0.0],[-117.117032,32.88979,0.0],[-117.117038,32.889802,0.0],[-117.117044,32.889815,0.0],[-117.11705,32.889828,0.0],[-117.117057,32.88984,0.0],[-117.117063,32.889853,0.0],[-117.11707,32.889866,0.0],[-117.117076,32.889878,0.0],[-117.117083,32.889891,0.0],[-117.11709,32.889903,0.0],[-117.117096,32.889916,0.0],[-117.117103,32.889928,0.0],[-117.11711,32.889941,0.0],[-117.117117,32.889953,0.0],[-117.117125,32.889965,0.0],[-117.117132,32.889978,0.0],[-117.117139,32.88999,0.0],[-117.117147,32.890002,0.0],[-117.117154,32.890014,0.0],[-117.117162,32.890027,0.0],[-117.117169,32.890039,0.0],[-117.117177,32.890051,0.0],[-117.117185,32.890063,0.0],[-117.117193,32.890075,0.0],[-117.117201,32.890087,0.0],[-117.117209,32.890099,0.0],[-117.117217,32.890111,0.0],[-117.117226,32.890122,0.0],[-117.117234,32.890134,0.0],[-117.117242,32.890146,0.0],[-117.117251,32.890158,0.0],[-117.11726,32.890169,0.0],[-117.117268,32.890181,0.0],[-117.117277,32.890192,0.0],[-117.117286,32.890204,0.0],[-117.117295,32.890215,0.0],[-117.117304,32.890227,0.0],[-117.117313,32.890238,0.0],[-117.117322,32.89025,0.0],[-117.117331,32.890261,0.0],[-117.117341,32.890272,0.0],[-117.11735,32.890283,0.0],[-117.11736,32.890295,0.0],[-117.117369,32.890306,0.0],[-117.117379,32.890317,0.0],[-117.117389,32.890328,0.0],[-117.117398,32.890339,0.0],[-117.117408,32.89035,0.0],[-117.117418,32.890361,0.0],[-117.117428,32.890371,0.0],[-117.117438,32.890382,0.0],[-117.117449,32.890393,0.0],[-117.117459,32.890404,0.0],[-117.117469,32.890414,0.0],[-117.11748,32.890425,0.0],[-117.11749,32.890435,0.0],[-117.117501,32.890446,0.0],[-117.117511,32.890456,0.0],[-117.117522,32.890466,0.0],[-117.117533,32.890477,0.0],[-117.117544,32.890487,0.0],[-117.117555,32.890497,0.0],[-117.117566,32.890507,0.0],[-117.117577,32.890517,0.0],[-117.117588,32.890527,0.0],[-117.117599,32.890537,0.0],[-117.11761,32.890547,0.0],[-117.117622,32.890557,0.0],[-117.117633,32.890567,0.0],[-117.117645,32.890577,0.0],[-117.117652,32.890583,0.0],[-117.117682,32.89061,0.0],[-117.117723,32.890646,0.0],[-117.117764,32.890681,0.0],[-117.117806,32.890715,0.0],[-117.117848,32.890749,0.0],[-117.117891,32.890782,0.0],[-117.117935,32.890814,0.0],[-117.11798,32.890846,0.0],[-117.118025,32.890877,0.0],[-117.118071,32.890907,0.0],[-117.118118,32.890937,0.0],[-117.118165,32.890966,0.0],[-117.118212,32.890994,0.0],[-117.118261,32.891022,0.0],[-117.118309,32.891049,0.0],[-117.118359,32.891075,0.0],[-117.118409,32.8911,0.0],[-117.118459,32.891125,0.0],[-117.118501,32.891137,0.0],[-117.119259,32.891144,0.0],[-117.119371,32.891145,0.0],[-117.11938,32.891145,0.0],[-117.119441,32.891145,0.0],[-117.119574,32.891146,0.0],[-117.119756,32.891147,0.0],[-117.119932,32.891148,0.0],[-117.120182,32.89115,0.0],[-117.120359,32.891151,0.0],[-117.121534,32.891158,0.0],[-117.122853,32.891167,0.0],[-117.122945,32.891167,0.0],[-117.126754,32.891191,0.0],[-117.126917,32.891193,0.0],[-117.12716,32.891195,0.0],[-117.129318,32.891209,0.0],[-117.129487,32.89121,0.0],[-117.13054,32.891217,0.0],[-117.130543,32.891217,0.0],[-117.130905,32.89122,0.0],[-117.130915,32.89122,0.0],[-117.131106,32.891221,0.0],[-117.131155,32.891221,0.0],[-117.131657,32.891224,0.0],[-117.131763,32.891224,0.0],[-117.132229,32.891227,0.0],[-117.13236,32.891228,0.0],[-117.134133,32.891238,0.0],[-117.134266,32.891239,0.0],[-117.135908,32.89125,0.0],[-117.135898,32.890945,0.0],[-117.135894,32.89081,0.0],[-117.135892,32.890769,0.0],[-117.135829,32.889118,0.0],[-117.135824,32.88899,0.0],[-117.135823,32.888978,0.0],[-117.135794,32.887666,0.0],[-117.135791,32.887573,0.0],[-117.135759,32.886135,0.0],[-117.135756,32.886008,0.0],[-117.135755,32.885985,0.0],[-117.135754,32.885931,0.0],[-117.135754,32.885718,0.0],[-117.135754,32.885693,0.0],[-117.135706,32.883838,0.0],[-117.135338,32.883874,0.0],[-117.134619,32.883885,0.0],[-117.134521,32.883886,0.0],[-117.133347,32.8839,0.0],[-117.130971,32.883927,0.0],[-117.127788,32.883942,0.0],[-117.127689,32.883942,0.0],[-117.127088,32.883945,0.0],[-117.125341,32.883951,0.0],[-117.12527,32.883951,0.0],[-117.125198,32.883951,0.0],[-117.124726,32.883948,0.0],[-117.124635,32.883948,0.0],[-117.124537,32.883948,0.0],[-117.123958,32.883947,0.0],[-117.123355,32.88394,0.0],[-117.121111,32.883914,0.0],[-117.118566,32.883884,0.0],[-117.118403,32.883882,0.0],[-117.117185,32.883898,0.0],[-117.116991,32.884048,0.0]]],[[[-117.117939,32.875537,0.0],[-117.117937,32.87555,0.0],[-117.117936,32.875564,0.0],[-117.117934,32.875578,0.0],[-117.117933,32.875591,0.0],[-117.117932,32.875605,0.0],[-117.11793,32.875619,0.0],[-117.117929,32.875632,0.0],[-117.117927,32.875646,0.0],[-117.117926,32.87566,0.0],[-117.117924,32.875674,0.0],[-117.117923,32.875687,0.0],[-117.117921,32.875701,0.0],[-117.11792,32.875715,0.0],[-117.117918,32.875728,0.0],[-117.117917,32.875742,0.0],[-117.117915,32.875756,0.0],[-117.117914,32.875769,0.0],[-117.117912,32.875783,0.0],[-117.11791,32.875797,0.0],[-117.117909,32.87581,0.0],[-117.117907,32.875824,0.0],[-117.117906,32.875838,0.0],[-117.117904,32.875851,0.0],[-117.117902,32.875865,0.0],[-117.117901,32.875879,0.0],[-117.117899,32.875892,0.0],[-117.117897,32.875906,0.0],[-117.117896,32.87592,0.0],[-117.117894,32.875933,0.0],[-117.117892,32.875947,0.0],[-117.11789,32.875961,0.0],[-117.117889,32.875974,0.0],[-117.117812,32.876421,0.0],[-117.117796,32.876514,0.0],[-117.117795,32.87652,0.0],[-117.117792,32.876533,0.0],[-117.117789,32.876547,0.0],[-117.117787,32.87656,0.0],[-117.117784,32.876574,0.0],[-117.117781,32.876588,0.0],[-117.117781,32.876603,0.0],[-117.117776,32.876615,0.0],[-117.117774,32.876628,0.0],[-117.117771,32.876642,0.0],[-117.117769,32.876655,0.0],[-117.117766,32.876669,0.0],[-117.117764,32.876683,0.0],[-117.117762,32.876696,0.0],[-117.11776,32.87671,0.0],[-117.117757,32.876723,0.0],[-117.117755,32.876737,0.0],[-117.117753,32.876751,0.0],[-117.117751,32.876764,0.0],[-117.117749,32.876778,0.0],[-117.117747,32.876792,0.0],[-117.117745,32.876805,0.0],[-117.117743,32.876819,0.0],[-117.117741,32.876833,0.0],[-117.117739,32.876846,0.0],[-117.117738,32.87686,0.0],[-117.117736,32.876874,0.0],[-117.117734,32.876887,0.0],[-117.117733,32.876901,0.0],[-117.117731,32.876915,0.0],[-117.117729,32.876928,0.0],[-117.117728,32.876942,0.0],[-117.117726,32.876956,0.0],[-117.117725,32.876969,0.0],[-117.117724,32.876983,0.0],[-117.117722,32.876997,0.0],[-117.117721,32.87701,0.0],[-117.11772,32.877024,0.0],[-117.117719,32.877038,0.0],[-117.117717,32.877051,0.0],[-117.117716,32.877065,0.0],[-117.117715,32.877079,0.0],[-117.117714,32.877093,0.0],[-117.117713,32.877106,0.0],[-117.117712,32.87712,0.0],[-117.117711,32.877134,0.0],[-117.11771,32.877148,0.0],[-117.11771,32.877161,0.0],[-117.117709,32.877175,0.0],[-117.117708,32.877189,0.0],[-117.117708,32.877202,0.0],[-117.117707,32.877216,0.0],[-117.117706,32.87723,0.0],[-117.117706,32.877244,0.0],[-117.117705,32.877257,0.0],[-117.117705,32.877271,0.0],[-117.117704,32.877285,0.0],[-117.117704,32.877299,0.0],[-117.117704,32.877312,0.0],[-117.117703,32.877326,0.0],[-117.117703,32.87734,0.0],[-117.117703,32.877354,0.0],[-117.117703,32.877367,0.0],[-117.117703,32.877381,0.0],[-117.117703,32.877395,0.0],[-117.117703,32.877408,0.0],[-117.117703,32.877422,0.0],[-117.117703,32.877436,0.0],[-117.117703,32.87745,0.0],[-117.117703,32.877463,0.0],[-117.117703,32.877477,0.0],[-117.117704,32.877491,0.0],[-117.117704,32.877505,0.0],[-117.117704,32.877518,0.0],[-117.117705,32.877532,0.0],[-117.117705,32.877546,0.0],[-117.117705,32.87756,0.0],[-117.117706,32.877573,0.0],[-117.117706,32.877587,0.0],[-117.117707,32.877601,0.0],[-117.117708,32.877615,0.0],[-117.117708,32.877628,0.0],[-117.117709,32.877642,0.0],[-117.11771,32.877656,0.0],[-117.117711,32.877669,0.0],[-117.117712,32.877683,0.0],[-117.117713,32.877697,0.0],[-117.117714,32.877711,0.0],[-117.117889,32.878925,0.0],[-117.117899,32.878996,0.0],[-117.117909,32.879062,0.0],[-117.118005,32.879836,0.0],[-117.118351,32.880424,0.0],[-117.118356,32.880433,0.0],[-117.118357,32.880436,0.0],[-117.118364,32.880448,0.0],[-117.11837,32.880461,0.0],[-117.118376,32.880474,0.0],[-117.118382,32.880487,0.0],[-117.118387,32.880499,0.0],[-117.118393,32.880512,0.0],[-117.118399,32.880525,0.0],[-117.118404,32.880538,0.0],[-117.11841,32.880551,0.0],[-117.118415,32.880564,0.0],[-117.11842,32.880577,0.0],[-117.118425,32.88059,0.0],[-117.11843,32.880603,0.0],[-117.118435,32.880616,0.0],[-117.11844,32.880629,0.0],[-117.118445,32.880642,0.0],[-117.11845,32.880656,0.0],[-117.118454,32.880669,0.0],[-117.118459,32.880682,0.0],[-117.118463,32.880695,0.0],[-117.118467,32.880709,0.0],[-117.118472,32.880722,0.0],[-117.118476,32.880735,0.0],[-117.11848,32.880748,0.0],[-117.118484,32.880762,0.0],[-117.118488,32.880775,0.0],[-117.118491,32.880789,0.0],[-117.118495,32.880802,0.0],[-117.118498,32.880815,0.0],[-117.118501,32.880827,0.0],[-117.118502,32.880829,0.0],[-117.118505,32.880842,0.0],[-117.118508,32.880856,0.0],[-117.118511,32.880869,0.0],[-117.118515,32.880883,0.0],[-117.118517,32.880896,0.0],[-117.11852,32.88091,0.0],[-117.118519,32.881086,0.0],[-117.11817,32.88111,0.0],[-117.118555,32.883718,0.0],[-117.121229,32.883746,0.0],[-117.121232,32.883746,0.0],[-117.121569,32.883744,0.0],[-117.122342,32.883739,0.0],[-117.12316,32.883733,0.0],[-117.125181,32.883718,0.0],[-117.125379,32.883717,0.0],[-117.127086,32.883705,0.0],[-117.127084,32.883582,0.0],[-117.127083,32.883417,0.0],[-117.127075,32.882613,0.0],[-117.127073,32.882447,0.0],[-117.127036,32.878731,0.0],[-117.127035,32.878583,0.0],[-117.127004,32.875497,0.0],[-117.124564,32.875486,0.0],[-117.123809,32.875483,0.0],[-117.123643,32.87549,0.0],[-117.123627,32.875491,0.0],[-117.122349,32.875475,0.0],[-117.117946,32.875463,0.0],[-117.117945,32.875468,0.0],[-117.117944,32.875482,0.0],[-117.117943,32.875496,0.0],[-117.117941,32.875509,0.0],[-117.11794,32.875523,0.0],[-117.117939,32.875537,0.0]]],[[[-117.11718,32.892673,0.0],[-117.117232,32.892636,0.0],[-117.117279,32.892605,0.0],[-117.117325,32.892573,0.0],[-117.117371,32.89254,0.0],[-117.117416,32.892507,0.0],[-117.11746,32.892473,0.0],[-117.117504,32.892438,0.0],[-117.117546,32.892403,0.0],[-117.117588,32.892367,0.0],[-117.11763,32.892331,0.0],[-117.11767,32.892294,0.0],[-117.11771,32.892256,0.0],[-117.117749,32.892218,0.0],[-117.117787,32.892179,0.0],[-117.117825,32.892139,0.0],[-117.117861,32.892099,0.0],[-117.117897,32.892059,0.0],[-117.117932,32.892018,0.0],[-117.117966,32.891976,0.0],[-117.117999,32.891934,0.0],[-117.118031,32.891892,0.0],[-117.118063,32.891849,0.0],[-117.118093,32.891805,0.0],[-117.118123,32.891762,0.0],[-117.118151,32.891717,0.0],[-117.118179,32.891673,0.0],[-117.118206,32.891627,0.0],[-117.118232,32.891582,0.0],[-117.118257,32.891536,0.0],[-117.118281,32.89149,0.0],[-117.118304,32.891443,0.0],[-117.118326,32.891396,0.0],[-117.118366,32.891325,0.0],[-117.117894,32.891089,0.0],[-117.117881,32.891081,0.0],[-117.117867,32.891074,0.0],[-117.117854,32.891066,0.0],[-117.117841,32.891058,0.0],[-117.117827,32.89105,0.0],[-117.117814,32.891042,0.0],[-117.117801,32.891034,0.0],[-117.117788,32.891026,0.0],[-117.117774,32.891018,0.0],[-117.117761,32.89101,0.0],[-117.117748,32.891002,0.0],[-117.117735,32.890993,0.0],[-117.117722,32.890985,0.0],[-117.11771,32.890976,0.0],[-117.117697,32.890968,0.0],[-117.117684,32.890959,0.0],[-117.117671,32.890951,0.0],[-117.117659,32.890942,0.0],[-117.117646,32.890933,0.0],[-117.117634,32.890925,0.0],[-117.117621,32.890916,0.0],[-117.117609,32.890907,0.0],[-117.117596,32.890898,0.0],[-117.117584,32.890889,0.0],[-117.117572,32.89088,0.0],[-117.11756,32.890871,0.0],[-117.117547,32.890862,0.0],[-117.117535,32.890852,0.0],[-117.117523,32.890843,0.0],[-117.117511,32.890834,0.0],[-117.1175,32.890824,0.0],[-117.117488,32.890815,0.0],[-117.117476,32.890805,0.0],[-117.117464,32.890796,0.0],[-117.117453,32.890786,0.0],[-117.117441,32.890777,0.0],[-117.117429,32.890767,0.0],[-117.117418,32.890757,0.0],[-117.117407,32.890747,0.0],[-117.117395,32.890737,0.0],[-117.117384,32.890727,0.0],[-117.117373,32.890717,0.0],[-117.117362,32.890707,0.0],[-117.117351,32.890697,0.0],[-117.11734,32.890687,0.0],[-117.117329,32.890677,0.0],[-117.117318,32.890667,0.0],[-117.117307,32.890657,0.0],[-117.117296,32.890646,0.0],[-117.117286,32.890636,0.0],[-117.117275,32.890625,0.0],[-117.117264,32.890615,0.0],[-117.117254,32.890604,0.0],[-117.117243,32.890594,0.0],[-117.117233,32.890583,0.0],[-117.117223,32.890573,0.0],[-117.117213,32.890562,0.0],[-117.117203,32.890551,0.0],[-117.117196,32.890544,0.0],[-117.11718,32.892673,0.0]]]]},"properties":{"APN":"7602512700","SITUS_ADDRESS":0,"SITUS_STREET":"MIRAMAR","SITUS_SUFFIX":"RD"}},{"type":"Feature","geometry":{"type":"MultiPolygon","coordinates":[[[[-117.116991,32.884048,0.0],[-117.116989,32.884221,0.0],[-117.116989,32.887852,0.0],[-117.11699,32.889279,0.0],[-117.116991,32.889682,0.0],[-117.116991,32.889696,0.0],[-117.116992,32.889699,0.0],[-117.116998,32.889712,0.0],[-117.117003,32.889725,0.0],[-117.117009,32.889738,0.0],[-117.117015,32.889751,0.0],[-117.11702,32.889764,0.0],[-117.117026,32.889777,0.0],[-117.117032,32.88979,0.0],[-117.117038,32.889802,0.0],[-117.117044,32.889815,0.0],[-117.11705,32.889828,0.0],[-117.117057,32.88984,0.0],[-117.117063,32.889853,0.0],[-117.11707,32.889866,0.0],[-117.117076,32.889878,0.0],[-117.117083,32.889891,0.0],[-117.11709,32.889903,0.0],[-117.117096,32.889916,0.0],[-117.117103,32.889928,0.0],[-117.11711,32.889941,0.0],[-117.117117,32.889953,0.0],[-117.117125,32.889965,0.0],[-117.117132,32.889978,0.0],[-117.117139,32.88999,0.0],[-117.117147,32.890002,0.0],[-117.117154,32.890014,0.0],[-117.117162,32.890027,0.0],[-117.117169,32.890039,0.0],[-117.117177,32.890051,0.0],[-117.117185,32.890063,0.0],[-117.117193,32.890075,0.0],[-117.117201,32.890087,0.0],[-117.117209,32.890099,0.0],[-117.117217,32.890111,0.0],[-117.117226,32.890122,0.0],[-117.117234,32.890134,0.0],[-117.117242,32.890146,0.0],[-117.117251,32.890158,0.0],[-117.11726,32.890169,0.0],[-117.117268,32.890181,0.0],[-117.117277,32.890192,0.0],[-117.117286,32.890204,0.0],[-117.117295,32.890215,0.0],[-117.117304,32.890227,0.0],[-117.117313,32.890238,0.0],[-117.117322,32.89025,0.0],[-117.117331,32.890261,0.0],[-117.117341,32.890272,0.0],[-117.11735,32.890283,0.0],[-117.11736,32.890295,0.0],[-117.117369,32.890306,0.0],[-117.117379,32.890317,0.0],[-117.117389,32.890328,0.0],[-117.117398,32.890339,0.0],[-117.117408,32.89035,0.0],[-117.117418,32.890361,0.0],[-117.117428,32.890371,0.0],[-117.117438,32.890382,0.0],[-117.117449,32.890393,0.0],[-117.117459,32.890404,0.0],[-117.117469,32.890414,0.0],[-117.11748,32.890425,0.0],[-117.11749,32.890435,0.0],[-117.117501,32.890446,0.0],[-117.117511,32.890456,0.0],[-117.117522,32.890466,0.0],[-117.117533,32.890477,0.0],[-117.117544,32.890487,0.0],[-117.117555,32.890497,0.0],[-117.117566,32.890507,0.0],[-117.117577,32.890517,0.0],[-117.117588,32.890527,0.0],[-117.117599,32.890537,0.0],[-117.11761,32.890547,0.0],[-117.117622,32.890557,0.0],[-117.117633,32.890567,0.0],[-117.117645,32.890577,0.0],[-117.117652,32.890583,0.0],[-117.117682,32.89061,0.0],[-117.117723,32.890646,0.0],[-117.117764,32.890681,0.0],[-117.117806,32.890715,0.0],[-117.117848,32.890749,0.0],[-117.117891,32.890782,0.0],[-117.117935,32.890814,0.0],[-117.11798,32.890846,0.0],[-117.118025,32.890877,0.0],[-117.118071,32.890907,0.0],[-117.118118,32.890937,0.0],[-117.118165,32.890966,0.0],[-117.118212,32.890994,0.0],[-117.118261,32.891022,0.0],[-117.118309,32.891049,0.0],[-117.118359,32.891075,0.0],[-117.118409,32.8911,0.0],[-117.118459,32.891125,0.0],[-117.118501,32.891137,0.0],[-117.119259,32.891144,0.0],[-117.119371,32.891145,0.0],[-117.11938,32.891145,0.0],[-117.119441,32.891145,0.0],[-117.119574,32.891146,0.0],[-117.119756,32.891147,0.0],[-117.119932,32.891148,0.0],[-117.120182,32.89115,0.0],[-117.120359,32.891151,0.0],[-117.121534,32.891158,0.0],[-117.122853,32.891167,0.0],[-117.122945,32.891167,0.0],[-117.126754,32.891191,0.0],[-117.126917,32.891193,0.0],[-117.12716,32.891195,0.0],[-117.129318,32.891209,0.0],[-117.129487,32.89121,0.0],[-117.13054,32.891217,0.0],[-117.130543,32.891217,0.0],[-117.130905,32.89122,0.0],[-117.130915,32.89122,0.0],[-117.131106,32.891221,0.0],[-117.131155,32.891221,0.0],[-117.131657,32.891224,0.0],[-117.131763,32.891224,0.0],[-117.132229,32.891227,0.0],[-117.13236,32.891228,0.0],[-117.134133,32.891238,0.0],[-117.134266,32.891239,0.0],[-117.135908,32.89125,0.0],[-117.135898,32.890945,0.0],[-117.135894,32.89081,0.0],[-117.135892,32.890769,0.0],[-117.135829,32.889118,0.0],[-117.135824,32.88899,0.0],[-117.135823,32.888978,0.0],[-117.135794,32.887666,0.0],[-117.135791,32.887573,0.0],[-117.135759,32.886135,0.0],[-117.135756,32.886008,0.0],[-117.135755,32.885985,0.0],[-117.135754,32.885931,0.0],[-117.135754,32.885718,0.0],[-117.135754,32.885693,0.0],[-117.135706,32.883838,0.0],[-117.135338,32.883874,0.0],[-117.134619,32.883885,0.0],[-117.134521,32.883886,0.0],[-117.133347,32.8839,0.0],[-117.130971,32.883927,0.0],[-117.127788,32.883942,0.0],[-117.127689,32.883942,0.0],[-117.127088,32.883945,0.0],[-117.125341,32.883951,0.0],[-117.12527,32.883951,0.0],[-117.125198,32.883951,0.0],[-117.124726,32.883948,0.0],[-117.124635,32.883948,0.0],[-117.124537,32.883948,0.0],[-117.123958,32.883947,0.0],[-117.123355,32.88394,0.0],[-117.121111,32.883914,0.0],[-117.118566,32.883884,0.0],[-117.118403,32.883882,0.0],[-117.117185,32.883898,0.0],[-117.116991,32.884048,0.0]]],[[[-117.117939,32.875537,0.0],[-117.117937,32.87555,0.0],[-117.117936,32.875564,0.0],[-117.117934,32.875578,0.0],[-117.117933,32.875591,0.0],[-117.117932,32.875605,0.0],[-117.11793,32.875619,0.0],[-117.117929,32.875632,0.0],[-117.117927,32.875646,0.0],[-117.117926,32.87566,0.0],[-117.117924,32.875674,0.0],[-117.117923,32.875687,0.0],[-117.117921,32.875701,0.0],[-117.11792,32.875715,0.0],[-117.117918,32.875728,0.0],[-117.117917,32.875742,0.0],[-117.117915,32.875756,0.0],[-117.117914,32.875769,0.0],[-117.117912,32.875783,0.0],[-117.11791,32.875797,0.0],[-117.117909,32.87581,0.0],[-117.117907,32.875824,0.0],[-117.117906,32.875838,0.0],[-117.117904,32.875851,0.0],[-117.117902,32.875865,0.0],[-117.117901,32.875879,0.0],[-117.117899,32.875892,0.0],[-117.117897,32.875906,0.0],[-117.117896,32.87592,0.0],[-117.117894,32.875933,0.0],[-117.117892,32.875947,0.0],[-117.11789,32.875961,0.0],[-117.117889,32.875974,0.0],[-117.117812,32.876421,0.0],[-117.117796,32.876514,0.0],[-117.117795,32.87652,0.0],[-117.117792,32.876533,0.0],[-117.117789,32.876547,0.0],[-117.117787,32.87656,0.0],[-117.117784,32.876574,0.0],[-117.117781,32.876588,0.0],[-117.117781,32.876603,0.0],[-117.117776,32.876615,0.0],[-117.117774,32.876628,0.0],[-117.117771,32.876642,0.0],[-117.117769,32.876655,0.0],[-117.117766,32.876669,0.0],[-117.117764,32.876683,0.0],[-117.117762,32.876696,0.0],[-117.11776,32.87671,0.0],[-117.117757,32.876723,0.0],[-117.117755,32.876737,0.0],[-117.117753,32.876751,0.0],[-117.117751,32.876764,0.0],[-117.117749,32.876778,0.0],[-117.117747,32.876792,0.0],[-117.117745,32.876805,0.0],[-117.117743,32.876819,0.0],[-117.117741,32.876833,0.0],[-117.117739,32.876846,0.0],[-117.117738,32.87686,0.0],[-117.117736,32.876874,0.0],[-117.117734,32.876887,0.0],[-117.117733,32.876901,0.0],[-117.117731,32.876915,0.0],[-117.117729,32.876928,0.0],[-117.117728,32.876942,0.0],[-117.117726,32.876956,0.0],[-117.117725,32.876969,0.0],[-117.117724,32.876983,0.0],[-117.117722,32.876997,0.0],[-117.117721,32.87701,0.0],[-117.11772,32.877024,0.0],[-117.117719,32.877038,0.0],[-117.117717,32.877051,0.0],[-117.117716,32.877065,0.0],[-117.117715,32.877079,0.0],[-117.117714,32.877093,0.0],[-117.117713,32.877106,0.0],[-117.117712,32.87712,0.0],[-117.117711,32.877134,0.0],[-117.11771,32.877148,0.0],[-117.11771,32.877161,0.0],[-117.117709,32.877175,0.0],[-117.117708,32.877189,0.0],[-117.117708,32.877202,0.0],[-117.117707,32.877216,0.0],[-117.117706,32.87723,0.0],[-117.117706,32.877244,0.0],[-117.117705,32.877257,0.0],[-117.117705,32.877271,0.0],[-117.117704,32.877285,0.0],[-117.117704,32.877299,0.0],[-117.117704,32.877312,0.0],[-117.117703,32.877326,0.0],[-117.117703,32.87734,0.0],[-117.117703,32.877354,0.0],[-117.117703,32.877367,0.0],[-117.117703,32.877381,0.0],[-117.117703,32.877395,0.0],[-117.117703,32.877408,0.0],[-117.117703,32.877422,0.0],[-117.117703,32.877436,0.0],[-117.117703,32.87745,0.0],[-117.117703,32.877463,0.0],[-117.117703,32.877477,0.0],[-117.117704,32.877491,0.0],[-117.117704,32.877505,0.0],[-117.117704,32.877518,0.0],[-117.117705,32.877532,0.0],[-117.117705,32.877546,0.0],[-117.117705,32.87756,0.0],[-117.117706,32.877573,0.0],[-117.117706,32.877587,0.0],[-117.117707,32.877601,0.0],[-117.117708,32.877615,0.0],[-117.117708,32.877628,0.0],[-117.117709,32.877642,0.0],[-117.11771,32.877656,0.0],[-117.117711,32.877669,0.0],[-117.117712,32.877683,0.0],[-117.117713,32.877697,0.0],[-117.117714,32.877711,0.0],[-117.117889,32.878925,0.0],[-117.117899,32.878996,0.0],[-117.117909,32.879062,0.0],[-117.118005,32.879836,0.0],[-117.118351,32.880424,0.0],[-117.118356,32.880433,0.0],[-117.118357,32.880436,0.0],[-117.118364,32.880448,0.0],[-117.11837,32.880461,0.0],[-117.118376,32.880474,0.0],[-117.118382,32.880487,0.0],[-117.118387,32.880499,0.0],[-117.118393,32.880512,0.0],[-117.118399,32.880525,0.0],[-117.118404,32.880538,0.0],[-117.11841,32.880551,0.0],[-117.118415,32.880564,0.0],[-117.11842,32.880577,0.0],[-117.118425,32.88059,0.0],[-117.11843,32.880603,0.0],[-117.118435,32.880616,0.0],[-117.11844,32.880629,0.0],[-117.118445,32.880642,0.0],[-117.11845,32.880656,0.0],[-117.118454,32.880669,0.0],[-117.118459,32.880682,0.0],[-117.118463,32.880695,0.0],[-117.118467,32.880709,0.0],[-117.118472,32.880722,0.0],[-117.118476,32.880735,0.0],[-117.11848,32.880748,0.0],[-117.118484,32.880762,0.0],[-117.118488,32.880775,0.0],[-117.118491,32.880789,0.0],[-117.118495,32.880802,0.0],[-117.118498,32.880815,0.0],[-117.118501,32.880827,0.0],[-117.118502,32.880829,0.0],[-117.118505,32.880842,0.0],[-117.118508,32.880856,0.0],[-117.118511,32.880869,0.0],[-117.118515,32.880883,0.0],[-117.118517,32.880896,0.0],[-117.11852,32.88091,0.0],[-117.118519,32.881086,0.0],[-117.11817,32.88111,0.0],[-117.118555,32.883718,0.0],[-117.121229,32.883746,0.0],[-117.121232,32.883746,0.0],[-117.121569,32.883744,0.0],[-117.122342,32.883739,0.0],[-117.12316,32.883733,0.0],[-117.125181,32.883718,0.0],[-117.125379,32.883717,0.0],[-117.127086,32.883705,0.0],[-117.127084,32.883582,0.0],[-117.127083,32.883417,0.0],[-117.127075,32.882613,0.0],[-117.127073,32.882447,0.0],[-117.127036,32.878731,0.0],[-117.127035,32.878583,0.0],[-117.127004,32.875497,0.0],[-117.124564,32.875486,0.0],[-117.123809,32.875483,0.0],[-117.123643,32.87549,0.0],[-117.123627,32.875491,0.0],[-117.122349,32.875475,0.0],[-117.117946,32.875463,0.0],[-117.117945,32.875468,0.0],[-117.117944,32.875482,0.0],[-117.117943,32.875496,0.0],[-117.117941,32.875509,0.0],[-117.11794,32.875523,0.0],[-117.117939,32.875537,0.0]]],[[[-117.11718,32.892673,0.0],[-117.117232,32.892636,0.0],[-117.117279,32.892605,0.0],[-117.117325,32.892573,0.0],[-117.117371,32.89254,0.0],[-117.117416,32.892507,0.0],[-117.11746,32.892473,0.0],[-117.117504,32.892438,0.0],[-117.117546,32.892403,0.0],[-117.117588,32.892367,0.0],[-117.11763,32.892331,0.0],[-117.11767,32.892294,0.0],[-117.11771,32.892256,0.0],[-117.117749,32.892218,0.0],[-117.117787,32.892179,0.0],[-117.117825,32.892139,0.0],[-117.117861,32.892099,0.0],[-117.117897,32.892059,0.0],[-117.117932,32.892018,0.0],[-117.117966,32.891976,0.0],[-117.117999,32.891934,0.0],[-117.118031,32.891892,0.0],[-117.118063,32.891849,0.0],[-117.118093,32.891805,0.0],[-117.118123,32.891762,0.0],[-117.118151,32.891717,0.0],[-117.118179,32.891673,0.0],[-117.118206,32.891627,0.0],[-117.118232,32.891582,0.0],[-117.118257,32.891536,0.0],[-117.118281,32.89149,0.0],[-117.118304,32.891443,0.0],[-117.118326,32.891396,0.0],[-117.118366,32.891325,0.0],[-117.117894,32.891089,0.0],[-117.117881,32.891081,0.0],[-117.117867,32.891074,0.0],[-117.117854,32.891066,0.0],[-117.117841,32.891058,0.0],[-117.117827,32.89105,0.0],[-117.117814,32.891042,0.0],[-117.117801,32.891034,0.0],[-117.117788,32.891026,0.0],[-117.117774,32.891018,0.0],[-117.117761,32.89101,0.0],[-117.117748,32.891002,0.0],[-117.117735,32.890993,0.0],[-117.117722,32.890985,0.0],[-117.11771,32.890976,0.0],[-117.117697,32.890968,0.0],[-117.117684,32.890959,0.0],[-117.117671,32.890951,0.0],[-117.117659,32.890942,0.0],[-117.117646,32.890933,0.0],[-117.117634,32.890925,0.0],[-117.117621,32.890916,0.0],[-117.117609,32.890907,0.0],[-117.117596,32.890898,0.0],[-117.117584,32.890889,0.0],[-117.117572,32.89088,0.0],[-117.11756,32.890871,0.0],[-117.117547,32.890862,0.0],[-117.117535,32.890852,0.0],[-117.117523,32.890843,0.0],[-117.117511,32.890834,0.0],[-117.1175,32.890824,0.0],[-117.117488,32.890815,0.0],[-117.117476,32.890805,0.0],[-117.117464,32.890796,0.0],[-117.117453,32.890786,0.0],[-117.117441,32.890777,0.0],[-117.117429,32.890767,0.0],[-117.117418,32.890757,0.0],[-117.117407,32.890747,0.0],[-117.117395,32.890737,0.0],[-117.117384,32.890727,0.0],[-117.117373,32.890717,0.0],[-117.117362,32.890707,0.0],[-117.117351,32.890697,0.0],[-117.11734,32.890687,0.0],[-117.117329,32.890677,0.0],[-117.117318,32.890667,0.0],[-117.117307,32.890657,0.0],[-117.117296,32.890646,0.0],[-117.117286,32.890636,0.0],[-117.117275,32.890625,0.0],[-117.117264,32.890615,0.0],[-117.117254,32.890604,0.0],[-117.117243,32.890594,0.0],[-117.117233,32.890583,0.0],[-117.117223,32.890573,0.0],[-117.117213,32.890562,0.0],[-117.117203,32.890551,0.0],[-117.117196,32.890544,0.0],[-117.11718,32.892673,0.0]]]]},"properties":{"APN":"7602512600","SITUS_ADDRESS":0,"SITUS_STREET":"MIRAMAR","SITUS_SUFFIX":"RD"}},{"type":"Feature","geometry":{"type":"MultiPolygon","coordinates":[[[[-117.116991,32.884048,0.0],[-117.116989,32.884221,0.0],[-117.116989,32.887852,0.0],[-117.11699,32.889279,0.0],[-117.116991,32.889682,0.0],[-117.116991,32.889696,0.0],[-117.116992,32.889699,0.0],[-117.116998,32.889712,0.0],[-117.117003,32.889725,0.0],[-117.117009,32.889738,0.0],[-117.117015,32.889751,0.0],[-117.11702,32.889764,0.0],[-117.117026,32.889777,0.0],[-117.117032,32.88979,0.0],[-117.117038,32.889802,0.0],[-117.117044,32.889815,0.0],[-117.11705,32.889828,0.0],[-117.117057,32.88984,0.0],[-117.117063,32.889853,0.0],[-117.11707,32.889866,0.0],[-117.117076,32.889878,0.0],[-117.117083,32.889891,0.0],[-117.11709,32.889903,0.0],[-117.117096,32.889916,0.0],[-117.117103,32.889928,0.0],[-117.11711,32.889941,0.0],[-117.117117,32.889953,0.0],[-117.117125,32.889965,0.0],[-117.117132,32.889978,0.0],[-117.117139,32.88999,0.0],[-117.117147,32.890002,0.0],[-117.117154,32.890014,0.0],[-117.117162,32.890027,0.0],[-117.117169,32.890039,0.0],[-117.117177,32.890051,0.0],[-117.117185,32.890063,0.0],[-117.117193,32.890075,0.0],[-117.117201,32.890087,0.0],[-117.117209,32.890099,0.0],[-117.117217,32.890111,0.0],[-117.117226,32.890122,0.0],[-117.117234,32.890134,0.0],[-117.117242,32.890146,0.0],[-117.117251,32.890158,0.0],[-117.11726,32.890169,0.0],[-117.117268,32.890181,0.0],[-117.117277,32.890192,0.0],[-117.117286,32.890204,0.0],[-117.117295,32.890215,0.0],[-117.117304,32.890227,0.0],[-117.117313,32.890238,0.0],[-117.117322,32.89025,0.0],[-117.117331,32.890261,0.0],[-117.117341,32.890272,0.0],[-117.11735,32.890283,0.0],[-117.11736,32.890295,0.0],[-117.117369,32.890306,0.0],[-117.117379,32.890317,0.0],[-117.117389,32.890328,0.0],[-117.117398,32.890339,0.0],[-117.117408,32.89035,0.0],[-117.117418,32.890361,0.0],[-117.117428,32.890371,0.0],[-117.117438,32.890382,0.0],[-117.117449,32.890393,0.0],[-117.117459,32.890404,0.0],[-117.117469,32.890414,0.0],[-117.11748,32.890425,0.0],[-117.11749,32.890435,0.0],[-117.117501,32.890446,0.0],[-117.117511,32.890456,0.0],[-117.117522,32.890466,0.0],[-117.117533,32.890477,0.0],[-117.117544,32.890487,0.0],[-117.117555,32.890497,0.0],[-117.117566,32.890507,0.0],[-117.117577,32.890517,0.0],[-117.117588,32.890527,0.0],[-117.117599,32.890537,0.0],[-117.11761,32.890547,0.0],[-117.117622,32.890557,0.0],[-117.117633,32.890567,0.0],[-117.117645,32.890577,0.0],[-117.117652,32.890583,0.0],[-117.117682,32.89061,0.0],[-117.117723,32.890646,0.0],[-117.117764,32.890681,0.0],[-117.117806,32.890715,0.0],[-117.117848,32.890749,0.0],[-117.117891,32.890782,0.0],[-117.117935,32.890814,0.0],[-117.11798,32.890846,0.0],[-117.118025,32.890877,0.0],[-117.118071,32.890907,0.0],[-117.118118,32.890937,0.0],[-117.118165,32.890966,0.0],[-117.118212,32.890994,0.0],[-117.118261,32.891022,0.0],[-117.118309,32.891049,0.0],[-117.118359,32.891075,0.0],[-117.118409,32.8911,0.0],[-117.118459,32.891125,0.0],[-117.118501,32.891137,0.0],[-117.119259,32.891144,0.0],[-117.119371,32.891145,0.0],[-117.11938,32.891145,0.0],[-117.119441,32.891145,0.0],[-117.119574,32.891146,0.0],[-117.119756,32.891147,0.0],[-117.119932,32.891148,0.0],[-117.120182,32.89115,0.0],[-117.120359,32.891151,0.0],[-117.121534,32.891158,0.0],[-117.122853,32.891167,0.0],[-117.122945,32.891167,0.0],[-117.126754,32.891191,0.0],[-117.126917,32.891193,0.0],[-117.12716,32.891195,0.0],[-117.129318,32.891209,0.0],[-117.129487,32.89121,0.0],[-117.13054,32.891217,0.0],[-117.130543,32.891217,0.0],[-117.130905,32.89122,0.0],[-117.130915,32.89122,0.0],[-117.131106,32.891221,0.0],[-117.131155,32.891221,0.0],[-117.131657,32.891224,0.0],[-117.131763,32.891224,0.0],[-117.132229,32.891227,0.0],[-117.13236,32.891228,0.0],[-117.134133,32.891238,0.0],[-117.134266,32.891239,0.0],[-117.135908,32.89125,0.0],[-117.135898,32.890945,0.0],[-117.135894,32.89081,0.0],[-117.135892,32.890769,0.0],[-117.135829,32.889118,0.0],[-117.135824,32.88899,0.0],[-117.135823,32.888978,0.0],[-117.135794,32.887666,0.0],[-117.135791,32.887573,0.0],[-117.135759,32.886135,0.0],[-117.135756,32.886008,0.0],[-117.135755,32.885985,0.0],[-117.135754,32.885931,0.0],[-117.135754,32.885718,0.0],[-117.135754,32.885693,0.0],[-117.135706,32.883838,0.0],[-117.135338,32.883874,0.0],[-117.134619,32.883885,0.0],[-117.134521,32.883886,0.0],[-117.133347,32.8839,0.0],[-117.130971,32.883927,0.0],[-117.127788,32.883942,0.0],[-117.127689,32.883942,0.0],[-117.127088,32.883945,0.0],[-117.125341,32.883951,0.0],[-117.12527,32.883951,0.0],[-117.125198,32.883951,0.0],[-117.124726,32.883948,0.0],[-117.124635,32.883948,0.0],[-117.124537,32.883948,0.0],[-117.123958,32.883947,0.0],[-117.123355,32.88394,0.0],[-117.121111,32.883914,0.0],[-117.118566,32.883884,0.0],[-117.118403,32.883882,0.0],[-117.117185,32.883898,0.0],[-117.116991,32.884048,0.0]]],[[[-117.117939,32.875537,0.0],[-117.117937,32.87555,0.0],[-117.117936,32.875564,0.0],[-117.117934,32.875578,0.0],[-117.117933,32.875591,0.0],[-117.117932,32.875605,0.0],[-117.11793,32.875619,0.0],[-117.117929,32.875632,0.0],[-117.117927,32.875646,0.0],[-117.117926,32.87566,0.0],[-117.117924,32.875674,0.0],[-117.117923,32.875687,0.0],[-117.117921,32.875701,0.0],[-117.11792,32.875715,0.0],[-117.117918,32.875728,0.0],[-117.117917,32.875742,0.0],[-117.117915,32.875756,0.0],[-117.117914,32.875769,0.0],[-117.117912,32.875783,0.0],[-117.11791,32.875797,0.0],[-117.117909,32.87581,0.0],[-117.117907,32.875824,0.0],[-117.117906,32.875838,0.0],[-117.117904,32.875851,0.0],[-117.117902,32.875865,0.0],[-117.117901,32.875879,0.0],[-117.117899,32.875892,0.0],[-117.117897,32.875906,0.0],[-117.117896,32.87592,0.0],[-117.117894,32.875933,0.0],[-117.117892,32.875947,0.0],[-117.11789,32.875961,0.0],[-117.117889,32.875974,0.0],[-117.117812,32.876421,0.0],[-117.117796,32.876514,0.0],[-117.117795,32.87652,0.0],[-117.117792,32.876533,0.0],[-117.117789,32.876547,0.0],[-117.117787,32.87656,0.0],[-117.117784,32.876574,0.0],[-117.117781,32.876588,0.0],[-117.117781,32.876603,0.0],[-117.117776,32.876615,0.0],[-117.117774,32.876628,0.0],[-117.117771,32.876642,0.0],[-117.117769,32.876655,0.0],[-117.117766,32.876669,0.0],[-117.117764,32.876683,0.0],[-117.117762,32.876696,0.0],[-117.11776,32.87671,0.0],[-117.117757,32.876723,0.0],[-117.117755,32.876737,0.0],[-117.117753,32.876751,0.0],[-117.117751,32.876764,0.0],[-117.117749,32.876778,0.0],[-117.117747,32.876792,0.0],[-117.117745,32.876805,0.0],[-117.117743,32.876819,0.0],[-117.117741,32.876833,0.0],[-117.117739,32.876846,0.0],[-117.117738,32.87686,0.0],[-117.117736,32.876874,0.0],[-117.117734,32.876887,0.0],[-117.117733,32.876901,0.0],[-117.117731,32.876915,0.0],[-117.117729,32.876928,0.0],[-117.117728,32.876942,0.0],[-117.117726,32.876956,0.0],[-117.117725,32.876969,0.0],[-117.117724,32.876983,0.0],[-117.117722,32.876997,0.0],[-117.117721,32.87701,0.0],[-117.11772,32.877024,0.0],[-117.117719,32.877038,0.0],[-117.117717,32.877051,0.0],[-117.117716,32.877065,0.0],[-117.117715,32.877079,0.0],[-117.117714,32.877093,0.0],[-117.117713,32.877106,0.0],[-117.117712,32.87712,0.0],[-117.117711,32.877134,0.0],[-117.11771,32.877148,0.0],[-117.11771,32.877161,0.0],[-117.117709,32.877175,0.0],[-117.117708,32.877189,0.0],[-117.117708,32.877202,0.0],[-117.117707,32.877216,0.0],[-117.117706,32.87723,0.0],[-117.117706,32.877244,0.0],[-117.117705,32.877257,0.0],[-117.117705,32.877271,0.0],[-117.117704,32.877285,0.0],[-117.117704,32.877299,0.0],[-117.117704,32.877312,0.0],[-117.117703,32.877326,0.0],[-117.117703,32.87734,0.0],[-117.117703,32.877354,0.0],[-117.117703,32.877367,0.0],[-117.117703,32.877381,0.0],[-117.117703,32.877395,0.0],[-117.117703,32.877408,0.0],[-117.117703,32.877422,0.0],[-117.117703,32.877436,0.0],[-117.117703,32.87745,0.0],[-117.117703,32.877463,0.0],[-117.117703,32.877477,0.0],[-117.117704,32.877491,0.0],[-117.117704,32.877505,0.0],[-117.117704,32.877518,0.0],[-117.117705,32.877532,0.0],[-117.117705,32.877546,0.0],[-117.117705,32.87756,0.0],[-117.117706,32.877573,0.0],[-117.117706,32.877587,0.0],[-117.117707,32.877601,0.0],[-117.117708,32.877615,0.0],[-117.117708,32.877628,0.0],[-117.117709,32.877642,0.0],[-117.11771,32.877656,0.0],[-117.117711,32.877669,0.0],[-117.117712,32.877683,0.0],[-117.117713,32.877697,0.0],[-117.117714,32.877711,0.0],[-117.117889,32.878925,0.0],[-117.117899,32.878996,0.0],[-117.117909,32.879062,0.0],[-117.118005,32.879836,0.0],[-117.118351,32.880424,0.0],[-117.118356,32.880433,0.0],[-117.118357,32.880436,0.0],[-117.118364,32.880448,0.0],[-117.11837,32.880461,0.0],[-117.118376,32.880474,0.0],[-117.118382,32.880487,0.0],[-117.118387,32.880499,0.0],[-117.118393,32.880512,0.0],[-117.118399,32.880525,0.0],[-117.118404,32.880538,0.0],[-117.11841,32.880551,0.0],[-117.118415,32.880564,0.0],[-117.11842,32.880577,0.0],[-117.118425,32.88059,0.0],[-117.11843,32.880603,0.0],[-117.118435,32.880616,0.0],[-117.11844,32.880629,0.0],[-117.118445,32.880642,0.0],[-117.11845,32.880656,0.0],[-117.118454,32.880669,0.0],[-117.118459,32.880682,0.0],[-117.118463,32.880695,0.0],[-117.118467,32.880709,0.0],[-117.118472,32.880722,0.0],[-117.118476,32.880735,0.0],[-117.11848,32.880748,0.0],[-117.118484,32.880762,0.0],[-117.118488,32.880775,0.0],[-117.118491,32.880789,0.0],[-117.118495,32.880802,0.0],[-117.118498,32.880815,0.0],[-117.118501,32.880827,0.0],[-117.118502,32.880829,0.0],[-117.118505,32.880842,0.0],[-117.118508,32.880856,0.0],[-117.118511,32.880869,0.0],[-117.118515,32.880883,0.0],[-117.118517,32.880896,0.0],[-117.11852,32.88091,0.0],[-117.118519,32.881086,0.0],[-117.11817,32.88111,0.0],[-117.118555,32.883718,0.0],[-117.121229,32.883746,0.0],[-117.121232,32.883746,0.0],[-117.121569,32.883744,0.0],[-117.122342,32.883739,0.0],[-117.12316,32.883733,0.0],[-117.125181,32.883718,0.0],[-117.125379,32.883717,0.0],[-117.127086,32.883705,0.0],[-117.127084,32.883582,0.0],[-117.127083,32.883417,0.0],[-117.127075,32.882613,0.0],[-117.127073,32.882447,0.0],[-117.127036,32.878731,0.0],[-117.127035,32.878583,0.0],[-117.127004,32.875497,0.0],[-117.124564,32.875486,0.0],[-117.123809,32.875483,0.0],[-117.123643,32.87549,0.0],[-117.123627,32.875491,0.0],[-117.122349,32.875475,0.0],[-117.117946,32.875463,0.0],[-117.117945,32.875468,0.0],[-117.117944,32.875482,0.0],[-117.117943,32.875496,0.0],[-117.117941,32.875509,0.0],[-117.11794,32.875523,0.0],[-117.117939,32.875537,0.0]]],[[[-117.11718,32.892673,0.0],[-117.117232,32.892636,0.0],[-117.117279,32.892605,0.0],[-117.117325,32.892573,0.0],[-117.117371,32.89254,0.0],[-117.117416,32.892507,0.0],[-117.11746,32.892473,0.0],[-117.117504,32.892438,0.0],[-117.117546,32.892403,0.0],[-117.117588,32.892367,0.0],[-117.11763,32.892331,0.0],[-117.11767,32.892294,0.0],[-117.11771,32.892256,0.0],[-117.117749,32.892218,0.0],[-117.117787,32.892179,0.0],[-117.117825,32.892139,0.0],[-117.117861,32.892099,0.0],[-117.117897,32.892059,0.0],[-117.117932,32.892018,0.0],[-117.117966,32.891976,0.0],[-117.117999,32.891934,0.0],[-117.118031,32.891892,0.0],[-117.118063,32.891849,0.0],[-117.118093,32.891805,0.0],[-117.118123,32.891762,0.0],[-117.118151,32.891717,0.0],[-117.118179,32.891673,0.0],[-117.118206,32.891627,0.0],[-117.118232,32.891582,0.0],[-117.118257,32.891536,0.0],[-117.118281,32.89149,0.0],[-117.118304,32.891443,0.0],[-117.118326,32.891396,0.0],[-117.118366,32.891325,0.0],[-117.117894,32.891089,0.0],[-117.117881,32.891081,0.0],[-117.117867,32.891074,0.0],[-117.117854,32.891066,0.0],[-117.117841,32.891058,0.0],[-117.117827,32.89105,0.0],[-117.117814,32.891042,0.0],[-117.117801,32.891034,0.0],[-117.117788,32.891026,0.0],[-117.117774,32.891018,0.0],[-117.117761,32.89101,0.0],[-117.117748,32.891002,0.0],[-117.117735,32.890993,0.0],[-117.117722,32.890985,0.0],[-117.11771,32.890976,0.0],[-117.117697,32.890968,0.0],[-117.117684,32.890959,0.0],[-117.117671,32.890951,0.0],[-117.117659,32.890942,0.0],[-117.117646,32.890933,0.0],[-117.117634,32.890925,0.0],[-117.117621,32.890916,0.0],[-117.117609,32.890907,0.0],[-117.117596,32.890898,0.0],[-117.117584,32.890889,0.0],[-117.117572,32.89088,0.0],[-117.11756,32.890871,0.0],[-117.117547,32.890862,0.0],[-117.117535,32.890852,0.0],[-117.117523,32.890843,0.0],[-117.117511,32.890834,0.0],[-117.1175,32.890824,0.0],[-117.117488,32.890815,0.0],[-117.117476,32.890805,0.0],[-117.117464,32.890796,0.0],[-117.117453,32.890786,0.0],[-117.117441,32.890777,0.0],[-117.117429,32.890767,0.0],[-117.117418,32.890757,0.0],[-117.117407,32.890747,0.0],[-117.117395,32.890737,0.0],[-117.117384,32.890727,0.0],[-117.117373,32.890717,0.0],[-117.117362,32.890707,0.0],[-117.117351,32.890697,0.0],[-117.11734,32.890687,0.0],[-117.117329,32.890677,0.0],[-117.117318,32.890667,0.0],[-117.117307,32.890657,0.0],[-117.117296,32.890646,0.0],[-117.117286,32.890636,0.0],[-117.117275,32.890625,0.0],[-117.117264,32.890615,0.0],[-117.117254,32.890604,0.0],[-117.117243,32.890594,0.0],[-117.117233,32.890583,0.0],[-117.117223,32.890573,0.0],[-117.117213,32.890562,0.0],[-117.117203,32.890551,0.0],[-117.117196,32.890544,0.0],[-117.11718,32.892673,0.0]]]]},"properties":{"APN":"7601460900","SITUS_ADDRESS":0,"SITUS_STREET":"MCAS MIRAMAR","SITUS_SUFFIX":""}},{"type":"Feature","geometry":{"type":"MultiPolygon","coordinates":[[[[-117.116991,32.884048,0.0],[-117.116989,32.884221,0.0],[-117.116989,32.887852,0.0],[-117.11699,32.889279,0.0],[-117.116991,32.889682,0.0],[-117.116991,32.889696,0.0],[-117.116992,32.889699,0.0],[-117.116998,32.889712,0.0],[-117.117003,32.889725,0.0],[-117.117009,32.889738,0.0],[-117.117015,32.889751,0.0],[-117.11702,32.889764,0.0],[-117.117026,32.889777,0.0],[-117.117032,32.88979,0.0],[-117.117038,32.889802,0.0],[-117.117044,32.889815,0.0],[-117.11705,32.889828,0.0],[-117.117057,32.88984,0.0],[-117.117063,32.889853,0.0],[-117.11707,32.889866,0.0],[-117.117076,32.889878,0.0],[-117.117083,32.889891,0.0],[-117.11709,32.889903,0.0],[-117.117096,32.889916,0.0],[-117.117103,32.889928,0.0],[-117.11711,32.889941,0.0],[-117.117117,32.889953,0.0],[-117.117125,32.889965,0.0],[-117.117132,32.889978,0.0],[-117.117139,32.88999,0.0],[-117.117147,32.890002,0.0],[-117.117154,32.890014,0.0],[-117.117162,32.890027,0.0],[-117.117169,32.890039,0.0],[-117.117177,32.890051,0.0],[-117.117185,32.890063,0.0],[-117.117193,32.890075,0.0],[-117.117201,32.890087,0.0],[-117.117209,32.890099,0.0],[-117.117217,32.890111,0.0],[-117.117226,32.890122,0.0],[-117.117234,32.890134,0.0],[-117.117242,32.890146,0.0],[-117.117251,32.890158,0.0],[-117.11726,32.890169,0.0],[-117.117268,32.890181,0.0],[-117.117277,32.890192,0.0],[-117.117286,32.890204,0.0],[-117.117295,32.890215,0.0],[-117.117304,32.890227,0.0],[-117.117313,32.890238,0.0],[-117.117322,32.89025,0.0],[-117.117331,32.890261,0.0],[-117.117341,32.890272,0.0],[-117.11735,32.890283,0.0],[-117.11736,32.890295,0.0],[-117.117369,32.890306,0.0],[-117.117379,32.890317,0.0],[-117.117389,32.890328,0.0],[-117.117398,32.890339,0.0],[-117.117408,32.89035,0.0],[-117.117418,32.890361,0.0],[-117.117428,32.890371,0.0],[-117.117438,32.890382,0.0],[-117.117449,32.890393,0.0],[-117.117459,32.890404,0.0],[-117.117469,32.890414,0.0],[-117.11748,32.890425,0.0],[-117.11749,32.890435,0.0],[-117.117501,32.890446,0.0],[-117.117511,32.890456,0.0],[-117.117522,32.890466,0.0],[-117.117533,32.890477,0.0],[-117.117544,32.890487,0.0],[-117.117555,32.890497,0.0],[-117.117566,32.890507,0.0],[-117.117577,32.890517,0.0],[-117.117588,32.890527,0.0],[-117.117599,32.890537,0.0],[-117.11761,32.890547,0.0],[-117.117622,32.890557,0.0],[-117.117633,32.890567,0.0],[-117.117645,32.890577,0.0],[-117.117652,32.890583,0.0],[-117.117682,32.89061,0.0],[-117.117723,32.890646,0.0],[-117.117764,32.890681,0.0],[-117.117806,32.890715,0.0],[-117.117848,32.890749,0.0],[-117.117891,32.890782,0.0],[-117.117935,32.890814,0.0],[-117.11798,32.890846,0.0],[-117.118025,32.890877,0.0],[-117.118071,32.890907,0.0],[-117.118118,32.890937,0.0],[-117.118165,32.890966,0.0],[-117.118212,32.890994,0.0],[-117.118261,32.891022,0.0],[-117.118309,32.891049,0.0],[-117.118359,32.891075,0.0],[-117.118409,32.8911,0.0],[-117.118459,32.891125,0.0],[-117.118501,32.891137,0.0],[-117.119259,32.891144,0.0],[-117.119371,32.891145,0.0],[-117.11938,32.891145,0.0],[-117.119441,32.891145,0.0],[-117.119574,32.891146,0.0],[-117.119756,32.891147,0.0],[-117.119932,32.891148,0.0],[-117.120182,32.89115,0.0],[-117.120359,32.891151,0.0],[-117.121534,32.891158,0.0],[-117.122853,32.891167,0.0],[-117.122945,32.891167,0.0],[-117.126754,32.891191,0.0],[-117.126917,32.891193,0.0],[-117.12716,32.891195,0.0],[-117.129318,32.891209,0.0],[-117.129487,32.89121,0.0],[-117.13054,32.891217,0.0],[-117.130543,32.891217,0.0],[-117.130905,32.89122,0.0],[-117.130915,32.89122,0.0],[-117.131106,32.891221,0.0],[-117.131155,32.891221,0.0],[-117.131657,32.891224,0.0],[-117.131763,32.891224,0.0],[-117.132229,32.891227,0.0],[-117.13236,32.891228,0.0],[-117.134133,32.891238,0.0],[-117.134266,32.891239,0.0],[-117.135908,32.89125,0.0],[-117.135898,32.890945,0.0],[-117.135894,32.89081,0.0],[-117.135892,32.890769,0.0],[-117.135829,32.889118,0.0],[-117.135824,32.88899,0.0],[-117.135823,32.888978,0.0],[-117.135794,32.887666,0.0],[-117.135791,32.887573,0.0],[-117.135759,32.886135,0.0],[-117.135756,32.886008,0.0],[-117.135755,32.885985,0.0],[-117.135754,32.885931,0.0],[-117.135754,32.885718,0.0],[-117.135754,32.885693,0.0],[-117.135706,32.883838,0.0],[-117.135338,32.883874,0.0],[-117.134619,32.883885,0.0],[-117.134521,32.883886,0.0],[-117.133347,32.8839,0.0],[-117.130971,32.883927,0.0],[-117.127788,32.883942,0.0],[-117.127689,32.883942,0.0],[-117.127088,32.883945,0.0],[-117.125341,32.883951,0.0],[-117.12527,32.883951,0.0],[-117.125198,32.883951,0.0],[-117.124726,32.883948,0.0],[-117.124635,32.883948,0.0],[-117.124537,32.883948,0.0],[-117.123958,32.883947,0.0],[-117.123355,32.88394,0.0],[-117.121111,32.883914,0.0],[-117.118566,32.883884,0.0],[-117.118403,32.883882,0.0],[-117.117185,32.883898,0.0],[-117.116991,32.884048,0.0]]],[[[-117.117939,32.875537,0.0],[-117.117937,32.87555,0.0],[-117.117936,32.875564,0.0],[-117.117934,32.875578,0.0],[-117.117933,32.875591,0.0],[-117.117932,32.875605,0.0],[-117.11793,32.875619,0.0],[-117.117929,32.875632,0.0],[-117.117927,32.875646,0.0],[-117.117926,32.87566,0.0],[-117.117924,32.875674,0.0],[-117.117923,32.875687,0.0],[-117.117921,32.875701,0.0],[-117.11792,32.875715,0.0],[-117.117918,32.875728,0.0],[-117.117917,32.875742,0.0],[-117.117915,32.875756,0.0],[-117.117914,32.875769,0.0],[-117.117912,32.875783,0.0],[-117.11791,32.875797,0.0],[-117.117909,32.87581,0.0],[-117.117907,32.875824,0.0],[-117.117906,32.875838,0.0],[-117.117904,32.875851,0.0],[-117.117902,32.875865,0.0],[-117.117901,32.875879,0.0],[-117.117899,32.875892,0.0],[-117.117897,32.875906,0.0],[-117.117896,32.87592,0.0],[-117.117894,32.875933,0.0],[-117.117892,32.875947,0.0],[-117.11789,32.875961,0.0],[-117.117889,32.875974,0.0],[-117.117812,32.876421,0.0],[-117.117796,32.876514,0.0],[-117.117795,32.87652,0.0],[-117.117792,32.876533,0.0],[-117.117789,32.876547,0.0],[-117.117787,32.87656,0.0],[-117.117784,32.876574,0.0],[-117.117781,32.876588,0.0],[-117.117781,32.876603,0.0],[-117.117776,32.876615,0.0],[-117.117774,32.876628,0.0],[-117.117771,32.876642,0.0],[-117.117769,32.876655,0.0],[-117.117766,32.876669,0.0],[-117.117764,32.876683,0.0],[-117.117762,32.876696,0.0],[-117.11776,32.87671,0.0],[-117.117757,32.876723,0.0],[-117.117755,32.876737,0.0],[-117.117753,32.876751,0.0],[-117.117751,32.876764,0.0],[-117.117749,32.876778,0.0],[-117.117747,32.876792,0.0],[-117.117745,32.876805,0.0],[-117.117743,32.876819,0.0],[-117.117741,32.876833,0.0],[-117.117739,32.876846,0.0],[-117.117738,32.87686,0.0],[-117.117736,32.876874,0.0],[-117.117734,32.876887,0.0],[-117.117733,32.876901,0.0],[-117.117731,32.876915,0.0],[-117.117729,32.876928,0.0],[-117.117728,32.876942,0.0],[-117.117726,32.876956,0.0],[-117.117725,32.876969,0.0],[-117.117724,32.876983,0.0],[-117.117722,32.876997,0.0],[-117.117721,32.87701,0.0],[-117.11772,32.877024,0.0],[-117.117719,32.877038,0.0],[-117.117717,32.877051,0.0],[-117.117716,32.877065,0.0],[-117.117715,32.877079,0.0],[-117.117714,32.877093,0.0],[-117.117713,32.877106,0.0],[-117.117712,32.87712,0.0],[-117.117711,32.877134,0.0],[-117.11771,32.877148,0.0],[-117.11771,32.877161,0.0],[-117.117709,32.877175,0.0],[-117.117708,32.877189,0.0],[-117.117708,32.877202,0.0],[-117.117707,32.877216,0.0],[-117.117706,32.87723,0.0],[-117.117706,32.877244,0.0],[-117.117705,32.877257,0.0],[-117.117705,32.877271,0.0],[-117.117704,32.877285,0.0],[-117.117704,32.877299,0.0],[-117.117704,32.877312,0.0],[-117.117703,32.877326,0.0],[-117.117703,32.87734,0.0],[-117.117703,32.877354,0.0],[-117.117703,32.877367,0.0],[-117.117703,32.877381,0.0],[-117.117703,32.877395,0.0],[-117.117703,32.877408,0.0],[-117.117703,32.877422,0.0],[-117.117703,32.877436,0.0],[-117.117703,32.87745,0.0],[-117.117703,32.877463,0.0],[-117.117703,32.877477,0.0],[-117.117704,32.877491,0.0],[-117.117704,32.877505,0.0],[-117.117704,32.877518,0.0],[-117.117705,32.877532,0.0],[-117.117705,32.877546,0.0],[-117.117705,32.87756,0.0],[-117.117706,32.877573,0.0],[-117.117706,32.877587,0.0],[-117.117707,32.877601,0.0],[-117.117708,32.877615,0.0],[-117.117708,32.877628,0.0],[-117.117709,32.877642,0.0],[-117.11771,32.877656,0.0],[-117.117711,32.877669,0.0],[-117.117712,32.877683,0.0],[-117.117713,32.877697,0.0],[-117.117714,32.877711,0.0],[-117.117889,32.878925,0.0],[-117.117899,32.878996,0.0],[-117.117909,32.879062,0.0],[-117.118005,32.879836,0.0],[-117.118351,32.880424,0.0],[-117.118356,32.880433,0.0],[-117.118357,32.880436,0.0],[-117.118364,32.880448,0.0],[-117.11837,32.880461,0.0],[-117.118376,32.880474,0.0],[-117.118382,32.880487,0.0],[-117.118387,32.880499,0.0],[-117.118393,32.880512,0.0],[-117.118399,32.880525,0.0],[-117.118404,32.880538,0.0],[-117.11841,32.880551,0.0],[-117.118415,32.880564,0.0],[-117.11842,32.880577,0.0],[-117.118425,32.88059,0.0],[-117.11843,32.880603,0.0],[-117.118435,32.880616,0.0],[-117.11844,32.880629,0.0],[-117.118445,32.880642,0.0],[-117.11845,32.880656,0.0],[-117.118454,32.880669,0.0],[-117.118459,32.880682,0.0],[-117.118463,32.880695,0.0],[-117.118467,32.880709,0.0],[-117.118472,32.880722,0.0],[-117.118476,32.880735,0.0],[-117.11848,32.880748,0.0],[-117.118484,32.880762,0.0],[-117.118488,32.880775,0.0],[-117.118491,32.880789,0.0],[-117.118495,32.880802,0.0],[-117.118498,32.880815,0.0],[-117.118501,32.880827,0.0],[-117.118502,32.880829,0.0],[-117.118505,32.880842,0.0],[-117.118508,32.880856,0.0],[-117.118511,32.880869,0.0],[-117.118515,32.880883,0.0],[-117.118517,32.880896,0.0],[-117.11852,32.88091,0.0],[-117.118519,32.881086,0.0],[-117.11817,32.88111,0.0],[-117.118555,32.883718,0.0],[-117.121229,32.883746,0.0],[-117.121232,32.883746,0.0],[-117.121569,32.883744,0.0],[-117.122342,32.883739,0.0],[-117.12316,32.883733,0.0],[-117.125181,32.883718,0.0],[-117.125379,32.883717,0.0],[-117.127086,32.883705,0.0],[-117.127084,32.883582,0.0],[-117.127083,32.883417,0.0],[-117.127075,32.882613,0.0],[-117.127073,32.882447,0.0],[-117.127036,32.878731,0.0],[-117.127035,32.878583,0.0],[-117.127004,32.875497,0.0],[-117.124564,32.875486,0.0],[-117.123809,32.875483,0.0],[-117.123643,32.87549,0.0],[-117.123627,32.875491,0.0],[-117.122349,32.875475,0.0],[-117.117946,32.875463,0.0],[-117.117945,32.875468,0.0],[-117.117944,32.875482,0.0],[-117.117943,32.875496,0.0],[-117.117941,32.875509,0.0],[-117.11794,32.875523,0.0],[-117.117939,32.875537,0.0]]],[[[-117.11718,32.892673,0.0],[-117.117232,32.892636,0.0],[-117.117279,32.892605,0.0],[-117.117325,32.892573,0.0],[-117.117371,32.89254,0.0],[-117.117416,32.892507,0.0],[-117.11746,32.892473,0.0],[-117.117504,32.892438,0.0],[-117.117546,32.892403,0.0],[-117.117588,32.892367,0.0],[-117.11763,32.892331,0.0],[-117.11767,32.892294,0.0],[-117.11771,32.892256,0.0],[-117.117749,32.892218,0.0],[-117.117787,32.892179,0.0],[-117.117825,32.892139,0.0],[-117.117861,32.892099,0.0],[-117.117897,32.892059,0.0],[-117.117932,32.892018,0.0],[-117.117966,32.891976,0.0],[-117.117999,32.891934,0.0],[-117.118031,32.891892,0.0],[-117.118063,32.891849,0.0],[-117.118093,32.891805,0.0],[-117.118123,32.891762,0.0],[-117.118151,32.891717,0.0],[-117.118179,32.891673,0.0],[-117.118206,32.891627,0.0],[-117.118232,32.891582,0.0],[-117.118257,32.891536,0.0],[-117.118281,32.89149,0.0],[-117.118304,32.891443,0.0],[-117.118326,32.891396,0.0],[-117.118366,32.891325,0.0],[-117.117894,32.891089,0.0],[-117.117881,32.891081,0.0],[-117.117867,32.891074,0.0],[-117.117854,32.891066,0.0],[-117.117841,32.891058,0.0],[-117.117827,32.89105,0.0],[-117.117814,32.891042,0.0],[-117.117801,32.891034,0.0],[-117.117788,32.891026,0.0],[-117.117774,32.891018,0.0],[-117.117761,32.89101,0.0],[-117.117748,32.891002,0.0],[-117.117735,32.890993,0.0],[-117.117722,32.890985,0.0],[-117.11771,32.890976,0.0],[-117.117697,32.890968,0.0],[-117.117684,32.890959,0.0],[-117.117671,32.890951,0.0],[-117.117659,32.890942,0.0],[-117.117646,32.890933,0.0],[-117.117634,32.890925,0.0],[-117.117621,32.890916,0.0],[-117.117609,32.890907,0.0],[-117.117596,32.890898,0.0],[-117.117584,32.890889,0.0],[-117.117572,32.89088,0.0],[-117.11756,32.890871,0.0],[-117.117547,32.890862,0.0],[-117.117535,32.890852,0.0],[-117.117523,32.890843,0.0],[-117.117511,32.890834,0.0],[-117.1175,32.890824,0.0],[-117.117488,32.890815,0.0],[-117.117476,32.890805,0.0],[-117.117464,32.890796,0.0],[-117.117453,32.890786,0.0],[-117.117441,32.890777,0.0],[-117.117429,32.890767,0.0],[-117.117418,32.890757,0.0],[-117.117407,32.890747,0.0],[-117.117395,32.890737,0.0],[-117.117384,32.890727,0.0],[-117.117373,32.890717,0.0],[-117.117362,32.890707,0.0],[-117.117351,32.890697,0.0],[-117.11734,32.890687,0.0],[-117.117329,32.890677,0.0],[-117.117318,32.890667,0.0],[-117.117307,32.890657,0.0],[-117.117296,32.890646,0.0],[-117.117286,32.890636,0.0],[-117.117275,32.890625,0.0],[-117.117264,32.890615,0.0],[-117.117254,32.890604,0.0],[-117.117243,32.890594,0.0],[-117.117233,32.890583,0.0],[-117.117223,32.890573,0.0],[-117.117213,32.890562,0.0],[-117.117203,32.890551,0.0],[-117.117196,32.890544,0.0],[-117.11718,32.892673,0.0]]]]},"properties":{"APN":"7601465700","SITUS_ADDRESS":0,"SITUS_STREET":"MCAS MIRAMAR","SITUS_SUFFIX":""}},{"type":"Feature","geometry":{"type":"MultiPolygon","coordinates":[[[[-117.116991,32.884048,0.0],[-117.116989,32.884221,0.0],[-117.116989,32.887852,0.0],[-117.11699,32.889279,0.0],[-117.116991,32.889682,0.0],[-117.116991,32.889696,0.0],[-117.116992,32.889699,0.0],[-117.116998,32.889712,0.0],[-117.117003,32.889725,0.0],[-117.117009,32.889738,0.0],[-117.117015,32.889751,0.0],[-117.11702,32.889764,0.0],[-117.117026,32.889777,0.0],[-117.117032,32.88979,0.0],[-117.117038,32.889802,0.0],[-117.117044,32.889815,0.0],[-117.11705,32.889828,0.0],[-117.117057,32.88984,0.0],[-117.117063,32.889853,0.0],[-117.11707,32.889866,0.0],[-117.117076,32.889878,0.0],[-117.117083,32.889891,0.0],[-117.11709,32.889903,0.0],[-117.117096,32.889916,0.0],[-117.117103,32.889928,0.0],[-117.11711,32.889941,0.0],[-117.117117,32.889953,0.0],[-117.117125,32.889965,0.0],[-117.117132,32.889978,0.0],[-117.117139,32.88999,0.0],[-117.117147,32.890002,0.0],[-117.117154,32.890014,0.0],[-117.117162,32.890027,0.0],[-117.117169,32.890039,0.0],[-117.117177,32.890051,0.0],[-117.117185,32.890063,0.0],[-117.117193,32.890075,0.0],[-117.117201,32.890087,0.0],[-117.117209,32.890099,0.0],[-117.117217,32.890111,0.0],[-117.117226,32.890122,0.0],[-117.117234,32.890134,0.0],[-117.117242,32.890146,0.0],[-117.117251,32.890158,0.0],[-117.11726,32.890169,0.0],[-117.117268,32.890181,0.0],[-117.117277,32.890192,0.0],[-117.117286,32.890204,0.0],[-117.117295,32.890215,0.0],[-117.117304,32.890227,0.0],[-117.117313,32.890238,0.0],[-117.117322,32.89025,0.0],[-117.117331,32.890261,0.0],[-117.117341,32.890272,0.0],[-117.11735,32.890283,0.0],[-117.11736,32.890295,0.0],[-117.117369,32.890306,0.0],[-117.117379,32.890317,0.0],[-117.117389,32.890328,0.0],[-117.117398,32.890339,0.0],[-117.117408,32.89035,0.0],[-117.117418,32.890361,0.0],[-117.117428,32.890371,0.0],[-117.117438,32.890382,0.0],[-117.117449,32.890393,0.0],[-117.117459,32.890404,0.0],[-117.117469,32.890414,0.0],[-117.11748,32.890425,0.0],[-117.11749,32.890435,0.0],[-117.117501,32.890446,0.0],[-117.117511,32.890456,0.0],[-117.117522,32.890466,0.0],[-117.117533,32.890477,0.0],[-117.117544,32.890487,0.0],[-117.117555,32.890497,0.0],[-117.117566,32.890507,0.0],[-117.117577,32.890517,0.0],[-117.117588,32.890527,0.0],[-117.117599,32.890537,0.0],[-117.11761,32.890547,0.0],[-117.117622,32.890557,0.0],[-117.117633,32.890567,0.0],[-117.117645,32.890577,0.0],[-117.117652,32.890583,0.0],[-117.117682,32.89061,0.0],[-117.117723,32.890646,0.0],[-117.117764,32.890681,0.0],[-117.117806,32.890715,0.0],[-117.117848,32.890749,0.0],[-117.117891,32.890782,0.0],[-117.117935,32.890814,0.0],[-117.11798,32.890846,0.0],[-117.118025,32.890877,0.0],[-117.118071,32.890907,0.0],[-117.118118,32.890937,0.0],[-117.118165,32.890966,0.0],[-117.118212,32.890994,0.0],[-117.118261,32.891022,0.0],[-117.118309,32.891049,0.0],[-117.118359,32.891075,0.0],[-117.118409,32.8911,0.0],[-117.118459,32.891125,0.0],[-117.118501,32.891137,0.0],[-117.119259,32.891144,0.0],[-117.119371,32.891145,0.0],[-117.11938,32.891145,0.0],[-117.119441,32.891145,0.0],[-117.119574,32.891146,0.0],[-117.119756,32.891147,0.0],[-117.119932,32.891148,0.0],[-117.120182,32.89115,0.0],[-117.120359,32.891151,0.0],[-117.121534,32.891158,0.0],[-117.122853,32.891167,0.0],[-117.122945,32.891167,0.0],[-117.126754,32.891191,0.0],[-117.126917,32.891193,0.0],[-117.12716,32.891195,0.0],[-117.129318,32.891209,0.0],[-117.129487,32.89121,0.0],[-117.13054,32.891217,0.0],[-117.130543,32.891217,0.0],[-117.130905,32.89122,0.0],[-117.130915,32.89122,0.0],[-117.131106,32.891221,0.0],[-117.131155,32.891221,0.0],[-117.131657,32.891224,0.0],[-117.131763,32.891224,0.0],[-117.132229,32.891227,0.0],[-117.13236,32.891228,0.0],[-117.134133,32.891238,0.0],[-117.134266,32.891239,0.0],[-117.135908,32.89125,0.0],[-117.135898,32.890945,0.0],[-117.135894,32.89081,0.0],[-117.135892,32.890769,0.0],[-117.135829,32.889118,0.0],[-117.135824,32.88899,0.0],[-117.135823,32.888978,0.0],[-117.135794,32.887666,0.0],[-117.135791,32.887573,0.0],[-117.135759,32.886135,0.0],[-117.135756,32.886008,0.0],[-117.135755,32.885985,0.0],[-117.135754,32.885931,0.0],[-117.135754,32.885718,0.0],[-117.135754,32.885693,0.0],[-117.135706,32.883838,0.0],[-117.135338,32.883874,0.0],[-117.134619,32.883885,0.0],[-117.134521,32.883886,0.0],[-117.133347,32.8839,0.0],[-117.130971,32.883927,0.0],[-117.127788,32.883942,0.0],[-117.127689,32.883942,0.0],[-117.127088,32.883945,0.0],[-117.125341,32.883951,0.0],[-117.12527,32.883951,0.0],[-117.125198,32.883951,0.0],[-117.124726,32.883948,0.0],[-117.124635,32.883948,0.0],[-117.124537,32.883948,0.0],[-117.123958,32.883947,0.0],[-117.123355,32.88394,0.0],[-117.121111,32.883914,0.0],[-117.118566,32.883884,0.0],[-117.118403,32.883882,0.0],[-117.117185,32.883898,0.0],[-117.116991,32.884048,0.0]]],[[[-117.117939,32.875537,0.0],[-117.117937,32.87555,0.0],[-117.117936,32.875564,0.0],[-117.117934,32.875578,0.0],[-117.117933,32.875591,0.0],[-117.117932,32.875605,0.0],[-117.11793,32.875619,0.0],[-117.117929,32.875632,0.0],[-117.117927,32.875646,0.0],[-117.117926,32.87566,0.0],[-117.117924,32.875674,0.0],[-117.117923,32.875687,0.0],[-117.117921,32.875701,0.0],[-117.11792,32.875715,0.0],[-117.117918,32.875728,0.0],[-117.117917,32.875742,0.0],[-117.117915,32.875756,0.0],[-117.117914,32.875769,0.0],[-117.117912,32.875783,0.0],[-117.11791,32.875797,0.0],[-117.117909,32.87581,0.0],[-117.117907,32.875824,0.0],[-117.117906,32.875838,0.0],[-117.117904,32.875851,0.0],[-117.117902,32.875865,0.0],[-117.117901,32.875879,0.0],[-117.117899,32.875892,0.0],[-117.117897,32.875906,0.0],[-117.117896,32.87592,0.0],[-117.117894,32.875933,0.0],[-117.117892,32.875947,0.0],[-117.11789,32.875961,0.0],[-117.117889,32.875974,0.0],[-117.117812,32.876421,0.0],[-117.117796,32.876514,0.0],[-117.117795,32.87652,0.0],[-117.117792,32.876533,0.0],[-117.117789,32.876547,0.0],[-117.117787,32.87656,0.0],[-117.117784,32.876574,0.0],[-117.117781,32.876588,0.0],[-117.117781,32.876603,0.0],[-117.117776,32.876615,0.0],[-117.117774,32.876628,0.0],[-117.117771,32.876642,0.0],[-117.117769,32.876655,0.0],[-117.117766,32.876669,0.0],[-117.117764,32.876683,0.0],[-117.117762,32.876696,0.0],[-117.11776,32.87671,0.0],[-117.117757,32.876723,0.0],[-117.117755,32.876737,0.0],[-117.117753,32.876751,0.0],[-117.117751,32.876764,0.0],[-117.117749,32.876778,0.0],[-117.117747,32.876792,0.0],[-117.117745,32.876805,0.0],[-117.117743,32.876819,0.0],[-117.117741,32.876833,0.0],[-117.117739,32.876846,0.0],[-117.117738,32.87686,0.0],[-117.117736,32.876874,0.0],[-117.117734,32.876887,0.0],[-117.117733,32.876901,0.0],[-117.117731,32.876915,0.0],[-117.117729,32.876928,0.0],[-117.117728,32.876942,0.0],[-117.117726,32.876956,0.0],[-117.117725,32.876969,0.0],[-117.117724,32.876983,0.0],[-117.117722,32.876997,0.0],[-117.117721,32.87701,0.0],[-117.11772,32.877024,0.0],[-117.117719,32.877038,0.0],[-117.117717,32.877051,0.0],[-117.117716,32.877065,0.0],[-117.117715,32.877079,0.0],[-117.117714,32.877093,0.0],[-117.117713,32.877106,0.0],[-117.117712,32.87712,0.0],[-117.117711,32.877134,0.0],[-117.11771,32.877148,0.0],[-117.11771,32.877161,0.0],[-117.117709,32.877175,0.0],[-117.117708,32.877189,0.0],[-117.117708,32.877202,0.0],[-117.117707,32.877216,0.0],[-117.117706,32.87723,0.0],[-117.117706,32.877244,0.0],[-117.117705,32.877257,0.0],[-117.117705,32.877271,0.0],[-117.117704,32.877285,0.0],[-117.117704,32.877299,0.0],[-117.117704,32.877312,0.0],[-117.117703,32.877326,0.0],[-117.117703,32.87734,0.0],[-117.117703,32.877354,0.0],[-117.117703,32.877367,0.0],[-117.117703,32.877381,0.0],[-117.117703,32.877395,0.0],[-117.117703,32.877408,0.0],[-117.117703,32.877422,0.0],[-117.117703,32.877436,0.0],[-117.117703,32.87745,0.0],[-117.117703,32.877463,0.0],[-117.117703,32.877477,0.0],[-117.117704,32.877491,0.0],[-117.117704,32.877505,0.0],[-117.117704,32.877518,0.0],[-117.117705,32.877532,0.0],[-117.117705,32.877546,0.0],[-117.117705,32.87756,0.0],[-117.117706,32.877573,0.0],[-117.117706,32.877587,0.0],[-117.117707,32.877601,0.0],[-117.117708,32.877615,0.0],[-117.117708,32.877628,0.0],[-117.117709,32.877642,0.0],[-117.11771,32.877656,0.0],[-117.117711,32.877669,0.0],[-117.117712,32.877683,0.0],[-117.117713,32.877697,0.0],[-117.117714,32.877711,0.0],[-117.117889,32.878925,0.0],[-117.117899,32.878996,0.0],[-117.117909,32.879062,0.0],[-117.118005,32.879836,0.0],[-117.118351,32.880424,0.0],[-117.118356,32.880433,0.0],[-117.118357,32.880436,0.0],[-117.118364,32.880448,0.0],[-117.11837,32.880461,0.0],[-117.118376,32.880474,0.0],[-117.118382,32.880487,0.0],[-117.118387,32.880499,0.0],[-117.118393,32.880512,0.0],[-117.118399,32.880525,0.0],[-117.118404,32.880538,0.0],[-117.11841,32.880551,0.0],[-117.118415,32.880564,0.0],[-117.11842,32.880577,0.0],[-117.118425,32.88059,0.0],[-117.11843,32.880603,0.0],[-117.118435,32.880616,0.0],[-117.11844,32.880629,0.0],[-117.118445,32.880642,0.0],[-117.11845,32.880656,0.0],[-117.118454,32.880669,0.0],[-117.118459,32.880682,0.0],[-117.118463,32.880695,0.0],[-117.118467,32.880709,0.0],[-117.118472,32.880722,0.0],[-117.118476,32.880735,0.0],[-117.11848,32.880748,0.0],[-117.118484,32.880762,0.0],[-117.118488,32.880775,0.0],[-117.118491,32.880789,0.0],[-117.118495,32.880802,0.0],[-117.118498,32.880815,0.0],[-117.118501,32.880827,0.0],[-117.118502,32.880829,0.0],[-117.118505,32.880842,0.0],[-117.118508,32.880856,0.0],[-117.118511,32.880869,0.0],[-117.118515,32.880883,0.0],[-117.118517,32.880896,0.0],[-117.11852,32.88091,0.0],[-117.118519,32.881086,0.0],[-117.11817,32.88111,0.0],[-117.118555,32.883718,0.0],[-117.121229,32.883746,0.0],[-117.121232,32.883746,0.0],[-117.121569,32.883744,0.0],[-117.122342,32.883739,0.0],[-117.12316,32.883733,0.0],[-117.125181,32.883718,0.0],[-117.125379,32.883717,0.0],[-117.127086,32.883705,0.0],[-117.127084,32.883582,0.0],[-117.127083,32.883417,0.0],[-117.127075,32.882613,0.0],[-117.127073,32.882447,0.0],[-117.127036,32.878731,0.0],[-117.127035,32.878583,0.0],[-117.127004,32.875497,0.0],[-117.124564,32.875486,0.0],[-117.123809,32.875483,0.0],[-117.123643,32.87549,0.0],[-117.123627,32.875491,0.0],[-117.122349,32.875475,0.0],[-117.117946,32.875463,0.0],[-117.117945,32.875468,0.0],[-117.117944,32.875482,0.0],[-117.117943,32.875496,0.0],[-117.117941,32.875509,0.0],[-117.11794,32.875523,0.0],[-117.117939,32.875537,0.0]]],[[[-117.11718,32.892673,0.0],[-117.117232,32.892636,0.0],[-117.117279,32.892605,0.0],[-117.117325,32.892573,0.0],[-117.117371,32.89254,0.0],[-117.117416,32.892507,0.0],[-117.11746,32.892473,0.0],[-117.117504,32.892438,0.0],[-117.117546,32.892403,0.0],[-117.117588,32.892367,0.0],[-117.11763,32.892331,0.0],[-117.11767,32.892294,0.0],[-117.11771,32.892256,0.0],[-117.117749,32.892218,0.0],[-117.117787,32.892179,0.0],[-117.117825,32.892139,0.0],[-117.117861,32.892099,0.0],[-117.117897,32.892059,0.0],[-117.117932,32.892018,0.0],[-117.117966,32.891976,0.0],[-117.117999,32.891934,0.0],[-117.118031,32.891892,0.0],[-117.118063,32.891849,0.0],[-117.118093,32.891805,0.0],[-117.118123,32.891762,0.0],[-117.118151,32.891717,0.0],[-117.118179,32.891673,0.0],[-117.118206,32.891627,0.0],[-117.118232,32.891582,0.0],[-117.118257,32.891536,0.0],[-117.118281,32.89149,0.0],[-117.118304,32.891443,0.0],[-117.118326,32.891396,0.0],[-117.118366,32.891325,0.0],[-117.117894,32.891089,0.0],[-117.117881,32.891081,0.0],[-117.117867,32.891074,0.0],[-117.117854,32.891066,0.0],[-117.117841,32.891058,0.0],[-117.117827,32.89105,0.0],[-117.117814,32.891042,0.0],[-117.117801,32.891034,0.0],[-117.117788,32.891026,0.0],[-117.117774,32.891018,0.0],[-117.117761,32.89101,0.0],[-117.117748,32.891002,0.0],[-117.117735,32.890993,0.0],[-117.117722,32.890985,0.0],[-117.11771,32.890976,0.0],[-117.117697,32.890968,0.0],[-117.117684,32.890959,0.0],[-117.117671,32.890951,0.0],[-117.117659,32.890942,0.0],[-117.117646,32.890933,0.0],[-117.117634,32.890925,0.0],[-117.117621,32.890916,0.0],[-117.117609,32.890907,0.0],[-117.117596,32.890898,0.0],[-117.117584,32.890889,0.0],[-117.117572,32.89088,0.0],[-117.11756,32.890871,0.0],[-117.117547,32.890862,0.0],[-117.117535,32.890852,0.0],[-117.117523,32.890843,0.0],[-117.117511,32.890834,0.0],[-117.1175,32.890824,0.0],[-117.117488,32.890815,0.0],[-117.117476,32.890805,0.0],[-117.117464,32.890796,0.0],[-117.117453,32.890786,0.0],[-117.117441,32.890777,0.0],[-117.117429,32.890767,0.0],[-117.117418,32.890757,0.0],[-117.117407,32.890747,0.0],[-117.117395,32.890737,0.0],[-117.117384,32.890727,0.0],[-117.117373,32.890717,0.0],[-117.117362,32.890707,0.0],[-117.117351,32.890697,0.0],[-117.11734,32.890687,0.0],[-117.117329,32.890677,0.0],[-117.117318,32.890667,0.0],[-117.117307,32.890657,0.0],[-117.117296,32.890646,0.0],[-117.117286,32.890636,0.0],[-117.117275,32.890625,0.0],[-117.117264,32.890615,0.0],[-117.117254,32.890604,0.0],[-117.117243,32.890594,0.0],[-117.117233,32.890583,0.0],[-117.117223,32.890573,0.0],[-117.117213,32.890562,0.0],[-117.117203,32.890551,0.0],[-117.117196,32.890544,0.0],[-117.11718,32.892673,0.0]]]]},"properties":{"APN":"7601464200","SITUS_ADDRESS":0,"SITUS_STREET":"BUILDING 2574","SITUS_SUFFIX":""}},{"type":"Feature","geometry":{"type":"Polygon","coordinates":[[[-117.083829,32.860917,0.0],[-117.087779,32.860897,0.0],[-117.099532,32.860835,0.0],[-117.099541,32.86045,0.0],[-117.100997,32.860467,0.0],[-117.10111,32.854277,0.0],[-117.101166,32.850904,0.0],[-117.101166,32.850903,0.0],[-117.101233,32.846852,0.0],[-117.092503,32.846739,0.0],[-117.092436,32.850964,0.0],[-117.092423,32.851725,0.0],[-117.089169,32.851733,0.0],[-117.087692,32.851735,0.0],[-117.087562,32.851735,0.0],[-117.087526,32.851735,0.0],[-117.08743,32.851331,0.0],[-117.087428,32.851323,0.0],[-117.087425,32.851309,0.0],[-117.087418,32.851297,0.0],[-117.087413,32.851284,0.0],[-117.087408,32.85127,0.0],[-117.087403,32.851257,0.0],[-117.087398,32.851244,0.0],[-117.087393,32.851231,0.0],[-117.087388,32.851218,0.0],[-117.087383,32.851205,0.0],[-117.087378,32.851192,0.0],[-117.087373,32.851179,0.0],[-117.087367,32.851166,0.0],[-117.087362,32.851153,0.0],[-117.087357,32.85114,0.0],[-117.087352,32.851127,0.0],[-117.087346,32.851114,0.0],[-117.087341,32.851101,0.0],[-117.087336,32.851088,0.0],[-117.087331,32.851075,0.0],[-117.087325,32.851062,0.0],[-117.08732,32.851049,0.0],[-117.087315,32.851036,0.0],[-117.087309,32.851023,0.0],[-117.087304,32.85101,0.0],[-117.087299,32.850999,0.0],[-117.087299,32.850999,0.0],[-117.087293,32.850984,0.0],[-117.087287,32.850971,0.0],[-117.087282,32.850958,0.0],[-117.087276,32.850945,0.0],[-117.087271,32.850933,0.0],[-117.087265,32.85092,0.0],[-117.08726,32.850907,0.0],[-117.087254,32.850894,0.0],[-117.087248,32.850881,0.0],[-117.087243,32.850868,0.0],[-117.087237,32.850855,0.0],[-117.087231,32.850842,0.0],[-117.087226,32.850829,0.0],[-117.08722,32.850817,0.0],[-117.087214,32.850804,0.0],[-117.087208,32.850791,0.0],[-117.087203,32.850778,0.0],[-117.087197,32.850765,0.0],[-117.087191,32.850752,0.0],[-117.086386,32.848237,0.0],[-117.085882,32.846658,0.0],[-117.085436,32.845277,0.0],[-117.085432,32.845263,0.0],[-117.085428,32.84525,0.0],[-117.085424,32.845236,0.0],[-117.085419,32.845223,0.0],[-117.085415,32.84521,0.0],[-117.085411,32.845196,0.0],[-117.085406,32.845183,0.0],[-117.085401,32.845169,0.0],[-117.085397,32.845156,0.0],[-117.085392,32.845143,0.0],[-117.085387,32.845129,0.0],[-117.085382,32.845116,0.0],[-117.085377,32.845103,0.0],[-117.085372,32.84509,0.0],[-117.085367,32.845076,0.0],[-117.085362,32.845063,0.0],[-117.085357,32.84505,0.0],[-117.085351,32.845037,0.0],[-117.085346,32.845024,0.0],[-117.08534,32.845011,0.0],[-117.085335,32.844998,0.0],[-117.085329,32.844985,0.0],[-117.085323,32.844972,0.0],[-117.085317,32.844959,0.0],[-117.085312,32.844946,0.0],[-117.085306,32.844933,0.0],[-117.085299,32.84492,0.0],[-117.085293,32.844907,0.0],[-117.085287,32.844894,0.0],[-117.085281,32.844881,0.0],[-117.085275,32.844868,0.0],[-117.085268,32.844855,0.0],[-117.085262,32.844843,0.0],[-117.085255,32.84483,0.0],[-117.085248,32.844817,0.0],[-117.085242,32.844804,0.0],[-117.085235,32.844792,0.0],[-117.085228,32.844779,0.0],[-117.085221,32.844767,0.0],[-117.085214,32.844754,0.0],[-117.085207,32.844741,0.0],[-117.0852,32.844729,0.0],[-117.085192,32.844716,0.0],[-117.085185,32.844704,0.0],[-117.085178,32.844692,0.0],[-117.08517,32.844679,0.0],[-117.085163,32.844667,0.0],[-117.085155,32.844654,0.0],[-117.085147,32.844642,0.0],[-117.08514,32.84463,0.0],[-117.085132,32.844618,0.0],[-117.085124,32.844605,0.0],[-117.085116,32.844593,0.0],[-117.085108,32.844581,0.0],[-117.0851,32.844569,0.0],[-117.085092,32.844557,0.0],[-117.085083,32.844545,0.0],[-117.085075,32.844533,0.0],[-117.085067,32.844521,0.0],[-117.085058,32.844509,0.0],[-117.08505,32.844497,0.0],[-117.085041,32.844485,0.0],[-117.085033,32.844473,0.0],[-117.085024,32.844462,0.0],[-117.085015,32.84445,0.0],[-117.085006,32.844438,0.0],[-117.084965,32.844385,0.0],[-117.084779,32.844406,0.0],[-117.084681,32.844416,0.0],[-117.084694,32.844432,0.0],[-117.084703,32.844443,0.0],[-117.084712,32.844454,0.0],[-117.084721,32.844465,0.0],[-117.08473,32.844477,0.0],[-117.084739,32.844488,0.0],[-117.084748,32.844499,0.0],[-117.084757,32.844511,0.0],[-117.084766,32.844522,0.0],[-117.084775,32.844534,0.0],[-117.084784,32.844545,0.0],[-117.084793,32.844557,0.0],[-117.084802,32.844568,0.0],[-117.084811,32.84458,0.0],[-117.084819,32.844591,0.0],[-117.084828,32.844603,0.0],[-117.084836,32.844615,0.0],[-117.084845,32.844627,0.0],[-117.084853,32.844638,0.0],[-117.084861,32.84465,0.0],[-117.08487,32.844662,0.0],[-117.084878,32.844674,0.0],[-117.084886,32.844686,0.0],[-117.084894,32.844698,0.0],[-117.084902,32.84471,0.0],[-117.084909,32.844722,0.0],[-117.084917,32.844734,0.0],[-117.084925,32.844746,0.0],[-117.084932,32.844758,0.0],[-117.08494,32.844771,0.0],[-117.084947,32.844783,0.0],[-117.084955,32.844795,0.0],[-117.084962,32.844807,0.0],[-117.084969,32.84482,0.0],[-117.084976,32.844832,0.0],[-117.084983,32.844844,0.0],[-117.08499,32.844857,0.0],[-117.084997,32.844869,0.0],[-117.085004,32.844882,0.0],[-117.085011,32.844894,0.0],[-117.085018,32.844907,0.0],[-117.085024,32.844919,0.0],[-117.085031,32.844932,0.0],[-117.085037,32.844945,0.0],[-117.085044,32.844957,0.0],[-117.08505,32.84497,0.0],[-117.085056,32.844983,0.0],[-117.085062,32.844995,0.0],[-117.085068,32.845008,0.0],[-117.085074,32.845021,0.0],[-117.08508,32.845034,0.0],[-117.085086,32.845047,0.0],[-117.085091,32.845059,0.0],[-117.085097,32.845072,0.0],[-117.085103,32.845085,0.0],[-117.085108,32.845098,0.0],[-117.085114,32.845111,0.0],[-117.085119,32.845124,0.0],[-117.085124,32.845137,0.0],[-117.085129,32.84515,0.0],[-117.085134,32.845163,0.0],[-117.085139,32.845176,0.0],[-117.085144,32.845189,0.0],[-117.085149,32.845203,0.0],[-117.085154,32.845216,0.0],[-117.085158,32.845229,0.0],[-117.085163,32.845242,0.0],[-117.085168,32.845255,0.0],[-117.085172,32.845268,0.0],[-117.085176,32.845282,0.0],[-117.085181,32.845295,0.0],[-117.085185,32.845308,0.0],[-117.085189,32.845322,0.0],[-117.085193,32.845335,0.0],[-117.085196,32.845346,0.0],[-117.085198,32.845352,0.0],[-117.085199,32.845357,0.0],[-117.085614,32.846652,0.0],[-117.085615,32.846657,0.0],[-117.086361,32.848914,0.0],[-117.087051,32.851001,0.0],[-117.087051,32.851001,0.0],[-117.087182,32.851398,0.0],[-117.087191,32.851426,0.0],[-117.087305,32.851735,0.0],[-117.08386,32.851698,0.0],[-117.083829,32.860917,0.0]]]},"properties":{"APN":"3680100600","SITUS_ADDRESS":0,"SITUS_STREET":"","SITUS_SUFFIX":""}},{"type":"Feature","geometry":{"type":"MultiPolygon","coordinates":[[[[-117.116894,32.865956,0.0],[-117.117015,32.867277,0.0],[-117.11703,32.867846,0.0],[-117.117883,32.867853,0.0],[-117.117918,32.864412,0.0],[-117.116973,32.864399,0.0],[-117.116894,32.865956,0.0]]],[[[-117.117074,32.868978,0.0],[-117.117082,32.869091,0.0],[-117.117096,32.869277,0.0],[-117.116885,32.871013,0.0],[-117.116886,32.871568,0.0],[-117.117863,32.871586,0.0],[-117.11788,32.869838,0.0],[-117.117876,32.86972,0.0],[-117.117882,32.868018,0.0],[-117.117025,32.86801,0.0],[-117.117074,32.868978,0.0]]],[[[-117.117837,32.860804,0.0],[-117.117386,32.861785,0.0],[-117.117078,32.862458,0.0],[-117.116978,32.864234,0.0],[-117.117923,32.864247,0.0],[-117.117941,32.862455,0.0],[-117.117946,32.861781,0.0],[-117.117953,32.860884,0.0],[-117.117954,32.8608,0.0],[-117.117837,32.860804,0.0]]]]},"properties":{"APN":"3450500400","SITUS_ADDRESS":0,"SITUS_STREET":"","SITUS_SUFFIX":""}},{"type":"Feature","geometry":{"type":"Polygon","coordinates":[[[-117.083786,32.874782,0.0],[-117.087912,32.874842,0.0],[-117.090405,32.874878,0.0],[-117.090996,32.874886,0.0],[-117.091034,32.874887,0.0],[-117.091049,32.874853,0.0],[-117.091062,32.874845,0.0],[-117.091076,32.874837,0.0],[-117.091089,32.874829,0.0],[-117.091103,32.874822,0.0],[-117.091117,32.874815,0.0],[-117.091131,32.874807,0.0],[-117.091145,32.8748,0.0],[-117.091159,32.874793,0.0],[-117.091173,32.874787,0.0],[-117.091187,32.87478,0.0],[-117.091201,32.874774,0.0],[-117.091216,32.874767,0.0],[-117.09123,32.874761,0.0],[-117.091245,32.874755,0.0],[-117.09126,32.874749,0.0],[-117.091274,32.874743,0.0],[-117.091289,32.874738,0.0],[-117.091304,32.874732,0.0],[-117.091319,32.874727,0.0],[-117.091334,32.874722,0.0],[-117.09135,32.874717,0.0],[-117.091365,32.874712,0.0],[-117.09138,32.874707,0.0],[-117.091396,32.874703,0.0],[-117.091411,32.874698,0.0],[-117.091426,32.874694,0.0],[-117.091442,32.87469,0.0],[-117.091458,32.874686,0.0],[-117.091473,32.874682,0.0],[-117.091489,32.874679,0.0],[-117.091505,32.874675,0.0],[-117.091521,32.874672,0.0],[-117.091536,32.874669,0.0],[-117.091552,32.874666,0.0],[-117.091568,32.874663,0.0],[-117.091584,32.874661,0.0],[-117.091594,32.874659,0.0],[-117.09161,32.874658,0.0],[-117.091626,32.874656,0.0],[-117.091643,32.874654,0.0],[-117.091659,32.874653,0.0],[-117.091675,32.874651,0.0],[-117.091691,32.874649,0.0],[-117.091707,32.874648,0.0],[-117.091723,32.874646,0.0],[-117.09174,32.874644,0.0],[-117.091756,32.874643,0.0],[-117.091772,32.874641,0.0],[-117.091788,32.874639,0.0],[-117.091804,32.874637,0.0],[-117.09182,32.874635,0.0],[-117.091836,32.874633,0.0],[-117.091853,32.874631,0.0],[-117.091869,32.874629,0.0],[-117.091885,32.874627,0.0],[-117.091901,32.874625,0.0],[-117.091917,32.874623,0.0],[-117.091933,32.874621,0.0],[-117.091949,32.874619,0.0],[-117.091965,32.874617,0.0],[-117.091981,32.874615,0.0],[-117.091998,32.874613,0.0],[-117.092014,32.874611,0.0],[-117.09203,32.874609,0.0],[-117.092046,32.874606,0.0],[-117.092062,32.874604,0.0],[-117.092078,32.874602,0.0],[-117.092094,32.874599,0.0],[-117.09211,32.874597,0.0],[-117.092126,32.874595,0.0],[-117.092142,32.874592,0.0],[-117.092158,32.87459,0.0],[-117.092174,32.874588,0.0],[-117.09219,32.874585,0.0],[-117.092206,32.874583,0.0],[-117.092222,32.87458,0.0],[-117.092238,32.874578,0.0],[-117.092254,32.874575,0.0],[-117.09227,32.874573,0.0],[-117.092286,32.87457,0.0],[-117.092302,32.874567,0.0],[-117.092318,32.874565,0.0],[-117.092334,32.874562,0.0],[-117.09235,32.874559,0.0],[-117.092366,32.874557,0.0],[-117.092382,32.874554,0.0],[-117.092398,32.874551,0.0],[-117.092414,32.874548,0.0],[-117.09243,32.874545,0.0],[-117.092446,32.874542,0.0],[-117.092462,32.87454,0.0],[-117.092478,32.874537,0.0],[-117.092493,32.874534,0.0],[-117.092509,32.874531,0.0],[-117.092525,32.874528,0.0],[-117.092541,32.874525,0.0],[-117.092557,32.874522,0.0],[-117.092573,32.874519,0.0],[-117.092589,32.874516,0.0],[-117.092605,32.874513,0.0],[-117.092621,32.874509,0.0],[-117.092636,32.874506,0.0],[-117.092652,32.874503,0.0],[-117.092668,32.8745,0.0],[-117.092684,32.874497,0.0],[-117.0927,32.874493,0.0],[-117.092716,32.87449,0.0],[-117.092731,32.874487,0.0],[-117.092747,32.874483,0.0],[-117.092763,32.87448,0.0],[-117.092779,32.874477,0.0],[-117.092794,32.874473,0.0],[-117.09281,32.87447,0.0],[-117.092826,32.874466,0.0],[-117.092842,32.874463,0.0],[-117.092858,32.874459,0.0],[-117.092873,32.874456,0.0],[-117.092889,32.874452,0.0],[-117.092905,32.874449,0.0],[-117.09292,32.874445,0.0],[-117.092936,32.874442,0.0],[-117.092952,32.874438,0.0],[-117.092968,32.874434,0.0],[-117.092983,32.874431,0.0],[-117.092999,32.874427,0.0],[-117.093015,32.874423,0.0],[-117.09303,32.874419,0.0],[-117.093046,32.874415,0.0],[-117.093062,32.874412,0.0],[-117.093077,32.874408,0.0],[-117.093093,32.874404,0.0],[-117.093108,32.8744,0.0],[-117.093124,32.874396,0.0],[-117.09314,32.874392,0.0],[-117.093155,32.874388,0.0],[-117.093171,32.874384,0.0],[-117.093186,32.87438,0.0],[-117.093202,32.874376,0.0],[-117.093217,32.874372,0.0],[-117.093233,32.874368,0.0],[-117.093249,32.874364,0.0],[-117.093264,32.87436,0.0],[-117.09328,32.874356,0.0],[-117.093295,32.874351,0.0],[-117.093311,32.874347,0.0],[-117.093326,32.874343,0.0],[-117.093342,32.874339,0.0],[-117.093357,32.874334,0.0],[-117.093372,32.87433,0.0],[-117.093388,32.874326,0.0],[-117.093403,32.874321,0.0],[-117.093419,32.874317,0.0],[-117.093434,32.874313,0.0],[-117.09345,32.874308,0.0],[-117.093465,32.874304,0.0],[-117.09348,32.874299,0.0],[-117.093496,32.874295,0.0],[-117.093511,32.87429,0.0],[-117.093527,32.874286,0.0],[-117.093535,32.874283,0.0],[-117.093551,32.874279,0.0],[-117.093566,32.874276,0.0],[-117.093582,32.874272,0.0],[-117.093598,32.874268,0.0],[-117.093613,32.874265,0.0],[-117.093629,32.874261,0.0],[-117.093645,32.874257,0.0],[-117.09366,32.874253,0.0],[-117.093676,32.874249,0.0],[-117.093692,32.874245,0.0],[-117.093707,32.874241,0.0],[-117.093723,32.874237,0.0],[-117.093738,32.874233,0.0],[-117.093754,32.874229,0.0],[-117.093769,32.874225,0.0],[-117.093785,32.874221,0.0],[-117.093801,32.874217,0.0],[-117.093816,32.874213,0.0],[-117.093832,32.874209,0.0],[-117.093847,32.874204,0.0],[-117.093863,32.8742,0.0],[-117.093878,32.874196,0.0],[-117.093893,32.874191,0.0],[-117.093909,32.874187,0.0],[-117.093924,32.874183,0.0],[-117.09394,32.874178,0.0],[-117.093955,32.874174,0.0],[-117.09397,32.874169,0.0],[-117.093986,32.874164,0.0],[-117.094001,32.87416,0.0],[-117.094016,32.874155,0.0],[-117.094032,32.874151,0.0],[-117.094047,32.874146,0.0],[-117.094062,32.874141,0.0],[-117.094078,32.874136,0.0],[-117.094093,32.874131,0.0],[-117.094108,32.874127,0.0],[-117.094123,32.874122,0.0],[-117.094139,32.874117,0.0],[-117.094154,32.874112,0.0],[-117.094169,32.874107,0.0],[-117.094184,32.874102,0.0],[-117.094199,32.874097,0.0],[-117.094214,32.874092,0.0],[-117.094229,32.874087,0.0],[-117.094245,32.874082,0.0],[-117.09426,32.874076,0.0],[-117.094275,32.874071,0.0],[-117.09429,32.874066,0.0],[-117.094305,32.874061,0.0],[-117.094319,32.874054,0.0],[-117.094334,32.874048,0.0],[-117.094348,32.874042,0.0],[-117.094363,32.874035,0.0],[-117.094377,32.874029,0.0],[-117.094392,32.874023,0.0],[-117.094407,32.874018,0.0],[-117.094421,32.874012,0.0],[-117.094436,32.874006,0.0],[-117.094451,32.874,0.0],[-117.094466,32.873995,0.0],[-117.094481,32.87399,0.0],[-117.094496,32.873984,0.0],[-117.094511,32.873979,0.0],[-117.094526,32.873974,0.0],[-117.094541,32.873969,0.0],[-117.094557,32.873964,0.0],[-117.094572,32.873959,0.0],[-117.094587,32.873954,0.0],[-117.094602,32.87395,0.0],[-117.094618,32.873945,0.0],[-117.094633,32.873941,0.0],[-117.094649,32.873936,0.0],[-117.094664,32.873932,0.0],[-117.09468,32.873928,0.0],[-117.094695,32.873924,0.0],[-117.094711,32.87392,0.0],[-117.094726,32.873916,0.0],[-117.094742,32.873912,0.0],[-117.094758,32.873909,0.0],[-117.094774,32.873905,0.0],[-117.094789,32.873902,0.0],[-117.094805,32.873898,0.0],[-117.094821,32.873895,0.0],[-117.094837,32.873892,0.0],[-117.094853,32.873889,0.0],[-117.094869,32.873886,0.0],[-117.094885,32.873883,0.0],[-117.0949,32.87388,0.0],[-117.094916,32.873878,0.0],[-117.094932,32.873875,0.0],[-117.094949,32.873873,0.0],[-117.094965,32.87387,0.0],[-117.094981,32.873868,0.0],[-117.094997,32.873866,0.0],[-117.095013,32.873864,0.0],[-117.095029,32.873862,0.0],[-117.095045,32.87386,0.0],[-117.095061,32.873859,0.0],[-117.095077,32.873857,0.0],[-117.095094,32.873856,0.0],[-117.09511,32.873854,0.0],[-117.095126,32.873853,0.0],[-117.095142,32.873852,0.0],[-117.095158,32.873851,0.0],[-117.095175,32.87385,0.0],[-117.095191,32.873849,0.0],[-117.095207,32.873848,0.0],[-117.095223,32.873847,0.0],[-117.09524,32.873847,0.0],[-117.095256,32.873846,0.0],[-117.095272,32.873846,0.0],[-117.095289,32.873845,0.0],[-117.095305,32.873845,0.0],[-117.095321,32.873845,0.0],[-117.095337,32.873845,0.0],[-117.095354,32.873845,0.0],[-117.09537,32.873846,0.0],[-117.095386,32.873846,0.0],[-117.095403,32.873846,0.0],[-117.095419,32.873847,0.0],[-117.095435,32.873848,0.0],[-117.095451,32.873848,0.0],[-117.095468,32.873849,0.0],[-117.095484,32.87385,0.0],[-117.0955,32.873851,0.0],[-117.095516,32.873853,0.0],[-117.095533,32.873854,0.0],[-117.095549,32.873855,0.0],[-117.095565,32.873857,0.0],[-117.095581,32.873858,0.0],[-117.095597,32.87386,0.0],[-117.095615,32.873862,0.0],[-117.09647,32.873996,0.0],[-117.096486,32.873996,0.0],[-117.096503,32.873996,0.0],[-117.096519,32.873998,0.0],[-117.096535,32.873999,0.0],[-117.096551,32.874002,0.0],[-117.096567,32.874005,0.0],[-117.096582,32.87401,0.0],[-117.096598,32.874014,0.0],[-117.096613,32.87402,0.0],[-117.096627,32.874026,0.0],[-117.096641,32.874033,0.0],[-117.096655,32.87404,0.0],[-117.096668,32.874048,0.0],[-117.096681,32.874057,0.0],[-117.096693,32.874066,0.0],[-117.096704,32.874076,0.0],[-117.096715,32.874087,0.0],[-117.096725,32.874097,0.0],[-117.096734,32.874109,0.0],[-117.096743,32.87412,0.0],[-117.096751,32.874132,0.0],[-117.096758,32.874145,0.0],[-117.096765,32.874159,0.0],[-117.096821,32.874291,0.0],[-117.096827,32.874304,0.0],[-117.096834,32.874316,0.0],[-117.096841,32.874329,0.0],[-117.096848,32.874341,0.0],[-117.096857,32.874352,0.0],[-117.096866,32.874364,0.0],[-117.096876,32.874375,0.0],[-117.096886,32.874385,0.0],[-117.096897,32.874396,0.0],[-117.096908,32.874405,0.0],[-117.096921,32.874415,0.0],[-117.096933,32.874423,0.0],[-117.096946,32.874432,0.0],[-117.096959,32.87444,0.0],[-117.096973,32.874447,0.0],[-117.096988,32.874453,0.0],[-117.097002,32.874459,0.0],[-117.097017,32.874465,0.0],[-117.097032,32.87447,0.0],[-117.097048,32.874474,0.0],[-117.097063,32.874478,0.0],[-117.097079,32.874481,0.0],[-117.097095,32.874483,0.0],[-117.097112,32.874485,0.0],[-117.097128,32.874486,0.0],[-117.097143,32.874486,0.0],[-117.097895,32.874517,0.0],[-117.097911,32.874516,0.0],[-117.097928,32.874515,0.0],[-117.097944,32.874514,0.0],[-117.09796,32.874512,0.0],[-117.097976,32.87451,0.0],[-117.097992,32.874508,0.0],[-117.098008,32.874506,0.0],[-117.098024,32.874503,0.0],[-117.09804,32.8745,0.0],[-117.098056,32.874497,0.0],[-117.098072,32.874494,0.0],[-117.098088,32.87449,0.0],[-117.098103,32.874486,0.0],[-117.098119,32.874482,0.0],[-117.098134,32.874478,0.0],[-117.09815,32.874473,0.0],[-117.098165,32.874469,0.0],[-117.09818,32.874464,0.0],[-117.098195,32.874458,0.0],[-117.09821,32.874453,0.0],[-117.098225,32.874447,0.0],[-117.09824,32.874441,0.0],[-117.098254,32.874435,0.0],[-117.098269,32.874429,0.0],[-117.098283,32.874422,0.0],[-117.098297,32.874415,0.0],[-117.098311,32.874408,0.0],[-117.098325,32.874401,0.0],[-117.098339,32.874394,0.0],[-117.098352,32.874386,0.0],[-117.098366,32.874378,0.0],[-117.098379,32.87437,0.0],[-117.098392,32.874362,0.0],[-117.098405,32.874353,0.0],[-117.098417,32.874345,0.0],[-117.09843,32.874339,0.0],[-117.098507,32.8743,0.0],[-117.098556,32.87425,0.0],[-117.098615,32.874191,0.0],[-117.098623,32.874179,0.0],[-117.098632,32.874167,0.0],[-117.09864,32.874155,0.0],[-117.098649,32.874144,0.0],[-117.098658,32.874132,0.0],[-117.098667,32.87412,0.0],[-117.098676,32.874109,0.0],[-117.098685,32.874098,0.0],[-117.098694,32.874086,0.0],[-117.098704,32.874075,0.0],[-117.098713,32.874064,0.0],[-117.098723,32.874053,0.0],[-117.098733,32.874042,0.0],[-117.098743,32.874031,0.0],[-117.098753,32.874021,0.0],[-117.098763,32.87401,0.0],[-117.098774,32.873999,0.0],[-117.098784,32.873989,0.0],[-117.098795,32.873979,0.0],[-117.098806,32.873968,0.0],[-117.098817,32.873958,0.0],[-117.098828,32.873948,0.0],[-117.098839,32.873938,0.0],[-117.09885,32.873928,0.0],[-117.098861,32.873918,0.0],[-117.098873,32.873908,0.0],[-117.098884,32.873899,0.0],[-117.098896,32.873889,0.0],[-117.098908,32.87388,0.0],[-117.09892,32.87387,0.0],[-117.098932,32.873861,0.0],[-117.098944,32.873852,0.0],[-117.098956,32.873843,0.0],[-117.098969,32.873834,0.0],[-117.098981,32.873825,0.0],[-117.098994,32.873817,0.0],[-117.099007,32.873808,0.0],[-117.099019,32.873799,0.0],[-117.099032,32.873791,0.0],[-117.099045,32.873783,0.0],[-117.099058,32.873775,0.0],[-117.099072,32.873767,0.0],[-117.099085,32.873759,0.0],[-117.099098,32.873751,0.0],[-117.099112,32.873743,0.0],[-117.099125,32.873735,0.0],[-117.099139,32.873728,0.0],[-117.099153,32.873721,0.0],[-117.099167,32.873713,0.0],[-117.09918,32.873706,0.0],[-117.099195,32.873699,0.0],[-117.099209,32.873692,0.0],[-117.099223,32.873686,0.0],[-117.099237,32.873679,0.0],[-117.099251,32.873672,0.0],[-117.099266,32.873666,0.0],[-117.09928,32.87366,0.0],[-117.099295,32.873654,0.0],[-117.099304,32.87365,0.0],[-117.099318,32.873643,0.0],[-117.099332,32.873636,0.0],[-117.099346,32.87363,0.0],[-117.099361,32.873623,0.0],[-117.099375,32.873617,0.0],[-117.099389,32.87361,0.0],[-117.099404,32.873604,0.0],[-117.099418,32.873598,0.0],[-117.099433,32.873591,0.0],[-117.099447,32.873585,0.0],[-117.099462,32.873579,0.0],[-117.099477,32.873573,0.0],[-117.099491,32.873567,0.0],[-117.099506,32.873561,0.0],[-117.099521,32.873555,0.0],[-117.099536,32.87355,0.0],[-117.09955,32.873544,0.0],[-117.099565,32.873538,0.0],[-117.09958,32.873533,0.0],[-117.099595,32.873527,0.0],[-117.09961,32.873522,0.0],[-117.099625,32.873517,0.0],[-117.09964,32.873511,0.0],[-117.099655,32.873506,0.0],[-117.09967,32.873501,0.0],[-117.099685,32.873496,0.0],[-117.099701,32.873491,0.0],[-117.099716,32.873486,0.0],[-117.099731,32.873481,0.0],[-117.099746,32.873477,0.0],[-117.099762,32.873472,0.0],[-117.099777,32.873467,0.0],[-117.099792,32.873463,0.0],[-117.099808,32.873458,0.0],[-117.099823,32.873454,0.0],[-117.099839,32.87345,0.0],[-117.099854,32.873445,0.0],[-117.09987,32.873441,0.0],[-117.099885,32.873437,0.0],[-117.099901,32.873433,0.0],[-117.099916,32.873429,0.0],[-117.099932,32.873425,0.0],[-117.099948,32.873421,0.0],[-117.099963,32.873418,0.0],[-117.099979,32.873414,0.0],[-117.099995,32.87341,0.0],[-117.10001,32.873407,0.0],[-117.100025,32.873404,0.0],[-117.10003,32.8729,0.0],[-117.100047,32.871369,0.0],[-117.099402,32.871362,0.0],[-117.099399,32.871362,0.0],[-117.099321,32.87136,0.0],[-117.09938,32.867704,0.0],[-117.099403,32.866577,0.0],[-117.099405,32.866481,0.0],[-117.099407,32.866404,0.0],[-117.099465,32.863826,0.0],[-117.099475,32.863383,0.0],[-117.099508,32.86191,0.0],[-117.099532,32.860835,0.0],[-117.087779,32.860897,0.0],[-117.083829,32.860917,0.0],[-117.083825,32.862016,0.0],[-117.083814,32.865615,0.0],[-117.083813,32.865761,0.0],[-117.083791,32.873011,0.0],[-117.083786,32.874782,0.0]]]},"properties":{"APN":"3650800200","SITUS_ADDRESS":0,"SITUS_STREET":"","SITUS_SUFFIX":""}},{"type":"Feature","geometry":{"type":"Polygon","coordinates":[[[-117.092366,32.874557,0.0],[-117.09235,32.874559,0.0],[-117.092334,32.874562,0.0],[-117.092318,32.874565,0.0],[-117.092302,32.874567,0.0],[-117.092286,32.87457,0.0],[-117.09227,32.874573,0.0],[-117.092254,32.874575,0.0],[-117.092238,32.874578,0.0],[-117.092222,32.87458,0.0],[-117.092206,32.874583,0.0],[-117.09219,32.874585,0.0],[-117.092174,32.874588,0.0],[-117.092158,32.87459,0.0],[-117.092142,32.874592,0.0],[-117.092126,32.874595,0.0],[-117.09211,32.874597,0.0],[-117.092094,32.874599,0.0],[-117.092078,32.874602,0.0],[-117.092062,32.874604,0.0],[-117.092046,32.874606,0.0],[-117.09203,32.874609,0.0],[-117.092014,32.874611,0.0],[-117.091998,32.874613,0.0],[-117.091981,32.874615,0.0],[-117.091965,32.874617,0.0],[-117.091949,32.874619,0.0],[-117.091933,32.874621,0.0],[-117.091917,32.874623,0.0],[-117.091901,32.874625,0.0],[-117.091885,32.874627,0.0],[-117.091869,32.874629,0.0],[-117.091853,32.874631,0.0],[-117.091836,32.874633,0.0],[-117.09182,32.874635,0.0],[-117.091804,32.874637,0.0],[-117.091788,32.874639,0.0],[-117.091772,32.874641,0.0],[-117.091756,32.874643,0.0],[-117.09174,32.874644,0.0],[-117.091723,32.874646,0.0],[-117.091707,32.874648,0.0],[-117.091691,32.874649,0.0],[-117.091675,32.874651,0.0],[-117.091659,32.874653,0.0],[-117.091643,32.874654,0.0],[-117.091626,32.874656,0.0],[-117.09161,32.874658,0.0],[-117.091594,32.874659,0.0],[-117.091584,32.874661,0.0],[-117.091568,32.874663,0.0],[-117.091552,32.874666,0.0],[-117.091536,32.874669,0.0],[-117.091521,32.874672,0.0],[-117.091505,32.874675,0.0],[-117.091489,32.874679,0.0],[-117.091473,32.874682,0.0],[-117.091458,32.874686,0.0],[-117.091442,32.87469,0.0],[-117.091426,32.874694,0.0],[-117.091411,32.874698,0.0],[-117.091396,32.874703,0.0],[-117.09138,32.874707,0.0],[-117.091365,32.874712,0.0],[-117.09135,32.874717,0.0],[-117.091334,32.874722,0.0],[-117.091319,32.874727,0.0],[-117.091304,32.874732,0.0],[-117.091289,32.874738,0.0],[-117.091274,32.874743,0.0],[-117.09126,32.874749,0.0],[-117.091245,32.874755,0.0],[-117.09123,32.874761,0.0],[-117.091216,32.874767,0.0],[-117.091201,32.874774,0.0],[-117.091187,32.87478,0.0],[-117.091173,32.874787,0.0],[-117.091159,32.874793,0.0],[-117.091145,32.8748,0.0],[-117.091131,32.874807,0.0],[-117.091117,32.874815,0.0],[-117.091103,32.874822,0.0],[-117.091089,32.874829,0.0],[-117.091076,32.874837,0.0],[-117.091062,32.874845,0.0],[-117.091049,32.874853,0.0],[-117.091034,32.874887,0.0],[-117.099068,32.874992,0.0],[-117.099285,32.874994,0.0],[-117.100006,32.875004,0.0],[-117.100025,32.873404,0.0],[-117.10001,32.873407,0.0],[-117.099995,32.87341,0.0],[-117.099979,32.873414,0.0],[-117.099963,32.873418,0.0],[-117.099948,32.873421,0.0],[-117.099932,32.873425,0.0],[-117.099916,32.873429,0.0],[-117.099901,32.873433,0.0],[-117.099885,32.873437,0.0],[-117.09987,32.873441,0.0],[-117.099854,32.873445,0.0],[-117.099839,32.87345,0.0],[-117.099823,32.873454,0.0],[-117.099808,32.873458,0.0],[-117.099792,32.873463,0.0],[-117.099777,32.873467,0.0],[-117.099762,32.873472,0.0],[-117.099746,32.873477,0.0],[-117.099731,32.873481,0.0],[-117.099716,32.873486,0.0],[-117.099701,32.873491,0.0],[-117.099685,32.873496,0.0],[-117.09967,32.873501,0.0],[-117.099655,32.873506,0.0],[-117.09964,32.873511,0.0],[-117.099625,32.873517,0.0],[-117.09961,32.873522,0.0],[-117.099595,32.873527,0.0],[-117.09958,32.873533,0.0],[-117.099565,32.873538,0.0],[-117.09955,32.873544,0.0],[-117.099536,32.87355,0.0],[-117.099521,32.873555,0.0],[-117.099506,32.873561,0.0],[-117.099491,32.873567,0.0],[-117.099477,32.873573,0.0],[-117.099462,32.873579,0.0],[-117.099447,32.873585,0.0],[-117.099433,32.873591,0.0],[-117.099418,32.873598,0.0],[-117.099404,32.873604,0.0],[-117.099389,32.87361,0.0],[-117.099375,32.873617,0.0],[-117.099361,32.873623,0.0],[-117.099346,32.87363,0.0],[-117.099332,32.873636,0.0],[-117.099318,32.873643,0.0],[-117.099304,32.87365,0.0],[-117.099295,32.873654,0.0],[-117.09928,32.87366,0.0],[-117.099266,32.873666,0.0],[-117.099251,32.873672,0.0],[-117.099237,32.873679,0.0],[-117.099223,32.873686,0.0],[-117.099209,32.873692,0.0],[-117.099195,32.873699,0.0],[-117.09918,32.873706,0.0],[-117.099167,32.873713,0.0],[-117.099153,32.873721,0.0],[-117.099139,32.873728,0.0],[-117.099125,32.873735,0.0],[-117.099112,32.873743,0.0],[-117.099098,32.873751,0.0],[-117.099085,32.873759,0.0],[-117.099072,32.873767,0.0],[-117.099058,32.873775,0.0],[-117.099045,32.873783,0.0],[-117.099032,32.873791,0.0],[-117.099019,32.873799,0.0],[-117.099007,32.873808,0.0],[-117.098994,32.873817,0.0],[-117.098981,32.873825,0.0],[-117.098969,32.873834,0.0],[-117.098956,32.873843,0.0],[-117.098944,32.873852,0.0],[-117.098932,32.873861,0.0],[-117.09892,32.87387,0.0],[-117.098908,32.87388,0.0],[-117.098896,32.873889,0.0],[-117.098884,32.873899,0.0],[-117.098873,32.873908,0.0],[-117.098861,32.873918,0.0],[-117.09885,32.873928,0.0],[-117.098839,32.873938,0.0],[-117.098828,32.873948,0.0],[-117.098817,32.873958,0.0],[-117.098806,32.873968,0.0],[-117.098795,32.873979,0.0],[-117.098784,32.873989,0.0],[-117.098774,32.873999,0.0],[-117.098763,32.87401,0.0],[-117.098753,32.874021,0.0],[-117.098743,32.874031,0.0],[-117.098733,32.874042,0.0],[-117.098723,32.874053,0.0],[-117.098713,32.874064,0.0],[-117.098704,32.874075,0.0],[-117.098694,32.874086,0.0],[-117.098685,32.874098,0.0],[-117.098676,32.874109,0.0],[-117.098667,32.87412,0.0],[-117.098658,32.874132,0.0],[-117.098649,32.874144,0.0],[-117.09864,32.874155,0.0],[-117.098632,32.874167,0.0],[-117.098623,32.874179,0.0],[-117.098615,32.874191,0.0],[-117.098556,32.87425,0.0],[-117.098507,32.8743,0.0],[-117.09843,32.874339,0.0],[-117.098417,32.874345,0.0],[-117.098405,32.874353,0.0],[-117.098392,32.874362,0.0],[-117.098379,32.87437,0.0],[-117.098366,32.874378,0.0],[-117.098352,32.874386,0.0],[-117.098339,32.874394,0.0],[-117.098325,32.874401,0.0],[-117.098311,32.874408,0.0],[-117.098297,32.874415,0.0],[-117.098283,32.874422,0.0],[-117.098269,32.874429,0.0],[-117.098254,32.874435,0.0],[-117.09824,32.874441,0.0],[-117.098225,32.874447,0.0],[-117.09821,32.874453,0.0],[-117.098195,32.874458,0.0],[-117.09818,32.874464,0.0],[-117.098165,32.874469,0.0],[-117.09815,32.874473,0.0],[-117.098134,32.874478,0.0],[-117.098119,32.874482,0.0],[-117.098103,32.874486,0.0],[-117.098088,32.87449,0.0],[-117.098072,32.874494,0.0],[-117.098056,32.874497,0.0],[-117.09804,32.8745,0.0],[-117.098024,32.874503,0.0],[-117.098008,32.874506,0.0],[-117.097992,32.874508,0.0],[-117.097976,32.87451,0.0],[-117.09796,32.874512,0.0],[-117.097944,32.874514,0.0],[-117.097928,32.874515,0.0],[-117.097911,32.874516,0.0],[-117.097895,32.874517,0.0],[-117.097143,32.874486,0.0],[-117.097128,32.874486,0.0],[-117.097112,32.874485,0.0],[-117.097095,32.874483,0.0],[-117.097079,32.874481,0.0],[-117.097063,32.874478,0.0],[-117.097048,32.874474,0.0],[-117.097032,32.87447,0.0],[-117.097017,32.874465,0.0],[-117.097002,32.874459,0.0],[-117.096988,32.874453,0.0],[-117.096973,32.874447,0.0],[-117.096959,32.87444,0.0],[-117.096946,32.874432,0.0],[-117.096933,32.874423,0.0],[-117.096921,32.874415,0.0],[-117.096908,32.874405,0.0],[-117.096897,32.874396,0.0],[-117.096886,32.874385,0.0],[-117.096876,32.874375,0.0],[-117.096866,32.874364,0.0],[-117.096857,32.874352,0.0],[-117.096848,32.874341,0.0],[-117.096841,32.874329,0.0],[-117.096834,32.874316,0.0],[-117.096827,32.874304,0.0],[-117.096821,32.874291,0.0],[-117.096765,32.874159,0.0],[-117.096758,32.874145,0.0],[-117.096751,32.874132,0.0],[-117.096743,32.87412,0.0],[-117.096734,32.874109,0.0],[-117.096725,32.874097,0.0],[-117.096715,32.874087,0.0],[-117.096704,32.874076,0.0],[-117.096693,32.874066,0.0],[-117.096681,32.874057,0.0],[-117.096668,32.874048,0.0],[-117.096655,32.87404,0.0],[-117.096641,32.874033,0.0],[-117.096627,32.874026,0.0],[-117.096613,32.87402,0.0],[-117.096598,32.874014,0.0],[-117.096582,32.87401,0.0],[-117.096567,32.874005,0.0],[-117.096551,32.874002,0.0],[-117.096535,32.873999,0.0],[-117.096519,32.873998,0.0],[-117.096503,32.873996,0.0],[-117.096486,32.873996,0.0],[-117.09647,32.873996,0.0],[-117.095615,32.873862,0.0],[-117.095597,32.87386,0.0],[-117.095581,32.873858,0.0],[-117.095565,32.873857,0.0],[-117.095549,32.873855,0.0],[-117.095533,32.873854,0.0],[-117.095516,32.873853,0.0],[-117.0955,32.873851,0.0],[-117.095484,32.87385,0.0],[-117.095468,32.873849,0.0],[-117.095451,32.873848,0.0],[-117.095435,32.873848,0.0],[-117.095419,32.873847,0.0],[-117.095403,32.873846,0.0],[-117.095386,32.873846,0.0],[-117.09537,32.873846,0.0],[-117.095354,32.873845,0.0],[-117.095337,32.873845,0.0],[-117.095321,32.873845,0.0],[-117.095305,32.873845,0.0],[-117.095289,32.873845,0.0],[-117.095272,32.873846,0.0],[-117.095256,32.873846,0.0],[-117.09524,32.873847,0.0],[-117.095223,32.873847,0.0],[-117.095207,32.873848,0.0],[-117.095191,32.873849,0.0],[-117.095175,32.87385,0.0],[-117.095158,32.873851,0.0],[-117.095142,32.873852,0.0],[-117.095126,32.873853,0.0],[-117.09511,32.873854,0.0],[-117.095094,32.873856,0.0],[-117.095077,32.873857,0.0],[-117.095061,32.873859,0.0],[-117.095045,32.87386,0.0],[-117.095029,32.873862,0.0],[-117.095013,32.873864,0.0],[-117.094997,32.873866,0.0],[-117.094981,32.873868,0.0],[-117.094965,32.87387,0.0],[-117.094949,32.873873,0.0],[-117.094932,32.873875,0.0],[-117.094916,32.873878,0.0],[-117.0949,32.87388,0.0],[-117.094885,32.873883,0.0],[-117.094869,32.873886,0.0],[-117.094853,32.873889,0.0],[-117.094837,32.873892,0.0],[-117.094821,32.873895,0.0],[-117.094805,32.873898,0.0],[-117.094789,32.873902,0.0],[-117.094774,32.873905,0.0],[-117.094758,32.873909,0.0],[-117.094742,32.873912,0.0],[-117.094726,32.873916,0.0],[-117.094711,32.87392,0.0],[-117.094695,32.873924,0.0],[-117.09468,32.873928,0.0],[-117.094664,32.873932,0.0],[-117.094649,32.873936,0.0],[-117.094633,32.873941,0.0],[-117.094618,32.873945,0.0],[-117.094602,32.87395,0.0],[-117.094587,32.873954,0.0],[-117.094572,32.873959,0.0],[-117.094557,32.873964,0.0],[-117.094541,32.873969,0.0],[-117.094526,32.873974,0.0],[-117.094511,32.873979,0.0],[-117.094496,32.873984,0.0],[-117.094481,32.87399,0.0],[-117.094466,32.873995,0.0],[-117.094451,32.874,0.0],[-117.094436,32.874006,0.0],[-117.094421,32.874012,0.0],[-117.094407,32.874018,0.0],[-117.094392,32.874023,0.0],[-117.094377,32.874029,0.0],[-117.094363,32.874035,0.0],[-117.094348,32.874042,0.0],[-117.094334,32.874048,0.0],[-117.094319,32.874054,0.0],[-117.094305,32.874061,0.0],[-117.09429,32.874066,0.0],[-117.094275,32.874071,0.0],[-117.09426,32.874076,0.0],[-117.094245,32.874082,0.0],[-117.094229,32.874087,0.0],[-117.094214,32.874092,0.0],[-117.094199,32.874097,0.0],[-117.094184,32.874102,0.0],[-117.094169,32.874107,0.0],[-117.094154,32.874112,0.0],[-117.094139,32.874117,0.0],[-117.094123,32.874122,0.0],[-117.094108,32.874127,0.0],[-117.094093,32.874131,0.0],[-117.094078,32.874136,0.0],[-117.094062,32.874141,0.0],[-117.094047,32.874146,0.0],[-117.094032,32.874151,0.0],[-117.094016,32.874155,0.0],[-117.094001,32.87416,0.0],[-117.093986,32.874164,0.0],[-117.09397,32.874169,0.0],[-117.093955,32.874174,0.0],[-117.09394,32.874178,0.0],[-117.093924,32.874183,0.0],[-117.093909,32.874187,0.0],[-117.093893,32.874191,0.0],[-117.093878,32.874196,0.0],[-117.093863,32.8742,0.0],[-117.093847,32.874204,0.0],[-117.093832,32.874209,0.0],[-117.093816,32.874213,0.0],[-117.093801,32.874217,0.0],[-117.093785,32.874221,0.0],[-117.093769,32.874225,0.0],[-117.093754,32.874229,0.0],[-117.093738,32.874233,0.0],[-117.093723,32.874237,0.0],[-117.093707,32.874241,0.0],[-117.093692,32.874245,0.0],[-117.093676,32.874249,0.0],[-117.09366,32.874253,0.0],[-117.093645,32.874257,0.0],[-117.093629,32.874261,0.0],[-117.093613,32.874265,0.0],[-117.093598,32.874268,0.0],[-117.093582,32.874272,0.0],[-117.093566,32.874276,0.0],[-117.093551,32.874279,0.0],[-117.093535,32.874283,0.0],[-117.093527,32.874286,0.0],[-117.093511,32.87429,0.0],[-117.093496,32.874295,0.0],[-117.09348,32.874299,0.0],[-117.093465,32.874304,0.0],[-117.09345,32.874308,0.0],[-117.093434,32.874313,0.0],[-117.093419,32.874317,0.0],[-117.093403,32.874321,0.0],[-117.093388,32.874326,0.0],[-117.093372,32.87433,0.0],[-117.093357,32.874334,0.0],[-117.093342,32.874339,0.0],[-117.093326,32.874343,0.0],[-117.093311,32.874347,0.0],[-117.093295,32.874351,0.0],[-117.09328,32.874356,0.0],[-117.093264,32.87436,0.0],[-117.093249,32.874364,0.0],[-117.093233,32.874368,0.0],[-117.093217,32.874372,0.0],[-117.093202,32.874376,0.0],[-117.093186,32.87438,0.0],[-117.093171,32.874384,0.0],[-117.093155,32.874388,0.0],[-117.09314,32.874392,0.0],[-117.093124,32.874396,0.0],[-117.093108,32.8744,0.0],[-117.093093,32.874404,0.0],[-117.093077,32.874408,0.0],[-117.093062,32.874412,0.0],[-117.093046,32.874415,0.0],[-117.09303,32.874419,0.0],[-117.093015,32.874423,0.0],[-117.092999,32.874427,0.0],[-117.092983,32.874431,0.0],[-117.092968,32.874434,0.0],[-117.092952,32.874438,0.0],[-117.092936,32.874442,0.0],[-117.09292,32.874445,0.0],[-117.092905,32.874449,0.0],[-117.092889,32.874452,0.0],[-117.092873,32.874456,0.0],[-117.092858,32.874459,0.0],[-117.092842,32.874463,0.0],[-117.092826,32.874466,0.0],[-117.09281,32.87447,0.0],[-117.092794,32.874473,0.0],[-117.092779,32.874477,0.0],[-117.092763,32.87448,0.0],[-117.092747,32.874483,0.0],[-117.092731,32.874487,0.0],[-117.092716,32.87449,0.0],[-117.0927,32.874493,0.0],[-117.092684,32.874497,0.0],[-117.092668,32.8745,0.0],[-117.092652,32.874503,0.0],[-117.092636,32.874506,0.0],[-117.092621,32.874509,0.0],[-117.092605,32.874513,0.0],[-117.092589,32.874516,0.0],[-117.092573,32.874519,0.0],[-117.092557,32.874522,0.0],[-117.092541,32.874525,0.0],[-117.092525,32.874528,0.0],[-117.092509,32.874531,0.0],[-117.092493,32.874534,0.0],[-117.092478,32.874537,0.0],[-117.092462,32.87454,0.0],[-117.092446,32.874542,0.0],[-117.09243,32.874545,0.0],[-117.092414,32.874548,0.0],[-117.092398,32.874551,0.0],[-117.092382,32.874554,0.0],[-117.092366,32.874557,0.0]]]},"properties":{"APN":"3650800100","SITUS_ADDRESS":0,"SITUS_STREET":"","SITUS_SUFFIX":""}},{"type":"Feature","geometry":{"type":"MultiPolygon","coordinates":[[[[-117.104858,32.887144,0.0],[-117.10489,32.887145,0.0],[-117.105223,32.891167,0.0],[-117.105232,32.891167,0.0],[-117.107614,32.891162,0.0],[-117.109748,32.891157,0.0],[-117.109754,32.891157,0.0],[-117.113309,32.891151,0.0],[-117.113302,32.890882,0.0],[-117.112315,32.888883,0.0],[-117.111421,32.887405,0.0],[-117.110206,32.885387,0.0],[-117.109702,32.88455,0.0],[-117.10924,32.88383,0.0],[-117.108895,32.883294,0.0],[-117.107529,32.882477,0.0],[-117.105616,32.881332,0.0],[-117.105621,32.880871,0.0],[-117.106616,32.880347,0.0],[-117.106927,32.879479,0.0],[-117.10693,32.879467,0.0],[-117.106933,32.879454,0.0],[-117.106937,32.87944,0.0],[-117.10694,32.879427,0.0],[-117.106943,32.879413,0.0],[-117.106947,32.8794,0.0],[-117.10695,32.879386,0.0],[-117.106953,32.879373,0.0],[-117.106956,32.879359,0.0],[-117.106959,32.879346,0.0],[-117.106962,32.879332,0.0],[-117.106965,32.879319,0.0],[-117.106967,32.879305,0.0],[-117.10697,32.879292,0.0],[-117.106973,32.879278,0.0],[-117.106975,32.879265,0.0],[-117.106978,32.879251,0.0],[-117.10698,32.879237,0.0],[-117.106982,32.879224,0.0],[-117.106985,32.87921,0.0],[-117.106987,32.879197,0.0],[-117.106989,32.879183,0.0],[-117.106991,32.879169,0.0],[-117.106993,32.879156,0.0],[-117.106995,32.879142,0.0],[-117.106997,32.879128,0.0],[-117.106999,32.879115,0.0],[-117.107,32.879101,0.0],[-117.107002,32.879087,0.0],[-117.107004,32.879074,0.0],[-117.107005,32.87906,0.0],[-117.107007,32.879046,0.0],[-117.107008,32.879033,0.0],[-117.107009,32.879019,0.0],[-117.107011,32.879005,0.0],[-117.107012,32.878992,0.0],[-117.107013,32.878978,0.0],[-117.107014,32.878964,0.0],[-117.107015,32.878951,0.0],[-117.107016,32.878937,0.0],[-117.107017,32.878923,0.0],[-117.107018,32.878909,0.0],[-117.107018,32.878896,0.0],[-117.107019,32.878882,0.0],[-117.107019,32.878868,0.0],[-117.10702,32.878854,0.0],[-117.10702,32.878841,0.0],[-117.107021,32.878827,0.0],[-117.107021,32.878813,0.0],[-117.107021,32.878799,0.0],[-117.107021,32.878786,0.0],[-117.107021,32.878772,0.0],[-117.107021,32.878758,0.0],[-117.107021,32.878744,0.0],[-117.107021,32.878731,0.0],[-117.107021,32.878717,0.0],[-117.107021,32.878703,0.0],[-117.10702,32.87869,0.0],[-117.10702,32.878676,0.0],[-117.10702,32.878662,0.0],[-117.106743,32.876039,0.0],[-117.106661,32.875297,0.0],[-117.106654,32.875234,0.0],[-117.106654,32.87523,0.0],[-117.106653,32.875216,0.0],[-117.106652,32.875202,0.0],[-117.106651,32.875188,0.0],[-117.10665,32.875175,0.0],[-117.10665,32.875161,0.0],[-117.106649,32.875147,0.0],[-117.106648,32.875134,0.0],[-117.106647,32.87512,0.0],[-117.106647,32.875106,0.0],[-117.106646,32.875092,0.0],[-117.106645,32.875079,0.0],[-117.106645,32.875074,0.0],[-117.100008,32.875004,0.0],[-117.100006,32.875004,0.0],[-117.099285,32.874994,0.0],[-117.099068,32.874992,0.0],[-117.091034,32.874887,0.0],[-117.090996,32.874886,0.0],[-117.090405,32.874878,0.0],[-117.087912,32.874842,0.0],[-117.083786,32.874782,0.0],[-117.082964,32.874773,0.0],[-117.083724,32.884005,0.0],[-117.084308,32.891092,0.0],[-117.088067,32.891113,0.0],[-117.088315,32.891115,0.0],[-117.091439,32.891132,0.0],[-117.091239,32.888921,0.0],[-117.0955,32.889004,0.0],[-117.095325,32.88698,0.0],[-117.104858,32.887144,0.0]]],[[[-117.112915,32.880325,0.0],[-117.114583,32.880368,0.0],[-117.114905,32.880308,0.0],[-117.115148,32.880307,0.0],[-117.115876,32.880307,0.0],[-117.116033,32.878734,0.0],[-117.116136,32.876936,0.0],[-117.116234,32.875308,0.0],[-117.116233,32.875236,0.0],[-117.111711,32.875171,0.0],[-117.111482,32.875167,0.0],[-117.108719,32.875127,0.0],[-117.107985,32.875116,0.0],[-117.107989,32.875173,0.0],[-117.108161,32.875172,0.0],[-117.108718,32.875177,0.0],[-117.11139,32.875202,0.0],[-117.111657,32.875204,0.0],[-117.11581,32.875237,0.0],[-117.115811,32.875314,0.0],[-117.115811,32.875314,0.0],[-117.115809,32.875373,0.0],[-117.115681,32.875372,0.0],[-117.111362,32.875339,0.0],[-117.108003,32.875308,0.0],[-117.108059,32.876057,0.0],[-117.10806,32.876067,0.0],[-117.108062,32.876081,0.0],[-117.108063,32.876095,0.0],[-117.108065,32.876108,0.0],[-117.108066,32.876122,0.0],[-117.108068,32.876136,0.0],[-117.108069,32.876149,0.0],[-117.108071,32.876163,0.0],[-117.108072,32.876177,0.0],[-117.108074,32.87619,0.0],[-117.108076,32.876204,0.0],[-117.108077,32.876218,0.0],[-117.108079,32.876231,0.0],[-117.108081,32.876245,0.0],[-117.108082,32.876259,0.0],[-117.108084,32.876272,0.0],[-117.108086,32.876286,0.0],[-117.108088,32.8763,0.0],[-117.108089,32.876313,0.0],[-117.108091,32.876327,0.0],[-117.108093,32.876341,0.0],[-117.108095,32.876354,0.0],[-117.108097,32.876368,0.0],[-117.108099,32.876382,0.0],[-117.108101,32.876395,0.0],[-117.108103,32.876409,0.0],[-117.108105,32.876423,0.0],[-117.108107,32.876436,0.0],[-117.108109,32.87645,0.0],[-117.108111,32.876463,0.0],[-117.108113,32.876477,0.0],[-117.108115,32.876491,0.0],[-117.108117,32.876504,0.0],[-117.108119,32.876518,0.0],[-117.108121,32.876532,0.0],[-117.108124,32.876545,0.0],[-117.108126,32.876559,0.0],[-117.108128,32.876572,0.0],[-117.10813,32.876586,0.0],[-117.108133,32.8766,0.0],[-117.108135,32.876613,0.0],[-117.108137,32.876627,0.0],[-117.10814,32.87664,0.0],[-117.108142,32.876654,0.0],[-117.108144,32.876668,0.0],[-117.108147,32.876681,0.0],[-117.108149,32.876695,0.0],[-117.108152,32.876708,0.0],[-117.108154,32.876722,0.0],[-117.108157,32.876736,0.0],[-117.108159,32.876749,0.0],[-117.108162,32.876763,0.0],[-117.108164,32.876776,0.0],[-117.108167,32.87679,0.0],[-117.108169,32.876803,0.0],[-117.108172,32.876817,0.0],[-117.108175,32.876831,0.0],[-117.108177,32.876844,0.0],[-117.10818,32.876858,0.0],[-117.108183,32.876871,0.0],[-117.108186,32.876885,0.0],[-117.108188,32.876898,0.0],[-117.108191,32.876912,0.0],[-117.108194,32.876925,0.0],[-117.108197,32.876939,0.0],[-117.1082,32.876952,0.0],[-117.108203,32.876966,0.0],[-117.108205,32.876979,0.0],[-117.108208,32.876993,0.0],[-117.108211,32.877006,0.0],[-117.108214,32.87702,0.0],[-117.108217,32.877033,0.0],[-117.10822,32.877047,0.0],[-117.108223,32.87706,0.0],[-117.108226,32.877074,0.0],[-117.10823,32.877087,0.0],[-117.108233,32.877101,0.0],[-117.108236,32.877114,0.0],[-117.108237,32.877124,0.0],[-117.108239,32.877137,0.0],[-117.108241,32.877151,0.0],[-117.108243,32.877164,0.0],[-117.108245,32.877178,0.0],[-117.108247,32.877192,0.0],[-117.10825,32.877205,0.0],[-117.108252,32.877219,0.0],[-117.108254,32.877233,0.0],[-117.108256,32.877246,0.0],[-117.108259,32.87726,0.0],[-117.108261,32.877273,0.0],[-117.108264,32.877287,0.0],[-117.108266,32.8773,0.0],[-117.108269,32.877314,0.0],[-117.108271,32.877328,0.0],[-117.108274,32.877341,0.0],[-117.108277,32.877355,0.0],[-117.10828,32.877368,0.0],[-117.108282,32.877382,0.0],[-117.108285,32.877395,0.0],[-117.108288,32.877409,0.0],[-117.108291,32.877422,0.0],[-117.108294,32.877436,0.0],[-117.108297,32.877449,0.0],[-117.1083,32.877463,0.0],[-117.108304,32.877476,0.0],[-117.108307,32.87749,0.0],[-117.10831,32.877503,0.0],[-117.108313,32.877517,0.0],[-117.108317,32.87753,0.0],[-117.10832,32.877544,0.0],[-117.108323,32.877557,0.0],[-117.108327,32.87757,0.0],[-117.10833,32.877584,0.0],[-117.108334,32.877597,0.0],[-117.108338,32.877611,0.0],[-117.108341,32.877624,0.0],[-117.108345,32.877637,0.0],[-117.108349,32.877651,0.0],[-117.108353,32.877664,0.0],[-117.108356,32.877678,0.0],[-117.10836,32.877691,0.0],[-117.108364,32.877704,0.0],[-117.108368,32.877718,0.0],[-117.108372,32.877731,0.0],[-117.108377,32.877744,0.0],[-117.108381,32.877757,0.0],[-117.108385,32.877771,0.0],[-117.108389,32.877784,0.0],[-117.108393,32.877797,0.0],[-117.108398,32.87781,0.0],[-117.108402,32.877824,0.0],[-117.108406,32.877837,0.0],[-117.108411,32.87785,0.0],[-117.108415,32.877863,0.0],[-117.10842,32.877877,0.0],[-117.108425,32.87789,0.0],[-117.108429,32.877903,0.0],[-117.108434,32.877916,0.0],[-117.108439,32.877929,0.0],[-117.108444,32.877942,0.0],[-117.108448,32.877955,0.0],[-117.108453,32.877969,0.0],[-117.108458,32.877982,0.0],[-117.108463,32.877995,0.0],[-117.108468,32.878008,0.0],[-117.108473,32.878021,0.0],[-117.108478,32.878034,0.0],[-117.108484,32.878047,0.0],[-117.108489,32.87806,0.0],[-117.108494,32.878073,0.0],[-117.108499,32.878086,0.0],[-117.108505,32.878099,0.0],[-117.10851,32.878112,0.0],[-117.108515,32.878125,0.0],[-117.108521,32.878138,0.0],[-117.108526,32.878151,0.0],[-117.108532,32.878164,0.0],[-117.108538,32.878177,0.0],[-117.108543,32.878189,0.0],[-117.108549,32.878202,0.0],[-117.108555,32.878215,0.0],[-117.108561,32.878228,0.0],[-117.108566,32.878241,0.0],[-117.108572,32.878254,0.0],[-117.108578,32.878266,0.0],[-117.108584,32.878279,0.0],[-117.10859,32.878292,0.0],[-117.108596,32.878305,0.0],[-117.108602,32.878318,0.0],[-117.108609,32.87833,0.0],[-117.108615,32.878343,0.0],[-117.108621,32.878356,0.0],[-117.108627,32.878368,0.0],[-117.108634,32.878381,0.0],[-117.10864,32.878394,0.0],[-117.108646,32.878406,0.0],[-117.108653,32.878419,0.0],[-117.108659,32.878431,0.0],[-117.108666,32.878444,0.0],[-117.108673,32.878457,0.0],[-117.108679,32.878469,0.0],[-117.108686,32.878482,0.0],[-117.108693,32.878494,0.0],[-117.108699,32.878507,0.0],[-117.108706,32.878519,0.0],[-117.108713,32.878532,0.0],[-117.10872,32.878544,0.0],[-117.108727,32.878556,0.0],[-117.108734,32.878569,0.0],[-117.108741,32.878581,0.0],[-117.108748,32.878594,0.0],[-117.108755,32.878606,0.0],[-117.108761,32.878613,0.0],[-117.10877,32.878624,0.0],[-117.108779,32.878636,0.0],[-117.108788,32.878647,0.0],[-117.108798,32.878658,0.0],[-117.108807,32.878669,0.0],[-117.108817,32.87868,0.0],[-117.108826,32.878692,0.0],[-117.108836,32.878703,0.0],[-117.108845,32.878714,0.0],[-117.108855,32.878725,0.0],[-117.108865,32.878736,0.0],[-117.108875,32.878746,0.0],[-117.108885,32.878757,0.0],[-117.108895,32.878768,0.0],[-117.108905,32.878779,0.0],[-117.108915,32.87879,0.0],[-117.108926,32.8788,0.0],[-117.108936,32.878811,0.0],[-117.108946,32.878821,0.0],[-117.108957,32.878832,0.0],[-117.108967,32.878843,0.0],[-117.108978,32.878853,0.0],[-117.108989,32.878863,0.0],[-117.108999,32.878874,0.0],[-117.10901,32.878884,0.0],[-117.109021,32.878894,0.0],[-117.109032,32.878904,0.0],[-117.109043,32.878915,0.0],[-117.109054,32.878925,0.0],[-117.109065,32.878935,0.0],[-117.109076,32.878945,0.0],[-117.109087,32.878955,0.0],[-117.109099,32.878965,0.0],[-117.10911,32.878974,0.0],[-117.109121,32.878984,0.0],[-117.109133,32.878994,0.0],[-117.109144,32.879004,0.0],[-117.109156,32.879013,0.0],[-117.109168,32.879023,0.0],[-117.109179,32.879033,0.0],[-117.109191,32.879042,0.0],[-117.109203,32.879051,0.0],[-117.109215,32.879061,0.0],[-117.109227,32.87907,0.0],[-117.109239,32.879079,0.0],[-117.109251,32.879089,0.0],[-117.109263,32.879098,0.0],[-117.109275,32.879107,0.0],[-117.109287,32.879116,0.0],[-117.1093,32.879125,0.0],[-117.109312,32.879134,0.0],[-117.109325,32.879143,0.0],[-117.109337,32.879152,0.0],[-117.110291,32.879774,0.0],[-117.110295,32.879777,0.0],[-117.110308,32.879785,0.0],[-117.110322,32.879794,0.0],[-117.110335,32.879802,0.0],[-117.110348,32.87981,0.0],[-117.110361,32.879818,0.0],[-117.110375,32.879826,0.0],[-117.110388,32.879833,0.0],[-117.110401,32.879841,0.0],[-117.110415,32.879849,0.0],[-117.110428,32.879856,0.0],[-117.110442,32.879864,0.0],[-117.110456,32.879871,0.0],[-117.110469,32.879879,0.0],[-117.110483,32.879886,0.0],[-117.110497,32.879893,0.0],[-117.110511,32.879901,0.0],[-117.110525,32.879908,0.0],[-117.110539,32.879915,0.0],[-117.110553,32.879922,0.0],[-117.110567,32.879929,0.0],[-117.110581,32.879936,0.0],[-117.110595,32.879942,0.0],[-117.110609,32.879949,0.0],[-117.110624,32.879956,0.0],[-117.110638,32.879962,0.0],[-117.110652,32.879969,0.0],[-117.110667,32.879975,0.0],[-117.110681,32.879981,0.0],[-117.110696,32.879988,0.0],[-117.11071,32.879994,0.0],[-117.110725,32.88,0.0],[-117.11074,32.880006,0.0],[-117.110754,32.880012,0.0],[-117.110769,32.880018,0.0],[-117.110784,32.880023,0.0],[-117.110799,32.880029,0.0],[-117.110813,32.880035,0.0],[-117.110828,32.88004,0.0],[-117.110843,32.880046,0.0],[-117.110858,32.880051,0.0],[-117.110873,32.880057,0.0],[-117.110888,32.880062,0.0],[-117.110903,32.880067,0.0],[-117.110918,32.880072,0.0],[-117.110934,32.880077,0.0],[-117.110949,32.880082,0.0],[-117.110964,32.880087,0.0],[-117.110979,32.880092,0.0],[-117.110995,32.880097,0.0],[-117.11101,32.880101,0.0],[-117.111025,32.880106,0.0],[-117.111041,32.88011,0.0],[-117.111056,32.880115,0.0],[-117.111072,32.880119,0.0],[-117.111087,32.880123,0.0],[-117.111103,32.880127,0.0],[-117.111118,32.880131,0.0],[-117.111134,32.880135,0.0],[-117.111149,32.880139,0.0],[-117.111165,32.880143,0.0],[-117.111181,32.880147,0.0],[-117.111196,32.880151,0.0],[-117.111212,32.880154,0.0],[-117.111228,32.880158,0.0],[-117.111244,32.880161,0.0],[-117.111259,32.880165,0.0],[-117.111275,32.880168,0.0],[-117.111291,32.880171,0.0],[-117.111307,32.880174,0.0],[-117.111323,32.880177,0.0],[-117.111339,32.88018,0.0],[-117.111355,32.880183,0.0],[-117.111371,32.880186,0.0],[-117.111387,32.880188,0.0],[-117.111403,32.880191,0.0],[-117.111419,32.880194,0.0],[-117.111435,32.880196,0.0],[-117.111451,32.880198,0.0],[-117.111467,32.880201,0.0],[-117.111483,32.880203,0.0],[-117.111499,32.880205,0.0],[-117.111515,32.880207,0.0],[-117.111531,32.880209,0.0],[-117.111547,32.880211,0.0],[-117.111563,32.880213,0.0],[-117.111579,32.880214,0.0],[-117.111596,32.880216,0.0],[-117.111612,32.880218,0.0],[-117.111628,32.880219,0.0],[-117.111644,32.880221,0.0],[-117.11166,32.880222,0.0],[-117.111677,32.880223,0.0],[-117.111693,32.880224,0.0],[-117.111709,32.880225,0.0],[-117.111725,32.880226,0.0],[-117.112915,32.880325,0.0]]],[[[-117.114275,32.880851,0.0],[-117.114269,32.880852,0.0],[-117.114129,32.880855,0.0],[-117.114096,32.880856,0.0],[-117.112087,32.880914,0.0],[-117.111765,32.880921,0.0],[-117.111749,32.880923,0.0],[-117.111732,32.880925,0.0],[-117.111716,32.880927,0.0],[-117.1117,32.880929,0.0],[-117.111684,32.880931,0.0],[-117.111668,32.880934,0.0],[-117.111652,32.880936,0.0],[-117.111636,32.880939,0.0],[-117.11162,32.880942,0.0],[-117.111605,32.880945,0.0],[-117.111589,32.880949,0.0],[-117.111573,32.880952,0.0],[-117.111557,32.880956,0.0],[-117.111542,32.88096,0.0],[-117.111526,32.880964,0.0],[-117.111511,32.880968,0.0],[-117.111495,32.880973,0.0],[-117.11148,32.880977,0.0],[-117.111465,32.880982,0.0],[-117.111449,32.880987,0.0],[-117.111434,32.880992,0.0],[-117.111419,32.880997,0.0],[-117.111404,32.881003,0.0],[-117.111389,32.881008,0.0],[-117.111375,32.881014,0.0],[-117.11136,32.88102,0.0],[-117.111345,32.881026,0.0],[-117.111331,32.881032,0.0],[-117.111316,32.881039,0.0],[-117.111302,32.881045,0.0],[-117.111288,32.881052,0.0],[-117.111274,32.881059,0.0],[-117.11126,32.881066,0.0],[-117.111246,32.881073,0.0],[-117.111232,32.88108,0.0],[-117.111218,32.881087,0.0],[-117.111205,32.881095,0.0],[-117.111191,32.881103,0.0],[-117.111178,32.881111,0.0],[-117.111165,32.881119,0.0],[-117.111152,32.881127,0.0],[-117.111139,32.881135,0.0],[-117.111126,32.881144,0.0],[-117.111113,32.881152,0.0],[-117.1111,32.881161,0.0],[-117.111088,32.88117,0.0],[-117.111076,32.881179,0.0],[-117.111064,32.881188,0.0],[-117.111052,32.881197,0.0],[-117.11104,32.881207,0.0],[-117.111028,32.881216,0.0],[-117.111016,32.881226,0.0],[-117.111005,32.881236,0.0],[-117.110994,32.881246,0.0],[-117.110983,32.881256,0.0],[-117.110972,32.881266,0.0],[-117.110961,32.881276,0.0],[-117.11095,32.881287,0.0],[-117.11094,32.881297,0.0],[-117.110929,32.881308,0.0],[-117.110919,32.881319,0.0],[-117.110909,32.881329,0.0],[-117.1109,32.88134,0.0],[-117.11089,32.881351,0.0],[-117.11088,32.881363,0.0],[-117.110871,32.881374,0.0],[-117.110862,32.881385,0.0],[-117.110853,32.881397,0.0],[-117.110844,32.881408,0.0],[-117.110836,32.88142,0.0],[-117.110827,32.881432,0.0],[-117.110819,32.881444,0.0],[-117.110811,32.881456,0.0],[-117.110803,32.881468,0.0],[-117.110795,32.88148,0.0],[-117.110788,32.881492,0.0],[-117.110781,32.881504,0.0],[-117.110773,32.881517,0.0],[-117.110767,32.881527,0.0],[-117.110764,32.881534,0.0],[-117.110757,32.881546,0.0],[-117.11075,32.881559,0.0],[-117.110743,32.881571,0.0],[-117.110736,32.881584,0.0],[-117.11073,32.881597,0.0],[-117.110723,32.881609,0.0],[-117.110717,32.881622,0.0],[-117.110711,32.881634,0.0],[-117.110704,32.881647,0.0],[-117.110698,32.88166,0.0],[-117.110692,32.881673,0.0],[-117.110686,32.881686,0.0],[-117.110681,32.881698,0.0],[-117.110675,32.881711,0.0],[-117.110669,32.881724,0.0],[-117.110664,32.881737,0.0],[-117.110658,32.88175,0.0],[-117.110653,32.881763,0.0],[-117.110648,32.881776,0.0],[-117.110643,32.881789,0.0],[-117.110638,32.881802,0.0],[-117.110633,32.881815,0.0],[-117.110628,32.881828,0.0],[-117.110623,32.881841,0.0],[-117.110619,32.881855,0.0],[-117.110614,32.881868,0.0],[-117.11061,32.881881,0.0],[-117.110605,32.881894,0.0],[-117.110601,32.881908,0.0],[-117.110597,32.881921,0.0],[-117.110593,32.881934,0.0],[-117.110589,32.881948,0.0],[-117.110585,32.881961,0.0],[-117.110581,32.881974,0.0],[-117.110578,32.881988,0.0],[-117.110574,32.882001,0.0],[-117.110571,32.882015,0.0],[-117.110568,32.882028,0.0],[-117.110564,32.882041,0.0],[-117.110561,32.882055,0.0],[-117.110558,32.882068,0.0],[-117.110555,32.882082,0.0],[-117.110552,32.882096,0.0],[-117.11055,32.882109,0.0],[-117.110547,32.882123,0.0],[-117.110545,32.882136,0.0],[-117.110542,32.88215,0.0],[-117.11054,32.882163,0.0],[-117.110538,32.882177,0.0],[-117.110536,32.882191,0.0],[-117.110534,32.882204,0.0],[-117.110532,32.882218,0.0],[-117.11053,32.882232,0.0],[-117.110528,32.882245,0.0],[-117.110527,32.882259,0.0],[-117.110525,32.882273,0.0],[-117.110524,32.882286,0.0],[-117.110523,32.8823,0.0],[-117.110522,32.882314,0.0],[-117.110521,32.882327,0.0],[-117.11052,32.882341,0.0],[-117.110519,32.882355,0.0],[-117.110518,32.882369,0.0],[-117.110517,32.882382,0.0],[-117.110517,32.882396,0.0],[-117.110516,32.88241,0.0],[-117.110516,32.882424,0.0],[-117.110516,32.882437,0.0],[-117.110516,32.882451,0.0],[-117.110516,32.882465,0.0],[-117.110516,32.882479,0.0],[-117.110516,32.882492,0.0],[-117.110516,32.882506,0.0],[-117.110517,32.88252,0.0],[-117.110517,32.882533,0.0],[-117.110518,32.882547,0.0],[-117.110519,32.882561,0.0],[-117.110519,32.882575,0.0],[-117.11052,32.882588,0.0],[-117.110521,32.882602,0.0],[-117.110523,32.882616,0.0],[-117.110524,32.88263,0.0],[-117.110525,32.882643,0.0],[-117.110527,32.882657,0.0],[-117.110528,32.882671,0.0],[-117.11053,32.882684,0.0],[-117.110532,32.882698,0.0],[-117.110533,32.882712,0.0],[-117.110535,32.882725,0.0],[-117.110537,32.882739,0.0],[-117.11054,32.882752,0.0],[-117.110542,32.882766,0.0],[-117.110544,32.88278,0.0],[-117.110547,32.882793,0.0],[-117.110549,32.882807,0.0],[-117.110552,32.88282,0.0],[-117.110555,32.882834,0.0],[-117.110558,32.882847,0.0],[-117.110561,32.882861,0.0],[-117.110564,32.882874,0.0],[-117.110567,32.882888,0.0],[-117.11057,32.882901,0.0],[-117.110574,32.882915,0.0],[-117.110577,32.882928,0.0],[-117.110581,32.882942,0.0],[-117.110584,32.882955,0.0],[-117.110588,32.882968,0.0],[-117.110592,32.882982,0.0],[-117.110596,32.882995,0.0],[-117.1106,32.883008,0.0],[-117.110604,32.883022,0.0],[-117.110609,32.883035,0.0],[-117.110613,32.883048,0.0],[-117.110618,32.883061,0.0],[-117.110622,32.883074,0.0],[-117.110627,32.883088,0.0],[-117.110632,32.883101,0.0],[-117.110637,32.883114,0.0],[-117.110642,32.883127,0.0],[-117.110647,32.88314,0.0],[-117.110652,32.883153,0.0],[-117.110657,32.883166,0.0],[-117.110663,32.883179,0.0],[-117.110668,32.883192,0.0],[-117.110674,32.883205,0.0],[-117.11068,32.883218,0.0],[-117.110685,32.883231,0.0],[-117.110691,32.883243,0.0],[-117.110697,32.883256,0.0],[-117.110703,32.883269,0.0],[-117.110709,32.883282,0.0],[-117.110716,32.883294,0.0],[-117.110722,32.883307,0.0],[-117.110729,32.88332,0.0],[-117.110735,32.883332,0.0],[-117.110742,32.883345,0.0],[-117.110749,32.883357,0.0],[-117.110755,32.88337,0.0],[-117.110762,32.883382,0.0],[-117.110769,32.883394,0.0],[-117.110776,32.883407,0.0],[-117.110784,32.883419,0.0],[-117.110791,32.883431,0.0],[-117.110798,32.883444,0.0],[-117.110806,32.883456,0.0],[-117.110814,32.883468,0.0],[-117.110821,32.88348,0.0],[-117.110829,32.883492,0.0],[-117.11102,32.883818,0.0],[-117.112088,32.885635,0.0],[-117.113652,32.888294,0.0],[-117.11366,32.888306,0.0],[-117.113668,32.888318,0.0],[-117.113675,32.888331,0.0],[-117.113683,32.888343,0.0],[-117.113691,32.888355,0.0],[-117.113699,32.888367,0.0],[-117.113706,32.888379,0.0],[-117.113714,32.888391,0.0],[-117.113722,32.888403,0.0],[-117.113729,32.888415,0.0],[-117.113737,32.888427,0.0],[-117.113745,32.88844,0.0],[-117.113752,32.888452,0.0],[-117.11376,32.888464,0.0],[-117.113768,32.888476,0.0],[-117.113775,32.888488,0.0],[-117.113783,32.8885,0.0],[-117.113791,32.888512,0.0],[-117.113798,32.888524,0.0],[-117.113806,32.888537,0.0],[-117.113813,32.888549,0.0],[-117.113821,32.888561,0.0],[-117.113828,32.888573,0.0],[-117.113836,32.888585,0.0],[-117.113844,32.888598,0.0],[-117.113851,32.88861,0.0],[-117.113859,32.888622,0.0],[-117.113866,32.888634,0.0],[-117.113874,32.888646,0.0],[-117.113881,32.888658,0.0],[-117.113889,32.888671,0.0],[-117.113896,32.888683,0.0],[-117.113904,32.888695,0.0],[-117.113911,32.888707,0.0],[-117.113918,32.88872,0.0],[-117.113926,32.888732,0.0],[-117.113933,32.888744,0.0],[-117.113941,32.888756,0.0],[-117.113948,32.888768,0.0],[-117.113956,32.888781,0.0],[-117.113963,32.888793,0.0],[-117.11397,32.888805,0.0],[-117.113978,32.888817,0.0],[-117.113985,32.88883,0.0],[-117.113992,32.888842,0.0],[-117.114,32.888854,0.0],[-117.114007,32.888867,0.0],[-117.114014,32.888879,0.0],[-117.114022,32.888891,0.0],[-117.114029,32.888903,0.0],[-117.114036,32.888916,0.0],[-117.114043,32.888928,0.0],[-117.114051,32.88894,0.0],[-117.114058,32.888953,0.0],[-117.114065,32.888965,0.0],[-117.114072,32.888977,0.0],[-117.11408,32.88899,0.0],[-117.114087,32.889002,0.0],[-117.114094,32.889014,0.0],[-117.114101,32.889027,0.0],[-117.114108,32.889039,0.0],[-117.114116,32.889051,0.0],[-117.114123,32.889064,0.0],[-117.11413,32.889076,0.0],[-117.114137,32.889088,0.0],[-117.114144,32.889101,0.0],[-117.114151,32.889113,0.0],[-117.114158,32.889125,0.0],[-117.114166,32.889138,0.0],[-117.114173,32.88915,0.0],[-117.11418,32.889162,0.0],[-117.114187,32.889175,0.0],[-117.114194,32.889187,0.0],[-117.114201,32.8892,0.0],[-117.114208,32.889212,0.0],[-117.114215,32.889224,0.0],[-117.114222,32.889237,0.0],[-117.114229,32.889249,0.0],[-117.114236,32.889262,0.0],[-117.114243,32.889274,0.0],[-117.11425,32.889286,0.0],[-117.114257,32.889299,0.0],[-117.114264,32.889311,0.0],[-117.114271,32.889324,0.0],[-117.114278,32.889336,0.0],[-117.114285,32.889349,0.0],[-117.114292,32.889361,0.0],[-117.114299,32.889373,0.0],[-117.114306,32.889386,0.0],[-117.114312,32.889398,0.0],[-117.114319,32.889411,0.0],[-117.114326,32.889423,0.0],[-117.114333,32.889436,0.0],[-117.11434,32.889448,0.0],[-117.114347,32.889461,0.0],[-117.114354,32.889473,0.0],[-117.11436,32.889486,0.0],[-117.114367,32.889498,0.0],[-117.114374,32.889511,0.0],[-117.114381,32.889523,0.0],[-117.114388,32.889536,0.0],[-117.114394,32.889548,0.0],[-117.114401,32.889561,0.0],[-117.114408,32.889573,0.0],[-117.114415,32.889586,0.0],[-117.114421,32.889598,0.0],[-117.114428,32.889611,0.0],[-117.114435,32.889623,0.0],[-117.114441,32.889636,0.0],[-117.114448,32.889648,0.0],[-117.114455,32.889661,0.0],[-117.114461,32.889673,0.0],[-117.114468,32.889686,0.0],[-117.114475,32.889698,0.0],[-117.114481,32.889711,0.0],[-117.114488,32.889723,0.0],[-117.114495,32.889736,0.0],[-117.114501,32.889749,0.0],[-117.114508,32.889761,0.0],[-117.114514,32.889774,0.0],[-117.114521,32.889786,0.0],[-117.114528,32.889799,0.0],[-117.114534,32.889811,0.0],[-117.114541,32.889824,0.0],[-117.114547,32.889837,0.0],[-117.114554,32.889849,0.0],[-117.11456,32.889862,0.0],[-117.114567,32.889874,0.0],[-117.114573,32.889887,0.0],[-117.11458,32.8899,0.0],[-117.114586,32.889912,0.0],[-117.114593,32.889925,0.0],[-117.114599,32.889937,0.0],[-117.114606,32.88995,0.0],[-117.114612,32.889963,0.0],[-117.114618,32.889975,0.0],[-117.114625,32.889988,0.0],[-117.114631,32.890001,0.0],[-117.114638,32.890013,0.0],[-117.114644,32.890026,0.0],[-117.11465,32.890038,0.0],[-117.114657,32.890051,0.0],[-117.114663,32.890064,0.0],[-117.114669,32.890076,0.0],[-117.114676,32.890089,0.0],[-117.114682,32.890102,0.0],[-117.114688,32.890114,0.0],[-117.114695,32.890127,0.0],[-117.114701,32.89014,0.0],[-117.114707,32.890152,0.0],[-117.114714,32.890165,0.0],[-117.11472,32.890178,0.0],[-117.114726,32.890191,0.0],[-117.114732,32.890203,0.0],[-117.114738,32.890216,0.0],[-117.114745,32.890229,0.0],[-117.114751,32.890241,0.0],[-117.114757,32.890254,0.0],[-117.114763,32.890267,0.0],[-117.114769,32.890279,0.0],[-117.114776,32.890292,0.0],[-117.114782,32.890305,0.0],[-117.114788,32.890318,0.0],[-117.114794,32.89033,0.0],[-117.1148,32.890343,0.0],[-117.114806,32.890356,0.0],[-117.114812,32.890369,0.0],[-117.114818,32.890381,0.0],[-117.114825,32.890394,0.0],[-117.114831,32.890407,0.0],[-117.114837,32.89042,0.0],[-117.114843,32.890432,0.0],[-117.114849,32.890445,0.0],[-117.114855,32.890458,0.0],[-117.114861,32.890471,0.0],[-117.114867,32.890483,0.0],[-117.114873,32.890496,0.0],[-117.114879,32.890509,0.0],[-117.114885,32.890522,0.0],[-117.114891,32.890535,0.0],[-117.114897,32.890547,0.0],[-117.114903,32.89056,0.0],[-117.114909,32.890573,0.0],[-117.114915,32.890586,0.0],[-117.11492,32.890599,0.0],[-117.114926,32.890611,0.0],[-117.114932,32.890624,0.0],[-117.114938,32.890637,0.0],[-117.114944,32.89065,0.0],[-117.11495,32.890663,0.0],[-117.114956,32.890675,0.0],[-117.114962,32.890688,0.0],[-117.114967,32.890701,0.0],[-117.114973,32.890714,0.0],[-117.114979,32.890727,0.0],[-117.114985,32.89074,0.0],[-117.114991,32.890752,0.0],[-117.114996,32.890765,0.0],[-117.115002,32.890778,0.0],[-117.115008,32.890791,0.0],[-117.115014,32.890804,0.0],[-117.115019,32.890817,0.0],[-117.115025,32.89083,0.0],[-117.115031,32.890842,0.0],[-117.115037,32.890855,0.0],[-117.115042,32.890868,0.0],[-117.115048,32.890881,0.0],[-117.115054,32.890894,0.0],[-117.115059,32.890907,0.0],[-117.115065,32.89092,0.0],[-117.115071,32.890933,0.0],[-117.115076,32.890945,0.0],[-117.115082,32.890958,0.0],[-117.115088,32.890971,0.0],[-117.115093,32.890984,0.0],[-117.115099,32.890997,0.0],[-117.115104,32.89101,0.0],[-117.11511,32.891023,0.0],[-117.115115,32.891036,0.0],[-117.115121,32.891049,0.0],[-117.115127,32.891062,0.0],[-117.115132,32.891075,0.0],[-117.115138,32.891088,0.0],[-117.115143,32.8911,0.0],[-117.115149,32.891113,0.0],[-117.115154,32.891126,0.0],[-117.11516,32.891139,0.0],[-117.115163,32.891147,0.0],[-117.115934,32.891147,0.0],[-117.116148,32.888438,0.0],[-117.116148,32.888435,0.0],[-117.11614,32.887619,0.0],[-117.11612,32.884219,0.0],[-117.116116,32.883807,0.0],[-117.116115,32.883782,0.0],[-117.116107,32.882581,0.0],[-117.116106,32.882568,0.0],[-117.116105,32.882554,0.0],[-117.116103,32.88254,0.0],[-117.116102,32.882526,0.0],[-117.1161,32.882513,0.0],[-117.116098,32.882499,0.0],[-117.116096,32.882486,0.0],[-117.116093,32.882472,0.0],[-117.11609,32.882458,0.0],[-117.116088,32.882445,0.0],[-117.116084,32.882431,0.0],[-117.116081,32.882418,0.0],[-117.116078,32.882405,0.0],[-117.116074,32.882391,0.0],[-117.11607,32.882378,0.0],[-117.116066,32.882365,0.0],[-117.116062,32.882351,0.0],[-117.116057,32.882338,0.0],[-117.116052,32.882325,0.0],[-117.116047,32.882312,0.0],[-117.116042,32.882299,0.0],[-117.116037,32.882286,0.0],[-117.116032,32.882273,0.0],[-117.116026,32.88226,0.0],[-117.11602,32.882247,0.0],[-117.116014,32.882234,0.0],[-117.116007,32.882222,0.0],[-117.116001,32.882209,0.0],[-117.115994,32.882197,0.0],[-117.115987,32.882184,0.0],[-117.11598,32.882172,0.0],[-117.115973,32.88216,0.0],[-117.115965,32.882147,0.0],[-117.115958,32.882135,0.0],[-117.11595,32.882123,0.0],[-117.115942,32.882111,0.0],[-117.115934,32.882099,0.0],[-117.115925,32.882088,0.0],[-117.115917,32.882076,0.0],[-117.115908,32.882064,0.0],[-117.115899,32.882053,0.0],[-117.11589,32.882041,0.0],[-117.115881,32.88203,0.0],[-117.115871,32.882019,0.0],[-117.115862,32.882008,0.0],[-117.115852,32.881997,0.0],[-117.115842,32.881986,0.0],[-117.115832,32.881975,0.0],[-117.115821,32.881965,0.0],[-117.115811,32.881954,0.0],[-117.1158,32.881944,0.0],[-117.115789,32.881933,0.0],[-117.115779,32.881923,0.0],[-117.115767,32.881913,0.0],[-117.115756,32.881903,0.0],[-117.115745,32.881893,0.0],[-117.115733,32.881884,0.0],[-117.115722,32.881874,0.0],[-117.115712,32.881867,0.0],[-117.114873,32.881323,0.0],[-117.114858,32.880834,0.0],[-117.114275,32.880851,0.0]]]]},"properties":{"APN":"3633800100","SITUS_ADDRESS":0,"SITUS_STREET":"","SITUS_SUFFIX":""}},{"type":"Feature","geometry":{"type":"MultiPolygon","coordinates":[[[[-117.10003,32.8729,0.0],[-117.100025,32.873404,0.0],[-117.100006,32.875004,0.0],[-117.100008,32.875004,0.0],[-117.106645,32.875074,0.0],[-117.106644,32.875065,0.0],[-117.106644,32.875051,0.0],[-117.106643,32.875037,0.0],[-117.106642,32.875024,0.0],[-117.106641,32.87501,0.0],[-117.106641,32.874996,0.0],[-117.10664,32.874983,0.0],[-117.106639,32.874969,0.0],[-117.106639,32.874955,0.0],[-117.106638,32.874941,0.0],[-117.106637,32.874928,0.0],[-117.106637,32.874914,0.0],[-117.106636,32.8749,0.0],[-117.106635,32.874886,0.0],[-117.106635,32.874873,0.0],[-117.106634,32.874859,0.0],[-117.106634,32.874845,0.0],[-117.106633,32.874831,0.0],[-117.106632,32.874818,0.0],[-117.106632,32.874804,0.0],[-117.106631,32.87479,0.0],[-117.106631,32.874777,0.0],[-117.10663,32.874763,0.0],[-117.106629,32.874749,0.0],[-117.106629,32.874735,0.0],[-117.106628,32.874722,0.0],[-117.106628,32.874708,0.0],[-117.106627,32.874694,0.0],[-117.106627,32.87468,0.0],[-117.106626,32.874667,0.0],[-117.106626,32.874653,0.0],[-117.106625,32.874639,0.0],[-117.106625,32.874625,0.0],[-117.106624,32.874612,0.0],[-117.106624,32.874598,0.0],[-117.106623,32.874584,0.0],[-117.106623,32.874571,0.0],[-117.106622,32.874557,0.0],[-117.106622,32.874543,0.0],[-117.106621,32.874529,0.0],[-117.106621,32.874516,0.0],[-117.10662,32.874502,0.0],[-117.10662,32.874488,0.0],[-117.10662,32.874474,0.0],[-117.106619,32.874461,0.0],[-117.106619,32.874447,0.0],[-117.106618,32.874433,0.0],[-117.106618,32.874419,0.0],[-117.106618,32.874406,0.0],[-117.106617,32.874392,0.0],[-117.106617,32.874378,0.0],[-117.106617,32.874364,0.0],[-117.106616,32.874351,0.0],[-117.106616,32.874337,0.0],[-117.106616,32.874323,0.0],[-117.106615,32.874309,0.0],[-117.106615,32.874296,0.0],[-117.106615,32.874282,0.0],[-117.106614,32.874268,0.0],[-117.106614,32.874255,0.0],[-117.106614,32.874241,0.0],[-117.106613,32.874227,0.0],[-117.106613,32.874213,0.0],[-117.106613,32.8742,0.0],[-117.106613,32.874186,0.0],[-117.106612,32.874172,0.0],[-117.106612,32.874158,0.0],[-117.106612,32.874145,0.0],[-117.106612,32.874131,0.0],[-117.106611,32.874117,0.0],[-117.106611,32.874103,0.0],[-117.106611,32.87409,0.0],[-117.106611,32.874076,0.0],[-117.106611,32.874062,0.0],[-117.10661,32.874048,0.0],[-117.10661,32.874035,0.0],[-117.10661,32.874021,0.0],[-117.10661,32.874007,0.0],[-117.10661,32.873993,0.0],[-117.106609,32.87398,0.0],[-117.106609,32.873966,0.0],[-117.106609,32.873952,0.0],[-117.106609,32.873938,0.0],[-117.106609,32.873925,0.0],[-117.106609,32.873911,0.0],[-117.106609,32.873897,0.0],[-117.106609,32.873884,0.0],[-117.106609,32.87387,0.0],[-117.106608,32.873856,0.0],[-117.106608,32.873842,0.0],[-117.106608,32.873829,0.0],[-117.106608,32.873815,0.0],[-117.106608,32.873801,0.0],[-117.106608,32.873787,0.0],[-117.106608,32.873774,0.0],[-117.106608,32.87376,0.0],[-117.106608,32.873746,0.0],[-117.106608,32.873732,0.0],[-117.106608,32.873719,0.0],[-117.106608,32.873705,0.0],[-117.106608,32.873691,0.0],[-117.106608,32.873677,0.0],[-117.106608,32.873664,0.0],[-117.106608,32.87365,0.0],[-117.106608,32.873636,0.0],[-117.106608,32.873622,0.0],[-117.106608,32.873609,0.0],[-117.106608,32.873595,0.0],[-117.106608,32.873581,0.0],[-117.106608,32.873567,0.0],[-117.106608,32.873554,0.0],[-117.106608,32.87354,0.0],[-117.106609,32.873526,0.0],[-117.106609,32.873512,0.0],[-117.106609,32.873499,0.0],[-117.106609,32.873485,0.0],[-117.106609,32.873471,0.0],[-117.106609,32.873458,0.0],[-117.106609,32.873444,0.0],[-117.106609,32.87343,0.0],[-117.10661,32.873416,0.0],[-117.10661,32.873403,0.0],[-117.10661,32.873389,0.0],[-117.10661,32.873375,0.0],[-117.10661,32.873361,0.0],[-117.10661,32.873348,0.0],[-117.106611,32.873334,0.0],[-117.106611,32.87332,0.0],[-117.106611,32.873306,0.0],[-117.106611,32.873293,0.0],[-117.106611,32.873279,0.0],[-117.106612,32.873265,0.0],[-117.106612,32.873251,0.0],[-117.106612,32.873238,0.0],[-117.106612,32.873224,0.0],[-117.106613,32.87321,0.0],[-117.106613,32.873196,0.0],[-117.106613,32.873183,0.0],[-117.106614,32.873169,0.0],[-117.106614,32.873155,0.0],[-117.106614,32.873141,0.0],[-117.106614,32.873128,0.0],[-117.106615,32.873114,0.0],[-117.106615,32.8731,0.0],[-117.106615,32.873087,0.0],[-117.106616,32.873073,0.0],[-117.106616,32.873059,0.0],[-117.106616,32.873045,0.0],[-117.106617,32.873032,0.0],[-117.106617,32.873018,0.0],[-117.106618,32.873004,0.0],[-117.106618,32.87299,0.0],[-117.106618,32.872977,0.0],[-117.106619,32.872963,0.0],[-117.106619,32.872949,0.0],[-117.10662,32.872935,0.0],[-117.10662,32.872922,0.0],[-117.10662,32.872908,0.0],[-117.106621,32.872894,0.0],[-117.106621,32.87288,0.0],[-117.106622,32.872867,0.0],[-117.106622,32.872854,0.0],[-117.106623,32.872839,0.0],[-117.106623,32.872826,0.0],[-117.106624,32.872812,0.0],[-117.106624,32.872798,0.0],[-117.106625,32.872784,0.0],[-117.106625,32.872771,0.0],[-117.106626,32.872757,0.0],[-117.106626,32.872743,0.0],[-117.106627,32.872729,0.0],[-117.106627,32.872716,0.0],[-117.106628,32.872702,0.0],[-117.106628,32.872688,0.0],[-117.106629,32.872674,0.0],[-117.106629,32.872661,0.0],[-117.10663,32.872647,0.0],[-117.10663,32.872633,0.0],[-117.106631,32.872619,0.0],[-117.106632,32.872606,0.0],[-117.106632,32.872592,0.0],[-117.106633,32.872578,0.0],[-117.106633,32.872565,0.0],[-117.106634,32.872551,0.0],[-117.106635,32.872537,0.0],[-117.106635,32.872523,0.0],[-117.106636,32.87251,0.0],[-117.106637,32.872496,0.0],[-117.106637,32.872482,0.0],[-117.106638,32.872468,0.0],[-117.106639,32.872455,0.0],[-117.106639,32.872441,0.0],[-117.10664,32.872427,0.0],[-117.106641,32.872414,0.0],[-117.106641,32.8724,0.0],[-117.106642,32.872386,0.0],[-117.106643,32.872372,0.0],[-117.106643,32.872359,0.0],[-117.106644,32.872345,0.0],[-117.106645,32.872331,0.0],[-117.106646,32.872317,0.0],[-117.106646,32.872304,0.0],[-117.106647,32.87229,0.0],[-117.106648,32.872276,0.0],[-117.106649,32.872263,0.0],[-117.106649,32.872249,0.0],[-117.10665,32.872235,0.0],[-117.106651,32.872221,0.0],[-117.106652,32.872208,0.0],[-117.106653,32.872194,0.0],[-117.106653,32.87218,0.0],[-117.106654,32.872166,0.0],[-117.106655,32.872153,0.0],[-117.106656,32.872139,0.0],[-117.106657,32.872125,0.0],[-117.106658,32.872112,0.0],[-117.106659,32.872098,0.0],[-117.106659,32.872084,0.0],[-117.10666,32.87207,0.0],[-117.106661,32.872057,0.0],[-117.106662,32.872043,0.0],[-117.106663,32.872029,0.0],[-117.106664,32.872015,0.0],[-117.106665,32.872002,0.0],[-117.106666,32.871988,0.0],[-117.106667,32.871974,0.0],[-117.106668,32.871961,0.0],[-117.106668,32.871947,0.0],[-117.106669,32.871933,0.0],[-117.10667,32.871919,0.0],[-117.106671,32.871906,0.0],[-117.106672,32.871892,0.0],[-117.106673,32.871878,0.0],[-117.106674,32.871865,0.0],[-117.106675,32.871851,0.0],[-117.106676,32.871836,0.0],[-117.106677,32.871822,0.0],[-117.106678,32.871808,0.0],[-117.106679,32.871795,0.0],[-117.10668,32.871781,0.0],[-117.106681,32.871767,0.0],[-117.106682,32.871753,0.0],[-117.106683,32.87174,0.0],[-117.106684,32.871726,0.0],[-117.106684,32.871712,0.0],[-117.106685,32.871698,0.0],[-117.106686,32.871685,0.0],[-117.106687,32.871671,0.0],[-117.106688,32.871657,0.0],[-117.106689,32.871644,0.0],[-117.106691,32.87163,0.0],[-117.106692,32.871616,0.0],[-117.106693,32.871602,0.0],[-117.106694,32.871589,0.0],[-117.106695,32.871575,0.0],[-117.106696,32.871561,0.0],[-117.106697,32.871548,0.0],[-117.106698,32.871534,0.0],[-117.106699,32.87152,0.0],[-117.106701,32.871507,0.0],[-117.106702,32.871493,0.0],[-117.106703,32.871479,0.0],[-117.106704,32.871465,0.0],[-117.106705,32.871452,0.0],[-117.106706,32.871444,0.0],[-117.104145,32.871418,0.0],[-117.103985,32.871411,0.0],[-117.100047,32.871369,0.0],[-117.10003,32.8729,0.0]]],[[[-117.108035,32.871465,0.0],[-117.108033,32.871479,0.0],[-117.108031,32.871493,0.0],[-117.108029,32.871506,0.0],[-117.108027,32.87152,0.0],[-117.108025,32.871534,0.0],[-117.108024,32.871547,0.0],[-117.108022,32.871561,0.0],[-117.10802,32.871575,0.0],[-117.108018,32.871588,0.0],[-117.108017,32.871602,0.0],[-117.108015,32.871616,0.0],[-117.108013,32.871629,0.0],[-117.108011,32.871643,0.0],[-117.10801,32.871657,0.0],[-117.108008,32.87167,0.0],[-117.108006,32.871684,0.0],[-117.108005,32.871698,0.0],[-117.108003,32.871711,0.0],[-117.108001,32.871725,0.0],[-117.108,32.871739,0.0],[-117.107998,32.871752,0.0],[-117.107997,32.871766,0.0],[-117.107995,32.87178,0.0],[-117.107994,32.871793,0.0],[-117.107992,32.871807,0.0],[-117.10799,32.871821,0.0],[-117.107989,32.871834,0.0],[-117.107987,32.871848,0.0],[-117.107986,32.871862,0.0],[-117.107984,32.871875,0.0],[-117.107983,32.871889,0.0],[-117.107982,32.871903,0.0],[-117.10798,32.871916,0.0],[-117.107979,32.87193,0.0],[-117.107977,32.871944,0.0],[-117.107976,32.871957,0.0],[-117.107975,32.871971,0.0],[-117.107973,32.871985,0.0],[-117.107972,32.871999,0.0],[-117.10797,32.872012,0.0],[-117.107969,32.872026,0.0],[-117.107968,32.87204,0.0],[-117.107966,32.872053,0.0],[-117.107965,32.872067,0.0],[-117.107964,32.872081,0.0],[-117.107963,32.872094,0.0],[-117.107961,32.872108,0.0],[-117.10796,32.872122,0.0],[-117.107959,32.872136,0.0],[-117.107958,32.872149,0.0],[-117.107956,32.872163,0.0],[-117.107955,32.872177,0.0],[-117.107954,32.87219,0.0],[-117.107953,32.872204,0.0],[-117.107952,32.872218,0.0],[-117.107951,32.872232,0.0],[-117.107949,32.872245,0.0],[-117.107948,32.872259,0.0],[-117.107947,32.872273,0.0],[-117.107946,32.872286,0.0],[-117.107945,32.8723,0.0],[-117.107944,32.872314,0.0],[-117.107943,32.872327,0.0],[-117.107942,32.872341,0.0],[-117.107941,32.872355,0.0],[-117.10794,32.872369,0.0],[-117.107939,32.872382,0.0],[-117.107938,32.872396,0.0],[-117.107937,32.87241,0.0],[-117.107936,32.872423,0.0],[-117.107935,32.872437,0.0],[-117.107934,32.872451,0.0],[-117.107933,32.872465,0.0],[-117.107932,32.872478,0.0],[-117.107931,32.872492,0.0],[-117.10793,32.872506,0.0],[-117.10793,32.87252,0.0],[-117.107929,32.872533,0.0],[-117.107928,32.872547,0.0],[-117.107927,32.872561,0.0],[-117.107926,32.872574,0.0],[-117.107925,32.872588,0.0],[-117.107925,32.872602,0.0],[-117.107924,32.872616,0.0],[-117.10792,32.872629,0.0],[-117.107919,32.872643,0.0],[-117.107919,32.872657,0.0],[-117.107918,32.87267,0.0],[-117.107918,32.872684,0.0],[-117.107917,32.872698,0.0],[-117.107916,32.872712,0.0],[-117.107916,32.872725,0.0],[-117.107915,32.872739,0.0],[-117.107915,32.872753,0.0],[-117.107914,32.872767,0.0],[-117.107914,32.87278,0.0],[-117.107913,32.872794,0.0],[-117.107912,32.872808,0.0],[-117.107912,32.872822,0.0],[-117.107911,32.872835,0.0],[-117.107911,32.872846,0.0],[-117.107911,32.872849,0.0],[-117.10791,32.872863,0.0],[-117.10791,32.872876,0.0],[-117.107909,32.87289,0.0],[-117.107908,32.872904,0.0],[-117.107908,32.872918,0.0],[-117.107907,32.872931,0.0],[-117.107907,32.872945,0.0],[-117.107906,32.872959,0.0],[-117.107906,32.872973,0.0],[-117.107905,32.872986,0.0],[-117.107904,32.873,0.0],[-117.107904,32.873014,0.0],[-117.107903,32.873028,0.0],[-117.107906,32.873041,0.0],[-117.107906,32.873055,0.0],[-117.107905,32.873069,0.0],[-117.107905,32.873083,0.0],[-117.107905,32.873096,0.0],[-117.107904,32.87311,0.0],[-117.107904,32.873124,0.0],[-117.107904,32.873138,0.0],[-117.107903,32.873151,0.0],[-117.107903,32.873165,0.0],[-117.107903,32.873179,0.0],[-117.107903,32.873192,0.0],[-117.107902,32.873206,0.0],[-117.107902,32.87322,0.0],[-117.107902,32.873234,0.0],[-117.107902,32.873247,0.0],[-117.107902,32.873261,0.0],[-117.107902,32.873275,0.0],[-117.107901,32.873289,0.0],[-117.107901,32.873302,0.0],[-117.107901,32.873316,0.0],[-117.107901,32.87333,0.0],[-117.107901,32.873344,0.0],[-117.107901,32.873357,0.0],[-117.107901,32.873371,0.0],[-117.107901,32.873385,0.0],[-117.107901,32.873399,0.0],[-117.107901,32.873412,0.0],[-117.107901,32.873426,0.0],[-117.107901,32.87344,0.0],[-117.107901,32.873454,0.0],[-117.107901,32.873467,0.0],[-117.107901,32.873481,0.0],[-117.107901,32.873495,0.0],[-117.107901,32.873509,0.0],[-117.107901,32.873522,0.0],[-117.107901,32.873536,0.0],[-117.107901,32.87355,0.0],[-117.107901,32.873563,0.0],[-117.107901,32.873577,0.0],[-117.107901,32.873591,0.0],[-117.107902,32.873605,0.0],[-117.107902,32.873618,0.0],[-117.107902,32.873632,0.0],[-117.107902,32.873646,0.0],[-117.107902,32.87366,0.0],[-117.107903,32.873673,0.0],[-117.107903,32.873687,0.0],[-117.107903,32.873701,0.0],[-117.107903,32.873715,0.0],[-117.107904,32.873728,0.0],[-117.107904,32.873742,0.0],[-117.107904,32.873756,0.0],[-117.107904,32.87377,0.0],[-117.107905,32.873783,0.0],[-117.107905,32.873797,0.0],[-117.107905,32.873811,0.0],[-117.107906,32.873825,0.0],[-117.107906,32.873838,0.0],[-117.107907,32.873852,0.0],[-117.107907,32.873866,0.0],[-117.107907,32.87388,0.0],[-117.107908,32.873893,0.0],[-117.107908,32.873907,0.0],[-117.107909,32.873921,0.0],[-117.107909,32.873934,0.0],[-117.10791,32.873948,0.0],[-117.10791,32.873962,0.0],[-117.107911,32.873976,0.0],[-117.107911,32.873989,0.0],[-117.107912,32.874003,0.0],[-117.107912,32.874017,0.0],[-117.107913,32.874031,0.0],[-117.107913,32.874044,0.0],[-117.107914,32.874058,0.0],[-117.107915,32.874072,0.0],[-117.107915,32.874086,0.0],[-117.107916,32.874099,0.0],[-117.107916,32.874113,0.0],[-117.107917,32.874127,0.0],[-117.107918,32.87414,0.0],[-117.107918,32.874154,0.0],[-117.107919,32.874168,0.0],[-117.10792,32.874182,0.0],[-117.10792,32.874195,0.0],[-117.107921,32.8742,0.0],[-117.107985,32.875116,0.0],[-117.108719,32.875127,0.0],[-117.108719,32.875127,0.0],[-117.108731,32.871466,0.0],[-117.108731,32.871457,0.0],[-117.108568,32.871461,0.0],[-117.108036,32.871457,0.0],[-117.108035,32.871465,0.0]]]]},"properties":{"APN":"3650300300","SITUS_ADDRESS":0,"SITUS_STREET":"","SITUS_SUFFIX":""}},{"type":"Feature","geometry":{"type":"MultiPolygon","coordinates":[[[[-117.117966,32.875235,0.0],[-117.117965,32.875249,0.0],[-117.117964,32.875263,0.0],[-117.117963,32.875276,0.0],[-117.117961,32.87529,0.0],[-117.11796,32.875304,0.0],[-117.117959,32.875317,0.0],[-117.117958,32.875331,0.0],[-117.117957,32.875345,0.0],[-117.117955,32.875359,0.0],[-117.117954,32.875372,0.0],[-117.117953,32.875386,0.0],[-117.117952,32.8754,0.0],[-117.117951,32.875413,0.0],[-117.117949,32.875427,0.0],[-117.117948,32.875441,0.0],[-117.117947,32.875454,0.0],[-117.117946,32.875463,0.0],[-117.122349,32.875475,0.0],[-117.122378,32.873467,0.0],[-117.118001,32.873399,0.0],[-117.117966,32.875235,0.0]]],[[[-117.116886,32.872783,0.0],[-117.116888,32.875226,0.0],[-117.11691,32.875457,0.0],[-117.117359,32.875465,0.0],[-117.117781,32.875464,0.0],[-117.117782,32.87545,0.0],[-117.117784,32.875436,0.0],[-117.117785,32.875423,0.0],[-117.117786,32.875409,0.0],[-117.117788,32.875395,0.0],[-117.117789,32.875382,0.0],[-117.11779,32.875368,0.0],[-117.117792,32.875354,0.0],[-117.117793,32.87534,0.0],[-117.117794,32.875327,0.0],[-117.117796,32.875313,0.0],[-117.117797,32.875299,0.0],[-117.117798,32.875286,0.0],[-117.117799,32.875272,0.0],[-117.117801,32.875258,0.0],[-117.117802,32.875245,0.0],[-117.117803,32.875231,0.0],[-117.117846,32.872776,0.0],[-117.117857,32.872149,0.0],[-117.117863,32.871586,0.0],[-117.116886,32.871568,0.0],[-117.116886,32.872783,0.0]]]]},"properties":{"APN":"3450500200","SITUS_ADDRESS":0,"SITUS_STREET":"","SITUS_SUFFIX":""}},{"type":"Feature","geometry":{"type":"Polygon","coordinates":[[[-117.108731,32.871457,0.0],[-117.108731,32.871466,0.0],[-117.108719,32.875127,0.0],[-117.108719,32.875127,0.0],[-117.111482,32.875167,0.0],[-117.111711,32.875171,0.0],[-117.116233,32.875236,0.0],[-117.116213,32.872788,0.0],[-117.116203,32.871545,0.0],[-117.115702,32.871547,0.0],[-117.115568,32.871547,0.0],[-117.113572,32.871531,0.0],[-117.113409,32.871526,0.0],[-117.113412,32.871524,0.0],[-117.108738,32.871457,0.0],[-117.108731,32.871457,0.0]]]},"properties":{"APN":"3650300200","SITUS_ADDRESS":0,"SITUS_STREET":"","SITUS_SUFFIX":""}},{"type":"Feature","geometry":{"type":"Polygon","coordinates":[[[-117.101069,32.891176,0.0],[-117.105216,32.891167,0.0],[-117.105223,32.891167,0.0],[-117.10489,32.887145,0.0],[-117.104858,32.887144,0.0],[-117.095325,32.88698,0.0],[-117.0955,32.889004,0.0],[-117.091239,32.888921,0.0],[-117.091439,32.891132,0.0],[-117.101069,32.891176,0.0]]]},"properties":{"APN":"7602396600","SITUS_ADDRESS":0,"SITUS_STREET":"ELLIOTT FIELD STATION","SITUS_SUFFIX":""}},{"type":"Feature","geometry":{"type":"Polygon","coordinates":[[[-117.101069,32.891176,0.0],[-117.105216,32.891167,0.0],[-117.105223,32.891167,0.0],[-117.10489,32.887145,0.0],[-117.104858,32.887144,0.0],[-117.095325,32.88698,0.0],[-117.0955,32.889004,0.0],[-117.091239,32.888921,0.0],[-117.091439,32.891132,0.0],[-117.101069,32.891176,0.0]]]},"properties":{"APN":"3633800200","SITUS_ADDRESS":0,"SITUS_STREET":"","SITUS_SUFFIX":""}},{"type":"Feature","geometry":{"type":"Polygon","coordinates":[[[-117.083829,32.860917,0.0],[-117.066725,32.860878,0.0],[-117.066892,32.873124,0.0],[-117.066912,32.874619,0.0],[-117.068368,32.874633,0.0],[-117.082964,32.874773,0.0],[-117.083786,32.874782,0.0],[-117.083791,32.873011,0.0],[-117.083813,32.865761,0.0],[-117.083814,32.865615,0.0],[-117.083825,32.862016,0.0],[-117.083829,32.860917,0.0]]]},"properties":{"APN":"3660100100","SITUS_ADDRESS":0,"SITUS_STREET":"","SITUS_SUFFIX":""}},{"type":"Feature","geometry":{"type":"Polygon","coordinates":[[[-117.118841,32.891618,0.0],[-117.118834,32.891614,0.0],[-117.118821,32.891605,0.0],[-117.118808,32.891597,0.0],[-117.118795,32.891589,0.0],[-117.118782,32.891581,0.0],[-117.118768,32.891573,0.0],[-117.118755,32.891564,0.0],[-117.118742,32.891557,0.0],[-117.118729,32.891549,0.0],[-117.118715,32.891541,0.0],[-117.118703,32.891534,0.0],[-117.118625,32.891488,0.0],[-117.118619,32.891565,0.0],[-117.118618,32.891579,0.0],[-117.118615,32.891592,0.0],[-117.118609,32.891605,0.0],[-117.118601,32.891617,0.0],[-117.118841,32.891618,0.0]]]},"properties":{"APN":"3412400900","SITUS_ADDRESS":0,"SITUS_STREET":"","SITUS_SUFFIX":""}},{"type":"Feature","geometry":{"type":"Polygon","coordinates":[[[-117.1189,32.891374,0.0],[-117.11895,32.891403,0.0],[-117.118958,32.891408,0.0],[-117.118971,32.891416,0.0],[-117.118985,32.891423,0.0],[-117.118998,32.891431,0.0],[-117.119011,32.891439,0.0],[-117.119025,32.891447,0.0],[-117.119038,32.891455,0.0],[-117.119051,32.891463,0.0],[-117.119064,32.891471,0.0],[-117.119077,32.89148,0.0],[-117.11909,32.891488,0.0],[-117.119103,32.891496,0.0],[-117.119116,32.891505,0.0],[-117.119129,32.891513,0.0],[-117.119142,32.891521,0.0],[-117.119155,32.89153,0.0],[-117.119167,32.891539,0.0],[-117.11918,32.891547,0.0],[-117.119193,32.891556,0.0],[-117.119205,32.891565,0.0],[-117.119218,32.891573,0.0],[-117.11923,32.891582,0.0],[-117.119243,32.891591,0.0],[-117.119255,32.8916,0.0],[-117.119267,32.891609,0.0],[-117.11928,32.891618,0.0],[-117.119292,32.891627,0.0],[-117.119304,32.891637,0.0],[-117.119316,32.891646,0.0],[-117.119328,32.891655,0.0],[-117.11934,32.891664,0.0],[-117.11935,32.891675,0.0],[-117.119367,32.89137,0.0],[-117.119376,32.891216,0.0],[-117.11938,32.891145,0.0],[-117.119371,32.891145,0.0],[-117.119259,32.891144,0.0],[-117.118501,32.891137,0.0],[-117.1189,32.891374,0.0]]]},"properties":{"APN":"3412401200","SITUS_ADDRESS":0,"SITUS_STREET":"","SITUS_SUFFIX":""}},{"type":"Feature","geometry":{"type":"Polygon","coordinates":[[[-117.117137,32.892624,0.0],[-117.117123,32.892632,0.0],[-117.117109,32.892639,0.0],[-117.117095,32.892646,0.0],[-117.117081,32.892654,0.0],[-117.117068,32.892661,0.0],[-117.117054,32.892668,0.0],[-117.11704,32.892675,0.0],[-117.117026,32.892682,0.0],[-117.117012,32.892689,0.0],[-117.116998,32.892696,0.0],[-117.116984,32.892703,0.0],[-117.116969,32.89271,0.0],[-117.116955,32.892717,0.0],[-117.116941,32.892723,0.0],[-117.116927,32.89273,0.0],[-117.116913,32.892737,0.0],[-117.116899,32.892744,0.0],[-117.116884,32.89275,0.0],[-117.11687,32.892757,0.0],[-117.116856,32.892763,0.0],[-117.116841,32.89277,0.0],[-117.116827,32.892776,0.0],[-117.116813,32.892783,0.0],[-117.116798,32.892789,0.0],[-117.116784,32.892796,0.0],[-117.116769,32.892802,0.0],[-117.116755,32.892804,0.0],[-117.11676,32.892806,0.0],[-117.117385,32.893058,0.0],[-117.11718,32.892673,0.0],[-117.11715,32.892617,0.0],[-117.117137,32.892624,0.0]]]},"properties":{"APN":"3412401300","SITUS_ADDRESS":0,"SITUS_STREET":"","SITUS_SUFFIX":""}},{"type":"Feature","geometry":{"type":"Polygon","coordinates":[[[-117.118913,32.857638,0.0],[-117.118903,32.857649,0.0],[-117.118892,32.85766,0.0],[-117.118882,32.857671,0.0],[-117.118872,32.857681,0.0],[-117.118862,32.857692,0.0],[-117.118852,32.857703,0.0],[-117.118843,32.857714,0.0],[-117.118833,32.857725,0.0],[-117.118823,32.857736,0.0],[-117.118813,32.857747,0.0],[-117.118803,32.857758,0.0],[-117.118794,32.857769,0.0],[-117.118784,32.85778,0.0],[-117.118774,32.857791,0.0],[-117.118765,32.857802,0.0],[-117.118755,32.857813,0.0],[-117.118746,32.857824,0.0],[-117.118736,32.857835,0.0],[-117.118727,32.857847,0.0],[-117.118717,32.857858,0.0],[-117.118708,32.857869,0.0],[-117.118698,32.85788,0.0],[-117.118689,32.857892,0.0],[-117.11868,32.857903,0.0],[-117.11867,32.857914,0.0],[-117.118661,32.857925,0.0],[-117.118652,32.857937,0.0],[-117.118643,32.857948,0.0],[-117.118634,32.85796,0.0],[-117.118625,32.857971,0.0],[-117.118616,32.857982,0.0],[-117.118607,32.857994,0.0],[-117.118598,32.858005,0.0],[-117.118589,32.858017,0.0],[-117.11858,32.858028,0.0],[-117.118571,32.85804,0.0],[-117.118562,32.858051,0.0],[-117.118553,32.858063,0.0],[-117.118545,32.858075,0.0],[-117.118536,32.858086,0.0],[-117.118527,32.858098,0.0],[-117.118519,32.858109,0.0],[-117.11851,32.858121,0.0],[-117.118501,32.858133,0.0],[-117.118493,32.858144,0.0],[-117.118484,32.858156,0.0],[-117.118476,32.858168,0.0],[-117.118467,32.85818,0.0],[-117.118459,32.858191,0.0],[-117.118451,32.858203,0.0],[-117.118442,32.858215,0.0],[-117.118434,32.858227,0.0],[-117.118426,32.858239,0.0],[-117.118418,32.858251,0.0],[-117.11841,32.858263,0.0],[-117.118408,32.858266,0.0],[-117.118403,32.858272,0.0],[-117.118395,32.858284,0.0],[-117.118387,32.858296,0.0],[-117.118379,32.858308,0.0],[-117.118371,32.85832,0.0],[-117.118364,32.858332,0.0],[-117.118356,32.858344,0.0],[-117.118348,32.858356,0.0],[-117.11834,32.858368,0.0],[-117.118332,32.85838,0.0],[-117.118325,32.858392,0.0],[-117.118317,32.858404,0.0],[-117.118309,32.858416,0.0],[-117.118302,32.858428,0.0],[-117.118294,32.858441,0.0],[-117.118287,32.858453,0.0],[-117.118279,32.858465,0.0],[-117.118272,32.858477,0.0],[-117.118265,32.858489,0.0],[-117.118257,32.858502,0.0],[-117.11825,32.858514,0.0],[-117.118243,32.858526,0.0],[-117.118235,32.858539,0.0],[-117.118228,32.858551,0.0],[-117.118221,32.858563,0.0],[-117.118214,32.858576,0.0],[-117.118207,32.858588,0.0],[-117.1182,32.8586,0.0],[-117.118193,32.858613,0.0],[-117.118186,32.858625,0.0],[-117.118179,32.858638,0.0],[-117.118172,32.85865,0.0],[-117.118165,32.858663,0.0],[-117.118159,32.858675,0.0],[-117.118152,32.858688,0.0],[-117.118145,32.8587,0.0],[-117.118138,32.858713,0.0],[-117.118143,32.860483,0.0],[-117.118959,32.860636,0.0],[-117.118959,32.860686,0.0],[-117.121946,32.860708,0.0],[-117.124154,32.860725,0.0],[-117.125982,32.860739,0.0],[-117.125984,32.860688,0.0],[-117.126009,32.859685,0.0],[-117.126016,32.859393,0.0],[-117.126018,32.85928,0.0],[-117.126018,32.859278,0.0],[-117.126129,32.854382,0.0],[-117.126793,32.854385,0.0],[-117.132508,32.854404,0.0],[-117.133241,32.854406,0.0],[-117.133286,32.851445,0.0],[-117.128057,32.850845,0.0],[-117.128041,32.850843,0.0],[-117.128025,32.85084,0.0],[-117.128009,32.850838,0.0],[-117.127993,32.850836,0.0],[-117.127977,32.850833,0.0],[-117.127961,32.850831,0.0],[-117.127945,32.850828,0.0],[-117.127929,32.850826,0.0],[-117.127913,32.850823,0.0],[-117.127897,32.85082,0.0],[-117.127881,32.850818,0.0],[-117.127865,32.850815,0.0],[-117.127849,32.850812,0.0],[-117.127833,32.850809,0.0],[-117.127818,32.850806,0.0],[-117.127802,32.850804,0.0],[-117.127786,32.850801,0.0],[-117.12777,32.850798,0.0],[-117.127754,32.850795,0.0],[-117.127738,32.850792,0.0],[-117.127722,32.850789,0.0],[-117.127706,32.850785,0.0],[-117.12769,32.850782,0.0],[-117.127675,32.850779,0.0],[-117.127659,32.850776,0.0],[-117.127643,32.850773,0.0],[-117.127627,32.850769,0.0],[-117.127611,32.850766,0.0],[-117.127596,32.850763,0.0],[-117.12758,32.850759,0.0],[-117.127564,32.850756,0.0],[-117.127548,32.850752,0.0],[-117.127533,32.850749,0.0],[-117.127517,32.850745,0.0],[-117.127501,32.850741,0.0],[-117.127486,32.850738,0.0],[-117.12747,32.850734,0.0],[-117.127454,32.85073,0.0],[-117.127439,32.850726,0.0],[-117.127423,32.85072,0.0],[-117.127414,32.85072,0.0],[-117.127407,32.850721,0.0],[-117.127392,32.850715,0.0],[-117.127376,32.850711,0.0],[-117.12736,32.850707,0.0],[-117.127345,32.850703,0.0],[-117.127329,32.850699,0.0],[-117.127314,32.850695,0.0],[-117.127298,32.850691,0.0],[-117.127283,32.850686,0.0],[-117.127267,32.850682,0.0],[-117.127252,32.850678,0.0],[-117.127236,32.850674,0.0],[-117.127221,32.850669,0.0],[-117.127205,32.850665,0.0],[-117.12719,32.850661,0.0],[-117.127175,32.850656,0.0],[-117.127159,32.850652,0.0],[-117.127144,32.850647,0.0],[-117.127128,32.850643,0.0],[-117.127113,32.850638,0.0],[-117.127098,32.850634,0.0],[-117.127082,32.850629,0.0],[-117.127067,32.850624,0.0],[-117.127052,32.850619,0.0],[-117.127037,32.850615,0.0],[-117.127021,32.85061,0.0],[-117.127006,32.850605,0.0],[-117.126991,32.8506,0.0],[-117.126976,32.850595,0.0],[-117.126961,32.85059,0.0],[-117.126945,32.850585,0.0],[-117.12693,32.85058,0.0],[-117.126915,32.850575,0.0],[-117.1269,32.85057,0.0],[-117.126885,32.850565,0.0],[-117.12687,32.85056,0.0],[-117.126855,32.850554,0.0],[-117.12684,32.850549,0.0],[-117.126825,32.850544,0.0],[-117.12681,32.850539,0.0],[-117.126795,32.850533,0.0],[-117.12678,32.850528,0.0],[-117.126765,32.850522,0.0],[-117.126755,32.850519,0.0],[-117.12675,32.850517,0.0],[-117.126735,32.850511,0.0],[-117.12672,32.850506,0.0],[-117.126705,32.8505,0.0],[-117.12669,32.850495,0.0],[-117.126675,32.850489,0.0],[-117.126661,32.850483,0.0],[-117.126646,32.850477,0.0],[-117.126631,32.850472,0.0],[-117.126616,32.850466,0.0],[-117.126602,32.85046,0.0],[-117.126587,32.850454,0.0],[-117.126572,32.850448,0.0],[-117.126558,32.850442,0.0],[-117.126543,32.850436,0.0],[-117.126528,32.85043,0.0],[-117.126514,32.850424,0.0],[-117.126499,32.850418,0.0],[-117.126484,32.850412,0.0],[-117.12647,32.850406,0.0],[-117.126455,32.8504,0.0],[-117.126441,32.850393,0.0],[-117.126426,32.850387,0.0],[-117.126412,32.850381,0.0],[-117.126397,32.850374,0.0],[-117.126383,32.850368,0.0],[-117.126369,32.850362,0.0],[-117.126354,32.850355,0.0],[-117.12634,32.850349,0.0],[-117.126326,32.850342,0.0],[-117.126311,32.850336,0.0],[-117.126297,32.850329,0.0],[-117.126283,32.850322,0.0],[-117.126269,32.850316,0.0],[-117.126254,32.850309,0.0],[-117.12624,32.850302,0.0],[-117.126226,32.850296,0.0],[-117.126212,32.850289,0.0],[-117.126198,32.850282,0.0],[-117.126184,32.850275,0.0],[-117.12617,32.850268,0.0],[-117.126156,32.850261,0.0],[-117.126141,32.850254,0.0],[-117.126127,32.850247,0.0],[-117.126114,32.85024,0.0],[-117.1261,32.850233,0.0],[-117.126086,32.850226,0.0],[-117.126072,32.850219,0.0],[-117.126058,32.850212,0.0],[-117.126044,32.850204,0.0],[-117.126035,32.8502,0.0],[-117.12556,32.850734,0.0],[-117.124313,32.852136,0.0],[-117.124303,32.852147,0.0],[-117.124294,32.852159,0.0],[-117.124285,32.85217,0.0],[-117.124276,32.852181,0.0],[-117.124267,32.852193,0.0],[-117.124257,32.852204,0.0],[-117.124248,32.852215,0.0],[-117.124239,32.852227,0.0],[-117.12423,32.852238,0.0],[-117.12422,32.852249,0.0],[-117.124211,32.85226,0.0],[-117.124201,32.852272,0.0],[-117.124192,32.852283,0.0],[-117.124182,32.852294,0.0],[-117.124173,32.852305,0.0],[-117.124163,32.852316,0.0],[-117.124154,32.852327,0.0],[-117.124144,32.852338,0.0],[-117.124134,32.852349,0.0],[-117.124125,32.852361,0.0],[-117.124115,32.852372,0.0],[-117.124105,32.852383,0.0],[-117.124096,32.852394,0.0],[-117.124086,32.852405,0.0],[-117.124076,32.852415,0.0],[-117.124066,32.852426,0.0],[-117.124056,32.852437,0.0],[-117.124046,32.852448,0.0],[-117.124036,32.852459,0.0],[-117.124026,32.85247,0.0],[-117.124016,32.852481,0.0],[-117.124006,32.852492,0.0],[-117.123996,32.852503,0.0],[-117.123986,32.852513,0.0],[-117.123976,32.852524,0.0],[-117.123966,32.852535,0.0],[-117.123956,32.852546,0.0],[-117.123946,32.852556,0.0],[-117.123935,32.852567,0.0],[-117.123925,32.852578,0.0],[-117.123915,32.852588,0.0],[-117.123905,32.852599,0.0],[-117.123894,32.85261,0.0],[-117.123884,32.85262,0.0],[-117.123874,32.852631,0.0],[-117.123863,32.852641,0.0],[-117.123853,32.852652,0.0],[-117.123842,32.852662,0.0],[-117.123832,32.852673,0.0],[-117.123821,32.852683,0.0],[-117.123811,32.852694,0.0],[-117.1238,32.852704,0.0],[-117.123789,32.852715,0.0],[-117.123779,32.852725,0.0],[-117.123768,32.852735,0.0],[-117.123757,32.852746,0.0],[-117.123747,32.852756,0.0],[-117.123736,32.852766,0.0],[-117.123725,32.852777,0.0],[-117.123714,32.852787,0.0],[-117.123703,32.852797,0.0],[-117.123693,32.852807,0.0],[-117.123682,32.852818,0.0],[-117.123671,32.852828,0.0],[-117.12366,32.852838,0.0],[-117.123649,32.852848,0.0],[-117.123638,32.852858,0.0],[-117.123627,32.852868,0.0],[-117.123616,32.852879,0.0],[-117.123605,32.852889,0.0],[-117.123594,32.852899,0.0],[-117.123582,32.852909,0.0],[-117.123571,32.852919,0.0],[-117.12356,32.852929,0.0],[-117.123549,32.852939,0.0],[-117.123538,32.852949,0.0],[-117.123526,32.852958,0.0],[-117.123515,32.852968,0.0],[-117.123504,32.852978,0.0],[-117.123492,32.852988,0.0],[-117.123481,32.852998,0.0],[-117.12347,32.853008,0.0],[-117.123458,32.853018,0.0],[-117.123447,32.853027,0.0],[-117.123435,32.853037,0.0],[-117.123424,32.853047,0.0],[-117.123412,32.853056,0.0],[-117.123401,32.853066,0.0],[-117.123389,32.853076,0.0],[-117.123377,32.853085,0.0],[-117.123366,32.853095,0.0],[-117.123354,32.853105,0.0],[-117.123342,32.853114,0.0],[-117.123331,32.853124,0.0],[-117.123319,32.853133,0.0],[-117.123307,32.853143,0.0],[-117.123296,32.853152,0.0],[-117.123284,32.853162,0.0],[-117.123272,32.853171,0.0],[-117.12326,32.853181,0.0],[-117.123248,32.85319,0.0],[-117.123236,32.853199,0.0],[-117.123224,32.853209,0.0],[-117.123212,32.853218,0.0],[-117.1232,32.853227,0.0],[-117.123188,32.853237,0.0],[-117.123176,32.853246,0.0],[-117.123164,32.853255,0.0],[-117.123152,32.853264,0.0],[-117.12314,32.853273,0.0],[-117.123128,32.853283,0.0],[-117.123116,32.853292,0.0],[-117.123104,32.853301,0.0],[-117.123091,32.85331,0.0],[-117.123079,32.853319,0.0],[-117.123067,32.853328,0.0],[-117.123055,32.853337,0.0],[-117.123042,32.853346,0.0],[-117.12303,32.853355,0.0],[-117.123018,32.853364,0.0],[-117.123005,32.853373,0.0],[-117.122993,32.853382,0.0],[-117.12298,32.853391,0.0],[-117.122968,32.8534,0.0],[-117.122955,32.853408,0.0],[-117.122943,32.853417,0.0],[-117.12293,32.853426,0.0],[-117.122918,32.853435,0.0],[-117.122905,32.853444,0.0],[-117.122893,32.853452,0.0],[-117.12288,32.853461,0.0],[-117.122867,32.85347,0.0],[-117.122855,32.853478,0.0],[-117.122842,32.853487,0.0],[-117.122829,32.853495,0.0],[-117.122817,32.853504,0.0],[-117.122804,32.853513,0.0],[-117.122791,32.853521,0.0],[-117.122778,32.85353,0.0],[-117.122766,32.853538,0.0],[-117.122753,32.853546,0.0],[-117.12274,32.853555,0.0],[-117.122727,32.853563,0.0],[-117.122714,32.853572,0.0],[-117.122701,32.85358,0.0],[-117.122688,32.853588,0.0],[-117.122675,32.853597,0.0],[-117.122662,32.853605,0.0],[-117.122649,32.853613,0.0],[-117.122636,32.853621,0.0],[-117.122623,32.85363,0.0],[-117.122615,32.853635,0.0],[-117.121394,32.855015,0.0],[-117.121386,32.855027,0.0],[-117.121377,32.855039,0.0],[-117.121369,32.85505,0.0],[-117.121361,32.855062,0.0],[-117.121353,32.855074,0.0],[-117.121344,32.855086,0.0],[-117.121336,32.855098,0.0],[-117.121328,32.85511,0.0],[-117.121321,32.855122,0.0],[-117.121313,32.855134,0.0],[-117.121305,32.855146,0.0],[-117.121297,32.855158,0.0],[-117.12129,32.85517,0.0],[-117.121282,32.855183,0.0],[-117.121275,32.855195,0.0],[-117.121268,32.855207,0.0],[-117.12126,32.855219,0.0],[-117.121253,32.855232,0.0],[-117.121246,32.855244,0.0],[-117.121239,32.855257,0.0],[-117.121232,32.855269,0.0],[-117.121225,32.855281,0.0],[-117.121218,32.855294,0.0],[-117.121212,32.855306,0.0],[-117.121205,32.855319,0.0],[-117.121198,32.855331,0.0],[-117.121192,32.855344,0.0],[-117.121185,32.855357,0.0],[-117.121179,32.855369,0.0],[-117.121173,32.855382,0.0],[-117.121166,32.855395,0.0],[-117.12116,32.855407,0.0],[-117.121154,32.85542,0.0],[-117.121148,32.855433,0.0],[-117.121142,32.855446,0.0],[-117.121137,32.855459,0.0],[-117.121131,32.855472,0.0],[-117.121125,32.855484,0.0],[-117.12112,32.855497,0.0],[-117.121114,32.85551,0.0],[-117.121109,32.855523,0.0],[-117.121104,32.855536,0.0],[-117.121098,32.855549,0.0],[-117.121093,32.855562,0.0],[-117.121088,32.855575,0.0],[-117.121083,32.855588,0.0],[-117.121078,32.855602,0.0],[-117.121073,32.855615,0.0],[-117.121068,32.855628,0.0],[-117.121064,32.855641,0.0],[-117.121059,32.855654,0.0],[-117.121055,32.855667,0.0],[-117.12105,32.855681,0.0],[-117.121046,32.855694,0.0],[-117.121042,32.855707,0.0],[-117.121037,32.85572,0.0],[-117.121033,32.855734,0.0],[-117.121029,32.855747,0.0],[-117.121025,32.85576,0.0],[-117.121021,32.855774,0.0],[-117.121018,32.855787,0.0],[-117.121014,32.8558,0.0],[-117.12101,32.855814,0.0],[-117.121007,32.855827,0.0],[-117.121003,32.855841,0.0],[-117.121,32.855854,0.0],[-117.120997,32.855867,0.0],[-117.120993,32.855881,0.0],[-117.12099,32.855894,0.0],[-117.120987,32.855908,0.0],[-117.120984,32.855921,0.0],[-117.120981,32.855935,0.0],[-117.120979,32.855949,0.0],[-117.120976,32.855962,0.0],[-117.120973,32.855976,0.0],[-117.120971,32.855989,0.0],[-117.120968,32.856003,0.0],[-117.120966,32.856016,0.0],[-117.120964,32.85603,0.0],[-117.120961,32.856044,0.0],[-117.120959,32.856057,0.0],[-117.120957,32.856071,0.0],[-117.120955,32.856084,0.0],[-117.120953,32.856098,0.0],[-117.120952,32.856112,0.0],[-117.12095,32.856125,0.0],[-117.120948,32.856139,0.0],[-117.120947,32.856153,0.0],[-117.120945,32.856167,0.0],[-117.120944,32.85618,0.0],[-117.120943,32.856194,0.0],[-117.120941,32.856208,0.0],[-117.12094,32.856221,0.0],[-117.120939,32.856235,0.0],[-117.120938,32.856249,0.0],[-117.120937,32.856262,0.0],[-117.120937,32.856276,0.0],[-117.120936,32.85629,0.0],[-117.120935,32.856304,0.0],[-117.120935,32.856317,0.0],[-117.120934,32.856331,0.0],[-117.120934,32.856345,0.0],[-117.120934,32.856359,0.0],[-117.120934,32.856372,0.0],[-117.120933,32.856386,0.0],[-117.120933,32.8564,0.0],[-117.120934,32.856414,0.0],[-117.120934,32.856427,0.0],[-117.120934,32.856441,0.0],[-117.120934,32.856455,0.0],[-117.120935,32.856469,0.0],[-117.120935,32.856482,0.0],[-117.120936,32.856496,0.0],[-117.120936,32.85651,0.0],[-117.120937,32.856519,0.0],[-117.120791,32.856897,0.0],[-117.120622,32.856326,0.0],[-117.12062,32.856312,0.0],[-117.120617,32.856299,0.0],[-117.120615,32.856285,0.0],[-117.120613,32.856272,0.0],[-117.120611,32.856258,0.0],[-117.12061,32.856244,0.0],[-117.120608,32.856231,0.0],[-117.120607,32.856217,0.0],[-117.120606,32.856203,0.0],[-117.120605,32.856189,0.0],[-117.120605,32.856176,0.0],[-117.120605,32.856162,0.0],[-117.120605,32.856148,0.0],[-117.120605,32.856134,0.0],[-117.120605,32.856121,0.0],[-117.120606,32.856107,0.0],[-117.120607,32.856093,0.0],[-117.120608,32.85608,0.0],[-117.120609,32.856066,0.0],[-117.12061,32.856052,0.0],[-117.120612,32.856039,0.0],[-117.120614,32.856025,0.0],[-117.120616,32.856011,0.0],[-117.120619,32.855998,0.0],[-117.120621,32.855984,0.0],[-117.120624,32.855971,0.0],[-117.120627,32.855957,0.0],[-117.12063,32.855944,0.0],[-117.120634,32.85593,0.0],[-117.120637,32.855917,0.0],[-117.120641,32.855903,0.0],[-117.120645,32.85589,0.0],[-117.120647,32.855883,0.0],[-117.119953,32.856586,0.0],[-117.118913,32.857638,0.0]]]},"properties":{"APN":"3490400700","SITUS_ADDRESS":0,"SITUS_STREET":"HIGHWAY 163","SITUS_SUFFIX":""}},{"type":"Feature","geometry":{"type":"MultiPolygon","coordinates":[[[[-117.101166,32.850903,0.0],[-117.101166,32.850904,0.0],[-117.10111,32.854277,0.0],[-117.100997,32.860467,0.0],[-117.104325,32.860508,0.0],[-117.107315,32.86054,0.0],[-117.107599,32.860543,0.0],[-117.108869,32.860556,0.0],[-117.110487,32.860567,0.0],[-117.110774,32.858597,0.0],[-117.11133,32.857798,0.0],[-117.11351,32.854669,0.0],[-117.113799,32.854255,0.0],[-117.114931,32.850822,0.0],[-117.114936,32.850808,0.0],[-117.11575,32.848348,0.0],[-117.11601,32.84756,0.0],[-117.116463,32.846748,0.0],[-117.107182,32.846812,0.0],[-117.101233,32.846852,0.0],[-117.101166,32.850903,0.0]]],[[[-117.116862,32.850795,0.0],[-117.116856,32.850812,0.0],[-117.115464,32.854617,0.0],[-117.114959,32.856,0.0],[-117.114966,32.855997,0.0],[-117.11498,32.85599,0.0],[-117.114994,32.855983,0.0],[-117.115008,32.855976,0.0],[-117.115022,32.855969,0.0],[-117.115036,32.855962,0.0],[-117.11505,32.855955,0.0],[-117.115064,32.855948,0.0],[-117.115079,32.855941,0.0],[-117.115093,32.855934,0.0],[-117.115107,32.855927,0.0],[-117.115121,32.85592,0.0],[-117.115135,32.855913,0.0],[-117.115149,32.855907,0.0],[-117.115163,32.8559,0.0],[-117.115177,32.855893,0.0],[-117.115192,32.855886,0.0],[-117.115206,32.85588,0.0],[-117.11522,32.855873,0.0],[-117.115234,32.855866,0.0],[-117.115249,32.85586,0.0],[-117.115263,32.855853,0.0],[-117.115277,32.855846,0.0],[-117.115291,32.85584,0.0],[-117.115306,32.855833,0.0],[-117.11532,32.855827,0.0],[-117.115334,32.85582,0.0],[-117.115349,32.855814,0.0],[-117.115363,32.855807,0.0],[-117.115377,32.855801,0.0],[-117.115392,32.855794,0.0],[-117.115406,32.855788,0.0],[-117.115421,32.855781,0.0],[-117.115435,32.855775,0.0],[-117.115449,32.855769,0.0],[-117.115464,32.855762,0.0],[-117.115478,32.855756,0.0],[-117.115493,32.85575,0.0],[-117.115507,32.855743,0.0],[-117.115522,32.855737,0.0],[-117.115536,32.855731,0.0],[-117.115551,32.855725,0.0],[-117.115565,32.855719,0.0],[-117.11558,32.855712,0.0],[-117.115595,32.855706,0.0],[-117.115609,32.8557,0.0],[-117.115624,32.855694,0.0],[-117.115638,32.855688,0.0],[-117.115653,32.855682,0.0],[-117.115668,32.855676,0.0],[-117.115682,32.85567,0.0],[-117.115697,32.855664,0.0],[-117.115712,32.855658,0.0],[-117.115726,32.855652,0.0],[-117.115741,32.855646,0.0],[-117.115756,32.85564,0.0],[-117.11577,32.855634,0.0],[-117.115785,32.855629,0.0],[-117.1158,32.855623,0.0],[-117.115815,32.855617,0.0],[-117.115829,32.855611,0.0],[-117.115844,32.855605,0.0],[-117.115859,32.8556,0.0],[-117.115874,32.855594,0.0],[-117.115889,32.855588,0.0],[-117.115903,32.855582,0.0],[-117.115918,32.855577,0.0],[-117.115933,32.855571,0.0],[-117.115948,32.855566,0.0],[-117.115963,32.85556,0.0],[-117.115978,32.855554,0.0],[-117.115993,32.855549,0.0],[-117.116007,32.855543,0.0],[-117.116022,32.855538,0.0],[-117.116037,32.855532,0.0],[-117.116052,32.855527,0.0],[-117.116067,32.855522,0.0],[-117.116082,32.855516,0.0],[-117.116097,32.855511,0.0],[-117.116112,32.855505,0.0],[-117.116127,32.8555,0.0],[-117.116142,32.855495,0.0],[-117.116157,32.855489,0.0],[-117.116172,32.855484,0.0],[-117.116187,32.855479,0.0],[-117.116202,32.855474,0.0],[-117.116217,32.855468,0.0],[-117.116232,32.855463,0.0],[-117.116248,32.855458,0.0],[-117.116263,32.855453,0.0],[-117.116278,32.855448,0.0],[-117.116293,32.855443,0.0],[-117.116308,32.855438,0.0],[-117.116323,32.855433,0.0],[-117.116338,32.855428,0.0],[-117.116353,32.855423,0.0],[-117.116369,32.855418,0.0],[-117.116384,32.855413,0.0],[-117.116399,32.855408,0.0],[-117.116414,32.855403,0.0],[-117.116429,32.855398,0.0],[-117.116445,32.855393,0.0],[-117.11646,32.855388,0.0],[-117.116475,32.855383,0.0],[-117.11649,32.855379,0.0],[-117.116506,32.855374,0.0],[-117.116521,32.855369,0.0],[-117.116536,32.855364,0.0],[-117.116552,32.85536,0.0],[-117.116567,32.855355,0.0],[-117.116582,32.85535,0.0],[-117.116597,32.855346,0.0],[-117.117433,32.85424,0.0],[-117.117911,32.853825,0.0],[-117.117912,32.853812,0.0],[-117.117912,32.853799,0.0],[-117.117913,32.853785,0.0],[-117.117914,32.853771,0.0],[-117.117915,32.853757,0.0],[-117.117916,32.853744,0.0],[-117.117917,32.85373,0.0],[-117.117919,32.853716,0.0],[-117.11792,32.853703,0.0],[-117.117921,32.853689,0.0],[-117.117923,32.853675,0.0],[-117.117925,32.853662,0.0],[-117.117926,32.853648,0.0],[-117.117928,32.853634,0.0],[-117.11793,32.853621,0.0],[-117.117932,32.853607,0.0],[-117.117934,32.853593,0.0],[-117.117937,32.85358,0.0],[-117.117939,32.853566,0.0],[-117.117942,32.853553,0.0],[-117.117944,32.853539,0.0],[-117.117947,32.853525,0.0],[-117.11795,32.853512,0.0],[-117.117952,32.853498,0.0],[-117.117955,32.853485,0.0],[-117.117958,32.853471,0.0],[-117.117962,32.853458,0.0],[-117.117965,32.853444,0.0],[-117.117968,32.853431,0.0],[-117.117972,32.853417,0.0],[-117.117975,32.853404,0.0],[-117.117979,32.853391,0.0],[-117.117983,32.853377,0.0],[-117.117986,32.853364,0.0],[-117.11799,32.853351,0.0],[-117.117994,32.853337,0.0],[-117.117999,32.853324,0.0],[-117.118003,32.853311,0.0],[-117.118007,32.853297,0.0],[-117.118011,32.853284,0.0],[-117.118016,32.853271,0.0],[-117.118021,32.853258,0.0],[-117.118025,32.853245,0.0],[-117.11803,32.853232,0.0],[-117.118035,32.853218,0.0],[-117.11804,32.853205,0.0],[-117.118045,32.853192,0.0],[-117.11805,32.853179,0.0],[-117.118056,32.853166,0.0],[-117.118061,32.853153,0.0],[-117.118066,32.85314,0.0],[-117.118072,32.853127,0.0],[-117.118078,32.853115,0.0],[-117.118083,32.853102,0.0],[-117.118089,32.853089,0.0],[-117.118095,32.853076,0.0],[-117.118101,32.853063,0.0],[-117.118107,32.853051,0.0],[-117.118113,32.853038,0.0],[-117.11812,32.853025,0.0],[-117.118126,32.853013,0.0],[-117.118133,32.853,0.0],[-117.118139,32.852987,0.0],[-117.118146,32.852975,0.0],[-117.118153,32.852962,0.0],[-117.118159,32.85295,0.0],[-117.118161,32.852947,0.0],[-117.118178,32.850786,0.0],[-117.118207,32.847177,0.0],[-117.116862,32.850795,0.0]]],[[[-117.11396,32.86063,0.0],[-117.115337,32.860637,0.0],[-117.115218,32.860415,0.0],[-117.115213,32.860406,0.0],[-117.115207,32.860393,0.0],[-117.115201,32.86038,0.0],[-117.115195,32.860367,0.0],[-117.115189,32.860355,0.0],[-117.115183,32.860342,0.0],[-117.115178,32.860329,0.0],[-117.115172,32.860316,0.0],[-117.115167,32.860303,0.0],[-117.115162,32.86029,0.0],[-117.115157,32.860277,0.0],[-117.115152,32.860263,0.0],[-117.115148,32.86025,0.0],[-117.115143,32.860237,0.0],[-117.115139,32.860224,0.0],[-117.115135,32.86021,0.0],[-117.115131,32.860197,0.0],[-117.115127,32.860184,0.0],[-117.115124,32.86017,0.0],[-117.11512,32.860157,0.0],[-117.115117,32.860143,0.0],[-117.115114,32.86013,0.0],[-117.115111,32.860116,0.0],[-117.115108,32.860103,0.0],[-117.115105,32.860089,0.0],[-117.115103,32.860076,0.0],[-117.1151,32.860062,0.0],[-117.115098,32.860049,0.0],[-117.115096,32.860035,0.0],[-117.115094,32.860021,0.0],[-117.115092,32.860008,0.0],[-117.115091,32.859994,0.0],[-117.115089,32.85998,0.0],[-117.115088,32.859967,0.0],[-117.115087,32.859953,0.0],[-117.115086,32.859939,0.0],[-117.115085,32.859925,0.0],[-117.115085,32.859912,0.0],[-117.115084,32.859898,0.0],[-117.115084,32.859884,0.0],[-117.115084,32.85987,0.0],[-117.115084,32.859857,0.0],[-117.115084,32.859843,0.0],[-117.115084,32.859829,0.0],[-117.115085,32.859816,0.0],[-117.115086,32.859802,0.0],[-117.115086,32.859788,0.0],[-117.115087,32.859774,0.0],[-117.115089,32.859761,0.0],[-117.11509,32.859747,0.0],[-117.115091,32.859733,0.0],[-117.115093,32.85972,0.0],[-117.115095,32.859706,0.0],[-117.115097,32.859692,0.0],[-117.115099,32.859679,0.0],[-117.115101,32.859665,0.0],[-117.115104,32.859651,0.0],[-117.115106,32.859638,0.0],[-117.115109,32.859624,0.0],[-117.115112,32.859611,0.0],[-117.115115,32.859597,0.0],[-117.115118,32.859584,0.0],[-117.115122,32.85957,0.0],[-117.115125,32.859557,0.0],[-117.115129,32.859544,0.0],[-117.115133,32.85953,0.0],[-117.115137,32.859517,0.0],[-117.115141,32.859504,0.0],[-117.115145,32.85949,0.0],[-117.11515,32.859477,0.0],[-117.115155,32.859464,0.0],[-117.115159,32.859451,0.0],[-117.115163,32.859452,0.0],[-117.115164,32.859449,0.0],[-117.115168,32.859435,0.0],[-117.115172,32.859422,0.0],[-117.115176,32.859409,0.0],[-117.115181,32.859396,0.0],[-117.115186,32.859383,0.0],[-117.115191,32.859369,0.0],[-117.115196,32.859356,0.0],[-117.115201,32.859343,0.0],[-117.115206,32.85933,0.0],[-117.115211,32.859317,0.0],[-117.115217,32.859304,0.0],[-117.115222,32.859291,0.0],[-117.115228,32.859279,0.0],[-117.115234,32.859266,0.0],[-117.11524,32.859253,0.0],[-117.115246,32.85924,0.0],[-117.115253,32.859228,0.0],[-117.115259,32.859215,0.0],[-117.115266,32.859202,0.0],[-117.115272,32.85919,0.0],[-117.115279,32.859177,0.0],[-117.115286,32.859165,0.0],[-117.115293,32.859153,0.0],[-117.1153,32.85914,0.0],[-117.115308,32.859128,0.0],[-117.115315,32.859116,0.0],[-117.115323,32.859104,0.0],[-117.11533,32.859092,0.0],[-117.115338,32.85908,0.0],[-117.115346,32.859068,0.0],[-117.115354,32.859056,0.0],[-117.115363,32.859044,0.0],[-117.115367,32.859037,0.0],[-117.117261,32.857727,0.0],[-117.117656,32.856696,0.0],[-117.117671,32.85652,0.0],[-117.117574,32.856293,0.0],[-117.116615,32.856461,0.0],[-117.1158,32.857396,0.0],[-117.115533,32.857703,0.0],[-117.11396,32.86063,0.0]]]]},"properties":{"APN":"3670201100","SITUS_ADDRESS":0,"SITUS_STREET":"","SITUS_SUFFIX":""}},{"type":"Feature","geometry":{"type":"Polygon","coordinates":[[[-117.115163,32.859452,0.0],[-117.115708,32.85959,0.0],[-117.116006,32.859717,0.0],[-117.116942,32.858556,0.0],[-117.117205,32.857873,0.0],[-117.117261,32.857727,0.0],[-117.115367,32.859037,0.0],[-117.115363,32.859044,0.0],[-117.115354,32.859056,0.0],[-117.115346,32.859068,0.0],[-117.115338,32.85908,0.0],[-117.11533,32.859092,0.0],[-117.115323,32.859104,0.0],[-117.115315,32.859116,0.0],[-117.115308,32.859128,0.0],[-117.1153,32.85914,0.0],[-117.115293,32.859153,0.0],[-117.115286,32.859165,0.0],[-117.115279,32.859177,0.0],[-117.115272,32.85919,0.0],[-117.115266,32.859202,0.0],[-117.115259,32.859215,0.0],[-117.115253,32.859228,0.0],[-117.115246,32.85924,0.0],[-117.11524,32.859253,0.0],[-117.115234,32.859266,0.0],[-117.115228,32.859279,0.0],[-117.115222,32.859291,0.0],[-117.115217,32.859304,0.0],[-117.115211,32.859317,0.0],[-117.115206,32.85933,0.0],[-117.115201,32.859343,0.0],[-117.115196,32.859356,0.0],[-117.115191,32.859369,0.0],[-117.115186,32.859383,0.0],[-117.115181,32.859396,0.0],[-117.115176,32.859409,0.0],[-117.115172,32.859422,0.0],[-117.115168,32.859435,0.0],[-117.115164,32.859449,0.0],[-117.115163,32.859452,0.0]]]},"properties":{"APN":"3670201300","SITUS_ADDRESS":0,"SITUS_STREET":"","SITUS_SUFFIX":""}},{"type":"Feature","geometry":{"type":"MultiPolygon","coordinates":[[[[-117.113412,32.871524,0.0],[-117.113468,32.867942,0.0],[-117.108898,32.867872,0.0],[-117.108819,32.868091,0.0],[-117.108817,32.868096,0.0],[-117.108815,32.868101,0.0],[-117.108731,32.871457,0.0],[-117.108738,32.871457,0.0],[-117.113412,32.871524,0.0]]],[[[-117.099402,32.871362,0.0],[-117.100047,32.871369,0.0],[-117.103985,32.871411,0.0],[-117.104064,32.867823,0.0],[-117.099462,32.867759,0.0],[-117.099402,32.871362,0.0]]],[[[-117.099595,32.861909,0.0],[-117.099546,32.864042,0.0],[-117.102696,32.864078,0.0],[-117.104167,32.862985,0.0],[-117.104188,32.861877,0.0],[-117.104212,32.860561,0.0],[-117.099626,32.860504,0.0],[-117.099595,32.861909,0.0]]],[[[-117.104232,32.867687,0.0],[-117.107372,32.867707,0.0],[-117.107385,32.867707,0.0],[-117.107603,32.867713,0.0],[-117.107845,32.867107,0.0],[-117.108084,32.866591,0.0],[-117.108703,32.865257,0.0],[-117.10871,32.864287,0.0],[-117.107352,32.864271,0.0],[-117.104306,32.864235,0.0],[-117.104232,32.867687,0.0]]],[[[-117.110266,32.865551,0.0],[-117.110256,32.865562,0.0],[-117.110246,32.865573,0.0],[-117.110236,32.865584,0.0],[-117.110226,32.865595,0.0],[-117.110217,32.865606,0.0],[-117.110207,32.865617,0.0],[-117.110197,32.865628,0.0],[-117.110187,32.865639,0.0],[-117.110178,32.86565,0.0],[-117.110168,32.865661,0.0],[-117.110158,32.865672,0.0],[-117.110149,32.865683,0.0],[-117.110139,32.865694,0.0],[-117.110129,32.865705,0.0],[-117.11012,32.865716,0.0],[-117.11011,32.865727,0.0],[-117.110101,32.865739,0.0],[-117.110091,32.86575,0.0],[-117.110082,32.865761,0.0],[-117.110072,32.865772,0.0],[-117.110063,32.865783,0.0],[-117.110053,32.865794,0.0],[-117.110044,32.865806,0.0],[-117.110035,32.865817,0.0],[-117.110025,32.865828,0.0],[-117.110016,32.86584,0.0],[-117.110007,32.865851,0.0],[-117.109998,32.865862,0.0],[-117.109988,32.865873,0.0],[-117.109979,32.865885,0.0],[-117.10997,32.865896,0.0],[-117.109961,32.865907,0.0],[-117.109952,32.865919,0.0],[-117.109942,32.86593,0.0],[-117.109933,32.865942,0.0],[-117.109924,32.865953,0.0],[-117.109915,32.865964,0.0],[-117.109906,32.865976,0.0],[-117.109897,32.865987,0.0],[-117.109888,32.865999,0.0],[-117.109879,32.86601,0.0],[-117.109871,32.866022,0.0],[-117.109862,32.866033,0.0],[-117.109853,32.866045,0.0],[-117.109844,32.866056,0.0],[-117.109835,32.866068,0.0],[-117.109826,32.86608,0.0],[-117.109818,32.866091,0.0],[-117.109809,32.866103,0.0],[-117.1098,32.866114,0.0],[-117.109791,32.866126,0.0],[-117.109783,32.866137,0.0],[-117.109354,32.866863,0.0],[-117.109287,32.866998,0.0],[-117.10891,32.867735,0.0],[-117.113473,32.867804,0.0],[-117.11354,32.864349,0.0],[-117.11128,32.864318,0.0],[-117.110266,32.865551,0.0]]],[[[-117.099486,32.866604,0.0],[-117.099467,32.867621,0.0],[-117.104069,32.867686,0.0],[-117.104143,32.86423,0.0],[-117.102756,32.864215,0.0],[-117.099486,32.866604,0.0]]],[[[-117.107318,32.86085,0.0],[-117.106691,32.861313,0.0],[-117.105942,32.861865,0.0],[-117.105799,32.861971,0.0],[-117.104331,32.86305,0.0],[-117.104311,32.864097,0.0],[-117.10735,32.864133,0.0],[-117.108712,32.864149,0.0],[-117.108761,32.861846,0.0],[-117.108788,32.860611,0.0],[-117.107661,32.860597,0.0],[-117.107318,32.86085,0.0]]],[[[-117.104145,32.871418,0.0],[-117.106706,32.871444,0.0],[-117.106707,32.871438,0.0],[-117.106708,32.871424,0.0],[-117.106709,32.871411,0.0],[-117.106711,32.871397,0.0],[-117.106712,32.871383,0.0],[-117.106713,32.871369,0.0],[-117.106715,32.871356,0.0],[-117.106716,32.871342,0.0],[-117.106717,32.871328,0.0],[-117.106719,32.871315,0.0],[-117.10672,32.871301,0.0],[-117.106721,32.871287,0.0],[-117.106723,32.871274,0.0],[-117.106724,32.87126,0.0],[-117.106726,32.871246,0.0],[-117.106727,32.871233,0.0],[-117.106729,32.871219,0.0],[-117.10673,32.871205,0.0],[-117.106732,32.871192,0.0],[-117.106733,32.871178,0.0],[-117.106735,32.871164,0.0],[-117.106736,32.87115,0.0],[-117.106738,32.871137,0.0],[-117.106739,32.871123,0.0],[-117.106741,32.871109,0.0],[-117.106743,32.871096,0.0],[-117.106744,32.871082,0.0],[-117.106746,32.871068,0.0],[-117.106748,32.871055,0.0],[-117.106749,32.871041,0.0],[-117.106751,32.871027,0.0],[-117.106753,32.871014,0.0],[-117.106754,32.871,0.0],[-117.106756,32.870986,0.0],[-117.106758,32.870973,0.0],[-117.10676,32.870959,0.0],[-117.106761,32.870945,0.0],[-117.106763,32.870932,0.0],[-117.106765,32.870918,0.0],[-117.106767,32.870904,0.0],[-117.106769,32.870891,0.0],[-117.106771,32.870877,0.0],[-117.106772,32.870864,0.0],[-117.106774,32.87085,0.0],[-117.106776,32.870836,0.0],[-117.106778,32.870823,0.0],[-117.10678,32.870809,0.0],[-117.106782,32.870795,0.0],[-117.106784,32.870782,0.0],[-117.106786,32.870768,0.0],[-117.106788,32.870754,0.0],[-117.10679,32.870741,0.0],[-117.106792,32.870727,0.0],[-117.106794,32.870713,0.0],[-117.106796,32.8707,0.0],[-117.106798,32.870686,0.0],[-117.1068,32.870673,0.0],[-117.106802,32.870659,0.0],[-117.106804,32.870645,0.0],[-117.106806,32.870632,0.0],[-117.106808,32.870618,0.0],[-117.10681,32.870604,0.0],[-117.106813,32.870591,0.0],[-117.106815,32.870577,0.0],[-117.106817,32.870564,0.0],[-117.106819,32.87055,0.0],[-117.106821,32.870536,0.0],[-117.106824,32.870523,0.0],[-117.106826,32.870509,0.0],[-117.106828,32.870495,0.0],[-117.10683,32.870482,0.0],[-117.106833,32.870468,0.0],[-117.106835,32.870455,0.0],[-117.106837,32.870441,0.0],[-117.10684,32.870427,0.0],[-117.106842,32.870414,0.0],[-117.106844,32.8704,0.0],[-117.106847,32.870387,0.0],[-117.106849,32.870373,0.0],[-117.106851,32.870359,0.0],[-117.106854,32.870346,0.0],[-117.106856,32.870332,0.0],[-117.106859,32.870319,0.0],[-117.106861,32.870305,0.0],[-117.106864,32.870292,0.0],[-117.106866,32.870278,0.0],[-117.106869,32.870264,0.0],[-117.106871,32.870251,0.0],[-117.106874,32.870237,0.0],[-117.106876,32.870224,0.0],[-117.106879,32.87021,0.0],[-117.106881,32.870197,0.0],[-117.106884,32.870183,0.0],[-117.106886,32.870169,0.0],[-117.106889,32.870156,0.0],[-117.106892,32.870142,0.0],[-117.106894,32.870129,0.0],[-117.106897,32.870115,0.0],[-117.1069,32.870102,0.0],[-117.106902,32.870088,0.0],[-117.106905,32.870074,0.0],[-117.106908,32.870061,0.0],[-117.106911,32.870047,0.0],[-117.106913,32.870034,0.0],[-117.106916,32.87002,0.0],[-117.106919,32.870007,0.0],[-117.106922,32.869993,0.0],[-117.106924,32.86998,0.0],[-117.106927,32.869966,0.0],[-117.10693,32.869953,0.0],[-117.106933,32.869939,0.0],[-117.106936,32.869926,0.0],[-117.106939,32.869912,0.0],[-117.106941,32.869898,0.0],[-117.106944,32.869885,0.0],[-117.106947,32.869871,0.0],[-117.10695,32.869858,0.0],[-117.106953,32.869844,0.0],[-117.106956,32.869831,0.0],[-117.106959,32.869817,0.0],[-117.106962,32.869804,0.0],[-117.106965,32.86979,0.0],[-117.106968,32.869777,0.0],[-117.106971,32.869763,0.0],[-117.106974,32.86975,0.0],[-117.106977,32.869736,0.0],[-117.10698,32.869723,0.0],[-117.106983,32.869709,0.0],[-117.106987,32.869696,0.0],[-117.10699,32.869682,0.0],[-117.106993,32.869669,0.0],[-117.106996,32.869655,0.0],[-117.106999,32.869642,0.0],[-117.107002,32.869628,0.0],[-117.107005,32.869615,0.0],[-117.107009,32.869602,0.0],[-117.107012,32.869588,0.0],[-117.107015,32.869575,0.0],[-117.107018,32.869561,0.0],[-117.107022,32.869548,0.0],[-117.107025,32.869534,0.0],[-117.107028,32.869521,0.0],[-117.107031,32.869507,0.0],[-117.107035,32.869494,0.0],[-117.107038,32.86948,0.0],[-117.107041,32.869467,0.0],[-117.107045,32.869453,0.0],[-117.107048,32.86944,0.0],[-117.107052,32.869427,0.0],[-117.107055,32.869413,0.0],[-117.107058,32.8694,0.0],[-117.107062,32.869386,0.0],[-117.107065,32.869373,0.0],[-117.107069,32.869359,0.0],[-117.107072,32.869346,0.0],[-117.107076,32.869333,0.0],[-117.107079,32.869319,0.0],[-117.107083,32.869306,0.0],[-117.107086,32.869292,0.0],[-117.10709,32.869279,0.0],[-117.107093,32.869266,0.0],[-117.107097,32.869252,0.0],[-117.1071,32.869239,0.0],[-117.107104,32.869225,0.0],[-117.107108,32.869212,0.0],[-117.107111,32.869199,0.0],[-117.107115,32.869185,0.0],[-117.107119,32.869172,0.0],[-117.107122,32.869158,0.0],[-117.107126,32.869145,0.0],[-117.10713,32.869132,0.0],[-117.107133,32.869118,0.0],[-117.107137,32.869105,0.0],[-117.107141,32.869091,0.0],[-117.107145,32.869078,0.0],[-117.107148,32.869065,0.0],[-117.107152,32.869051,0.0],[-117.107156,32.869038,0.0],[-117.10716,32.869025,0.0],[-117.107164,32.869011,0.0],[-117.107167,32.868998,0.0],[-117.107171,32.868985,0.0],[-117.107175,32.868971,0.0],[-117.107179,32.868958,0.0],[-117.107183,32.868945,0.0],[-117.107187,32.868931,0.0],[-117.107191,32.868918,0.0],[-117.107195,32.868905,0.0],[-117.107199,32.868891,0.0],[-117.107203,32.868878,0.0],[-117.107207,32.868865,0.0],[-117.107211,32.868851,0.0],[-117.107215,32.868838,0.0],[-117.107219,32.868825,0.0],[-117.107223,32.868811,0.0],[-117.107227,32.868798,0.0],[-117.107231,32.868785,0.0],[-117.107235,32.868771,0.0],[-117.107239,32.868758,0.0],[-117.107243,32.868745,0.0],[-117.107247,32.868731,0.0],[-117.107251,32.868718,0.0],[-117.107256,32.868705,0.0],[-117.10726,32.868692,0.0],[-117.107264,32.868678,0.0],[-117.107268,32.868665,0.0],[-117.107272,32.868652,0.0],[-117.107277,32.868638,0.0],[-117.107281,32.868625,0.0],[-117.107285,32.868612,0.0],[-117.107289,32.868599,0.0],[-117.107294,32.868585,0.0],[-117.107298,32.868572,0.0],[-117.107302,32.868559,0.0],[-117.107307,32.868546,0.0],[-117.107311,32.868532,0.0],[-117.107315,32.868519,0.0],[-117.10732,32.868506,0.0],[-117.107324,32.868493,0.0],[-117.107328,32.868479,0.0],[-117.107333,32.868466,0.0],[-117.107337,32.868453,0.0],[-117.107342,32.86844,0.0],[-117.107346,32.868427,0.0],[-117.107351,32.868413,0.0],[-117.107355,32.8684,0.0],[-117.10736,32.868387,0.0],[-117.107364,32.868374,0.0],[-117.107369,32.868361,0.0],[-117.107373,32.868347,0.0],[-117.107378,32.868334,0.0],[-117.107382,32.868321,0.0],[-117.107387,32.868308,0.0],[-117.107391,32.868296,0.0],[-117.107396,32.868281,0.0],[-117.107401,32.868268,0.0],[-117.107405,32.868255,0.0],[-117.10741,32.868242,0.0],[-117.107415,32.868229,0.0],[-117.107419,32.868216,0.0],[-117.107424,32.868202,0.0],[-117.107429,32.868189,0.0],[-117.107433,32.868176,0.0],[-117.107438,32.868163,0.0],[-117.107443,32.86815,0.0],[-117.107448,32.868137,0.0],[-117.107452,32.868124,0.0],[-117.107457,32.86811,0.0],[-117.107462,32.868097,0.0],[-117.107467,32.868084,0.0],[-117.107472,32.868071,0.0],[-117.107476,32.868058,0.0],[-117.107481,32.868045,0.0],[-117.107486,32.868032,0.0],[-117.107491,32.868019,0.0],[-117.107496,32.868005,0.0],[-117.107501,32.867992,0.0],[-117.107506,32.867979,0.0],[-117.107511,32.867966,0.0],[-117.107516,32.867953,0.0],[-117.107521,32.86794,0.0],[-117.107526,32.867927,0.0],[-117.107531,32.867914,0.0],[-117.107536,32.867901,0.0],[-117.107541,32.867888,0.0],[-117.107546,32.867875,0.0],[-117.107551,32.867862,0.0],[-117.107556,32.867848,0.0],[-117.107386,32.867845,0.0],[-117.10737,32.867844,0.0],[-117.104227,32.867825,0.0],[-117.104145,32.871418,0.0]]],[[[-117.113572,32.871531,0.0],[-117.115568,32.871547,0.0],[-117.115702,32.871547,0.0],[-117.116203,32.871545,0.0],[-117.116195,32.870726,0.0],[-117.116123,32.869355,0.0],[-117.116118,32.869243,0.0],[-117.116051,32.867971,0.0],[-117.113631,32.867946,0.0],[-117.113572,32.871531,0.0]]],[[[-117.113636,32.867809,0.0],[-117.116063,32.867841,0.0],[-117.116067,32.867625,0.0],[-117.116069,32.867611,0.0],[-117.11607,32.867598,0.0],[-117.116071,32.867584,0.0],[-117.116073,32.86757,0.0],[-117.116074,32.867556,0.0],[-117.116075,32.867543,0.0],[-117.116076,32.867529,0.0],[-117.116078,32.867515,0.0],[-117.116079,32.867502,0.0],[-117.11608,32.867488,0.0],[-117.116082,32.867474,0.0],[-117.116083,32.867461,0.0],[-117.116084,32.867447,0.0],[-117.116085,32.867433,0.0],[-117.116087,32.86742,0.0],[-117.116088,32.867406,0.0],[-117.116089,32.867392,0.0],[-117.11609,32.867378,0.0],[-117.116092,32.867365,0.0],[-117.116093,32.867351,0.0],[-117.116094,32.867337,0.0],[-117.116095,32.867324,0.0],[-117.116097,32.86731,0.0],[-117.116098,32.867296,0.0],[-117.116099,32.867282,0.0],[-117.1161,32.867269,0.0],[-117.116102,32.867255,0.0],[-117.116103,32.867241,0.0],[-117.116104,32.867228,0.0],[-117.116105,32.867214,0.0],[-117.116106,32.8672,0.0],[-117.116108,32.867187,0.0],[-117.116109,32.867173,0.0],[-117.11611,32.867159,0.0],[-117.116111,32.867145,0.0],[-117.116112,32.867132,0.0],[-117.116113,32.867118,0.0],[-117.116115,32.867104,0.0],[-117.116116,32.867091,0.0],[-117.116117,32.867077,0.0],[-117.116118,32.867063,0.0],[-117.116119,32.867049,0.0],[-117.11612,32.867036,0.0],[-117.116122,32.867022,0.0],[-117.116123,32.867008,0.0],[-117.116124,32.866995,0.0],[-117.116125,32.866981,0.0],[-117.116126,32.866967,0.0],[-117.116127,32.866954,0.0],[-117.116128,32.86694,0.0],[-117.11613,32.866926,0.0],[-117.116131,32.866912,0.0],[-117.116132,32.866899,0.0],[-117.116133,32.866885,0.0],[-117.116134,32.866871,0.0],[-117.116135,32.866858,0.0],[-117.116136,32.866844,0.0],[-117.116137,32.86683,0.0],[-117.116138,32.866816,0.0],[-117.116139,32.866803,0.0],[-117.116141,32.866789,0.0],[-117.116142,32.866775,0.0],[-117.116143,32.866762,0.0],[-117.116144,32.866748,0.0],[-117.116145,32.866734,0.0],[-117.116146,32.86672,0.0],[-117.116147,32.866707,0.0],[-117.116148,32.866693,0.0],[-117.116149,32.866679,0.0],[-117.11615,32.866666,0.0],[-117.116151,32.866652,0.0],[-117.116152,32.866638,0.0],[-117.116153,32.866624,0.0],[-117.116154,32.866611,0.0],[-117.116155,32.866597,0.0],[-117.116156,32.866583,0.0],[-117.116157,32.86657,0.0],[-117.116158,32.866556,0.0],[-117.116159,32.866542,0.0],[-117.11616,32.866528,0.0],[-117.116161,32.866515,0.0],[-117.116162,32.866501,0.0],[-117.116163,32.866487,0.0],[-117.116164,32.866474,0.0],[-117.116165,32.86646,0.0],[-117.116166,32.866446,0.0],[-117.116167,32.866432,0.0],[-117.116168,32.866419,0.0],[-117.116169,32.866405,0.0],[-117.11617,32.866391,0.0],[-117.116171,32.866378,0.0],[-117.116172,32.866364,0.0],[-117.116173,32.86635,0.0],[-117.116174,32.866336,0.0],[-117.116175,32.866323,0.0],[-117.116176,32.866309,0.0],[-117.116177,32.866295,0.0],[-117.116178,32.866282,0.0],[-117.116179,32.866268,0.0],[-117.11618,32.866254,0.0],[-117.116181,32.86624,0.0],[-117.116182,32.866227,0.0],[-117.116182,32.866213,0.0],[-117.116183,32.866199,0.0],[-117.116184,32.866185,0.0],[-117.116185,32.866172,0.0],[-117.116186,32.866158,0.0],[-117.116187,32.866144,0.0],[-117.116188,32.866131,0.0],[-117.116189,32.866117,0.0],[-117.11619,32.866103,0.0],[-117.116191,32.866089,0.0],[-117.116191,32.866076,0.0],[-117.116192,32.866062,0.0],[-117.116193,32.866048,0.0],[-117.116194,32.866035,0.0],[-117.116195,32.866021,0.0],[-117.116196,32.866007,0.0],[-117.116197,32.865993,0.0],[-117.116197,32.86598,0.0],[-117.116071,32.864381,0.0],[-117.113703,32.864351,0.0],[-117.113636,32.867809,0.0]]],[[[-117.113787,32.860953,0.0],[-117.113766,32.861811,0.0],[-117.113708,32.864213,0.0],[-117.116079,32.864238,0.0],[-117.11582,32.861796,0.0],[-117.115779,32.861536,0.0],[-117.11537,32.860695,0.0],[-117.113928,32.860685,0.0],[-117.113787,32.860953,0.0]]],[[[-117.108924,32.861844,0.0],[-117.108875,32.864151,0.0],[-117.109194,32.864146,0.0],[-117.110255,32.861835,0.0],[-117.110319,32.861695,0.0],[-117.110478,32.860622,0.0],[-117.108951,32.86061,0.0],[-117.108924,32.861844,0.0]]],[[[-117.10435,32.861876,0.0],[-117.104332,32.862866,0.0],[-117.105671,32.861881,0.0],[-117.10569,32.861867,0.0],[-117.106518,32.861257,0.0],[-117.107317,32.86067,0.0],[-117.107417,32.860596,0.0],[-117.107316,32.860595,0.0],[-117.104375,32.860562,0.0],[-117.10435,32.861876,0.0]]],[[[-117.099491,32.86642,0.0],[-117.102512,32.864214,0.0],[-117.099541,32.86418,0.0],[-117.099491,32.86642,0.0]]],[[[-117.113326,32.861803,0.0],[-117.113317,32.861814,0.0],[-117.111337,32.86418,0.0],[-117.113545,32.864212,0.0],[-117.113604,32.861812,0.0],[-117.113622,32.861059,0.0],[-117.113326,32.861803,0.0]]],[[[-117.108641,32.868321,0.0],[-117.108638,32.868335,0.0],[-117.108634,32.868348,0.0],[-117.108631,32.868361,0.0],[-117.108627,32.868375,0.0],[-117.108624,32.868388,0.0],[-117.10862,32.868402,0.0],[-117.108617,32.868415,0.0],[-117.108613,32.868429,0.0],[-117.10861,32.868442,0.0],[-117.108606,32.868455,0.0],[-117.108603,32.868469,0.0],[-117.108599,32.868482,0.0],[-117.108596,32.868496,0.0],[-117.108592,32.868509,0.0],[-117.108589,32.868523,0.0],[-117.108588,32.868537,0.0],[-117.108585,32.86855,0.0],[-117.108582,32.868563,0.0],[-117.108579,32.868577,0.0],[-117.108575,32.86859,0.0],[-117.108572,32.868604,0.0],[-117.108569,32.868617,0.0],[-117.108566,32.868631,0.0],[-117.108563,32.868644,0.0],[-117.108559,32.868658,0.0],[-117.108556,32.868671,0.0],[-117.108553,32.868685,0.0],[-117.10855,32.868698,0.0],[-117.108547,32.868712,0.0],[-117.108544,32.868725,0.0],[-117.10854,32.868739,0.0],[-117.108537,32.868752,0.0],[-117.108534,32.868766,0.0],[-117.108531,32.868779,0.0],[-117.108528,32.868793,0.0],[-117.108525,32.868806,0.0],[-117.108522,32.86882,0.0],[-117.108518,32.868833,0.0],[-117.108515,32.868847,0.0],[-117.108512,32.86886,0.0],[-117.108509,32.868874,0.0],[-117.108506,32.868887,0.0],[-117.108503,32.868901,0.0],[-117.1085,32.868914,0.0],[-117.108497,32.868928,0.0],[-117.108494,32.868941,0.0],[-117.108491,32.868955,0.0],[-117.108488,32.868968,0.0],[-117.108485,32.868982,0.0],[-117.108482,32.868995,0.0],[-117.108479,32.869009,0.0],[-117.108476,32.869022,0.0],[-117.108473,32.869036,0.0],[-117.10847,32.869049,0.0],[-117.108467,32.869063,0.0],[-117.108464,32.869076,0.0],[-117.108461,32.86909,0.0],[-117.108458,32.869103,0.0],[-117.108455,32.869117,0.0],[-117.108452,32.86913,0.0],[-117.108449,32.869144,0.0],[-117.108446,32.869157,0.0],[-117.108443,32.869171,0.0],[-117.10844,32.869184,0.0],[-117.108437,32.869198,0.0],[-117.108434,32.869211,0.0],[-117.108431,32.869225,0.0],[-117.108428,32.869238,0.0],[-117.108425,32.869252,0.0],[-117.108422,32.869265,0.0],[-117.10842,32.869279,0.0],[-117.108417,32.869292,0.0],[-117.108414,32.869306,0.0],[-117.108411,32.869319,0.0],[-117.108408,32.869333,0.0],[-117.108405,32.869346,0.0],[-117.108402,32.86936,0.0],[-117.108399,32.869374,0.0],[-117.108397,32.869387,0.0],[-117.108394,32.869401,0.0],[-117.108391,32.869414,0.0],[-117.108388,32.869428,0.0],[-117.108385,32.869441,0.0],[-117.108383,32.869455,0.0],[-117.10838,32.869468,0.0],[-117.108377,32.869482,0.0],[-117.108374,32.869495,0.0],[-117.108371,32.869509,0.0],[-117.108369,32.869522,0.0],[-117.108366,32.869536,0.0],[-117.108363,32.869549,0.0],[-117.10836,32.869563,0.0],[-117.108358,32.869577,0.0],[-117.108355,32.86959,0.0],[-117.108352,32.869604,0.0],[-117.108349,32.869617,0.0],[-117.108347,32.869631,0.0],[-117.108344,32.869644,0.0],[-117.108341,32.869658,0.0],[-117.108339,32.869671,0.0],[-117.108336,32.869685,0.0],[-117.108333,32.869699,0.0],[-117.108331,32.869712,0.0],[-117.108328,32.869726,0.0],[-117.108325,32.869739,0.0],[-117.108323,32.869753,0.0],[-117.10832,32.869766,0.0],[-117.108317,32.86978,0.0],[-117.108315,32.869793,0.0],[-117.108312,32.869807,0.0],[-117.108309,32.869821,0.0],[-117.108307,32.869834,0.0],[-117.108304,32.869848,0.0],[-117.108301,32.869861,0.0],[-117.108299,32.869875,0.0],[-117.108296,32.869888,0.0],[-117.108294,32.869902,0.0],[-117.108291,32.869916,0.0],[-117.108289,32.869929,0.0],[-117.108286,32.869943,0.0],[-117.108283,32.869956,0.0],[-117.108281,32.86997,0.0],[-117.108278,32.869983,0.0],[-117.108276,32.869997,0.0],[-117.108273,32.870011,0.0],[-117.108271,32.870024,0.0],[-117.108268,32.870038,0.0],[-117.108266,32.870051,0.0],[-117.108263,32.870065,0.0],[-117.108261,32.870078,0.0],[-117.108258,32.870092,0.0],[-117.108256,32.870106,0.0],[-117.108253,32.870119,0.0],[-117.108251,32.870133,0.0],[-117.108248,32.870146,0.0],[-117.108246,32.87016,0.0],[-117.108243,32.870173,0.0],[-117.108241,32.870187,0.0],[-117.108238,32.870201,0.0],[-117.108236,32.870214,0.0],[-117.108234,32.870228,0.0],[-117.108231,32.870241,0.0],[-117.108229,32.870255,0.0],[-117.108226,32.870269,0.0],[-117.108224,32.870282,0.0],[-117.108222,32.870296,0.0],[-117.108219,32.870309,0.0],[-117.108217,32.870323,0.0],[-117.108214,32.870337,0.0],[-117.108212,32.87035,0.0],[-117.10821,32.870364,0.0],[-117.108207,32.870377,0.0],[-117.108205,32.870391,0.0],[-117.108203,32.870405,0.0],[-117.1082,32.870418,0.0],[-117.108198,32.870432,0.0],[-117.108196,32.870445,0.0],[-117.108193,32.870459,0.0],[-117.108191,32.870473,0.0],[-117.108189,32.870486,0.0],[-117.108186,32.8705,0.0],[-117.108184,32.870513,0.0],[-117.108182,32.870527,0.0],[-117.10818,32.870541,0.0],[-117.108177,32.870554,0.0],[-117.108175,32.870568,0.0],[-117.108173,32.870581,0.0],[-117.108171,32.870595,0.0],[-117.108168,32.870609,0.0],[-117.108166,32.870622,0.0],[-117.108164,32.870636,0.0],[-117.108162,32.870649,0.0],[-117.108159,32.870663,0.0],[-117.108157,32.870677,0.0],[-117.108155,32.87069,0.0],[-117.108153,32.870704,0.0],[-117.108151,32.870718,0.0],[-117.108148,32.870731,0.0],[-117.108146,32.870745,0.0],[-117.108144,32.870758,0.0],[-117.108142,32.870772,0.0],[-117.10814,32.870786,0.0],[-117.108138,32.870799,0.0],[-117.108136,32.870813,0.0],[-117.108133,32.870827,0.0],[-117.108131,32.87084,0.0],[-117.108129,32.870854,0.0],[-117.108127,32.870867,0.0],[-117.108125,32.870881,0.0],[-117.108123,32.870895,0.0],[-117.108121,32.870908,0.0],[-117.108119,32.870922,0.0],[-117.108117,32.870934,0.0],[-117.108114,32.870947,0.0],[-117.108112,32.870961,0.0],[-117.10811,32.870975,0.0],[-117.108107,32.870988,0.0],[-117.108105,32.871002,0.0],[-117.108103,32.871015,0.0],[-117.108101,32.871029,0.0],[-117.108098,32.871043,0.0],[-117.108096,32.871056,0.0],[-117.108094,32.87107,0.0],[-117.108092,32.871084,0.0],[-117.108089,32.871097,0.0],[-117.108087,32.871111,0.0],[-117.108085,32.871124,0.0],[-117.108083,32.871138,0.0],[-117.108081,32.871152,0.0],[-117.108079,32.871165,0.0],[-117.108076,32.871179,0.0],[-117.108074,32.871192,0.0],[-117.108072,32.871206,0.0],[-117.10807,32.87122,0.0],[-117.108068,32.871233,0.0],[-117.108066,32.871247,0.0],[-117.108064,32.871261,0.0],[-117.108062,32.871274,0.0],[-117.10806,32.871288,0.0],[-117.108058,32.871302,0.0],[-117.108056,32.871315,0.0],[-117.108054,32.871329,0.0],[-117.108052,32.871342,0.0],[-117.10805,32.871356,0.0],[-117.108048,32.87137,0.0],[-117.108046,32.871383,0.0],[-117.108044,32.871397,0.0],[-117.108042,32.871411,0.0],[-117.10804,32.871424,0.0],[-117.108038,32.871438,0.0],[-117.108036,32.871452,0.0],[-117.108036,32.871457,0.0],[-117.108568,32.871461,0.0],[-117.108648,32.868308,0.0],[-117.108641,32.868321,0.0]]],[[[-117.10294,32.864079,0.0],[-117.104149,32.864093,0.0],[-117.104166,32.863172,0.0],[-117.10294,32.864079,0.0]]],[[[-117.108873,32.864288,0.0],[-117.108869,32.864904,0.0],[-117.109153,32.864284,0.0],[-117.108873,32.864288,0.0]]]]},"properties":{"APN":"3650700400","SITUS_ADDRESS":0,"SITUS_STREET":"","SITUS_SUFFIX":""}},{"type":"Feature","geometry":{"type":"Polygon","coordinates":[[[-117.071958,32.852069,0.0],[-117.071518,32.852517,0.0],[-117.070395,32.853163,0.0],[-117.068606,32.853978,0.0],[-117.068177,32.854135,0.0],[-117.066739,32.854662,0.0],[-117.066655,32.854703,0.0],[-117.066725,32.860878,0.0],[-117.083829,32.860917,0.0],[-117.08386,32.851698,0.0],[-117.073381,32.851582,0.0],[-117.072836,32.851577,0.0],[-117.071958,32.852069,0.0]]]},"properties":{"APN":"3680200700","SITUS_ADDRESS":0,"SITUS_STREET":"HIGHWAY 52","SITUS_SUFFIX":""}},{"type":"Feature","geometry":{"type":"Polygon","coordinates":[[[-117.096292,32.894229,0.0],[-117.09713,32.894136,0.0],[-117.097996,32.894958,0.0],[-117.100428,32.89515,0.0],[-117.101186,32.895553,0.0],[-117.10118,32.89488,0.0],[-117.101069,32.891176,0.0],[-117.091439,32.891132,0.0],[-117.088315,32.891115,0.0],[-117.088296,32.892871,0.0],[-117.088084,32.892872,0.0],[-117.086383,32.892879,0.0],[-117.08631,32.894704,0.0],[-117.084175,32.894675,0.0],[-117.084163,32.894996,0.0],[-117.084105,32.896511,0.0],[-117.084058,32.897737,0.0],[-117.084048,32.898001,0.0],[-117.084006,32.899126,0.0],[-117.084006,32.899139,0.0],[-117.084051,32.899126,0.0],[-117.085119,32.898876,0.0],[-117.08651,32.898483,0.0],[-117.088828,32.89783,0.0],[-117.089563,32.896734,0.0],[-117.090832,32.89484,0.0],[-117.096292,32.894229,0.0]]]},"properties":{"APN":"3630810100","SITUS_ADDRESS":0,"SITUS_STREET":"","SITUS_SUFFIX":""}}]}