{"type":"FeatureCollection","source":"https://maps.nevadacountyca.gov/arcgis/rest/services/web_public/parcel_address_sdevw/MapServer/0","retrieved":"2026-09-25","features":[{"type":"Feature","geometry":{"type":"Polygon","coordinates":[[[-120.212276,39.335967],[-120.212508,39.336144],[-120.212637,39.336109],[-120.212755,39.336058],[-120.212769,39.33605],[-120.212479,39.335829],[-120.212276,39.335967]]]},"properties":{"APN":"018021002000","ADDRESS":"11859 LAMPLIGHTER WAY"}},{"type":"Feature","geometry":{"type":"Polygon","coordinates":[[[-120.213937,39.336561],[-120.21401,39.336569],[-120.21399,39.336343],[-120.213979,39.33621],[-120.21358,39.33623],[-120.213627,39.336342],[-120.213651,39.336387],[-120.213683,39.336429],[-120.213723,39.336466],[-120.213769,39.336499],[-120.213821,39.336526],[-120.213877,39.336547],[-120.213937,39.336561]]]},"properties":{"APN":"018021008000","ADDRESS":"10761 PASSAGE PLACE"}},{"type":"Feature","geometry":{"type":"Polygon","coordinates":[[[-120.214668,39.335853],[-120.215045,39.33603],[-120.215103,39.335955],[-120.215144,39.335901],[-120.214933,39.335648],[-120.214871,39.335681],[-120.214814,39.335719],[-120.21476,39.33576],[-120.214712,39.335805],[-120.214668,39.335853]]]},"properties":{"APN":"018021015000","ADDRESS":"12058 CAVERN WAY"}},{"type":"Feature","geometry":{"type":"Polygon","coordinates":[[[-120.217109,39.336355],[-120.217118,39.336774],[-120.217131,39.336774],[-120.217268,39.336775],[-120.217511,39.336776],[-120.217714,39.336776],[-120.217925,39.336777],[-120.218135,39.336778],[-120.218341,39.336779],[-120.218521,39.336779],[-120.218729,39.33678],[-120.218936,39.336781],[-120.219134,39.336781],[-120.219341,39.336782],[-120.219529,39.336783],[-120.219687,39.336783],[-120.21983,39.336784],[-120.219923,39.336784],[-120.219927,39.336784],[-120.219997,39.336785],[-120.220226,39.336785],[-120.220437,39.336786],[-120.220611,39.336787],[-120.220734,39.336787],[-120.220949,39.336788],[-120.221048,39.336788],[-120.221746,39.336791],[-120.221735,39.336201],[-120.221722,39.33554],[-120.221709,39.334879],[-120.221694,39.334145],[-120.22168,39.333439],[-120.221667,39.332772],[-120.221665,39.332643],[-120.221662,39.332536],[-120.22166,39.332396],[-120.221657,39.332255],[-120.221654,39.332125],[-120.221652,39.331984],[-120.221649,39.331841],[-120.221646,39.331703],[-120.221643,39.331567],[-120.22164,39.33141],[-120.221638,39.331272],[-120.221635,39.331136],[-120.221633,39.331023],[-120.221633,39.331021],[-120.221632,39.330988],[-120.221631,39.330951],[-120.221631,39.330918],[-120.22163,39.330888],[-120.221629,39.330858],[-120.221629,39.330825],[-120.221628,39.330789],[-120.221627,39.330757],[-120.221627,39.330721],[-120.221626,39.330685],[-120.221625,39.330652],[-120.221625,39.330619],[-120.221624,39.330583],[-120.221623,39.330548],[-120.221623,39.330514],[-120.221622,39.330485],[-120.221621,39.330453],[-120.221621,39.330417],[-120.22162,39.330382],[-120.221619,39.330344],[-120.221619,39.330305],[-120.221618,39.330271],[-120.221618,39.330261],[-120.221617,39.330247],[-120.221617,39.330214],[-120.221616,39.330178],[-120.221615,39.330144],[-120.221615,39.330112],[-120.221614,39.330078],[-120.221613,39.330047],[-120.221613,39.33001],[-120.221612,39.329971],[-120.221611,39.329936],[-120.221611,39.329901],[-120.22161,39.329866],[-120.221609,39.329832],[-120.221609,39.329798],[-120.221608,39.329764],[-120.221605,39.329632],[-120.221509,39.329631],[-120.220742,39.329622],[-120.219485,39.329608],[-120.217388,39.329571],[-120.217386,39.329571],[-120.217212,39.329568],[-120.217084,39.329566],[-120.21697,39.329565],[-120.216967,39.329564],[-120.216954,39.329564],[-120.216955,39.329586],[-120.216956,39.329593],[-120.216967,39.329764],[-120.216977,39.329914],[-120.216982,39.329988],[-120.21704,39.330839],[-120.21704,39.33084],[-120.217057,39.331099],[-120.217061,39.331154],[-120.217079,39.331415],[-120.217096,39.331675],[-120.217114,39.331936],[-120.217118,39.331991],[-120.217138,39.332296],[-120.21715,39.33246],[-120.217198,39.333168],[-120.217042,39.333169],[-120.217043,39.333175],[-120.217044,39.333222],[-120.217058,39.333923],[-120.217064,39.334225],[-120.217068,39.33439],[-120.217072,39.334607],[-120.217078,39.334856],[-120.217078,39.334859],[-120.217085,39.335219],[-120.217085,39.33522],[-120.217088,39.335367],[-120.217088,39.335374],[-120.217096,39.335739],[-120.217099,39.335883],[-120.217109,39.336355]]]},"properties":{"APN":"018010011000","ADDRESS":"11820 CEDAR TRAIL"}},{"type":"Feature","geometry":{"type":"Polygon","coordinates":[[[-120.21399,39.336343],[-120.21401,39.336569],[-120.214084,39.336566],[-120.2143,39.336544],[-120.214313,39.336542],[-120.214326,39.336538],[-120.214337,39.336533],[-120.214348,39.336526],[-120.214357,39.336518],[-120.214365,39.33651],[-120.214371,39.3365],[-120.214374,39.33649],[-120.214368,39.336403],[-120.214358,39.336316],[-120.21399,39.336343]]]},"properties":{"APN":"018021009000","ADDRESS":"10771 PASSAGE PLACE"}},{"type":"Feature","geometry":{"type":"Polygon","coordinates":[[[-120.216849,39.335746],[-120.216882,39.335757],[-120.216911,39.335772],[-120.216937,39.335791],[-120.216959,39.335812],[-120.216976,39.335836],[-120.216987,39.335862],[-120.216992,39.33589],[-120.217099,39.335883],[-120.217096,39.335739],[-120.217088,39.335374],[-120.217088,39.335367],[-120.21683,39.335413],[-120.216849,39.335746]]]},"properties":{"APN":"018021026000","ADDRESS":"10941 PASSAGE PLACE"}},{"type":"Feature","geometry":{"type":"Polygon","coordinates":[[[-120.213244,39.335175],[-120.213587,39.335344],[-120.21372,39.335182],[-120.213376,39.335013],[-120.213244,39.335175]]]},"properties":{"APN":"018031004000","ADDRESS":"11951 LAMPLIGHTER WAY"}},{"type":"Feature","geometry":{"type":"Polygon","coordinates":[[[-120.214485,39.334344],[-120.214705,39.334609],[-120.214913,39.334505],[-120.214693,39.334239],[-120.214485,39.334344]]]},"properties":{"APN":"018031010000","ADDRESS":"12021 LAMPLIGHTER WAY"}},{"type":"Feature","geometry":{"type":"Polygon","coordinates":[[[-120.215705,39.334447],[-120.215728,39.334776],[-120.215975,39.334765],[-120.215952,39.334436],[-120.215705,39.334447]]]},"properties":{"APN":"018031021000","ADDRESS":"12074 LAMPLIGHTER WAY"}},{"type":"Feature","geometry":{"type":"Polygon","coordinates":[[[-120.214686,39.335208],[-120.214901,39.335467],[-120.215124,39.335356],[-120.214908,39.335096],[-120.214729,39.335186],[-120.214686,39.335208]]]},"properties":{"APN":"018031032000","ADDRESS":"12031 CAVERN WAY"}},{"type":"Feature","geometry":{"type":"Polygon","coordinates":[[[-120.216591,39.334983],[-120.217085,39.33522],[-120.217085,39.335219],[-120.217078,39.334859],[-120.217078,39.334856],[-120.216677,39.334804],[-120.216672,39.334823],[-120.216641,39.334906],[-120.216591,39.334983]]]},"properties":{"APN":"018031040000","ADDRESS":"11936 CAVERN WAY"}},{"type":"Feature","geometry":{"type":"Polygon","coordinates":[[[-120.242579,39.335031],[-120.242579,39.335251],[-120.243993,39.33525],[-120.243993,39.33503],[-120.242579,39.335031]]]},"properties":{"APN":"018220021000","ADDRESS":"N/A"}},{"type":"Feature","geometry":{"type":"Polygon","coordinates":[[[-120.238074,39.336764],[-120.238074,39.33685],[-120.238307,39.336843],[-120.238555,39.336838],[-120.238808,39.336833],[-120.238959,39.33683],[-120.239062,39.336828],[-120.239315,39.336823],[-120.239488,39.33682],[-120.239488,39.336763],[-120.238074,39.336764]]]},"properties":{"APN":"018230003000","ADDRESS":"N/A"}},{"type":"Feature","geometry":{"type":"Polygon","coordinates":[[[-120.238073,39.335611],[-120.238073,39.335831],[-120.239487,39.33583],[-120.239487,39.33561],[-120.238073,39.335611]]]},"properties":{"APN":"018230015000","ADDRESS":"N/A"}},{"type":"Feature","geometry":{"type":"Polygon","coordinates":[[[-120.236341,39.335612],[-120.236341,39.335832],[-120.237985,39.335831],[-120.237985,39.335611],[-120.236341,39.335612]]]},"properties":{"APN":"018230016000","ADDRESS":"N/A"}},{"type":"Feature","geometry":{"type":"Polygon","coordinates":[[[-120.246642,39.333876],[-120.246643,39.334095],[-120.248056,39.334094],[-120.248056,39.333875],[-120.246642,39.333876]]]},"properties":{"APN":"018250012000","ADDRESS":"N/A"}},{"type":"Feature","geometry":{"type":"Polygon","coordinates":[[[-120.242579,39.334743],[-120.242579,39.334963],[-120.243993,39.334962],[-120.243992,39.334742],[-120.242579,39.334743]]]},"properties":{"APN":"018260003000","ADDRESS":"N/A"}},{"type":"Feature","geometry":{"type":"Polygon","coordinates":[[[-120.242578,39.334455],[-120.242579,39.334675],[-120.243992,39.334674],[-120.243992,39.334454],[-120.242578,39.334455]]]},"properties":{"APN":"018260006000","ADDRESS":"N/A"}},{"type":"Feature","geometry":{"type":"Polygon","coordinates":[[[-120.24408,39.333878],[-120.24408,39.334097],[-120.245494,39.334096],[-120.245494,39.333877],[-120.24408,39.333878]]]},"properties":{"APN":"018260013000","ADDRESS":"N/A"}},{"type":"Feature","geometry":{"type":"Polygon","coordinates":[[[-120.244079,39.333589],[-120.24408,39.333809],[-120.245493,39.333808],[-120.245493,39.333588],[-120.244079,39.333589]]]},"properties":{"APN":"018260014000","ADDRESS":"N/A"}},{"type":"Feature","geometry":{"type":"Polygon","coordinates":[[[-120.241075,39.333303],[-120.241075,39.333523],[-120.24187,39.333522],[-120.24187,39.333303],[-120.241075,39.333303]]]},"properties":{"APN":"018260023000","ADDRESS":"N/A"}},{"type":"Feature","geometry":{"type":"Polygon","coordinates":[[[-120.242577,39.333302],[-120.242577,39.333522],[-120.243991,39.333521],[-120.243991,39.333301],[-120.242577,39.333302]]]},"properties":{"APN":"018260026000","ADDRESS":"N/A"}},{"type":"Feature","geometry":{"type":"Polygon","coordinates":[[[-120.239574,39.334745],[-120.239574,39.334965],[-120.240988,39.334964],[-120.240988,39.334744],[-120.239574,39.334745]]]},"properties":{"APN":"018270002000","ADDRESS":"N/A"}},{"type":"Feature","geometry":{"type":"Polygon","coordinates":[[[-120.240634,39.334168],[-120.240634,39.334388],[-120.240899,39.334388],[-120.240899,39.334168],[-120.240634,39.334168]]]},"properties":{"APN":"018270024000","ADDRESS":"N/A"}},{"type":"Feature","geometry":{"type":"Polygon","coordinates":[[[-120.242576,39.332438],[-120.242576,39.332657],[-120.24399,39.332656],[-120.24399,39.332437],[-120.242576,39.332438]]]},"properties":{"APN":"018280011000","ADDRESS":"N/A"}},{"type":"Feature","geometry":{"type":"Polygon","coordinates":[[[-120.244165,39.331572],[-120.244166,39.331791],[-120.244254,39.331791],[-120.244254,39.331572],[-120.244165,39.331572]]]},"properties":{"APN":"018280022000","ADDRESS":"N/A"}},{"type":"Feature","geometry":{"type":"Polygon","coordinates":[[[-120.242575,39.331285],[-120.242575,39.331504],[-120.243547,39.331504],[-120.243546,39.331284],[-120.242575,39.331285]]]},"properties":{"APN":"018320010000","ADDRESS":"18400 BOWMAN LAKE ROAD"}},{"type":"Feature","geometry":{"type":"Polygon","coordinates":[[[-120.242928,39.330996],[-120.242928,39.331216],[-120.243016,39.331216],[-120.243016,39.330996],[-120.242928,39.330996]]]},"properties":{"APN":"018320017000","ADDRESS":"N/A"}},{"type":"Feature","geometry":{"type":"Polygon","coordinates":[[[-120.244743,39.330869],[-120.244743,39.330926],[-120.244919,39.330926],[-120.244743,39.330869]]]},"properties":{"APN":"018320026000","ADDRESS":"N/A"}},{"type":"Feature","geometry":{"type":"Polygon","coordinates":[[[-120.243281,39.330708],[-120.243281,39.330927],[-120.243458,39.330927],[-120.243457,39.330708],[-120.243281,39.330708]]]},"properties":{"APN":"018320032000","ADDRESS":"N/A"}},{"type":"Feature","geometry":{"type":"Polygon","coordinates":[[[-120.243104,39.330708],[-120.243104,39.330928],[-120.243281,39.330927],[-120.243281,39.330708],[-120.243104,39.330708]]]},"properties":{"APN":"018320033000","ADDRESS":"N/A"}},{"type":"Feature","geometry":{"type":"Polygon","coordinates":[[[-120.246256,39.32937],[-120.246426,39.329408],[-120.246523,39.329144],[-120.246353,39.329106],[-120.246256,39.32937]]]},"properties":{"APN":"018361012000","ADDRESS":"13444 MORAINE ROAD"}},{"type":"Feature","geometry":{"type":"Polygon","coordinates":[[[-120.246246,39.329368],[-120.246256,39.32937],[-120.246353,39.329106],[-120.246183,39.329068],[-120.246086,39.329332],[-120.246246,39.329368]]]},"properties":{"APN":"018361013000","ADDRESS":"13434 MORAINE ROAD"}},{"type":"Feature","geometry":{"type":"Polygon","coordinates":[[[-120.245906,39.329293],[-120.246086,39.329332],[-120.246183,39.329068],[-120.245908,39.329008],[-120.245906,39.329293]]]},"properties":{"APN":"018361014000","ADDRESS":"13424 MORAINE ROAD"}},{"type":"Feature","geometry":{"type":"Polygon","coordinates":[[[-120.24591,39.32858],[-120.246158,39.328635],[-120.246279,39.328305],[-120.245913,39.328223],[-120.24591,39.32858]]]},"properties":{"APN":"018363011000","ADDRESS":"13406 DONNER PASS ROAD"}},{"type":"Feature","geometry":{"type":"Polygon","coordinates":[[[-120.24591,39.32858],[-120.246158,39.328635],[-120.246279,39.328305],[-120.245913,39.328223],[-120.24591,39.32858]]]},"properties":{"APN":"018363011000","ADDRESS":"13406 DONNER PASS ROAD"}},{"type":"Feature","geometry":{"type":"Polygon","coordinates":[[[-120.24591,39.32858],[-120.246158,39.328635],[-120.246279,39.328305],[-120.245913,39.328223],[-120.24591,39.32858]]]},"properties":{"APN":"018363011000","ADDRESS":"13406 DONNER PASS ROAD"}},{"type":"Feature","geometry":{"type":"Polygon","coordinates":[[[-120.24591,39.32858],[-120.246158,39.328635],[-120.246279,39.328305],[-120.245913,39.328223],[-120.24591,39.32858]]]},"properties":{"APN":"018363011000","ADDRESS":"13406 DONNER PASS ROAD"}},{"type":"Feature","geometry":{"type":"Polygon","coordinates":[[[-120.245909,39.328865],[-120.246061,39.328899],[-120.246158,39.328635],[-120.24591,39.32858],[-120.245909,39.328865]]]},"properties":{"APN":"018363022000","ADDRESS":"13363 OLYMPIC DRIVE"}},{"type":"Feature","geometry":{"type":"Polygon","coordinates":[[[-120.245909,39.328865],[-120.246061,39.328899],[-120.246158,39.328635],[-120.24591,39.32858],[-120.245909,39.328865]]]},"properties":{"APN":"018363022000","ADDRESS":"13417 MORAINE ROAD"}},{"type":"Feature","geometry":{"type":"Polygon","coordinates":[[[-120.247688,39.328973],[-120.247865,39.329013],[-120.247977,39.328678],[-120.247807,39.328643],[-120.247688,39.328973]]]},"properties":{"APN":"018363023000","ADDRESS":"13510 DONNER PASS ROAD"}},{"type":"Feature","geometry":{"type":"Polygon","coordinates":[[[-120.213967,39.336076],[-120.214347,39.336101],[-120.214357,39.336043],[-120.214399,39.335913],[-120.21397,39.335797],[-120.213945,39.335827],[-120.213966,39.336065],[-120.213967,39.336076]]]},"properties":{"APN":"018021011000","ADDRESS":"12081 CAVERN WAY"}},{"type":"Feature","geometry":{"type":"Polygon","coordinates":[[[-120.211944,39.336588],[-120.212286,39.336628],[-120.212295,39.336326],[-120.21222,39.336323],[-120.21205,39.336298],[-120.211944,39.336588]]]},"properties":{"APN":"018021038000","ADDRESS":"11828 LAMPLIGHTER WAY"}},{"type":"Feature","geometry":{"type":"Polygon","coordinates":[[[-120.216064,39.333949],[-120.216086,39.334266],[-120.216338,39.334255],[-120.216317,39.333955],[-120.216064,39.333949]]]},"properties":{"APN":"018031016000","ADDRESS":"12093 LAMPLIGHTER WAY"}},{"type":"Feature","geometry":{"type":"Polygon","coordinates":[[[-120.214291,39.335013],[-120.214521,39.335289],[-120.214686,39.335208],[-120.214729,39.335186],[-120.214499,39.334908],[-120.214291,39.335013]]]},"properties":{"APN":"018031027000","ADDRESS":"11988 LAMPLIGHTER WAY"}},{"type":"Feature","geometry":{"type":"Polygon","coordinates":[[[-120.216677,39.334804],[-120.217078,39.334856],[-120.217072,39.334607],[-120.216684,39.334612],[-120.216686,39.334715],[-120.216684,39.33476],[-120.216677,39.334804]]]},"properties":{"APN":"018031039000","ADDRESS":"11924 CAVERN WAY"}},{"type":"Feature","geometry":{"type":"Polygon","coordinates":[[[-120.2054,39.336848],[-120.204451,39.336854],[-120.204493,39.336927],[-120.204643,39.337097],[-120.204787,39.337271],[-120.204924,39.337447],[-120.20494,39.337441],[-120.20762,39.337048],[-120.207619,39.336893],[-120.207619,39.33684],[-120.207619,39.336834],[-120.207543,39.336835],[-120.2054,39.336848]]]},"properties":{"APN":"018190011000","ADDRESS":"11552 EUER VALLEY ROAD"}},{"type":"Feature","geometry":{"type":"Polygon","coordinates":[[[-120.241078,39.335897],[-120.241078,39.336117],[-120.242492,39.336116],[-120.242492,39.335896],[-120.241078,39.335897]]]},"properties":{"APN":"018220013000","ADDRESS":"N/A"}},{"type":"Feature","geometry":{"type":"Polygon","coordinates":[[[-120.236341,39.335324],[-120.236341,39.335544],[-120.237985,39.335542],[-120.237984,39.335323],[-120.236341,39.335324]]]},"properties":{"APN":"018230017000","ADDRESS":"N/A"}},{"type":"Feature","geometry":{"type":"Polygon","coordinates":[[[-120.242312,39.333591],[-120.242312,39.33381],[-120.242489,39.33381],[-120.242489,39.33359],[-120.242312,39.333591]]]},"properties":{"APN":"018260017000","ADDRESS":"N/A"}},{"type":"Feature","geometry":{"type":"Polygon","coordinates":[[[-120.241958,39.333303],[-120.241959,39.333522],[-120.242489,39.333522],[-120.242489,39.333302],[-120.241958,39.333303]]]},"properties":{"APN":"018260025000","ADDRESS":"N/A"}},{"type":"Feature","geometry":{"type":"Polygon","coordinates":[[[-120.240368,39.333592],[-120.240368,39.333812],[-120.240545,39.333811],[-120.240545,39.333592],[-120.240368,39.333592]]]},"properties":{"APN":"018270015000","ADDRESS":"N/A"}},{"type":"Feature","geometry":{"type":"Polygon","coordinates":[[[-120.23807,39.333305],[-120.238071,39.333525],[-120.239484,39.333524],[-120.239484,39.333304],[-120.23807,39.333305]]]},"properties":{"APN":"018270020000","ADDRESS":"N/A"}},{"type":"Feature","geometry":{"type":"Polygon","coordinates":[[[-120.241074,39.332439],[-120.241074,39.332658],[-120.242488,39.332657],[-120.242488,39.332438],[-120.241074,39.332439]]]},"properties":{"APN":"018280012000","ADDRESS":"N/A"}},{"type":"Feature","geometry":{"type":"Polygon","coordinates":[[[-120.241073,39.331574],[-120.241073,39.331794],[-120.242487,39.331793],[-120.242487,39.331573],[-120.241073,39.331574]]]},"properties":{"APN":"018280019000","ADDRESS":"N/A"}},{"type":"Feature","geometry":{"type":"Polygon","coordinates":[[[-120.242575,39.331573],[-120.242575,39.331793],[-120.243989,39.331792],[-120.243989,39.331572],[-120.242575,39.331573]]]},"properties":{"APN":"018280020000","ADDRESS":"N/A"}},{"type":"Feature","geometry":{"type":"Polygon","coordinates":[[[-120.23807,39.333017],[-120.23807,39.333237],[-120.239484,39.333236],[-120.239484,39.333016],[-120.23807,39.333017]]]},"properties":{"APN":"018290003000","ADDRESS":"N/A"}},{"type":"Feature","geometry":{"type":"Polygon","coordinates":[[[-120.238864,39.331864],[-120.238864,39.332083],[-120.239218,39.332083],[-120.239218,39.331864],[-120.238864,39.331864]]]},"properties":{"APN":"018290020000","ADDRESS":"N/A"}},{"type":"Feature","geometry":{"type":"Polygon","coordinates":[[[-120.246914,39.329801],[-120.247169,39.329858],[-120.247266,39.329594],[-120.247106,39.329558],[-120.247011,39.329537],[-120.246914,39.329801]]]},"properties":{"APN":"018310014000","ADDRESS":"13485 OLYMPIC DRIVE"}},{"type":"Feature","geometry":{"type":"Polygon","coordinates":[[[-120.245914,39.330203],[-120.246169,39.33026],[-120.246322,39.329842],[-120.246067,39.329785],[-120.245914,39.330203]]]},"properties":{"APN":"018310018000","ADDRESS":"13440 OLYMPIC DRIVE"}},{"type":"Feature","geometry":{"type":"Polygon","coordinates":[[[-120.248164,39.330057],[-120.248216,39.330064],[-120.248277,39.329793],[-120.248224,39.329786],[-120.248173,39.329777],[-120.248029,39.32975],[-120.247946,39.330016],[-120.248142,39.330053],[-120.248164,39.330057]]]},"properties":{"APN":"018310041000","ADDRESS":"13551 OLYMPIC DRIVE"}},{"type":"Feature","geometry":{"type":"Polygon","coordinates":[[[-120.244784,39.331283],[-120.244784,39.331503],[-120.244961,39.331503],[-120.24496,39.331283],[-120.244784,39.331283]]]},"properties":{"APN":"018320004000","ADDRESS":"N/A"}},{"type":"Feature","geometry":{"type":"Polygon","coordinates":[[[-120.241071,39.329847],[-120.241071,39.330064],[-120.241507,39.330064],[-120.24131,39.329845],[-120.241159,39.329845],[-120.241071,39.329845],[-120.241071,39.329847]]]},"properties":{"APN":"018320050000","ADDRESS":"N/A"}},{"type":"Feature","geometry":{"type":"Polygon","coordinates":[[[-120.244983,39.329995],[-120.245339,39.330075],[-120.245388,39.329781],[-120.24532,39.329782],[-120.245143,39.329783],[-120.244997,39.329784],[-120.244983,39.329995]]]},"properties":{"APN":"018320064000","ADDRESS":"13400 OLYMPIC DRIVE"}},{"type":"Feature","geometry":{"type":"Polygon","coordinates":[[[-120.236336,39.330713],[-120.236336,39.330932],[-120.237803,39.330931],[-120.237802,39.330712],[-120.236336,39.330713]]]},"properties":{"APN":"018330013000","ADDRESS":"N/A"}},{"type":"Feature","geometry":{"type":"Polygon","coordinates":[[[-120.238774,39.330135],[-120.238774,39.330354],[-120.238862,39.330354],[-120.238862,39.330134],[-120.238774,39.330135]]]},"properties":{"APN":"018330024000","ADDRESS":"N/A"}},{"type":"Feature","geometry":{"type":"Polygon","coordinates":[[[-120.236513,39.331289],[-120.236513,39.331508],[-120.237538,39.331508],[-120.237538,39.331288],[-120.236513,39.331289]]]},"properties":{"APN":"018330034000","ADDRESS":"UNKNOWN ADDRESS"}},{"type":"Feature","geometry":{"type":"Polygon","coordinates":[[[-120.246501,39.329425],[-120.246596,39.329445],[-120.246693,39.329181],[-120.246523,39.329144],[-120.246426,39.329408],[-120.246501,39.329425]]]},"properties":{"APN":"018361011000","ADDRESS":"13454 MORAINE ROAD"}},{"type":"Feature","geometry":{"type":"Polygon","coordinates":[[[-120.246668,39.328748],[-120.246838,39.328785],[-120.246959,39.328455],[-120.246619,39.32838],[-120.246498,39.32871],[-120.246668,39.328748]]]},"properties":{"APN":"018363013000","ADDRESS":"13440 DONNER PASS ROAD"}},{"type":"Feature","geometry":{"type":"Polygon","coordinates":[[[-120.246668,39.328748],[-120.246838,39.328785],[-120.246959,39.328455],[-120.246619,39.32838],[-120.246498,39.32871],[-120.246668,39.328748]]]},"properties":{"APN":"018363013000","ADDRESS":"13444 DONNER PASS ROAD"}},{"type":"Feature","geometry":{"type":"Polygon","coordinates":[[[-120.246668,39.328748],[-120.246838,39.328785],[-120.246959,39.328455],[-120.246619,39.32838],[-120.246498,39.32871],[-120.246668,39.328748]]]},"properties":{"APN":"018363013000","ADDRESS":"13450 DONNER PASS ROAD"}},{"type":"Feature","geometry":{"type":"Polygon","coordinates":[[[-120.247348,39.328898],[-120.247518,39.328936],[-120.247639,39.328606],[-120.247469,39.328568],[-120.247348,39.328898]]]},"properties":{"APN":"018363021000","ADDRESS":"13490 DONNER PASS ROAD"}},{"type":"Feature","geometry":{"type":"Polygon","coordinates":[[[-120.24426,39.329362],[-120.24426,39.329789],[-120.244613,39.329786],[-120.244613,39.32942],[-120.244297,39.329366],[-120.24426,39.329362]]]},"properties":{"APN":"018371006000","ADDRESS":"13330 SIERRA DRIVE"}},{"type":"Feature","geometry":{"type":"Polygon","coordinates":[[[-120.24426,39.329362],[-120.24426,39.329789],[-120.244613,39.329786],[-120.244613,39.32942],[-120.244297,39.329366],[-120.24426,39.329362]]]},"properties":{"APN":"018371006000","ADDRESS":"13340 SIERRA DRIVE"}},{"type":"Feature","geometry":{"type":"Polygon","coordinates":[[[-120.243876,39.328843],[-120.244046,39.328881],[-120.244143,39.328617],[-120.243973,39.328579],[-120.243876,39.328843]]]},"properties":{"APN":"018372019000","ADDRESS":"13310 MORAINE ROAD"}},{"type":"Feature","geometry":{"type":"Polygon","coordinates":[[[-120.244556,39.328994],[-120.244726,39.329031],[-120.244823,39.328767],[-120.244653,39.32873],[-120.244556,39.328994]]]},"properties":{"APN":"018372023000","ADDRESS":"13350 MORAINE ROAD"}},{"type":"Feature","geometry":{"type":"Polygon","coordinates":[[[-120.245338,39.329167],[-120.245406,39.329182],[-120.245503,39.328918],[-120.245333,39.32888],[-120.245236,39.329144],[-120.245338,39.329167]]]},"properties":{"APN":"018372026000","ADDRESS":"13390 MORAINE ROAD"}},{"type":"Feature","geometry":{"type":"Polygon","coordinates":[[[-120.245406,39.329182],[-120.245677,39.329242],[-120.245678,39.328957],[-120.245503,39.328918],[-120.245406,39.329182]]]},"properties":{"APN":"018372027000","ADDRESS":"13400 MORAINE ROAD"}},{"type":"Feature","geometry":{"type":"Polygon","coordinates":[[[-120.243342,39.328297],[-120.243512,39.328334],[-120.243609,39.32807],[-120.243439,39.328033],[-120.243342,39.328297]]]},"properties":{"APN":"018374013000","ADDRESS":"13271 MORAINE ROAD"}},{"type":"Feature","geometry":{"type":"Polygon","coordinates":[[[-120.242186,39.328041],[-120.242526,39.328116],[-120.242574,39.327984],[-120.242404,39.327946],[-120.242234,39.327909],[-120.242186,39.328041]]]},"properties":{"APN":"018375007000","ADDRESS":"10037 SUMMIT DRIVE"}},{"type":"Feature","geometry":{"type":"Polygon","coordinates":[[[-120.239973,39.328935],[-120.240105,39.329183],[-120.240206,39.328986],[-120.240239,39.328922],[-120.24025,39.328899],[-120.240071,39.328742],[-120.239973,39.328935]]]},"properties":{"APN":"018381006000","ADDRESS":"10324 MARTIS STREET"}},{"type":"Feature","geometry":{"type":"Polygon","coordinates":[[[-120.247593,39.329238],[-120.247776,39.329278],[-120.24782,39.329145],[-120.247865,39.329013],[-120.247688,39.328973],[-120.247593,39.329238]]]},"properties":{"APN":"018363024000","ADDRESS":"13515 MORAINE ROAD"}},{"type":"Feature","geometry":{"type":"Polygon","coordinates":[[[-120.247733,39.32761],[-120.247553,39.328101],[-120.247561,39.328113],[-120.247516,39.328237],[-120.247509,39.328291],[-120.24749,39.328344],[-120.24766,39.328382],[-120.247931,39.327644],[-120.247733,39.32761]]]},"properties":{"APN":"018364018000","ADDRESS":"13499 DONNER PASS ROAD"}},{"type":"Feature","geometry":{"type":"Polygon","coordinates":[[[-120.247931,39.327644],[-120.24766,39.328382],[-120.247812,39.328416],[-120.247874,39.328247],[-120.248001,39.328192],[-120.24801,39.328166],[-120.247952,39.328085],[-120.248087,39.327718],[-120.247931,39.327644]]]},"properties":{"APN":"018364021000","ADDRESS":"13505 DONNER PASS ROAD"}},{"type":"Feature","geometry":{"type":"Polygon","coordinates":[[[-120.24275,39.328908],[-120.242887,39.329036],[-120.243027,39.328655],[-120.242857,39.328617],[-120.24275,39.328908]]]},"properties":{"APN":"018372010000","ADDRESS":"10104 SUMMIT DRIVE"}},{"type":"Feature","geometry":{"type":"Polygon","coordinates":[[[-120.242687,39.32858],[-120.242857,39.328617],[-120.242953,39.328353],[-120.242783,39.328316],[-120.242687,39.32858]]]},"properties":{"APN":"018372013000","ADDRESS":"13240 MORAINE ROAD"}},{"type":"Feature","geometry":{"type":"Polygon","coordinates":[[[-120.241938,39.328733],[-120.242105,39.328779],[-120.242222,39.32852],[-120.242055,39.328474],[-120.241938,39.328733]]]},"properties":{"APN":"018373005000","ADDRESS":"13196 MORAINE ROAD"}},{"type":"Feature","geometry":{"type":"Polygon","coordinates":[[[-120.244872,39.328635],[-120.245042,39.328673],[-120.245139,39.328409],[-120.244969,39.328371],[-120.244872,39.328635]]]},"properties":{"APN":"018374004000","ADDRESS":"13361 MORAINE ROAD"}},{"type":"Feature","geometry":{"type":"Polygon","coordinates":[[[-120.244022,39.328447],[-120.244192,39.328485],[-120.244289,39.328221],[-120.244119,39.328183],[-120.244022,39.328447]]]},"properties":{"APN":"018374009000","ADDRESS":"13311 MORAINE ROAD"}},{"type":"Feature","geometry":{"type":"Polygon","coordinates":[[[-120.243172,39.328259],[-120.243342,39.328297],[-120.243439,39.328033],[-120.243269,39.327995],[-120.243172,39.328259]]]},"properties":{"APN":"018374014000","ADDRESS":"13261 MORAINE ROAD"}},{"type":"Feature","geometry":{"type":"Polygon","coordinates":[[[-120.243002,39.328221],[-120.243172,39.328259],[-120.243269,39.327995],[-120.243099,39.327957],[-120.243002,39.328221]]]},"properties":{"APN":"018374015000","ADDRESS":"13251 MORAINE ROAD"}},{"type":"Feature","geometry":{"type":"Polygon","coordinates":[[[-120.244629,39.328296],[-120.244799,39.328334],[-120.24492,39.328004],[-120.24475,39.327966],[-120.244629,39.328296]]]},"properties":{"APN":"018374027000","ADDRESS":"13338 DONNER PASS ROAD"}},{"type":"Feature","geometry":{"type":"Polygon","coordinates":[[[-120.240105,39.329183],[-120.240203,39.329365],[-120.240382,39.329014],[-120.24025,39.328899],[-120.240239,39.328922],[-120.240206,39.328986],[-120.240105,39.329183]]]},"properties":{"APN":"018381005000","ADDRESS":"10340 MARTIS STREET"}},{"type":"Feature","geometry":{"type":"Polygon","coordinates":[[[-120.213979,39.33621],[-120.21399,39.336343],[-120.214358,39.336316],[-120.214348,39.336237],[-120.214344,39.336169],[-120.214347,39.336101],[-120.213967,39.336076],[-120.213979,39.33621]]]},"properties":{"APN":"018021010000","ADDRESS":"12093 CAVERN WAY"}},{"type":"Feature","geometry":{"type":"Polygon","coordinates":[[[-120.215103,39.335955],[-120.215436,39.336152],[-120.215478,39.33611],[-120.215513,39.336077],[-120.215615,39.336],[-120.215386,39.33578],[-120.215367,39.33579],[-120.215144,39.335901],[-120.215103,39.335955]]]},"properties":{"APN":"018021020000","ADDRESS":"10855 PASSAGE PLACE"}},{"type":"Feature","geometry":{"type":"Polygon","coordinates":[[[-120.215123,39.334596],[-120.215353,39.334873],[-120.215422,39.334838],[-120.215529,39.334784],[-120.215409,39.334478],[-120.215284,39.334519],[-120.215221,39.334547],[-120.215123,39.334596]]]},"properties":{"APN":"018031023000","ADDRESS":"12046 LAMPLIGHTER WAY"}},{"type":"Feature","geometry":{"type":"Polygon","coordinates":[[[-120.245579,39.331119],[-120.245581,39.33318],[-120.252281,39.332991],[-120.252191,39.331957],[-120.248525,39.331617],[-120.246254,39.331292],[-120.246082,39.331254],[-120.245579,39.331119]]]},"properties":{"APN":"018180003000","ADDRESS":"N/A"}},{"type":"Feature","geometry":{"type":"Polygon","coordinates":[[[-120.206904,39.339541],[-120.207106,39.339766],[-120.207144,39.33976],[-120.207557,39.339688],[-120.207637,39.339674],[-120.207636,39.339414],[-120.207555,39.339428],[-120.206941,39.339535],[-120.206904,39.339541]]]},"properties":{"APN":"018190003000","ADDRESS":"11776 EUER VALLEY ROAD"}},{"type":"Feature","geometry":{"type":"Polygon","coordinates":[[[-120.205327,39.337952],[-120.205955,39.338201],[-120.207624,39.337704],[-120.207622,39.337263],[-120.205283,39.337914],[-120.205317,39.337948],[-120.205327,39.337952]]]},"properties":{"APN":"018190014000","ADDRESS":"11674 EUER VALLEY ROAD"}},{"type":"Feature","geometry":{"type":"Polygon","coordinates":[[[-120.246644,39.335029],[-120.246644,39.335248],[-120.248058,39.335247],[-120.248058,39.335027],[-120.246644,39.335029]]]},"properties":{"APN":"018210020000","ADDRESS":"N/A"}},{"type":"Feature","geometry":{"type":"Polygon","coordinates":[[[-120.243464,39.336184],[-120.243464,39.336403],[-120.243994,39.336403],[-120.243994,39.336183],[-120.243464,39.336184]]]},"properties":{"APN":"018220009000","ADDRESS":"N/A"}},{"type":"Feature","geometry":{"type":"Polygon","coordinates":[[[-120.238074,39.336187],[-120.238074,39.336407],[-120.239488,39.336406],[-120.239487,39.336186],[-120.238074,39.336187]]]},"properties":{"APN":"018230009000","ADDRESS":"N/A"}},{"type":"Feature","geometry":{"type":"Polygon","coordinates":[[[-120.239575,39.335322],[-120.239575,39.335541],[-120.240989,39.33554],[-120.240989,39.335321],[-120.239575,39.335322]]]},"properties":{"APN":"018230019000","ADDRESS":"N/A"}},{"type":"Feature","geometry":{"type":"Polygon","coordinates":[[[-120.246643,39.33474],[-120.246644,39.33496],[-120.248057,39.334959],[-120.248057,39.334739],[-120.246643,39.33474]]]},"properties":{"APN":"018250003000","ADDRESS":"N/A"}},{"type":"Feature","geometry":{"type":"Polygon","coordinates":[[[-120.245583,39.334453],[-120.245583,39.334672],[-120.246555,39.334672],[-120.246555,39.334452],[-120.245583,39.334453]]]},"properties":{"APN":"018250005000","ADDRESS":"N/A"}},{"type":"Feature","geometry":{"type":"Polygon","coordinates":[[[-120.245582,39.333588],[-120.245582,39.333808],[-120.246554,39.333807],[-120.246554,39.333588],[-120.245582,39.333588]]]},"properties":{"APN":"018250016000","ADDRESS":"N/A"}},{"type":"Feature","geometry":{"type":"Polygon","coordinates":[[[-120.236339,39.334171],[-120.23634,39.334391],[-120.237983,39.33439],[-120.237983,39.33417],[-120.236339,39.334171]]]},"properties":{"APN":"018270010000","ADDRESS":"N/A"}},{"type":"Feature","geometry":{"type":"Polygon","coordinates":[[[-120.239574,39.334169],[-120.239574,39.334389],[-120.240104,39.334388],[-120.240104,39.334169],[-120.239574,39.334169]]]},"properties":{"APN":"018270027000","ADDRESS":"N/A"}},{"type":"Feature","geometry":{"type":"Polygon","coordinates":[[[-120.244607,39.331572],[-120.244607,39.331791],[-120.244784,39.331791],[-120.244784,39.331571],[-120.244607,39.331572]]]},"properties":{"APN":"018280026000","ADDRESS":"N/A"}},{"type":"Feature","geometry":{"type":"Polygon","coordinates":[[[-120.244784,39.331571],[-120.244784,39.331791],[-120.245491,39.33179],[-120.245491,39.331571],[-120.244784,39.331571]]]},"properties":{"APN":"018280027000","ADDRESS":"N/A"}},{"type":"Feature","geometry":{"type":"Polygon","coordinates":[[[-120.236338,39.333018],[-120.236338,39.333238],[-120.237982,39.333237],[-120.237982,39.333017],[-120.236338,39.333018]]]},"properties":{"APN":"018290004000","ADDRESS":"N/A"}},{"type":"Feature","geometry":{"type":"Polygon","coordinates":[[[-120.246424,39.330317],[-120.246679,39.330373],[-120.246832,39.329955],[-120.246577,39.329898],[-120.246424,39.330317]]]},"properties":{"APN":"018310003000","ADDRESS":"13470 OLYMPIC DRIVE"}},{"type":"Feature","geometry":{"type":"Polygon","coordinates":[[[-120.246169,39.33026],[-120.246424,39.330317],[-120.246577,39.329898],[-120.246322,39.329842],[-120.246169,39.33026]]]},"properties":{"APN":"018310015000","ADDRESS":"13454 OLYMPIC DRIVE"}},{"type":"Feature","geometry":{"type":"Polygon","coordinates":[[[-120.247829,39.329712],[-120.247771,39.329701],[-120.247688,39.329968],[-120.247946,39.330016],[-120.248029,39.32975],[-120.248001,39.329744],[-120.247829,39.329712]]]},"properties":{"APN":"018310037000","ADDRESS":"13533 OLYMPIC DRIVE"}},{"type":"Feature","geometry":{"type":"Polygon","coordinates":[[[-120.247598,39.330121],[-120.247475,39.330517],[-120.247736,39.330555],[-120.247856,39.330169],[-120.247598,39.330121]]]},"properties":{"APN":"018310042000","ADDRESS":"13530 OLYMPIC DRIVE"}},{"type":"Feature","geometry":{"type":"Polygon","coordinates":[[[-120.243546,39.331284],[-120.243547,39.331504],[-120.243635,39.331504],[-120.243635,39.331284],[-120.243546,39.331284]]]},"properties":{"APN":"018320009000","ADDRESS":"N/A"}},{"type":"Feature","geometry":{"type":"Polygon","coordinates":[[[-120.243193,39.330996],[-120.243193,39.331216],[-120.243635,39.331215],[-120.243635,39.330996],[-120.243193,39.330996]]]},"properties":{"APN":"018320020000","ADDRESS":"N/A"}},{"type":"Feature","geometry":{"type":"Polygon","coordinates":[[[-120.245049,39.331283],[-120.245049,39.331503],[-120.245226,39.331502],[-120.245225,39.331283],[-120.245049,39.331283]]]},"properties":{"APN":"018320057000","ADDRESS":"N/A"}},{"type":"Feature","geometry":{"type":"Polygon","coordinates":[[[-120.236335,39.330136],[-120.236335,39.330356],[-120.237979,39.330355],[-120.237979,39.330135],[-120.236335,39.330136]]]},"properties":{"APN":"018330027000","ADDRESS":"N/A"}},{"type":"Feature","geometry":{"type":"Polygon","coordinates":[[[-120.236739,39.325185],[-120.237173,39.325323],[-120.237224,39.325169],[-120.237237,39.32513],[-120.236815,39.325046],[-120.236796,39.325082],[-120.236739,39.325185]]]},"properties":{"APN":"018340006000","ADDRESS":"12849 DONNER PASS ROAD"}},{"type":"Feature","geometry":{"type":"Polygon","coordinates":[[[-120.246766,39.329483],[-120.246936,39.329521],[-120.247033,39.329257],[-120.246863,39.329219],[-120.246766,39.329483]]]},"properties":{"APN":"018361009000","ADDRESS":"13474 MORAINE ROAD"}},{"type":"Feature","geometry":{"type":"Polygon","coordinates":[[[-120.24782,39.329145],[-120.248197,39.329216],[-120.248233,39.329081],[-120.248044,39.329046],[-120.247865,39.329013],[-120.24782,39.329145]]]},"properties":{"APN":"018363019000","ADDRESS":"10015 ROCK STREET"}},{"type":"Feature","geometry":{"type":"Polygon","coordinates":[[[-120.246575,39.327832],[-120.24647,39.328118],[-120.24664,39.328156],[-120.246736,39.327893],[-120.246575,39.327832]]]},"properties":{"APN":"018364012000","ADDRESS":"13429 DONNER PASS ROAD"}},{"type":"Feature","geometry":{"type":"Polygon","coordinates":[[[-120.248096,39.328175],[-120.248242,39.32775],[-120.248087,39.327718],[-120.247952,39.328085],[-120.24801,39.328166],[-120.248001,39.328192],[-120.247874,39.328247],[-120.247812,39.328416],[-120.248,39.328456],[-120.248096,39.328175]]]},"properties":{"APN":"018364022000","ADDRESS":"13509 DONNER PASS ROAD"}},{"type":"Feature","geometry":{"type":"Polygon","coordinates":[[[-120.244046,39.328881],[-120.244216,39.328919],[-120.244313,39.328655],[-120.244143,39.328617],[-120.244046,39.328881]]]},"properties":{"APN":"018372020000","ADDRESS":"13320 MORAINE ROAD"}},{"type":"Feature","geometry":{"type":"Polygon","coordinates":[[[-120.242068,39.328361],[-120.242321,39.32843],[-120.242477,39.328248],[-120.242138,39.328173],[-120.242068,39.328361]]]},"properties":{"APN":"018375002000","ADDRESS":"10061 SUMMIT DRIVE"}},{"type":"Feature","geometry":{"type":"Polygon","coordinates":[[[-120.240217,39.329392],[-120.240336,39.329472],[-120.240511,39.329128],[-120.240382,39.329014],[-120.240203,39.329365],[-120.240217,39.329392]]]},"properties":{"APN":"018381004000","ADDRESS":"10344 MARTIS STREET"}},{"type":"Feature","geometry":{"type":"Polygon","coordinates":[[[-120.213418,39.33586],[-120.213502,39.336044],[-120.21358,39.33623],[-120.213979,39.33621],[-120.213967,39.336076],[-120.213966,39.336065],[-120.213441,39.335806],[-120.213432,39.335815],[-120.213425,39.335826],[-120.21342,39.335837],[-120.213418,39.335849],[-120.213418,39.33586]]]},"properties":{"APN":"018021007000","ADDRESS":"10725 PASSAGE PLACE"}},{"type":"Feature","geometry":{"type":"Polygon","coordinates":[[[-120.216039,39.335557],[-120.21607,39.335862],[-120.216334,39.335846],[-120.216301,39.335509],[-120.216296,39.33551],[-120.216039,39.335557]]]},"properties":{"APN":"018021023000","ADDRESS":"10897 PASSAGE PLACE"}},{"type":"Feature","geometry":{"type":"Polygon","coordinates":[[[-120.215883,39.336065],[-120.21604,39.336341],[-120.216284,39.336317],[-120.216254,39.336016],[-120.216079,39.336027],[-120.215983,39.336039],[-120.215883,39.336065]]]},"properties":{"APN":"018021030000","ADDRESS":"10890 PASSAGE PLACE"}},{"type":"Feature","geometry":{"type":"Polygon","coordinates":[[[-120.214277,39.334448],[-120.214497,39.334713],[-120.214705,39.334609],[-120.214485,39.334344],[-120.214277,39.334448]]]},"properties":{"APN":"018031009000","ADDRESS":"12007 LAMPLIGHTER WAY"}},{"type":"Feature","geometry":{"type":"Polygon","coordinates":[[[-120.2162,39.335203],[-120.216296,39.33551],[-120.216301,39.335509],[-120.216562,39.335462],[-120.216714,39.335434],[-120.216423,39.335123],[-120.216402,39.335134],[-120.216305,39.335176],[-120.2162,39.335203]]]},"properties":{"APN":"018031042000","ADDRESS":"11964 CAVERN WAY"}},{"type":"Feature","geometry":{"type":"Polygon","coordinates":[[[-120.216291,39.333178],[-120.216305,39.333927],[-120.216556,39.333926],[-120.216804,39.333925],[-120.217058,39.333923],[-120.217044,39.333222],[-120.217043,39.333175],[-120.217042,39.333169],[-120.216531,39.333176],[-120.216291,39.333178]]]},"properties":{"APN":"018031047000","ADDRESS":"UNKNOWN ADDRESS"}},{"type":"Feature","geometry":{"type":"Polygon","coordinates":[[[-120.20748,39.340195],[-120.207306,39.339988],[-120.207106,39.339766],[-120.206904,39.339541],[-120.206881,39.339515],[-120.206627,39.339013],[-120.206254,39.338656],[-120.205973,39.338489],[-120.206244,39.338409],[-120.205955,39.338201],[-120.205861,39.338423],[-120.205861,39.338458],[-120.205875,39.340546],[-120.207643,39.340541],[-120.207642,39.340364],[-120.20748,39.340195]]]},"properties":{"APN":"018190009000","ADDRESS":"11681 EUER VALLEY ROAD"}},{"type":"Feature","geometry":{"type":"Polygon","coordinates":[[[-120.205292,39.337968],[-120.205152,39.33808],[-120.204319,39.340551],[-120.204334,39.340551],[-120.205685,39.340547],[-120.205875,39.340546],[-120.205861,39.338458],[-120.205861,39.338423],[-120.205955,39.338201],[-120.205327,39.337952],[-120.205292,39.337968]]]},"properties":{"APN":"018190015000","ADDRESS":"11675 EUER VALLEY ROAD"}},{"type":"Feature","geometry":{"type":"Polygon","coordinates":[[[-120.207637,39.339674],[-120.207641,39.340225],[-120.207985,39.33995],[-120.207837,39.339639],[-120.207637,39.339674]]]},"properties":{"APN":"018190018000","ADDRESS":"11796 EUER VALLEY ROAD"}},{"type":"Feature","geometry":{"type":"Polygon","coordinates":[[[-120.247175,39.335893],[-120.247175,39.336112],[-120.247352,39.336112],[-120.247352,39.335893],[-120.247175,39.335893]]]},"properties":{"APN":"018210010000","ADDRESS":"N/A"}},{"type":"Feature","geometry":{"type":"Polygon","coordinates":[[[-120.241077,39.335609],[-120.241078,39.335829],[-120.242491,39.335828],[-120.242491,39.335608],[-120.241077,39.335609]]]},"properties":{"APN":"018220014000","ADDRESS":"N/A"}},{"type":"Feature","geometry":{"type":"Polygon","coordinates":[[[-120.239576,39.336186],[-120.239576,39.336406],[-120.24099,39.336405],[-120.24099,39.336185],[-120.239576,39.336186]]]},"properties":{"APN":"018230008000","ADDRESS":"N/A"}},{"type":"Feature","geometry":{"type":"Polygon","coordinates":[[[-120.246643,39.334164],[-120.246643,39.334383],[-120.248057,39.334382],[-120.248056,39.334163],[-120.246643,39.334164]]]},"properties":{"APN":"018250009000","ADDRESS":"N/A"}},{"type":"Feature","geometry":{"type":"Polygon","coordinates":[[[-120.241076,39.334168],[-120.241076,39.334388],[-120.24249,39.334386],[-120.24249,39.334167],[-120.241076,39.334168]]]},"properties":{"APN":"018260010000","ADDRESS":"N/A"}},{"type":"Feature","geometry":{"type":"Polygon","coordinates":[[[-120.241782,39.333591],[-120.241782,39.333811],[-120.241871,39.333811],[-120.24187,39.333591],[-120.241782,39.333591]]]},"properties":{"APN":"018260020000","ADDRESS":"N/A"}},{"type":"Feature","geometry":{"type":"Polygon","coordinates":[[[-120.240104,39.334169],[-120.240104,39.334388],[-120.240281,39.334388],[-120.24028,39.334168],[-120.240104,39.334169]]]},"properties":{"APN":"018270023000","ADDRESS":"N/A"}},{"type":"Feature","geometry":{"type":"Polygon","coordinates":[[[-120.241162,39.332727],[-120.241163,39.332946],[-120.242488,39.332945],[-120.242488,39.332726],[-120.241162,39.332727]]]},"properties":{"APN":"018280007000","ADDRESS":"N/A"}},{"type":"Feature","geometry":{"type":"Polygon","coordinates":[[[-120.236337,39.332154],[-120.236337,39.332373],[-120.237981,39.332372],[-120.237981,39.332153],[-120.236337,39.332154]]]},"properties":{"APN":"018290013000","ADDRESS":"N/A"}},{"type":"Feature","geometry":{"type":"Polygon","coordinates":[[[-120.236337,39.331865],[-120.236337,39.332085],[-120.237981,39.332084],[-120.23798,39.331864],[-120.236337,39.331865]]]},"properties":{"APN":"018290022000","ADDRESS":"N/A"}},{"type":"Feature","geometry":{"type":"Polygon","coordinates":[[[-120.247644,39.329677],[-120.247521,39.32965],[-120.247424,39.329914],[-120.247555,39.329943],[-120.247688,39.329968],[-120.247771,39.329701],[-120.247644,39.329677]]]},"properties":{"APN":"018310039000","ADDRESS":"13517 OLYMPIC DRIVE"}},{"type":"Feature","geometry":{"type":"Polygon","coordinates":[[[-120.243635,39.331284],[-120.243635,39.331504],[-120.243812,39.331503],[-120.243812,39.331284],[-120.243635,39.331284]]]},"properties":{"APN":"018320008000","ADDRESS":"N/A"}},{"type":"Feature","geometry":{"type":"Polygon","coordinates":[[[-120.242574,39.330997],[-120.242574,39.331216],[-120.242751,39.331216],[-120.242751,39.330996],[-120.242574,39.330997]]]},"properties":{"APN":"018320015000","ADDRESS":"N/A"}},{"type":"Feature","geometry":{"type":"Polygon","coordinates":[[[-120.242309,39.330709],[-120.242309,39.330928],[-120.242486,39.330928],[-120.242485,39.330708],[-120.242309,39.330709]]]},"properties":{"APN":"018320036000","ADDRESS":"N/A"}},{"type":"Feature","geometry":{"type":"Polygon","coordinates":[[[-120.241955,39.330709],[-120.241956,39.330928],[-120.242309,39.330928],[-120.242309,39.330709],[-120.241955,39.330709]]]},"properties":{"APN":"018320037000","ADDRESS":"N/A"}},{"type":"Feature","geometry":{"type":"Polygon","coordinates":[[[-120.239304,39.330134],[-120.239304,39.330354],[-120.239481,39.330354],[-120.239481,39.330134],[-120.239304,39.330134]]]},"properties":{"APN":"018330032000","ADDRESS":"N/A"}},{"type":"Feature","geometry":{"type":"Polygon","coordinates":[[[-120.246404,39.329689],[-120.246659,39.329745],[-120.246756,39.329481],[-120.246596,39.329445],[-120.246501,39.329425],[-120.246404,39.329689]]]},"properties":{"APN":"018361016000","ADDRESS":"13455 OLYMPIC DRIVE"}},{"type":"Feature","geometry":{"type":"Polygon","coordinates":[[[-120.246231,39.328936],[-120.246401,39.328974],[-120.246498,39.32871],[-120.246328,39.328672],[-120.246231,39.328936]]]},"properties":{"APN":"018363009000","ADDRESS":"13435 MORAINE ROAD"}},{"type":"Feature","geometry":{"type":"Polygon","coordinates":[[[-120.245143,39.329475],[-120.245143,39.329783],[-120.24532,39.329782],[-120.24532,39.32948],[-120.245143,39.329475]]]},"properties":{"APN":"018371003000","ADDRESS":"13380 SIERRA DRIVE"}},{"type":"Feature","geometry":{"type":"Polygon","coordinates":[[[-120.244967,39.329471],[-120.244967,39.329784],[-120.244997,39.329784],[-120.245143,39.329783],[-120.245143,39.329475],[-120.244967,39.329471]]]},"properties":{"APN":"018371004000","ADDRESS":"13370 SIERRA DRIVE"}},{"type":"Feature","geometry":{"type":"Polygon","coordinates":[[[-120.242517,39.328542],[-120.242687,39.32858],[-120.242783,39.328316],[-120.242613,39.328278],[-120.242607,39.328295],[-120.24249,39.328431],[-120.242517,39.328542]]]},"properties":{"APN":"018372012000","ADDRESS":"10068 SUMMIT DRIVE"}},{"type":"Feature","geometry":{"type":"Polygon","coordinates":[[[-120.242517,39.328542],[-120.242687,39.32858],[-120.242783,39.328316],[-120.242613,39.328278],[-120.242607,39.328295],[-120.24249,39.328431],[-120.242517,39.328542]]]},"properties":{"APN":"018372012000","ADDRESS":"13230 MORAINE ROAD"}},{"type":"Feature","geometry":{"type":"Polygon","coordinates":[[[-120.244362,39.328522],[-120.244532,39.32856],[-120.244629,39.328296],[-120.244459,39.328258],[-120.244362,39.328522]]]},"properties":{"APN":"018374007000","ADDRESS":"13331 MORAINE ROAD"}},{"type":"Feature","geometry":{"type":"Polygon","coordinates":[[[-120.243852,39.32841],[-120.244022,39.328447],[-120.244119,39.328183],[-120.243949,39.328145],[-120.243852,39.32841]]]},"properties":{"APN":"018374010000","ADDRESS":"13301 MORAINE ROAD"}},{"type":"Feature","geometry":{"type":"Polygon","coordinates":[[[-120.239561,39.328514],[-120.239738,39.328651],[-120.239808,39.328513],[-120.239637,39.328365],[-120.239561,39.328514]]]},"properties":{"APN":"018381010000","ADDRESS":"10290 MARTIS STREET"}},{"type":"Feature","geometry":{"type":"Polygon","coordinates":[[[-120.239263,39.329414],[-120.239263,39.329786],[-120.239616,39.329786],[-120.239616,39.329502],[-120.239439,39.329457],[-120.23941,39.32945],[-120.239263,39.329414]]]},"properties":{"APN":"018382025000","ADDRESS":"12968 PALISADE STREET"}},{"type":"Feature","geometry":{"type":"Polygon","coordinates":[[[-120.237106,39.32889],[-120.237107,39.329165],[-120.237283,39.329165],[-120.237283,39.32889],[-120.237106,39.32889]]]},"properties":{"APN":"018383011000","ADDRESS":"12839 PALISADE STREET"}},{"type":"Feature","geometry":{"type":"Polygon","coordinates":[[[-120.236576,39.32889],[-120.236576,39.329165],[-120.236753,39.329165],[-120.236753,39.32889],[-120.236576,39.32889]]]},"properties":{"APN":"018383014000","ADDRESS":"12809 PALISADE STREET"}},{"type":"Feature","geometry":{"type":"Polygon","coordinates":[[[-120.236399,39.328616],[-120.2364,39.328891],[-120.236576,39.32889],[-120.236576,39.328616],[-120.236399,39.328616]]]},"properties":{"APN":"018383016000","ADDRESS":"12800 DULZURA STREET"}},{"type":"Feature","geometry":{"type":"Polygon","coordinates":[[[-120.23893,39.328976],[-120.239201,39.329062],[-120.239201,39.328797],[-120.23893,39.328726],[-120.23893,39.328976]]]},"properties":{"APN":"018383034000","ADDRESS":"12948 DULZURA STREET"}},{"type":"Feature","geometry":{"type":"Polygon","coordinates":[[[-120.238897,39.329213],[-120.23893,39.32922],[-120.23893,39.328976],[-120.238897,39.328965],[-120.238708,39.328927],[-120.238708,39.329191],[-120.238897,39.329213]]]},"properties":{"APN":"018383036000","ADDRESS":"12927 PALISADE STREET"}},{"type":"Feature","geometry":{"type":"Polygon","coordinates":[[[-120.237282,39.32794],[-120.237283,39.328231],[-120.237296,39.328231],[-120.237371,39.328231],[-120.237459,39.328231],[-120.237459,39.327926],[-120.237282,39.32794]]]},"properties":{"APN":"018384021000","ADDRESS":"12850 BOCA STREET"}},{"type":"Feature","geometry":{"type":"Polygon","coordinates":[[[-120.237813,39.32889],[-120.237813,39.329164],[-120.23799,39.329164],[-120.23799,39.32889],[-120.237813,39.32889]]]},"properties":{"APN":"018383007000","ADDRESS":"12879 PALISADE STREET"}},{"type":"Feature","geometry":{"type":"Polygon","coordinates":[[[-120.237813,39.32889],[-120.237813,39.329164],[-120.23799,39.329164],[-120.23799,39.32889],[-120.237813,39.32889]]]},"properties":{"APN":"018383007000","ADDRESS":"12879 PALISADE STREET"}},{"type":"Feature","geometry":{"type":"Polygon","coordinates":[[[-120.237283,39.328616],[-120.237283,39.32889],[-120.23746,39.32889],[-120.23746,39.328616],[-120.237283,39.328616]]]},"properties":{"APN":"018383020000","ADDRESS":"12850 DULZURA STREET"}},{"type":"Feature","geometry":{"type":"Polygon","coordinates":[[[-120.239201,39.329285],[-120.239473,39.32935],[-120.239473,39.329148],[-120.239201,39.329062],[-120.239201,39.329285]]]},"properties":{"APN":"018383039000","ADDRESS":"12955 PALISADE STREET"}},{"type":"Feature","geometry":{"type":"Polygon","coordinates":[[[-120.23799,39.32889],[-120.23799,39.329164],[-120.238167,39.329164],[-120.238167,39.32889],[-120.23799,39.32889]]]},"properties":{"APN":"018383043000","ADDRESS":"12889 PALISADE STREET"}},{"type":"Feature","geometry":{"type":"Polygon","coordinates":[[[-120.236576,39.327957],[-120.236576,39.328232],[-120.236753,39.328232],[-120.236752,39.327957],[-120.236576,39.327957]]]},"properties":{"APN":"018384018000","ADDRESS":"12810 BOCA STREET"}},{"type":"Feature","geometry":{"type":"Polygon","coordinates":[[[-120.236929,39.327957],[-120.236929,39.328232],[-120.237106,39.328231],[-120.237106,39.327955],[-120.237084,39.327957],[-120.236929,39.327957]]]},"properties":{"APN":"018384032000","ADDRESS":"12830 BOCA STREET"}},{"type":"Feature","geometry":{"type":"Polygon","coordinates":[[[-120.241246,39.328097],[-120.241409,39.328153],[-120.241557,39.327752],[-120.2414,39.327678],[-120.241246,39.328097]]]},"properties":{"APN":"018390025000","ADDRESS":"13145 MORAINE ROAD"}},{"type":"Feature","geometry":{"type":"Polygon","coordinates":[[[-120.241072,39.326728],[-120.240974,39.326869],[-120.241172,39.326929],[-120.241254,39.32681],[-120.241072,39.326728]]]},"properties":{"APN":"018400002000","ADDRESS":"13111 DONNER PASS ROAD"}},{"type":"Feature","geometry":{"type":"Polygon","coordinates":[[[-120.236946,39.327611],[-120.236947,39.327847],[-120.237077,39.327847],[-120.237194,39.327837],[-120.237194,39.327659],[-120.236946,39.327611]]]},"properties":{"APN":"018400041000","ADDRESS":"12835 BOCA STREET"}},{"type":"Feature","geometry":{"type":"Polygon","coordinates":[[[-120.223339,39.325252],[-120.223342,39.325274],[-120.224028,39.32517],[-120.223993,39.324894],[-120.223943,39.324833],[-120.223886,39.324776],[-120.223822,39.324723],[-120.223752,39.324674],[-120.223677,39.324631],[-120.223598,39.324593],[-120.223514,39.324561],[-120.223427,39.324535],[-120.223337,39.324515],[-120.223245,39.324501],[-120.223339,39.325252]]]},"properties":{"APN":"018500014000","ADDRESS":"12105 DONNER PASS ROAD"}},{"type":"Feature","geometry":{"type":"Polygon","coordinates":[[[-120.225956,39.325503],[-120.225963,39.325998],[-120.226091,39.325998],[-120.226303,39.325999],[-120.226376,39.325999],[-120.226387,39.325505],[-120.225956,39.325503]]]},"properties":{"APN":"018500055000","ADDRESS":"12226 RICHARDS BOULEVARD"}},{"type":"Feature","geometry":{"type":"Polygon","coordinates":[[[-120.236258,39.329275],[-120.236049,39.329275],[-120.236049,39.329785],[-120.23618,39.329786],[-120.236259,39.329787],[-120.236347,39.329787],[-120.236347,39.329275],[-120.236258,39.329275]]]},"properties":{"APN":"018511017000","ADDRESS":"12782 PALISADE STREET"}},{"type":"Feature","geometry":{"type":"Polygon","coordinates":[[[-120.235757,39.328425],[-120.235757,39.328768],[-120.235969,39.328768],[-120.235969,39.328424],[-120.235757,39.328425]]]},"properties":{"APN":"018512013000","ADDRESS":"12764 LEE ROAD"}},{"type":"Feature","geometry":{"type":"Polygon","coordinates":[[[-120.234899,39.327917],[-120.234899,39.32826],[-120.235112,39.32826],[-120.235111,39.327917],[-120.234899,39.327917]]]},"properties":{"APN":"018514005000","ADDRESS":"12715 LEE ROAD"}},{"type":"Feature","geometry":{"type":"Polygon","coordinates":[[[-120.232868,39.327164],[-120.232584,39.327415],[-120.23285,39.327556],[-120.23314,39.327399],[-120.233049,39.327307],[-120.232949,39.327223],[-120.232868,39.327164]]]},"properties":{"APN":"018520015000","ADDRESS":"10211 THOMAS DRIVE"}},{"type":"Feature","geometry":{"type":"Polygon","coordinates":[[[-120.233532,39.326479],[-120.233615,39.326493],[-120.233777,39.326105],[-120.233619,39.326065],[-120.233341,39.326012],[-120.23333,39.326465],[-120.23341,39.326468],[-120.233532,39.326479]]]},"properties":{"APN":"018520049000","ADDRESS":"12662 RICHARDS BOULEVARD"}},{"type":"Feature","geometry":{"type":"Polygon","coordinates":[[[-120.23313,39.325973],[-120.233118,39.326462],[-120.23333,39.326465],[-120.233341,39.326012],[-120.23313,39.325973]]]},"properties":{"APN":"018520050000","ADDRESS":"12625 SIERRA DRIVE"}},{"type":"Feature","geometry":{"type":"Polygon","coordinates":[[[-120.231854,39.326077],[-120.231845,39.326444],[-120.232058,39.326447],[-120.232066,39.32608],[-120.231899,39.326078],[-120.231854,39.326077]]]},"properties":{"APN":"018520055000","ADDRESS":"12561 SIERRA DRIVE"}},{"type":"Feature","geometry":{"type":"Polygon","coordinates":[[[-120.213007,39.336474],[-120.21314,39.336633],[-120.213478,39.336484],[-120.213469,39.336473],[-120.213426,39.336393],[-120.213378,39.33628],[-120.21316,39.336398],[-120.213007,39.336474]]]},"properties":{"APN":"018021033000","ADDRESS":"10734 PASSAGE PLACE"}},{"type":"Feature","geometry":{"type":"Polygon","coordinates":[[[-120.211917,39.336072],[-120.211984,39.336101],[-120.212055,39.336125],[-120.212128,39.336142],[-120.212204,39.336155],[-120.21228,39.336161],[-120.212357,39.336161],[-120.212433,39.336155],[-120.212508,39.336144],[-120.212276,39.335967],[-120.212479,39.335829],[-120.212666,39.335702],[-120.212853,39.335575],[-120.213143,39.335796],[-120.213232,39.335734],[-120.213316,39.335666],[-120.212978,39.335499],[-120.213111,39.335337],[-120.213244,39.335175],[-120.213376,39.335013],[-120.213619,39.334812],[-120.213861,39.334656],[-120.214069,39.334552],[-120.214277,39.334448],[-120.214485,39.334344],[-120.214693,39.334239],[-120.214901,39.334135],[-120.215234,39.334032],[-120.215569,39.33397],[-120.215817,39.33396],[-120.216064,39.333949],[-120.216317,39.333955],[-120.216338,39.334255],[-120.216563,39.334246],[-120.216556,39.333926],[-120.216305,39.333927],[-120.216291,39.333178],[-120.216166,39.33318],[-120.215813,39.333184],[-120.215363,39.333188],[-120.215016,39.333522],[-120.214898,39.333619],[-120.214847,39.333581],[-120.214421,39.33393],[-120.214396,39.333911],[-120.212194,39.335717],[-120.211909,39.335984],[-120.211901,39.335995],[-120.211896,39.336006],[-120.211893,39.336017],[-120.211893,39.336029],[-120.211895,39.336041],[-120.2119,39.336053],[-120.211908,39.336063],[-120.211917,39.336072]]]},"properties":{"APN":"018031001000","ADDRESS":"11901 LAMPLIGHTER WAY"}},{"type":"Feature","geometry":{"type":"Polygon","coordinates":[[[-120.214901,39.334135],[-120.215121,39.334401],[-120.215194,39.334369],[-120.21527,39.334342],[-120.215349,39.33432],[-120.215234,39.334032],[-120.214901,39.334135]]]},"properties":{"APN":"018031012000","ADDRESS":"12049 LAMPLIGHTER WAY"}},{"type":"Feature","geometry":{"type":"Polygon","coordinates":[[[-120.214063,39.33513],[-120.214349,39.335408],[-120.214425,39.335355],[-120.214521,39.335289],[-120.214291,39.335013],[-120.214127,39.335095],[-120.214063,39.33513]]]},"properties":{"APN":"018031028000","ADDRESS":"11974 LAMPLIGHTER WAY"}},{"type":"Feature","geometry":{"type":"Polygon","coordinates":[[[-120.245585,39.336182],[-120.245585,39.336402],[-120.246557,39.336401],[-120.246557,39.336181],[-120.245585,39.336182]]]},"properties":{"APN":"018210005000","ADDRESS":"N/A"}},{"type":"Feature","geometry":{"type":"Polygon","coordinates":[[[-120.245584,39.335894],[-120.245585,39.336114],[-120.246557,39.336113],[-120.246556,39.335893],[-120.245584,39.335894]]]},"properties":{"APN":"018210012000","ADDRESS":"N/A"}},{"type":"Feature","geometry":{"type":"Polygon","coordinates":[[[-120.241078,39.336185],[-120.241078,39.336405],[-120.242492,39.336404],[-120.242492,39.336184],[-120.241078,39.336185]]]},"properties":{"APN":"018220006000","ADDRESS":"N/A"}},{"type":"Feature","geometry":{"type":"Polygon","coordinates":[[[-120.243287,39.336184],[-120.243287,39.336403],[-120.243464,39.336403],[-120.243464,39.336184],[-120.243287,39.336184]]]},"properties":{"APN":"018220008000","ADDRESS":"N/A"}},{"type":"Feature","geometry":{"type":"Polygon","coordinates":[[[-120.244082,39.335607],[-120.244082,39.335826],[-120.245496,39.335825],[-120.245496,39.335606],[-120.244082,39.335607]]]},"properties":{"APN":"018220016000","ADDRESS":"N/A"}},{"type":"Feature","geometry":{"type":"Polygon","coordinates":[[[-120.242579,39.33532],[-120.24258,39.335539],[-120.243993,39.335538],[-120.243993,39.335319],[-120.242579,39.33532]]]},"properties":{"APN":"018220018000","ADDRESS":"N/A"}},{"type":"Feature","geometry":{"type":"Polygon","coordinates":[[[-120.244081,39.33503],[-120.244081,39.33525],[-120.245495,39.335249],[-120.245495,39.335029],[-120.244081,39.33503]]]},"properties":{"APN":"018220022000","ADDRESS":"N/A"}},{"type":"Feature","geometry":{"type":"Polygon","coordinates":[[[-120.238074,39.336476],[-120.238074,39.336695],[-120.239488,39.336694],[-120.239488,39.336475],[-120.238074,39.336476]]]},"properties":{"APN":"018230006000","ADDRESS":"N/A"}},{"type":"Feature","geometry":{"type":"Polygon","coordinates":[[[-120.238073,39.335323],[-120.238073,39.335542],[-120.239487,39.335541],[-120.239486,39.335322],[-120.238073,39.335323]]]},"properties":{"APN":"018230018000","ADDRESS":"N/A"}},{"type":"Feature","geometry":{"type":"Polygon","coordinates":[[[-120.242047,39.333591],[-120.242047,39.33381],[-120.242312,39.33381],[-120.242312,39.333591],[-120.242047,39.333591]]]},"properties":{"APN":"018260018000","ADDRESS":"N/A"}},{"type":"Feature","geometry":{"type":"Polygon","coordinates":[[[-120.240457,39.334168],[-120.240457,39.334388],[-120.240634,39.334388],[-120.240634,39.334168],[-120.240457,39.334168]]]},"properties":{"APN":"018270025000","ADDRESS":"N/A"}},{"type":"Feature","geometry":{"type":"Polygon","coordinates":[[[-120.241163,39.333015],[-120.241163,39.333235],[-120.242488,39.333234],[-120.242488,39.333014],[-120.241163,39.333015]]]},"properties":{"APN":"018280004000","ADDRESS":"N/A"}},{"type":"Feature","geometry":{"type":"Polygon","coordinates":[[[-120.241073,39.331862],[-120.241073,39.332082],[-120.242487,39.332081],[-120.242487,39.331861],[-120.241073,39.331862]]]},"properties":{"APN":"018280018000","ADDRESS":"N/A"}},{"type":"Feature","geometry":{"type":"Polygon","coordinates":[[[-120.238069,39.332441],[-120.23807,39.33266],[-120.239483,39.332659],[-120.239483,39.33244],[-120.238069,39.332441]]]},"properties":{"APN":"018290011000","ADDRESS":"N/A"}},{"type":"Feature","geometry":{"type":"Polygon","coordinates":[[[-120.242044,39.330997],[-120.242044,39.331217],[-120.242486,39.331216],[-120.242486,39.330997],[-120.242044,39.330997]]]},"properties":{"APN":"018320014000","ADDRESS":"N/A"}},{"type":"Feature","geometry":{"type":"Polygon","coordinates":[[[-120.236336,39.331289],[-120.236337,39.331509],[-120.236513,39.331508],[-120.236513,39.331289],[-120.236336,39.331289]]]},"properties":{"APN":"018330005000","ADDRESS":"N/A"}},{"type":"Feature","geometry":{"type":"Polygon","coordinates":[[[-120.238067,39.330423],[-120.238067,39.330643],[-120.239481,39.330642],[-120.239481,39.330422],[-120.238067,39.330423]]]},"properties":{"APN":"018330015000","ADDRESS":"N/A"}},{"type":"Feature","geometry":{"type":"Polygon","coordinates":[[[-120.240346,39.322524],[-120.240557,39.322651],[-120.240673,39.323],[-120.241277,39.323106],[-120.241892,39.323275],[-120.242817,39.323195],[-120.242952,39.323104],[-120.243022,39.322998],[-120.242032,39.322594],[-120.241209,39.322481],[-120.240557,39.322432],[-120.240346,39.322524]]]},"properties":{"APN":"018340005000","ADDRESS":"N/A"}},{"type":"Feature","geometry":{"type":"Polygon","coordinates":[[[-120.23957,39.326188],[-120.239673,39.32604],[-120.23932,39.325701],[-120.239127,39.325548],[-120.23896,39.325786],[-120.239006,39.325814],[-120.239053,39.32584],[-120.239085,39.325871],[-120.23912,39.3259],[-120.239158,39.325925],[-120.239214,39.325955],[-120.239267,39.325988],[-120.239317,39.326024],[-120.239373,39.326056],[-120.239426,39.326091],[-120.239475,39.326129],[-120.239503,39.326142],[-120.239527,39.326158],[-120.239548,39.326176],[-120.23957,39.326188]]]},"properties":{"APN":"018340008000","ADDRESS":"12993 DONNER PASS ROAD"}},{"type":"Feature","geometry":{"type":"Polygon","coordinates":[[[-120.246911,39.329087],[-120.247081,39.329124],[-120.247178,39.32886],[-120.247008,39.328823],[-120.246911,39.329087]]]},"properties":{"APN":"018363005000","ADDRESS":"13475 MORAINE ROAD"}},{"type":"Feature","geometry":{"type":"Polygon","coordinates":[[[-120.246898,39.327954],[-120.24681,39.328194],[-120.24698,39.328231],[-120.247097,39.327912],[-120.246898,39.327954]]]},"properties":{"APN":"018364010000","ADDRESS":"13449 DONNER PASS ROAD"}},{"type":"Feature","geometry":{"type":"Polygon","coordinates":[[[-120.24732,39.328307],[-120.24749,39.328344],[-120.247509,39.328291],[-120.247516,39.328237],[-120.247561,39.328113],[-120.247553,39.328101],[-120.247733,39.32761],[-120.247585,39.327585],[-120.247457,39.327933],[-120.24732,39.328307]]]},"properties":{"APN":"018364019000","ADDRESS":"13475 DONNER PASS ROAD"}},{"type":"Feature","geometry":{"type":"Polygon","coordinates":[[[-120.244702,39.328598],[-120.244872,39.328635],[-120.244969,39.328371],[-120.244799,39.328334],[-120.244702,39.328598]]]},"properties":{"APN":"018374005000","ADDRESS":"13351 MORAINE ROAD"}},{"type":"Feature","geometry":{"type":"Polygon","coordinates":[[[-120.242138,39.328173],[-120.242477,39.328248],[-120.242526,39.328116],[-120.242186,39.328041],[-120.242138,39.328173]]]},"properties":{"APN":"018375008000","ADDRESS":"10047 SUMMIT DRIVE"}},{"type":"Feature","geometry":{"type":"Polygon","coordinates":[[[-120.23746,39.32889],[-120.23746,39.329165],[-120.237637,39.329165],[-120.237637,39.32889],[-120.23746,39.32889]]]},"properties":{"APN":"018383009000","ADDRESS":"12859 PALISADE STREET"}},{"type":"Feature","geometry":{"type":"Polygon","coordinates":[[[-120.23693,39.328616],[-120.23693,39.32889],[-120.237106,39.32889],[-120.237106,39.328616],[-120.23693,39.328616]]]},"properties":{"APN":"018383018000","ADDRESS":"12830 DULZURA STREET"}},{"type":"Feature","geometry":{"type":"Polygon","coordinates":[[[-120.239201,39.329062],[-120.239473,39.329148],[-120.239472,39.328868],[-120.239201,39.328797],[-120.239201,39.329062]]]},"properties":{"APN":"018383038000","ADDRESS":"12966 DULZURA STREET"}},{"type":"Feature","geometry":{"type":"Polygon","coordinates":[[[-120.236399,39.327957],[-120.236399,39.328232],[-120.236576,39.328232],[-120.236576,39.327957],[-120.236399,39.327957]]]},"properties":{"APN":"018384017000","ADDRESS":"10262 PROSSER DRIVE"}},{"type":"Feature","geometry":{"type":"Polygon","coordinates":[[[-120.236752,39.327957],[-120.236753,39.328232],[-120.236929,39.328232],[-120.236929,39.327957],[-120.236752,39.327957]]]},"properties":{"APN":"018384031000","ADDRESS":"12820 BOCA STREET"}},{"type":"Feature","geometry":{"type":"Polygon","coordinates":[[[-120.213441,39.335806],[-120.213966,39.336065],[-120.213945,39.335827],[-120.213587,39.33565],[-120.21355,39.335696],[-120.213499,39.335753],[-120.213441,39.335806]]]},"properties":{"APN":"018021006000","ADDRESS":"11916 LAMPLIGHTER WAY"}},{"type":"Feature","geometry":{"type":"Polygon","coordinates":[[[-120.216562,39.335462],[-120.216597,39.335817],[-120.216619,39.335795],[-120.216645,39.335776],[-120.216675,39.33576],[-120.216707,39.335748],[-120.216742,39.335741],[-120.216778,39.335738],[-120.216814,39.33574],[-120.216849,39.335746],[-120.21683,39.335413],[-120.216714,39.335434],[-120.216562,39.335462]]]},"properties":{"APN":"018021025000","ADDRESS":"10927 PASSAGE PLACE"}},{"type":"Feature","geometry":{"type":"Polygon","coordinates":[[[-120.216821,39.336064],[-120.216828,39.336359],[-120.217109,39.336355],[-120.217099,39.335883],[-120.216992,39.33589],[-120.216992,39.335916],[-120.216987,39.335943],[-120.216975,39.335968],[-120.216959,39.335991],[-120.216938,39.336012],[-120.216913,39.336031],[-120.216885,39.336046],[-120.216854,39.336057],[-120.216821,39.336064]]]},"properties":{"APN":"018021027000","ADDRESS":"10942 PASSAGE PLACE"}},{"type":"Feature","geometry":{"type":"Polygon","coordinates":[[[-120.215131,39.334984],[-120.215347,39.335244],[-120.215377,39.335229],[-120.215525,39.335168],[-120.215566,39.335158],[-120.215422,39.334838],[-120.215353,39.334873],[-120.215145,39.334977],[-120.215131,39.334984]]]},"properties":{"APN":"018031034000","ADDRESS":"12007 CAVERN WAY"}},{"type":"Feature","geometry":{"type":"Polygon","coordinates":[[[-120.216684,39.334451],[-120.216682,39.334532],[-120.216684,39.334612],[-120.217072,39.334607],[-120.217068,39.33439],[-120.217034,39.334391],[-120.216764,39.334403],[-120.216751,39.334404],[-120.216738,39.334407],[-120.216726,39.334411],[-120.216714,39.334417],[-120.216705,39.334424],[-120.216696,39.334432],[-120.216689,39.334441],[-120.216684,39.334451]]]},"properties":{"APN":"018031038000","ADDRESS":"12134 LAMPLIGHTER WAY"}},{"type":"Feature","geometry":{"type":"Polygon","coordinates":[[[-120.236342,39.336477],[-120.236342,39.336696],[-120.237986,39.336695],[-120.237986,39.336476],[-120.236342,39.336477]]]},"properties":{"APN":"018230005000","ADDRESS":"N/A"}},{"type":"Feature","geometry":{"type":"Polygon","coordinates":[[[-120.246642,39.333587],[-120.246642,39.333807],[-120.248056,39.333806],[-120.248056,39.333586],[-120.246642,39.333587]]]},"properties":{"APN":"018250015000","ADDRESS":"N/A"}},{"type":"Feature","geometry":{"type":"Polygon","coordinates":[[[-120.24408,39.334454],[-120.244081,39.334674],[-120.245494,39.334673],[-120.245494,39.334453],[-120.24408,39.334454]]]},"properties":{"APN":"018260007000","ADDRESS":"N/A"}},{"type":"Feature","geometry":{"type":"Polygon","coordinates":[[[-120.244079,39.333301],[-120.244079,39.333521],[-120.245493,39.33352],[-120.245493,39.3333],[-120.244079,39.333301]]]},"properties":{"APN":"018260027000","ADDRESS":"N/A"}},{"type":"Feature","geometry":{"type":"Polygon","coordinates":[[[-120.236339,39.333883],[-120.236339,39.334102],[-120.237983,39.334101],[-120.237983,39.333882],[-120.236339,39.333883]]]},"properties":{"APN":"018270011000","ADDRESS":"N/A"}},{"type":"Feature","geometry":{"type":"Polygon","coordinates":[[[-120.239573,39.333881],[-120.239573,39.3341],[-120.240987,39.334099],[-120.240987,39.33388],[-120.239573,39.333881]]]},"properties":{"APN":"018270013000","ADDRESS":"N/A"}},{"type":"Feature","geometry":{"type":"Polygon","coordinates":[[[-120.240545,39.333592],[-120.240545,39.333811],[-120.240987,39.333811],[-120.240987,39.333592],[-120.240545,39.333592]]]},"properties":{"APN":"018270014000","ADDRESS":"N/A"}},{"type":"Feature","geometry":{"type":"Polygon","coordinates":[[[-120.239573,39.333593],[-120.239573,39.333812],[-120.240368,39.333812],[-120.240368,39.333592],[-120.239573,39.333593]]]},"properties":{"APN":"018270016000","ADDRESS":"N/A"}},{"type":"Feature","geometry":{"type":"Polygon","coordinates":[[[-120.238071,39.333594],[-120.238071,39.333813],[-120.239485,39.333812],[-120.239485,39.333593],[-120.238071,39.333594]]]},"properties":{"APN":"018270017000","ADDRESS":"N/A"}},{"type":"Feature","geometry":{"type":"Polygon","coordinates":[[[-120.236338,39.332442],[-120.236338,39.332661],[-120.237981,39.33266],[-120.237981,39.332441],[-120.236338,39.332442]]]},"properties":{"APN":"018290012000","ADDRESS":"N/A"}},{"type":"Feature","geometry":{"type":"Polygon","coordinates":[[[-120.242751,39.330996],[-120.242751,39.331216],[-120.242928,39.331216],[-120.242928,39.330996],[-120.242751,39.330996]]]},"properties":{"APN":"018320016000","ADDRESS":"N/A"}},{"type":"Feature","geometry":{"type":"Polygon","coordinates":[[[-120.238068,39.331],[-120.238068,39.331219],[-120.239482,39.331218],[-120.239482,39.330999],[-120.238068,39.331]]]},"properties":{"APN":"018330008000","ADDRESS":"N/A"}},{"type":"Feature","geometry":{"type":"Polygon","coordinates":[[[-120.240364,39.330133],[-120.240364,39.330353],[-120.24063,39.330353],[-120.240629,39.330133],[-120.240364,39.330133]]]},"properties":{"APN":"018330018000","ADDRESS":"N/A"}},{"type":"Feature","geometry":{"type":"Polygon","coordinates":[[[-120.238862,39.330134],[-120.238862,39.330354],[-120.239127,39.330354],[-120.239127,39.330134],[-120.238862,39.330134]]]},"properties":{"APN":"018330023000","ADDRESS":"N/A"}},{"type":"Feature","geometry":{"type":"Polygon","coordinates":[[[-120.238067,39.329847],[-120.238067,39.330066],[-120.239481,39.330065],[-120.23948,39.329846],[-120.238067,39.329847]]]},"properties":{"APN":"018330029000","ADDRESS":"N/A"}},{"type":"Feature","geometry":{"type":"Polygon","coordinates":[[[-120.239569,39.329846],[-120.239569,39.330065],[-120.240806,39.330065],[-120.240806,39.329845],[-120.239958,39.329846],[-120.239569,39.329846]]]},"properties":{"APN":"018330030000","ADDRESS":"N/A"}},{"type":"Feature","geometry":{"type":"Polygon","coordinates":[[[-120.247734,39.329412],[-120.247644,39.329677],[-120.247771,39.329701],[-120.247829,39.329712],[-120.247912,39.329445],[-120.247734,39.329412]]]},"properties":{"APN":"018361004000","ADDRESS":"13524 MORAINE ROAD"}},{"type":"Feature","geometry":{"type":"Polygon","coordinates":[[[-120.246659,39.329745],[-120.246914,39.329801],[-120.247011,39.329537],[-120.246936,39.329521],[-120.246766,39.329483],[-120.246756,39.329481],[-120.246659,39.329745]]]},"properties":{"APN":"018361017000","ADDRESS":"13471 OLYMPIC DRIVE"}},{"type":"Feature","geometry":{"type":"Polygon","coordinates":[[[-120.246401,39.328974],[-120.246571,39.329012],[-120.246668,39.328748],[-120.246498,39.32871],[-120.246401,39.328974]]]},"properties":{"APN":"018363008000","ADDRESS":"13445 MORAINE ROAD"}},{"type":"Feature","geometry":{"type":"Polygon","coordinates":[[[-120.246838,39.328785],[-120.247008,39.328823],[-120.247129,39.328493],[-120.246959,39.328455],[-120.246838,39.328785]]]},"properties":{"APN":"018363014000","ADDRESS":"13460 DONNER PASS ROAD"}},{"type":"Feature","geometry":{"type":"Polygon","coordinates":[[[-120.243906,39.329739],[-120.244083,39.329788],[-120.244083,39.329346],[-120.243906,39.32933],[-120.243906,39.329739]]]},"properties":{"APN":"018371008000","ADDRESS":"13310 SIERRA DRIVE"}},{"type":"Feature","geometry":{"type":"Polygon","coordinates":[[[-120.244613,39.32942],[-120.244613,39.329786],[-120.24479,39.329785],[-120.24479,39.329451],[-120.244613,39.32942]]]},"properties":{"APN":"018371015000","ADDRESS":"13350 SIERRA DRIVE"}},{"type":"Feature","geometry":{"type":"Polygon","coordinates":[[[-120.241899,39.328819],[-120.242191,39.329004],[-120.242383,39.328579],[-120.242376,39.328562],[-120.242222,39.32852],[-120.242105,39.328779],[-120.241938,39.328733],[-120.241899,39.328819]]]},"properties":{"APN":"018373003000","ADDRESS":"13204 MORAINE ROAD"}},{"type":"Feature","geometry":{"type":"Polygon","coordinates":[[[-120.241494,39.328523],[-120.241603,39.328607],[-120.241722,39.328383],[-120.240939,39.32811],[-120.241494,39.328523]]]},"properties":{"APN":"018373008000","ADDRESS":"13160 MORAINE ROAD"}},{"type":"Feature","geometry":{"type":"Polygon","coordinates":[[[-120.244192,39.328485],[-120.244362,39.328522],[-120.244459,39.328258],[-120.244289,39.328221],[-120.244192,39.328485]]]},"properties":{"APN":"018374008000","ADDRESS":"13321 MORAINE ROAD"}},{"type":"Feature","geometry":{"type":"Polygon","coordinates":[[[-120.242832,39.328184],[-120.243002,39.328221],[-120.243099,39.327957],[-120.242929,39.32792],[-120.242832,39.328184]]]},"properties":{"APN":"018374016000","ADDRESS":"13241 MORAINE ROAD"}},{"type":"Feature","geometry":{"type":"Polygon","coordinates":[[[-120.242832,39.328184],[-120.243002,39.328221],[-120.243099,39.327957],[-120.242929,39.32792],[-120.242832,39.328184]]]},"properties":{"APN":"018374016000","ADDRESS":"13241 MORAINE ROAD"}},{"type":"Feature","geometry":{"type":"Polygon","coordinates":[[[-120.244459,39.328258],[-120.244629,39.328296],[-120.24475,39.327966],[-120.24458,39.327928],[-120.244459,39.328258]]]},"properties":{"APN":"018374023000","ADDRESS":"13336 DONNER PASS ROAD"}},{"type":"Feature","geometry":{"type":"Polygon","coordinates":[[[-120.241572,39.32821],[-120.241735,39.328267],[-120.24187,39.327899],[-120.241714,39.327825],[-120.241572,39.32821]]]},"properties":{"APN":"018375005000","ADDRESS":"13165 MORAINE ROAD"}},{"type":"Feature","geometry":{"type":"Polygon","coordinates":[[[-120.23746,39.328616],[-120.23746,39.32889],[-120.237637,39.32889],[-120.237636,39.328616],[-120.23746,39.328616]]]},"properties":{"APN":"018383021000","ADDRESS":"12860 DULZURA STREET"}},{"type":"Feature","geometry":{"type":"Polygon","coordinates":[[[-120.237459,39.327926],[-120.237459,39.328231],[-120.237636,39.328231],[-120.237636,39.327911],[-120.237459,39.327926]]]},"properties":{"APN":"018384022000","ADDRESS":"12860 BOCA STREET"}},{"type":"Feature","geometry":{"type":"Polygon","coordinates":[[[-120.237636,39.327911],[-120.237636,39.328231],[-120.237813,39.328231],[-120.237813,39.327877],[-120.237734,39.327902],[-120.237636,39.327911]]]},"properties":{"APN":"018384023000","ADDRESS":"12870 BOCA STREET"}},{"type":"Feature","geometry":{"type":"Polygon","coordinates":[[[-120.245687,39.32758],[-120.245684,39.327945],[-120.245773,39.327964],[-120.245775,39.327607],[-120.245687,39.32758]]]},"properties":{"APN":"018390002000","ADDRESS":"13383 DONNER PASS ROAD"}},{"type":"Feature","geometry":{"type":"Polygon","coordinates":[[[-120.244114,39.327525],[-120.24409,39.327591],[-120.24443,39.327667],[-120.244476,39.327542],[-120.244114,39.327525]]]},"properties":{"APN":"018390007000","ADDRESS":"13295 DONNER PASS ROAD"}},{"type":"Feature","geometry":{"type":"Polygon","coordinates":[[[-120.241406,39.326888],[-120.241345,39.326976],[-120.241681,39.327058],[-120.241688,39.327041],[-120.241406,39.326888]]]},"properties":{"APN":"018390010000","ADDRESS":"13145 DONNER PASS ROAD"}},{"type":"Feature","geometry":{"type":"Polygon","coordinates":[[[-120.241714,39.327825],[-120.24187,39.327899],[-120.242064,39.327371],[-120.241894,39.327334],[-120.241714,39.327825]]]},"properties":{"APN":"018390017000","ADDRESS":"13172 DONNER PASS ROAD"}},{"type":"Feature","geometry":{"type":"Polygon","coordinates":[[[-120.239241,39.326847],[-120.239373,39.326945],[-120.239623,39.326587],[-120.239468,39.326522],[-120.239241,39.326847]]]},"properties":{"APN":"018400013000","ADDRESS":"13020 DONNER PASS ROAD"}},{"type":"Feature","geometry":{"type":"Polygon","coordinates":[[[-120.23737,39.327564],[-120.237371,39.327823],[-120.237698,39.327795],[-120.237795,39.327764],[-120.23737,39.327564]]]},"properties":{"APN":"018400040000","ADDRESS":"12870 SIERRA DRIVE"}},{"type":"Feature","geometry":{"type":"Polygon","coordinates":[[[-120.23512,39.328425],[-120.235121,39.328768],[-120.235333,39.328768],[-120.235333,39.328425],[-120.23512,39.328425]]]},"properties":{"APN":"018512025000","ADDRESS":"12728 LEE ROAD"}},{"type":"Feature","geometry":{"type":"Polygon","coordinates":[[[-120.234411,39.326687],[-120.234663,39.326751],[-120.234823,39.326368],[-120.234571,39.326304],[-120.234411,39.326687]]]},"properties":{"APN":"018520045000","ADDRESS":"12726 RICHARDS BOULEVARD"}},{"type":"Feature","geometry":{"type":"Polygon","coordinates":[[[-120.227056,39.326633],[-120.22729,39.326891],[-120.227448,39.326804],[-120.227467,39.326792],[-120.227482,39.326778],[-120.227495,39.326762],[-120.227503,39.326744],[-120.227508,39.326726],[-120.227508,39.326707],[-120.227504,39.326688],[-120.227496,39.32667],[-120.227485,39.326654],[-120.22747,39.326639],[-120.227452,39.326627],[-120.227431,39.326617],[-120.227408,39.32661],[-120.227385,39.326606],[-120.227361,39.326605],[-120.227056,39.326633]]]},"properties":{"APN":"018533001000","ADDRESS":"12312 SIERRA DRIVE"}},{"type":"Feature","geometry":{"type":"Polygon","coordinates":[[[-120.227373,39.326013],[-120.227363,39.326439],[-120.227576,39.326419],[-120.227585,39.326016],[-120.227373,39.326013]]]},"properties":{"APN":"018534019000","ADDRESS":"12325 SIERRA DRIVE"}},{"type":"Feature","geometry":{"type":"Polygon","coordinates":[[[-120.222099,39.326155],[-120.222098,39.32633],[-120.222628,39.326332],[-120.222629,39.326158],[-120.222099,39.326155]]]},"properties":{"APN":"018540018000","ADDRESS":"10051 HIGHWAY ROAD"}},{"type":"Feature","geometry":{"type":"Polygon","coordinates":[[[-120.222839,39.326451],[-120.22284,39.32646],[-120.222843,39.32647],[-120.222848,39.326478],[-120.222855,39.326486],[-120.222864,39.326493],[-120.222874,39.326499],[-120.222885,39.326503],[-120.222897,39.326505],[-120.222909,39.326506],[-120.223369,39.326508],[-120.22337,39.326335],[-120.22284,39.326333],[-120.222839,39.326451]]]},"properties":{"APN":"018540022000","ADDRESS":"10062 HIGHWAY ROAD"}},{"type":"Feature","geometry":{"type":"Polygon","coordinates":[[[-120.222839,39.326451],[-120.22284,39.32646],[-120.222843,39.32647],[-120.222848,39.326478],[-120.222855,39.326486],[-120.222864,39.326493],[-120.222874,39.326499],[-120.222885,39.326503],[-120.222897,39.326505],[-120.222909,39.326506],[-120.223369,39.326508],[-120.22337,39.326335],[-120.22284,39.326333],[-120.222839,39.326451]]]},"properties":{"APN":"018540022000","ADDRESS":"12085 SIERRA DRIVE"}},{"type":"Feature","geometry":{"type":"Polygon","coordinates":[[[-120.212311,39.333223],[-120.212303,39.332668],[-120.212324,39.330789],[-120.212337,39.329582],[-120.212051,39.329583],[-120.211698,39.329585],[-120.210708,39.32959],[-120.210531,39.329589],[-120.210037,39.329591],[-120.209726,39.329592],[-120.209542,39.329593],[-120.207573,39.329601],[-120.207603,39.334264],[-120.207619,39.336834],[-120.207632,39.336834],[-120.208552,39.336828],[-120.210041,39.336819],[-120.210561,39.336816],[-120.210732,39.336815],[-120.210855,39.336814],[-120.210888,39.336814],[-120.211649,39.335902],[-120.21199,39.335576],[-120.214397,39.333601],[-120.214561,39.333486],[-120.214474,39.333487],[-120.21412,39.333491],[-120.213767,39.333495],[-120.213413,39.333499],[-120.213408,39.333211],[-120.212311,39.333223]]]},"properties":{"APN":"018010051000","ADDRESS":"10685 NORTHWOODS BOULEVARD"}},{"type":"Feature","geometry":{"type":"Polygon","coordinates":[[[-120.237283,39.328231],[-120.237283,39.328506],[-120.23746,39.328506],[-120.237459,39.328231],[-120.237371,39.328231],[-120.237296,39.328231],[-120.237283,39.328231]]]},"properties":{"APN":"018384034000","ADDRESS":"12851 DULZURA STREET"}},{"type":"Feature","geometry":{"type":"Polygon","coordinates":[[[-120.241224,39.327611],[-120.2414,39.327678],[-120.241554,39.327258],[-120.241386,39.327218],[-120.241224,39.327611]]]},"properties":{"APN":"018390014000","ADDRESS":"13150 DONNER PASS ROAD"}},{"type":"Feature","geometry":{"type":"Polygon","coordinates":[[[-120.243269,39.327995],[-120.243439,39.328033],[-120.24356,39.327703],[-120.24339,39.327665],[-120.243269,39.327995]]]},"properties":{"APN":"018390023000","ADDRESS":"13264 DONNER PASS ROAD"}},{"type":"Feature","geometry":{"type":"Polygon","coordinates":[[[-120.240812,39.326613],[-120.240699,39.326777],[-120.240974,39.326869],[-120.241072,39.326728],[-120.240812,39.326613]]]},"properties":{"APN":"018400003000","ADDRESS":"13099 DONNER PASS ROAD"}},{"type":"Feature","geometry":{"type":"Polygon","coordinates":[[[-120.239638,39.327142],[-120.23977,39.327241],[-120.240089,39.326784],[-120.239934,39.326718],[-120.239638,39.327142]]]},"properties":{"APN":"018400016000","ADDRESS":"13052 DONNER PASS ROAD"}},{"type":"Feature","geometry":{"type":"Polygon","coordinates":[[[-120.237035,39.327278],[-120.237187,39.327349],[-120.237352,39.327112],[-120.237211,39.32705],[-120.237203,39.327047],[-120.237198,39.327045],[-120.237035,39.327278]]]},"properties":{"APN":"018400031000","ADDRESS":"12849 SIERRA DRIVE"}},{"type":"Feature","geometry":{"type":"Polygon","coordinates":[[[-120.236399,39.327573],[-120.236399,39.327847],[-120.236575,39.327847],[-120.236575,39.327573],[-120.236399,39.327573]]]},"properties":{"APN":"018400044000","ADDRESS":"12801 BOCA STREET"}},{"type":"Feature","geometry":{"type":"Polygon","coordinates":[[[-120.22559,39.325558],[-120.225587,39.325996],[-120.225666,39.325996],[-120.225949,39.325998],[-120.225963,39.325998],[-120.225956,39.325503],[-120.22559,39.325558]]]},"properties":{"APN":"018500056000","ADDRESS":"12206 RICHARDS BOULEVARD"}},{"type":"Feature","geometry":{"type":"Polygon","coordinates":[[[-120.234353,39.329767],[-120.234352,39.329276],[-120.23414,39.329276],[-120.23414,39.329765],[-120.234353,39.329767]]]},"properties":{"APN":"018511003000","ADDRESS":"12670 PALISADE STREET"}},{"type":"Feature","geometry":{"type":"Polygon","coordinates":[[[-120.234899,39.327568],[-120.234899,39.327917],[-120.235111,39.327917],[-120.235111,39.327522],[-120.234974,39.327555],[-120.234927,39.327564],[-120.234899,39.327568]]]},"properties":{"APN":"018520008000","ADDRESS":"12730 PARKER ROAD"}},{"type":"Feature","geometry":{"type":"Polygon","coordinates":[[[-120.234032,39.327106],[-120.234032,39.327409],[-120.234283,39.327409],[-120.234283,39.327133],[-120.234032,39.327106]]]},"properties":{"APN":"018520024000","ADDRESS":"12685 PARKER ROAD"}},{"type":"Feature","geometry":{"type":"Polygon","coordinates":[[[-120.233593,39.327015],[-120.233608,39.327025],[-120.233746,39.326694],[-120.233673,39.326675],[-120.233635,39.326666],[-120.233533,39.326647],[-120.233415,39.326902],[-120.233593,39.327015]]]},"properties":{"APN":"018520034000","ADDRESS":"12658 SIERRA DRIVE"}},{"type":"Feature","geometry":{"type":"Polygon","coordinates":[[[-120.233456,39.327749],[-120.233298,39.327574],[-120.233008,39.327732],[-120.233167,39.327907],[-120.233456,39.327749]]]},"properties":{"APN":"018520061000","ADDRESS":"10243 THOMAS DRIVE"}},{"type":"Feature","geometry":{"type":"Polygon","coordinates":[[[-120.226366,39.326686],[-120.226562,39.326902],[-120.227056,39.326633],[-120.226548,39.326679],[-120.226457,39.326684],[-120.226366,39.326686]]]},"properties":{"APN":"018533002000","ADDRESS":"12278 SIERRA DRIVE"}},{"type":"Feature","geometry":{"type":"Polygon","coordinates":[[[-120.224172,39.326676],[-120.224169,39.32702],[-120.224381,39.32702],[-120.224384,39.326677],[-120.224172,39.326676]]]},"properties":{"APN":"018540007000","ADDRESS":"12148 SIERRA DRIVE"}},{"type":"Feature","geometry":{"type":"Polygon","coordinates":[[[-120.218502,39.322047],[-120.218574,39.322054],[-120.218643,39.322067],[-120.21871,39.322087],[-120.218773,39.322113],[-120.218832,39.322146],[-120.218876,39.322169],[-120.218923,39.322188],[-120.218973,39.322201],[-120.219026,39.322209],[-120.219079,39.32221],[-120.219132,39.322206],[-120.219183,39.322196],[-120.219824,39.322031],[-120.219865,39.32157],[-120.218552,39.321499],[-120.218502,39.322047]]]},"properties":{"APN":"018560023000","ADDRESS":"11895 DEERFIELD DRIVE"}},{"type":"Feature","geometry":{"type":"Polygon","coordinates":[[[-120.215509,39.329259],[-120.215517,39.32957],[-120.215648,39.329569],[-120.215896,39.329568],[-120.21581,39.32918],[-120.215509,39.329259]]]},"properties":{"APN":"018580009000","ADDRESS":"11732 EDMUNDS DRIVE"}},{"type":"Feature","geometry":{"type":"Polygon","coordinates":[[[-120.215509,39.329259],[-120.215517,39.32957],[-120.215648,39.329569],[-120.215896,39.329568],[-120.21581,39.32918],[-120.215509,39.329259]]]},"properties":{"APN":"018580009000","ADDRESS":"11732 EDMUNDS DRIVE"}},{"type":"Feature","geometry":{"type":"Polygon","coordinates":[[[-120.21581,39.32918],[-120.215896,39.329568],[-120.215966,39.329568],[-120.216231,39.329567],[-120.216249,39.329567],[-120.216072,39.329107],[-120.216027,39.329122],[-120.216001,39.32913],[-120.21581,39.32918]]]},"properties":{"APN":"018580010000","ADDRESS":"11748 EDMUNDS DRIVE"}},{"type":"Feature","geometry":{"type":"Polygon","coordinates":[[[-120.214586,39.336442],[-120.214588,39.336452],[-120.214593,39.336462],[-120.214599,39.336472],[-120.214608,39.336481],[-120.214618,39.336488],[-120.214629,39.336494],[-120.214642,39.336499],[-120.214655,39.336502],[-120.214756,39.336496],[-120.214857,39.336485],[-120.214818,39.336156],[-120.214557,39.336204],[-120.214586,39.336442]]]},"properties":{"APN":"018021017000","ADDRESS":"10795 PASSAGE PLACE"}},{"type":"Feature","geometry":{"type":"Polygon","coordinates":[[[-120.215386,39.33578],[-120.215615,39.336],[-120.215702,39.335953],[-120.215829,39.335904],[-120.215694,39.335636],[-120.21559,39.335678],[-120.215386,39.33578]]]},"properties":{"APN":"018021021000","ADDRESS":"10869 PASSAGE PLACE"}},{"type":"Feature","geometry":{"type":"Polygon","coordinates":[[[-120.214693,39.334239],[-120.214913,39.334505],[-120.215121,39.334401],[-120.214901,39.334135],[-120.214693,39.334239]]]},"properties":{"APN":"018031011000","ADDRESS":"12037 LAMPLIGHTER WAY"}},{"type":"Feature","geometry":{"type":"Polygon","coordinates":[[[-120.21372,39.335488],[-120.214078,39.335665],[-120.214162,39.335562],[-120.214211,39.335503],[-120.213853,39.335326],[-120.21372,39.335488]]]},"properties":{"APN":"018031030000","ADDRESS":"11942 LAMPLIGHTER WAY"}},{"type":"Feature","geometry":{"type":"Polygon","coordinates":[[[-120.214908,39.335096],[-120.215124,39.335356],[-120.215347,39.335244],[-120.215131,39.334984],[-120.214937,39.335082],[-120.214908,39.335096]]]},"properties":{"APN":"018031033000","ADDRESS":"12017 CAVERN WAY"}},{"type":"Feature","geometry":{"type":"Polygon","coordinates":[[[-120.21568,39.335299],[-120.215772,39.335605],[-120.21603,39.335558],[-120.215938,39.335251],[-120.215737,39.335287],[-120.21568,39.335299]]]},"properties":{"APN":"018031044000","ADDRESS":"11990 CAVERN WAY"}},{"type":"Feature","geometry":{"type":"Polygon","coordinates":[[[-120.206881,39.339515],[-120.206904,39.339541],[-120.206941,39.339535],[-120.207555,39.339428],[-120.207636,39.339414],[-120.207634,39.339117],[-120.207484,39.338906],[-120.207404,39.338645],[-120.207191,39.338412],[-120.20629,39.338647],[-120.206254,39.338656],[-120.206627,39.339013],[-120.206881,39.339515]]]},"properties":{"APN":"018190004000","ADDRESS":"11730 EUER VALLEY ROAD"}},{"type":"Feature","geometry":{"type":"Polygon","coordinates":[[[-120.245585,39.33647],[-120.245585,39.3367],[-120.245598,39.3367],[-120.246074,39.33669],[-120.246557,39.336679],[-120.246557,39.33647],[-120.245585,39.33647]]]},"properties":{"APN":"018210004000","ADDRESS":"N/A"}},{"type":"Feature","geometry":{"type":"Polygon","coordinates":[[[-120.246644,39.335317],[-120.246644,39.335536],[-120.248058,39.335535],[-120.248058,39.335316],[-120.246644,39.335317]]]},"properties":{"APN":"018210017000","ADDRESS":"N/A"}},{"type":"Feature","geometry":{"type":"Polygon","coordinates":[[[-120.23634,39.335036],[-120.236341,39.335255],[-120.237984,39.335254],[-120.237984,39.335035],[-120.23634,39.335036]]]},"properties":{"APN":"018230022000","ADDRESS":"N/A"}},{"type":"Feature","geometry":{"type":"Polygon","coordinates":[[[-120.245583,39.334741],[-120.245583,39.334961],[-120.246555,39.33496],[-120.246555,39.33474],[-120.245583,39.334741]]]},"properties":{"APN":"018250004000","ADDRESS":"N/A"}},{"type":"Feature","geometry":{"type":"Polygon","coordinates":[[[-120.241605,39.333591],[-120.241605,39.333811],[-120.241782,39.333811],[-120.241782,39.333591],[-120.241605,39.333591]]]},"properties":{"APN":"018260021000","ADDRESS":"N/A"}},{"type":"Feature","geometry":{"type":"Polygon","coordinates":[[[-120.240899,39.334168],[-120.240899,39.334388],[-120.240988,39.334388],[-120.240987,39.334168],[-120.240899,39.334168]]]},"properties":{"APN":"018270022000","ADDRESS":"N/A"}},{"type":"Feature","geometry":{"type":"Polygon","coordinates":[[[-120.241073,39.33215],[-120.241074,39.33237],[-120.242487,39.332369],[-120.242487,39.332149],[-120.241073,39.33215]]]},"properties":{"APN":"018280013000","ADDRESS":"N/A"}},{"type":"Feature","geometry":{"type":"Polygon","coordinates":[[[-120.244342,39.331572],[-120.244342,39.331791],[-120.244431,39.331791],[-120.24443,39.331572],[-120.244342,39.331572]]]},"properties":{"APN":"018280024000","ADDRESS":"N/A"}},{"type":"Feature","geometry":{"type":"Polygon","coordinates":[[[-120.236337,39.331577],[-120.236337,39.331797],[-120.23798,39.331796],[-120.23798,39.331576],[-120.236337,39.331577]]]},"properties":{"APN":"018290023000","ADDRESS":"N/A"}},{"type":"Feature","geometry":{"type":"Polygon","coordinates":[[[-120.245671,39.330149],[-120.245914,39.330203],[-120.246067,39.329785],[-120.245762,39.329718],[-120.245762,39.329775],[-120.245674,39.329779],[-120.245671,39.330149]]]},"properties":{"APN":"018310019000","ADDRESS":"13424 OLYMPIC DRIVE"}},{"type":"Feature","geometry":{"type":"Polygon","coordinates":[[[-120.243457,39.330708],[-120.243458,39.330927],[-120.243546,39.330927],[-120.243546,39.330708],[-120.243457,39.330708]]]},"properties":{"APN":"018320031000","ADDRESS":"N/A"}},{"type":"Feature","geometry":{"type":"Polygon","coordinates":[[[-120.238068,39.331288],[-120.238068,39.331507],[-120.239482,39.331506],[-120.239482,39.331287],[-120.238068,39.331288]]]},"properties":{"APN":"018330003000","ADDRESS":"N/A"}},{"type":"Feature","geometry":{"type":"Polygon","coordinates":[[[-120.23957,39.330999],[-120.23957,39.331218],[-120.240984,39.331217],[-120.240984,39.330998],[-120.23957,39.330999]]]},"properties":{"APN":"018330009000","ADDRESS":"N/A"}},{"type":"Feature","geometry":{"type":"Polygon","coordinates":[[[-120.236335,39.330424],[-120.236336,39.330644],[-120.237979,39.330643],[-120.237979,39.330423],[-120.236335,39.330424]]]},"properties":{"APN":"018330014000","ADDRESS":"N/A"}},{"type":"Feature","geometry":{"type":"Polygon","coordinates":[[[-120.239569,39.330134],[-120.239569,39.330354],[-120.240276,39.330353],[-120.240276,39.330134],[-120.239569,39.330134]]]},"properties":{"APN":"018330020000","ADDRESS":"N/A"}},{"type":"Feature","geometry":{"type":"Polygon","coordinates":[[[-120.239216,39.330134],[-120.239216,39.330354],[-120.239304,39.330354],[-120.239304,39.330134],[-120.239216,39.330134]]]},"properties":{"APN":"018330033000","ADDRESS":"N/A"}},{"type":"Feature","geometry":{"type":"Polygon","coordinates":[[[-120.243007,39.329147],[-120.243029,39.329149],[-120.243197,39.328693],[-120.243027,39.328655],[-120.242887,39.329036],[-120.243007,39.329147]]]},"properties":{"APN":"018372009000","ADDRESS":"13259 SIERRA DRIVE"}},{"type":"Feature","geometry":{"type":"Polygon","coordinates":[[[-120.244726,39.329031],[-120.244896,39.329069],[-120.244993,39.328805],[-120.244823,39.328767],[-120.244726,39.329031]]]},"properties":{"APN":"018372024000","ADDRESS":"13360 MORAINE ROAD"}},{"type":"Feature","geometry":{"type":"Polygon","coordinates":[[[-120.24432,39.329257],[-120.244451,39.32928],[-120.244556,39.328994],[-120.244386,39.328956],[-120.244277,39.329254],[-120.24432,39.329257]]]},"properties":{"APN":"018372037000","ADDRESS":"13331 SIERRA DRIVE"}},{"type":"Feature","geometry":{"type":"Polygon","coordinates":[[[-120.23143,39.326071],[-120.231421,39.326438],[-120.231633,39.326441],[-120.231642,39.326074],[-120.231543,39.326073],[-120.23143,39.326071]]]},"properties":{"APN":"018520057000","ADDRESS":"12541 SIERRA DRIVE"}},{"type":"Feature","geometry":{"type":"Polygon","coordinates":[[[-120.230911,39.326642],[-120.230803,39.326989],[-120.231009,39.327028],[-120.231117,39.326681],[-120.230911,39.326642]]]},"properties":{"APN":"018531008000","ADDRESS":"12510 SIERRA DRIVE"}},{"type":"Feature","geometry":{"type":"Polygon","coordinates":[[[-120.229557,39.326313],[-120.229822,39.326329],[-120.229829,39.326048],[-120.229624,39.326045],[-120.229564,39.326044],[-120.229557,39.326313]]]},"properties":{"APN":"018534026000","ADDRESS":"12423 SIERRA DRIVE"}},{"type":"Feature","geometry":{"type":"Polygon","coordinates":[[[-120.204126,39.327518],[-120.204135,39.326844],[-120.203985,39.32681],[-120.203959,39.326862],[-120.203721,39.326811],[-120.203766,39.326664],[-120.204049,39.326666],[-120.204055,39.326172],[-120.203697,39.326169],[-120.203696,39.326389],[-120.203424,39.326436],[-120.203423,39.327282],[-120.203423,39.329647],[-120.203436,39.329647],[-120.203782,39.329643],[-120.204321,39.329637],[-120.204877,39.329631],[-120.205432,39.329625],[-120.205916,39.329619],[-120.206472,39.329613],[-120.206988,39.329607],[-120.207505,39.329601],[-120.207573,39.329601],[-120.207573,39.329271],[-120.206936,39.329271],[-120.206937,39.328681],[-120.207505,39.328681],[-120.207573,39.328681],[-120.207573,39.328066],[-120.206002,39.328054],[-120.205751,39.327982],[-120.20557,39.327931],[-120.205153,39.327811],[-120.205139,39.327807],[-120.204987,39.327764],[-120.204572,39.327645],[-120.204427,39.327604],[-120.204413,39.3276],[-120.204126,39.327518]]]},"properties":{"APN":"018570063000","ADDRESS":"11174 DONNER PASS ROAD"}},{"type":"Feature","geometry":{"type":"Polygon","coordinates":[[[-120.215451,39.328031],[-120.215428,39.328084],[-120.215841,39.328086],[-120.215885,39.327759],[-120.215638,39.327758],[-120.21562,39.327759],[-120.215602,39.327763],[-120.215585,39.327769],[-120.21557,39.327777],[-120.215557,39.327787],[-120.215546,39.327799],[-120.215497,39.327915],[-120.215451,39.328031]]]},"properties":{"APN":"018580028000","ADDRESS":"10172 DONNER TRAIL ROAD"}},{"type":"Feature","geometry":{"type":"Polygon","coordinates":[[[-120.214933,39.335648],[-120.215144,39.335901],[-120.215367,39.33579],[-120.215156,39.335536],[-120.214933,39.335648]]]},"properties":{"APN":"018021014000","ADDRESS":"12038 CAVERN WAY"}},{"type":"Feature","geometry":{"type":"Polygon","coordinates":[[[-120.214668,39.335853],[-120.214632,39.335907],[-120.214603,39.335964],[-120.214581,39.336022],[-120.214565,39.336082],[-120.214558,39.336143],[-120.214557,39.336204],[-120.214818,39.336156],[-120.21497,39.336128],[-120.215045,39.33603],[-120.214668,39.335853]]]},"properties":{"APN":"018021016000","ADDRESS":"12084 CAVERN WAY"}},{"type":"Feature","geometry":{"type":"Polygon","coordinates":[[[-120.215694,39.335636],[-120.215829,39.335904],[-120.215923,39.33588],[-120.216063,39.335862],[-120.21607,39.335862],[-120.216039,39.335557],[-120.21603,39.335558],[-120.215772,39.335605],[-120.215694,39.335636]]]},"properties":{"APN":"018021022000","ADDRESS":"10883 PASSAGE PLACE"}},{"type":"Feature","geometry":{"type":"Polygon","coordinates":[[[-120.213111,39.335337],[-120.213454,39.335507],[-120.213587,39.335344],[-120.213244,39.335175],[-120.213111,39.335337]]]},"properties":{"APN":"018031003000","ADDRESS":"11937 LAMPLIGHTER WAY"}},{"type":"Feature","geometry":{"type":"Polygon","coordinates":[[[-120.215817,39.33396],[-120.215838,39.334276],[-120.216086,39.334266],[-120.216064,39.333949],[-120.215817,39.33396]]]},"properties":{"APN":"018031015000","ADDRESS":"12081 LAMPLIGHTER WAY"}},{"type":"Feature","geometry":{"type":"Polygon","coordinates":[[[-120.207484,39.338906],[-120.207634,39.339117],[-120.207634,39.339103],[-120.207629,39.338344],[-120.207625,39.337713],[-120.207624,39.337704],[-120.205955,39.338201],[-120.206244,39.338409],[-120.206986,39.338188],[-120.207191,39.338412],[-120.207404,39.338645],[-120.207484,39.338906]]]},"properties":{"APN":"018190010000","ADDRESS":"11680 EUER VALLEY ROAD"}},{"type":"Feature","geometry":{"type":"Polygon","coordinates":[[[-120.205283,39.337914],[-120.204965,39.33759],[-120.204924,39.337447],[-120.204803,39.337507],[-120.204684,39.33757],[-120.203658,39.339431],[-120.203075,39.33943],[-120.203069,39.340555],[-120.204319,39.340551],[-120.205152,39.33808],[-120.205292,39.337968],[-120.205327,39.337952],[-120.205317,39.337948],[-120.205283,39.337914]]]},"properties":{"APN":"018190016000","ADDRESS":"11605 EUER VALLEY ROAD"}},{"type":"Feature","geometry":{"type":"Polygon","coordinates":[[[-120.244082,39.335895],[-120.244082,39.336115],[-120.245496,39.336114],[-120.245496,39.335894],[-120.244082,39.335895]]]},"properties":{"APN":"018220011000","ADDRESS":"N/A"}},{"type":"Feature","geometry":{"type":"Polygon","coordinates":[[[-120.244081,39.334742],[-120.244081,39.334962],[-120.245495,39.334961],[-120.245495,39.334741],[-120.244081,39.334742]]]},"properties":{"APN":"018260002000","ADDRESS":"N/A"}},{"type":"Feature","geometry":{"type":"Polygon","coordinates":[[[-120.242578,39.333879],[-120.242578,39.334098],[-120.243992,39.334097],[-120.243991,39.333878],[-120.242578,39.333879]]]},"properties":{"APN":"018260012000","ADDRESS":"N/A"}},{"type":"Feature","geometry":{"type":"Polygon","coordinates":[[[-120.242577,39.33359],[-120.242578,39.33381],[-120.242666,39.33381],[-120.242666,39.33359],[-120.242577,39.33359]]]},"properties":{"APN":"018260016000","ADDRESS":"N/A"}},{"type":"Feature","geometry":{"type":"Polygon","coordinates":[[[-120.24187,39.333303],[-120.24187,39.333522],[-120.241959,39.333522],[-120.241958,39.333303],[-120.24187,39.333303]]]},"properties":{"APN":"018260024000","ADDRESS":"N/A"}},{"type":"Feature","geometry":{"type":"Polygon","coordinates":[[[-120.239574,39.334457],[-120.239574,39.334677],[-120.240988,39.334676],[-120.240988,39.334456],[-120.239574,39.334457]]]},"properties":{"APN":"018270007000","ADDRESS":"N/A"}},{"type":"Feature","geometry":{"type":"Polygon","coordinates":[[[-120.238071,39.33417],[-120.238072,39.33439],[-120.239485,39.334389],[-120.239485,39.334169],[-120.238071,39.33417]]]},"properties":{"APN":"018270009000","ADDRESS":"N/A"}},{"type":"Feature","geometry":{"type":"Polygon","coordinates":[[[-120.241074,39.333015],[-120.241075,39.333235],[-120.241163,39.333235],[-120.241163,39.333015],[-120.241074,39.333015]]]},"properties":{"APN":"018280005000","ADDRESS":"N/A"}},{"type":"Feature","geometry":{"type":"Polygon","coordinates":[[[-120.242576,39.332149],[-120.242576,39.332369],[-120.24399,39.332368],[-120.243989,39.332148],[-120.242576,39.332149]]]},"properties":{"APN":"018280014000","ADDRESS":"N/A"}},{"type":"Feature","geometry":{"type":"Polygon","coordinates":[[[-120.239572,39.333016],[-120.239572,39.333236],[-120.240986,39.333235],[-120.240986,39.333015],[-120.239572,39.333016]]]},"properties":{"APN":"018290002000","ADDRESS":"N/A"}},{"type":"Feature","geometry":{"type":"Polygon","coordinates":[[[-120.239571,39.332151],[-120.239572,39.332371],[-120.240985,39.33237],[-120.240985,39.33215],[-120.239571,39.332151]]]},"properties":{"APN":"018290017000","ADDRESS":"N/A"}},{"type":"Feature","geometry":{"type":"Polygon","coordinates":[[[-120.239571,39.331575],[-120.239571,39.331795],[-120.240985,39.331794],[-120.240984,39.331574],[-120.239571,39.331575]]]},"properties":{"APN":"018290025000","ADDRESS":"N/A"}},{"type":"Feature","geometry":{"type":"Polygon","coordinates":[[[-120.247087,39.330011],[-120.246935,39.330425],[-120.247194,39.330472],[-120.247342,39.330067],[-120.247087,39.330011]]]},"properties":{"APN":"018310017000","ADDRESS":"13500 OLYMPIC DRIVE"}},{"type":"Feature","geometry":{"type":"Polygon","coordinates":[[[-120.241072,39.330998],[-120.241072,39.331217],[-120.241868,39.331217],[-120.241867,39.330997],[-120.241072,39.330998]]]},"properties":{"APN":"018320012000","ADDRESS":"N/A"}},{"type":"Feature","geometry":{"type":"Polygon","coordinates":[[[-120.244872,39.330995],[-120.244872,39.331214],[-120.245048,39.331214],[-120.245048,39.330995],[-120.244872,39.330995]]]},"properties":{"APN":"018320024000","ADDRESS":"N/A"}},{"type":"Feature","geometry":{"type":"Polygon","coordinates":[[[-120.243546,39.330708],[-120.243546,39.330927],[-120.243811,39.330927],[-120.243811,39.330707],[-120.243546,39.330708]]]},"properties":{"APN":"018320030000","ADDRESS":"N/A"}},{"type":"Feature","geometry":{"type":"Polygon","coordinates":[[[-120.23957,39.331287],[-120.239571,39.331506],[-120.240984,39.331505],[-120.240984,39.331286],[-120.23957,39.331287]]]},"properties":{"APN":"018330002000","ADDRESS":"UNKNOWN ADDRESS"}},{"type":"Feature","geometry":{"type":"Polygon","coordinates":[[[-120.237802,39.330712],[-120.237803,39.330931],[-120.237979,39.330931],[-120.237979,39.330712],[-120.237802,39.330712]]]},"properties":{"APN":"018330012000","ADDRESS":"N/A"}},{"type":"Feature","geometry":{"type":"Polygon","coordinates":[[[-120.239127,39.330134],[-120.239127,39.330354],[-120.239216,39.330354],[-120.239216,39.330134],[-120.239127,39.330134]]]},"properties":{"APN":"018330022000","ADDRESS":"N/A"}},{"type":"Feature","geometry":{"type":"Polygon","coordinates":[[[-120.247276,39.329596],[-120.247446,39.329633],[-120.247543,39.329369],[-120.247373,39.329332],[-120.247276,39.329596]]]},"properties":{"APN":"018361006000","ADDRESS":"13504 MORAINE ROAD"}},{"type":"Feature","geometry":{"type":"Polygon","coordinates":[[[-120.246756,39.329481],[-120.246766,39.329483],[-120.246863,39.329219],[-120.246693,39.329181],[-120.246596,39.329445],[-120.246756,39.329481]]]},"properties":{"APN":"018361010000","ADDRESS":"13464 MORAINE ROAD"}},{"type":"Feature","geometry":{"type":"Polygon","coordinates":[[[-120.246736,39.327893],[-120.24664,39.328156],[-120.24681,39.328194],[-120.246898,39.327954],[-120.246736,39.327893]]]},"properties":{"APN":"018364011000","ADDRESS":"13439 DONNER PASS ROAD"}},{"type":"Feature","geometry":{"type":"Polygon","coordinates":[[[-120.24532,39.32948],[-120.24532,39.329782],[-120.245388,39.329781],[-120.245497,39.32978],[-120.245497,39.329484],[-120.24532,39.32948]]]},"properties":{"APN":"018371002000","ADDRESS":"13390 SIERRA DRIVE"}},{"type":"Feature","geometry":{"type":"Polygon","coordinates":[[[-120.244083,39.329788],[-120.24409,39.32979],[-120.24426,39.329789],[-120.24426,39.329362],[-120.244083,39.329346],[-120.244083,39.329788]]]},"properties":{"APN":"018371007000","ADDRESS":"13320 SIERRA DRIVE"}},{"type":"Feature","geometry":{"type":"Polygon","coordinates":[[[-120.24479,39.329451],[-120.24479,39.329785],[-120.244967,39.329784],[-120.244967,39.329471],[-120.244896,39.329469],[-120.24479,39.329451]]]},"properties":{"APN":"018371016000","ADDRESS":"13360 SIERRA DRIVE"}},{"type":"Feature","geometry":{"type":"Polygon","coordinates":[[[-120.243027,39.328655],[-120.243197,39.328693],[-120.243293,39.328429],[-120.243123,39.328391],[-120.243027,39.328655]]]},"properties":{"APN":"018372015000","ADDRESS":"13260 MORAINE ROAD"}},{"type":"Feature","geometry":{"type":"Polygon","coordinates":[[[-120.244451,39.32928],[-120.244624,39.32931],[-120.244726,39.329031],[-120.244556,39.328994],[-120.244451,39.32928]]]},"properties":{"APN":"018372036000","ADDRESS":"13341 SIERRA DRIVE"}},{"type":"Feature","geometry":{"type":"Polygon","coordinates":[[[-120.245042,39.328673],[-120.245212,39.328711],[-120.245309,39.328447],[-120.245139,39.328409],[-120.245042,39.328673]]]},"properties":{"APN":"018374003000","ADDRESS":"13371 MORAINE ROAD"}},{"type":"Feature","geometry":{"type":"Polygon","coordinates":[[[-120.239576,39.335898],[-120.239576,39.336118],[-120.24099,39.336117],[-120.240989,39.335897],[-120.239576,39.335898]]]},"properties":{"APN":"018230013000","ADDRESS":"N/A"}},{"type":"Feature","geometry":{"type":"Polygon","coordinates":[[[-120.239575,39.33561],[-120.239575,39.33583],[-120.240989,39.335829],[-120.240989,39.335609],[-120.239575,39.33561]]]},"properties":{"APN":"018230014000","ADDRESS":"N/A"}},{"type":"Feature","geometry":{"type":"Polygon","coordinates":[[[-120.245582,39.334165],[-120.245583,39.334384],[-120.246555,39.334384],[-120.246554,39.334164],[-120.245582,39.334165]]]},"properties":{"APN":"018250010000","ADDRESS":"N/A"}},{"type":"Feature","geometry":{"type":"Polygon","coordinates":[[[-120.24187,39.333591],[-120.241871,39.333811],[-120.242047,39.33381],[-120.242047,39.333591],[-120.24187,39.333591]]]},"properties":{"APN":"018260019000","ADDRESS":"N/A"}},{"type":"Feature","geometry":{"type":"Polygon","coordinates":[[[-120.238071,39.333882],[-120.238071,39.334101],[-120.239485,39.3341],[-120.239485,39.333881],[-120.238071,39.333882]]]},"properties":{"APN":"018270012000","ADDRESS":"N/A"}},{"type":"Feature","geometry":{"type":"Polygon","coordinates":[[[-120.239573,39.333304],[-120.239573,39.333524],[-120.240987,39.333523],[-120.240986,39.333303],[-120.239573,39.333304]]]},"properties":{"APN":"018270021000","ADDRESS":"N/A"}},{"type":"Feature","geometry":{"type":"Polygon","coordinates":[[[-120.244078,39.332725],[-120.244079,39.332944],[-120.245492,39.332943],[-120.245492,39.332724],[-120.244078,39.332725]]]},"properties":{"APN":"018280009000","ADDRESS":"N/A"}},{"type":"Feature","geometry":{"type":"Polygon","coordinates":[[[-120.24443,39.331572],[-120.244431,39.331791],[-120.244607,39.331791],[-120.244607,39.331572],[-120.24443,39.331572]]]},"properties":{"APN":"018280025000","ADDRESS":"N/A"}},{"type":"Feature","geometry":{"type":"Polygon","coordinates":[[[-120.238953,39.332152],[-120.238953,39.332371],[-120.239395,39.332371],[-120.239395,39.332152],[-120.238953,39.332152]]]},"properties":{"APN":"018290015000","ADDRESS":"N/A"}},{"type":"Feature","geometry":{"type":"Polygon","coordinates":[[[-120.238068,39.331576],[-120.238069,39.331796],[-120.239483,39.331795],[-120.239482,39.331575],[-120.238068,39.331576]]]},"properties":{"APN":"018290024000","ADDRESS":"N/A"}},{"type":"Feature","geometry":{"type":"Polygon","coordinates":[[[-120.243016,39.330708],[-120.243016,39.330928],[-120.243104,39.330928],[-120.243104,39.330708],[-120.243016,39.330708]]]},"properties":{"APN":"018320034000","ADDRESS":"N/A"}},{"type":"Feature","geometry":{"type":"Polygon","coordinates":[[[-120.241072,39.330709],[-120.241072,39.330929],[-120.241602,39.330929],[-120.241602,39.330709],[-120.241072,39.330709]]]},"properties":{"APN":"018320040000","ADDRESS":"N/A"}},{"type":"Feature","geometry":{"type":"Polygon","coordinates":[[[-120.242573,39.33042],[-120.242574,39.33064],[-120.24275,39.33064],[-120.24275,39.33042],[-120.242573,39.33042]]]},"properties":{"APN":"018320042000","ADDRESS":"N/A"}},{"type":"Feature","geometry":{"type":"Polygon","coordinates":[[[-120.242397,39.330253],[-120.242397,39.330352],[-120.242485,39.330352],[-120.242485,39.33026],[-120.242397,39.330253]]]},"properties":{"APN":"018320048000","ADDRESS":"N/A"}},{"type":"Feature","geometry":{"type":"Polygon","coordinates":[[[-120.244253,39.330709],[-120.244253,39.330927],[-120.244743,39.330926],[-120.244743,39.330869],[-120.244253,39.330709]]]},"properties":{"APN":"018320059000","ADDRESS":"N/A"}},{"type":"Feature","geometry":{"type":"Polygon","coordinates":[[[-120.245975,39.32959],[-120.246062,39.329613],[-120.246149,39.329632],[-120.246246,39.329368],[-120.246086,39.329332],[-120.245906,39.329293],[-120.245905,39.329495],[-120.245907,39.329514],[-120.245913,39.329532],[-120.245924,39.32955],[-120.245938,39.329565],[-120.245955,39.329579],[-120.245975,39.32959]]]},"properties":{"APN":"018361018000","ADDRESS":"13425 OLYMPIC DRIVE"}},{"type":"Feature","geometry":{"type":"Polygon","coordinates":[[[-120.246571,39.329012],[-120.246741,39.329049],[-120.246838,39.328785],[-120.246668,39.328748],[-120.246571,39.329012]]]},"properties":{"APN":"018363007000","ADDRESS":"13455 MORAINE ROAD"}},{"type":"Feature","geometry":{"type":"Polygon","coordinates":[[[-120.242599,39.329228],[-120.243376,39.329566],[-120.243376,39.329284],[-120.242599,39.329228]]]},"properties":{"APN":"018371012000","ADDRESS":"13260 SIERRA DRIVE"}},{"type":"Feature","geometry":{"type":"Polygon","coordinates":[[[-120.244386,39.328956],[-120.244556,39.328994],[-120.244653,39.32873],[-120.244483,39.328692],[-120.244386,39.328956]]]},"properties":{"APN":"018372022000","ADDRESS":"13340 MORAINE ROAD"}},{"type":"Feature","geometry":{"type":"Polygon","coordinates":[[[-120.244914,39.32936],[-120.245009,39.329362],[-120.2451,39.329114],[-120.245066,39.329107],[-120.244896,39.329069],[-120.244797,39.32934],[-120.244914,39.32936]]]},"properties":{"APN":"018372030000","ADDRESS":"13363 SIERRA DRIVE"}},{"type":"Feature","geometry":{"type":"Polygon","coordinates":[[[-120.245009,39.329362],[-120.245264,39.329369],[-120.245338,39.329167],[-120.245236,39.329144],[-120.2451,39.329114],[-120.245009,39.329362]]]},"properties":{"APN":"018372032000","ADDRESS":"13375 SIERRA DRIVE"}},{"type":"Feature","geometry":{"type":"Polygon","coordinates":[[[-120.243682,39.328872],[-120.243852,39.328909],[-120.243876,39.328843],[-120.243973,39.328579],[-120.243803,39.328542],[-120.243706,39.328806],[-120.243682,39.328872]]]},"properties":{"APN":"018372041000","ADDRESS":"13300 MORAINE ROAD"}},{"type":"Feature","geometry":{"type":"Polygon","coordinates":[[[-120.241756,39.32872],[-120.241899,39.328819],[-120.241938,39.328733],[-120.242055,39.328474],[-120.241889,39.328428],[-120.241756,39.32872]]]},"properties":{"APN":"018373006000","ADDRESS":"13184 MORAINE ROAD"}},{"type":"Feature","geometry":{"type":"Polygon","coordinates":[[[-120.244289,39.328221],[-120.244459,39.328258],[-120.24458,39.327928],[-120.24424,39.327853],[-120.244119,39.328183],[-120.244289,39.328221]]]},"properties":{"APN":"018374018000","ADDRESS":"13320 DONNER PASS ROAD"}},{"type":"Feature","geometry":{"type":"Polygon","coordinates":[[[-120.216254,39.336016],[-120.216284,39.336317],[-120.216566,39.336301],[-120.216536,39.335999],[-120.216254,39.336016]]]},"properties":{"APN":"018021029000","ADDRESS":"10908 PASSAGE PLACE"}},{"type":"Feature","geometry":{"type":"Polygon","coordinates":[[[-120.213861,39.334656],[-120.214081,39.334922],[-120.214289,39.334817],[-120.214069,39.334552],[-120.213861,39.334656]]]},"properties":{"APN":"018031007000","ADDRESS":"11981 LAMPLIGHTER WAY"}},{"type":"Feature","geometry":{"type":"Polygon","coordinates":[[[-120.2162,39.334426],[-120.216222,39.334755],[-120.216473,39.334745],[-120.216469,39.334486],[-120.216467,39.334476],[-120.216464,39.334465],[-120.216458,39.334455],[-120.216451,39.334446],[-120.216442,39.334438],[-120.216431,39.334431],[-120.216419,39.334426],[-120.216406,39.334422],[-120.216387,39.334421],[-120.216293,39.334422],[-120.2162,39.334426]]]},"properties":{"APN":"018031019000","ADDRESS":"12098 LAMPLIGHTER WAY"}},{"type":"Feature","geometry":{"type":"Polygon","coordinates":[[[-120.241078,39.336474],[-120.241079,39.336693],[-120.242493,39.336692],[-120.242492,39.336473],[-120.241078,39.336474]]]},"properties":{"APN":"018220005000","ADDRESS":"N/A"}},{"type":"Feature","geometry":{"type":"Polygon","coordinates":[[[-120.241077,39.335321],[-120.241077,39.33554],[-120.242491,39.335539],[-120.242491,39.33532],[-120.241077,39.335321]]]},"properties":{"APN":"018220019000","ADDRESS":"N/A"}},{"type":"Feature","geometry":{"type":"Polygon","coordinates":[[[-120.242576,39.332726],[-120.242576,39.332945],[-120.24399,39.332944],[-120.24399,39.332725],[-120.242576,39.332726]]]},"properties":{"APN":"018280008000","ADDRESS":"N/A"}},{"type":"Feature","geometry":{"type":"Polygon","coordinates":[[[-120.244078,39.332437],[-120.244078,39.332656],[-120.245492,39.332655],[-120.245492,39.332435],[-120.244078,39.332437]]]},"properties":{"APN":"018280010000","ADDRESS":"N/A"}},{"type":"Feature","geometry":{"type":"Polygon","coordinates":[[[-120.244078,39.332148],[-120.244078,39.332368],[-120.245492,39.332367],[-120.245491,39.332147],[-120.244078,39.332148]]]},"properties":{"APN":"018280015000","ADDRESS":"N/A"}},{"type":"Feature","geometry":{"type":"Polygon","coordinates":[[[-120.247736,39.330555],[-120.248017,39.330591],[-120.248114,39.330217],[-120.247856,39.330169],[-120.247736,39.330555]]]},"properties":{"APN":"018310043000","ADDRESS":"13544 OLYMPIC DRIVE"}},{"type":"Feature","geometry":{"type":"Polygon","coordinates":[[[-120.241072,39.331286],[-120.241073,39.331505],[-120.242486,39.331504],[-120.242486,39.331285],[-120.241072,39.331286]]]},"properties":{"APN":"018320011000","ADDRESS":"N/A"}},{"type":"Feature","geometry":{"type":"Polygon","coordinates":[[[-120.241071,39.330133],[-120.241071,39.330353],[-120.242397,39.330352],[-120.242397,39.330253],[-120.241622,39.330193],[-120.241568,39.330133],[-120.241071,39.330133]]]},"properties":{"APN":"018320049000","ADDRESS":"N/A"}},{"type":"Feature","geometry":{"type":"Polygon","coordinates":[[[-120.236336,39.331001],[-120.236336,39.33122],[-120.237803,39.331219],[-120.237803,39.331],[-120.236336,39.331001]]]},"properties":{"APN":"018330006000","ADDRESS":"N/A"}},{"type":"Feature","geometry":{"type":"Polygon","coordinates":[[[-120.239569,39.330422],[-120.23957,39.330642],[-120.240983,39.330641],[-120.240983,39.330421],[-120.239569,39.330422]]]},"properties":{"APN":"018330016000","ADDRESS":"N/A"}},{"type":"Feature","geometry":{"type":"Polygon","coordinates":[[[-120.238597,39.330135],[-120.238597,39.330354],[-120.238774,39.330354],[-120.238774,39.330135],[-120.238597,39.330135]]]},"properties":{"APN":"018330025000","ADDRESS":"N/A"}},{"type":"Feature","geometry":{"type":"Polygon","coordinates":[[[-120.238067,39.330135],[-120.238067,39.330355],[-120.238597,39.330354],[-120.238597,39.330135],[-120.238067,39.330135]]]},"properties":{"APN":"018330026000","ADDRESS":"N/A"}},{"type":"Feature","geometry":{"type":"Polygon","coordinates":[[[-120.246741,39.329049],[-120.246911,39.329087],[-120.247008,39.328823],[-120.246838,39.328785],[-120.246741,39.329049]]]},"properties":{"APN":"018363006000","ADDRESS":"13465 MORAINE ROAD"}},{"type":"Feature","geometry":{"type":"Polygon","coordinates":[[[-120.243682,39.328372],[-120.243852,39.32841],[-120.243949,39.328145],[-120.243779,39.328108],[-120.243682,39.328372]]]},"properties":{"APN":"018374011000","ADDRESS":"13291 MORAINE ROAD"}},{"type":"Feature","geometry":{"type":"Polygon","coordinates":[[[-120.243682,39.328372],[-120.243852,39.32841],[-120.243949,39.328145],[-120.243779,39.328108],[-120.243682,39.328372]]]},"properties":{"APN":"018374011000","ADDRESS":"13291 MORAINE ROAD"}},{"type":"Feature","geometry":{"type":"Polygon","coordinates":[[[-120.241775,39.328281],[-120.241901,39.328315],[-120.242016,39.328003],[-120.24204,39.327937],[-120.24187,39.327899],[-120.241735,39.328267],[-120.241775,39.328281]]]},"properties":{"APN":"018375004000","ADDRESS":"13173 MORAINE ROAD"}},{"type":"Feature","geometry":{"type":"Polygon","coordinates":[[[-120.237849,39.329274],[-120.237849,39.329786],[-120.238026,39.329786],[-120.238026,39.329274],[-120.237849,39.329274]]]},"properties":{"APN":"018382007000","ADDRESS":"12882 PALISADE STREET"}},{"type":"Feature","geometry":{"type":"Polygon","coordinates":[[[-120.240334,39.329717],[-120.240334,39.329785],[-120.240544,39.329785],[-120.240334,39.329717]]]},"properties":{"APN":"018382021000","ADDRESS":"13014 PALISADE STREET"}},{"type":"Feature","geometry":{"type":"Polygon","coordinates":[[[-120.238909,39.32933],[-120.23891,39.329786],[-120.239086,39.329786],[-120.239086,39.329372],[-120.238909,39.32933]]]},"properties":{"APN":"018382023000","ADDRESS":"12938 PALISADE STREET"}},{"type":"Feature","geometry":{"type":"Polygon","coordinates":[[[-120.238556,39.329284],[-120.238556,39.329786],[-120.23891,39.329786],[-120.238909,39.32933],[-120.238866,39.32932],[-120.238556,39.329284]]]},"properties":{"APN":"018382003000","ADDRESS":"12922 PALISADE STREET"}},{"type":"Feature","geometry":{"type":"Polygon","coordinates":[[[-120.238556,39.329284],[-120.238556,39.329786],[-120.23891,39.329786],[-120.238909,39.32933],[-120.238866,39.32932],[-120.238556,39.329284]]]},"properties":{"APN":"018382003000","ADDRESS":"12928 PALISADE STREET"}},{"type":"Feature","geometry":{"type":"Polygon","coordinates":[[[-120.239616,39.329502],[-120.239616,39.329786],[-120.239828,39.329785],[-120.239828,39.329556],[-120.239616,39.329502]]]},"properties":{"APN":"018382020000","ADDRESS":"12980 PALISADE STREET"}},{"type":"Feature","geometry":{"type":"Polygon","coordinates":[[[-120.239793,39.32925],[-120.240018,39.329307],[-120.239854,39.328999],[-120.239744,39.328956],[-120.239744,39.329235],[-120.239793,39.32925]]]},"properties":{"APN":"018383025000","ADDRESS":"12986 DULZURA STREET"}},{"type":"Feature","geometry":{"type":"Polygon","coordinates":[[[-120.237813,39.328616],[-120.237813,39.32889],[-120.23799,39.32889],[-120.23799,39.328615],[-120.237813,39.328616]]]},"properties":{"APN":"018383033000","ADDRESS":"12880 DULZURA STREET"}},{"type":"Feature","geometry":{"type":"Polygon","coordinates":[[[-120.238167,39.32889],[-120.238167,39.329164],[-120.238344,39.329164],[-120.238343,39.32889],[-120.238167,39.32889]]]},"properties":{"APN":"018383042000","ADDRESS":"12897 PALISADE STREET"}},{"type":"Feature","geometry":{"type":"Polygon","coordinates":[[[-120.237813,39.328231],[-120.237813,39.328506],[-120.23799,39.328506],[-120.237989,39.328231],[-120.237813,39.328231]]]},"properties":{"APN":"018384009000","ADDRESS":"12881 DULZURA STREET"}},{"type":"Feature","geometry":{"type":"Polygon","coordinates":[[[-120.236753,39.328232],[-120.236753,39.328506],[-120.236929,39.328506],[-120.236929,39.328232],[-120.236753,39.328232]]]},"properties":{"APN":"018384014000","ADDRESS":"12821 DULZURA STREET"}},{"type":"Feature","geometry":{"type":"Polygon","coordinates":[[[-120.242404,39.327946],[-120.242574,39.327984],[-120.242744,39.327522],[-120.242574,39.327484],[-120.242404,39.327946]]]},"properties":{"APN":"018390021000","ADDRESS":"10027 SUMMIT DRIVE"}},{"type":"Feature","geometry":{"type":"Polygon","coordinates":[[[-120.241052,39.328029],[-120.241246,39.328097],[-120.2414,39.327678],[-120.241224,39.327611],[-120.241052,39.328029]]]},"properties":{"APN":"018390026000","ADDRESS":"13135 MORAINE ROAD"}},{"type":"Feature","geometry":{"type":"Polygon","coordinates":[[[-120.240865,39.327964],[-120.241052,39.328029],[-120.241224,39.327611],[-120.241044,39.327564],[-120.240865,39.327964]]]},"properties":{"APN":"018390027000","ADDRESS":"13125 MORAINE ROAD"}},{"type":"Feature","geometry":{"type":"Polygon","coordinates":[[[-120.24034,39.327344],[-120.240514,39.327404],[-120.240724,39.327026],[-120.240562,39.32697],[-120.24034,39.327344]]]},"properties":{"APN":"018400019000","ADDRESS":"13096 DONNER PASS ROAD"}},{"type":"Feature","geometry":{"type":"Polygon","coordinates":[[[-120.237489,39.327491],[-120.237716,39.327598],[-120.237869,39.327381],[-120.237652,39.32726],[-120.237489,39.327491]]]},"properties":{"APN":"018400028000","ADDRESS":"12871 SIERRA DRIVE"}},{"type":"Feature","geometry":{"type":"Polygon","coordinates":[[[-120.236257,39.327152],[-120.236504,39.327167],[-120.236561,39.326869],[-120.236572,39.326817],[-120.236257,39.326729],[-120.236257,39.326731],[-120.236257,39.32678],[-120.236257,39.327152]]]},"properties":{"APN":"018400034000","ADDRESS":"12811 SIERRA DRIVE"}},{"type":"Feature","geometry":{"type":"Polygon","coordinates":[[[-120.236946,39.327611],[-120.237194,39.327659],[-120.237194,39.327481],[-120.236946,39.327365],[-120.236946,39.327611]]]},"properties":{"APN":"018400038000","ADDRESS":"12850 SIERRA DRIVE"}},{"type":"Feature","geometry":{"type":"Polygon","coordinates":[[[-120.227259,39.32533],[-120.227255,39.326011],[-120.227373,39.326013],[-120.227585,39.326016],[-120.227604,39.326016],[-120.227612,39.325304],[-120.227259,39.32533]]]},"properties":{"APN":"018500005000","ADDRESS":"12324 RICHARDS BOULEVARD"}},{"type":"Feature","geometry":{"type":"Polygon","coordinates":[[[-120.220803,39.325723],[-120.2208,39.325974],[-120.221852,39.32598],[-120.221854,39.325644],[-120.220803,39.325723]],[[-120.221737,39.325952],[-120.221455,39.32595],[-120.221457,39.325892],[-120.221458,39.325862],[-120.221739,39.325864],[-120.221738,39.325897],[-120.221737,39.325952]]]},"properties":{"APN":"018500057000","ADDRESS":"12000 DONNER PASS ROAD"}},{"type":"Feature","geometry":{"type":"Polygon","coordinates":[[[-120.219703,39.32617],[-120.219649,39.325968],[-120.219629,39.325811],[-120.219034,39.325855],[-120.218721,39.325937],[-120.218599,39.326057],[-120.218611,39.326191],[-120.218616,39.326324],[-120.218614,39.326458],[-120.218604,39.326591],[-120.218586,39.326724],[-120.218561,39.326857],[-120.218528,39.326988],[-120.218898,39.326767],[-120.21896,39.32667],[-120.219703,39.32617]]]},"properties":{"APN":"018500078000","ADDRESS":"UNKNOWN ADDRESS"}},{"type":"Feature","geometry":{"type":"Polygon","coordinates":[[[-120.23596,39.327917],[-120.23596,39.32826],[-120.236116,39.32826],[-120.236128,39.328259],[-120.236139,39.328257],[-120.23615,39.328254],[-120.23616,39.32825],[-120.236169,39.328244],[-120.236176,39.328237],[-120.236182,39.328229],[-120.236187,39.328221],[-120.23619,39.328069],[-120.23619,39.327916],[-120.23596,39.327917]]]},"properties":{"APN":"018514001000","ADDRESS":"10255 PROSSER DRIVE"}},{"type":"Feature","geometry":{"type":"Polygon","coordinates":[[[-120.23596,39.327917],[-120.23596,39.32826],[-120.236116,39.32826],[-120.236128,39.328259],[-120.236139,39.328257],[-120.23615,39.328254],[-120.23616,39.32825],[-120.236169,39.328244],[-120.236176,39.328237],[-120.236182,39.328229],[-120.236187,39.328221],[-120.23619,39.328069],[-120.23619,39.327916],[-120.23596,39.327917]]]},"properties":{"APN":"018514001000","ADDRESS":"10255 PROSSER DRIVE"}},{"type":"Feature","geometry":{"type":"Polygon","coordinates":[[[-120.235323,39.327472],[-120.235323,39.327917],[-120.235536,39.327917],[-120.235535,39.327421],[-120.235323,39.327472]]]},"properties":{"APN":"018520006000","ADDRESS":"12754 PARKER ROAD"}},{"type":"Feature","geometry":{"type":"Polygon","coordinates":[[[-120.234475,39.327574],[-120.234475,39.327917],[-120.234687,39.327917],[-120.234899,39.327917],[-120.234899,39.327568],[-120.234858,39.327572],[-120.234809,39.327574],[-120.234475,39.327574]]]},"properties":{"APN":"018520009000","ADDRESS":"12710 PARKER ROAD"}},{"type":"Feature","geometry":{"type":"Polygon","coordinates":[[[-120.231942,39.326835],[-120.231834,39.327182],[-120.23204,39.327221],[-120.232065,39.327141],[-120.232148,39.326874],[-120.231942,39.326835]]]},"properties":{"APN":"018520018000","ADDRESS":"10145 THOMAS DRIVE"}},{"type":"Feature","geometry":{"type":"Polygon","coordinates":[[[-120.235168,39.326877],[-120.23542,39.326941],[-120.235579,39.326558],[-120.235327,39.326494],[-120.235168,39.326877]]]},"properties":{"APN":"018520042000","ADDRESS":"12749 SIERRA DRIVE"}},{"type":"Feature","geometry":{"type":"Polygon","coordinates":[[[-120.226949,39.326007],[-120.226938,39.326477],[-120.227151,39.326458],[-120.227161,39.32601],[-120.226949,39.326007]]]},"properties":{"APN":"018534006000","ADDRESS":"12301 SIERRA DRIVE"}},{"type":"Feature","geometry":{"type":"Polygon","coordinates":[[[-120.22337,39.326335],[-120.223369,39.326508],[-120.223648,39.326509],[-120.223651,39.325988],[-120.22339,39.325987],[-120.223373,39.325986],[-120.223372,39.326161],[-120.22337,39.326335]]]},"properties":{"APN":"018540023000","ADDRESS":"12111 SIERRA DRIVE EAST"}},{"type":"Feature","geometry":{"type":"Polygon","coordinates":[[[-120.224771,39.325777],[-120.224768,39.325956],[-120.22491,39.325957],[-120.224913,39.325779],[-120.224771,39.325777]]]},"properties":{"APN":"018540041000","ADDRESS":"12166 RICHARDS BOULEVARD"}},{"type":"Feature","geometry":{"type":"Polygon","coordinates":[[[-120.238202,39.329274],[-120.238203,39.329786],[-120.238379,39.329786],[-120.238379,39.329274],[-120.238202,39.329274]]]},"properties":{"APN":"018382005000","ADDRESS":"12902 PALISADE STREET"}},{"type":"Feature","geometry":{"type":"Polygon","coordinates":[[[-120.238026,39.329274],[-120.238026,39.329786],[-120.238203,39.329786],[-120.238202,39.329274],[-120.238026,39.329274]]]},"properties":{"APN":"018382006000","ADDRESS":"12892 PALISADE STREET"}},{"type":"Feature","geometry":{"type":"Polygon","coordinates":[[[-120.239828,39.329556],[-120.239828,39.329785],[-120.240334,39.329785],[-120.240334,39.329717],[-120.239878,39.329568],[-120.239828,39.329556]]]},"properties":{"APN":"018382019000","ADDRESS":"12994 PALISADE STREET"}},{"type":"Feature","geometry":{"type":"Polygon","coordinates":[[[-120.238524,39.32917],[-120.238708,39.329191],[-120.238708,39.328927],[-120.238524,39.32889],[-120.238524,39.32917]]]},"properties":{"APN":"018383004000","ADDRESS":"12915 PALISADE STREET"}},{"type":"Feature","geometry":{"type":"Polygon","coordinates":[[[-120.237283,39.32889],[-120.237283,39.329165],[-120.23746,39.329165],[-120.23746,39.32889],[-120.237283,39.32889]]]},"properties":{"APN":"018383010000","ADDRESS":"12849 PALISADE STREET"}},{"type":"Feature","geometry":{"type":"Polygon","coordinates":[[[-120.239473,39.32935],[-120.239793,39.329431],[-120.239793,39.32925],[-120.239744,39.329235],[-120.239473,39.329148],[-120.239473,39.32935]]]},"properties":{"APN":"018383029000","ADDRESS":"12971 PALISADE STREET"}},{"type":"Feature","geometry":{"type":"Polygon","coordinates":[[[-120.239933,39.326329],[-120.239859,39.326437],[-120.240169,39.326568],[-120.240274,39.326416],[-120.239933,39.326329]]]},"properties":{"APN":"018400006000","ADDRESS":"13045 DONNER PASS ROAD"}},{"type":"Feature","geometry":{"type":"Polygon","coordinates":[[[-120.23957,39.326188],[-120.239501,39.326286],[-120.239859,39.326437],[-120.239933,39.326329],[-120.240029,39.32619],[-120.239673,39.32604],[-120.23957,39.326188]]]},"properties":{"APN":"018400007000","ADDRESS":"13021 DONNER PASS ROAD"}},{"type":"Feature","geometry":{"type":"Polygon","coordinates":[[[-120.240208,39.327566],[-120.24036,39.32768],[-120.240514,39.327404],[-120.24034,39.327344],[-120.240208,39.327566]]]},"properties":{"APN":"018400025000","ADDRESS":"13081 MORAINE ROAD"}},{"type":"Feature","geometry":{"type":"Polygon","coordinates":[[[-120.236843,39.327188],[-120.237035,39.327278],[-120.237198,39.327045],[-120.23681,39.326895],[-120.236788,39.326947],[-120.236693,39.327179],[-120.236843,39.327188]]]},"properties":{"APN":"018400032000","ADDRESS":"12839 SIERRA DRIVE"}},{"type":"Feature","geometry":{"type":"Polygon","coordinates":[[[-120.239911,39.327346],[-120.240208,39.327566],[-120.24034,39.327344],[-120.240562,39.32697],[-120.240245,39.326849],[-120.24,39.327214],[-120.239911,39.327346]]]},"properties":{"APN":"018400045000","ADDRESS":"13082 DONNER PASS ROAD"}},{"type":"Feature","geometry":{"type":"Polygon","coordinates":[[[-120.226831,39.325411],[-120.226827,39.326005],[-120.226949,39.326007],[-120.227161,39.32601],[-120.227255,39.326011],[-120.227259,39.32533],[-120.22719,39.325336],[-120.226831,39.325411]]]},"properties":{"APN":"018500053000","ADDRESS":"12288 RICHARDS BOULEVARD"}},{"type":"Feature","geometry":{"type":"Polygon","coordinates":[[[-120.23431,39.329108],[-120.234397,39.329111],[-120.234484,39.329111],[-120.234484,39.328768],[-120.234263,39.328768],[-120.234263,39.329057],[-120.234264,39.329066],[-120.234267,39.329075],[-120.234273,39.329084],[-120.23428,39.329092],[-120.234288,39.329099],[-120.234298,39.329104],[-120.23431,39.329108]]]},"properties":{"APN":"018512004000","ADDRESS":"12677 PALISADE STREET"}},{"type":"Feature","geometry":{"type":"Polygon","coordinates":[[[-120.235333,39.328768],[-120.235333,39.329111],[-120.235545,39.329111],[-120.235545,39.328768],[-120.235333,39.328768]]]},"properties":{"APN":"018512011000","ADDRESS":"12739 PALISADE STREET"}},{"type":"Feature","geometry":{"type":"Polygon","coordinates":[[[-120.233698,39.328935],[-120.233893,39.329044],[-120.233933,39.329068],[-120.233948,39.329071],[-120.233963,39.329072],[-120.233978,39.329071],[-120.233993,39.329068],[-120.234007,39.329063],[-120.23402,39.329056],[-120.234031,39.329048],[-120.23404,39.329038],[-120.234046,39.329027],[-120.23405,39.329016],[-120.234051,39.329004],[-120.234051,39.328768],[-120.233698,39.328769],[-120.233698,39.328935]]]},"properties":{"APN":"018513001000","ADDRESS":"10335 THOMAS DRIVE"}},{"type":"Feature","geometry":{"type":"Polygon","coordinates":[[[-120.235748,39.327917],[-120.235748,39.32826],[-120.23596,39.32826],[-120.23596,39.327917],[-120.235748,39.327917]]]},"properties":{"APN":"018514002000","ADDRESS":"12765 LEE ROAD"}},{"type":"Feature","geometry":{"type":"Polygon","coordinates":[[[-120.235323,39.327917],[-120.235324,39.32826],[-120.235536,39.32826],[-120.235536,39.327917],[-120.235323,39.327917]]]},"properties":{"APN":"018514011000","ADDRESS":"12741 LEE ROAD"}},{"type":"Feature","geometry":{"type":"Polygon","coordinates":[[[-120.23285,39.327556],[-120.233008,39.327732],[-120.233298,39.327574],[-120.23314,39.327399],[-120.23285,39.327556]]]},"properties":{"APN":"018520014000","ADDRESS":"10231 THOMAS DRIVE"}},{"type":"Feature","geometry":{"type":"Polygon","coordinates":[[[-120.233152,39.327149],[-120.23326,39.327248],[-120.233593,39.327015],[-120.233415,39.326902],[-120.233121,39.327124],[-120.233152,39.327149]]]},"properties":{"APN":"018520028000","ADDRESS":"10210 THOMAS DRIVE"}},{"type":"Feature","geometry":{"type":"Polygon","coordinates":[[[-120.233,39.327035],[-120.233121,39.327124],[-120.233415,39.326902],[-120.233217,39.326774],[-120.232965,39.327012],[-120.233,39.327035]]]},"properties":{"APN":"018520029000","ADDRESS":"10198 THOMAS DRIVE"}},{"type":"Feature","geometry":{"type":"Polygon","coordinates":[[[-120.232651,39.326848],[-120.232794,39.326914],[-120.233017,39.326646],[-120.233034,39.326626],[-120.232709,39.326621],[-120.232587,39.326823],[-120.232651,39.326848]]]},"properties":{"APN":"018520031000","ADDRESS":"10172 THOMAS DRIVE"}},{"type":"Feature","geometry":{"type":"Polygon","coordinates":[[[-120.233456,39.327749],[-120.233167,39.327907],[-120.233325,39.328082],[-120.233614,39.327925],[-120.233456,39.327749]]]},"properties":{"APN":"018520060000","ADDRESS":"10257 THOMAS DRIVE"}},{"type":"Feature","geometry":{"type":"Polygon","coordinates":[[[-120.22801,39.326022],[-120.228001,39.32638],[-120.228214,39.326361],[-120.228222,39.326025],[-120.228181,39.326025],[-120.22801,39.326022]]]},"properties":{"APN":"018534002000","ADDRESS":"12361 SIERRA DRIVE"}},{"type":"Feature","geometry":{"type":"Polygon","coordinates":[[[-120.231218,39.326068],[-120.231209,39.326435],[-120.231421,39.326438],[-120.23143,39.326071],[-120.231359,39.32607],[-120.231218,39.326068]]]},"properties":{"APN":"018534014000","ADDRESS":"12531 SIERRA DRIVE"}},{"type":"Feature","geometry":{"type":"Polygon","coordinates":[[[-120.208145,39.325988],[-120.209531,39.325997],[-120.209541,39.325408],[-120.208163,39.325399],[-120.208165,39.325207],[-120.207815,39.325205],[-120.20781,39.325864],[-120.207816,39.325887],[-120.207825,39.325908],[-120.20784,39.325928],[-120.207859,39.325945],[-120.207882,39.32596],[-120.207907,39.325972],[-120.207935,39.32598],[-120.20804,39.325986],[-120.208145,39.325988]]]},"properties":{"APN":"018570032000","ADDRESS":"11355 DONNER PASS ROAD"}},{"type":"Feature","geometry":{"type":"Polygon","coordinates":[[[-120.208145,39.325988],[-120.209531,39.325997],[-120.209541,39.325408],[-120.208163,39.325399],[-120.208165,39.325207],[-120.207815,39.325205],[-120.20781,39.325864],[-120.207816,39.325887],[-120.207825,39.325908],[-120.20784,39.325928],[-120.207859,39.325945],[-120.207882,39.32596],[-120.207907,39.325972],[-120.207935,39.32598],[-120.20804,39.325986],[-120.208145,39.325988]]]},"properties":{"APN":"018570032000","ADDRESS":"11357 DONNER PASS ROAD"}},{"type":"Feature","geometry":{"type":"Polygon","coordinates":[[[-120.216072,39.329107],[-120.216249,39.329567],[-120.216602,39.329566],[-120.216673,39.329565],[-120.2163,39.328945],[-120.216264,39.328985],[-120.216222,39.329021],[-120.216176,39.329053],[-120.216126,39.329082],[-120.216072,39.329107]]]},"properties":{"APN":"018580011000","ADDRESS":"11764 EDMUNDS DRIVE"}},{"type":"Feature","geometry":{"type":"Polygon","coordinates":[[[-120.216434,39.328163],[-120.216415,39.328382],[-120.216924,39.328385],[-120.216919,39.328165],[-120.216434,39.328163]]]},"properties":{"APN":"018580015000","ADDRESS":"11824 EDMUNDS DRIVE"}},{"type":"Feature","geometry":{"type":"Polygon","coordinates":[[[-120.216434,39.328163],[-120.216415,39.328382],[-120.216924,39.328385],[-120.216919,39.328165],[-120.216434,39.328163]]]},"properties":{"APN":"018580015000","ADDRESS":"11824 EDMUNDS DRIVE"}},{"type":"Feature","geometry":{"type":"Polygon","coordinates":[[[-120.212983,39.32867],[-120.21298,39.329083],[-120.213048,39.329075],[-120.213298,39.329024],[-120.213301,39.328615],[-120.212983,39.32867]]]},"properties":{"APN":"018580033000","ADDRESS":"11595 ROCKY LANE"}},{"type":"Feature","geometry":{"type":"Polygon","coordinates":[[[-120.212021,39.328977],[-120.212344,39.329036],[-120.212347,39.328651],[-120.212023,39.328632],[-120.212021,39.328977]]]},"properties":{"APN":"018590022000","ADDRESS":"11543 ROCKY LANE"}},{"type":"Feature","geometry":{"type":"Polygon","coordinates":[[[-120.216031,39.327596],[-120.21611,39.327607],[-120.21654,39.327135],[-120.216535,39.326937],[-120.216187,39.326935],[-120.215981,39.326934],[-120.215774,39.326934],[-120.215757,39.326933],[-120.215675,39.326933],[-120.21567,39.326933],[-120.215663,39.326933],[-120.215663,39.326933],[-120.215661,39.326933],[-120.215656,39.326933],[-120.215652,39.326933],[-120.21565,39.326933],[-120.215546,39.326932],[-120.215421,39.326932],[-120.215408,39.326932],[-120.215345,39.326931],[-120.21514,39.326931],[-120.215127,39.32693],[-120.214943,39.32693],[-120.215565,39.327561],[-120.215575,39.32757],[-120.215588,39.327578],[-120.215602,39.327585],[-120.215617,39.327589],[-120.215632,39.327592],[-120.215648,39.327593],[-120.216031,39.327596]],[[-120.215812,39.327501],[-120.215695,39.327499],[-120.215695,39.327466],[-120.215688,39.327466],[-120.215688,39.327462],[-120.215685,39.327462],[-120.215686,39.327425],[-120.21569,39.327425],[-120.21569,39.327421],[-120.215697,39.327421],[-120.215698,39.327393],[-120.215773,39.327394],[-120.215772,39.327422],[-120.215814,39.327423],[-120.215848,39.327423],[-120.215849,39.327391],[-120.215834,39.327379],[-120.215835,39.327369],[-120.215749,39.327368],[-120.215748,39.327361],[-120.215742,39.327361],[-120.215742,39.327358],[-120.215738,39.327357],[-120.215739,39.327325],[-120.215743,39.327325],[-120.215743,39.32732],[-120.21575,39.32732],[-120.215751,39.327285],[-120.21584,39.327286],[-120.215839,39.327323],[-120.215845,39.327323],[-120.215845,39.327318],[-120.21585,39.327317],[-120.21585,39.327315],[-120.215892,39.327315],[-120.215892,39.327318],[-120.215897,39.327318],[-120.215897,39.327324],[-120.21594,39.327324],[-120.215986,39.327325],[-120.215986,39.327319],[-120.215991,39.327319],[-120.215991,39.327316],[-120.216041,39.327317],[-120.216041,39.32732],[-120.216047,39.32732],[-120.216047,39.327326],[-120.216055,39.327326],[-120.216054,39.327383],[-120.216038,39.327394],[-120.216038,39.327425],[-120.216075,39.327426],[-120.216073,39.327485],[-120.216038,39.327485],[-120.216037,39.327489],[-120.216032,39.327489],[-120.216032,39.327492],[-120.215984,39.327491],[-120.215983,39.327488],[-120.215978,39.327488],[-120.215978,39.327483],[-120.215936,39.327482],[-120.215897,39.327482],[-120.215896,39.327487],[-120.215891,39.327487],[-120.215891,39.32749],[-120.215851,39.32749],[-120.215851,39.327487],[-120.215846,39.327487],[-120.215846,39.327481],[-120.215813,39.327481],[-120.215812,39.327501]],[[-120.215683,39.327201],[-120.215594,39.3272],[-120.215594,39.327165],[-120.215588,39.327165],[-120.215588,39.32716],[-120.215585,39.32716],[-120.215584,39.327128],[-120.215587,39.327128],[-120.215587,39.327123],[-120.215595,39.327123],[-120.215595,39.327116],[-120.215681,39.327117],[-120.215682,39.327106],[-120.215697,39.327095],[-120.215696,39.327063],[-120.215662,39.327063],[-120.21562,39.327063],[-120.21562,39.327091],[-120.215545,39.32709],[-120.215546,39.327063],[-120.215538,39.327063],[-120.215538,39.327059],[-120.215535,39.327059],[-120.215536,39.327028],[-120.215539,39.327028],[-120.215539,39.327023],[-120.215546,39.327023],[-120.215547,39.32699],[-120.215664,39.32699],[-120.215664,39.327005],[-120.215697,39.327004],[-120.215697,39.326999],[-120.215702,39.326999],[-120.215703,39.326997],[-120.215743,39.326997],[-120.215743,39.326999],[-120.215749,39.326999],[-120.215748,39.327005],[-120.215791,39.327005],[-120.215829,39.327005],[-120.215829,39.327],[-120.215835,39.327],[-120.215835,39.326997],[-120.215876,39.326998],[-120.215876,39.327],[-120.215881,39.327],[-120.215881,39.327006],[-120.215917,39.327006],[-120.215949,39.327006],[-120.215951,39.327001],[-120.215955,39.327001],[-120.215955,39.326998],[-120.215996,39.326998],[-120.215996,39.327001],[-120.216001,39.327001],[-120.216001,39.327006],[-120.216043,39.327007],[-120.216083,39.327007],[-120.216083,39.327002],[-120.216088,39.327002],[-120.216088,39.326999],[-120.216136,39.326999],[-120.216136,39.327001],[-120.216141,39.327001],[-120.216141,39.327008],[-120.216177,39.327008],[-120.216176,39.327066],[-120.21614,39.327066],[-120.21614,39.327098],[-120.216154,39.327109],[-120.216153,39.327166],[-120.216145,39.327166],[-120.216145,39.327173],[-120.216139,39.327172],[-120.216139,39.327175],[-120.21609,39.327174],[-120.21609,39.327171],[-120.216085,39.327171],[-120.216085,39.327166],[-120.216042,39.327166],[-120.215997,39.327166],[-120.215997,39.327171],[-120.215991,39.327171],[-120.21599,39.327173],[-120.215949,39.327173],[-120.215949,39.327171],[-120.215943,39.32717],[-120.215943,39.327166],[-120.215936,39.327165],[-120.215935,39.327108],[-120.21595,39.327097],[-120.215949,39.327065],[-120.215917,39.327064],[-120.21588,39.327064],[-120.215879,39.327096],[-120.215894,39.327108],[-120.215893,39.327165],[-120.215884,39.327165],[-120.215884,39.327171],[-120.215879,39.32717],[-120.215878,39.327173],[-120.215837,39.327173],[-120.215837,39.32717],[-120.215832,39.32717],[-120.215832,39.327165],[-120.215789,39.327165],[-120.215743,39.327164],[-120.215743,39.327169],[-120.215738,39.327169],[-120.215737,39.327172],[-120.215695,39.327172],[-120.215695,39.327169],[-120.21569,39.327169],[-120.215689,39.327164],[-120.215684,39.327163],[-120.215683,39.327201]]]},"properties":{"APN":"018600017000","ADDRESS":"UNKNOWN ADDRESS"}},{"type":"Feature","geometry":{"type":"Polygon","coordinates":[[[-120.215991,39.327319],[-120.215986,39.327319],[-120.215986,39.327325],[-120.21594,39.327324],[-120.215938,39.327393],[-120.216038,39.327394],[-120.216054,39.327383],[-120.216055,39.327326],[-120.216047,39.327326],[-120.216047,39.32732],[-120.216041,39.32732],[-120.216041,39.327317],[-120.215991,39.327316],[-120.215991,39.327319]]]},"properties":{"APN":"018600041000","ADDRESS":"UNKNOWN ADDRESS"}},{"type":"Feature","geometry":{"type":"Polygon","coordinates":[[[-120.215688,39.327466],[-120.215695,39.327466],[-120.215695,39.327499],[-120.215812,39.327501],[-120.215813,39.327481],[-120.215814,39.327423],[-120.215772,39.327422],[-120.215773,39.327394],[-120.215698,39.327393],[-120.215697,39.327421],[-120.21569,39.327421],[-120.21569,39.327425],[-120.215686,39.327425],[-120.215685,39.327462],[-120.215688,39.327462],[-120.215688,39.327466]]]},"properties":{"APN":"018600044000","ADDRESS":"UNKNOWN ADDRESS"}},{"type":"Feature","geometry":{"type":"Polygon","coordinates":[[[-120.208801,39.327038],[-120.208799,39.327313],[-120.209064,39.327314],[-120.209066,39.327039],[-120.208801,39.327038]]]},"properties":{"APN":"018610015000","ADDRESS":"11360 FOREST LANE"}},{"type":"Feature","geometry":{"type":"Polygon","coordinates":[[[-120.215596,39.336261],[-120.215868,39.336478],[-120.21604,39.336341],[-120.215883,39.336065],[-120.2158,39.336099],[-120.215743,39.336134],[-120.215689,39.336173],[-120.21564,39.336215],[-120.215596,39.336261]]]},"properties":{"APN":"018021031000","ADDRESS":"10862 PASSAGE PLACE"}},{"type":"Feature","geometry":{"type":"Polygon","coordinates":[[[-120.215234,39.334032],[-120.215349,39.33432],[-120.215518,39.334292],[-120.215589,39.334287],[-120.215591,39.334287],[-120.215569,39.33397],[-120.215234,39.334032]]]},"properties":{"APN":"018031013000","ADDRESS":"12057 LAMPLIGHTER WAY"}},{"type":"Feature","geometry":{"type":"Polygon","coordinates":[[[-120.215723,39.334776],[-120.215821,39.335103],[-120.216079,39.335056],[-120.215991,39.334765],[-120.215975,39.334765],[-120.215728,39.334776],[-120.215723,39.334776]]]},"properties":{"APN":"018031036000","ADDRESS":"11983 CAVERN WAY"}},{"type":"Feature","geometry":{"type":"Polygon","coordinates":[[[-120.216423,39.335123],[-120.216714,39.335434],[-120.21683,39.335413],[-120.217088,39.335367],[-120.217085,39.33522],[-120.216591,39.334983],[-120.216577,39.335],[-120.216507,39.335067],[-120.216423,39.335123]]]},"properties":{"APN":"018031041000","ADDRESS":"11950 CAVERN WAY"}},{"type":"Feature","geometry":{"type":"Polygon","coordinates":[[[-120.245584,39.335318],[-120.245584,39.335537],[-120.246556,39.335536],[-120.246556,39.335317],[-120.245584,39.335318]]]},"properties":{"APN":"018210018000","ADDRESS":"N/A"}},{"type":"Feature","geometry":{"type":"Polygon","coordinates":[[[-120.24258,39.335608],[-120.24258,39.335827],[-120.243994,39.335826],[-120.243993,39.335607],[-120.24258,39.335608]]]},"properties":{"APN":"018220015000","ADDRESS":"N/A"}},{"type":"Feature","geometry":{"type":"Polygon","coordinates":[[[-120.236339,39.333595],[-120.236339,39.333814],[-120.237983,39.333813],[-120.237982,39.333594],[-120.236339,39.333595]]]},"properties":{"APN":"018270018000","ADDRESS":"N/A"}},{"type":"Feature","geometry":{"type":"Polygon","coordinates":[[[-120.239572,39.332728],[-120.239572,39.332947],[-120.240544,39.332947],[-120.240544,39.332727],[-120.239572,39.332728]]]},"properties":{"APN":"018290007000","ADDRESS":"N/A"}},{"type":"Feature","geometry":{"type":"Polygon","coordinates":[[[-120.239395,39.332152],[-120.239395,39.332371],[-120.239483,39.332371],[-120.239483,39.332152],[-120.239395,39.332152]]]},"properties":{"APN":"018290016000","ADDRESS":"N/A"}},{"type":"Feature","geometry":{"type":"Polygon","coordinates":[[[-120.246679,39.330373],[-120.246935,39.330425],[-120.247087,39.330011],[-120.246832,39.329955],[-120.246679,39.330373]]]},"properties":{"APN":"018310016000","ADDRESS":"13484 OLYMPIC DRIVE"}},{"type":"Feature","geometry":{"type":"Polygon","coordinates":[[[-120.237237,39.32513],[-120.237713,39.325224],[-120.238762,39.325431],[-120.238834,39.325445],[-120.23901,39.324091],[-120.239272,39.32358],[-120.238298,39.323567],[-120.237701,39.323984],[-120.23715,39.323931],[-120.237129,39.324026],[-120.236988,39.324013],[-120.23701,39.323911],[-120.23701,39.323821],[-120.236997,39.323714],[-120.23699,39.323606],[-120.236989,39.323499],[-120.236993,39.323391],[-120.237007,39.323313],[-120.237122,39.322782],[-120.237143,39.322705],[-120.237172,39.322629],[-120.237208,39.322555],[-120.237252,39.322483],[-120.236222,39.322477],[-120.236225,39.325039],[-120.236238,39.325043],[-120.236685,39.32517],[-120.236739,39.325185],[-120.236796,39.325082],[-120.236815,39.325046],[-120.237237,39.32513]]]},"properties":{"APN":"018340004000","ADDRESS":"12821 DONNER PASS ROAD"}},{"type":"Feature","geometry":{"type":"Polygon","coordinates":[[[-120.247543,39.329369],[-120.247446,39.329633],[-120.247521,39.32965],[-120.247644,39.329677],[-120.247734,39.329412],[-120.247543,39.329369]]]},"properties":{"APN":"018361005000","ADDRESS":"13514 MORAINE ROAD"}},{"type":"Feature","geometry":{"type":"Polygon","coordinates":[[[-120.246149,39.329632],[-120.246404,39.329689],[-120.246501,39.329425],[-120.246426,39.329408],[-120.246256,39.32937],[-120.246246,39.329368],[-120.246149,39.329632]]]},"properties":{"APN":"018361015000","ADDRESS":"13441 OLYMPIC DRIVE"}},{"type":"Feature","geometry":{"type":"Polygon","coordinates":[[[-120.245497,39.329484],[-120.245497,39.32978],[-120.245674,39.329779],[-120.245675,39.329489],[-120.245497,39.329484]]]},"properties":{"APN":"018371001000","ADDRESS":"13420 OLYMPIC DRIVE"}},{"type":"Feature","geometry":{"type":"Polygon","coordinates":[[[-120.245264,39.329369],[-120.245676,39.329379],[-120.245677,39.329242],[-120.245406,39.329182],[-120.245338,39.329167],[-120.245264,39.329369]]]},"properties":{"APN":"018372001000","ADDRESS":"13395 SIERRA DRIVE"}},{"type":"Feature","geometry":{"type":"Polygon","coordinates":[[[-120.242622,39.32879],[-120.24275,39.328908],[-120.242857,39.328617],[-120.242687,39.32858],[-120.242517,39.328542],[-120.242622,39.32879]]]},"properties":{"APN":"018372011000","ADDRESS":"10092 SUMMIT DRIVE"}},{"type":"Feature","geometry":{"type":"Polygon","coordinates":[[[-120.2451,39.329114],[-120.245236,39.329144],[-120.245333,39.32888],[-120.245163,39.328843],[-120.245066,39.329107],[-120.2451,39.329114]]]},"properties":{"APN":"018372033000","ADDRESS":"13380 MORAINE ROAD"}},{"type":"Feature","geometry":{"type":"Polygon","coordinates":[[[-120.242399,39.329124],[-120.242721,39.329147],[-120.242731,39.329062],[-120.242497,39.328845],[-120.242476,39.328796],[-120.242342,39.329091],[-120.242399,39.329124]]]},"properties":{"APN":"018373001000","ADDRESS":"10095 SUMMIT DRIVE"}},{"type":"Feature","geometry":{"type":"Polygon","coordinates":[[[-120.245382,39.328748],[-120.245679,39.328814],[-120.245681,39.328529],[-120.245479,39.328484],[-120.245382,39.328748]]]},"properties":{"APN":"018374001000","ADDRESS":"13395 MORAINE ROAD"}},{"type":"Feature","geometry":{"type":"Polygon","coordinates":[[[-120.244532,39.32856],[-120.244702,39.328598],[-120.244799,39.328334],[-120.244629,39.328296],[-120.244532,39.32856]]]},"properties":{"APN":"018374006000","ADDRESS":"13341 MORAINE ROAD"}},{"type":"Feature","geometry":{"type":"Polygon","coordinates":[[[-120.218938,39.322747],[-120.219114,39.322722],[-120.219235,39.322656],[-120.219334,39.322608],[-120.219494,39.322555],[-120.219597,39.32246],[-120.219791,39.322405],[-120.219808,39.322209],[-120.21925,39.322352],[-120.21918,39.322367],[-120.219107,39.322374],[-120.219035,39.322375],[-120.218962,39.322368],[-120.218892,39.322354],[-120.218824,39.322334],[-120.21876,39.322307],[-120.218701,39.322275],[-120.218653,39.322249],[-120.2186,39.32223],[-120.218545,39.322217],[-120.218488,39.322211],[-120.218465,39.322452],[-120.218437,39.322776],[-120.218433,39.322813],[-120.218518,39.322801],[-120.218683,39.322764],[-120.2188,39.322765],[-120.218938,39.322747]]]},"properties":{"APN":"018560024000","ADDRESS":"11890 DEERFIELD DRIVE"}},{"type":"Feature","geometry":{"type":"Polygon","coordinates":[[[-120.213576,39.329127],[-120.213573,39.329577],[-120.213856,39.329576],[-120.213859,39.329104],[-120.213662,39.329114],[-120.213576,39.329127]]]},"properties":{"APN":"018580004000","ADDRESS":"11626 ROCKY LANE"}},{"type":"Feature","geometry":{"type":"Polygon","coordinates":[[[-120.214275,39.328359],[-120.214279,39.328563],[-120.214637,39.32851],[-120.214558,39.32819],[-120.21424,39.328201],[-120.214275,39.328359]]]},"properties":{"APN":"018580042000","ADDRESS":"11664 BROOK LANE"}},{"type":"Feature","geometry":{"type":"Polygon","coordinates":[[[-120.20905,39.329099],[-120.209048,39.329373],[-120.209543,39.329375],[-120.209545,39.329101],[-120.20905,39.329099]]]},"properties":{"APN":"018590009000","ADDRESS":"11376 ROCKY LANE"}},{"type":"Feature","geometry":{"type":"Polygon","coordinates":[[[-120.208762,39.328864],[-120.208761,39.32896],[-120.209051,39.328961],[-120.209053,39.328687],[-120.208806,39.328686],[-120.208866,39.328747],[-120.208805,39.328839],[-120.208805,39.328864],[-120.208762,39.328864]]]},"properties":{"APN":"018590014000","ADDRESS":"11348 VALLEY ROAD"}},{"type":"Feature","geometry":{"type":"Polygon","coordinates":[[[-120.209555,39.327865],[-120.209553,39.32814],[-120.210047,39.328142],[-120.21005,39.327868],[-120.209555,39.327865]]]},"properties":{"APN":"018590039000","ADDRESS":"11390 RIDGE ROAD"}},{"type":"Feature","geometry":{"type":"Polygon","coordinates":[[[-120.211712,39.327807],[-120.211711,39.327875],[-120.211959,39.327877],[-120.212206,39.327878],[-120.212207,39.32774],[-120.212209,39.327471],[-120.212209,39.327466],[-120.211962,39.327465],[-120.211959,39.327808],[-120.211712,39.327807]]]},"properties":{"APN":"018590046000","ADDRESS":"11535 RIDGE ROAD"}},{"type":"Feature","geometry":{"type":"Polygon","coordinates":[[[-120.209542,39.329593],[-120.209726,39.329592],[-120.209727,39.329376],[-120.209791,39.329327],[-120.209793,39.329102],[-120.209545,39.329101],[-120.209543,39.329375],[-120.209542,39.329593]]]},"properties":{"APN":"018590050000","ADDRESS":"11384 ROCKY LANE"}},{"type":"Feature","geometry":{"type":"Polygon","coordinates":[[[-120.207573,39.329092],[-120.207573,39.329271],[-120.207573,39.329601],[-120.209542,39.329593],[-120.209543,39.329375],[-120.209048,39.329373],[-120.20905,39.329099],[-120.207573,39.329092]]]},"properties":{"APN":"018590051000","ADDRESS":"11330 ROCKY LANE"}},{"type":"Feature","geometry":{"type":"Polygon","coordinates":[[[-120.211954,39.326228],[-120.211948,39.326916],[-120.211961,39.326916],[-120.212116,39.326916],[-120.212213,39.326917],[-120.212302,39.326917],[-120.212307,39.326231],[-120.211954,39.326228]]]},"properties":{"APN":"018600009000","ADDRESS":"11532 DONNER PASS ROAD"}},{"type":"Feature","geometry":{"type":"Polygon","coordinates":[[[-120.213896,39.326215],[-120.213891,39.326925],[-120.214589,39.326928],[-120.214595,39.326175],[-120.213896,39.326215]]]},"properties":{"APN":"018600011000","ADDRESS":"11638 DONNER PASS ROAD"}},{"type":"Feature","geometry":{"type":"Polygon","coordinates":[[[-120.215654,39.326404],[-120.215656,39.326093],[-120.21506,39.326139],[-120.215057,39.326259],[-120.215059,39.326278],[-120.215086,39.326343],[-120.215114,39.326401],[-120.215131,39.326435],[-120.215129,39.326478],[-120.215128,39.32655],[-120.215127,39.32659],[-120.215134,39.32663],[-120.215132,39.326715],[-120.215131,39.326769],[-120.215129,39.326842],[-120.215127,39.326915],[-120.215127,39.32693],[-120.21514,39.326931],[-120.215345,39.326931],[-120.215408,39.326932],[-120.21541,39.326866],[-120.215411,39.326812],[-120.215412,39.326756],[-120.215414,39.326699],[-120.215416,39.326634],[-120.215417,39.326574],[-120.215418,39.32655],[-120.215421,39.326523],[-120.215422,39.326476],[-120.215452,39.326441],[-120.215505,39.326404],[-120.215636,39.326403],[-120.215636,39.326405],[-120.215654,39.326404]],[[-120.215192,39.326414],[-120.215184,39.326398],[-120.215395,39.326397],[-120.215366,39.326419],[-120.215295,39.326443],[-120.215223,39.326464],[-120.215203,39.326451],[-120.215192,39.326414]]]},"properties":{"APN":"018600013000","ADDRESS":"11700 DONNER PASS ROAD"}},{"type":"Feature","geometry":{"type":"Polygon","coordinates":[[[-120.215818,39.326868],[-120.215757,39.326933],[-120.215774,39.326934],[-120.215981,39.326934],[-120.216187,39.326935],[-120.216194,39.326052],[-120.215656,39.326093],[-120.215654,39.326404],[-120.215653,39.326474],[-120.215653,39.32653],[-120.215653,39.32658],[-120.215652,39.326638],[-120.215652,39.326703],[-120.215651,39.326759],[-120.215651,39.32682],[-120.21565,39.326865],[-120.21565,39.326879],[-120.215789,39.326842],[-120.215789,39.326866],[-120.215818,39.326868]]]},"properties":{"APN":"018600014000","ADDRESS":"11732 DONNER PASS ROAD"}},{"type":"Feature","geometry":{"type":"Polygon","coordinates":[[[-120.215949,39.327173],[-120.21599,39.327173],[-120.215991,39.327171],[-120.215997,39.327171],[-120.215997,39.327166],[-120.216042,39.327166],[-120.216043,39.327097],[-120.21595,39.327097],[-120.215935,39.327108],[-120.215936,39.327165],[-120.215943,39.327166],[-120.215943,39.32717],[-120.215949,39.327171],[-120.215949,39.327173]]]},"properties":{"APN":"018600021000","ADDRESS":"UNKNOWN ADDRESS"}},{"type":"Feature","geometry":{"type":"Polygon","coordinates":[[[-120.215688,39.327466],[-120.215695,39.327466],[-120.215695,39.327499],[-120.215812,39.327501],[-120.215813,39.327481],[-120.215814,39.327423],[-120.215772,39.327422],[-120.215773,39.327394],[-120.215698,39.327393],[-120.215697,39.327421],[-120.21569,39.327421],[-120.21569,39.327425],[-120.215686,39.327425],[-120.215685,39.327462],[-120.215688,39.327462],[-120.215688,39.327466]]]},"properties":{"APN":"018600038000","ADDRESS":"UNKNOWN ADDRESS"}},{"type":"Feature","geometry":{"type":"Polygon","coordinates":[[[-120.210724,39.327459],[-120.210722,39.327734],[-120.211217,39.327736],[-120.211219,39.327461],[-120.210724,39.327459]]]},"properties":{"APN":"018610004000","ADDRESS":"11460 GLEN ROAD"}},{"type":"Feature","geometry":{"type":"Polygon","coordinates":[[[-120.210055,39.327181],[-120.210054,39.327319],[-120.21016,39.327319],[-120.210161,39.327182],[-120.210055,39.327181]]]},"properties":{"APN":"018610018000","ADDRESS":"11406 GLEN ROAD"}},{"type":"Feature","geometry":{"type":"Polygon","coordinates":[[[-120.208625,39.3269],[-120.208631,39.326214],[-120.207578,39.326202],[-120.207577,39.326726],[-120.207576,39.32689],[-120.207576,39.326895],[-120.207589,39.326895],[-120.207679,39.326896],[-120.207853,39.326896],[-120.208323,39.326899],[-120.208625,39.3269]]]},"properties":{"APN":"018610031000","ADDRESS":"11320 DONNER PASS ROAD"}},{"type":"Feature","geometry":{"type":"Polygon","coordinates":[[[-120.204886,39.324917],[-120.204884,39.325079],[-120.20501,39.325069],[-120.205274,39.325022],[-120.205275,39.324919],[-120.205276,39.324843],[-120.204887,39.324841],[-120.204886,39.324917]]]},"properties":{"APN":"018625018000","ADDRESS":"11165 TAHOE DRIVE"}},{"type":"Feature","geometry":{"type":"Polygon","coordinates":[[[-120.202767,39.324241],[-120.202765,39.324447],[-120.203153,39.32445],[-120.203156,39.324244],[-120.202767,39.324241]]]},"properties":{"APN":"018627005000","ADDRESS":"10122 LAKE AVENUE"}},{"type":"Feature","geometry":{"type":"Polygon","coordinates":[[[-120.203973,39.32399],[-120.204078,39.324086],[-120.204219,39.324088],[-120.204222,39.323868],[-120.203833,39.323865],[-120.203832,39.323988],[-120.203973,39.32399]]]},"properties":{"APN":"018640009000","ADDRESS":"10150 SIERRA AVENUE"}},{"type":"Feature","geometry":{"type":"Polygon","coordinates":[[[-120.203973,39.32399],[-120.204078,39.324086],[-120.204219,39.324088],[-120.204222,39.323868],[-120.203833,39.323865],[-120.203832,39.323988],[-120.203973,39.32399]]]},"properties":{"APN":"018640009000","ADDRESS":"11130 SPRING LANE"}},{"type":"Feature","geometry":{"type":"Polygon","coordinates":[[[-120.203232,39.32386],[-120.203229,39.324107],[-120.203617,39.32411],[-120.203621,39.323863],[-120.203232,39.32386]]]},"properties":{"APN":"018640011000","ADDRESS":"10145 SIERRA AVENUE"}},{"type":"Feature","geometry":{"type":"Polygon","coordinates":[[[-120.198627,39.320938],[-120.198626,39.321084],[-120.198716,39.321013],[-120.198811,39.320946],[-120.198911,39.320884],[-120.199016,39.320826],[-120.199125,39.320774],[-120.199237,39.320726],[-120.199353,39.320683],[-120.199472,39.320646],[-120.199594,39.320614],[-120.199718,39.320588],[-120.200278,39.320483],[-120.200598,39.320412],[-120.200908,39.320319],[-120.201206,39.320206],[-120.201395,39.320117],[-120.20158,39.320024],[-120.20176,39.319925],[-120.201936,39.319822],[-120.202251,39.319657],[-120.202396,39.319592],[-120.202544,39.319531],[-120.202695,39.319475],[-120.202848,39.319422],[-120.203003,39.319374],[-120.204919,39.31882],[-120.205588,39.318894],[-120.206247,39.319012],[-120.206588,39.319093],[-120.206235,39.318824],[-120.205029,39.317946],[-120.204891,39.31797],[-120.202502,39.318389],[-120.202472,39.318395],[-120.20177,39.318556],[-120.201089,39.318765],[-120.199802,39.319186],[-120.199016,39.319548],[-120.19861,39.319707],[-120.19861,39.319733],[-120.198629,39.320708],[-120.198627,39.320938]]]},"properties":{"APN":"018660059000","ADDRESS":"UNKNOWN ADDRESS"}},{"type":"Feature","geometry":{"type":"Polygon","coordinates":[[[-120.212844,39.332663],[-120.212303,39.332668],[-120.212311,39.333223],[-120.213408,39.333211],[-120.2134,39.332792],[-120.213371,39.332797],[-120.213341,39.332798],[-120.213311,39.332795],[-120.213282,39.332788],[-120.213255,39.332777],[-120.213231,39.332763],[-120.21321,39.332746],[-120.213193,39.332727],[-120.213181,39.332705],[-120.213174,39.332683],[-120.213172,39.332659],[-120.212844,39.332663]]]},"properties":{"APN":"018670008000","ADDRESS":"11632 WHITE FIR TRAIL"}},{"type":"Feature","geometry":{"type":"Polygon","coordinates":[[[-120.215444,39.332937],[-120.215335,39.333063],[-120.215229,39.33319],[-120.215363,39.333188],[-120.215813,39.333184],[-120.215807,39.332882],[-120.215477,39.332925],[-120.215468,39.332927],[-120.215459,39.33293],[-120.215451,39.332933],[-120.215444,39.332937]]]},"properties":{"APN":"018670012000","ADDRESS":"11718 CEDAR TRAIL"}},{"type":"Feature","geometry":{"type":"Polygon","coordinates":[[[-120.214021,39.330625],[-120.212844,39.332663],[-120.213172,39.332659],[-120.213175,39.332636],[-120.213183,39.332613],[-120.213196,39.332591],[-120.213214,39.332572],[-120.213235,39.332555],[-120.21326,39.332542],[-120.213288,39.332532],[-120.213318,39.332525],[-120.213348,39.332523],[-120.213379,39.332525],[-120.213408,39.332531],[-120.213436,39.332541],[-120.213461,39.332555],[-120.213483,39.332572],[-120.213501,39.332591],[-120.213514,39.332612],[-120.213522,39.332635],[-120.213525,39.332659],[-120.213844,39.332283],[-120.213985,39.332279],[-120.214303,39.332272],[-120.214621,39.332265],[-120.214639,39.332265],[-120.214392,39.331239],[-120.21449,39.33069],[-120.214218,39.330609],[-120.214021,39.330625]]]},"properties":{"APN":"018690002000","ADDRESS":"10370 DONNER TRAIL ROAD"}},{"type":"Feature","geometry":{"type":"Polygon","coordinates":[[[-120.212324,39.330789],[-120.212303,39.332668],[-120.212844,39.332663],[-120.214021,39.330625],[-120.213847,39.330552],[-120.213368,39.33074],[-120.212324,39.330789]]]},"properties":{"APN":"018690003000","ADDRESS":"10367 DONNER TRAIL ROAD"}},{"type":"Feature","geometry":{"type":"Polygon","coordinates":[[[-120.216021,39.322222],[-120.216022,39.322787],[-120.216393,39.322785],[-120.216393,39.322275],[-120.216021,39.322222]]]},"properties":{"APN":"018730002000","ADDRESS":"11770 DEERFIELD DRIVE"}},{"type":"Feature","geometry":{"type":"Polygon","coordinates":[[[-120.213997,39.322145],[-120.214001,39.322554],[-120.214302,39.322553],[-120.214336,39.322553],[-120.214333,39.322145],[-120.213997,39.322145]]]},"properties":{"APN":"018730008000","ADDRESS":"11654 DEERFIELD DRIVE"}},{"type":"Feature","geometry":{"type":"Polygon","coordinates":[[[-120.213997,39.322145],[-120.214001,39.322554],[-120.214302,39.322553],[-120.214336,39.322553],[-120.214333,39.322145],[-120.213997,39.322145]]]},"properties":{"APN":"018730008000","ADDRESS":"11654 DEERFIELD DRIVE"}},{"type":"Feature","geometry":{"type":"Polygon","coordinates":[[[-120.213997,39.322145],[-120.214001,39.322554],[-120.214302,39.322553],[-120.214336,39.322553],[-120.214333,39.322145],[-120.213997,39.322145]]]},"properties":{"APN":"018730008000","ADDRESS":"11654 DEERFIELD DRIVE"}},{"type":"Feature","geometry":{"type":"Polygon","coordinates":[[[-120.215467,39.32145],[-120.215427,39.321999],[-120.215655,39.32202],[-120.215857,39.322048],[-120.21592,39.321498],[-120.21577,39.321477],[-120.215619,39.321461],[-120.215467,39.32145]]]},"properties":{"APN":"018730015000","ADDRESS":"11737 DEERFIELD DRIVE"}},{"type":"Feature","geometry":{"type":"Polygon","coordinates":[[[-120.227957,39.322865],[-120.227891,39.322914],[-120.227832,39.322967],[-120.227779,39.323024],[-120.227734,39.323084],[-120.227695,39.323148],[-120.227689,39.323261],[-120.227815,39.323281],[-120.227852,39.323535],[-120.22796,39.32357],[-120.228066,39.323609],[-120.228169,39.323652],[-120.228269,39.323699],[-120.228295,39.32354],[-120.228372,39.323073],[-120.227957,39.322865]]]},"properties":{"APN":"018760002000","ADDRESS":"10583 COLD STREAM ROAD"}},{"type":"Feature","geometry":{"type":"Polygon","coordinates":[[[-120.227957,39.322865],[-120.227891,39.322914],[-120.227832,39.322967],[-120.227779,39.323024],[-120.227734,39.323084],[-120.227695,39.323148],[-120.227689,39.323261],[-120.227815,39.323281],[-120.227852,39.323535],[-120.22796,39.32357],[-120.228066,39.323609],[-120.228169,39.323652],[-120.228269,39.323699],[-120.228295,39.32354],[-120.228372,39.323073],[-120.227957,39.322865]]]},"properties":{"APN":"018760002000","ADDRESS":"12373 DONNER PASS ROAD"}},{"type":"Feature","geometry":{"type":"Polygon","coordinates":[[[-120.246255,39.327952],[-120.246283,39.327956],[-120.246295,39.327903],[-120.246298,39.327904],[-120.246308,39.327865],[-120.246312,39.327846],[-120.246309,39.327845],[-120.246289,39.327842],[-120.246292,39.327832],[-120.246289,39.327832],[-120.246232,39.327824],[-120.246216,39.327892],[-120.246267,39.3279],[-120.246255,39.327952]]]},"properties":{"APN":"018780012000","ADDRESS":"13409 DONNER PASS ROAD"}},{"type":"Feature","geometry":{"type":"Polygon","coordinates":[[[-120.210593,39.320615],[-120.210595,39.320626],[-120.210628,39.320624],[-120.210629,39.320635],[-120.21061,39.320636],[-120.210582,39.320638],[-120.210502,39.320643],[-120.210506,39.320676],[-120.210517,39.320676],[-120.210521,39.320709],[-120.210599,39.320703],[-120.210673,39.320698],[-120.210674,39.320703],[-120.210741,39.320698],[-120.21074,39.320692],[-120.210769,39.32069],[-120.210764,39.320644],[-120.210748,39.320645],[-120.210743,39.320605],[-120.210593,39.320615]]]},"properties":{"APN":"018810008000","ADDRESS":"10592 BOULDERS ROAD"}},{"type":"Feature","geometry":{"type":"Polygon","coordinates":[[[-120.210606,39.320425],[-120.210573,39.320427],[-120.210574,39.320438],[-120.210724,39.320428],[-120.210736,39.320427],[-120.210732,39.320387],[-120.210748,39.320386],[-120.210743,39.320339],[-120.210714,39.320341],[-120.210713,39.320333],[-120.210646,39.320338],[-120.210646,39.320344],[-120.210494,39.320355],[-120.210498,39.320388],[-120.210486,39.320388],[-120.21049,39.320422],[-120.21057,39.320416],[-120.210604,39.320414],[-120.210606,39.320425]]]},"properties":{"APN":"018810009000","ADDRESS":"10592 BOULDERS ROAD"}},{"type":"Feature","geometry":{"type":"Polygon","coordinates":[[[-120.209786,39.320648],[-120.209845,39.320649],[-120.209846,39.320637],[-120.209898,39.320638],[-120.209903,39.320521],[-120.209889,39.320521],[-120.209887,39.320547],[-120.209873,39.320546],[-120.209874,39.320531],[-120.209875,39.320509],[-120.209877,39.320447],[-120.209835,39.320446],[-120.209834,39.320455],[-120.209791,39.320454],[-120.209789,39.320515],[-120.209786,39.320573],[-120.209781,39.320573],[-120.209778,39.320625],[-120.209787,39.320626],[-120.209786,39.320648]]]},"properties":{"APN":"018810016000","ADDRESS":"10583 BOULDERS ROAD"}},{"type":"Feature","geometry":{"type":"Polygon","coordinates":[[[-120.210157,39.320269],[-120.2102,39.320271],[-120.210201,39.320262],[-120.210245,39.320265],[-120.210251,39.320203],[-120.210257,39.320144],[-120.210262,39.320144],[-120.210268,39.320091],[-120.210259,39.32009],[-120.210261,39.320068],[-120.210201,39.320064],[-120.2102,39.320077],[-120.210147,39.320074],[-120.210135,39.320192],[-120.21015,39.320193],[-120.210152,39.320167],[-120.210167,39.320168],[-120.210165,39.320183],[-120.210163,39.320206],[-120.210157,39.320269]]]},"properties":{"APN":"018810028000","ADDRESS":"10601 BOULDERS ROAD"}},{"type":"Feature","geometry":{"type":"Polygon","coordinates":[[[-120.209791,39.319206],[-120.209829,39.319223],[-120.209824,39.319231],[-120.209862,39.319247],[-120.209901,39.319192],[-120.209919,39.319168],[-120.209932,39.319174],[-120.209915,39.319196],[-120.209928,39.319202],[-120.210003,39.319098],[-120.210009,39.319089],[-120.209963,39.319069],[-120.209971,39.319058],[-120.209917,39.319034],[-120.209902,39.319054],[-120.209894,39.319051],[-120.20986,39.319097],[-120.209868,39.319101],[-120.209791,39.319206]]]},"properties":{"APN":"018810049000","ADDRESS":"11411 DOLOMITE WAY"}},{"type":"Feature","geometry":{"type":"Polygon","coordinates":[[[-120.210422,39.319507],[-120.210458,39.319526],[-120.210451,39.319533],[-120.210487,39.319552],[-120.210504,39.319532],[-120.21052,39.319514],[-120.210531,39.319502],[-120.210543,39.319508],[-120.210524,39.319529],[-120.210536,39.319535],[-120.210621,39.319439],[-120.210578,39.319416],[-120.210587,39.319406],[-120.210537,39.319379],[-120.210422,39.319507]]]},"properties":{"APN":"018810059000","ADDRESS":"11429 DOLOMITE WAY"}},{"type":"Feature","geometry":{"type":"Polygon","coordinates":[[[-120.210439,39.319331],[-120.210396,39.319308],[-120.210405,39.319298],[-120.210355,39.319271],[-120.210339,39.319289],[-120.210331,39.319285],[-120.210292,39.319328],[-120.210299,39.319332],[-120.210262,39.319375],[-120.21024,39.319399],[-120.210276,39.319418],[-120.21027,39.319425],[-120.210305,39.319444],[-120.210322,39.319424],[-120.210342,39.319401],[-120.210354,39.319408],[-120.210335,39.319429],[-120.210347,39.319435],[-120.210432,39.319339],[-120.210439,39.319331]]]},"properties":{"APN":"018810061000","ADDRESS":"11429 DOLOMITE WAY"}},{"type":"Feature","geometry":{"type":"Polygon","coordinates":[[[-120.211074,39.320864],[-120.211083,39.321047],[-120.211086,39.321047],[-120.211146,39.321045],[-120.211145,39.321033],[-120.211197,39.321031],[-120.211191,39.320915],[-120.211177,39.320915],[-120.211178,39.320941],[-120.211164,39.320941],[-120.211163,39.320927],[-120.211162,39.320905],[-120.211159,39.320843],[-120.211116,39.320845],[-120.211116,39.320853],[-120.211074,39.320855],[-120.211074,39.320864]]]},"properties":{"APN":"018820014000","ADDRESS":"10863 CINNABAR WAY"}},{"type":"Feature","geometry":{"type":"Polygon","coordinates":[[[-120.211707,39.320825],[-120.211707,39.320834],[-120.211711,39.321017],[-120.211714,39.321017],[-120.211774,39.321016],[-120.211774,39.321003],[-120.211825,39.321003],[-120.211822,39.320887],[-120.211808,39.320887],[-120.211809,39.320912],[-120.211795,39.320912],[-120.211792,39.320814],[-120.21175,39.320815],[-120.21175,39.320824],[-120.211707,39.320825]]]},"properties":{"APN":"018820030000","ADDRESS":"10868 CINNABAR WAY"}},{"type":"Feature","geometry":{"type":"Polygon","coordinates":[[[-120.211793,39.320368],[-120.211851,39.320384],[-120.21186,39.320363],[-120.211869,39.320366],[-120.211892,39.320316],[-120.211884,39.320314],[-120.211935,39.320203],[-120.211895,39.320192],[-120.211898,39.320184],[-120.211858,39.320173],[-120.211832,39.320231],[-120.21182,39.320256],[-120.211807,39.320252],[-120.211818,39.320228],[-120.211805,39.320225],[-120.211754,39.320334],[-120.21175,39.320343],[-120.211799,39.320356],[-120.211793,39.320368]]]},"properties":{"APN":"018820053000","ADDRESS":"11530 DOLOMITE WAY"}},{"type":"Feature","geometry":{"type":"Polygon","coordinates":[[[-120.211541,39.320275],[-120.211537,39.320284],[-120.211585,39.320297],[-120.211641,39.320316],[-120.211721,39.320144],[-120.211681,39.320133],[-120.211685,39.320125],[-120.211645,39.320114],[-120.211619,39.320172],[-120.211607,39.320197],[-120.211594,39.320193],[-120.211605,39.320169],[-120.211591,39.320166],[-120.211541,39.320275]]]},"properties":{"APN":"018820055000","ADDRESS":"11530 DOLOMITE WAY"}},{"type":"Feature","geometry":{"type":"Polygon","coordinates":[[[-120.214818,39.336156],[-120.214857,39.336485],[-120.214922,39.336478],[-120.214986,39.336465],[-120.215048,39.336447],[-120.215107,39.336424],[-120.215162,39.336397],[-120.215214,39.336365],[-120.215261,39.336329],[-120.21497,39.336128],[-120.214818,39.336156]]]},"properties":{"APN":"018021018000","ADDRESS":"10827 PASSAGE PLACE"}},{"type":"Feature","geometry":{"type":"Polygon","coordinates":[[[-120.21497,39.336128],[-120.215261,39.336329],[-120.215436,39.336152],[-120.215103,39.335955],[-120.215045,39.33603],[-120.21497,39.336128]]]},"properties":{"APN":"018021019000","ADDRESS":"10841 PASSAGE PLACE"}},{"type":"Feature","geometry":{"type":"Polygon","coordinates":[[[-120.216566,39.336301],[-120.216828,39.336359],[-120.216821,39.336064],[-120.216784,39.336067],[-120.216747,39.336065],[-120.216711,39.336058],[-120.216677,39.336046],[-120.216647,39.33603],[-120.216637,39.33602],[-120.216625,39.336012],[-120.216612,39.336005],[-120.216598,39.336001],[-120.216583,39.335997],[-120.216567,39.335996],[-120.216551,39.335997],[-120.216536,39.335999],[-120.216566,39.336301]]]},"properties":{"APN":"018021028000","ADDRESS":"10918 PASSAGE PLACE"}},{"type":"Feature","geometry":{"type":"Polygon","coordinates":[[[-120.216804,39.333925],[-120.21681,39.334236],[-120.217064,39.334225],[-120.217058,39.333923],[-120.216804,39.333925]]]},"properties":{"APN":"018031018000","ADDRESS":"12137 LAMPLIGHTER WAY"}},{"type":"Feature","geometry":{"type":"Polygon","coordinates":[[[-120.214915,39.3347],[-120.215145,39.334977],[-120.215353,39.334873],[-120.215123,39.334596],[-120.214915,39.3347]]]},"properties":{"APN":"018031024000","ADDRESS":"12028 LAMPLIGHTER WAY"}},{"type":"Feature","geometry":{"type":"Polygon","coordinates":[[[-120.214425,39.335355],[-120.214684,39.335586],[-120.214797,39.33552],[-120.214901,39.335467],[-120.214686,39.335208],[-120.214521,39.335289],[-120.214425,39.335355]]]},"properties":{"APN":"018031031000","ADDRESS":"12047 CAVERN WAY"}},{"type":"Feature","geometry":{"type":"Polygon","coordinates":[[[-120.215938,39.335251],[-120.21603,39.335558],[-120.216039,39.335557],[-120.216296,39.33551],[-120.2162,39.335203],[-120.215938,39.335251]]]},"properties":{"APN":"018031043000","ADDRESS":"11976 CAVERN WAY"}},{"type":"Feature","geometry":{"type":"Polygon","coordinates":[[[-120.215156,39.335536],[-120.215367,39.33579],[-120.215386,39.33578],[-120.21559,39.335678],[-120.215379,39.335424],[-120.215156,39.335536]]]},"properties":{"APN":"018031046000","ADDRESS":"12024 CAVERN WAY"}},{"type":"Feature","geometry":{"type":"Polygon","coordinates":[[[-120.246645,39.336181],[-120.246645,39.336401],[-120.248059,39.3364],[-120.248059,39.33618],[-120.246645,39.336181]]]},"properties":{"APN":"018210006000","ADDRESS":"N/A"}},{"type":"Feature","geometry":{"type":"Polygon","coordinates":[[[-120.245584,39.335606],[-120.245584,39.335825],[-120.246556,39.335825],[-120.246556,39.335605],[-120.245584,39.335606]]]},"properties":{"APN":"018210013000","ADDRESS":"N/A"}},{"type":"Feature","geometry":{"type":"Polygon","coordinates":[[[-120.246644,39.335605],[-120.246645,39.335825],[-120.248059,39.335823],[-120.248058,39.335604],[-120.246644,39.335605]]]},"properties":{"APN":"018210014000","ADDRESS":"N/A"}},{"type":"Feature","geometry":{"type":"Polygon","coordinates":[[[-120.24258,39.336184],[-120.242581,39.336404],[-120.243287,39.336403],[-120.243287,39.336184],[-120.24258,39.336184]]]},"properties":{"APN":"018220007000","ADDRESS":"N/A"}},{"type":"Feature","geometry":{"type":"Polygon","coordinates":[[[-120.244082,39.336183],[-120.244083,39.336403],[-120.245497,39.336402],[-120.245496,39.336182],[-120.244082,39.336183]]]},"properties":{"APN":"018220010000","ADDRESS":"N/A"}},{"type":"Feature","geometry":{"type":"Polygon","coordinates":[[[-120.239576,39.336763],[-120.239577,39.336818],[-120.239813,39.336813],[-120.239981,39.33681],[-120.24006,39.336808],[-120.240308,39.336803],[-120.240555,39.336799],[-120.240737,39.336795],[-120.240802,39.336794],[-120.24099,39.33679],[-120.24099,39.336762],[-120.239576,39.336763]]]},"properties":{"APN":"018230002000","ADDRESS":"N/A"}},{"type":"Feature","geometry":{"type":"Polygon","coordinates":[[[-120.238073,39.335899],[-120.238074,39.336119],[-120.239487,39.336118],[-120.239487,39.335898],[-120.238073,39.335899]]]},"properties":{"APN":"018230012000","ADDRESS":"N/A"}},{"type":"Feature","geometry":{"type":"Polygon","coordinates":[[[-120.238072,39.335035],[-120.238073,39.335254],[-120.239486,39.335253],[-120.239486,39.335034],[-120.238072,39.335035]]]},"properties":{"APN":"018230021000","ADDRESS":"N/A"}},{"type":"Feature","geometry":{"type":"Polygon","coordinates":[[[-120.245581,39.333248],[-120.245581,39.33352],[-120.246553,39.333519],[-120.246553,39.333221],[-120.245581,39.333248]]]},"properties":{"APN":"018250017000","ADDRESS":"N/A"}},{"type":"Feature","geometry":{"type":"Polygon","coordinates":[[[-120.242578,39.334167],[-120.242578,39.334386],[-120.243992,39.334385],[-120.243992,39.334166],[-120.242578,39.334167]]]},"properties":{"APN":"018260009000","ADDRESS":"N/A"}},{"type":"Feature","geometry":{"type":"Polygon","coordinates":[[[-120.242666,39.33359],[-120.242666,39.33381],[-120.243991,39.333809],[-120.243991,39.333589],[-120.242666,39.33359]]]},"properties":{"APN":"018260015000","ADDRESS":"N/A"}},{"type":"Feature","geometry":{"type":"Polygon","coordinates":[[[-120.236339,39.333306],[-120.236339,39.333526],[-120.237982,39.333525],[-120.237982,39.333305],[-120.236339,39.333306]]]},"properties":{"APN":"018270019000","ADDRESS":"N/A"}},{"type":"Feature","geometry":{"type":"Polygon","coordinates":[[[-120.24028,39.334168],[-120.240281,39.334388],[-120.240457,39.334388],[-120.240457,39.334168],[-120.24028,39.334168]]]},"properties":{"APN":"018270026000","ADDRESS":"N/A"}},{"type":"Feature","geometry":{"type":"Polygon","coordinates":[[[-120.242575,39.331861],[-120.242575,39.332081],[-120.243989,39.33208],[-120.243989,39.33186],[-120.242575,39.331861]]]},"properties":{"APN":"018280017000","ADDRESS":"N/A"}},{"type":"Feature","geometry":{"type":"Polygon","coordinates":[[[-120.24496,39.331283],[-120.244961,39.331503],[-120.245049,39.331503],[-120.245049,39.331283],[-120.24496,39.331283]]]},"properties":{"APN":"018320003000","ADDRESS":"N/A"}},{"type":"Feature","geometry":{"type":"Polygon","coordinates":[[[-120.244607,39.331283],[-120.244607,39.331503],[-120.244784,39.331503],[-120.244784,39.331283],[-120.244607,39.331283]]]},"properties":{"APN":"018320005000","ADDRESS":"N/A"}},{"type":"Feature","geometry":{"type":"Polygon","coordinates":[[[-120.244077,39.331284],[-120.244077,39.331503],[-120.244607,39.331503],[-120.244607,39.331283],[-120.244077,39.331284]]]},"properties":{"APN":"018320006000","ADDRESS":"N/A"}},{"type":"Feature","geometry":{"type":"Polygon","coordinates":[[[-120.243812,39.331284],[-120.243812,39.331503],[-120.243989,39.331503],[-120.243988,39.331284],[-120.243812,39.331284]]]},"properties":{"APN":"018320007000","ADDRESS":"N/A"}},{"type":"Feature","geometry":{"type":"Polygon","coordinates":[[[-120.243811,39.330707],[-120.243811,39.330927],[-120.243988,39.330927],[-120.243988,39.330707],[-120.243811,39.330707]]]},"properties":{"APN":"018320029000","ADDRESS":"N/A"}},{"type":"Feature","geometry":{"type":"Polygon","coordinates":[[[-120.241779,39.330709],[-120.241779,39.330928],[-120.241956,39.330928],[-120.241955,39.330709],[-120.241779,39.330709]]]},"properties":{"APN":"018320038000","ADDRESS":"10033 BRUNSWICK ROAD"}},{"type":"Feature","geometry":{"type":"Polygon","coordinates":[[[-120.242573,39.330266],[-120.242573,39.330352],[-120.243158,39.330351],[-120.242999,39.330299],[-120.242573,39.330266]]]},"properties":{"APN":"018320060000","ADDRESS":"N/A"}},{"type":"Feature","geometry":{"type":"Polygon","coordinates":[[[-120.238068,39.330711],[-120.238068,39.330931],[-120.239482,39.33093],[-120.239481,39.33071],[-120.238068,39.330711]]]},"properties":{"APN":"018330011000","ADDRESS":"N/A"}},{"type":"Feature","geometry":{"type":"Polygon","coordinates":[[[-120.247081,39.329124],[-120.247421,39.3292],[-120.247518,39.328936],[-120.247348,39.328898],[-120.247178,39.32886],[-120.247081,39.329124]]]},"properties":{"APN":"018363004000","ADDRESS":"13485 MORAINE ROAD"}},{"type":"Feature","geometry":{"type":"Polygon","coordinates":[[[-120.247865,39.329013],[-120.248044,39.329046],[-120.248149,39.328712],[-120.247977,39.328678],[-120.247865,39.329013]]]},"properties":{"APN":"018363017000","ADDRESS":"13520 DONNER PASS ROAD"}},{"type":"Feature","geometry":{"type":"Polygon","coordinates":[[[-120.243552,39.329629],[-120.243729,39.329686],[-120.243729,39.329314],[-120.243552,39.329298],[-120.243552,39.329629]]]},"properties":{"APN":"018371013000","ADDRESS":"13290 SIERRA DRIVE"}},{"type":"Feature","geometry":{"type":"Polygon","coordinates":[[[-120.243478,39.329181],[-120.243922,39.329221],[-120.244046,39.328881],[-120.243876,39.328843],[-120.243852,39.328909],[-120.243682,39.328872],[-120.243512,39.328834],[-120.243387,39.329174],[-120.243478,39.329181]]]},"properties":{"APN":"018372038000","ADDRESS":"13283 SIERRA DRIVE"}},{"type":"Feature","geometry":{"type":"Polygon","coordinates":[[[-120.245479,39.328484],[-120.245681,39.328529],[-120.245683,39.328173],[-120.24543,39.328117],[-120.245309,39.328447],[-120.245479,39.328484]]]},"properties":{"APN":"018374021000","ADDRESS":"13380 DONNER PASS ROAD"}},{"type":"Feature","geometry":{"type":"Polygon","coordinates":[[[-120.241901,39.328315],[-120.242068,39.328361],[-120.242138,39.328173],[-120.242186,39.328041],[-120.242016,39.328003],[-120.241901,39.328315]]]},"properties":{"APN":"018375003000","ADDRESS":"13183 MORAINE ROAD"}},{"type":"Feature","geometry":{"type":"Polygon","coordinates":[[[-120.227887,39.329701],[-120.22649,39.329686],[-120.226462,39.333295],[-120.236231,39.333403],[-120.236259,39.329787],[-120.23618,39.329786],[-120.236049,39.329785],[-120.235837,39.329783],[-120.235625,39.32978],[-120.235413,39.329778],[-120.235201,39.329776],[-120.234989,39.329774],[-120.234777,39.329772],[-120.234565,39.329769],[-120.234353,39.329767],[-120.23414,39.329765],[-120.229784,39.32972],[-120.229264,39.329715],[-120.227887,39.329701]]]},"properties":{"APN":"018010012000","ADDRESS":"N/A"}},{"type":"Feature","geometry":{"type":"Polygon","coordinates":[[[-120.211349,39.336653],[-120.211216,39.336811],[-120.215604,39.336784],[-120.216305,39.336779],[-120.216668,39.336777],[-120.216837,39.336776],[-120.217007,39.336775],[-120.217072,39.336774],[-120.217118,39.336774],[-120.217109,39.336355],[-120.216828,39.336359],[-120.216566,39.336301],[-120.216284,39.336317],[-120.21604,39.336341],[-120.215868,39.336478],[-120.215693,39.336653],[-120.215382,39.336469],[-120.215326,39.336508],[-120.215266,39.336542],[-120.215203,39.336573],[-120.215136,39.336598],[-120.215066,39.336619],[-120.214994,39.336634],[-120.214921,39.336645],[-120.214116,39.336729],[-120.214041,39.336734],[-120.213965,39.336731],[-120.213891,39.336722],[-120.213818,39.336705],[-120.213748,39.336682],[-120.213683,39.336653],[-120.213622,39.336618],[-120.213567,39.336578],[-120.213519,39.336533],[-120.213478,39.336484],[-120.21314,39.336633],[-120.213007,39.336474],[-120.212906,39.336524],[-120.21263,39.336601],[-120.212286,39.336628],[-120.211944,39.336588],[-120.21205,39.336298],[-120.21197,39.336277],[-120.211814,39.336219],[-120.211801,39.336214],[-120.211786,39.336211],[-120.211771,39.33621],[-120.211756,39.336211],[-120.211741,39.336214],[-120.211727,39.336218],[-120.211714,39.336225],[-120.211703,39.336233],[-120.211694,39.336243],[-120.211349,39.336653]]]},"properties":{"APN":"018021001000","ADDRESS":"10764 PASSAGE PLACE"}},{"type":"Feature","geometry":{"type":"Polygon","coordinates":[[[-120.212666,39.335702],[-120.212958,39.335925],[-120.213143,39.335796],[-120.212853,39.335575],[-120.212666,39.335702]]]},"properties":{"APN":"018021004000","ADDRESS":"11885 LAMPLIGHTER WAY"}},{"type":"Feature","geometry":{"type":"Polygon","coordinates":[[[-120.215569,39.33397],[-120.215591,39.334287],[-120.215838,39.334276],[-120.215817,39.33396],[-120.215569,39.33397]]]},"properties":{"APN":"018031014000","ADDRESS":"12069 LAMPLIGHTER WAY"}},{"type":"Feature","geometry":{"type":"Polygon","coordinates":[[[-120.215422,39.334838],[-120.215566,39.335158],[-120.215689,39.335127],[-120.215821,39.335103],[-120.215723,39.334776],[-120.215529,39.334784],[-120.215422,39.334838]]]},"properties":{"APN":"018031035000","ADDRESS":"12001 CAVERN WAY"}},{"type":"Feature","geometry":{"type":"Polygon","coordinates":[[[-120.205973,39.338489],[-120.206254,39.338656],[-120.20629,39.338647],[-120.207191,39.338412],[-120.206986,39.338188],[-120.206244,39.338409],[-120.205973,39.338489]]]},"properties":{"APN":"018190005000","ADDRESS":"11692 EUER VALLEY ROAD"}},{"type":"Feature","geometry":{"type":"Polygon","coordinates":[[[-120.204965,39.33759],[-120.205283,39.337914],[-120.207622,39.337263],[-120.20762,39.337048],[-120.20494,39.337441],[-120.204924,39.337447],[-120.204965,39.33759]]]},"properties":{"APN":"018190013000","ADDRESS":"11606 EUER VALLEY ROAD"}},{"type":"Feature","geometry":{"type":"Polygon","coordinates":[[[-120.203077,39.339067],[-120.203075,39.33943],[-120.203658,39.339431],[-120.204684,39.33757],[-120.204803,39.337507],[-120.204924,39.337447],[-120.204787,39.337271],[-120.204643,39.337097],[-120.204493,39.336927],[-120.204451,39.336854],[-120.203088,39.336862],[-120.203088,39.336862],[-120.203088,39.336863],[-120.203088,39.336867],[-120.203088,39.33691],[-120.203088,39.336912],[-120.203088,39.336913],[-120.203077,39.339067]]]},"properties":{"APN":"018190017000","ADDRESS":"11555 EUER VALLEY ROAD"}},{"type":"Feature","geometry":{"type":"Polygon","coordinates":[[[-120.246645,39.33647],[-120.246646,39.336677],[-120.24806,39.336649],[-120.248059,39.336469],[-120.246645,39.33647]]]},"properties":{"APN":"018210003000","ADDRESS":"N/A"}},{"type":"Feature","geometry":{"type":"Polygon","coordinates":[[[-120.245583,39.335029],[-120.245584,39.335249],[-120.246556,39.335248],[-120.246555,39.335029],[-120.245583,39.335029]]]},"properties":{"APN":"018210019000","ADDRESS":"N/A"}},{"type":"Feature","geometry":{"type":"Polygon","coordinates":[[[-120.244081,39.335319],[-120.244082,39.335538],[-120.245496,39.335537],[-120.245495,39.335318],[-120.244081,39.335319]]]},"properties":{"APN":"018220017000","ADDRESS":"N/A"}},{"type":"Feature","geometry":{"type":"Polygon","coordinates":[[[-120.241077,39.335033],[-120.241077,39.335252],[-120.242491,39.335251],[-120.242491,39.335032],[-120.241077,39.335033]]]},"properties":{"APN":"018220020000","ADDRESS":"N/A"}},{"type":"Feature","geometry":{"type":"Polygon","coordinates":[[[-120.239576,39.336475],[-120.239576,39.336694],[-120.24099,39.336693],[-120.24099,39.336474],[-120.239576,39.336475]]]},"properties":{"APN":"018230007000","ADDRESS":"N/A"}},{"type":"Feature","geometry":{"type":"Polygon","coordinates":[[[-120.245582,39.333876],[-120.245582,39.334096],[-120.246554,39.334095],[-120.246554,39.333876],[-120.245582,39.333876]]]},"properties":{"APN":"018250011000","ADDRESS":"N/A"}},{"type":"Feature","geometry":{"type":"Polygon","coordinates":[[[-120.246641,39.333218],[-120.246642,39.333519],[-120.248056,39.333518],[-120.248055,39.333179],[-120.246641,39.333218]]]},"properties":{"APN":"018250018000","ADDRESS":"N/A"}},{"type":"Feature","geometry":{"type":"Polygon","coordinates":[[[-120.241076,39.334456],[-120.241076,39.334676],[-120.24249,39.334675],[-120.24249,39.334455],[-120.241076,39.334456]]]},"properties":{"APN":"018260005000","ADDRESS":"N/A"}},{"type":"Feature","geometry":{"type":"Polygon","coordinates":[[[-120.238072,39.334458],[-120.238072,39.334678],[-120.239486,39.334677],[-120.239486,39.334457],[-120.238072,39.334458]]]},"properties":{"APN":"018270006000","ADDRESS":"N/A"}},{"type":"Feature","geometry":{"type":"Polygon","coordinates":[[[-120.244079,39.333013],[-120.244079,39.333233],[-120.245493,39.333231],[-120.245493,39.333012],[-120.244079,39.333013]]]},"properties":{"APN":"018280002000","ADDRESS":"N/A"}},{"type":"Feature","geometry":{"type":"Polygon","coordinates":[[[-120.244254,39.331572],[-120.244254,39.331791],[-120.244342,39.331791],[-120.244342,39.331572],[-120.244254,39.331572]]]},"properties":{"APN":"018280023000","ADDRESS":"N/A"}},{"type":"Feature","geometry":{"type":"Polygon","coordinates":[[[-120.240897,39.332439],[-120.240897,39.332658],[-120.240986,39.332658],[-120.240985,39.332439],[-120.240897,39.332439]]]},"properties":{"APN":"018290009000","ADDRESS":"N/A"}},{"type":"Feature","geometry":{"type":"Polygon","coordinates":[[[-120.239572,39.33244],[-120.239572,39.332659],[-120.240897,39.332658],[-120.240897,39.332439],[-120.239572,39.33244]]]},"properties":{"APN":"018290010000","ADDRESS":"N/A"}},{"type":"Feature","geometry":{"type":"Polygon","coordinates":[[[-120.238069,39.332153],[-120.238069,39.332372],[-120.238953,39.332371],[-120.238953,39.332152],[-120.238069,39.332153]]]},"properties":{"APN":"018290014000","ADDRESS":"N/A"}},{"type":"Feature","geometry":{"type":"Polygon","coordinates":[[[-120.239571,39.331863],[-120.239571,39.332083],[-120.240985,39.332082],[-120.240985,39.331862],[-120.239571,39.331863]]]},"properties":{"APN":"018290018000","ADDRESS":"N/A"}},{"type":"Feature","geometry":{"type":"Polygon","coordinates":[[[-120.241778,39.330421],[-120.241779,39.33064],[-120.242485,39.33064],[-120.242485,39.33042],[-120.241778,39.330421]]]},"properties":{"APN":"018320056000","ADDRESS":"N/A"}},{"type":"Feature","geometry":{"type":"Polygon","coordinates":[[[-120.244372,39.329858],[-120.244983,39.329995],[-120.244997,39.329784],[-120.244967,39.329784],[-120.24479,39.329785],[-120.244613,39.329786],[-120.24426,39.329789],[-120.24409,39.32979],[-120.244372,39.329858]]]},"properties":{"APN":"018320063000","ADDRESS":"13354 OLYMPIC DRIVE"}},{"type":"Feature","geometry":{"type":"Polygon","coordinates":[[[-120.245339,39.330075],[-120.245671,39.330149],[-120.245674,39.329779],[-120.245497,39.32978],[-120.245388,39.329781],[-120.245339,39.330075]]]},"properties":{"APN":"018320065000","ADDRESS":"13416 OLYMPIC DRIVE"}},{"type":"Feature","geometry":{"type":"Polygon","coordinates":[[[-120.240806,39.329845],[-120.240806,39.330065],[-120.240983,39.330064],[-120.240982,39.329845],[-120.240806,39.329845]]]},"properties":{"APN":"018330031000","ADDRESS":"N/A"}},{"type":"Feature","geometry":{"type":"Polygon","coordinates":[[[-120.237538,39.331288],[-120.237538,39.331508],[-120.23798,39.331508],[-120.23798,39.331288],[-120.237538,39.331288]]]},"properties":{"APN":"018330035000","ADDRESS":"UNKNOWN ADDRESS"}},{"type":"Feature","geometry":{"type":"Polygon","coordinates":[[[-120.237237,39.32513],[-120.237224,39.325169],[-120.237173,39.325323],[-120.237671,39.325514],[-120.239501,39.326286],[-120.23957,39.326188],[-120.239548,39.326176],[-120.239527,39.326158],[-120.239503,39.326142],[-120.239475,39.326129],[-120.239426,39.326091],[-120.239373,39.326056],[-120.239317,39.326024],[-120.239267,39.325988],[-120.239214,39.325955],[-120.239158,39.325925],[-120.23912,39.3259],[-120.239085,39.325871],[-120.239053,39.32584],[-120.239006,39.325814],[-120.23896,39.325786],[-120.238899,39.325716],[-120.238834,39.325445],[-120.238762,39.325431],[-120.237713,39.325224],[-120.237237,39.32513]]]},"properties":{"APN":"018340007000","ADDRESS":"12915 DONNER PASS ROAD"}},{"type":"Feature","geometry":{"type":"Polygon","coordinates":[[[-120.247266,39.329594],[-120.247276,39.329596],[-120.247373,39.329332],[-120.247203,39.329294],[-120.247106,39.329558],[-120.247266,39.329594]]]},"properties":{"APN":"018361007000","ADDRESS":"13494 MORAINE ROAD"}},{"type":"Feature","geometry":{"type":"Polygon","coordinates":[[[-120.247421,39.3292],[-120.247593,39.329238],[-120.247688,39.328973],[-120.247518,39.328936],[-120.247421,39.3292]]]},"properties":{"APN":"018363003000","ADDRESS":"13505 MORAINE ROAD"}},{"type":"Feature","geometry":{"type":"Polygon","coordinates":[[[-120.247178,39.32886],[-120.247348,39.328898],[-120.247469,39.328568],[-120.247129,39.328493],[-120.247008,39.328823],[-120.247178,39.32886]]]},"properties":{"APN":"018363015000","ADDRESS":"13470 DONNER PASS ROAD"}},{"type":"Feature","geometry":{"type":"Polygon","coordinates":[[[-120.247178,39.32886],[-120.247348,39.328898],[-120.247469,39.328568],[-120.247129,39.328493],[-120.247008,39.328823],[-120.247178,39.32886]]]},"properties":{"APN":"018363015000","ADDRESS":"13480 DONNER PASS ROAD"}},{"type":"Feature","geometry":{"type":"Polygon","coordinates":[[[-120.248096,39.328175],[-120.248,39.328456],[-120.248338,39.328521],[-120.248426,39.328246],[-120.248266,39.328192],[-120.248096,39.328175]]]},"properties":{"APN":"018364025000","ADDRESS":"13515 DONNER PASS ROAD"}},{"type":"Feature","geometry":{"type":"Polygon","coordinates":[[[-120.243197,39.328693],[-120.243366,39.32873],[-120.243463,39.328466],[-120.243293,39.328429],[-120.243197,39.328693]]]},"properties":{"APN":"018372016000","ADDRESS":"13270 MORAINE ROAD"}},{"type":"Feature","geometry":{"type":"Polygon","coordinates":[[[-120.243029,39.329149],[-120.243208,39.329162],[-120.243366,39.32873],[-120.243197,39.328693],[-120.243029,39.329149]]]},"properties":{"APN":"018372034000","ADDRESS":"13263 SIERRA DRIVE"}},{"type":"Feature","geometry":{"type":"Polygon","coordinates":[[[-120.236965,39.329275],[-120.236966,39.329787],[-120.237142,39.329787],[-120.237142,39.329275],[-120.236965,39.329275]]]},"properties":{"APN":"018382012000","ADDRESS":"12832 PALISADE STREET"}},{"type":"Feature","geometry":{"type":"Polygon","coordinates":[[[-120.2364,39.328891],[-120.2364,39.329165],[-120.236576,39.329165],[-120.236576,39.32889],[-120.2364,39.328891]]]},"properties":{"APN":"018383015000","ADDRESS":"10322 PROSSER DRIVE"}},{"type":"Feature","geometry":{"type":"Polygon","coordinates":[[[-120.23893,39.32922],[-120.239201,39.329285],[-120.239201,39.329062],[-120.23893,39.328976],[-120.23893,39.32922]]]},"properties":{"APN":"018383035000","ADDRESS":"12941 PALISADE STREET"}},{"type":"Feature","geometry":{"type":"Polygon","coordinates":[[[-120.236929,39.328232],[-120.236929,39.328506],[-120.237106,39.328506],[-120.237106,39.328231],[-120.236929,39.328232]]]},"properties":{"APN":"018384013000","ADDRESS":"12831 DULZURA STREET"}},{"type":"Feature","geometry":{"type":"Polygon","coordinates":[[[-120.239058,39.32837],[-120.239234,39.328415],[-120.239172,39.328367],[-120.238908,39.328056],[-120.238881,39.328049],[-120.238881,39.328323],[-120.239058,39.32837]]]},"properties":{"APN":"018384030000","ADDRESS":"10255 MARTIS STREET"}},{"type":"Feature","geometry":{"type":"Polygon","coordinates":[[[-120.239058,39.32837],[-120.239234,39.328415],[-120.239172,39.328367],[-120.238908,39.328056],[-120.238881,39.328049],[-120.238881,39.328323],[-120.239058,39.32837]]]},"properties":{"APN":"018384030000","ADDRESS":"12954 SIERRA DRIVE"}},{"type":"Feature","geometry":{"type":"Polygon","coordinates":[[[-120.2414,39.327678],[-120.241557,39.327752],[-120.241724,39.327296],[-120.241554,39.327258],[-120.2414,39.327678]]]},"properties":{"APN":"018390015000","ADDRESS":"13160 DONNER PASS ROAD"}},{"type":"Feature","geometry":{"type":"Polygon","coordinates":[[[-120.239109,39.326748],[-120.239241,39.326847],[-120.239468,39.326522],[-120.239313,39.326456],[-120.239109,39.326748]]]},"properties":{"APN":"018400012000","ADDRESS":"13014 DONNER PASS ROAD"}},{"type":"Feature","geometry":{"type":"Polygon","coordinates":[[[-120.239373,39.326945],[-120.239505,39.327044],[-120.239779,39.326653],[-120.239623,39.326587],[-120.239373,39.326945]]]},"properties":{"APN":"018400014000","ADDRESS":"13034 DONNER PASS ROAD"}},{"type":"Feature","geometry":{"type":"Polygon","coordinates":[[[-120.222595,39.325588],[-120.222445,39.325596],[-120.222296,39.325607],[-120.222294,39.325982],[-120.222307,39.325982],[-120.22235,39.325982],[-120.22239,39.325982],[-120.222447,39.325982],[-120.222493,39.325983],[-120.22253,39.325983],[-120.222558,39.325983],[-120.222594,39.325983],[-120.22263,39.325983],[-120.222648,39.325983],[-120.222651,39.325642],[-120.22265,39.325632],[-120.222647,39.325623],[-120.222642,39.325615],[-120.222635,39.325607],[-120.222627,39.3256],[-120.222617,39.325594],[-120.222606,39.32559],[-120.222595,39.325588]]]},"properties":{"APN":"018500048000","ADDRESS":"12036 DONNER PASS ROAD"}},{"type":"Feature","geometry":{"type":"Polygon","coordinates":[[[-120.237319,39.329274],[-120.237319,39.329786],[-120.237332,39.329786],[-120.237496,39.329786],[-120.237673,39.329786],[-120.237672,39.329274],[-120.237319,39.329274]]]},"properties":{"APN":"018382026000","ADDRESS":"UNKNOWN ADDRESS"}},{"type":"Feature","geometry":{"type":"Polygon","coordinates":[[[-120.238524,39.32889],[-120.238708,39.328927],[-120.238708,39.328668],[-120.238523,39.32862],[-120.238524,39.32889]]]},"properties":{"APN":"018383022000","ADDRESS":"12918 DULZURA STREET"}},{"type":"Feature","geometry":{"type":"Polygon","coordinates":[[[-120.237106,39.327955],[-120.237106,39.328231],[-120.237283,39.328231],[-120.237282,39.32794],[-120.237106,39.327955]]]},"properties":{"APN":"018384020000","ADDRESS":"12840 BOCA STREET"}},{"type":"Feature","geometry":{"type":"Polygon","coordinates":[[[-120.237459,39.328231],[-120.23746,39.328506],[-120.237636,39.328506],[-120.237636,39.328231],[-120.237459,39.328231]]]},"properties":{"APN":"018384033000","ADDRESS":"12861 DULZURA STREET"}},{"type":"Feature","geometry":{"type":"Polygon","coordinates":[[[-120.245577,39.327547],[-120.24545,39.327893],[-120.245684,39.327945],[-120.245687,39.32758],[-120.245577,39.327547]]]},"properties":{"APN":"018390003000","ADDRESS":"13371 DONNER PASS ROAD"}},{"type":"Feature","geometry":{"type":"Polygon","coordinates":[[[-120.242929,39.32792],[-120.243099,39.327957],[-120.24322,39.327628],[-120.243048,39.327589],[-120.242929,39.32792]]]},"properties":{"APN":"018390029000","ADDRESS":"13244 DONNER PASS ROAD"}},{"type":"Feature","geometry":{"type":"Polygon","coordinates":[[[-120.240274,39.326416],[-120.240169,39.326568],[-120.240428,39.326675],[-120.240539,39.326514],[-120.240274,39.326416]]]},"properties":{"APN":"018400005000","ADDRESS":"13059 DONNER PASS ROAD"}},{"type":"Feature","geometry":{"type":"Polygon","coordinates":[[[-120.240634,39.327884],[-120.24068,39.327899],[-120.240866,39.327514],[-120.240689,39.327461],[-120.240515,39.327795],[-120.240634,39.327884]]]},"properties":{"APN":"018400023000","ADDRESS":"13105 MORAINE ROAD"}},{"type":"Feature","geometry":{"type":"Polygon","coordinates":[[[-120.24036,39.32768],[-120.240515,39.327795],[-120.240689,39.327461],[-120.240514,39.327404],[-120.24036,39.32768]]]},"properties":{"APN":"018400024000","ADDRESS":"13093 MORAINE ROAD"}},{"type":"Feature","geometry":{"type":"Polygon","coordinates":[[[-120.236504,39.327167],[-120.236693,39.327179],[-120.236788,39.326947],[-120.23681,39.326895],[-120.236572,39.326817],[-120.236561,39.326869],[-120.236504,39.327167]]]},"properties":{"APN":"018400033000","ADDRESS":"12821 SIERRA DRIVE"}},{"type":"Feature","geometry":{"type":"Polygon","coordinates":[[[-120.236398,39.327271],[-120.236399,39.327573],[-120.236575,39.327573],[-120.236575,39.327282],[-120.236398,39.327271]]]},"properties":{"APN":"018400035000","ADDRESS":"12820 SIERRA DRIVE"}},{"type":"Feature","geometry":{"type":"Polygon","coordinates":[[[-120.236575,39.327573],[-120.236575,39.327847],[-120.236752,39.327847],[-120.236752,39.327573],[-120.236575,39.327573]]]},"properties":{"APN":"018400043000","ADDRESS":"12811 BOCA STREET"}},{"type":"Feature","geometry":{"type":"Polygon","coordinates":[[[-120.221457,39.325892],[-120.221455,39.32595],[-120.221737,39.325952],[-120.221738,39.325897],[-120.221457,39.325892]]]},"properties":{"APN":"018500058000","ADDRESS":"12020 DONNER PASS ROAD"}},{"type":"Feature","geometry":{"type":"Polygon","coordinates":[[[-120.218353,39.326347],[-120.218347,39.326198],[-120.218063,39.325912],[-120.217824,39.32593],[-120.217452,39.325957],[-120.217462,39.32636],[-120.218353,39.326347]]]},"properties":{"APN":"018500076000","ADDRESS":"11836 DONNER PASS ROAD"}},{"type":"Feature","geometry":{"type":"Polygon","coordinates":[[[-120.235536,39.327917],[-120.235536,39.32826],[-120.235748,39.32826],[-120.235748,39.327917],[-120.235536,39.327917]]]},"properties":{"APN":"018514010000","ADDRESS":"12753 LEE ROAD"}},{"type":"Feature","geometry":{"type":"Polygon","coordinates":[[[-120.233731,39.327758],[-120.233776,39.327817],[-120.233826,39.327872],[-120.234116,39.327715],[-120.234116,39.327574],[-120.233897,39.327574],[-120.233866,39.327576],[-120.233836,39.327582],[-120.233808,39.327593],[-120.233783,39.327606],[-120.233761,39.327623],[-120.233744,39.327643],[-120.233731,39.327664],[-120.233723,39.327688],[-120.23372,39.327711],[-120.233723,39.327735],[-120.233731,39.327758]]]},"properties":{"APN":"018520011000","ADDRESS":"12668 PARKER ROAD"}},{"type":"Feature","geometry":{"type":"Polygon","coordinates":[[[-120.2338,39.327081],[-120.2338,39.327409],[-120.234032,39.327409],[-120.234032,39.327106],[-120.2338,39.327081]]]},"properties":{"APN":"018520025000","ADDRESS":"12671 PARKER ROAD"}},{"type":"Feature","geometry":{"type":"Polygon","coordinates":[[[-120.233313,39.327304],[-120.233342,39.327331],[-120.233375,39.327355],[-120.233412,39.327375],[-120.233452,39.327391],[-120.233495,39.327402],[-120.233673,39.327067],[-120.233608,39.327025],[-120.233593,39.327015],[-120.23326,39.327248],[-120.233313,39.327304]]]},"properties":{"APN":"018520027000","ADDRESS":"10228 THOMAS DRIVE"}},{"type":"Feature","geometry":{"type":"Polygon","coordinates":[[[-120.233217,39.326774],[-120.233415,39.326902],[-120.233533,39.326647],[-120.23343,39.326635],[-120.233326,39.32663],[-120.233034,39.326626],[-120.233017,39.326646],[-120.233217,39.326774]]]},"properties":{"APN":"018520033000","ADDRESS":"12630 SIERRA DRIVE"}},{"type":"Feature","geometry":{"type":"Polygon","coordinates":[[[-120.232915,39.326092],[-120.232906,39.326459],[-120.233118,39.326462],[-120.23313,39.325973],[-120.232918,39.325933],[-120.232915,39.326092]]]},"properties":{"APN":"018520051000","ADDRESS":"12615 SIERRA DRIVE"}},{"type":"Feature","geometry":{"type":"Polygon","coordinates":[[[-120.230498,39.326565],[-120.230391,39.326912],[-120.230597,39.32695],[-120.230705,39.326603],[-120.230498,39.326565]]]},"properties":{"APN":"018531005000","ADDRESS":"12480 SIERRA DRIVE"}},{"type":"Feature","geometry":{"type":"Polygon","coordinates":[[[-120.222098,39.32633],[-120.222096,39.326503],[-120.222326,39.326504],[-120.222556,39.326505],[-120.222567,39.326504],[-120.222577,39.326502],[-120.222587,39.326499],[-120.222597,39.326495],[-120.222605,39.32649],[-120.222612,39.326483],[-120.222618,39.326476],[-120.222623,39.326469],[-120.222627,39.3264],[-120.222628,39.326332],[-120.222098,39.32633]]]},"properties":{"APN":"018540017000","ADDRESS":"10063 HIGHWAY ROAD"}},{"type":"Feature","geometry":{"type":"Polygon","coordinates":[[[-120.224818,39.325993],[-120.224814,39.326514],[-120.225026,39.326515],[-120.22503,39.325994],[-120.224818,39.325993]]]},"properties":{"APN":"018540029000","ADDRESS":"12185 SIERRA DRIVE EAST"}},{"type":"Feature","geometry":{"type":"Polygon","coordinates":[[[-120.22503,39.325994],[-120.225026,39.326515],[-120.225239,39.326516],[-120.225242,39.325995],[-120.22503,39.325994]]]},"properties":{"APN":"018540030000","ADDRESS":"12197 SIERRA DRIVE EAST"}},{"type":"Feature","geometry":{"type":"Polygon","coordinates":[[[-120.225666,39.325996],[-120.225663,39.326518],[-120.225946,39.326519],[-120.225949,39.325998],[-120.225666,39.325996]]]},"properties":{"APN":"018540033000","ADDRESS":"12231 SIERRA DRIVE EAST"}},{"type":"Feature","geometry":{"type":"Polygon","coordinates":[[[-120.232132,39.325943],[-120.232108,39.326081],[-120.232254,39.326083],[-120.232314,39.325726],[-120.232113,39.325686],[-120.232081,39.325876],[-120.232132,39.325943]]]},"properties":{"APN":"018550018000","ADDRESS":"12582 RICHARDS BOULEVARD"}},{"type":"Feature","geometry":{"type":"Polygon","coordinates":[[[-120.230793,39.325517],[-120.230779,39.326062],[-120.230794,39.326062],[-120.231006,39.326065],[-120.231068,39.326066],[-120.23108,39.325575],[-120.230793,39.325517]]]},"properties":{"APN":"018550038000","ADDRESS":"12510 RICHARDS BOULEVARD"}},{"type":"Feature","geometry":{"type":"Polygon","coordinates":[[[-120.230793,39.325517],[-120.230779,39.326062],[-120.230794,39.326062],[-120.231006,39.326065],[-120.231068,39.326066],[-120.23108,39.325575],[-120.230793,39.325517]]]},"properties":{"APN":"018550038000","ADDRESS":"12510 RICHARDS BOULEVARD"}},{"type":"Feature","geometry":{"type":"Polygon","coordinates":[[[-120.210384,39.325871],[-120.210382,39.326002],[-120.211011,39.326006],[-120.211016,39.325526],[-120.211017,39.325417],[-120.210388,39.325413],[-120.210384,39.325871]]]},"properties":{"APN":"018570017000","ADDRESS":"11429 DONNER PASS ROAD"}},{"type":"Feature","geometry":{"type":"Polygon","coordinates":[[[-120.210384,39.325871],[-120.210382,39.326002],[-120.211011,39.326006],[-120.211016,39.325526],[-120.211017,39.325417],[-120.210388,39.325413],[-120.210384,39.325871]]]},"properties":{"APN":"018570017000","ADDRESS":"11479 DONNER PASS ROAD"}},{"type":"Feature","geometry":{"type":"Polygon","coordinates":[[[-120.2069,39.326194],[-120.206893,39.326721],[-120.207577,39.326726],[-120.207578,39.326202],[-120.207433,39.3262],[-120.2069,39.326194]]]},"properties":{"APN":"018570034000","ADDRESS":"11312 DONNER PASS ROAD"}},{"type":"Feature","geometry":{"type":"Polygon","coordinates":[[[-120.204776,39.326697],[-120.204981,39.326752],[-120.204863,39.327095],[-120.204604,39.327041],[-120.204413,39.3276],[-120.204427,39.327604],[-120.204572,39.327645],[-120.204987,39.327764],[-120.205139,39.327807],[-120.205317,39.327289],[-120.205283,39.327282],[-120.205488,39.326684],[-120.205495,39.326183],[-120.204783,39.326178],[-120.204776,39.326697]]]},"properties":{"APN":"018570043000","ADDRESS":"11230 DONNER PASS ROAD"}},{"type":"Feature","geometry":{"type":"Polygon","coordinates":[[[-120.213619,39.32856],[-120.213616,39.328953],[-120.2137,39.328945],[-120.213935,39.328942],[-120.213937,39.328561],[-120.213619,39.32856]]]},"properties":{"APN":"018580031000","ADDRESS":"11623 ROCKY LANE"}},{"type":"Feature","geometry":{"type":"Polygon","coordinates":[[[-120.212986,39.328253],[-120.212983,39.32867],[-120.213301,39.328615],[-120.213304,39.328191],[-120.213042,39.32824],[-120.212986,39.328253]]]},"properties":{"APN":"018580038000","ADDRESS":"11596 BROOK LANE"}},{"type":"Feature","geometry":{"type":"Polygon","coordinates":[[[-120.212888,39.327728],[-120.212885,39.328103],[-120.212979,39.328083],[-120.213239,39.328033],[-120.213241,39.327722],[-120.212888,39.327728]]]},"properties":{"APN":"018580050000","ADDRESS":"11589 BROOK LANE"}},{"type":"Feature","geometry":{"type":"Polygon","coordinates":[[[-120.210712,39.329106],[-120.21071,39.329381],[-120.211205,39.329383],[-120.211207,39.329109],[-120.210712,39.329106]]]},"properties":{"APN":"018590005000","ADDRESS":"10190 MEADOW WAY"}},{"type":"Feature","geometry":{"type":"Polygon","coordinates":[[[-120.208064,39.328682],[-120.208061,39.328957],[-120.208556,39.328959],[-120.208558,39.328684],[-120.208064,39.328682]]]},"properties":{"APN":"018590012000","ADDRESS":"11326 VALLEY ROAD"}},{"type":"Feature","geometry":{"type":"Polygon","coordinates":[[[-120.209053,39.328687],[-120.209051,39.328961],[-120.209546,39.328964],[-120.209548,39.328689],[-120.209053,39.328687]]]},"properties":{"APN":"018590015000","ADDRESS":"11376 VALLEY ROAD"}},{"type":"Feature","geometry":{"type":"Polygon","coordinates":[[[-120.212023,39.328632],[-120.212347,39.328651],[-120.21235,39.328318],[-120.212026,39.328316],[-120.212023,39.328632]]]},"properties":{"APN":"018590023000","ADDRESS":"11544 BROOK LANE"}},{"type":"Feature","geometry":{"type":"Polygon","coordinates":[[[-120.210045,39.328417],[-120.210044,39.328554],[-120.210539,39.328556],[-120.21054,39.328419],[-120.210045,39.328417]]]},"properties":{"APN":"018590027000","ADDRESS":"10151 MEADOW WAY"}},{"type":"Feature","geometry":{"type":"Polygon","coordinates":[[[-120.20906,39.327863],[-120.209058,39.328138],[-120.209553,39.32814],[-120.209555,39.327865],[-120.20906,39.327863]]]},"properties":{"APN":"018590038000","ADDRESS":"11378 1/2 RIDGE ROAD"}},{"type":"Feature","geometry":{"type":"Polygon","coordinates":[[[-120.20906,39.327863],[-120.209058,39.328138],[-120.209553,39.32814],[-120.209555,39.327865],[-120.20906,39.327863]]]},"properties":{"APN":"018590038000","ADDRESS":"11378 RIDGE ROAD"}},{"type":"Feature","geometry":{"type":"Polygon","coordinates":[[[-120.213007,39.326921],[-120.213005,39.327141],[-120.213246,39.327142],[-120.213956,39.327145],[-120.213908,39.327141],[-120.213861,39.32713],[-120.213817,39.327113],[-120.213778,39.327091],[-120.213744,39.327064],[-120.213716,39.327033],[-120.213696,39.326998],[-120.213683,39.326962],[-120.213679,39.326924],[-120.213643,39.326924],[-120.213597,39.326924],[-120.213552,39.326923],[-120.213502,39.326923],[-120.213451,39.326923],[-120.213396,39.326923],[-120.213357,39.326922],[-120.213312,39.326922],[-120.213254,39.326922],[-120.213211,39.326922],[-120.213171,39.326921],[-120.213094,39.326921],[-120.213038,39.326921],[-120.213007,39.326921]]]},"properties":{"APN":"018600006000","ADDRESS":"10061 DONNER TRAIL ROAD"}},{"type":"Feature","geometry":{"type":"Polygon","coordinates":[[[-120.216722,39.326339],[-120.216725,39.326011],[-120.216194,39.326052],[-120.216187,39.326935],[-120.216535,39.326937],[-120.216718,39.326938],[-120.216722,39.326339]],[[-120.216543,39.326354],[-120.216546,39.326271],[-120.216544,39.326206],[-120.216692,39.326203],[-120.216691,39.326271],[-120.216693,39.326303],[-120.216691,39.326354],[-120.21669,39.326416],[-120.2167,39.326476],[-120.216707,39.326545],[-120.216693,39.326618],[-120.216695,39.326685],[-120.216693,39.326747],[-120.216686,39.326905],[-120.216547,39.326904],[-120.216503,39.326904],[-120.216419,39.326904],[-120.216361,39.326903],[-120.216266,39.326903],[-120.216212,39.326903],[-120.216212,39.326866],[-120.216212,39.326769],[-120.216212,39.32663],[-120.216212,39.326572],[-120.216213,39.326518],[-120.216213,39.326467],[-120.216285,39.326467],[-120.216284,39.326517],[-120.216283,39.326573],[-120.216281,39.326631],[-120.216281,39.326752],[-120.216318,39.326796],[-120.216341,39.326798],[-120.216367,39.326791],[-120.216422,39.326797],[-120.216474,39.326809],[-120.216507,39.326776],[-120.216533,39.326767],[-120.216534,39.326745],[-120.216535,39.326681],[-120.216537,39.326619],[-120.216539,39.326542],[-120.21654,39.326473],[-120.216542,39.326419],[-120.216543,39.326354]]]},"properties":{"APN":"018600015000","ADDRESS":"11760 DONNER PASS ROAD"}},{"type":"Feature","geometry":{"type":"Polygon","coordinates":[[[-120.215829,39.327005],[-120.215791,39.327005],[-120.21579,39.327096],[-120.215879,39.327096],[-120.21588,39.327064],[-120.215917,39.327064],[-120.215917,39.327006],[-120.215881,39.327006],[-120.215881,39.327],[-120.215876,39.327],[-120.215876,39.326998],[-120.215835,39.326997],[-120.215835,39.327],[-120.215829,39.327],[-120.215829,39.327005]]]},"properties":{"APN":"018600025000","ADDRESS":"UNKNOWN ADDRESS"}},{"type":"Feature","geometry":{"type":"Polygon","coordinates":[[[-120.216088,39.327002],[-120.216083,39.327002],[-120.216083,39.327007],[-120.216043,39.327007],[-120.216043,39.327097],[-120.21614,39.327098],[-120.21614,39.327066],[-120.216176,39.327066],[-120.216177,39.327008],[-120.216141,39.327008],[-120.216141,39.327001],[-120.216136,39.327001],[-120.216136,39.326999],[-120.216088,39.326999],[-120.216088,39.327002]]]},"properties":{"APN":"018600033000","ADDRESS":"UNKNOWN ADDRESS"}},{"type":"Feature","geometry":{"type":"Polygon","coordinates":[[[-120.209063,39.327451],[-120.209061,39.327726],[-120.209397,39.327727],[-120.209399,39.327453],[-120.209063,39.327451]]]},"properties":{"APN":"018610008000","ADDRESS":"11371 RIDGE ROAD"}},{"type":"Feature","geometry":{"type":"Polygon","coordinates":[[[-120.204208,39.324939],[-120.204206,39.325076],[-120.204277,39.325077],[-120.204279,39.324939],[-120.204283,39.324665],[-120.204284,39.324527],[-120.204287,39.324322],[-120.20429,39.324116],[-120.204219,39.324115],[-120.204218,39.324184],[-120.204215,39.32439],[-120.204212,39.324664],[-120.20421,39.324801],[-120.204208,39.324939]]]},"properties":{"APN":"018626002000","ADDRESS":"N/A"}},{"type":"Feature","geometry":{"type":"Polygon","coordinates":[[[-120.20429,39.324116],[-120.204287,39.324322],[-120.204676,39.324325],[-120.204679,39.324119],[-120.20429,39.324116]]]},"properties":{"APN":"018626006000","ADDRESS":"10129 VISTA AVENUE"}},{"type":"Feature","geometry":{"type":"Polygon","coordinates":[[[-120.20413,39.320402],[-120.204835,39.320419],[-120.204855,39.319869],[-120.204159,39.319859],[-120.20413,39.320402]]]},"properties":{"APN":"018660039000","ADDRESS":"N/A"}},{"type":"Feature","geometry":{"type":"Polygon","coordinates":[[[-120.215807,39.332882],[-120.215813,39.333184],[-120.216166,39.33318],[-120.216161,39.332863],[-120.216043,39.332866],[-120.215925,39.332866],[-120.215807,39.33286],[-120.215807,39.332882]]]},"properties":{"APN":"018670011000","ADDRESS":"11734 CEDAR TRAIL"}},{"type":"Feature","geometry":{"type":"Polygon","coordinates":[[[-120.215012,39.332198],[-120.215417,39.332443],[-120.215418,39.332441],[-120.215575,39.332119],[-120.215575,39.332118],[-120.215228,39.332016],[-120.215012,39.332198]]]},"properties":{"APN":"018670022000","ADDRESS":"10511 NORTHWOODS BOULEVARD"}},{"type":"Feature","geometry":{"type":"Polygon","coordinates":[[[-120.236612,39.329275],[-120.236612,39.329787],[-120.236789,39.329787],[-120.236789,39.329275],[-120.236612,39.329275]]]},"properties":{"APN":"018382014000","ADDRESS":"12812 PALISADE STREET"}},{"type":"Feature","geometry":{"type":"Polygon","coordinates":[[[-120.238478,39.329164],[-120.238524,39.32917],[-120.238524,39.32889],[-120.238343,39.32889],[-120.238344,39.329164],[-120.238478,39.329164]]]},"properties":{"APN":"018383030000","ADDRESS":"12905 PALISADE STREET"}},{"type":"Feature","geometry":{"type":"Polygon","coordinates":[[[-120.238343,39.328231],[-120.238343,39.328505],[-120.238528,39.328505],[-120.238528,39.328298],[-120.238528,39.328231],[-120.238435,39.328231],[-120.238343,39.328231]]]},"properties":{"APN":"018384006000","ADDRESS":"12911 DULZURA STREET"}},{"type":"Feature","geometry":{"type":"Polygon","coordinates":[[[-120.236576,39.328232],[-120.236576,39.328506],[-120.236753,39.328506],[-120.236753,39.328232],[-120.236576,39.328232]]]},"properties":{"APN":"018384015000","ADDRESS":"12811 DULZURA STREET"}},{"type":"Feature","geometry":{"type":"Polygon","coordinates":[[[-120.236399,39.328274],[-120.236399,39.328506],[-120.236576,39.328506],[-120.236576,39.328232],[-120.236399,39.328232],[-120.236399,39.328274]]]},"properties":{"APN":"018384016000","ADDRESS":"12801 DULZURA STREET"}},{"type":"Feature","geometry":{"type":"Polygon","coordinates":[[[-120.244476,39.327542],[-120.24443,39.327667],[-120.24477,39.327742],[-120.244866,39.327481],[-120.244476,39.327542]]]},"properties":{"APN":"018390006000","ADDRESS":"13313 DONNER PASS ROAD"}},{"type":"Feature","geometry":{"type":"Polygon","coordinates":[[[-120.241688,39.327041],[-120.241681,39.327058],[-120.243665,39.327497],[-120.243684,39.327445],[-120.241688,39.327041]]]},"properties":{"APN":"018390009000","ADDRESS":"13253 DONNER PASS ROAD"}},{"type":"Feature","geometry":{"type":"Polygon","coordinates":[[[-120.241254,39.32681],[-120.241172,39.326929],[-120.241345,39.326976],[-120.241406,39.326888],[-120.241254,39.32681]]]},"properties":{"APN":"018390011000","ADDRESS":"13131 DONNER PASS ROAD"}},{"type":"Feature","geometry":{"type":"Polygon","coordinates":[[[-120.243439,39.328033],[-120.243609,39.32807],[-120.24373,39.32774],[-120.24356,39.327703],[-120.243439,39.328033]]]},"properties":{"APN":"018390024000","ADDRESS":"13274 DONNER PASS ROAD"}},{"type":"Feature","geometry":{"type":"Polygon","coordinates":[[[-120.24068,39.327899],[-120.240865,39.327964],[-120.241044,39.327564],[-120.240866,39.327514],[-120.24068,39.327899]]]},"properties":{"APN":"018400022000","ADDRESS":"13115 MORAINE ROAD"}},{"type":"Feature","geometry":{"type":"Polygon","coordinates":[[[-120.237187,39.327349],[-120.237338,39.32742],[-120.237503,39.327184],[-120.237352,39.327112],[-120.237187,39.327349]]]},"properties":{"APN":"018400030000","ADDRESS":"12859 SIERRA DRIVE"}},{"type":"Feature","geometry":{"type":"Polygon","coordinates":[[[-120.222828,39.325585],[-120.222825,39.325984],[-120.222843,39.325984],[-120.223373,39.325986],[-120.22339,39.325987],[-120.223392,39.325707],[-120.223252,39.325561],[-120.222828,39.325585]]]},"properties":{"APN":"018500009000","ADDRESS":"12068 DONNER PASS ROAD"}},{"type":"Feature","geometry":{"type":"Polygon","coordinates":[[[-120.222828,39.325585],[-120.222825,39.325984],[-120.222843,39.325984],[-120.223373,39.325986],[-120.22339,39.325987],[-120.223392,39.325707],[-120.223252,39.325561],[-120.222828,39.325585]]]},"properties":{"APN":"018500009000","ADDRESS":"12070 DONNER PASS ROAD"}},{"type":"Feature","geometry":{"type":"Polygon","coordinates":[[[-120.235837,39.329275],[-120.235837,39.329783],[-120.236049,39.329785],[-120.236049,39.329275],[-120.235837,39.329275]]]},"properties":{"APN":"018511015000","ADDRESS":"12766 PALISADE STREET"}},{"type":"Feature","geometry":{"type":"Polygon","coordinates":[[[-120.235747,39.327371],[-120.235747,39.327587],[-120.236189,39.327587],[-120.236189,39.32734],[-120.236188,39.327331],[-120.236185,39.327322],[-120.236181,39.327314],[-120.236174,39.327306],[-120.236167,39.327299],[-120.236157,39.327294],[-120.236147,39.32729],[-120.236136,39.327287],[-120.236125,39.327285],[-120.236119,39.327285],[-120.235932,39.327327],[-120.235747,39.327371]]]},"properties":{"APN":"018520004000","ADDRESS":"10225 PROSSER DRIVE"}},{"type":"Feature","geometry":{"type":"Polygon","coordinates":[[[-120.235747,39.327371],[-120.235747,39.327587],[-120.236189,39.327587],[-120.236189,39.32734],[-120.236188,39.327331],[-120.236185,39.327322],[-120.236181,39.327314],[-120.236174,39.327306],[-120.236167,39.327299],[-120.236157,39.327294],[-120.236147,39.32729],[-120.236136,39.327287],[-120.236125,39.327285],[-120.236119,39.327285],[-120.235932,39.327327],[-120.235747,39.327371]]]},"properties":{"APN":"018520004000","ADDRESS":"12780 PARKER ROAD"}},{"type":"Feature","geometry":{"type":"Polygon","coordinates":[[[-120.233519,39.327406],[-120.233659,39.327409],[-120.2338,39.327409],[-120.2338,39.327081],[-120.233673,39.327067],[-120.233495,39.327402],[-120.233519,39.327406]]]},"properties":{"APN":"018520026000","ADDRESS":"12657 PARKER ROAD"}},{"type":"Feature","geometry":{"type":"Polygon","coordinates":[[[-120.234915,39.326814],[-120.235168,39.326877],[-120.235327,39.326494],[-120.235075,39.326431],[-120.234915,39.326814]]]},"properties":{"APN":"018520043000","ADDRESS":"12733 SIERRA DRIVE"}},{"type":"Feature","geometry":{"type":"Polygon","coordinates":[[[-120.233906,39.32656],[-120.234159,39.326624],[-120.234318,39.326241],[-120.234066,39.326177],[-120.233906,39.32656]]]},"properties":{"APN":"018520047000","ADDRESS":"12690 RICHARDS BOULEVARD"}},{"type":"Feature","geometry":{"type":"Polygon","coordinates":[[[-120.227797,39.326019],[-120.227788,39.3264],[-120.228001,39.32638],[-120.22801,39.326022],[-120.227893,39.32602],[-120.227797,39.326019]]]},"properties":{"APN":"018534010000","ADDRESS":"12349 SIERRA DRIVE"}},{"type":"Feature","geometry":{"type":"Polygon","coordinates":[[[-120.230334,39.326366],[-120.230573,39.326409],[-120.230582,39.326059],[-120.23049,39.326058],[-120.230341,39.326056],[-120.230334,39.326366]]]},"properties":{"APN":"018534024000","ADDRESS":"12471 SIERRA DRIVE"}},{"type":"Feature","geometry":{"type":"Polygon","coordinates":[[[-120.221759,39.326666],[-120.221757,39.327009],[-120.22204,39.32701],[-120.222042,39.326667],[-120.221759,39.326666]]]},"properties":{"APN":"018540016000","ADDRESS":"12020 SIERRA DRIVE"}},{"type":"Feature","geometry":{"type":"Polygon","coordinates":[[[-120.2221,39.325981],[-120.222099,39.326155],[-120.222629,39.326158],[-120.22263,39.325983],[-120.222594,39.325983],[-120.222558,39.325983],[-120.22253,39.325983],[-120.222493,39.325983],[-120.222447,39.325982],[-120.22239,39.325982],[-120.22235,39.325982],[-120.222307,39.325982],[-120.222294,39.325982],[-120.222243,39.325982],[-120.222185,39.325981],[-120.222127,39.325981],[-120.2221,39.325981]]]},"properties":{"APN":"018540019000","ADDRESS":"10037 HIGHWAY ROAD"}},{"type":"Feature","geometry":{"type":"Polygon","coordinates":[[[-120.229632,39.325332],[-120.229624,39.326045],[-120.229829,39.326048],[-120.229913,39.326049],[-120.229921,39.32537],[-120.229632,39.325332]]]},"properties":{"APN":"018550034000","ADDRESS":"12442 RICHARDS BOULEVARD"}},{"type":"Feature","geometry":{"type":"Polygon","coordinates":[[[-120.236222,39.322477],[-120.23622,39.318855],[-120.231454,39.318807],[-120.231422,39.320204],[-120.231414,39.320309],[-120.231397,39.320413],[-120.231372,39.320517],[-120.231337,39.320618],[-120.231294,39.320718],[-120.231242,39.320815],[-120.231181,39.320909],[-120.231113,39.320999],[-120.231037,39.321086],[-120.230953,39.321169],[-120.230863,39.321247],[-120.230766,39.32132],[-120.229683,39.322076],[-120.229652,39.322096],[-120.22935,39.322276],[-120.229027,39.322435],[-120.229029,39.322435],[-120.236222,39.322477]]]},"properties":{"APN":"018560001000","ADDRESS":"10319 COLD STREAM ROAD"}},{"type":"Feature","geometry":{"type":"Polygon","coordinates":[[[-120.211612,39.325972],[-120.211617,39.325529],[-120.211016,39.325526],[-120.211011,39.326006],[-120.211612,39.32601],[-120.211612,39.325972]]]},"properties":{"APN":"018570028000","ADDRESS":"11473 DONNER PASS ROAD"}},{"type":"Feature","geometry":{"type":"Polygon","coordinates":[[[-120.211612,39.325972],[-120.211617,39.325529],[-120.211016,39.325526],[-120.211011,39.326006],[-120.211612,39.32601],[-120.211612,39.325972]]]},"properties":{"APN":"018570028000","ADDRESS":"11479 DONNER PASS ROAD"}},{"type":"Feature","geometry":{"type":"Polygon","coordinates":[[[-120.204144,39.326173],[-120.204144,39.326178],[-120.204136,39.32677],[-120.204135,39.326844],[-120.204126,39.327518],[-120.204413,39.3276],[-120.204604,39.327041],[-120.204863,39.327095],[-120.204981,39.326752],[-120.204776,39.326697],[-120.204632,39.326658],[-120.204173,39.326655],[-120.204179,39.326173],[-120.204144,39.326173]]]},"properties":{"APN":"018570042000","ADDRESS":"11200 DONNER PASS ROAD"}},{"type":"Feature","geometry":{"type":"Polygon","coordinates":[[[-120.215885,39.327759],[-120.215841,39.328086],[-120.216228,39.328088],[-120.216239,39.327965],[-120.216238,39.327935],[-120.216232,39.327906],[-120.21622,39.327879],[-120.216203,39.327852],[-120.216181,39.327829],[-120.216155,39.327808],[-120.216125,39.32779],[-120.216092,39.327776],[-120.216041,39.327766],[-120.21599,39.32776],[-120.215939,39.327757],[-120.215885,39.327759]]]},"properties":{"APN":"018580017000","ADDRESS":"11837 EDMUNDS DRIVE"}},{"type":"Feature","geometry":{"type":"Polygon","coordinates":[[[-120.215024,39.328596],[-120.215377,39.328789],[-120.215597,39.328651],[-120.215686,39.328595],[-120.215164,39.328441],[-120.215024,39.328596]]]},"properties":{"APN":"018580025000","ADDRESS":"10210 DONNER TRAIL ROAD"}},{"type":"Feature","geometry":{"type":"Polygon","coordinates":[[[-120.213304,39.328191],[-120.213301,39.328615],[-120.213619,39.32856],[-120.213622,39.328167],[-120.213304,39.328191]]]},"properties":{"APN":"018580039000","ADDRESS":"11614 BROOK LANE"}},{"type":"Feature","geometry":{"type":"Polygon","coordinates":[[[-120.20807,39.327858],[-120.208068,39.328133],[-120.208315,39.328134],[-120.208317,39.32786],[-120.20807,39.327858]]]},"properties":{"APN":"018590035000","ADDRESS":"11324 RIDGE ROAD"}},{"type":"Feature","geometry":{"type":"Polygon","coordinates":[[[-120.210535,39.329106],[-120.21004,39.329103],[-120.210038,39.329378],[-120.210037,39.329591],[-120.210531,39.329589],[-120.210533,39.32938],[-120.210535,39.329106]]]},"properties":{"APN":"018590048000","ADDRESS":"11434 ROCKY LANE"}},{"type":"Feature","geometry":{"type":"Polygon","coordinates":[[[-120.216725,39.326011],[-120.216722,39.326339],[-120.217263,39.326251],[-120.2172,39.325976],[-120.216725,39.326011]]]},"properties":{"APN":"018600016000","ADDRESS":"11782 DONNER PASS ROAD"}},{"type":"Feature","geometry":{"type":"Polygon","coordinates":[[[-120.215545,39.32709],[-120.21562,39.327091],[-120.21562,39.327063],[-120.215662,39.327063],[-120.215664,39.327005],[-120.215664,39.32699],[-120.215547,39.32699],[-120.215546,39.327023],[-120.215539,39.327023],[-120.215539,39.327028],[-120.215536,39.327028],[-120.215535,39.327059],[-120.215538,39.327059],[-120.215538,39.327063],[-120.215546,39.327063],[-120.215545,39.32709]]]},"properties":{"APN":"018600027000","ADDRESS":"UNKNOWN ADDRESS"}},{"type":"Feature","geometry":{"type":"Polygon","coordinates":[[[-120.211371,39.327462],[-120.211369,39.327737],[-120.2115,39.327737],[-120.211502,39.327463],[-120.211371,39.327462]]]},"properties":{"APN":"018610002000","ADDRESS":"11490 GLEN ROAD"}},{"type":"Feature","geometry":{"type":"Polygon","coordinates":[[[-120.209691,39.326219],[-120.209686,39.326891],[-120.209699,39.326891],[-120.20987,39.326892],[-120.210481,39.326895],[-120.210493,39.326894],[-120.210505,39.326892],[-120.210516,39.326888],[-120.210527,39.326882],[-120.210535,39.326876],[-120.210542,39.326868],[-120.210548,39.326859],[-120.210551,39.32685],[-120.210552,39.32684],[-120.210552,39.32684],[-120.210557,39.326278],[-120.210556,39.326268],[-120.210553,39.326259],[-120.210548,39.32625],[-120.210541,39.326242],[-120.210532,39.326235],[-120.210522,39.32623],[-120.210511,39.326226],[-120.210499,39.326223],[-120.210487,39.326222],[-120.209691,39.326219]]]},"properties":{"APN":"018610027000","ADDRESS":"11400 DONNER PASS ROAD"}},{"type":"Feature","geometry":{"type":"Polygon","coordinates":[[[-120.209691,39.326219],[-120.209686,39.326891],[-120.209699,39.326891],[-120.20987,39.326892],[-120.210481,39.326895],[-120.210493,39.326894],[-120.210505,39.326892],[-120.210516,39.326888],[-120.210527,39.326882],[-120.210535,39.326876],[-120.210542,39.326868],[-120.210548,39.326859],[-120.210551,39.32685],[-120.210552,39.32684],[-120.210552,39.32684],[-120.210557,39.326278],[-120.210556,39.326268],[-120.210553,39.326259],[-120.210548,39.32625],[-120.210541,39.326242],[-120.210532,39.326235],[-120.210522,39.32623],[-120.210511,39.326226],[-120.210499,39.326223],[-120.210487,39.326222],[-120.209691,39.326219]]]},"properties":{"APN":"018610027000","ADDRESS":"11400 DONNER PASS ROAD"}},{"type":"Feature","geometry":{"type":"Polygon","coordinates":[[[-120.209691,39.326219],[-120.209686,39.326891],[-120.209699,39.326891],[-120.20987,39.326892],[-120.210481,39.326895],[-120.210493,39.326894],[-120.210505,39.326892],[-120.210516,39.326888],[-120.210527,39.326882],[-120.210535,39.326876],[-120.210542,39.326868],[-120.210548,39.326859],[-120.210551,39.32685],[-120.210552,39.32684],[-120.210552,39.32684],[-120.210557,39.326278],[-120.210556,39.326268],[-120.210553,39.326259],[-120.210548,39.32625],[-120.210541,39.326242],[-120.210532,39.326235],[-120.210522,39.32623],[-120.210511,39.326226],[-120.210499,39.326223],[-120.210487,39.326222],[-120.209691,39.326219]]]},"properties":{"APN":"018610027000","ADDRESS":"11400 DONNER PASS ROAD"}},{"type":"Feature","geometry":{"type":"Polygon","coordinates":[[[-120.209691,39.326219],[-120.209686,39.326891],[-120.209699,39.326891],[-120.20987,39.326892],[-120.210481,39.326895],[-120.210493,39.326894],[-120.210505,39.326892],[-120.210516,39.326888],[-120.210527,39.326882],[-120.210535,39.326876],[-120.210542,39.326868],[-120.210548,39.326859],[-120.210551,39.32685],[-120.210552,39.32684],[-120.210552,39.32684],[-120.210557,39.326278],[-120.210556,39.326268],[-120.210553,39.326259],[-120.210548,39.32625],[-120.210541,39.326242],[-120.210532,39.326235],[-120.210522,39.32623],[-120.210511,39.326226],[-120.210499,39.326223],[-120.210487,39.326222],[-120.209691,39.326219]]]},"properties":{"APN":"018610027000","ADDRESS":"11400 DONNER PASS ROAD"}},{"type":"Feature","geometry":{"type":"Polygon","coordinates":[[[-120.209691,39.326219],[-120.209686,39.326891],[-120.209699,39.326891],[-120.20987,39.326892],[-120.210481,39.326895],[-120.210493,39.326894],[-120.210505,39.326892],[-120.210516,39.326888],[-120.210527,39.326882],[-120.210535,39.326876],[-120.210542,39.326868],[-120.210548,39.326859],[-120.210551,39.32685],[-120.210552,39.32684],[-120.210552,39.32684],[-120.210557,39.326278],[-120.210556,39.326268],[-120.210553,39.326259],[-120.210548,39.32625],[-120.210541,39.326242],[-120.210532,39.326235],[-120.210522,39.32623],[-120.210511,39.326226],[-120.210499,39.326223],[-120.210487,39.326222],[-120.209691,39.326219]]]},"properties":{"APN":"018610027000","ADDRESS":"11400 DONNER PASS ROAD"}},{"type":"Feature","geometry":{"type":"Polygon","coordinates":[[[-120.209691,39.326219],[-120.209686,39.326891],[-120.209699,39.326891],[-120.20987,39.326892],[-120.210481,39.326895],[-120.210493,39.326894],[-120.210505,39.326892],[-120.210516,39.326888],[-120.210527,39.326882],[-120.210535,39.326876],[-120.210542,39.326868],[-120.210548,39.326859],[-120.210551,39.32685],[-120.210552,39.32684],[-120.210552,39.32684],[-120.210557,39.326278],[-120.210556,39.326268],[-120.210553,39.326259],[-120.210548,39.32625],[-120.210541,39.326242],[-120.210532,39.326235],[-120.210522,39.32623],[-120.210511,39.326226],[-120.210499,39.326223],[-120.210487,39.326222],[-120.209691,39.326219]]]},"properties":{"APN":"018610027000","ADDRESS":"11400 DONNER PASS ROAD"}},{"type":"Feature","geometry":{"type":"Polygon","coordinates":[[[-120.209691,39.326219],[-120.209686,39.326891],[-120.209699,39.326891],[-120.20987,39.326892],[-120.210481,39.326895],[-120.210493,39.326894],[-120.210505,39.326892],[-120.210516,39.326888],[-120.210527,39.326882],[-120.210535,39.326876],[-120.210542,39.326868],[-120.210548,39.326859],[-120.210551,39.32685],[-120.210552,39.32684],[-120.210552,39.32684],[-120.210557,39.326278],[-120.210556,39.326268],[-120.210553,39.326259],[-120.210548,39.32625],[-120.210541,39.326242],[-120.210532,39.326235],[-120.210522,39.32623],[-120.210511,39.326226],[-120.210499,39.326223],[-120.210487,39.326222],[-120.209691,39.326219]]]},"properties":{"APN":"018610027000","ADDRESS":"11400 DONNER PASS ROAD"}},{"type":"Feature","geometry":{"type":"Polygon","coordinates":[[[-120.209691,39.326219],[-120.209686,39.326891],[-120.209699,39.326891],[-120.20987,39.326892],[-120.210481,39.326895],[-120.210493,39.326894],[-120.210505,39.326892],[-120.210516,39.326888],[-120.210527,39.326882],[-120.210535,39.326876],[-120.210542,39.326868],[-120.210548,39.326859],[-120.210551,39.32685],[-120.210552,39.32684],[-120.210552,39.32684],[-120.210557,39.326278],[-120.210556,39.326268],[-120.210553,39.326259],[-120.210548,39.32625],[-120.210541,39.326242],[-120.210532,39.326235],[-120.210522,39.32623],[-120.210511,39.326226],[-120.210499,39.326223],[-120.210487,39.326222],[-120.209691,39.326219]]]},"properties":{"APN":"018610027000","ADDRESS":"11400 DONNER PASS ROAD"}},{"type":"Feature","geometry":{"type":"Polygon","coordinates":[[[-120.209691,39.326219],[-120.209686,39.326891],[-120.209699,39.326891],[-120.20987,39.326892],[-120.210481,39.326895],[-120.210493,39.326894],[-120.210505,39.326892],[-120.210516,39.326888],[-120.210527,39.326882],[-120.210535,39.326876],[-120.210542,39.326868],[-120.210548,39.326859],[-120.210551,39.32685],[-120.210552,39.32684],[-120.210552,39.32684],[-120.210557,39.326278],[-120.210556,39.326268],[-120.210553,39.326259],[-120.210548,39.32625],[-120.210541,39.326242],[-120.210532,39.326235],[-120.210522,39.32623],[-120.210511,39.326226],[-120.210499,39.326223],[-120.210487,39.326222],[-120.209691,39.326219]]]},"properties":{"APN":"018610027000","ADDRESS":"11400 DONNER PASS ROAD"}},{"type":"Feature","geometry":{"type":"Polygon","coordinates":[[[-120.209691,39.326219],[-120.209686,39.326891],[-120.209699,39.326891],[-120.20987,39.326892],[-120.210481,39.326895],[-120.210493,39.326894],[-120.210505,39.326892],[-120.210516,39.326888],[-120.210527,39.326882],[-120.210535,39.326876],[-120.210542,39.326868],[-120.210548,39.326859],[-120.210551,39.32685],[-120.210552,39.32684],[-120.210552,39.32684],[-120.210557,39.326278],[-120.210556,39.326268],[-120.210553,39.326259],[-120.210548,39.32625],[-120.210541,39.326242],[-120.210532,39.326235],[-120.210522,39.32623],[-120.210511,39.326226],[-120.210499,39.326223],[-120.210487,39.326222],[-120.209691,39.326219]]]},"properties":{"APN":"018610027000","ADDRESS":"11400 DONNER PASS ROAD"}},{"type":"Feature","geometry":{"type":"Polygon","coordinates":[[[-120.209691,39.326219],[-120.209686,39.326891],[-120.209699,39.326891],[-120.20987,39.326892],[-120.210481,39.326895],[-120.210493,39.326894],[-120.210505,39.326892],[-120.210516,39.326888],[-120.210527,39.326882],[-120.210535,39.326876],[-120.210542,39.326868],[-120.210548,39.326859],[-120.210551,39.32685],[-120.210552,39.32684],[-120.210552,39.32684],[-120.210557,39.326278],[-120.210556,39.326268],[-120.210553,39.326259],[-120.210548,39.32625],[-120.210541,39.326242],[-120.210532,39.326235],[-120.210522,39.32623],[-120.210511,39.326226],[-120.210499,39.326223],[-120.210487,39.326222],[-120.209691,39.326219]]]},"properties":{"APN":"018610027000","ADDRESS":"11400 DONNER PASS ROAD"}},{"type":"Feature","geometry":{"type":"Polygon","coordinates":[[[-120.209691,39.326219],[-120.209686,39.326891],[-120.209699,39.326891],[-120.20987,39.326892],[-120.210481,39.326895],[-120.210493,39.326894],[-120.210505,39.326892],[-120.210516,39.326888],[-120.210527,39.326882],[-120.210535,39.326876],[-120.210542,39.326868],[-120.210548,39.326859],[-120.210551,39.32685],[-120.210552,39.32684],[-120.210552,39.32684],[-120.210557,39.326278],[-120.210556,39.326268],[-120.210553,39.326259],[-120.210548,39.32625],[-120.210541,39.326242],[-120.210532,39.326235],[-120.210522,39.32623],[-120.210511,39.326226],[-120.210499,39.326223],[-120.210487,39.326222],[-120.209691,39.326219]]]},"properties":{"APN":"018610027000","ADDRESS":"11400 DONNER PASS ROAD"}},{"type":"Feature","geometry":{"type":"Polygon","coordinates":[[[-120.203812,39.325512],[-120.20381,39.325622],[-120.204199,39.325625],[-120.204201,39.325515],[-120.203812,39.325512]]]},"properties":{"APN":"018622005000","ADDRESS":"10038 SIERRA AVENUE"}},{"type":"Feature","geometry":{"type":"Polygon","coordinates":[[[-120.204275,39.325241],[-120.204273,39.325379],[-120.204662,39.325382],[-120.204664,39.325244],[-120.204275,39.325241]]]},"properties":{"APN":"018622007000","ADDRESS":"11130 TAHOE DRIVE"}},{"type":"Feature","geometry":{"type":"Polygon","coordinates":[[[-120.203243,39.325672],[-120.20324,39.325959],[-120.203593,39.325951],[-120.203597,39.325675],[-120.203243,39.325672]]]},"properties":{"APN":"018623001000","ADDRESS":"11075 DONNER PASS ROAD"}},{"type":"Feature","geometry":{"type":"Polygon","coordinates":[[[-120.203214,39.325233],[-120.203212,39.32537],[-120.203601,39.325373],[-120.203603,39.325236],[-120.203214,39.325233]]]},"properties":{"APN":"018623009000","ADDRESS":"11084 TAHOE DRIVE"}},{"type":"Feature","geometry":{"type":"Polygon","coordinates":[[[-120.205156,39.325216],[-120.205229,39.325485],[-120.205449,39.325439],[-120.205348,39.325176],[-120.205156,39.325216]]]},"properties":{"APN":"018624002000","ADDRESS":"11184 TAHOE DRIVE"}},{"type":"Feature","geometry":{"type":"Polygon","coordinates":[[[-120.203148,39.324848],[-120.203145,39.325068],[-120.203216,39.325068],[-120.203219,39.324862],[-120.203221,39.324656],[-120.203229,39.324107],[-120.203158,39.324107],[-120.203156,39.324244],[-120.203153,39.32445],[-120.203151,39.324656],[-120.203148,39.324848]]]},"properties":{"APN":"018627002000","ADDRESS":"N/A"}},{"type":"Feature","geometry":{"type":"Polygon","coordinates":[[[-120.202316,39.325467],[-120.202329,39.325549],[-120.202503,39.325532],[-120.202483,39.325413],[-120.202333,39.325428],[-120.202339,39.325465],[-120.202316,39.325467]]]},"properties":{"APN":"018630013000","ADDRESS":"10051 LAKE AVENUE"}},{"type":"Feature","geometry":{"type":"Polygon","coordinates":[[[-120.202125,39.324681],[-120.202123,39.324874],[-120.202547,39.324877],[-120.202549,39.324685],[-120.202471,39.324684],[-120.202138,39.324682],[-120.202125,39.324681]]]},"properties":{"APN":"018630024000","ADDRESS":"10099 LAKE AVENUE"}},{"type":"Feature","geometry":{"type":"Polygon","coordinates":[[[-120.202135,39.323936],[-120.202133,39.324105],[-120.202557,39.324108],[-120.20256,39.32386],[-120.202135,39.323936]]]},"properties":{"APN":"018650006000","ADDRESS":"10151 LAKE AVENUE"}},{"type":"Feature","geometry":{"type":"Polygon","coordinates":[[[-120.202126,39.323419],[-120.202175,39.323715],[-120.202415,39.3237],[-120.202407,39.323387],[-120.202126,39.323419]]]},"properties":{"APN":"018650009000","ADDRESS":"11037 SPRING LANE"}},{"type":"Feature","geometry":{"type":"Polygon","coordinates":[[[-120.200998,39.323553],[-120.201056,39.323908],[-120.201243,39.323875],[-120.201185,39.323527],[-120.201033,39.323544],[-120.200998,39.323553]]]},"properties":{"APN":"018650014000","ADDRESS":"10977 SPRING LANE"}},{"type":"Feature","geometry":{"type":"Polygon","coordinates":[[[-120.213756,39.332906],[-120.213767,39.333495],[-120.21412,39.333491],[-120.214109,39.332908],[-120.213903,39.332913],[-120.213761,39.332907],[-120.213756,39.332906]]]},"properties":{"APN":"018670015000","ADDRESS":"11626 WHITE FIR TRAIL"}},{"type":"Feature","geometry":{"type":"Polygon","coordinates":[[[-120.215228,39.332016],[-120.215575,39.332118],[-120.2157,39.331861],[-120.215353,39.331759],[-120.215228,39.332016]]]},"properties":{"APN":"018670023000","ADDRESS":"10491 NORTHWOODS BOULEVARD"}},{"type":"Feature","geometry":{"type":"Polygon","coordinates":[[[-120.216109,39.331641],[-120.217114,39.331936],[-120.217096,39.331675],[-120.216218,39.331418],[-120.216109,39.331641]]]},"properties":{"APN":"018680010000","ADDRESS":"10444 NORTHWOODS BOULEVARD"}},{"type":"Feature","geometry":{"type":"Polygon","coordinates":[[[-120.216393,39.322275],[-120.216393,39.322785],[-120.216402,39.322785],[-120.216444,39.322784],[-120.216781,39.322806],[-120.216797,39.322292],[-120.216594,39.322296],[-120.216457,39.322284],[-120.216393,39.322275]]]},"properties":{"APN":"018730001000","ADDRESS":"11788 DEERFIELD DRIVE"}},{"type":"Feature","geometry":{"type":"Polygon","coordinates":[[[-120.214302,39.322553],[-120.214307,39.322797],[-120.21432,39.322797],[-120.214678,39.322795],[-120.214678,39.322145],[-120.214333,39.322145],[-120.214336,39.322553],[-120.214302,39.322553]]]},"properties":{"APN":"018730007000","ADDRESS":"11672 DEERFIELD DRIVE"}},{"type":"Feature","geometry":{"type":"Polygon","coordinates":[[[-120.212975,39.322146],[-120.212977,39.322558],[-120.213329,39.322556],[-120.213325,39.322146],[-120.212975,39.322146]]]},"properties":{"APN":"018730011000","ADDRESS":"11600 DEERFIELD DRIVE"}},{"type":"Feature","geometry":{"type":"Polygon","coordinates":[[[-120.215091,39.321447],[-120.215092,39.321996],[-120.21526,39.321996],[-120.215427,39.321999],[-120.215467,39.32145],[-120.215279,39.321447],[-120.215091,39.321447]]]},"properties":{"APN":"018730016000","ADDRESS":"11715 DEERFIELD DRIVE"}},{"type":"Feature","geometry":{"type":"Polygon","coordinates":[[[-120.246415,39.327994],[-120.246443,39.327998],[-120.246455,39.327946],[-120.246469,39.327888],[-120.24645,39.327885],[-120.246452,39.327875],[-120.246449,39.327874],[-120.246392,39.327866],[-120.246376,39.327935],[-120.246428,39.327942],[-120.246415,39.327994]]]},"properties":{"APN":"018780003000","ADDRESS":"13401 DONNER PASS ROAD"}},{"type":"Feature","geometry":{"type":"Polygon","coordinates":[[[-120.246072,39.327933],[-120.2461,39.327937],[-120.246109,39.3279],[-120.246112,39.327885],[-120.246113,39.327885],[-120.246116,39.327886],[-120.24612,39.327867],[-120.246129,39.327827],[-120.246126,39.327827],[-120.246107,39.327824],[-120.246109,39.327814],[-120.246106,39.327813],[-120.246049,39.327805],[-120.246033,39.327874],[-120.246085,39.327881],[-120.246072,39.327933]]]},"properties":{"APN":"018780007000","ADDRESS":"13391 DONNER PASS ROAD"}},{"type":"Feature","geometry":{"type":"Polygon","coordinates":[[[-120.210633,39.320041],[-120.210644,39.320044],[-120.210868,39.320105],[-120.210869,39.320103],[-120.210888,39.320058],[-120.210873,39.320054],[-120.21089,39.320016],[-120.210748,39.319978],[-120.210744,39.319989],[-120.210775,39.319997],[-120.21077,39.320007],[-120.21065,39.319975],[-120.210636,39.320006],[-120.210647,39.320009],[-120.210633,39.320041]]]},"properties":{"APN":"018810030000","ADDRESS":"10620 BOULDERS ROAD"}},{"type":"Feature","geometry":{"type":"Polygon","coordinates":[[[-120.21022,39.319844],[-120.210227,39.319847],[-120.210211,39.319866],[-120.21026,39.319892],[-120.210269,39.319881],[-120.210312,39.319904],[-120.210396,39.319807],[-120.210384,39.319801],[-120.210366,39.319822],[-120.210354,39.319816],[-120.210365,39.319803],[-120.210381,39.319785],[-120.210425,39.319734],[-120.21039,39.319715],[-120.210383,39.319723],[-120.210348,39.319704],[-120.210304,39.319755],[-120.210262,39.319802],[-120.210258,39.3198],[-120.21022,39.319844]]]},"properties":{"APN":"018810038000","ADDRESS":"11438 DOLOMITE WAY"}},{"type":"Feature","geometry":{"type":"Polygon","coordinates":[[[-120.221735,39.336201],[-120.221746,39.336791],[-120.221966,39.336791],[-120.222178,39.336792],[-120.222689,39.336794],[-120.222707,39.336794],[-120.222711,39.336794],[-120.222961,39.336795],[-120.223305,39.336796],[-120.223581,39.336797],[-120.224006,39.336799],[-120.224322,39.3368],[-120.224676,39.336801],[-120.22504,39.336802],[-120.225426,39.336804],[-120.225527,39.336804],[-120.225809,39.336805],[-120.225936,39.336805],[-120.226455,39.336807],[-120.226734,39.336808],[-120.227138,39.33681],[-120.228296,39.336814],[-120.228982,39.336816],[-120.229629,39.336818],[-120.23056,39.336822],[-120.231774,39.336826],[-120.232896,39.33683],[-120.233966,39.336833],[-120.234753,39.336836],[-120.23481,39.336836],[-120.235417,39.336838],[-120.235728,39.336839],[-120.236205,39.33683],[-120.236231,39.333403],[-120.226462,39.333295],[-120.22649,39.329686],[-120.225455,39.329675],[-120.221605,39.329632],[-120.221608,39.329764],[-120.221609,39.329798],[-120.221609,39.329832],[-120.22161,39.329866],[-120.221611,39.329901],[-120.221611,39.329936],[-120.221612,39.329971],[-120.221613,39.33001],[-120.221613,39.330047],[-120.221614,39.330078],[-120.221615,39.330112],[-120.221615,39.330144],[-120.221616,39.330178],[-120.221617,39.330214],[-120.221617,39.330247],[-120.221618,39.330261],[-120.221618,39.330271],[-120.221619,39.330305],[-120.221619,39.330344],[-120.22162,39.330382],[-120.221621,39.330417],[-120.221621,39.330453],[-120.221622,39.330485],[-120.221623,39.330514],[-120.221623,39.330548],[-120.221624,39.330583],[-120.221625,39.330619],[-120.221625,39.330652],[-120.221626,39.330685],[-120.221627,39.330721],[-120.221627,39.330757],[-120.221628,39.330789],[-120.221629,39.330825],[-120.221629,39.330858],[-120.22163,39.330888],[-120.221631,39.330918],[-120.221631,39.330951],[-120.221632,39.330988],[-120.221633,39.331021],[-120.221633,39.331023],[-120.221635,39.331136],[-120.221638,39.331272],[-120.22164,39.33141],[-120.221643,39.331567],[-120.221646,39.331703],[-120.221649,39.331841],[-120.221652,39.331984],[-120.221654,39.332125],[-120.221657,39.332255],[-120.22166,39.332396],[-120.221662,39.332536],[-120.221665,39.332643],[-120.221667,39.332772],[-120.22168,39.333439],[-120.221694,39.334145],[-120.221709,39.334879],[-120.221722,39.33554],[-120.221735,39.336201]]]},"properties":{"APN":"018010010000","ADDRESS":"10750 BERMGARTEN ROAD"}},{"type":"Feature","geometry":{"type":"Polygon","coordinates":[[[-120.212479,39.335829],[-120.212769,39.33605],[-120.212804,39.33603],[-120.212837,39.336009],[-120.212958,39.335925],[-120.212666,39.335702],[-120.212479,39.335829]]]},"properties":{"APN":"018021003000","ADDRESS":"11873 LAMPLIGHTER WAY"}},{"type":"Feature","geometry":{"type":"Polygon","coordinates":[[[-120.21397,39.335797],[-120.214399,39.335913],[-120.214426,39.335858],[-120.214509,39.335741],[-120.214162,39.335562],[-120.214078,39.335665],[-120.21397,39.335797]]]},"properties":{"APN":"018021012000","ADDRESS":"12073 CAVERN WAY"}},{"type":"Feature","geometry":{"type":"Polygon","coordinates":[[[-120.21298,39.33613],[-120.21316,39.336398],[-120.213378,39.33628],[-120.213281,39.33605],[-120.213276,39.33604],[-120.213268,39.33603],[-120.213258,39.336022],[-120.213247,39.336015],[-120.213235,39.33601],[-120.213221,39.336006],[-120.213207,39.336003],[-120.213193,39.336003],[-120.213178,39.336005],[-120.213164,39.336008],[-120.213071,39.336067],[-120.21298,39.33613]]]},"properties":{"APN":"018021034000","ADDRESS":"11880 LAMPLIGHTER WAY"}},{"type":"Feature","geometry":{"type":"Polygon","coordinates":[[[-120.213619,39.334812],[-120.213881,39.335035],[-120.214012,39.334956],[-120.214081,39.334922],[-120.213861,39.334656],[-120.213619,39.334812]]]},"properties":{"APN":"018031006000","ADDRESS":"11971 LAMPLIGHTER WAY"}},{"type":"Feature","geometry":{"type":"Polygon","coordinates":[[[-120.215952,39.334436],[-120.215975,39.334765],[-120.215991,39.334765],[-120.216222,39.334755],[-120.2162,39.334426],[-120.215952,39.334436]]]},"properties":{"APN":"018031020000","ADDRESS":"12088 LAMPLIGHTER WAY"}},{"type":"Feature","geometry":{"type":"Polygon","coordinates":[[[-120.215409,39.334478],[-120.215529,39.334784],[-120.215723,39.334776],[-120.215728,39.334776],[-120.215705,39.334447],[-120.215601,39.334451],[-120.215541,39.334455],[-120.215409,39.334478]]]},"properties":{"APN":"018031022000","ADDRESS":"12060 LAMPLIGHTER WAY"}},{"type":"Feature","geometry":{"type":"Polygon","coordinates":[[[-120.213853,39.335326],[-120.214211,39.335503],[-120.214349,39.335408],[-120.214063,39.33513],[-120.213965,39.335203],[-120.213893,39.335278],[-120.213853,39.335326]]]},"properties":{"APN":"018031029000","ADDRESS":"11960 LAMPLIGHTER WAY"}},{"type":"Feature","geometry":{"type":"Polygon","coordinates":[[[-120.215991,39.334765],[-120.216079,39.335056],[-120.216146,39.335044],[-120.216203,39.33503],[-120.216257,39.33501],[-120.216307,39.334984],[-120.216351,39.334953],[-120.21639,39.334917],[-120.216422,39.334878],[-120.216447,39.334835],[-120.216464,39.334791],[-120.216473,39.334745],[-120.216222,39.334755],[-120.215991,39.334765]]]},"properties":{"APN":"018031037000","ADDRESS":"11943 CAVERN WAY"}},{"type":"Feature","geometry":{"type":"Polygon","coordinates":[[[-120.215379,39.335424],[-120.21559,39.335678],[-120.215694,39.335636],[-120.215772,39.335605],[-120.21568,39.335299],[-120.215615,39.335318],[-120.215552,39.33534],[-120.215492,39.335368],[-120.215379,39.335424]]]},"properties":{"APN":"018031045000","ADDRESS":"12010 CAVERN WAY"}},{"type":"Feature","geometry":{"type":"Polygon","coordinates":[[[-120.243949,39.328145],[-120.244119,39.328183],[-120.24424,39.327853],[-120.24373,39.32774],[-120.243609,39.32807],[-120.243779,39.328108],[-120.243949,39.328145]]]},"properties":{"APN":"018374024000","ADDRESS":"13290 DONNER PASS ROAD"}},{"type":"Feature","geometry":{"type":"Polygon","coordinates":[[[-120.241409,39.328153],[-120.241572,39.32821],[-120.241714,39.327825],[-120.241557,39.327752],[-120.241409,39.328153]]]},"properties":{"APN":"018375006000","ADDRESS":"13155 MORAINE ROAD"}},{"type":"Feature","geometry":{"type":"Polygon","coordinates":[[[-120.237106,39.328616],[-120.237106,39.32889],[-120.237283,39.32889],[-120.237283,39.328616],[-120.237106,39.328616]]]},"properties":{"APN":"018383019000","ADDRESS":"12840 DULZURA STREET"}},{"type":"Feature","geometry":{"type":"Polygon","coordinates":[[[-120.237989,39.328231],[-120.23799,39.328506],[-120.238166,39.328506],[-120.238166,39.328231],[-120.237989,39.328231]]]},"properties":{"APN":"018384008000","ADDRESS":"12891 DULZURA STREET"}},{"type":"Feature","geometry":{"type":"Polygon","coordinates":[[[-120.238627,39.328257],[-120.238705,39.328277],[-120.238704,39.328003],[-120.238435,39.327932],[-120.238435,39.328231],[-120.238528,39.328231],[-120.238627,39.328257]]]},"properties":{"APN":"018384028000","ADDRESS":"12938 SIERRA DRIVE"}},{"type":"Feature","geometry":{"type":"Polygon","coordinates":[[[-120.245211,39.327542],[-120.24511,39.327817],[-120.24545,39.327893],[-120.245577,39.327547],[-120.24581,39.32691],[-120.245473,39.326827],[-120.245211,39.327542]]]},"properties":{"APN":"018390004000","ADDRESS":"13351 DONNER PASS ROAD"}},{"type":"Feature","geometry":{"type":"Polygon","coordinates":[[[-120.243684,39.327445],[-120.243665,39.327497],[-120.24409,39.327591],[-120.244114,39.327525],[-120.244245,39.327169],[-120.244175,39.32716],[-120.243878,39.327117],[-120.24381,39.327101],[-120.243684,39.327445]]]},"properties":{"APN":"018390008000","ADDRESS":"13281 DONNER PASS ROAD"}},{"type":"Feature","geometry":{"type":"Polygon","coordinates":[[[-120.237995,39.32592],[-120.238557,39.326338],[-120.238664,39.326186],[-120.237995,39.32592]]]},"properties":{"APN":"018400008000","ADDRESS":"12950 DONNER PASS ROAD"}},{"type":"Feature","geometry":{"type":"Polygon","coordinates":[[[-120.238557,39.326338],[-120.238817,39.326532],[-120.238971,39.326312],[-120.238774,39.326229],[-120.238664,39.326186],[-120.238557,39.326338]]]},"properties":{"APN":"018400009000","ADDRESS":"12964 DONNER PASS ROAD"}},{"type":"Feature","geometry":{"type":"Polygon","coordinates":[[[-120.240689,39.327461],[-120.240866,39.327514],[-120.241052,39.327128],[-120.240887,39.327078],[-120.240689,39.327461]]]},"properties":{"APN":"018400021000","ADDRESS":"13120 DONNER PASS ROAD"}},{"type":"Feature","geometry":{"type":"Polygon","coordinates":[[[-120.2208,39.326065],[-120.221143,39.326067],[-120.221356,39.326239],[-120.221611,39.326244],[-120.221852,39.32598],[-120.2208,39.325974],[-120.220803,39.325723],[-120.219629,39.325811],[-120.219649,39.325968],[-120.219703,39.32617],[-120.220716,39.326128],[-120.2208,39.326065]],[[-120.22061,39.325935],[-120.220438,39.325934],[-120.220271,39.325919],[-120.220277,39.32583],[-120.220283,39.325801],[-120.22063,39.32581],[-120.220618,39.325847],[-120.22061,39.325935]]]},"properties":{"APN":"018500069000","ADDRESS":"12010 DONNER PASS ROAD"}},{"type":"Feature","geometry":{"type":"Polygon","coordinates":[[[-120.2208,39.326065],[-120.221143,39.326067],[-120.221356,39.326239],[-120.221611,39.326244],[-120.221852,39.32598],[-120.2208,39.325974],[-120.220803,39.325723],[-120.219629,39.325811],[-120.219649,39.325968],[-120.219703,39.32617],[-120.220716,39.326128],[-120.2208,39.326065]],[[-120.22061,39.325935],[-120.220438,39.325934],[-120.220271,39.325919],[-120.220277,39.32583],[-120.220283,39.325801],[-120.22063,39.32581],[-120.220618,39.325847],[-120.22061,39.325935]]]},"properties":{"APN":"018500069000","ADDRESS":"12010 DONNER PASS ROAD"}},{"type":"Feature","geometry":{"type":"Polygon","coordinates":[[[-120.235969,39.328768],[-120.235969,39.329111],[-120.23612,39.329111],[-120.236132,39.32911],[-120.236144,39.329108],[-120.236155,39.329103],[-120.236165,39.329098],[-120.236174,39.329091],[-120.236181,39.329083],[-120.236186,39.329075],[-120.23619,39.328921],[-120.23619,39.328768],[-120.235969,39.328768]]]},"properties":{"APN":"018512006000","ADDRESS":"10319 PROSSER DRIVE"}},{"type":"Feature","geometry":{"type":"Polygon","coordinates":[[[-120.235545,39.328425],[-120.235545,39.328768],[-120.235757,39.328768],[-120.235757,39.328425],[-120.235545,39.328425]]]},"properties":{"APN":"018512018000","ADDRESS":"12752 LEE ROAD"}},{"type":"Feature","geometry":{"type":"Polygon","coordinates":[[[-120.233641,39.328433],[-120.233698,39.328495],[-120.233698,39.328549],[-120.234051,39.328549],[-120.234052,39.328501],[-120.234049,39.328453],[-120.23404,39.328405],[-120.233988,39.328339],[-120.233931,39.328275],[-120.233641,39.328433]]]},"properties":{"APN":"018513003000","ADDRESS":"10301 THOMAS DRIVE"}},{"type":"Feature","geometry":{"type":"Polygon","coordinates":[[[-120.235748,39.327752],[-120.235748,39.327917],[-120.23596,39.327917],[-120.23619,39.327916],[-120.236189,39.327752],[-120.235748,39.327752]]]},"properties":{"APN":"018520002000","ADDRESS":"10241 PROSSER DRIVE"}},{"type":"Feature","geometry":{"type":"Polygon","coordinates":[[[-120.234863,39.326975],[-120.234863,39.327406],[-120.234912,39.327397],[-120.23559,39.327236],[-120.235598,39.327233],[-120.235606,39.32723],[-120.235612,39.327225],[-120.235618,39.32722],[-120.235622,39.327214],[-120.235625,39.327207],[-120.235627,39.3272],[-120.235627,39.327193],[-120.235626,39.327187],[-120.235623,39.32718],[-120.235618,39.327174],[-120.235613,39.327168],[-120.235606,39.327164],[-120.235599,39.32716],[-120.23559,39.327157],[-120.234863,39.326975]]]},"properties":{"APN":"018520021000","ADDRESS":"12715 PARKER ROAD"}},{"type":"Feature","geometry":{"type":"Polygon","coordinates":[[[-120.228222,39.326025],[-120.228214,39.326361],[-120.22844,39.32634],[-120.228448,39.326028],[-120.228222,39.326025]]]},"properties":{"APN":"018534016000","ADDRESS":"12373 SIERRA DRIVE"}},{"type":"Feature","geometry":{"type":"Polygon","coordinates":[[[-120.222961,39.326671],[-120.222959,39.327014],[-120.223171,39.327015],[-120.223173,39.326672],[-120.222961,39.326671]]]},"properties":{"APN":"018540011000","ADDRESS":"12084 SIERRA DRIVE"}},{"type":"Feature","geometry":{"type":"Polygon","coordinates":[[[-120.225242,39.325995],[-120.225239,39.326516],[-120.225451,39.326517],[-120.225454,39.325995],[-120.225242,39.325995]]]},"properties":{"APN":"018540031000","ADDRESS":"12211 SIERRA DRIVE EAST"}},{"type":"Feature","geometry":{"type":"Polygon","coordinates":[[[-120.232801,39.32591],[-120.232737,39.32609],[-120.232915,39.326092],[-120.232918,39.325933],[-120.232801,39.32591]]]},"properties":{"APN":"018550010000","ADDRESS":"12620 RICHARDS BOULEVARD"}},{"type":"Feature","geometry":{"type":"Polygon","coordinates":[[[-120.231367,39.325639],[-120.231359,39.32607],[-120.23143,39.326071],[-120.231543,39.326073],[-120.231608,39.325685],[-120.231367,39.325639]]]},"properties":{"APN":"018550015000","ADDRESS":"12540 RICHARDS BOULEVARD"}},{"type":"Feature","geometry":{"type":"Polygon","coordinates":[[[-120.228479,39.32524],[-120.22847,39.326029],[-120.228695,39.326032],[-120.228759,39.326033],[-120.228767,39.325248],[-120.228559,39.325234],[-120.228479,39.32524]]]},"properties":{"APN":"018550030000","ADDRESS":"12380 RICHARDS BOULEVARD"}},{"type":"Feature","geometry":{"type":"Polygon","coordinates":[[[-120.230209,39.325414],[-120.230202,39.326054],[-120.230341,39.326056],[-120.23049,39.326058],[-120.230505,39.325463],[-120.230209,39.325414]]]},"properties":{"APN":"018550036000","ADDRESS":"12476 RICHARDS BOULEVARD"}},{"type":"Feature","geometry":{"type":"Polygon","coordinates":[[[-120.216783,39.323978],[-120.216199,39.323907],[-120.214325,39.323565],[-120.214372,39.325962],[-120.214372,39.325976],[-120.214548,39.325963],[-120.216498,39.325819],[-120.216819,39.325796],[-120.216819,39.32578],[-120.216783,39.323978]]]},"properties":{"APN":"018570003000","ADDRESS":"11711 DONNER PASS ROAD"}},{"type":"Feature","geometry":{"type":"Polygon","coordinates":[[[-120.216783,39.323978],[-120.216199,39.323907],[-120.214325,39.323565],[-120.214372,39.325962],[-120.214372,39.325976],[-120.214548,39.325963],[-120.216498,39.325819],[-120.216819,39.325796],[-120.216819,39.32578],[-120.216783,39.323978]]]},"properties":{"APN":"018570003000","ADDRESS":"11725 DONNER PASS ROAD"}},{"type":"Feature","geometry":{"type":"Polygon","coordinates":[[[-120.205317,39.327289],[-120.205139,39.327807],[-120.205153,39.327811],[-120.20557,39.327931],[-120.205751,39.327982],[-120.205784,39.327314],[-120.206088,39.327317],[-120.206092,39.32696],[-120.206022,39.326959],[-120.206026,39.326626],[-120.205602,39.326623],[-120.205608,39.326184],[-120.205495,39.326183],[-120.205488,39.326684],[-120.205283,39.327282],[-120.205317,39.327289]]]},"properties":{"APN":"018570036000","ADDRESS":"11260 DONNER PASS ROAD"}},{"type":"Feature","geometry":{"type":"Polygon","coordinates":[[[-120.204135,39.326844],[-120.204136,39.32677],[-120.204144,39.326178],[-120.204144,39.326173],[-120.204055,39.326172],[-120.204049,39.326666],[-120.203766,39.326664],[-120.203721,39.326811],[-120.203959,39.326862],[-120.203985,39.32681],[-120.204135,39.326844]]]},"properties":{"APN":"018570060000","ADDRESS":"11166 DONNER PASS ROAD"}},{"type":"Feature","geometry":{"type":"Polygon","coordinates":[[[-120.212961,39.329326],[-120.212971,39.32958],[-120.21329,39.329578],[-120.213293,39.329199],[-120.213052,39.329241],[-120.213035,39.329244],[-120.213019,39.32925],[-120.213005,39.329257],[-120.212992,39.329265],[-120.212981,39.329276],[-120.212972,39.329287],[-120.212966,39.329299],[-120.212962,39.329312],[-120.212961,39.329326]]]},"properties":{"APN":"018580002000","ADDRESS":"11594 ROCKY LANE"}},{"type":"Feature","geometry":{"type":"Polygon","coordinates":[[[-120.2163,39.328945],[-120.216673,39.329565],[-120.216875,39.329565],[-120.216895,39.329565],[-120.216954,39.329564],[-120.216952,39.329481],[-120.216944,39.329171],[-120.21694,39.329017],[-120.21694,39.329016],[-120.216371,39.328813],[-120.21634,39.328886],[-120.2163,39.328945]]]},"properties":{"APN":"018580012000","ADDRESS":"11776 EDMUNDS DRIVE"}},{"type":"Feature","geometry":{"type":"Polygon","coordinates":[[[-120.215841,39.328086],[-120.215767,39.328327],[-120.216207,39.328329],[-120.216228,39.328088],[-120.215841,39.328086]]]},"properties":{"APN":"018580018000","ADDRESS":"11825 EDMUNDS DRIVE"}},{"type":"Feature","geometry":{"type":"Polygon","coordinates":[[[-120.21394,39.32818],[-120.213937,39.328561],[-120.214279,39.328563],[-120.214275,39.328359],[-120.21424,39.328201],[-120.21394,39.32818]]]},"properties":{"APN":"018580041000","ADDRESS":"11646 BROOK LANE"}},{"type":"Feature","geometry":{"type":"Polygon","coordinates":[[[-120.214289,39.327951],[-120.214202,39.328035],[-120.214572,39.328023],[-120.214699,39.328007],[-120.214593,39.327681],[-120.214343,39.327697],[-120.214289,39.327951]]]},"properties":{"APN":"018580046000","ADDRESS":"11665 BROOK LANE"}},{"type":"Feature","geometry":{"type":"Polygon","coordinates":[[[-120.213241,39.327722],[-120.213239,39.328033],[-120.213592,39.328003],[-120.213595,39.327722],[-120.213241,39.327722]]]},"properties":{"APN":"018580049000","ADDRESS":"11611 BROOK LANE"}},{"type":"Feature","geometry":{"type":"Polygon","coordinates":[[[-120.216352,39.32773],[-120.216388,39.327773],[-120.216416,39.327818],[-120.216436,39.327866],[-120.216448,39.327916],[-120.216913,39.327918],[-120.216904,39.327575],[-120.216665,39.327642],[-120.216352,39.32773]]]},"properties":{"APN":"018580052000","ADDRESS":"11854 EDMUNDS DRIVE"}},{"type":"Feature","geometry":{"type":"Polygon","coordinates":[[[-120.21071,39.329381],[-120.210708,39.32959],[-120.211698,39.329585],[-120.211699,39.329386],[-120.211205,39.329383],[-120.21071,39.329381]]]},"properties":{"APN":"018590003000","ADDRESS":"10212 MEADOW WAY"}},{"type":"Feature","geometry":{"type":"Polygon","coordinates":[[[-120.208558,39.328684],[-120.208556,39.328959],[-120.208761,39.32896],[-120.208762,39.328864],[-120.208805,39.328864],[-120.208805,39.328839],[-120.208866,39.328747],[-120.208806,39.328686],[-120.208558,39.328684]]]},"properties":{"APN":"018590013000","ADDRESS":"11336 VALLEY ROAD"}},{"type":"Feature","geometry":{"type":"Polygon","coordinates":[[[-120.210718,39.328283],[-120.210716,39.328557],[-120.211211,39.32856],[-120.211213,39.328285],[-120.210718,39.328283]]]},"properties":{"APN":"018590026000","ADDRESS":"10152 MEADOW WAY"}},{"type":"Feature","geometry":{"type":"Polygon","coordinates":[[[-120.212206,39.327878],[-120.212204,39.328152],[-120.212366,39.328153],[-120.212549,39.328148],[-120.212552,39.327734],[-120.212207,39.32774],[-120.212206,39.327878]]]},"properties":{"APN":"018590045000","ADDRESS":"11551 BROOK LANE"}},{"type":"Feature","geometry":{"type":"Polygon","coordinates":[[[-120.21654,39.327135],[-120.216594,39.327176],[-120.216894,39.327178],[-120.216888,39.326939],[-120.216718,39.326938],[-120.216535,39.326937],[-120.21654,39.327135]]]},"properties":{"APN":"018600001000","ADDRESS":"11874 EDMUNDS DRIVE"}},{"type":"Feature","geometry":{"type":"Polygon","coordinates":[[[-120.214595,39.326175],[-120.214589,39.326928],[-120.214943,39.32693],[-120.214943,39.32684],[-120.214944,39.326766],[-120.214944,39.32671],[-120.214945,39.326624],[-120.214946,39.326552],[-120.214946,39.326472],[-120.214947,39.326398],[-120.214947,39.326341],[-120.214948,39.326278],[-120.214949,39.326148],[-120.214595,39.326175]]]},"properties":{"APN":"018600012000","ADDRESS":"10120 DONNER TRAIL ROAD"}},{"type":"Feature","geometry":{"type":"Polygon","coordinates":[[[-120.214595,39.326175],[-120.214589,39.326928],[-120.214943,39.32693],[-120.214943,39.32684],[-120.214944,39.326766],[-120.214944,39.32671],[-120.214945,39.326624],[-120.214946,39.326552],[-120.214946,39.326472],[-120.214947,39.326398],[-120.214947,39.326341],[-120.214948,39.326278],[-120.214949,39.326148],[-120.214595,39.326175]]]},"properties":{"APN":"018600012000","ADDRESS":"11662 DONNER PASS ROAD"}},{"type":"Feature","geometry":{"type":"Polygon","coordinates":[[[-120.21595,39.327097],[-120.216043,39.327097],[-120.216043,39.327007],[-120.216001,39.327006],[-120.216001,39.327001],[-120.215996,39.327001],[-120.215996,39.326998],[-120.215955,39.326998],[-120.215955,39.327001],[-120.215951,39.327001],[-120.215949,39.327006],[-120.215917,39.327006],[-120.215917,39.327064],[-120.215949,39.327065],[-120.21595,39.327097]]]},"properties":{"APN":"018600024000","ADDRESS":"UNKNOWN ADDRESS"}},{"type":"Feature","geometry":{"type":"Polygon","coordinates":[[[-120.215594,39.3272],[-120.215683,39.327201],[-120.215684,39.327163],[-120.215681,39.327163],[-120.215681,39.327117],[-120.215595,39.327116],[-120.215595,39.327123],[-120.215587,39.327123],[-120.215587,39.327128],[-120.215584,39.327128],[-120.215585,39.32716],[-120.215588,39.32716],[-120.215588,39.327165],[-120.215594,39.327165],[-120.215594,39.3272]]]},"properties":{"APN":"018600028000","ADDRESS":"UNKNOWN ADDRESS"}},{"type":"Feature","geometry":{"type":"Polygon","coordinates":[[[-120.210731,39.326635],[-120.210729,39.32691],[-120.211436,39.326913],[-120.211437,39.326732],[-120.21131,39.326731],[-120.211311,39.326638],[-120.210731,39.326635]]]},"properties":{"APN":"018610024000","ADDRESS":"10038 MEADOW WAY"}},{"type":"Feature","geometry":{"type":"Polygon","coordinates":[[[-120.208625,39.3269],[-120.208638,39.3269],[-120.208875,39.326901],[-120.20895,39.326902],[-120.208979,39.326902],[-120.208984,39.326215],[-120.208631,39.326214],[-120.208625,39.3269]]]},"properties":{"APN":"018610030000","ADDRESS":"11350 DONNER PASS ROAD"}},{"type":"Feature","geometry":{"type":"Polygon","coordinates":[[[-120.213587,39.33565],[-120.213945,39.335827],[-120.21397,39.335797],[-120.214078,39.335665],[-120.21372,39.335488],[-120.213587,39.33565]]]},"properties":{"APN":"018021005000","ADDRESS":"11930 LAMPLIGHTER WAY"}},{"type":"Feature","geometry":{"type":"Polygon","coordinates":[[[-120.216301,39.335509],[-120.216334,39.335846],[-120.216553,39.335833],[-120.216563,39.335832],[-120.216572,39.33583],[-120.216581,39.335827],[-120.21659,39.335822],[-120.216597,39.335817],[-120.216562,39.335462],[-120.216301,39.335509]]]},"properties":{"APN":"018021024000","ADDRESS":"10911 PASSAGE PLACE"}},{"type":"Feature","geometry":{"type":"Polygon","coordinates":[[[-120.215382,39.336469],[-120.215693,39.336653],[-120.215868,39.336478],[-120.215596,39.336261],[-120.215458,39.336402],[-120.215382,39.336469]]]},"properties":{"APN":"018021032000","ADDRESS":"10834 PASSAGE PLACE"}},{"type":"Feature","geometry":{"type":"Polygon","coordinates":[[[-120.212775,39.33624],[-120.212906,39.336524],[-120.213007,39.336474],[-120.21316,39.336398],[-120.21298,39.33613],[-120.212978,39.336132],[-120.212914,39.336172],[-120.212847,39.336208],[-120.212775,39.33624]]]},"properties":{"APN":"018021035000","ADDRESS":"11866 LAMPLIGHTER WAY"}},{"type":"Feature","geometry":{"type":"Polygon","coordinates":[[[-120.212295,39.336326],[-120.212286,39.336628],[-120.21263,39.336601],[-120.212542,39.336307],[-120.212468,39.336318],[-120.212295,39.336326]]]},"properties":{"APN":"018021037000","ADDRESS":"11840 LAMPLIGHTER WAY"}},{"type":"Feature","geometry":{"type":"Polygon","coordinates":[[[-120.214069,39.334552],[-120.214289,39.334817],[-120.214497,39.334713],[-120.214277,39.334448],[-120.214069,39.334552]]]},"properties":{"APN":"018031008000","ADDRESS":"11994 LAMPLIGHTER WAY"}},{"type":"Feature","geometry":{"type":"Polygon","coordinates":[[[-120.216556,39.333926],[-120.216563,39.334246],[-120.21681,39.334236],[-120.216804,39.333925],[-120.216556,39.333926]]]},"properties":{"APN":"018031017000","ADDRESS":"12117 LAMPLIGHTER WAY"}},{"type":"Feature","geometry":{"type":"Polygon","coordinates":[[[-120.214707,39.334804],[-120.214937,39.335082],[-120.215131,39.334984],[-120.215145,39.334977],[-120.214915,39.3347],[-120.214707,39.334804]]]},"properties":{"APN":"018031025000","ADDRESS":"12014 LAMPLIGHTER WAY"}},{"type":"Feature","geometry":{"type":"Polygon","coordinates":[[[-120.214499,39.334908],[-120.214729,39.335186],[-120.214908,39.335096],[-120.214937,39.335082],[-120.214707,39.334804],[-120.214499,39.334908]]]},"properties":{"APN":"018031026000","ADDRESS":"12000 LAMPLIGHTER WAY"}},{"type":"Feature","geometry":{"type":"Polygon","coordinates":[[[-120.236341,39.3359],[-120.236342,39.33612],[-120.237985,39.336119],[-120.237985,39.335899],[-120.236341,39.3359]]]},"properties":{"APN":"018230011000","ADDRESS":"N/A"}},{"type":"Feature","geometry":{"type":"Polygon","coordinates":[[[-120.244083,39.336471],[-120.244083,39.336728],[-120.244281,39.336724],[-120.244538,39.336719],[-120.245497,39.336702],[-120.245497,39.33647],[-120.244083,39.336471]]]},"properties":{"APN":"018220002000","ADDRESS":"N/A"}},{"type":"Feature","geometry":{"type":"Polygon","coordinates":[[[-120.24258,39.335896],[-120.24258,39.336116],[-120.243994,39.336115],[-120.243994,39.335895],[-120.24258,39.335896]]]},"properties":{"APN":"018220012000","ADDRESS":"N/A"}},{"type":"Feature","geometry":{"type":"Polygon","coordinates":[[[-120.236342,39.336765],[-120.236342,39.336898],[-120.236365,39.336897],[-120.236701,39.336888],[-120.236819,39.336885],[-120.237066,39.336878],[-120.237314,39.336871],[-120.237561,39.336864],[-120.237986,39.336852],[-120.237986,39.336764],[-120.236342,39.336765]]]},"properties":{"APN":"018230004000","ADDRESS":"N/A"}},{"type":"Feature","geometry":{"type":"Polygon","coordinates":[[[-120.236342,39.336189],[-120.236342,39.336408],[-120.237986,39.336407],[-120.237985,39.336187],[-120.236342,39.336189]]]},"properties":{"APN":"018230010000","ADDRESS":"N/A"}},{"type":"Feature","geometry":{"type":"Polygon","coordinates":[[[-120.24408,39.334166],[-120.24408,39.334385],[-120.245494,39.334384],[-120.245494,39.334165],[-120.24408,39.334166]]]},"properties":{"APN":"018260008000","ADDRESS":"N/A"}},{"type":"Feature","geometry":{"type":"Polygon","coordinates":[[[-120.242577,39.333014],[-120.242577,39.333234],[-120.243991,39.333233],[-120.24399,39.333013],[-120.242577,39.333014]]]},"properties":{"APN":"018280003000","ADDRESS":"N/A"}},{"type":"Feature","geometry":{"type":"Polygon","coordinates":[[[-120.244077,39.331572],[-120.244077,39.331791],[-120.244166,39.331791],[-120.244165,39.331572],[-120.244077,39.331572]]]},"properties":{"APN":"018280021000","ADDRESS":"N/A"}},{"type":"Feature","geometry":{"type":"Polygon","coordinates":[[[-120.240544,39.332727],[-120.240544,39.332947],[-120.240986,39.332947],[-120.240986,39.332727],[-120.240544,39.332727]]]},"properties":{"APN":"018290008000","ADDRESS":"N/A"}},{"type":"Feature","geometry":{"type":"Polygon","coordinates":[[[-120.243723,39.330996],[-120.243723,39.331215],[-120.243988,39.331215],[-120.243988,39.330996],[-120.243723,39.330996]]]},"properties":{"APN":"018320022000","ADDRESS":"N/A"}},{"type":"Feature","geometry":{"type":"Polygon","coordinates":[[[-120.244076,39.330707],[-120.244076,39.330927],[-120.244253,39.330927],[-120.244253,39.330709],[-120.244248,39.330707],[-120.244076,39.330707]]]},"properties":{"APN":"018320028000","ADDRESS":"N/A"}},{"type":"Feature","geometry":{"type":"Polygon","coordinates":[[[-120.241071,39.330421],[-120.241072,39.330641],[-120.241779,39.33064],[-120.241778,39.330421],[-120.241071,39.330421]]]},"properties":{"APN":"018320055000","ADDRESS":"N/A"}},{"type":"Feature","geometry":{"type":"Polygon","coordinates":[[[-120.240629,39.330133],[-120.24063,39.330353],[-120.240983,39.330353],[-120.240983,39.330133],[-120.240629,39.330133]]]},"properties":{"APN":"018330017000","ADDRESS":"N/A"}},{"type":"Feature","geometry":{"type":"Polygon","coordinates":[[[-120.239599,39.324124],[-120.239591,39.324477],[-120.240045,39.324475],[-120.240053,39.324131],[-120.239599,39.324124]]]},"properties":{"APN":"018340009000","ADDRESS":"UNKNOWN ADDRESS"}},{"type":"Feature","geometry":{"type":"Polygon","coordinates":[[[-120.247776,39.329278],[-120.24816,39.32935],[-120.248197,39.329216],[-120.24782,39.329145],[-120.247776,39.329278]]]},"properties":{"APN":"018363001000","ADDRESS":"13529 MORAINE ROAD"}},{"type":"Feature","geometry":{"type":"Polygon","coordinates":[[[-120.246061,39.328899],[-120.246231,39.328936],[-120.246328,39.328672],[-120.246158,39.328635],[-120.246061,39.328899]]]},"properties":{"APN":"018363010000","ADDRESS":"13425 MORAINE ROAD"}},{"type":"Feature","geometry":{"type":"Polygon","coordinates":[[[-120.246328,39.328672],[-120.246498,39.32871],[-120.246619,39.32838],[-120.246279,39.328305],[-120.246158,39.328635],[-120.246328,39.328672]]]},"properties":{"APN":"018363012000","ADDRESS":"13418 DONNER PASS ROAD"}},{"type":"Feature","geometry":{"type":"Polygon","coordinates":[[[-120.246328,39.328672],[-120.246498,39.32871],[-120.246619,39.32838],[-120.246279,39.328305],[-120.246158,39.328635],[-120.246328,39.328672]]]},"properties":{"APN":"018363012000","ADDRESS":"13430 DONNER PASS ROAD"}},{"type":"Feature","geometry":{"type":"Polygon","coordinates":[[[-120.243512,39.328834],[-120.243682,39.328872],[-120.243706,39.328806],[-120.243803,39.328542],[-120.243633,39.328504],[-120.243536,39.328768],[-120.243512,39.328834]]]},"properties":{"APN":"018372042000","ADDRESS":"13290 MORAINE ROAD"}},{"type":"Feature","geometry":{"type":"Polygon","coordinates":[[[-120.240336,39.329472],[-120.240475,39.329565],[-120.24064,39.329242],[-120.240511,39.329128],[-120.240336,39.329472]]]},"properties":{"APN":"018381003000","ADDRESS":"12995 PALISADE STREET"}},{"type":"Feature","geometry":{"type":"Polygon","coordinates":[[[-120.239797,39.328697],[-120.239973,39.328935],[-120.240071,39.328742],[-120.239808,39.328513],[-120.239738,39.328651],[-120.239797,39.328697]]]},"properties":{"APN":"018381009000","ADDRESS":"10310 MARTIS STREET"}},{"type":"Feature","geometry":{"type":"Polygon","coordinates":[[[-120.236789,39.329275],[-120.236789,39.329787],[-120.236966,39.329787],[-120.236965,39.329275],[-120.236789,39.329275]]]},"properties":{"APN":"018382013000","ADDRESS":"12822 PALISADE STREET"}},{"type":"Feature","geometry":{"type":"Polygon","coordinates":[[[-120.236347,39.329787],[-120.236436,39.329787],[-120.236612,39.329787],[-120.236612,39.329275],[-120.236435,39.329275],[-120.236347,39.329275],[-120.236347,39.329787]]]},"properties":{"APN":"018382027000","ADDRESS":"12802 PALISADE STREET"}},{"type":"Feature","geometry":{"type":"Polygon","coordinates":[[[-120.241076,39.334744],[-120.241077,39.334964],[-120.24249,39.334963],[-120.24249,39.334743],[-120.241076,39.334744]]]},"properties":{"APN":"018260004000","ADDRESS":"N/A"}},{"type":"Feature","geometry":{"type":"Polygon","coordinates":[[[-120.241075,39.333591],[-120.241075,39.333811],[-120.241605,39.333811],[-120.241605,39.333591],[-120.241075,39.333591]]]},"properties":{"APN":"018260022000","ADDRESS":"N/A"}},{"type":"Feature","geometry":{"type":"Polygon","coordinates":[[[-120.238072,39.334746],[-120.238072,39.334966],[-120.239486,39.334965],[-120.239486,39.334745],[-120.238072,39.334746]]]},"properties":{"APN":"018270003000","ADDRESS":"N/A"}},{"type":"Feature","geometry":{"type":"Polygon","coordinates":[[[-120.23634,39.334748],[-120.23634,39.334967],[-120.237984,39.334966],[-120.237984,39.334746],[-120.23634,39.334748]]]},"properties":{"APN":"018270004000","ADDRESS":"N/A"}},{"type":"Feature","geometry":{"type":"Polygon","coordinates":[[[-120.23634,39.334459],[-120.23634,39.334679],[-120.237984,39.334678],[-120.237983,39.334458],[-120.23634,39.334459]]]},"properties":{"APN":"018270005000","ADDRESS":"N/A"}},{"type":"Feature","geometry":{"type":"Polygon","coordinates":[[[-120.244077,39.33186],[-120.244078,39.33208],[-120.245491,39.332079],[-120.245491,39.331859],[-120.244077,39.33186]]]},"properties":{"APN":"018280016000","ADDRESS":"N/A"}},{"type":"Feature","geometry":{"type":"Polygon","coordinates":[[[-120.236338,39.33273],[-120.236338,39.33295],[-120.237982,39.332949],[-120.237981,39.332729],[-120.236338,39.33273]]]},"properties":{"APN":"018290005000","ADDRESS":"N/A"}},{"type":"Feature","geometry":{"type":"Polygon","coordinates":[[[-120.23807,39.332729],[-120.23807,39.332948],[-120.239484,39.332948],[-120.239484,39.332728],[-120.23807,39.332729]]]},"properties":{"APN":"018290006000","ADDRESS":"N/A"}},{"type":"Feature","geometry":{"type":"Polygon","coordinates":[[[-120.247276,39.329596],[-120.247266,39.329594],[-120.247169,39.329858],[-120.247424,39.329914],[-120.247521,39.32965],[-120.247446,39.329633],[-120.247276,39.329596]]]},"properties":{"APN":"018310038000","ADDRESS":"13503 OLYMPIC DRIVE"}},{"type":"Feature","geometry":{"type":"Polygon","coordinates":[[[-120.241867,39.330997],[-120.241868,39.331217],[-120.242044,39.331217],[-120.242044,39.330997],[-120.241867,39.330997]]]},"properties":{"APN":"018320013000","ADDRESS":"N/A"}},{"type":"Feature","geometry":{"type":"Polygon","coordinates":[[[-120.242574,39.330708],[-120.242574,39.330928],[-120.243016,39.330928],[-120.243016,39.330708],[-120.242574,39.330708]]]},"properties":{"APN":"018320035000","ADDRESS":"N/A"}},{"type":"Feature","geometry":{"type":"Polygon","coordinates":[[[-120.243192,39.33042],[-120.243192,39.330639],[-120.243987,39.330639],[-120.243987,39.330622],[-120.243367,39.33042],[-120.243192,39.33042]]]},"properties":{"APN":"018320044000","ADDRESS":"N/A"}},{"type":"Feature","geometry":{"type":"Polygon","coordinates":[[[-120.245225,39.331283],[-120.245226,39.331502],[-120.245491,39.331502],[-120.24549,39.331283],[-120.245225,39.331283]]]},"properties":{"APN":"018320058000","ADDRESS":"N/A"}},{"type":"Feature","geometry":{"type":"Polygon","coordinates":[[[-120.237803,39.331],[-120.237803,39.331219],[-120.23798,39.331219],[-120.23798,39.331],[-120.237803,39.331]]]},"properties":{"APN":"018330007000","ADDRESS":"N/A"}},{"type":"Feature","geometry":{"type":"Polygon","coordinates":[[[-120.23701,39.323911],[-120.236988,39.324013],[-120.237129,39.324026],[-120.23715,39.323931],[-120.237701,39.323984],[-120.238298,39.323567],[-120.239272,39.32358],[-120.239808,39.322791],[-120.23961,39.322499],[-120.239495,39.322426],[-120.239256,39.322389],[-120.238015,39.322607],[-120.237859,39.322711],[-120.237672,39.32265],[-120.237822,39.322373],[-120.237535,39.322348],[-120.237427,39.322277],[-120.237352,39.322351],[-120.237252,39.322483],[-120.237208,39.322555],[-120.237172,39.322629],[-120.237143,39.322705],[-120.237122,39.322782],[-120.237007,39.323313],[-120.236993,39.323391],[-120.236989,39.323499],[-120.23699,39.323606],[-120.236997,39.323714],[-120.23701,39.323821],[-120.23701,39.323911]]]},"properties":{"APN":"018340010000","ADDRESS":"UNKNOWN ADDRESS"}},{"type":"Feature","geometry":{"type":"Polygon","coordinates":[[[-120.247011,39.329537],[-120.247106,39.329558],[-120.247203,39.329294],[-120.247033,39.329257],[-120.246936,39.329521],[-120.247011,39.329537]]]},"properties":{"APN":"018361008000","ADDRESS":"13484 MORAINE ROAD"}},{"type":"Feature","geometry":{"type":"Polygon","coordinates":[[[-120.247518,39.328936],[-120.247688,39.328973],[-120.247807,39.328643],[-120.247639,39.328606],[-120.247518,39.328936]]]},"properties":{"APN":"018363020000","ADDRESS":"13500 DONNER PASS ROAD"}},{"type":"Feature","geometry":{"type":"Polygon","coordinates":[[[-120.244099,39.329237],[-120.244277,39.329254],[-120.244386,39.328956],[-120.244216,39.328919],[-120.244099,39.329237]]]},"properties":{"APN":"018372005000","ADDRESS":"13321 SIERRA DRIVE"}},{"type":"Feature","geometry":{"type":"Polygon","coordinates":[[[-120.242857,39.328617],[-120.243027,39.328655],[-120.243123,39.328391],[-120.242953,39.328353],[-120.242857,39.328617]]]},"properties":{"APN":"018372014000","ADDRESS":"13250 MORAINE ROAD"}},{"type":"Feature","geometry":{"type":"Polygon","coordinates":[[[-120.243366,39.32873],[-120.243536,39.328768],[-120.243633,39.328504],[-120.243463,39.328466],[-120.243366,39.32873]]]},"properties":{"APN":"018372017000","ADDRESS":"13280 MORAINE ROAD"}},{"type":"Feature","geometry":{"type":"Polygon","coordinates":[[[-120.243366,39.32873],[-120.243536,39.328768],[-120.243633,39.328504],[-120.243463,39.328466],[-120.243366,39.32873]]]},"properties":{"APN":"018372017000","ADDRESS":"13280 MORAINE ROAD"}},{"type":"Feature","geometry":{"type":"Polygon","coordinates":[[[-120.242191,39.329004],[-120.242342,39.329091],[-120.242476,39.328796],[-120.242383,39.328579],[-120.242191,39.329004]]]},"properties":{"APN":"018373002000","ADDRESS":"10081 SUMMIT DRIVE"}},{"type":"Feature","geometry":{"type":"Polygon","coordinates":[[[-120.241603,39.328607],[-120.241756,39.32872],[-120.241889,39.328428],[-120.241722,39.328383],[-120.241603,39.328607]]]},"properties":{"APN":"018373007000","ADDRESS":"13172 MORAINE ROAD"}},{"type":"Feature","geometry":{"type":"Polygon","coordinates":[[[-120.242662,39.328146],[-120.242832,39.328184],[-120.242929,39.32792],[-120.242759,39.327882],[-120.242662,39.328146]]]},"properties":{"APN":"018374017000","ADDRESS":"10036 SUMMIT DRIVE"}},{"type":"Feature","geometry":{"type":"Polygon","coordinates":[[[-120.243512,39.328334],[-120.243682,39.328372],[-120.243779,39.328108],[-120.243609,39.32807],[-120.243512,39.328334]]]},"properties":{"APN":"018374025000","ADDRESS":"13281 MORAINE ROAD"}},{"type":"Feature","geometry":{"type":"Polygon","coordinates":[[[-120.237672,39.329274],[-120.237673,39.329786],[-120.237849,39.329786],[-120.237849,39.329274],[-120.237672,39.329274]]]},"properties":{"APN":"018382008000","ADDRESS":"12872 PALISADE STREET"}},{"type":"Feature","geometry":{"type":"Polygon","coordinates":[[[-120.239473,39.329148],[-120.239744,39.329235],[-120.239744,39.328956],[-120.239614,39.328905],[-120.239472,39.328868],[-120.239473,39.329148]]]},"properties":{"APN":"018383024000","ADDRESS":"12978 DULZURA STREET"}},{"type":"Feature","geometry":{"type":"Polygon","coordinates":[[[-120.237636,39.328616],[-120.237637,39.32889],[-120.237813,39.32889],[-120.237813,39.328616],[-120.237636,39.328616]]]},"properties":{"APN":"018383040000","ADDRESS":"12870 DULZURA STREET"}},{"type":"Feature","geometry":{"type":"Polygon","coordinates":[[[-120.239237,39.328691],[-120.239667,39.328803],[-120.239683,39.328765],[-120.239234,39.328415],[-120.239237,39.328691]]]},"properties":{"APN":"018384001000","ADDRESS":"12969 DULZURA STREET"}},{"type":"Feature","geometry":{"type":"Polygon","coordinates":[[[-120.238528,39.328505],[-120.238705,39.328552],[-120.238705,39.328277],[-120.238627,39.328257],[-120.238528,39.328231],[-120.238528,39.328298],[-120.238528,39.328505]]]},"properties":{"APN":"018384005000","ADDRESS":"12921 DULZURA STREET"}},{"type":"Feature","geometry":{"type":"Polygon","coordinates":[[[-120.241044,39.327564],[-120.241224,39.327611],[-120.241386,39.327218],[-120.241218,39.327175],[-120.241044,39.327564]]]},"properties":{"APN":"018390013000","ADDRESS":"13140 DONNER PASS ROAD"}},{"type":"Feature","geometry":{"type":"Polygon","coordinates":[[[-120.241557,39.327752],[-120.241714,39.327825],[-120.241894,39.327334],[-120.241724,39.327296],[-120.241557,39.327752]]]},"properties":{"APN":"018390016000","ADDRESS":"13166 DONNER PASS ROAD"}},{"type":"Feature","geometry":{"type":"Polygon","coordinates":[[[-120.243099,39.327957],[-120.243269,39.327995],[-120.24339,39.327665],[-120.24322,39.327628],[-120.243099,39.327957]]]},"properties":{"APN":"018390028000","ADDRESS":"13256 DONNER PASS ROAD"}},{"type":"Feature","geometry":{"type":"Polygon","coordinates":[[[-120.239505,39.327044],[-120.239638,39.327142],[-120.239934,39.326718],[-120.239779,39.326653],[-120.239505,39.327044]]]},"properties":{"APN":"018400015000","ADDRESS":"13042 DONNER PASS ROAD"}},{"type":"Feature","geometry":{"type":"Polygon","coordinates":[[[-120.236752,39.327573],[-120.236752,39.327847],[-120.236947,39.327847],[-120.236946,39.327611],[-120.236752,39.327573]]]},"properties":{"APN":"018400042000","ADDRESS":"12821 BOCA STREET"}},{"type":"Feature","geometry":{"type":"Polygon","coordinates":[[[-120.235121,39.328768],[-120.235121,39.329111],[-120.235333,39.329111],[-120.235333,39.328768],[-120.235121,39.328768]]]},"properties":{"APN":"018512003000","ADDRESS":"12727 PALISADE STREET"}},{"type":"Feature","geometry":{"type":"Polygon","coordinates":[[[-120.234484,39.328768],[-120.234484,39.329111],[-120.234697,39.329111],[-120.234696,39.328768],[-120.234484,39.328768]]]},"properties":{"APN":"018512022000","ADDRESS":"12689 PALISADE STREET"}},{"type":"Feature","geometry":{"type":"Polygon","coordinates":[[[-120.233773,39.3281],[-120.233483,39.328258],[-120.233641,39.328433],[-120.233931,39.328275],[-120.233773,39.3281]]]},"properties":{"APN":"018513006000","ADDRESS":"10281 THOMAS DRIVE"}},{"type":"Feature","geometry":{"type":"Polygon","coordinates":[[[-120.233325,39.328082],[-120.233483,39.328258],[-120.233773,39.3281],[-120.233614,39.327925],[-120.233325,39.328082]]]},"properties":{"APN":"018513007000","ADDRESS":"10271 THOMAS DRIVE"}},{"type":"Feature","geometry":{"type":"Polygon","coordinates":[[[-120.233673,39.327067],[-120.2338,39.327081],[-120.233948,39.326744],[-120.233746,39.326694],[-120.233608,39.327025],[-120.233673,39.327067]]]},"properties":{"APN":"018520035000","ADDRESS":"12666 SIERRA DRIVE"}},{"type":"Feature","geometry":{"type":"Polygon","coordinates":[[[-120.234032,39.327106],[-120.234283,39.327133],[-120.234397,39.326857],[-120.23416,39.326798],[-120.234032,39.327106]]]},"properties":{"APN":"018520037000","ADDRESS":"12694 SIERRA DRIVE"}},{"type":"Feature","geometry":{"type":"Polygon","coordinates":[[[-120.235924,39.327068],[-120.236257,39.327152],[-120.236257,39.32678],[-120.236257,39.326731],[-120.236257,39.326729],[-120.236084,39.326685],[-120.235924,39.327068]]]},"properties":{"APN":"018520039000","ADDRESS":"12799 SIERRA DRIVE"}},{"type":"Feature","geometry":{"type":"Polygon","coordinates":[[[-120.227161,39.32601],[-120.227151,39.326458],[-120.227363,39.326439],[-120.227373,39.326013],[-120.227255,39.326011],[-120.227161,39.32601]]]},"properties":{"APN":"018534018000","ADDRESS":"12313 SIERRA DRIVE"}},{"type":"Feature","geometry":{"type":"Polygon","coordinates":[[[-120.222042,39.326667],[-120.22204,39.32701],[-120.222323,39.327012],[-120.222325,39.326668],[-120.222042,39.326667]]]},"properties":{"APN":"018540015000","ADDRESS":"12036 SIERRA DRIVE"}},{"type":"Feature","geometry":{"type":"Polygon","coordinates":[[[-120.222843,39.325984],[-120.222841,39.326158],[-120.223372,39.326161],[-120.223373,39.325986],[-120.222843,39.325984]]]},"properties":{"APN":"018540020000","ADDRESS":"10036 HIGHWAY ROAD"}},{"type":"Feature","geometry":{"type":"Polygon","coordinates":[[[-120.226091,39.325998],[-120.226087,39.32652],[-120.226299,39.326521],[-120.226303,39.325999],[-120.226091,39.325998]]]},"properties":{"APN":"018540035000","ADDRESS":"12255 SIERRA DRIVE EAST"}},{"type":"Feature","geometry":{"type":"Polygon","coordinates":[[[-120.226091,39.325998],[-120.226087,39.32652],[-120.226299,39.326521],[-120.226303,39.325999],[-120.226091,39.325998]]]},"properties":{"APN":"018540035000","ADDRESS":"12255 SIERRA DRIVE EAST"}},{"type":"Feature","geometry":{"type":"Polygon","coordinates":[[[-120.223392,39.325707],[-120.22339,39.325987],[-120.223651,39.325988],[-120.223899,39.325989],[-120.224146,39.32599],[-120.224199,39.325959],[-120.224289,39.325837],[-120.224304,39.325796],[-120.223559,39.32588],[-120.223392,39.325707]]]},"properties":{"APN":"018540038000","ADDRESS":"UNKNOWN ADDRESS"}},{"type":"Feature","geometry":{"type":"Polygon","coordinates":[[[-120.224913,39.325779],[-120.22491,39.325957],[-120.225051,39.325959],[-120.225054,39.32578],[-120.224913,39.325779]]]},"properties":{"APN":"018540040000","ADDRESS":"UNKNOWN ADDRESS"}},{"type":"Feature","geometry":{"type":"Polygon","coordinates":[[[-120.22463,39.325776],[-120.224627,39.325954],[-120.224768,39.325956],[-120.224771,39.325777],[-120.22463,39.325776]]]},"properties":{"APN":"018540042000","ADDRESS":"12166 RICHARDS BOULEVARD"}},{"type":"Feature","geometry":{"type":"Polygon","coordinates":[[[-120.231781,39.325718],[-120.231721,39.326075],[-120.231854,39.326077],[-120.231899,39.326078],[-120.231953,39.32575],[-120.231781,39.325718]]]},"properties":{"APN":"018550004000","ADDRESS":"12562 RICHARDS BOULEVARD"}},{"type":"Feature","geometry":{"type":"Polygon","coordinates":[[[-120.231608,39.325685],[-120.231543,39.326073],[-120.231642,39.326074],[-120.231721,39.326075],[-120.231781,39.325718],[-120.231608,39.325685]]]},"properties":{"APN":"018550014000","ADDRESS":"12552 RICHARDS BOULEVARD"}},{"type":"Feature","geometry":{"type":"Polygon","coordinates":[[[-120.218518,39.322801],[-120.218433,39.322813],[-120.218425,39.322903],[-120.218425,39.322907],[-120.218417,39.322998],[-120.218415,39.323024],[-120.218967,39.322976],[-120.221237,39.323254],[-120.221578,39.323332],[-120.225629,39.323829],[-120.22567,39.323835],[-120.225775,39.323764],[-120.225886,39.323698],[-120.226003,39.323639],[-120.226124,39.323585],[-120.226249,39.323538],[-120.226378,39.323498],[-120.22651,39.323464],[-120.226645,39.323436],[-120.226781,39.323416],[-120.22692,39.323403],[-120.227059,39.323397],[-120.227198,39.323397],[-120.227337,39.323405],[-120.227485,39.323119],[-120.227378,39.322976],[-120.227229,39.322973],[-120.227079,39.322974],[-120.226929,39.32298],[-120.22678,39.322991],[-120.226632,39.323006],[-120.226562,39.323014],[-120.226479,39.323018],[-120.226396,39.323016],[-120.226314,39.323009],[-120.226232,39.322996],[-120.226153,39.322978],[-120.226076,39.322955],[-120.226002,39.322926],[-120.225895,39.322884],[-120.225786,39.322847],[-120.225674,39.322816],[-120.225559,39.32279],[-120.225443,39.32277],[-120.225325,39.322756],[-120.225206,39.322747],[-120.225087,39.322745],[-120.224904,39.322746],[-120.22455,39.322747],[-120.224559,39.322387],[-120.225372,39.32239],[-120.226432,39.3224],[-120.226589,39.32226],[-120.226701,39.322114],[-120.226767,39.322124],[-120.226773,39.322064],[-120.226781,39.321639],[-120.226785,39.321597],[-120.226782,39.321534],[-120.226787,39.321471],[-120.226798,39.321409],[-120.226816,39.321348],[-120.226841,39.321288],[-120.226872,39.32123],[-120.226894,39.321188],[-120.226907,39.321143],[-120.226911,39.321097],[-120.226914,39.321031],[-120.226923,39.320966],[-120.22694,39.320902],[-120.226963,39.320839],[-120.226992,39.320777],[-120.226991,39.320441],[-120.227092,39.320301],[-120.227206,39.320348],[-120.227377,39.320168],[-120.22761,39.319886],[-120.227646,39.319845],[-120.227883,39.319592],[-120.227923,39.319544],[-120.227956,39.319493],[-120.228361,39.318759],[-120.226752,39.318743],[-120.226822,39.316328],[-120.224855,39.316304],[-120.224711,39.316337],[-120.2233,39.316756],[-120.216879,39.319039],[-120.21683,39.320913],[-120.216813,39.321566],[-120.216959,39.321528],[-120.217107,39.321497],[-120.217281,39.321473],[-120.217316,39.321471],[-120.217519,39.321457],[-120.217594,39.321455],[-120.217819,39.32146],[-120.217921,39.321465],[-120.218239,39.321482],[-120.218552,39.321499],[-120.219865,39.32157],[-120.219824,39.322031],[-120.219808,39.322209],[-120.219791,39.322405],[-120.219597,39.32246],[-120.219494,39.322555],[-120.219334,39.322608],[-120.219235,39.322656],[-120.219114,39.322722],[-120.218938,39.322747],[-120.2188,39.322765],[-120.218683,39.322764],[-120.218518,39.322801]],[[-120.22501,39.323593],[-120.224073,39.32345],[-120.224468,39.323141],[-120.224689,39.323043],[-120.224771,39.322895],[-120.225088,39.322894],[-120.2252,39.322897],[-120.225312,39.322906],[-120.225422,39.32292],[-120.225531,39.32294],[-120.225638,39.322965],[-120.225743,39.322996],[-120.225845,39.323032],[-120.225944,39.323073],[-120.226032,39.323103],[-120.226122,39.323127],[-120.226215,39.323146],[-120.226309,39.323158],[-120.226405,39.323165],[-120.226501,39.323166],[-120.226596,39.323161],[-120.226691,39.32315],[-120.226723,39.323285],[-120.226563,39.323316],[-120.226405,39.323351],[-120.226248,39.323392],[-120.226094,39.323437],[-120.225943,39.323487],[-120.225847,39.323523],[-120.225747,39.323553],[-120.225645,39.323577],[-120.225541,39.323595],[-120.225435,39.323607],[-120.225329,39.323613],[-120.225222,39.323613],[-120.225116,39.323606],[-120.22501,39.323593]],[[-120.221532,39.322364],[-120.222875,39.322373],[-120.22282,39.322561],[-120.221532,39.322364]]]},"properties":{"APN":"018560026000","ADDRESS":"12175 DEERFIELD DRIVE"}},{"type":"Feature","geometry":{"type":"Polygon","coordinates":[[[-120.204179,39.326173],[-120.204173,39.326655],[-120.204632,39.326658],[-120.204776,39.326697],[-120.204783,39.326178],[-120.204179,39.326173]]]},"properties":{"APN":"018570040000","ADDRESS":"11202 DONNER PASS ROAD"}},{"type":"Feature","geometry":{"type":"Polygon","coordinates":[[[-120.212408,39.32922],[-120.212405,39.329582],[-120.212759,39.329581],[-120.212749,39.329331],[-120.212747,39.329318],[-120.212743,39.329305],[-120.212736,39.329293],[-120.212727,39.329283],[-120.212716,39.329273],[-120.212703,39.329265],[-120.212688,39.329258],[-120.212548,39.329238],[-120.212408,39.32922]]]},"properties":{"APN":"018580001000","ADDRESS":"11560 ROCKY LANE"}},{"type":"Feature","geometry":{"type":"Polygon","coordinates":[[[-120.213859,39.329104],[-120.213856,39.329576],[-120.214035,39.329576],[-120.214091,39.329575],[-120.214214,39.329308],[-120.214344,39.329197],[-120.214301,39.329183],[-120.214216,39.329157],[-120.214129,39.329137],[-120.21404,39.329121],[-120.21395,39.32911],[-120.213859,39.329104]]]},"properties":{"APN":"018580005000","ADDRESS":"11638 ROCKY LANE"}},{"type":"Feature","geometry":{"type":"Polygon","coordinates":[[[-120.215377,39.328789],[-120.215647,39.329049],[-120.215933,39.328974],[-120.215597,39.328651],[-120.215377,39.328789]]]},"properties":{"APN":"018580021000","ADDRESS":"11745 EDMUNDS DRIVE"}},{"type":"Feature","geometry":{"type":"Polygon","coordinates":[[[-120.213622,39.328167],[-120.213619,39.32856],[-120.213937,39.328561],[-120.21394,39.32818],[-120.213622,39.328167]]]},"properties":{"APN":"018580040000","ADDRESS":"11630 BROOK LANE"}},{"type":"Feature","geometry":{"type":"Polygon","coordinates":[[[-120.212054,39.329148],[-120.212051,39.329583],[-120.212337,39.329582],[-120.212405,39.329582],[-120.212408,39.32922],[-120.212279,39.329192],[-120.212054,39.329148]]]},"properties":{"APN":"018590001000","ADDRESS":"11548 ROCKY LANE"}},{"type":"Feature","geometry":{"type":"Polygon","coordinates":[[[-120.207647,39.32868],[-120.207646,39.328955],[-120.208061,39.328957],[-120.208064,39.328682],[-120.207647,39.32868]]]},"properties":{"APN":"018590011000","ADDRESS":"11310 VALLEY ROAD"}},{"type":"Feature","geometry":{"type":"Polygon","coordinates":[[[-120.209551,39.328277],[-120.209549,39.328552],[-120.210044,39.328554],[-120.210045,39.328417],[-120.210046,39.32828],[-120.209551,39.328277]]]},"properties":{"APN":"018590029000","ADDRESS":"11391 VALLEY ROAD"}},{"type":"Feature","geometry":{"type":"Polygon","coordinates":[[[-120.216594,39.327176],[-120.216665,39.327642],[-120.216904,39.327575],[-120.216894,39.327178],[-120.216594,39.327176]]]},"properties":{"APN":"018600002000","ADDRESS":"11868 EDMUNDS DRIVE"}},{"type":"Feature","geometry":{"type":"Polygon","coordinates":[[[-120.213246,39.327142],[-120.213241,39.327722],[-120.213595,39.327722],[-120.213948,39.327721],[-120.214343,39.327697],[-120.214593,39.327681],[-120.214857,39.327665],[-120.214901,39.327637],[-120.215187,39.327449],[-120.21495,39.327209],[-120.214917,39.327179],[-120.214878,39.327154],[-120.214836,39.327133],[-120.214789,39.327117],[-120.214741,39.327107],[-120.214691,39.327102],[-120.21464,39.327102],[-120.213956,39.327145],[-120.213246,39.327142]]]},"properties":{"APN":"018600005000","ADDRESS":"10115 DONNER TRAIL ROAD"}},{"type":"Feature","geometry":{"type":"Polygon","coordinates":[[[-120.215697,39.327095],[-120.21579,39.327096],[-120.215791,39.327005],[-120.215748,39.327005],[-120.215749,39.326999],[-120.215743,39.326999],[-120.215743,39.326997],[-120.215703,39.326997],[-120.215702,39.326999],[-120.215697,39.326999],[-120.215697,39.327004],[-120.215664,39.327005],[-120.215662,39.327063],[-120.215696,39.327063],[-120.215697,39.327095]]]},"properties":{"APN":"018600026000","ADDRESS":"UNKNOWN ADDRESS"}},{"type":"Feature","geometry":{"type":"Polygon","coordinates":[[[-120.238167,39.328615],[-120.238167,39.32889],[-120.238343,39.32889],[-120.238524,39.32889],[-120.238523,39.32862],[-120.238505,39.328615],[-120.238167,39.328615]]]},"properties":{"APN":"018383031000","ADDRESS":"12908 DULZURA STREET"}},{"type":"Feature","geometry":{"type":"Polygon","coordinates":[[[-120.237637,39.32889],[-120.237637,39.329165],[-120.237813,39.329164],[-120.237813,39.32889],[-120.237637,39.32889]]]},"properties":{"APN":"018383041000","ADDRESS":"12869 PALISADE STREET"}},{"type":"Feature","geometry":{"type":"Polygon","coordinates":[[[-120.239058,39.328644],[-120.239237,39.328691],[-120.239234,39.328415],[-120.239058,39.32837],[-120.239058,39.328644]]]},"properties":{"APN":"018384002000","ADDRESS":"12953 DULZURA STREET"}},{"type":"Feature","geometry":{"type":"Polygon","coordinates":[[[-120.237106,39.328231],[-120.237106,39.328506],[-120.237283,39.328506],[-120.237283,39.328231],[-120.237106,39.328231]]]},"properties":{"APN":"018384012000","ADDRESS":"12841 DULZURA STREET"}},{"type":"Feature","geometry":{"type":"Polygon","coordinates":[[[-120.237813,39.327877],[-120.237813,39.328231],[-120.237989,39.328231],[-120.237989,39.328124],[-120.237939,39.328],[-120.238005,39.327934],[-120.238048,39.32783],[-120.237998,39.327817],[-120.237813,39.327877]]]},"properties":{"APN":"018384024000","ADDRESS":"12882 BOCA STREET"}},{"type":"Feature","geometry":{"type":"Polygon","coordinates":[[[-120.238166,39.327861],[-120.238166,39.328231],[-120.238343,39.328231],[-120.238435,39.328231],[-120.238435,39.327932],[-120.238166,39.327861]]]},"properties":{"APN":"018384026000","ADDRESS":"12916 SIERRA DRIVE"}},{"type":"Feature","geometry":{"type":"Polygon","coordinates":[[[-120.242016,39.328003],[-120.242186,39.328041],[-120.242234,39.327909],[-120.242404,39.327447],[-120.242234,39.327409],[-120.24204,39.327937],[-120.242016,39.328003]]]},"properties":{"APN":"018390019000","ADDRESS":"13200 DONNER PASS ROAD"}},{"type":"Feature","geometry":{"type":"Polygon","coordinates":[[[-120.236752,39.327573],[-120.236946,39.327611],[-120.236946,39.327365],[-120.236799,39.327295],[-120.236752,39.327292],[-120.236752,39.327573]]]},"properties":{"APN":"018400037000","ADDRESS":"12840 SIERRA DRIVE"}},{"type":"Feature","geometry":{"type":"Polygon","coordinates":[[[-120.237194,39.327659],[-120.237194,39.327837],[-120.237371,39.327823],[-120.23737,39.327564],[-120.237194,39.327481],[-120.237194,39.327659]]]},"properties":{"APN":"018400039000","ADDRESS":"12860 SIERRA DRIVE"}},{"type":"Feature","geometry":{"type":"Polygon","coordinates":[[[-120.245222,39.323159],[-120.24529,39.322681],[-120.245059,39.322654],[-120.244959,39.322653],[-120.244806,39.322657],[-120.244653,39.322656],[-120.2445,39.32265],[-120.244348,39.322638],[-120.243886,39.322575],[-120.243823,39.322564],[-120.243762,39.322547],[-120.243705,39.322524],[-120.24365,39.322496],[-120.243601,39.322464],[-120.243556,39.322428],[-120.243502,39.322377],[-120.243,39.322704],[-120.243325,39.322901],[-120.243789,39.323001],[-120.244075,39.32299],[-120.244345,39.32293],[-120.244595,39.323055],[-120.244666,39.323059],[-120.244954,39.323093],[-120.245222,39.323159]]]},"properties":{"APN":"018420001000","ADDRESS":"N/A"}},{"type":"Feature","geometry":{"type":"Polygon","coordinates":[[[-120.234352,39.329276],[-120.234353,39.329767],[-120.234565,39.329769],[-120.234564,39.329276],[-120.234352,39.329276]]]},"properties":{"APN":"018511002000","ADDRESS":"12682 PALISADE STREET"}},{"type":"Feature","geometry":{"type":"Polygon","coordinates":[[[-120.234696,39.328425],[-120.234696,39.328768],[-120.234909,39.328768],[-120.234908,39.328425],[-120.234696,39.328425]]]},"properties":{"APN":"018512020000","ADDRESS":"12704 LEE ROAD"}},{"type":"Feature","geometry":{"type":"Polygon","coordinates":[[[-120.235747,39.327587],[-120.235748,39.327752],[-120.236189,39.327752],[-120.236189,39.327587],[-120.235747,39.327587]]]},"properties":{"APN":"018520003000","ADDRESS":"10235 PROSSER DRIVE"}},{"type":"Feature","geometry":{"type":"Polygon","coordinates":[[[-120.235535,39.327421],[-120.235536,39.327917],[-120.235748,39.327917],[-120.235748,39.327752],[-120.235747,39.327587],[-120.235747,39.327371],[-120.235535,39.327421]]]},"properties":{"APN":"018520005000","ADDRESS":"12766 PARKER ROAD"}},{"type":"Feature","geometry":{"type":"Polygon","coordinates":[[[-120.231736,39.326797],[-120.231628,39.327143],[-120.231834,39.327182],[-120.231942,39.326835],[-120.231736,39.326797]]]},"properties":{"APN":"018520019000","ADDRESS":"10135 THOMAS DRIVE"}},{"type":"Feature","geometry":{"type":"Polygon","coordinates":[[[-120.234283,39.327133],[-120.234562,39.327163],[-120.234662,39.326924],[-120.234397,39.326857],[-120.234283,39.327133]]]},"properties":{"APN":"018520038000","ADDRESS":"12710 SIERRA DRIVE"}},{"type":"Feature","geometry":{"type":"Polygon","coordinates":[[[-120.232702,39.326089],[-120.232694,39.326456],[-120.232906,39.326459],[-120.232915,39.326092],[-120.232737,39.32609],[-120.232702,39.326089]]]},"properties":{"APN":"018520052000","ADDRESS":"12605 SIERRA DRIVE"}},{"type":"Feature","geometry":{"type":"Polygon","coordinates":[[[-120.230794,39.326062],[-120.230785,39.326429],[-120.230997,39.326432],[-120.231006,39.326065],[-120.230794,39.326062]]]},"properties":{"APN":"018534023000","ADDRESS":"12495 SIERRA DRIVE"}},{"type":"Feature","geometry":{"type":"Polygon","coordinates":[[[-120.225232,39.326681],[-120.22523,39.327024],[-120.225263,39.327024],[-120.225525,39.326882],[-120.225543,39.32687],[-120.225558,39.326856],[-120.225571,39.32684],[-120.225579,39.326823],[-120.225584,39.326804],[-120.225585,39.326786],[-120.225582,39.326768],[-120.225574,39.32675],[-120.225564,39.326734],[-120.225549,39.326719],[-120.225532,39.326706],[-120.225513,39.326696],[-120.225491,39.326688],[-120.225468,39.326683],[-120.225444,39.326682],[-120.225232,39.326681]]]},"properties":{"APN":"018540002000","ADDRESS":"12210 SIERRA DRIVE"}},{"type":"Feature","geometry":{"type":"Polygon","coordinates":[[[-120.229056,39.325271],[-120.229047,39.326037],[-120.229285,39.32604],[-120.229336,39.326041],[-120.229344,39.325299],[-120.229056,39.325271]]]},"properties":{"APN":"018550032000","ADDRESS":"12410 RICHARDS BOULEVARD"}},{"type":"Feature","geometry":{"type":"Polygon","coordinates":[[[-120.207007,39.327296],[-120.207007,39.327272],[-120.206867,39.327271],[-120.206869,39.327106],[-120.207009,39.327107],[-120.207011,39.326968],[-120.207576,39.326973],[-120.207576,39.326895],[-120.207576,39.32689],[-120.207577,39.326726],[-120.206893,39.326721],[-120.2069,39.326194],[-120.206835,39.326194],[-120.206185,39.326189],[-120.206032,39.326188],[-120.206026,39.326626],[-120.206022,39.326959],[-120.206092,39.32696],[-120.206088,39.327317],[-120.205784,39.327314],[-120.205751,39.327982],[-120.206002,39.328054],[-120.207573,39.328066],[-120.207574,39.327851],[-120.207574,39.327707],[-120.207574,39.32763],[-120.207228,39.327628],[-120.207232,39.327367],[-120.207041,39.327365],[-120.207042,39.327297],[-120.207007,39.327296]]]},"properties":{"APN":"018570064000","ADDRESS":"11290 DONNER PASS ROAD"}},{"type":"Feature","geometry":{"type":"Polygon","coordinates":[[[-120.215122,39.329337],[-120.215128,39.329571],[-120.215365,39.32957],[-120.215517,39.32957],[-120.215509,39.329259],[-120.215331,39.329305],[-120.215262,39.329321],[-120.215122,39.329337]]]},"properties":{"APN":"018580008000","ADDRESS":"11710 EDMUNDS DRIVE"}},{"type":"Feature","geometry":{"type":"Polygon","coordinates":[[[-120.214168,39.328972],[-120.214389,39.329033],[-120.214447,39.328911],[-120.21428,39.328579],[-120.214279,39.328563],[-120.213937,39.328561],[-120.213935,39.328942],[-120.214168,39.328972]]]},"properties":{"APN":"018580030000","ADDRESS":"11639 ROCKY LANE"}},{"type":"Feature","geometry":{"type":"Polygon","coordinates":[[[-120.21121,39.328697],[-120.211208,39.328971],[-120.211703,39.328974],[-120.211703,39.32896],[-120.211705,39.328699],[-120.21121,39.328697]]]},"properties":{"APN":"018590020000","ADDRESS":"11484 VALLEY ROAD"}},{"type":"Feature","geometry":{"type":"Polygon","coordinates":[[[-120.21121,39.328697],[-120.211208,39.328971],[-120.211703,39.328974],[-120.211703,39.32896],[-120.211705,39.328699],[-120.21121,39.328697]]]},"properties":{"APN":"018590020000","ADDRESS":"11484 VALLEY ROAD"}},{"type":"Feature","geometry":{"type":"Polygon","coordinates":[[[-120.211706,39.328562],[-120.211705,39.32863],[-120.212023,39.328632],[-120.212026,39.328316],[-120.211708,39.328315],[-120.211706,39.328562]]]},"properties":{"APN":"018590024000","ADDRESS":"11524 BROOK LANE"}},{"type":"Feature","geometry":{"type":"Polygon","coordinates":[[[-120.211216,39.327873],[-120.211214,39.328148],[-120.211709,39.32815],[-120.211711,39.327875],[-120.211216,39.327873]]]},"properties":{"APN":"018590042000","ADDRESS":"11485 BROOK LANE"}},{"type":"Feature","geometry":{"type":"Polygon","coordinates":[[[-120.215851,39.32749],[-120.215891,39.32749],[-120.215891,39.327487],[-120.215896,39.327487],[-120.215897,39.327482],[-120.215936,39.327482],[-120.215938,39.327393],[-120.215849,39.327391],[-120.215848,39.327423],[-120.215814,39.327423],[-120.215813,39.327481],[-120.215846,39.327481],[-120.215846,39.327487],[-120.215851,39.327487],[-120.215851,39.32749]]]},"properties":{"APN":"018600045000","ADDRESS":"UNKNOWN ADDRESS"}},{"type":"Feature","geometry":{"type":"Polygon","coordinates":[[[-120.207649,39.327033],[-120.207649,39.327307],[-120.208074,39.327309],[-120.208076,39.327035],[-120.207649,39.327033]]]},"properties":{"APN":"018610012000","ADDRESS":"10070 FRATES LANE"}},{"type":"Feature","geometry":{"type":"Polygon","coordinates":[[[-120.206294,39.325603],[-120.20629,39.32597],[-120.206626,39.325973],[-120.206631,39.325535],[-120.206454,39.325534],[-120.206455,39.325513],[-120.206294,39.325603]]]},"properties":{"APN":"018621009000","ADDRESS":"11235 DONNER PASS ROAD"}},{"type":"Feature","geometry":{"type":"Polygon","coordinates":[[[-120.205825,39.324987],[-120.206032,39.32521],[-120.2063,39.325032],[-120.206049,39.324839],[-120.205825,39.324987]]]},"properties":{"APN":"018624012000","ADDRESS":"11224 TAHOE DRIVE"}},{"type":"Feature","geometry":{"type":"Polygon","coordinates":[[[-120.205348,39.325176],[-120.205449,39.325439],[-120.205769,39.325335],[-120.205702,39.32505],[-120.205631,39.325082],[-120.205348,39.325176]]]},"properties":{"APN":"018624013000","ADDRESS":"11198 TAHOE DRIVE"}},{"type":"Feature","geometry":{"type":"Polygon","coordinates":[[[-120.205347,39.32481],[-120.205345,39.325002],[-120.205589,39.324911],[-120.2057,39.324854],[-120.205701,39.324813],[-120.205347,39.32481]]]},"properties":{"APN":"018625010000","ADDRESS":"11205 TAHOE DRIVE"}},{"type":"Feature","geometry":{"type":"Polygon","coordinates":[[[-120.205351,39.324536],[-120.205349,39.324673],[-120.205703,39.324675],[-120.205615,39.324538],[-120.205351,39.324536]]]},"properties":{"APN":"018625012000","ADDRESS":"11235 TAHOE DRIVE"}},{"type":"Feature","geometry":{"type":"Polygon","coordinates":[[[-120.204892,39.324505],[-120.204887,39.324841],[-120.205276,39.324843],[-120.20528,39.324508],[-120.204892,39.324505]]]},"properties":{"APN":"018625017000","ADDRESS":"10098 VISTA AVENUE"}},{"type":"Feature","geometry":{"type":"Polygon","coordinates":[[[-120.204283,39.324665],[-120.204279,39.324939],[-120.204668,39.324942],[-120.204671,39.324668],[-120.204283,39.324665]]]},"properties":{"APN":"018626008000","ADDRESS":"10087 VISTA AVENUE"}},{"type":"Feature","geometry":{"type":"Polygon","coordinates":[[[-120.204283,39.324665],[-120.204279,39.324939],[-120.204668,39.324942],[-120.204671,39.324668],[-120.204283,39.324665]]]},"properties":{"APN":"018626008000","ADDRESS":"10091 VISTA AVENUE"}},{"type":"Feature","geometry":{"type":"Polygon","coordinates":[[[-120.203821,39.324798],[-120.203819,39.324936],[-120.204208,39.324939],[-120.20421,39.324801],[-120.203821,39.324798]]]},"properties":{"APN":"018626013000","ADDRESS":"10084 SIERRA AVENUE"}},{"type":"Feature","geometry":{"type":"Polygon","coordinates":[[[-120.204293,39.323869],[-120.20429,39.324116],[-120.204679,39.324119],[-120.204682,39.323872],[-120.204293,39.323869]]]},"properties":{"APN":"018640007000","ADDRESS":"11154 SPRING LANE"}},{"type":"Feature","geometry":{"type":"Polygon","coordinates":[[[-120.214561,39.333486],[-120.214626,39.333428],[-120.214843,39.333195],[-120.214858,39.333085],[-120.214897,39.332981],[-120.2149,39.332973],[-120.214902,39.332965],[-120.214901,39.332956],[-120.214899,39.332948],[-120.214896,39.33294],[-120.214891,39.332932],[-120.214884,39.332925],[-120.214876,39.332919],[-120.214867,39.332915],[-120.214818,39.332903],[-120.214767,39.332897],[-120.214716,39.332895],[-120.214463,39.3329],[-120.214474,39.333487],[-120.214561,39.333486]]]},"properties":{"APN":"018670013000","ADDRESS":"11644 WHITE FIR TRAIL"}},{"type":"Feature","geometry":{"type":"Polygon","coordinates":[[[-120.214303,39.332272],[-120.21425,39.33274],[-120.214603,39.332733],[-120.214621,39.332265],[-120.214303,39.332272]]]},"properties":{"APN":"018670019000","ADDRESS":"11649 WHITE FIR TRAIL"}},{"type":"Feature","geometry":{"type":"Polygon","coordinates":[[[-120.216797,39.322292],[-120.216781,39.322806],[-120.217143,39.322829],[-120.217156,39.322217],[-120.217039,39.322248],[-120.216919,39.322274],[-120.216797,39.322292]]]},"properties":{"APN":"018720005000","ADDRESS":"11812 DEERFIELD DRIVE"}},{"type":"Feature","geometry":{"type":"Polygon","coordinates":[[[-120.215857,39.322048],[-120.21617,39.322092],[-120.216234,39.321541],[-120.21592,39.321498],[-120.215857,39.322048]]]},"properties":{"APN":"018730014000","ADDRESS":"11761 DEERFIELD DRIVE"}},{"type":"Feature","geometry":{"type":"Polygon","coordinates":[[[-120.215857,39.322048],[-120.21617,39.322092],[-120.216234,39.321541],[-120.21592,39.321498],[-120.215857,39.322048]]]},"properties":{"APN":"018730014000","ADDRESS":"11761 DEERFIELD DRIVE"}},{"type":"Feature","geometry":{"type":"Polygon","coordinates":[[[-120.214384,39.321447],[-120.214385,39.321996],[-120.214738,39.321996],[-120.214738,39.321447],[-120.214384,39.321447]]]},"properties":{"APN":"018730018000","ADDRESS":"11675 DEERFIELD DRIVE"}},{"type":"Feature","geometry":{"type":"Polygon","coordinates":[[[-120.213679,39.321154],[-120.213438,39.321154],[-120.213204,39.321238],[-120.212912,39.321289],[-120.212831,39.321289],[-120.212788,39.321302],[-120.212788,39.321684],[-120.212789,39.321997],[-120.213678,39.321997],[-120.213678,39.321937],[-120.213678,39.3216],[-120.213679,39.321159],[-120.213679,39.321154]]]},"properties":{"APN":"018740036000","ADDRESS":"11605 DEERFIELD DRIVE"}},{"type":"Feature","geometry":{"type":"Polygon","coordinates":[[[-120.216085,39.327171],[-120.21609,39.327171],[-120.21609,39.327174],[-120.216139,39.327175],[-120.216139,39.327172],[-120.216145,39.327173],[-120.216145,39.327166],[-120.216153,39.327166],[-120.216154,39.327109],[-120.21614,39.327098],[-120.216043,39.327097],[-120.216042,39.327166],[-120.216085,39.327166],[-120.216085,39.327171]]]},"properties":{"APN":"018600032000","ADDRESS":"UNKNOWN ADDRESS"}},{"type":"Feature","geometry":{"type":"Polygon","coordinates":[[[-120.215845,39.327323],[-120.215839,39.327323],[-120.215838,39.327369],[-120.215835,39.327369],[-120.215834,39.327379],[-120.215849,39.327391],[-120.215938,39.327393],[-120.21594,39.327324],[-120.215897,39.327324],[-120.215897,39.327318],[-120.215892,39.327318],[-120.215892,39.327315],[-120.21585,39.327315],[-120.21585,39.327317],[-120.215845,39.327318],[-120.215845,39.327323]]]},"properties":{"APN":"018600048000","ADDRESS":"UNKNOWN ADDRESS"}},{"type":"Feature","geometry":{"type":"Polygon","coordinates":[[[-120.204093,39.325679],[-120.204089,39.325954],[-120.204655,39.325958],[-120.204658,39.325684],[-120.204579,39.325683],[-120.20432,39.325681],[-120.204174,39.32568],[-120.204093,39.325679]]]},"properties":{"APN":"018622001000","ADDRESS":"11109 DONNER PASS ROAD"}},{"type":"Feature","geometry":{"type":"Polygon","coordinates":[[[-120.204093,39.325679],[-120.204089,39.325954],[-120.204655,39.325958],[-120.204658,39.325684],[-120.204579,39.325683],[-120.20432,39.325681],[-120.204174,39.32568],[-120.204093,39.325679]]]},"properties":{"APN":"018622001000","ADDRESS":"11113 DONNER PASS ROAD"}},{"type":"Feature","geometry":{"type":"Polygon","coordinates":[[[-120.204093,39.325679],[-120.204089,39.325954],[-120.204655,39.325958],[-120.204658,39.325684],[-120.204579,39.325683],[-120.20432,39.325681],[-120.204174,39.32568],[-120.204093,39.325679]]]},"properties":{"APN":"018622001000","ADDRESS":"11121 DONNER PASS ROAD"}},{"type":"Feature","geometry":{"type":"Polygon","coordinates":[[[-120.204093,39.325679],[-120.204089,39.325954],[-120.204655,39.325958],[-120.204658,39.325684],[-120.204579,39.325683],[-120.20432,39.325681],[-120.204174,39.32568],[-120.204093,39.325679]]]},"properties":{"APN":"018622001000","ADDRESS":"11129 DONNER PASS ROAD"}},{"type":"Feature","geometry":{"type":"Polygon","coordinates":[[[-120.204093,39.325679],[-120.204089,39.325954],[-120.204655,39.325958],[-120.204658,39.325684],[-120.204579,39.325683],[-120.20432,39.325681],[-120.204174,39.32568],[-120.204093,39.325679]]]},"properties":{"APN":"018622001000","ADDRESS":"11137 DONNER PASS ROAD"}},{"type":"Feature","geometry":{"type":"Polygon","coordinates":[[[-120.203829,39.324181],[-120.203827,39.324387],[-120.204215,39.32439],[-120.204218,39.324184],[-120.203829,39.324181]]]},"properties":{"APN":"018626005000","ADDRESS":"10122 SIERRA AVENUE"}},{"type":"Feature","geometry":{"type":"Polygon","coordinates":[[[-120.204287,39.324322],[-120.204284,39.324527],[-120.204673,39.324531],[-120.204676,39.324325],[-120.204287,39.324322]]]},"properties":{"APN":"018626010000","ADDRESS":"10115 VISTA AVENUE"}},{"type":"Feature","geometry":{"type":"Polygon","coordinates":[[[-120.202762,39.324653],[-120.202759,39.324845],[-120.203148,39.324848],[-120.203151,39.324656],[-120.202762,39.324653]]]},"properties":{"APN":"018627010000","ADDRESS":"10094 LAKE AVENUE"}},{"type":"Feature","geometry":{"type":"Polygon","coordinates":[[[-120.202233,39.325458],[-120.20225,39.325557],[-120.202329,39.325549],[-120.202316,39.325467],[-120.202339,39.325465],[-120.202333,39.325428],[-120.202483,39.325413],[-120.20247,39.325335],[-120.202217,39.325361],[-120.202233,39.325458]]]},"properties":{"APN":"018630014000","ADDRESS":"10053 LAKE AVENUE"}},{"type":"Feature","geometry":{"type":"Polygon","coordinates":[[[-120.215893,39.332087],[-120.216394,39.332234],[-120.2165,39.332016],[-120.215999,39.331869],[-120.215893,39.332087]]]},"properties":{"APN":"018670024000","ADDRESS":"10488 NORTHWOODS BOULEVARD"}},{"type":"Feature","geometry":{"type":"Polygon","coordinates":[[[-120.216568,39.330698],[-120.21704,39.330839],[-120.216982,39.329988],[-120.216853,39.330176],[-120.216669,39.330489],[-120.216568,39.330698]]]},"properties":{"APN":"018680006000","ADDRESS":"10354 NORTHWOODS BOULEVARD"}},{"type":"Feature","geometry":{"type":"Polygon","coordinates":[[[-120.215433,39.33018],[-120.21543,39.330514],[-120.215705,39.330516],[-120.215809,39.330516],[-120.215813,39.330107],[-120.215746,39.330106],[-120.21568,39.33011],[-120.215615,39.330119],[-120.215552,39.330134],[-120.215491,39.330155],[-120.215433,39.33018]]]},"properties":{"APN":"018680018000","ADDRESS":"11742 BULL PINE TRAIL"}},{"type":"Feature","geometry":{"type":"Polygon","coordinates":[[[-120.227953,39.328402],[-120.227241,39.327599],[-120.225274,39.32865],[-120.22478,39.328798],[-120.224851,39.329109],[-120.227092,39.32874],[-120.227935,39.328753],[-120.227953,39.328402]]]},"properties":{"APN":"018700005000","ADDRESS":"12376 SIERRA DRIVE"}},{"type":"Feature","geometry":{"type":"Polygon","coordinates":[[[-120.210775,39.321487],[-120.210013,39.32237],[-120.210914,39.322504],[-120.21091,39.321572],[-120.210843,39.321528],[-120.210775,39.321487]]]},"properties":{"APN":"018750015000","ADDRESS":"11448 DEERFIELD DRIVE"}},{"type":"Feature","geometry":{"type":"Polygon","coordinates":[[[-120.229041,39.323559],[-120.229009,39.322552],[-120.228938,39.322551],[-120.228936,39.322476],[-120.228707,39.32258],[-120.228208,39.322744],[-120.228141,39.322768],[-120.228077,39.322797],[-120.228015,39.322829],[-120.227957,39.322865],[-120.228372,39.323073],[-120.228295,39.32354],[-120.228479,39.323628],[-120.228572,39.32368],[-120.229041,39.323559]]]},"properties":{"APN":"018760001000","ADDRESS":"10527 COLD STREAM ROAD"}},{"type":"Feature","geometry":{"type":"Polygon","coordinates":[[[-120.226723,39.323285],[-120.226691,39.32315],[-120.226596,39.323161],[-120.226501,39.323166],[-120.226405,39.323165],[-120.226309,39.323158],[-120.226215,39.323146],[-120.226122,39.323127],[-120.226032,39.323103],[-120.225944,39.323073],[-120.225937,39.323351],[-120.225943,39.323487],[-120.226094,39.323437],[-120.226248,39.323392],[-120.226405,39.323351],[-120.226563,39.323316],[-120.226723,39.323285]]]},"properties":{"APN":"018760018000","ADDRESS":"12296 DEERFIELD DRIVE"}},{"type":"Feature","geometry":{"type":"Polygon","coordinates":[[[-120.221555,39.327568],[-120.220742,39.329622],[-120.221509,39.329631],[-120.221977,39.328446],[-120.223628,39.32748],[-120.223853,39.326675],[-120.223598,39.326674],[-120.223595,39.327017],[-120.223383,39.327016],[-120.223171,39.327015],[-120.222959,39.327014],[-120.222747,39.327013],[-120.222535,39.327012],[-120.222525,39.327012],[-120.222517,39.327012],[-120.222513,39.327012],[-120.222509,39.327012],[-120.222508,39.327012],[-120.221555,39.327568]]]},"properties":{"APN":"018800016000","ADDRESS":"11724 SIERRA DRIVE"}},{"type":"Feature","geometry":{"type":"Polygon","coordinates":[[[-120.220236,39.328042],[-120.219485,39.329608],[-120.220742,39.329622],[-120.221555,39.327568],[-120.222508,39.327012],[-120.222498,39.327012],[-120.222489,39.327012],[-120.222479,39.327012],[-120.222445,39.327012],[-120.222408,39.327012],[-120.222364,39.327012],[-120.222323,39.327012],[-120.22204,39.32701],[-120.221757,39.327009],[-120.221474,39.327008],[-120.221136,39.327006],[-120.220881,39.327004],[-120.220734,39.327003],[-120.22059,39.327303],[-120.220515,39.327459],[-120.220321,39.327864],[-120.220236,39.328042]]]},"properties":{"APN":"018800017000","ADDRESS":"11787 SIERRA DRIVE"}},{"type":"Feature","geometry":{"type":"Polygon","coordinates":[[[-120.210606,39.320425],[-120.210573,39.320427],[-120.210574,39.320438],[-120.210724,39.320428],[-120.210736,39.320427],[-120.210732,39.320387],[-120.210748,39.320386],[-120.210743,39.320339],[-120.210714,39.320341],[-120.210713,39.320333],[-120.210646,39.320338],[-120.210646,39.320344],[-120.210494,39.320355],[-120.210498,39.320388],[-120.210486,39.320388],[-120.21049,39.320422],[-120.21057,39.320416],[-120.210604,39.320414],[-120.210606,39.320425]]]},"properties":{"APN":"018810005000","ADDRESS":"10592 BOULDERS ROAD"}},{"type":"Feature","geometry":{"type":"Polygon","coordinates":[[[-120.210593,39.320615],[-120.210595,39.320626],[-120.210628,39.320624],[-120.210629,39.320635],[-120.21061,39.320636],[-120.210582,39.320638],[-120.210502,39.320643],[-120.210506,39.320676],[-120.210517,39.320676],[-120.210521,39.320709],[-120.210599,39.320703],[-120.210673,39.320698],[-120.210674,39.320703],[-120.210741,39.320698],[-120.21074,39.320692],[-120.210769,39.32069],[-120.210764,39.320644],[-120.210748,39.320645],[-120.210743,39.320605],[-120.210593,39.320615]]]},"properties":{"APN":"018810012000","ADDRESS":"10592 BOULDERS ROAD"}},{"type":"Feature","geometry":{"type":"Polygon","coordinates":[[[-120.209994,39.319295],[-120.210032,39.319311],[-120.210026,39.319319],[-120.210064,39.319336],[-120.210104,39.319281],[-120.210122,39.319256],[-120.210134,39.319262],[-120.210118,39.319285],[-120.210131,39.31929],[-120.210206,39.319186],[-120.210212,39.319178],[-120.210166,39.319158],[-120.210174,39.319147],[-120.21012,39.319123],[-120.210114,39.319132],[-120.209994,39.319295]]]},"properties":{"APN":"018810055000","ADDRESS":"11411 DOLOMITE WAY"}},{"type":"Feature","geometry":{"type":"Polygon","coordinates":[[[-120.211043,39.321306],[-120.21111,39.3213],[-120.21111,39.321298],[-120.211109,39.321296],[-120.211174,39.32129],[-120.211259,39.321282],[-120.211254,39.32125],[-120.211265,39.321249],[-120.21126,39.321216],[-120.211182,39.321223],[-120.211148,39.321226],[-120.211146,39.321215],[-120.211179,39.321212],[-120.211177,39.321202],[-120.21103,39.321215],[-120.211017,39.321216],[-120.211023,39.321255],[-120.211008,39.321257],[-120.211014,39.321302],[-120.211042,39.3213],[-120.211043,39.321306]]]},"properties":{"APN":"018820019000","ADDRESS":"10841 CINNABAR WAY"}},{"type":"Feature","geometry":{"type":"Polygon","coordinates":[[[-120.211653,39.321232],[-120.211664,39.321238],[-120.211683,39.321217],[-120.211694,39.321223],[-120.211684,39.321236],[-120.211668,39.321254],[-120.211624,39.321304],[-120.211659,39.321323],[-120.211665,39.321315],[-120.2117,39.321334],[-120.211707,39.321326],[-120.211839,39.321176],[-120.211837,39.321175],[-120.211787,39.321148],[-120.211778,39.321159],[-120.211736,39.321136],[-120.211653,39.321232]]]},"properties":{"APN":"018820022000","ADDRESS":"10844 CINNABAR WAY"}},{"type":"Feature","geometry":{"type":"Polygon","coordinates":[[[-120.211839,39.32133],[-120.211851,39.321336],[-120.211869,39.321315],[-120.211881,39.321321],[-120.21187,39.321334],[-120.211855,39.321352],[-120.21181,39.321402],[-120.211846,39.321421],[-120.211852,39.321414],[-120.211887,39.321432],[-120.211931,39.321382],[-120.211972,39.321335],[-120.211976,39.321337],[-120.212014,39.321294],[-120.212007,39.32129],[-120.212023,39.321272],[-120.211974,39.321246],[-120.211965,39.321257],[-120.211922,39.321234],[-120.211839,39.32133]]]},"properties":{"APN":"018820028000","ADDRESS":"10844 CINNABAR WAY"}},{"type":"Feature","geometry":{"type":"Polygon","coordinates":[[[-120.211599,39.321006],[-120.211599,39.321016],[-120.211651,39.321015],[-120.211651,39.321027],[-120.211711,39.321026],[-120.211711,39.321017],[-120.211707,39.320834],[-120.211666,39.320835],[-120.211665,39.320826],[-120.211623,39.320827],[-120.211624,39.320888],[-120.211625,39.320915],[-120.211611,39.320915],[-120.21161,39.32089],[-120.211596,39.32089],[-120.211599,39.321006]]]},"properties":{"APN":"018820035000","ADDRESS":"10868 CINNABAR WAY"}},{"type":"Feature","geometry":{"type":"Polygon","coordinates":[[[-120.211693,39.320621],[-120.211735,39.320621],[-120.211735,39.320629],[-120.211778,39.320629],[-120.211776,39.320567],[-120.211775,39.32054],[-120.21179,39.32054],[-120.21179,39.320565],[-120.211804,39.320565],[-120.211802,39.320449],[-120.211801,39.320439],[-120.21175,39.32044],[-120.21175,39.320428],[-120.211689,39.320429],[-120.211689,39.320438],[-120.211693,39.320621]]]},"properties":{"APN":"018820042000","ADDRESS":"10890 CINNABAR WAY"}},{"type":"Feature","geometry":{"type":"Polygon","coordinates":[[[-120.211641,39.320316],[-120.211644,39.320316],[-120.211701,39.320332],[-120.211706,39.32032],[-120.211754,39.320334],[-120.211805,39.320225],[-120.211791,39.320221],[-120.21178,39.320245],[-120.211767,39.320241],[-120.211773,39.320227],[-120.211783,39.320207],[-120.211809,39.320149],[-120.211769,39.320138],[-120.211765,39.320146],[-120.211725,39.320135],[-120.211721,39.320144],[-120.211641,39.320316]]]},"properties":{"APN":"018820058000","ADDRESS":"11530 DOLOMITE WAY"}},{"type":"Feature","geometry":{"type":"Polygon","coordinates":[[[-120.210828,39.320322],[-120.210802,39.320382],[-120.210806,39.320435],[-120.211302,39.320428],[-120.211287,39.320254],[-120.211289,39.320185],[-120.211299,39.320117],[-120.211317,39.32005],[-120.211343,39.319984],[-120.211012,39.319902],[-120.210828,39.320322]],[[-120.211015,39.320218],[-120.211015,39.320212],[-120.211083,39.320214],[-120.211083,39.320218],[-120.211156,39.32022],[-120.211235,39.320222],[-120.211233,39.320255],[-120.211245,39.320256],[-120.211243,39.320289],[-120.211164,39.320287],[-120.211136,39.320286],[-120.211116,39.320285],[-120.211116,39.320296],[-120.211149,39.320297],[-120.211148,39.320308],[-120.211148,39.320319],[-120.211115,39.320318],[-120.211114,39.320329],[-120.211149,39.32033],[-120.211229,39.320333],[-120.211227,39.320366],[-120.211216,39.320365],[-120.211214,39.320399],[-120.211128,39.320396],[-120.211062,39.320394],[-120.211062,39.320398],[-120.210994,39.320396],[-120.210995,39.32039],[-120.210966,39.320389],[-120.210968,39.320343],[-120.210984,39.320344],[-120.210986,39.320304],[-120.210999,39.320304],[-120.211001,39.320264],[-120.210985,39.320264],[-120.210987,39.320218],[-120.211015,39.320218]],[[-120.210975,39.32012],[-120.210988,39.320075],[-120.211003,39.320078],[-120.211014,39.320038],[-120.211027,39.320041],[-120.211038,39.320001],[-120.211022,39.319999],[-120.211035,39.319954],[-120.211062,39.319959],[-120.211064,39.319952],[-120.21113,39.319963],[-120.211129,39.319968],[-120.211201,39.31998],[-120.211278,39.319993],[-120.211269,39.320025],[-120.21128,39.320027],[-120.21127,39.32006],[-120.211193,39.320046],[-120.211165,39.320042],[-120.211147,39.320038],[-120.211144,39.320049],[-120.211176,39.320055],[-120.211173,39.320066],[-120.21117,39.320076],[-120.211138,39.320071],[-120.211135,39.320082],[-120.211169,39.320087],[-120.211246,39.320101],[-120.211237,39.320133],[-120.211226,39.320131],[-120.211217,39.320163],[-120.211133,39.320149],[-120.211068,39.320138],[-120.211067,39.320141],[-120.211067,39.320142],[-120.211001,39.320131],[-120.211003,39.320125],[-120.210975,39.32012]]]},"properties":{"APN":"018820061000","ADDRESS":"10903 CINNABAR WAY"}},{"type":"Feature","geometry":{"type":"Polygon","coordinates":[[[-120.210828,39.320322],[-120.210802,39.320382],[-120.210806,39.320435],[-120.211302,39.320428],[-120.211287,39.320254],[-120.211289,39.320185],[-120.211299,39.320117],[-120.211317,39.32005],[-120.211343,39.319984],[-120.211012,39.319902],[-120.210828,39.320322]],[[-120.211015,39.320218],[-120.211015,39.320212],[-120.211083,39.320214],[-120.211083,39.320218],[-120.211156,39.32022],[-120.211235,39.320222],[-120.211233,39.320255],[-120.211245,39.320256],[-120.211243,39.320289],[-120.211164,39.320287],[-120.211136,39.320286],[-120.211116,39.320285],[-120.211116,39.320296],[-120.211149,39.320297],[-120.211148,39.320308],[-120.211148,39.320319],[-120.211115,39.320318],[-120.211114,39.320329],[-120.211149,39.32033],[-120.211229,39.320333],[-120.211227,39.320366],[-120.211216,39.320365],[-120.211214,39.320399],[-120.211128,39.320396],[-120.211062,39.320394],[-120.211062,39.320398],[-120.210994,39.320396],[-120.210995,39.32039],[-120.210966,39.320389],[-120.210968,39.320343],[-120.210984,39.320344],[-120.210986,39.320304],[-120.210999,39.320304],[-120.211001,39.320264],[-120.210985,39.320264],[-120.210987,39.320218],[-120.211015,39.320218]],[[-120.210975,39.32012],[-120.210988,39.320075],[-120.211003,39.320078],[-120.211014,39.320038],[-120.211027,39.320041],[-120.211038,39.320001],[-120.211022,39.319999],[-120.211035,39.319954],[-120.211062,39.319959],[-120.211064,39.319952],[-120.21113,39.319963],[-120.211129,39.319968],[-120.211201,39.31998],[-120.211278,39.319993],[-120.211269,39.320025],[-120.21128,39.320027],[-120.21127,39.32006],[-120.211193,39.320046],[-120.211165,39.320042],[-120.211147,39.320038],[-120.211144,39.320049],[-120.211176,39.320055],[-120.211173,39.320066],[-120.21117,39.320076],[-120.211138,39.320071],[-120.211135,39.320082],[-120.211169,39.320087],[-120.211246,39.320101],[-120.211237,39.320133],[-120.211226,39.320131],[-120.211217,39.320163],[-120.211133,39.320149],[-120.211068,39.320138],[-120.211067,39.320141],[-120.211067,39.320142],[-120.211001,39.320131],[-120.211003,39.320125],[-120.210975,39.32012]]]},"properties":{"APN":"018820061000","ADDRESS":"10917 CINNABAR WAY"}},{"type":"Feature","geometry":{"type":"Polygon","coordinates":[[[-120.211841,39.321464],[-120.21189,39.321442],[-120.211937,39.321426],[-120.212004,39.321408],[-120.212068,39.321384],[-120.212127,39.321353],[-120.212181,39.321318],[-120.211878,39.321144],[-120.211868,39.321032],[-120.211469,39.321054],[-120.211469,39.321174],[-120.21147,39.321198],[-120.211476,39.321222],[-120.211487,39.321245],[-120.211501,39.321266],[-120.21152,39.321285],[-120.211543,39.321301],[-120.211568,39.321315],[-120.211642,39.321346],[-120.211712,39.321381],[-120.211779,39.321421],[-120.211841,39.321464]],[[-120.211549,39.321253],[-120.211555,39.321246],[-120.21152,39.321228],[-120.211605,39.32113],[-120.211598,39.321127],[-120.211635,39.321084],[-120.211643,39.321088],[-120.211659,39.32107],[-120.211709,39.321096],[-120.2117,39.321106],[-120.211743,39.321128],[-120.211736,39.321136],[-120.211778,39.321159],[-120.211787,39.321148],[-120.211837,39.321175],[-120.211839,39.321176],[-120.211846,39.321168],[-120.211896,39.321194],[-120.211887,39.321204],[-120.211929,39.321226],[-120.211922,39.321234],[-120.211965,39.321257],[-120.211974,39.321246],[-120.212023,39.321272],[-120.212007,39.32129],[-120.212014,39.321294],[-120.211976,39.321337],[-120.211972,39.321335],[-120.211931,39.321382],[-120.211887,39.321432],[-120.211852,39.321414],[-120.211846,39.321421],[-120.21181,39.321402],[-120.211855,39.321352],[-120.21187,39.321334],[-120.211881,39.321321],[-120.211869,39.321315],[-120.211851,39.321336],[-120.211839,39.32133],[-120.211828,39.321324],[-120.211846,39.321303],[-120.211834,39.321297],[-120.211815,39.321319],[-120.211771,39.32137],[-120.211735,39.321351],[-120.211742,39.321344],[-120.211707,39.321326],[-120.2117,39.321334],[-120.211665,39.321315],[-120.211659,39.321323],[-120.211624,39.321304],[-120.211668,39.321254],[-120.211684,39.321236],[-120.211694,39.321223],[-120.211683,39.321217],[-120.211664,39.321238],[-120.211653,39.321232],[-120.211641,39.321226],[-120.211659,39.321205],[-120.211647,39.321199],[-120.211628,39.321221],[-120.211584,39.321272],[-120.211549,39.321253]]]},"properties":{"APN":"018820065000","ADDRESS":"10844 CINNABAR WAY"}},{"type":"Feature","geometry":{"type":"Polygon","coordinates":[[[-120.211217,39.31979],[-120.211257,39.319801],[-120.211253,39.31981],[-120.211294,39.319821],[-120.211321,39.319763],[-120.211332,39.319737],[-120.211346,39.319741],[-120.211335,39.319765],[-120.211348,39.319769],[-120.211399,39.319659],[-120.211403,39.31965],[-120.211354,39.319636],[-120.21136,39.319624],[-120.211303,39.319608],[-120.211298,39.319618],[-120.211217,39.31979]]]},"properties":{"APN":"018830027000","ADDRESS":"11491 DOLOMITE WAY"}},{"type":"Feature","geometry":{"type":"Polygon","coordinates":[[[-120.21163,39.319813],[-120.211627,39.31982],[-120.211657,39.319828],[-120.211627,39.319901],[-120.211669,39.319912],[-120.211671,39.319906],[-120.211722,39.319919],[-120.211725,39.319911],[-120.211764,39.319818],[-120.211779,39.319781],[-120.211714,39.319765],[-120.211721,39.319747],[-120.211663,39.319733],[-120.211652,39.31976],[-120.21163,39.319813]]]},"properties":{"APN":"018830030000","ADDRESS":"11527 DOLOMITE WAY"}},{"type":"Feature","geometry":{"type":"Polygon","coordinates":[[[-120.212207,39.31998],[-120.212157,39.32004],[-120.2122,39.320061],[-120.212185,39.320078],[-120.212222,39.320097],[-120.212237,39.320078],[-120.212262,39.320049],[-120.21229,39.320016],[-120.212295,39.320018],[-120.212343,39.319961],[-120.212281,39.31993],[-120.212294,39.319914],[-120.212245,39.319889],[-120.212243,39.31989],[-120.212238,39.319896],[-120.212225,39.319912],[-120.21218,39.319966],[-120.212207,39.31998]]]},"properties":{"APN":"018830038000","ADDRESS":"11541 DOLOMITE WAY"}},{"type":"Feature","geometry":{"type":"Polygon","coordinates":[[[-120.212225,39.319889],[-120.212188,39.31987],[-120.212175,39.319886],[-120.212133,39.319865],[-120.212119,39.319858],[-120.212118,39.319857],[-120.212112,39.319864],[-120.212085,39.319897],[-120.212035,39.319957],[-120.212017,39.319978],[-120.212026,39.319983],[-120.212061,39.320001],[-120.212057,39.320006],[-120.212094,39.320025],[-120.212148,39.31996],[-120.212174,39.319973],[-120.21218,39.319966],[-120.212225,39.319912],[-120.212238,39.319896],[-120.212225,39.319889]]]},"properties":{"APN":"018830039000","ADDRESS":"11541 DOLOMITE WAY"}},{"type":"Feature","geometry":{"type":"Polygon","coordinates":[[[-120.212902,39.321064],[-120.212881,39.321068],[-120.212893,39.321109],[-120.212902,39.321108],[-120.212997,39.321091],[-120.212991,39.321069],[-120.213072,39.321055],[-120.213049,39.320975],[-120.212996,39.320984],[-120.213,39.320999],[-120.212889,39.321017],[-120.212902,39.321064]]]},"properties":{"APN":"018840020000","ADDRESS":"11679 MCCLINTOCK LOOP"}},{"type":"Feature","geometry":{"type":"Polygon","coordinates":[[[-120.213354,39.320698],[-120.213677,39.320697],[-120.213674,39.320028],[-120.213352,39.320028],[-120.213354,39.320698]],[[-120.213415,39.320651],[-120.213415,39.320585],[-120.213556,39.320585],[-120.213557,39.320638],[-120.213578,39.320638],[-120.213578,39.320683],[-120.213454,39.320684],[-120.213454,39.320651],[-120.213415,39.320651]],[[-120.213434,39.320492],[-120.213434,39.320459],[-120.213557,39.320459],[-120.213558,39.320504],[-120.213536,39.320504],[-120.213537,39.320557],[-120.213395,39.320558],[-120.213395,39.320492],[-120.213434,39.320492]],[[-120.213555,39.320386],[-120.213576,39.320386],[-120.213577,39.320431],[-120.213453,39.320431],[-120.213453,39.320399],[-120.213414,39.320399],[-120.213414,39.320333],[-120.213555,39.320332],[-120.213555,39.320386]],[[-120.213394,39.320305],[-120.213394,39.32024],[-120.213432,39.320239],[-120.213432,39.320207],[-120.213556,39.320206],[-120.213556,39.320251],[-120.213535,39.320251],[-120.213535,39.320305],[-120.213394,39.320305]]]},"properties":{"APN":"018840030000","ADDRESS":"11636 MCCLINTOCK LOOP"}},{"type":"Feature","geometry":{"type":"Polygon","coordinates":[[[-120.212931,39.320072],[-120.212865,39.320072],[-120.212865,39.320063],[-120.212812,39.320063],[-120.212813,39.320138],[-120.212813,39.320145],[-120.212841,39.320145],[-120.212841,39.320219],[-120.21288,39.320219],[-120.21288,39.320208],[-120.212931,39.320208],[-120.212931,39.320072]]]},"properties":{"APN":"018840044000","ADDRESS":"11645 MCCLINTOCK LOOP"}},{"type":"Feature","geometry":{"type":"Polygon","coordinates":[[[-120.21321,39.320029],[-120.213352,39.320028],[-120.213674,39.320028],[-120.213672,39.319668],[-120.213415,39.319665],[-120.213158,39.319656],[-120.212902,39.31964],[-120.212647,39.319618],[-120.212647,39.319744],[-120.212648,39.320275],[-120.21271,39.320265],[-120.212773,39.32026],[-120.212837,39.320261],[-120.213211,39.32026],[-120.21321,39.320029]],[[-120.212733,39.320225],[-120.212694,39.320225],[-120.212694,39.320065],[-120.212759,39.320065],[-120.212759,39.320056],[-120.212812,39.320056],[-120.212812,39.320063],[-120.212865,39.320063],[-120.212865,39.320072],[-120.212931,39.320072],[-120.212931,39.320208],[-120.21288,39.320208],[-120.21288,39.320219],[-120.212841,39.320219],[-120.212841,39.320145],[-120.212813,39.320145],[-120.212813,39.320138],[-120.212784,39.320138],[-120.212784,39.320201],[-120.212733,39.320201],[-120.212733,39.320225]],[[-120.213203,39.320071],[-120.213204,39.320207],[-120.213152,39.320207],[-120.213152,39.320218],[-120.213113,39.320218],[-120.213113,39.320144],[-120.213085,39.320144],[-120.213085,39.320137],[-120.213057,39.320137],[-120.213057,39.3202],[-120.213005,39.3202],[-120.213005,39.320224],[-120.212967,39.320224],[-120.212966,39.320064],[-120.213032,39.320064],[-120.213032,39.320055],[-120.213084,39.320055],[-120.213084,39.320062],[-120.213138,39.320062],[-120.213138,39.320071],[-120.213203,39.320071]]]},"properties":{"APN":"018840046000","ADDRESS":"11639 MCCLINTOCK LOOP"}},{"type":"Feature","geometry":{"type":"Polygon","coordinates":[[[-120.22934,39.321549],[-120.229579,39.321732],[-120.229664,39.321665],[-120.229425,39.321482],[-120.22934,39.321549]]]},"properties":{"APN":"018850001000","ADDRESS":"13068 SPLIT ROCK COURT"}},{"type":"Feature","geometry":{"type":"Polygon","coordinates":[[[-120.228115,39.32157],[-120.2281,39.321583],[-120.228087,39.321598],[-120.228351,39.32173],[-120.228352,39.32173],[-120.22836,39.321723],[-120.228436,39.321662],[-120.228186,39.321492],[-120.228172,39.321507],[-120.22816,39.321522],[-120.22814,39.321548],[-120.228115,39.32157]]]},"properties":{"APN":"018850013000","ADDRESS":"12963 WINTER CAMP WAY"}},{"type":"Feature","geometry":{"type":"Polygon","coordinates":[[[-120.226937,39.321591],[-120.226929,39.321685],[-120.227142,39.321688],[-120.227153,39.321662],[-120.227169,39.321638],[-120.227189,39.321616],[-120.227154,39.321594],[-120.226937,39.321591]]]},"properties":{"APN":"018850028000","ADDRESS":"12919 ICE HOUSE LOOP"}},{"type":"Feature","geometry":{"type":"Polygon","coordinates":[[[-120.228654,39.320801],[-120.228626,39.320775],[-120.228601,39.320748],[-120.228594,39.32074],[-120.228585,39.320734],[-120.228575,39.320729],[-120.228563,39.320725],[-120.228552,39.320723],[-120.22854,39.320723],[-120.228528,39.320724],[-120.228516,39.320727],[-120.228506,39.320731],[-120.228496,39.320737],[-120.228488,39.320744],[-120.228449,39.320778],[-120.228604,39.32093],[-120.228635,39.320903],[-120.228647,39.32089],[-120.228658,39.320877],[-120.228665,39.320862],[-120.22867,39.320847],[-120.228671,39.320839],[-120.228671,39.32083],[-120.228669,39.320822],[-120.228665,39.320815],[-120.22866,39.320807],[-120.228654,39.320801]]]},"properties":{"APN":"018850048000","ADDRESS":"13079 SUMMER CAMP WAY"}},{"type":"Feature","geometry":{"type":"Polygon","coordinates":[[[-120.228368,39.32085],[-120.228523,39.321002],[-120.228604,39.32093],[-120.228449,39.320778],[-120.228368,39.32085]]]},"properties":{"APN":"018850049000","ADDRESS":"13073 SUMMER CAMP WAY"}},{"type":"Feature","geometry":{"type":"Polygon","coordinates":[[[-120.22819,39.320974],[-120.228145,39.320992],[-120.228098,39.321006],[-120.22809,39.321009],[-120.228082,39.321012],[-120.228075,39.321016],[-120.228268,39.321212],[-120.228317,39.321183],[-120.228327,39.321176],[-120.228337,39.321168],[-120.228361,39.321147],[-120.22819,39.320974]]]},"properties":{"APN":"018850052000","ADDRESS":"13055 SUMMER CAMP WAY"}},{"type":"Feature","geometry":{"type":"Polygon","coordinates":[[[-120.228012,39.320584],[-120.227826,39.320473],[-120.22778,39.320519],[-120.227774,39.320527],[-120.227769,39.320535],[-120.227767,39.320543],[-120.227766,39.320552],[-120.227766,39.32056],[-120.227769,39.320569],[-120.227773,39.320577],[-120.227779,39.320584],[-120.227787,39.320591],[-120.227848,39.320641],[-120.227902,39.320696],[-120.228012,39.320584]]]},"properties":{"APN":"018850060000","ADDRESS":"13184 POND VIEW WAY"}},{"type":"Feature","geometry":{"type":"Polygon","coordinates":[[[-120.227691,39.321334],[-120.227751,39.321335],[-120.227764,39.321321],[-120.227779,39.321308],[-120.227797,39.32129],[-120.227812,39.321271],[-120.227823,39.32125],[-120.22783,39.321228],[-120.227833,39.321205],[-120.227834,39.321191],[-120.227838,39.321178],[-120.227844,39.321164],[-120.22765,39.321163],[-120.2276,39.321128],[-120.227582,39.32114],[-120.227562,39.321151],[-120.227691,39.321334]]]},"properties":{"APN":"018850066000","ADDRESS":"13246 COLD CREEK CIRCLE"}},{"type":"Feature","geometry":{"type":"Polygon","coordinates":[[[-120.227691,39.321334],[-120.227562,39.321151],[-120.22754,39.321159],[-120.227518,39.321165],[-120.227494,39.321168],[-120.22747,39.321169],[-120.227467,39.321331],[-120.227691,39.321334]]]},"properties":{"APN":"018850067000","ADDRESS":"13252 COLD CREEK CIRCLE"}},{"type":"Feature","geometry":{"type":"Polygon","coordinates":[[[-120.227243,39.321327],[-120.22738,39.321148],[-120.227363,39.321138],[-120.227348,39.321127],[-120.227335,39.321115],[-120.22729,39.321159],[-120.22709,39.321157],[-120.227086,39.321318],[-120.227243,39.321327]]]},"properties":{"APN":"018850069000","ADDRESS":"13299 COLD CREEK CIRCLE"}},{"type":"Feature","geometry":{"type":"Polygon","coordinates":[[[-120.229388,39.320827],[-120.229291,39.320753],[-120.229242,39.320791],[-120.229207,39.320814],[-120.229169,39.320833],[-120.229127,39.320848],[-120.229083,39.320857],[-120.229075,39.320864],[-120.229068,39.320872],[-120.229064,39.32088],[-120.229061,39.320889],[-120.229061,39.320898],[-120.229062,39.320907],[-120.229065,39.320916],[-120.229071,39.320924],[-120.229078,39.320932],[-120.229086,39.320938],[-120.229137,39.320974],[-120.229139,39.320975],[-120.22917,39.320999],[-120.229388,39.320827]]]},"properties":{"APN":"018860007000","ADDRESS":"13063 SPLIT ROCK WAY"}},{"type":"Feature","geometry":{"type":"Polygon","coordinates":[[[-120.229801,39.320655],[-120.229703,39.32058],[-120.229485,39.320751],[-120.229583,39.320826],[-120.229801,39.320655]]]},"properties":{"APN":"018860013000","ADDRESS":"13080 LOOKOUT LANE WEST"}},{"type":"Feature","geometry":{"type":"Polygon","coordinates":[[[-120.230211,39.320028],[-120.230017,39.320181],[-120.230114,39.320255],[-120.230332,39.320084],[-120.23026,39.320028],[-120.230255,39.320025],[-120.230251,39.320023],[-120.230246,39.320022],[-120.23024,39.320021],[-120.230235,39.32002],[-120.23023,39.320021],[-120.230224,39.320022],[-120.230219,39.320023],[-120.230215,39.320026],[-120.230211,39.320028]]]},"properties":{"APN":"018860028000","ADDRESS":"13094 POND VIEW WAY WEST"}},{"type":"Feature","geometry":{"type":"Polygon","coordinates":[[[-120.228572,39.320103],[-120.228681,39.320169],[-120.22887,39.319978],[-120.228761,39.319912],[-120.228572,39.320103]]]},"properties":{"APN":"018860038000","ADDRESS":"13016 LOOKOUT LANE EAST"}},{"type":"Feature","geometry":{"type":"Polygon","coordinates":[[[-120.229721,39.319642],[-120.229724,39.319638],[-120.229727,39.319635],[-120.229728,39.31963],[-120.229729,39.319626],[-120.229728,39.319622],[-120.229727,39.319618],[-120.229725,39.319614],[-120.229723,39.31961],[-120.229719,39.319607],[-120.229715,39.319604],[-120.229635,39.319557],[-120.229446,39.319748],[-120.229553,39.319812],[-120.229721,39.319642]]]},"properties":{"APN":"018860047000","ADDRESS":"13054 POND VIEW WAY EAST"}},{"type":"Feature","geometry":{"type":"Polygon","coordinates":[[[-120.230491,39.319775],[-120.230527,39.319741],[-120.230555,39.319704],[-120.230576,39.319664],[-120.230587,39.319621],[-120.23059,39.319578],[-120.230583,39.319535],[-120.230568,39.319493],[-120.230543,39.319454],[-120.230511,39.319418],[-120.230472,39.319387],[-120.230427,39.319361],[-120.230378,39.319341],[-120.230324,39.319328],[-120.230269,39.319322],[-120.230213,39.319323],[-120.230158,39.31933],[-120.230105,39.319345],[-120.230057,39.319366],[-120.230013,39.319393],[-120.229975,39.319425],[-120.229873,39.319528],[-120.22987,39.319531],[-120.229865,39.319534],[-120.229861,39.319536],[-120.229856,39.319537],[-120.22985,39.319538],[-120.229845,39.319539],[-120.22984,39.319538],[-120.229834,39.319537],[-120.229829,39.319535],[-120.229825,39.319533],[-120.229715,39.319604],[-120.229719,39.319607],[-120.229723,39.31961],[-120.229725,39.319614],[-120.229727,39.319618],[-120.229728,39.319622],[-120.229729,39.319626],[-120.229728,39.31963],[-120.229727,39.319635],[-120.229724,39.319638],[-120.229721,39.319642],[-120.229301,39.320066],[-120.229297,39.320069],[-120.229293,39.320072],[-120.229288,39.320074],[-120.229283,39.320076],[-120.229278,39.320076],[-120.229273,39.320077],[-120.229267,39.320076],[-120.229262,39.320075],[-120.229257,39.320073],[-120.229253,39.320071],[-120.229169,39.320156],[-120.229173,39.320159],[-120.229176,39.320162],[-120.229179,39.320166],[-120.229181,39.32017],[-120.229182,39.320174],[-120.229182,39.320178],[-120.229181,39.320182],[-120.22918,39.320186],[-120.229178,39.32019],[-120.229175,39.320194],[-120.228848,39.320523],[-120.228824,39.320552],[-120.228805,39.320582],[-120.228731,39.320658],[-120.228755,39.320687],[-120.228782,39.320714],[-120.228814,39.320739],[-120.228888,39.320789],[-120.228962,39.320839],[-120.228988,39.320855],[-120.229016,39.320869],[-120.229061,39.320892],[-120.229063,39.320884],[-120.229066,39.320876],[-120.22907,39.320869],[-120.229076,39.320863],[-120.229083,39.320857],[-120.229127,39.320848],[-120.229169,39.320833],[-120.229207,39.320814],[-120.229242,39.320791],[-120.230211,39.320028],[-120.230215,39.320026],[-120.230219,39.320023],[-120.230224,39.320022],[-120.23023,39.320021],[-120.230235,39.32002],[-120.23024,39.320021],[-120.230246,39.320022],[-120.230251,39.320023],[-120.230255,39.320025],[-120.23026,39.320028],[-120.230335,39.319936],[-120.230332,39.319932],[-120.230329,39.319929],[-120.230327,39.319925],[-120.230325,39.319921],[-120.230325,39.319917],[-120.230325,39.319913],[-120.230326,39.319908],[-120.230329,39.319905],[-120.230331,39.319901],[-120.230335,39.319898],[-120.230491,39.319775]],[[-120.230382,39.319468],[-120.230405,39.319486],[-120.230424,39.319507],[-120.230439,39.319531],[-120.230448,39.319556],[-120.230452,39.319582],[-120.23045,39.319608],[-120.230444,39.319633],[-120.230431,39.319657],[-120.230414,39.31968],[-120.230393,39.3197],[-120.230355,39.31973],[-120.23036,39.319754],[-120.229141,39.320714],[-120.229122,39.320727],[-120.229101,39.320737],[-120.229078,39.320745],[-120.229059,39.320749],[-120.229041,39.32075],[-120.229022,39.320749],[-120.229003,39.320745],[-120.228986,39.320739],[-120.228971,39.320731],[-120.228957,39.32072],[-120.228946,39.320709],[-120.228937,39.320695],[-120.228931,39.320681],[-120.228929,39.320667],[-120.228929,39.320652],[-120.228933,39.320635],[-120.22894,39.320619],[-120.22895,39.320604],[-120.228962,39.320589],[-120.230001,39.319542],[-120.230033,39.319542],[-120.230084,39.31949],[-120.230107,39.319471],[-120.230133,39.319455],[-120.230162,39.319443],[-120.230194,39.319434],[-120.230227,39.319429],[-120.23026,39.319429],[-120.230293,39.319432],[-120.230325,39.31944],[-120.230355,39.319452],[-120.230382,39.319468]]]},"properties":{"APN":"018860053000","ADDRESS":"UNKNOWN ADDRESS"}},{"type":"Feature","geometry":{"type":"Polygon","coordinates":[[[-120.240615,39.329659],[-120.240781,39.329785],[-120.241243,39.329785],[-120.241204,39.329741],[-120.24077,39.329356],[-120.240615,39.329659]]]},"properties":{"APN":"018381001000","ADDRESS":"13023 PALISADE STREET"}},{"type":"Feature","geometry":{"type":"Polygon","coordinates":[[[-120.240475,39.329565],[-120.240615,39.329659],[-120.24077,39.329356],[-120.24064,39.329242],[-120.240475,39.329565]]]},"properties":{"APN":"018381002000","ADDRESS":"13011 PALISADE STREET"}},{"type":"Feature","geometry":{"type":"Polygon","coordinates":[[[-120.240475,39.329565],[-120.240615,39.329659],[-120.24077,39.329356],[-120.24064,39.329242],[-120.240475,39.329565]]]},"properties":{"APN":"018381002000","ADDRESS":"13011 PALISADE STREET"}},{"type":"Feature","geometry":{"type":"Polygon","coordinates":[[[-120.240475,39.329565],[-120.240615,39.329659],[-120.24077,39.329356],[-120.24064,39.329242],[-120.240475,39.329565]]]},"properties":{"APN":"018381002000","ADDRESS":"13011 PALISADE STREET"}},{"type":"Feature","geometry":{"type":"Polygon","coordinates":[[[-120.239086,39.329372],[-120.239086,39.329786],[-120.239263,39.329786],[-120.239263,39.329414],[-120.239086,39.329372]]]},"properties":{"APN":"018382024000","ADDRESS":"12948 PALISADE STREET"}},{"type":"Feature","geometry":{"type":"Polygon","coordinates":[[[-120.239928,39.329465],[-120.240123,39.329529],[-120.240142,39.329496],[-120.240086,39.329434],[-120.240018,39.329307],[-120.239793,39.32925],[-120.239793,39.329431],[-120.239928,39.329465]]]},"properties":{"APN":"018383028000","ADDRESS":"12989 PALISADE STREET"}},{"type":"Feature","geometry":{"type":"Polygon","coordinates":[[[-120.238897,39.328965],[-120.23893,39.328976],[-120.23893,39.328726],[-120.238708,39.328668],[-120.238708,39.328927],[-120.238897,39.328965]]]},"properties":{"APN":"018383037000","ADDRESS":"12932 DULZURA STREET"}},{"type":"Feature","geometry":{"type":"Polygon","coordinates":[[[-120.238166,39.328231],[-120.238166,39.328506],[-120.238343,39.328505],[-120.238343,39.328231],[-120.238166,39.328231]]]},"properties":{"APN":"018384007000","ADDRESS":"12901 DULZURA STREET"}},{"type":"Feature","geometry":{"type":"Polygon","coordinates":[[[-120.237636,39.328231],[-120.237636,39.328506],[-120.237813,39.328506],[-120.237813,39.328231],[-120.237636,39.328231]]]},"properties":{"APN":"018384010000","ADDRESS":"12871 DULZURA STREET"}},{"type":"Feature","geometry":{"type":"Polygon","coordinates":[[[-120.221477,39.326665],[-120.221474,39.327008],[-120.221757,39.327009],[-120.221759,39.326666],[-120.221477,39.326665]]]},"properties":{"APN":"018500035000","ADDRESS":"12010 SIERRA DRIVE"}},{"type":"Feature","geometry":{"type":"Polygon","coordinates":[[[-120.226387,39.325505],[-120.226376,39.325999],[-120.226525,39.326001],[-120.226737,39.326004],[-120.226827,39.326005],[-120.226831,39.325411],[-120.226387,39.325505]]]},"properties":{"APN":"018500054000","ADDRESS":"12254 RICHARDS BOULEVARD"}},{"type":"Feature","geometry":{"type":"Polygon","coordinates":[[[-120.234475,39.327917],[-120.234475,39.32826],[-120.234687,39.32826],[-120.234687,39.327917],[-120.234475,39.327917]]]},"properties":{"APN":"018514008000","ADDRESS":"12691 LEE ROAD"}},{"type":"Feature","geometry":{"type":"Polygon","coordinates":[[[-120.234687,39.327917],[-120.234687,39.32826],[-120.234899,39.32826],[-120.234899,39.327917],[-120.234687,39.327917]]]},"properties":{"APN":"018514009000","ADDRESS":"12705 LEE ROAD"}},{"type":"Feature","geometry":{"type":"Polygon","coordinates":[[[-120.231009,39.327028],[-120.231215,39.327066],[-120.231323,39.326719],[-120.231117,39.326681],[-120.231009,39.327028]]]},"properties":{"APN":"018531007000","ADDRESS":"12522 SIERRA DRIVE"}},{"type":"Feature","geometry":{"type":"Polygon","coordinates":[[[-120.228438,39.326507],[-120.228647,39.326738],[-120.229164,39.326456],[-120.229077,39.326452],[-120.228989,39.326456],[-120.228438,39.326507]]]},"properties":{"APN":"018532003000","ADDRESS":"12390 SIERRA DRIVE"}},{"type":"Feature","geometry":{"type":"Polygon","coordinates":[[[-120.228965,39.326292],[-120.229069,39.326288],[-120.229174,39.32629],[-120.229278,39.326297],[-120.229285,39.32604],[-120.229047,39.326037],[-120.228971,39.326036],[-120.228965,39.326292]]]},"properties":{"APN":"018534009000","ADDRESS":"12411 SIERRA DRIVE"}},{"type":"Feature","geometry":{"type":"Polygon","coordinates":[[[-120.224596,39.326678],[-120.224593,39.327021],[-120.224805,39.327022],[-120.224808,39.326679],[-120.224596,39.326678]]]},"properties":{"APN":"018540005000","ADDRESS":"12172 SIERRA DRIVE"}},{"type":"Feature","geometry":{"type":"Polygon","coordinates":[[[-120.223173,39.326672],[-120.223171,39.327015],[-120.223383,39.327016],[-120.223386,39.326673],[-120.223173,39.326672]]]},"properties":{"APN":"018540010000","ADDRESS":"12098 SIERRA DRIVE"}},{"type":"Feature","geometry":{"type":"Polygon","coordinates":[[[-120.222749,39.32667],[-120.222747,39.327013],[-120.222959,39.327014],[-120.222961,39.326671],[-120.222749,39.32667]]]},"properties":{"APN":"018540012000","ADDRESS":"12072 SIERRA DRIVE"}},{"type":"Feature","geometry":{"type":"Polygon","coordinates":[[[-120.223899,39.325989],[-120.223895,39.32651],[-120.224143,39.326511],[-120.224146,39.32599],[-120.223899,39.325989]]]},"properties":{"APN":"018540025000","ADDRESS":"12135 SIERRA DRIVE EAST"}},{"type":"Feature","geometry":{"type":"Polygon","coordinates":[[[-120.224605,39.326156],[-120.224602,39.326513],[-120.224814,39.326514],[-120.224818,39.325993],[-120.224606,39.325992],[-120.224605,39.326156]]]},"properties":{"APN":"018540028000","ADDRESS":"12173 SIERRA DRIVE EAST"}},{"type":"Feature","geometry":{"type":"Polygon","coordinates":[[[-120.228767,39.325248],[-120.228759,39.326033],[-120.228971,39.326036],[-120.229047,39.326037],[-120.229056,39.325271],[-120.228767,39.325248]]]},"properties":{"APN":"018550031000","ADDRESS":"12396 RICHARDS BOULEVARD"}},{"type":"Feature","geometry":{"type":"Polygon","coordinates":[[[-120.210193,39.32587],[-120.210191,39.326001],[-120.210382,39.326002],[-120.210384,39.325871],[-120.210193,39.32587]]]},"properties":{"APN":"018570024000","ADDRESS":"11425 DONNER PASS ROAD"}},{"type":"Feature","geometry":{"type":"Polygon","coordinates":[[[-120.214712,39.329393],[-120.214711,39.329573],[-120.2151,39.329571],[-120.215128,39.329571],[-120.215122,39.329337],[-120.214988,39.329335],[-120.214848,39.329314],[-120.214831,39.329311],[-120.214813,39.329311],[-120.214795,39.329313],[-120.214778,39.329317],[-120.214762,39.329323],[-120.214748,39.329332],[-120.214736,39.329342],[-120.214726,39.329353],[-120.214719,39.329366],[-120.214714,39.329379],[-120.214712,39.329393]]]},"properties":{"APN":"018580007000","ADDRESS":"10284 DONNER TRAIL ROAD"}},{"type":"Feature","geometry":{"type":"Polygon","coordinates":[[[-120.216371,39.328813],[-120.21694,39.329016],[-120.21693,39.328604],[-120.216397,39.328602],[-120.216384,39.328743],[-120.216371,39.328813]]]},"properties":{"APN":"018580013000","ADDRESS":"11790 EDMUNDS DRIVE"}},{"type":"Feature","geometry":{"type":"Polygon","coordinates":[[[-120.215759,39.328354],[-120.215686,39.328595],[-120.216184,39.328598],[-120.216207,39.328329],[-120.215767,39.328327],[-120.215759,39.328354]]]},"properties":{"APN":"018580019000","ADDRESS":"11805 EDMUNDS DRIVE"}},{"type":"Feature","geometry":{"type":"Polygon","coordinates":[[[-120.215302,39.328285],[-120.215759,39.328354],[-120.215767,39.328327],[-120.215841,39.328086],[-120.215428,39.328084],[-120.215323,39.328258],[-120.215302,39.328285]]]},"properties":{"APN":"018580027000","ADDRESS":"10188 DONNER TRAIL ROAD"}},{"type":"Feature","geometry":{"type":"Polygon","coordinates":[[[-120.213301,39.328615],[-120.213298,39.329024],[-120.213342,39.329012],[-120.213389,39.328998],[-120.213616,39.328953],[-120.213619,39.32856],[-120.213301,39.328615]]]},"properties":{"APN":"018580032000","ADDRESS":"11611 ROCKY LANE"}},{"type":"Feature","geometry":{"type":"Polygon","coordinates":[[[-120.209548,39.328689],[-120.209546,39.328964],[-120.209794,39.328965],[-120.209796,39.32869],[-120.209548,39.328689]]]},"properties":{"APN":"018590016000","ADDRESS":"11384 VALLEY ROAD"}},{"type":"Feature","geometry":{"type":"Polygon","coordinates":[[[-120.210043,39.328691],[-120.210041,39.328966],[-120.210536,39.328968],[-120.210538,39.328694],[-120.210043,39.328691]]]},"properties":{"APN":"018590018000","ADDRESS":"10171 MEADOW WAY"}},{"type":"Feature","geometry":{"type":"Polygon","coordinates":[[[-120.208562,39.328273],[-120.20856,39.328547],[-120.209054,39.32855],[-120.209057,39.328275],[-120.208562,39.328273]]]},"properties":{"APN":"018590031000","ADDRESS":"11351 VALLEY ROAD"}},{"type":"Feature","geometry":{"type":"Polygon","coordinates":[[[-120.210721,39.327871],[-120.210719,39.328145],[-120.211214,39.328148],[-120.211216,39.327873],[-120.210721,39.327871]]]},"properties":{"APN":"018590041000","ADDRESS":"10120 MEADOW WAY"}},{"type":"Feature","geometry":{"type":"Polygon","coordinates":[[[-120.210721,39.327871],[-120.210719,39.328145],[-120.211214,39.328148],[-120.211216,39.327873],[-120.210721,39.327871]]]},"properties":{"APN":"018590041000","ADDRESS":"11464 RIDGE ROAD"}},{"type":"Feature","geometry":{"type":"Polygon","coordinates":[[[-120.209793,39.329102],[-120.209791,39.329327],[-120.209727,39.329376],[-120.209726,39.329592],[-120.210037,39.329591],[-120.210038,39.329378],[-120.21004,39.329103],[-120.209793,39.329102]]]},"properties":{"APN":"018590049000","ADDRESS":"11392 ROCKY LANE"}},{"type":"Feature","geometry":{"type":"Polygon","coordinates":[[[-120.21611,39.327607],[-120.216166,39.327622],[-120.216219,39.327642],[-120.216268,39.327667],[-120.216313,39.327696],[-120.216352,39.32773],[-120.216665,39.327642],[-120.216594,39.327176],[-120.21654,39.327135],[-120.21611,39.327607]]]},"properties":{"APN":"018600003000","ADDRESS":"11862 EDMUNDS DRIVE"}},{"type":"Feature","geometry":{"type":"Polygon","coordinates":[[[-120.215829,39.327005],[-120.215791,39.327005],[-120.21579,39.327096],[-120.215879,39.327096],[-120.21588,39.327064],[-120.215917,39.327064],[-120.215917,39.327006],[-120.215881,39.327006],[-120.215881,39.327],[-120.215876,39.327],[-120.215876,39.326998],[-120.215835,39.326997],[-120.215835,39.327],[-120.215829,39.327],[-120.215829,39.327005]]]},"properties":{"APN":"018600035000","ADDRESS":"UNKNOWN ADDRESS"}},{"type":"Feature","geometry":{"type":"Polygon","coordinates":[[[-120.215697,39.327095],[-120.21579,39.327096],[-120.215791,39.327005],[-120.215748,39.327005],[-120.215749,39.326999],[-120.215743,39.326999],[-120.215743,39.326997],[-120.215703,39.326997],[-120.215702,39.326999],[-120.215697,39.326999],[-120.215697,39.327004],[-120.215664,39.327005],[-120.215662,39.327063],[-120.215696,39.327063],[-120.215697,39.327095]]]},"properties":{"APN":"018600036000","ADDRESS":"UNKNOWN ADDRESS"}},{"type":"Feature","geometry":{"type":"Polygon","coordinates":[[[-120.215845,39.327323],[-120.215839,39.327323],[-120.215838,39.327369],[-120.215835,39.327369],[-120.215834,39.327379],[-120.215849,39.327391],[-120.215938,39.327393],[-120.21594,39.327324],[-120.215897,39.327324],[-120.215897,39.327318],[-120.215892,39.327318],[-120.215892,39.327315],[-120.21585,39.327315],[-120.21585,39.327317],[-120.215845,39.327318],[-120.215845,39.327323]]]},"properties":{"APN":"018600042000","ADDRESS":"UNKNOWN ADDRESS"}},{"type":"Feature","geometry":{"type":"Polygon","coordinates":[[[-120.208568,39.327449],[-120.208566,39.327723],[-120.209061,39.327726],[-120.209063,39.327451],[-120.208568,39.327449]]]},"properties":{"APN":"018610009000","ADDRESS":"11355 RIDGE ROAD"}},{"type":"Feature","geometry":{"type":"Polygon","coordinates":[[[-120.206674,39.324693],[-120.206462,39.324934],[-120.206459,39.325142],[-120.206455,39.325513],[-120.206454,39.325534],[-120.206631,39.325535],[-120.207197,39.325539],[-120.207209,39.324518],[-120.20721,39.324401],[-120.207102,39.324138],[-120.207098,39.324155],[-120.207,39.324462],[-120.206833,39.324417],[-120.206829,39.324427],[-120.206674,39.324693]]]},"properties":{"APN":"018621012000","ADDRESS":"10077 STATE HIGHWAY 89"}},{"type":"Feature","geometry":{"type":"Polygon","coordinates":[[[-120.206674,39.324693],[-120.206462,39.324934],[-120.206459,39.325142],[-120.206455,39.325513],[-120.206454,39.325534],[-120.206631,39.325535],[-120.207197,39.325539],[-120.207209,39.324518],[-120.20721,39.324401],[-120.207102,39.324138],[-120.207098,39.324155],[-120.207,39.324462],[-120.206833,39.324417],[-120.206829,39.324427],[-120.206674,39.324693]]]},"properties":{"APN":"018621012000","ADDRESS":"10157 STATE HIGHWAY 89"}},{"type":"Feature","geometry":{"type":"Polygon","coordinates":[[[-120.20381,39.325622],[-120.20381,39.325677],[-120.203951,39.325678],[-120.204093,39.325679],[-120.204174,39.32568],[-120.20432,39.325681],[-120.204579,39.325683],[-120.204658,39.325684],[-120.204658,39.325682],[-120.204658,39.325664],[-120.204659,39.325629],[-120.20427,39.325626],[-120.204273,39.325379],[-120.204275,39.325241],[-120.204204,39.325241],[-120.204203,39.325378],[-120.204201,39.325515],[-120.204199,39.325625],[-120.20381,39.325622]]]},"properties":{"APN":"018622004000","ADDRESS":"N/A"}},{"type":"Feature","geometry":{"type":"Polygon","coordinates":[[[-120.203173,39.325672],[-120.203169,39.325961],[-120.20324,39.325959],[-120.203243,39.325672],[-120.203173,39.325672]]]},"properties":{"APN":"018623002000","ADDRESS":"11065 DONNER PASS ROAD"}},{"type":"Feature","geometry":{"type":"Polygon","coordinates":[[[-120.202749,39.325669],[-120.202744,39.325984],[-120.202886,39.325975],[-120.20289,39.32567],[-120.202749,39.325669]]]},"properties":{"APN":"018623005000","ADDRESS":"11045 DONNER PASS ROAD"}},{"type":"Feature","geometry":{"type":"Polygon","coordinates":[[[-120.202752,39.325421],[-120.202749,39.325614],[-120.203138,39.325617],[-120.203141,39.325425],[-120.202752,39.325421]]]},"properties":{"APN":"018623007000","ADDRESS":"10046 LAKE AVENUE"}},{"type":"Feature","geometry":{"type":"Polygon","coordinates":[[[-120.206195,39.32471],[-120.206475,39.324877],[-120.206623,39.324707],[-120.206318,39.324568],[-120.206195,39.32471]]]},"properties":{"APN":"018624008000","ADDRESS":"11252 TAHOE DRIVE"}},{"type":"Feature","geometry":{"type":"Polygon","coordinates":[[[-120.206195,39.32471],[-120.206475,39.324877],[-120.206623,39.324707],[-120.206318,39.324568],[-120.206195,39.32471]]]},"properties":{"APN":"018624008000","ADDRESS":"11252 TAHOE DRIVE"}},{"type":"Feature","geometry":{"type":"Polygon","coordinates":[[[-120.206195,39.32471],[-120.206475,39.324877],[-120.206623,39.324707],[-120.206318,39.324568],[-120.206195,39.32471]]]},"properties":{"APN":"018624008000","ADDRESS":"11252 TAHOE DRIVE"}},{"type":"Feature","geometry":{"type":"Polygon","coordinates":[[[-120.206318,39.324568],[-120.206623,39.324707],[-120.206623,39.324706],[-120.206742,39.324524],[-120.206743,39.324523],[-120.206418,39.324414],[-120.206318,39.324568]]]},"properties":{"APN":"018624009000","ADDRESS":"11262 TAHOE DRIVE"}},{"type":"Feature","geometry":{"type":"Polygon","coordinates":[[[-120.20213,39.324297],[-120.202128,39.324489],[-120.202552,39.324493],[-120.202554,39.3243],[-120.20213,39.324297]]]},"properties":{"APN":"018630022000","ADDRESS":"10121 LAKE AVENUE"}},{"type":"Feature","geometry":{"type":"Polygon","coordinates":[[[-120.20654,39.324086],[-120.206889,39.324128],[-120.206561,39.323885],[-120.206553,39.324004],[-120.20654,39.324086]]]},"properties":{"APN":"018640001000","ADDRESS":"11312 TAHOE DRIVE"}},{"type":"Feature","geometry":{"type":"Polygon","coordinates":[[[-120.2049,39.323873],[-120.204896,39.324175],[-120.205285,39.324178],[-120.205289,39.323876],[-120.2049,39.323873]]]},"properties":{"APN":"018640006000","ADDRESS":"11182 SPRING LANE"}},{"type":"Feature","geometry":{"type":"Polygon","coordinates":[[[-120.213408,39.333211],[-120.213413,39.333499],[-120.213767,39.333495],[-120.213756,39.332906],[-120.213618,39.33288],[-120.213488,39.332835],[-120.2134,39.332792],[-120.213408,39.333211]]]},"properties":{"APN":"018670016000","ADDRESS":"11612 WHITE FIR TRAIL"}},{"type":"Feature","geometry":{"type":"Polygon","coordinates":[[[-120.214603,39.332733],[-120.214683,39.332728],[-120.214763,39.33273],[-120.214842,39.332739],[-120.214919,39.332754],[-120.214994,39.332775],[-120.21494,39.332258],[-120.214639,39.332265],[-120.214621,39.332265],[-120.214603,39.332733]]]},"properties":{"APN":"018670020000","ADDRESS":"11675 WHITE FIR TRAIL"}},{"type":"Feature","geometry":{"type":"Polygon","coordinates":[[[-120.215786,39.332306],[-120.216288,39.332453],[-120.216375,39.332273],[-120.216394,39.332234],[-120.215893,39.332087],[-120.215786,39.332306]]]},"properties":{"APN":"018670025000","ADDRESS":"10506 NORTHWOODS BOULEVARD"}},{"type":"Feature","geometry":{"type":"Polygon","coordinates":[[[-120.216288,39.332453],[-120.216169,39.332698],[-120.21624,39.332696],[-120.216305,39.332692],[-120.216369,39.332682],[-120.216432,39.332667],[-120.216492,39.332647],[-120.216549,39.332621],[-120.216602,39.332591],[-120.21665,39.332557],[-120.216694,39.332519],[-120.216717,39.332496],[-120.216736,39.33247],[-120.216749,39.332442],[-120.216756,39.332413],[-120.216755,39.33239],[-120.216758,39.332366],[-120.216765,39.332343],[-120.216777,39.332322],[-120.216793,39.332302],[-120.216375,39.332273],[-120.216288,39.332453]]]},"properties":{"APN":"018670027000","ADDRESS":"11775 CEDAR TRAIL"}},{"type":"Feature","geometry":{"type":"Polygon","coordinates":[[[-120.215813,39.330107],[-120.215809,39.330516],[-120.216352,39.330519],[-120.216356,39.330512],[-120.216342,39.330456],[-120.216319,39.330401],[-120.216288,39.330349],[-120.216248,39.330301],[-120.216202,39.330256],[-120.216148,39.330216],[-120.216089,39.330182],[-120.216025,39.330153],[-120.215957,39.330131],[-120.215886,39.330116],[-120.215813,39.330107]]]},"properties":{"APN":"018680017000","ADDRESS":"11770 BULL PINE TRAIL"}},{"type":"Feature","geometry":{"type":"Polygon","coordinates":[[[-120.211223,39.327049],[-120.21122,39.327324],[-120.211468,39.327325],[-120.21147,39.327051],[-120.211223,39.327049]]]},"properties":{"APN":"018610021000","ADDRESS":"11481 GLEN ROAD"}},{"type":"Feature","geometry":{"type":"Polygon","coordinates":[[[-120.210824,39.326224],[-120.210813,39.326225],[-120.210803,39.326227],[-120.210788,39.326231],[-120.210775,39.326238],[-120.210763,39.326245],[-120.210752,39.326254],[-120.210744,39.326265],[-120.210738,39.326276],[-120.210733,39.326387],[-120.210732,39.326498],[-120.211262,39.326501],[-120.211264,39.326226],[-120.210824,39.326224]]]},"properties":{"APN":"018610026000","ADDRESS":"11464 DONNER PASS ROAD"}},{"type":"Feature","geometry":{"type":"Polygon","coordinates":[[[-120.207197,39.325539],[-120.206631,39.325535],[-120.206626,39.325973],[-120.207191,39.325978],[-120.207197,39.325539]]]},"properties":{"APN":"018621007000","ADDRESS":"11265 DONNER PASS ROAD"}},{"type":"Feature","geometry":{"type":"Polygon","coordinates":[[[-120.205705,39.324469],[-120.205881,39.32454],[-120.205885,39.324238],[-120.205708,39.324236],[-120.205705,39.324469]]]},"properties":{"APN":"018625014000","ADDRESS":"11255 TAHOE DRIVE"}},{"type":"Feature","geometry":{"type":"Polygon","coordinates":[[[-120.204279,39.324939],[-120.204277,39.325077],[-120.204666,39.32508],[-120.204668,39.324942],[-120.204279,39.324939]]]},"properties":{"APN":"018626001000","ADDRESS":"11131 TAHOE DRIVE"}},{"type":"Feature","geometry":{"type":"Polygon","coordinates":[[[-120.20176,39.325777],[-120.201809,39.326071],[-120.202103,39.326041],[-120.202055,39.325747],[-120.20176,39.325777]]]},"properties":{"APN":"018630010000","ADDRESS":"10995 DONNER PASS ROAD"}},{"type":"Feature","geometry":{"type":"Polygon","coordinates":[[[-120.202123,39.324874],[-120.202119,39.325128],[-120.202544,39.325086],[-120.202547,39.324877],[-120.202123,39.324874]]]},"properties":{"APN":"018630018000","ADDRESS":"10083 LAKE AVENUE"}},{"type":"Feature","geometry":{"type":"Polygon","coordinates":[[[-120.201835,39.324954],[-120.201868,39.325153],[-120.202048,39.325135],[-120.202053,39.324789],[-120.202045,39.324789],[-120.201812,39.324813],[-120.201826,39.324902],[-120.201835,39.324954]]]},"properties":{"APN":"018630019000","ADDRESS":"11007 TAHOE DRIVE"}},{"type":"Feature","geometry":{"type":"Polygon","coordinates":[[[-120.202128,39.324489],[-120.202125,39.324681],[-120.202138,39.324682],[-120.202471,39.324684],[-120.202549,39.324685],[-120.202552,39.324493],[-120.202128,39.324489]]]},"properties":{"APN":"018630023000","ADDRESS":"10111 LAKE AVENUE"}},{"type":"Feature","geometry":{"type":"Polygon","coordinates":[[[-120.202407,39.323387],[-120.202415,39.3237],[-120.202562,39.32369],[-120.202658,39.323691],[-120.202662,39.323389],[-120.202407,39.323387]]]},"properties":{"APN":"018650008000","ADDRESS":"11053 SPRING LANE"}},{"type":"Feature","geometry":{"type":"Polygon","coordinates":[[[-120.198626,39.321084],[-120.198613,39.323176],[-120.199502,39.322962],[-120.20205,39.322493],[-120.204677,39.322546],[-120.206774,39.322332],[-120.20724,39.32196],[-120.207253,39.320887],[-120.207248,39.320736],[-120.207236,39.320586],[-120.207215,39.320436],[-120.207187,39.320286],[-120.207151,39.320138],[-120.207055,39.319864],[-120.206928,39.319596],[-120.206772,39.319339],[-120.206588,39.319093],[-120.206247,39.319012],[-120.205588,39.318894],[-120.204919,39.31882],[-120.203003,39.319374],[-120.202848,39.319422],[-120.202695,39.319475],[-120.202544,39.319531],[-120.202396,39.319592],[-120.202251,39.319657],[-120.201936,39.319822],[-120.20176,39.319925],[-120.20158,39.320024],[-120.201395,39.320117],[-120.201206,39.320206],[-120.200908,39.320319],[-120.200598,39.320412],[-120.200278,39.320483],[-120.199718,39.320588],[-120.199594,39.320614],[-120.199472,39.320646],[-120.199353,39.320683],[-120.199237,39.320726],[-120.199125,39.320774],[-120.199016,39.320826],[-120.198911,39.320884],[-120.198811,39.320946],[-120.198716,39.321013],[-120.198626,39.321084]],[[-120.204571,39.320555],[-120.204561,39.320829],[-120.204208,39.320821],[-120.204218,39.320546],[-120.204571,39.320555]],[[-120.204855,39.319869],[-120.204835,39.320419],[-120.20413,39.320402],[-120.204159,39.319859],[-120.204855,39.319869]]]},"properties":{"APN":"018660038000","ADDRESS":"10679 COLLEGE TRAIL"}},{"type":"Feature","geometry":{"type":"Polygon","coordinates":[[[-120.198626,39.321084],[-120.198613,39.323176],[-120.199502,39.322962],[-120.20205,39.322493],[-120.204677,39.322546],[-120.206774,39.322332],[-120.20724,39.32196],[-120.207253,39.320887],[-120.207248,39.320736],[-120.207236,39.320586],[-120.207215,39.320436],[-120.207187,39.320286],[-120.207151,39.320138],[-120.207055,39.319864],[-120.206928,39.319596],[-120.206772,39.319339],[-120.206588,39.319093],[-120.206247,39.319012],[-120.205588,39.318894],[-120.204919,39.31882],[-120.203003,39.319374],[-120.202848,39.319422],[-120.202695,39.319475],[-120.202544,39.319531],[-120.202396,39.319592],[-120.202251,39.319657],[-120.201936,39.319822],[-120.20176,39.319925],[-120.20158,39.320024],[-120.201395,39.320117],[-120.201206,39.320206],[-120.200908,39.320319],[-120.200598,39.320412],[-120.200278,39.320483],[-120.199718,39.320588],[-120.199594,39.320614],[-120.199472,39.320646],[-120.199353,39.320683],[-120.199237,39.320726],[-120.199125,39.320774],[-120.199016,39.320826],[-120.198911,39.320884],[-120.198811,39.320946],[-120.198716,39.321013],[-120.198626,39.321084]],[[-120.204571,39.320555],[-120.204561,39.320829],[-120.204208,39.320821],[-120.204218,39.320546],[-120.204571,39.320555]],[[-120.204855,39.319869],[-120.204835,39.320419],[-120.20413,39.320402],[-120.204159,39.319859],[-120.204855,39.319869]]]},"properties":{"APN":"018660038000","ADDRESS":"10919 COLLEGE TRAIL"}},{"type":"Feature","geometry":{"type":"Polygon","coordinates":[[[-120.198626,39.321084],[-120.198613,39.323176],[-120.199502,39.322962],[-120.20205,39.322493],[-120.204677,39.322546],[-120.206774,39.322332],[-120.20724,39.32196],[-120.207253,39.320887],[-120.207248,39.320736],[-120.207236,39.320586],[-120.207215,39.320436],[-120.207187,39.320286],[-120.207151,39.320138],[-120.207055,39.319864],[-120.206928,39.319596],[-120.206772,39.319339],[-120.206588,39.319093],[-120.206247,39.319012],[-120.205588,39.318894],[-120.204919,39.31882],[-120.203003,39.319374],[-120.202848,39.319422],[-120.202695,39.319475],[-120.202544,39.319531],[-120.202396,39.319592],[-120.202251,39.319657],[-120.201936,39.319822],[-120.20176,39.319925],[-120.20158,39.320024],[-120.201395,39.320117],[-120.201206,39.320206],[-120.200908,39.320319],[-120.200598,39.320412],[-120.200278,39.320483],[-120.199718,39.320588],[-120.199594,39.320614],[-120.199472,39.320646],[-120.199353,39.320683],[-120.199237,39.320726],[-120.199125,39.320774],[-120.199016,39.320826],[-120.198911,39.320884],[-120.198811,39.320946],[-120.198716,39.321013],[-120.198626,39.321084]],[[-120.204571,39.320555],[-120.204561,39.320829],[-120.204208,39.320821],[-120.204218,39.320546],[-120.204571,39.320555]],[[-120.204855,39.319869],[-120.204835,39.320419],[-120.20413,39.320402],[-120.204159,39.319859],[-120.204855,39.319869]]]},"properties":{"APN":"018660038000","ADDRESS":"10943 COLLEGE TRAIL"}},{"type":"Feature","geometry":{"type":"Polygon","coordinates":[[[-120.198626,39.321084],[-120.198613,39.323176],[-120.199502,39.322962],[-120.20205,39.322493],[-120.204677,39.322546],[-120.206774,39.322332],[-120.20724,39.32196],[-120.207253,39.320887],[-120.207248,39.320736],[-120.207236,39.320586],[-120.207215,39.320436],[-120.207187,39.320286],[-120.207151,39.320138],[-120.207055,39.319864],[-120.206928,39.319596],[-120.206772,39.319339],[-120.206588,39.319093],[-120.206247,39.319012],[-120.205588,39.318894],[-120.204919,39.31882],[-120.203003,39.319374],[-120.202848,39.319422],[-120.202695,39.319475],[-120.202544,39.319531],[-120.202396,39.319592],[-120.202251,39.319657],[-120.201936,39.319822],[-120.20176,39.319925],[-120.20158,39.320024],[-120.201395,39.320117],[-120.201206,39.320206],[-120.200908,39.320319],[-120.200598,39.320412],[-120.200278,39.320483],[-120.199718,39.320588],[-120.199594,39.320614],[-120.199472,39.320646],[-120.199353,39.320683],[-120.199237,39.320726],[-120.199125,39.320774],[-120.199016,39.320826],[-120.198911,39.320884],[-120.198811,39.320946],[-120.198716,39.321013],[-120.198626,39.321084]],[[-120.204571,39.320555],[-120.204561,39.320829],[-120.204208,39.320821],[-120.204218,39.320546],[-120.204571,39.320555]],[[-120.204855,39.319869],[-120.204835,39.320419],[-120.20413,39.320402],[-120.204159,39.319859],[-120.204855,39.319869]]]},"properties":{"APN":"018660038000","ADDRESS":"10951 COLLEGE TRAIL"}},{"type":"Feature","geometry":{"type":"Polygon","coordinates":[[[-120.198626,39.321084],[-120.198613,39.323176],[-120.199502,39.322962],[-120.20205,39.322493],[-120.204677,39.322546],[-120.206774,39.322332],[-120.20724,39.32196],[-120.207253,39.320887],[-120.207248,39.320736],[-120.207236,39.320586],[-120.207215,39.320436],[-120.207187,39.320286],[-120.207151,39.320138],[-120.207055,39.319864],[-120.206928,39.319596],[-120.206772,39.319339],[-120.206588,39.319093],[-120.206247,39.319012],[-120.205588,39.318894],[-120.204919,39.31882],[-120.203003,39.319374],[-120.202848,39.319422],[-120.202695,39.319475],[-120.202544,39.319531],[-120.202396,39.319592],[-120.202251,39.319657],[-120.201936,39.319822],[-120.20176,39.319925],[-120.20158,39.320024],[-120.201395,39.320117],[-120.201206,39.320206],[-120.200908,39.320319],[-120.200598,39.320412],[-120.200278,39.320483],[-120.199718,39.320588],[-120.199594,39.320614],[-120.199472,39.320646],[-120.199353,39.320683],[-120.199237,39.320726],[-120.199125,39.320774],[-120.199016,39.320826],[-120.198911,39.320884],[-120.198811,39.320946],[-120.198716,39.321013],[-120.198626,39.321084]],[[-120.204571,39.320555],[-120.204561,39.320829],[-120.204208,39.320821],[-120.204218,39.320546],[-120.204571,39.320555]],[[-120.204855,39.319869],[-120.204835,39.320419],[-120.20413,39.320402],[-120.204159,39.319859],[-120.204855,39.319869]]]},"properties":{"APN":"018660038000","ADDRESS":"11001 COLLEGE TRAIL"}},{"type":"Feature","geometry":{"type":"Polygon","coordinates":[[[-120.198626,39.321084],[-120.198613,39.323176],[-120.199502,39.322962],[-120.20205,39.322493],[-120.204677,39.322546],[-120.206774,39.322332],[-120.20724,39.32196],[-120.207253,39.320887],[-120.207248,39.320736],[-120.207236,39.320586],[-120.207215,39.320436],[-120.207187,39.320286],[-120.207151,39.320138],[-120.207055,39.319864],[-120.206928,39.319596],[-120.206772,39.319339],[-120.206588,39.319093],[-120.206247,39.319012],[-120.205588,39.318894],[-120.204919,39.31882],[-120.203003,39.319374],[-120.202848,39.319422],[-120.202695,39.319475],[-120.202544,39.319531],[-120.202396,39.319592],[-120.202251,39.319657],[-120.201936,39.319822],[-120.20176,39.319925],[-120.20158,39.320024],[-120.201395,39.320117],[-120.201206,39.320206],[-120.200908,39.320319],[-120.200598,39.320412],[-120.200278,39.320483],[-120.199718,39.320588],[-120.199594,39.320614],[-120.199472,39.320646],[-120.199353,39.320683],[-120.199237,39.320726],[-120.199125,39.320774],[-120.199016,39.320826],[-120.198911,39.320884],[-120.198811,39.320946],[-120.198716,39.321013],[-120.198626,39.321084]],[[-120.204571,39.320555],[-120.204561,39.320829],[-120.204208,39.320821],[-120.204218,39.320546],[-120.204571,39.320555]],[[-120.204855,39.319869],[-120.204835,39.320419],[-120.20413,39.320402],[-120.204159,39.319859],[-120.204855,39.319869]]]},"properties":{"APN":"018660038000","ADDRESS":"11013 COLLEGE TRAIL"}},{"type":"Feature","geometry":{"type":"Polygon","coordinates":[[[-120.198626,39.321084],[-120.198613,39.323176],[-120.199502,39.322962],[-120.20205,39.322493],[-120.204677,39.322546],[-120.206774,39.322332],[-120.20724,39.32196],[-120.207253,39.320887],[-120.207248,39.320736],[-120.207236,39.320586],[-120.207215,39.320436],[-120.207187,39.320286],[-120.207151,39.320138],[-120.207055,39.319864],[-120.206928,39.319596],[-120.206772,39.319339],[-120.206588,39.319093],[-120.206247,39.319012],[-120.205588,39.318894],[-120.204919,39.31882],[-120.203003,39.319374],[-120.202848,39.319422],[-120.202695,39.319475],[-120.202544,39.319531],[-120.202396,39.319592],[-120.202251,39.319657],[-120.201936,39.319822],[-120.20176,39.319925],[-120.20158,39.320024],[-120.201395,39.320117],[-120.201206,39.320206],[-120.200908,39.320319],[-120.200598,39.320412],[-120.200278,39.320483],[-120.199718,39.320588],[-120.199594,39.320614],[-120.199472,39.320646],[-120.199353,39.320683],[-120.199237,39.320726],[-120.199125,39.320774],[-120.199016,39.320826],[-120.198911,39.320884],[-120.198811,39.320946],[-120.198716,39.321013],[-120.198626,39.321084]],[[-120.204571,39.320555],[-120.204561,39.320829],[-120.204208,39.320821],[-120.204218,39.320546],[-120.204571,39.320555]],[[-120.204855,39.319869],[-120.204835,39.320419],[-120.20413,39.320402],[-120.204159,39.319859],[-120.204855,39.319869]]]},"properties":{"APN":"018660038000","ADDRESS":"11017 COLLEGE TRAIL"}},{"type":"Feature","geometry":{"type":"Polygon","coordinates":[[[-120.216375,39.332273],[-120.216793,39.332302],[-120.216812,39.332286],[-120.216833,39.332273],[-120.216857,39.332262],[-120.216883,39.332255],[-120.21691,39.332251],[-120.216937,39.332249],[-120.216964,39.332252],[-120.216991,39.332257],[-120.217016,39.332266],[-120.217044,39.332279],[-120.217074,39.332289],[-120.217106,39.332294],[-120.217138,39.332296],[-120.217118,39.331991],[-120.2165,39.332016],[-120.216394,39.332234],[-120.216375,39.332273]]]},"properties":{"APN":"018670028000","ADDRESS":"11795 CEDAR TRAIL"}},{"type":"Feature","geometry":{"type":"Polygon","coordinates":[[[-120.217143,39.322829],[-120.217492,39.322848],[-120.217508,39.322157],[-120.217364,39.322171],[-120.217296,39.322181],[-120.217156,39.322217],[-120.217143,39.322829]]]},"properties":{"APN":"018720004000","ADDRESS":"11830 DEERFIELD DRIVE"}},{"type":"Feature","geometry":{"type":"Polygon","coordinates":[[[-120.214738,39.321447],[-120.215091,39.321447],[-120.215279,39.321447],[-120.215467,39.32145],[-120.215619,39.321461],[-120.21577,39.321477],[-120.21592,39.321498],[-120.216234,39.321541],[-120.216547,39.321584],[-120.216601,39.321593],[-120.216657,39.321595],[-120.216713,39.321591],[-120.216743,39.321583],[-120.216813,39.321566],[-120.21683,39.320913],[-120.216839,39.320546],[-120.216879,39.319039],[-120.215844,39.319387],[-120.214782,39.319601],[-120.214561,39.319624],[-120.21434,39.319643],[-120.214117,39.319656],[-120.213895,39.319665],[-120.213672,39.319668],[-120.213679,39.321154],[-120.213679,39.321159],[-120.213678,39.3216],[-120.213678,39.321937],[-120.213678,39.321997],[-120.214031,39.321996],[-120.214031,39.321447],[-120.214128,39.321447],[-120.214384,39.321447],[-120.214738,39.321447]]]},"properties":{"APN":"018740057000","ADDRESS":"11643 DEERFIELD DRIVE"}},{"type":"Feature","geometry":{"type":"Polygon","coordinates":[[[-120.21156,39.321993],[-120.211563,39.322562],[-120.211916,39.322561],[-120.211914,39.322107],[-120.211822,39.322085],[-120.211732,39.322059],[-120.211645,39.322028],[-120.21156,39.321993]]]},"properties":{"APN":"018750007000","ADDRESS":"11520 DEERFIELD DRIVE"}},{"type":"Feature","geometry":{"type":"Polygon","coordinates":[[[-120.212692,39.322147],[-120.212694,39.322558],[-120.212977,39.322558],[-120.212975,39.322146],[-120.212692,39.322147]]]},"properties":{"APN":"018750009000","ADDRESS":"11582 DEERFIELD DRIVE"}},{"type":"Feature","geometry":{"type":"Polygon","coordinates":[[[-120.209225,39.322253],[-120.209406,39.32228],[-120.210227,39.321328],[-120.21013,39.321279],[-120.210209,39.321187],[-120.20992,39.321037],[-120.209229,39.321924],[-120.209225,39.322253]]]},"properties":{"APN":"018750017000","ADDRESS":"11410 DEERFIELD DRIVE"}},{"type":"Feature","geometry":{"type":"Polygon","coordinates":[[[-120.228604,39.32387],[-120.228624,39.323881],[-120.229048,39.323802],[-120.229041,39.323559],[-120.228572,39.32368],[-120.228479,39.323628],[-120.228295,39.32354],[-120.228269,39.323699],[-120.228395,39.323764],[-120.228547,39.323841],[-120.228604,39.32387]]]},"properties":{"APN":"018760003000","ADDRESS":"12405 DONNER PASS ROAD"}},{"type":"Feature","geometry":{"type":"Polygon","coordinates":[[[-120.246415,39.327994],[-120.246443,39.327998],[-120.246455,39.327946],[-120.246469,39.327888],[-120.24645,39.327885],[-120.246452,39.327875],[-120.246449,39.327874],[-120.246392,39.327866],[-120.246376,39.327935],[-120.246428,39.327942],[-120.246415,39.327994]]]},"properties":{"APN":"018780010000","ADDRESS":"13413 DONNER PASS ROAD"}},{"type":"Feature","geometry":{"type":"Polygon","coordinates":[[[-120.229005,39.322445],[-120.229009,39.322552],[-120.229041,39.323559],[-120.229048,39.323802],[-120.228624,39.323881],[-120.22918,39.324083],[-120.229755,39.324247],[-120.230346,39.324371],[-120.230948,39.324455],[-120.235161,39.324865],[-120.235497,39.32489],[-120.235646,39.324907],[-120.235794,39.324931],[-120.23594,39.324961],[-120.236084,39.324997],[-120.236225,39.325039],[-120.236222,39.322477],[-120.229029,39.322435],[-120.229027,39.322435],[-120.229005,39.322445]]]},"properties":{"APN":"018800007000","ADDRESS":"12593 DONNER PASS ROAD"}},{"type":"Feature","geometry":{"type":"Polygon","coordinates":[[[-120.210312,39.319904],[-120.210305,39.319912],[-120.210348,39.319934],[-120.210339,39.319945],[-120.210388,39.319971],[-120.210404,39.319952],[-120.210411,39.319956],[-120.210449,39.319912],[-120.210445,39.31991],[-120.210482,39.319867],[-120.21053,39.319811],[-120.210495,39.319793],[-120.210501,39.319786],[-120.210466,39.319767],[-120.210421,39.319818],[-120.210401,39.319841],[-120.21039,39.319835],[-120.210408,39.319813],[-120.210396,39.319807],[-120.210312,39.319904]]]},"properties":{"APN":"018810039000","ADDRESS":"11438 DOLOMITE WAY"}},{"type":"Feature","geometry":{"type":"Polygon","coordinates":[[[-120.210422,39.319507],[-120.210458,39.319526],[-120.210451,39.319533],[-120.210487,39.319552],[-120.210504,39.319532],[-120.21052,39.319514],[-120.210531,39.319502],[-120.210543,39.319508],[-120.210524,39.319529],[-120.210536,39.319535],[-120.210621,39.319439],[-120.210578,39.319416],[-120.210587,39.319406],[-120.210537,39.319379],[-120.210422,39.319507]]]},"properties":{"APN":"018810063000","ADDRESS":"11429 DOLOMITE WAY"}},{"type":"Feature","geometry":{"type":"Polygon","coordinates":[[[-120.210562,39.319818],[-120.210586,39.319783],[-120.210564,39.319774],[-120.2104,39.319689],[-120.210284,39.319618],[-120.210162,39.319552],[-120.210036,39.319491],[-120.209905,39.319437],[-120.209854,39.319509],[-120.209749,39.319463],[-120.209777,39.319381],[-120.209732,39.319362],[-120.209731,39.319717],[-120.209766,39.319733],[-120.209779,39.319738],[-120.21,39.319836],[-120.210411,39.320018],[-120.210463,39.319945],[-120.210562,39.319818]],[[-120.21022,39.319844],[-120.210258,39.3198],[-120.210262,39.319802],[-120.210304,39.319755],[-120.210348,39.319704],[-120.210383,39.319723],[-120.21039,39.319715],[-120.210425,39.319734],[-120.210381,39.319785],[-120.210365,39.319803],[-120.210354,39.319816],[-120.210366,39.319822],[-120.210384,39.319801],[-120.210396,39.319807],[-120.210408,39.319813],[-120.21039,39.319835],[-120.210401,39.319841],[-120.210421,39.319818],[-120.210466,39.319767],[-120.210501,39.319786],[-120.210495,39.319793],[-120.21053,39.319811],[-120.210482,39.319867],[-120.210445,39.31991],[-120.210449,39.319912],[-120.210411,39.319956],[-120.210404,39.319952],[-120.210388,39.319971],[-120.210339,39.319945],[-120.210348,39.319934],[-120.210305,39.319912],[-120.210312,39.319904],[-120.210269,39.319881],[-120.21026,39.319892],[-120.210211,39.319866],[-120.210227,39.319847],[-120.21022,39.319844]],[[-120.209874,39.31953],[-120.209916,39.319478],[-120.209952,39.319496],[-120.209959,39.319489],[-120.209995,39.319507],[-120.209927,39.31959],[-120.209939,39.319596],[-120.209956,39.319575],[-120.209969,39.319581],[-120.209981,39.319586],[-120.209963,39.319608],[-120.209975,39.319614],[-120.209994,39.319591],[-120.210037,39.319539],[-120.210073,39.319556],[-120.210067,39.319564],[-120.210103,39.319582],[-120.210109,39.319573],[-120.210146,39.319591],[-120.210152,39.319584],[-120.210188,39.319602],[-120.210145,39.319654],[-120.21013,39.319673],[-120.21012,39.319685],[-120.210132,39.319691],[-120.21015,39.31967],[-120.210162,39.319675],[-120.210174,39.319681],[-120.210156,39.319703],[-120.210168,39.319709],[-120.210187,39.319686],[-120.21023,39.319634],[-120.210266,39.319651],[-120.21026,39.319659],[-120.210296,39.319677],[-120.210214,39.319777],[-120.210221,39.319781],[-120.210185,39.319826],[-120.210177,39.319822],[-120.210162,39.31984],[-120.21011,39.319815],[-120.210118,39.319804],[-120.210074,39.319783],[-120.210081,39.319774],[-120.210037,39.319753],[-120.210029,39.319764],[-120.209977,39.319738],[-120.209975,39.319737],[-120.209968,39.319745],[-120.209916,39.31972],[-120.209925,39.319709],[-120.209881,39.319688],[-120.209888,39.31968],[-120.209844,39.319658],[-120.209835,39.319669],[-120.209785,39.319644],[-120.2098,39.319625],[-120.209793,39.319621],[-120.20983,39.319577],[-120.209834,39.319579],[-120.209874,39.31953]]]},"properties":{"APN":"018810073000","ADDRESS":"11420 DOLOMITE WAY"}},{"type":"Feature","geometry":{"type":"Polygon","coordinates":[[[-120.210562,39.319818],[-120.210586,39.319783],[-120.210564,39.319774],[-120.2104,39.319689],[-120.210284,39.319618],[-120.210162,39.319552],[-120.210036,39.319491],[-120.209905,39.319437],[-120.209854,39.319509],[-120.209749,39.319463],[-120.209777,39.319381],[-120.209732,39.319362],[-120.209731,39.319717],[-120.209766,39.319733],[-120.209779,39.319738],[-120.21,39.319836],[-120.210411,39.320018],[-120.210463,39.319945],[-120.210562,39.319818]],[[-120.21022,39.319844],[-120.210258,39.3198],[-120.210262,39.319802],[-120.210304,39.319755],[-120.210348,39.319704],[-120.210383,39.319723],[-120.21039,39.319715],[-120.210425,39.319734],[-120.210381,39.319785],[-120.210365,39.319803],[-120.210354,39.319816],[-120.210366,39.319822],[-120.210384,39.319801],[-120.210396,39.319807],[-120.210408,39.319813],[-120.21039,39.319835],[-120.210401,39.319841],[-120.210421,39.319818],[-120.210466,39.319767],[-120.210501,39.319786],[-120.210495,39.319793],[-120.21053,39.319811],[-120.210482,39.319867],[-120.210445,39.31991],[-120.210449,39.319912],[-120.210411,39.319956],[-120.210404,39.319952],[-120.210388,39.319971],[-120.210339,39.319945],[-120.210348,39.319934],[-120.210305,39.319912],[-120.210312,39.319904],[-120.210269,39.319881],[-120.21026,39.319892],[-120.210211,39.319866],[-120.210227,39.319847],[-120.21022,39.319844]],[[-120.209874,39.31953],[-120.209916,39.319478],[-120.209952,39.319496],[-120.209959,39.319489],[-120.209995,39.319507],[-120.209927,39.31959],[-120.209939,39.319596],[-120.209956,39.319575],[-120.209969,39.319581],[-120.209981,39.319586],[-120.209963,39.319608],[-120.209975,39.319614],[-120.209994,39.319591],[-120.210037,39.319539],[-120.210073,39.319556],[-120.210067,39.319564],[-120.210103,39.319582],[-120.210109,39.319573],[-120.210146,39.319591],[-120.210152,39.319584],[-120.210188,39.319602],[-120.210145,39.319654],[-120.21013,39.319673],[-120.21012,39.319685],[-120.210132,39.319691],[-120.21015,39.31967],[-120.210162,39.319675],[-120.210174,39.319681],[-120.210156,39.319703],[-120.210168,39.319709],[-120.210187,39.319686],[-120.21023,39.319634],[-120.210266,39.319651],[-120.21026,39.319659],[-120.210296,39.319677],[-120.210214,39.319777],[-120.210221,39.319781],[-120.210185,39.319826],[-120.210177,39.319822],[-120.210162,39.31984],[-120.21011,39.319815],[-120.210118,39.319804],[-120.210074,39.319783],[-120.210081,39.319774],[-120.210037,39.319753],[-120.210029,39.319764],[-120.209977,39.319738],[-120.209975,39.319737],[-120.209968,39.319745],[-120.209916,39.31972],[-120.209925,39.319709],[-120.209881,39.319688],[-120.209888,39.31968],[-120.209844,39.319658],[-120.209835,39.319669],[-120.209785,39.319644],[-120.2098,39.319625],[-120.209793,39.319621],[-120.20983,39.319577],[-120.209834,39.319579],[-120.209874,39.31953]]]},"properties":{"APN":"018810073000","ADDRESS":"11438 DOLOMITE WAY"}},{"type":"Feature","geometry":{"type":"Polygon","coordinates":[[[-120.211599,39.321006],[-120.211599,39.321016],[-120.211651,39.321015],[-120.211651,39.321027],[-120.211711,39.321026],[-120.211711,39.321017],[-120.211707,39.320834],[-120.211666,39.320835],[-120.211665,39.320826],[-120.211623,39.320827],[-120.211624,39.320888],[-120.211625,39.320915],[-120.211611,39.320915],[-120.21161,39.32089],[-120.211596,39.32089],[-120.211599,39.321006]]]},"properties":{"APN":"018820031000","ADDRESS":"10868 CINNABAR WAY"}},{"type":"Feature","geometry":{"type":"Polygon","coordinates":[[[-120.211832,39.320554],[-120.211833,39.320576],[-120.211835,39.320637],[-120.211877,39.320637],[-120.211877,39.320628],[-120.211919,39.320627],[-120.211918,39.320567],[-120.211917,39.320509],[-120.211922,39.320509],[-120.211921,39.320457],[-120.211912,39.320457],[-120.211912,39.320435],[-120.211853,39.320436],[-120.211853,39.320448],[-120.211802,39.320449],[-120.211804,39.320565],[-120.211819,39.320565],[-120.211818,39.320539],[-120.211832,39.320539],[-120.211832,39.320554]]]},"properties":{"APN":"018820037000","ADDRESS":"10890 CINNABAR WAY"}},{"type":"Feature","geometry":{"type":"Polygon","coordinates":[[[-120.21223,39.320703],[-120.212232,39.320709],[-120.212255,39.320708],[-120.212258,39.320635],[-120.212166,39.320632],[-120.212165,39.320609],[-120.212055,39.320605],[-120.212045,39.320606],[-120.212043,39.320651],[-120.21207,39.320655],[-120.212066,39.320705],[-120.21215,39.320706],[-120.212194,39.320707],[-120.212195,39.320705],[-120.212196,39.320702],[-120.21223,39.320703]]]},"properties":{"APN":"018830009000","ADDRESS":"11574 DOLOMITE WAY"}},{"type":"Feature","geometry":{"type":"Polygon","coordinates":[[[-120.211998,39.321567],[-120.212047,39.321623],[-120.212021,39.321638],[-120.212078,39.321707],[-120.212086,39.321714],[-120.212132,39.321691],[-120.21212,39.321675],[-120.212174,39.321646],[-120.212112,39.321565],[-120.212105,39.321566],[-120.212086,39.321545],[-120.21209,39.321541],[-120.212078,39.321526],[-120.211998,39.321567]]]},"properties":{"APN":"018830015000","ADDRESS":"11637 DOLOMITE WAY"}},{"type":"Feature","geometry":{"type":"Polygon","coordinates":[[[-120.211003,39.31973],[-120.211043,39.319742],[-120.211039,39.31975],[-120.211079,39.319761],[-120.211106,39.319703],[-120.211118,39.319677],[-120.211132,39.319681],[-120.21112,39.319705],[-120.211134,39.319709],[-120.211184,39.319599],[-120.211189,39.31959],[-120.21114,39.319576],[-120.211145,39.319565],[-120.211088,39.319549],[-120.211078,39.319569],[-120.211069,39.319567],[-120.211046,39.319617],[-120.211054,39.319619],[-120.211003,39.31973]]]},"properties":{"APN":"018830025000","ADDRESS":"11491 DOLOMITE WAY"}},{"type":"Feature","geometry":{"type":"Polygon","coordinates":[[[-120.21194,39.320028],[-120.212013,39.320048],[-120.212083,39.320074],[-120.212149,39.320106],[-120.212209,39.320143],[-120.212647,39.319744],[-120.212647,39.319618],[-120.212477,39.319604],[-120.212307,39.319587],[-120.21194,39.320028]],[[-120.212222,39.320097],[-120.212185,39.320078],[-120.2122,39.320061],[-120.212157,39.32004],[-120.212207,39.31998],[-120.21218,39.319966],[-120.212174,39.319973],[-120.212148,39.31996],[-120.212094,39.320025],[-120.212057,39.320006],[-120.212061,39.320001],[-120.212026,39.319983],[-120.212017,39.319978],[-120.212035,39.319957],[-120.212085,39.319897],[-120.212112,39.319864],[-120.212118,39.319857],[-120.212119,39.319858],[-120.212133,39.319865],[-120.212175,39.319886],[-120.212188,39.31987],[-120.212225,39.319889],[-120.212238,39.319896],[-120.212243,39.31989],[-120.212245,39.319889],[-120.212294,39.319914],[-120.212281,39.31993],[-120.212343,39.319961],[-120.212295,39.320018],[-120.21229,39.320016],[-120.212262,39.320049],[-120.212237,39.320078],[-120.212222,39.320097]]]},"properties":{"APN":"018830053000","ADDRESS":"11541 DOLOMITE WAY"}},{"type":"Feature","geometry":{"type":"Polygon","coordinates":[[[-120.21231,39.321371],[-120.212788,39.321684],[-120.212788,39.321302],[-120.212791,39.320994],[-120.212779,39.320994],[-120.212461,39.320994],[-120.212451,39.321097],[-120.212444,39.321147],[-120.21243,39.321195],[-120.212409,39.321243],[-120.212382,39.321288],[-120.212349,39.321331],[-120.21231,39.321371]],[[-120.212664,39.321339],[-120.212637,39.321374],[-120.212653,39.321382],[-120.212628,39.321413],[-120.212635,39.321416],[-120.212611,39.321447],[-120.212595,39.32144],[-120.212568,39.321475],[-120.212469,39.321428],[-120.212465,39.321433],[-120.212433,39.321418],[-120.212437,39.321414],[-120.212417,39.321405],[-120.212453,39.321354],[-120.212543,39.321396],[-120.212556,39.321379],[-120.212549,39.321376],[-120.212562,39.32136],[-120.212474,39.321319],[-120.212514,39.321269],[-120.212539,39.321281],[-120.212543,39.321276],[-120.212575,39.321291],[-120.212571,39.321296],[-120.212664,39.321339]],[[-120.212686,39.321083],[-120.212705,39.321084],[-120.212704,39.32112],[-120.212712,39.32112],[-120.212711,39.321156],[-120.212692,39.321156],[-120.212691,39.321197],[-120.212576,39.321195],[-120.212575,39.321201],[-120.212538,39.3212],[-120.212538,39.321195],[-120.212516,39.321195],[-120.212515,39.321137],[-120.212619,39.321139],[-120.21262,39.321119],[-120.212612,39.321119],[-120.212612,39.3211],[-120.21251,39.321098],[-120.212513,39.32104],[-120.212542,39.32104],[-120.212542,39.321035],[-120.21258,39.321035],[-120.21258,39.321041],[-120.212687,39.321042],[-120.212686,39.321083]]]},"properties":{"APN":"018830054000","ADDRESS":"11601 DOLOMITE WAY"}},{"type":"Feature","geometry":{"type":"Polygon","coordinates":[[[-120.212714,39.320758],[-120.212716,39.32072],[-120.212694,39.320718],[-120.212695,39.320676],[-120.212612,39.320675],[-120.212613,39.320662],[-120.212575,39.320661],[-120.212575,39.320671],[-120.212543,39.320671],[-120.212544,39.320724],[-120.212617,39.320725],[-120.212616,39.320756],[-120.212628,39.320757],[-120.212714,39.320758]]]},"properties":{"APN":"018840003000","ADDRESS":"11581 DOLOMITE WAY"}},{"type":"Feature","geometry":{"type":"Polygon","coordinates":[[[-120.212929,39.320666],[-120.212908,39.320666],[-120.212908,39.320708],[-120.212917,39.320708],[-120.213013,39.320708],[-120.213013,39.320686],[-120.213094,39.320686],[-120.213095,39.320605],[-120.213041,39.320605],[-120.213041,39.32062],[-120.21293,39.320619],[-120.212929,39.320666]]]},"properties":{"APN":"018840022000","ADDRESS":"11665 MCCLINTOCK LOOP"}},{"type":"Feature","geometry":{"type":"Polygon","coordinates":[[[-120.21358,39.320897],[-120.213558,39.320897],[-120.213558,39.320843],[-120.213416,39.320843],[-120.213417,39.320909],[-120.213456,39.320909],[-120.213456,39.320942],[-120.21358,39.320942],[-120.21358,39.320897]]]},"properties":{"APN":"018840032000","ADDRESS":"11660 MCCLINTOCK LOOP"}},{"type":"Feature","geometry":{"type":"Polygon","coordinates":[[[-120.212813,39.320138],[-120.212812,39.320063],[-120.212812,39.320056],[-120.212759,39.320056],[-120.212759,39.320065],[-120.212694,39.320065],[-120.212694,39.320225],[-120.212733,39.320225],[-120.212733,39.320201],[-120.212784,39.320201],[-120.212784,39.320138],[-120.212813,39.320138]]]},"properties":{"APN":"018840043000","ADDRESS":"11645 MCCLINTOCK LOOP"}},{"type":"Feature","geometry":{"type":"Polygon","coordinates":[[[-120.244799,39.328334],[-120.244969,39.328371],[-120.24509,39.328041],[-120.24492,39.328004],[-120.244799,39.328334]]]},"properties":{"APN":"018374026000","ADDRESS":"13352 DONNER PASS ROAD"}},{"type":"Feature","geometry":{"type":"Polygon","coordinates":[[[-120.239314,39.328322],[-120.239561,39.328514],[-120.239637,39.328365],[-120.239463,39.328215],[-120.239403,39.328187],[-120.239314,39.328186],[-120.239314,39.328322]]]},"properties":{"APN":"018381011000","ADDRESS":"10256 MARTIS STREET"}},{"type":"Feature","geometry":{"type":"Polygon","coordinates":[[[-120.239314,39.328322],[-120.239561,39.328514],[-120.239637,39.328365],[-120.239463,39.328215],[-120.239403,39.328187],[-120.239314,39.328186],[-120.239314,39.328322]]]},"properties":{"APN":"018381011000","ADDRESS":"12980 SIERRA DRIVE"}},{"type":"Feature","geometry":{"type":"Polygon","coordinates":[[[-120.238379,39.329274],[-120.238379,39.329786],[-120.238556,39.329786],[-120.238556,39.329284],[-120.238467,39.329274],[-120.238379,39.329274]]]},"properties":{"APN":"018382004000","ADDRESS":"12912 PALISADE STREET"}},{"type":"Feature","geometry":{"type":"Polygon","coordinates":[[[-120.236753,39.32889],[-120.236753,39.329165],[-120.23693,39.329165],[-120.23693,39.32889],[-120.236753,39.32889]]]},"properties":{"APN":"018383013000","ADDRESS":"12819 PALISADE STREET"}},{"type":"Feature","geometry":{"type":"Polygon","coordinates":[[[-120.236576,39.328616],[-120.236576,39.32889],[-120.236753,39.32889],[-120.236753,39.328616],[-120.236576,39.328616]]]},"properties":{"APN":"018383027000","ADDRESS":"12810 DULZURA STREET"}},{"type":"Feature","geometry":{"type":"Polygon","coordinates":[[[-120.244866,39.327481],[-120.24477,39.327742],[-120.24511,39.327817],[-120.245211,39.327542],[-120.244866,39.327481]]]},"properties":{"APN":"018390005000","ADDRESS":"13333 DONNER PASS ROAD"}},{"type":"Feature","geometry":{"type":"Polygon","coordinates":[[[-120.240539,39.326514],[-120.240428,39.326675],[-120.240699,39.326777],[-120.240812,39.326613],[-120.240539,39.326514]]]},"properties":{"APN":"018400004000","ADDRESS":"13081 DONNER PASS ROAD"}},{"type":"Feature","geometry":{"type":"Polygon","coordinates":[[[-120.23977,39.327241],[-120.239911,39.327346],[-120.24,39.327214],[-120.240245,39.326849],[-120.240089,39.326784],[-120.23977,39.327241]]]},"properties":{"APN":"018400017000","ADDRESS":"13058 DONNER PASS ROAD"}},{"type":"Feature","geometry":{"type":"Polygon","coordinates":[[[-120.221458,39.325862],[-120.221457,39.325892],[-120.221738,39.325897],[-120.221739,39.325864],[-120.221458,39.325862]]]},"properties":{"APN":"018500059000","ADDRESS":"UNKNOWN ADDRESS"}},{"type":"Feature","geometry":{"type":"Polygon","coordinates":[[[-120.220452,39.325839],[-120.220618,39.325847],[-120.22063,39.32581],[-120.220283,39.325801],[-120.220277,39.32583],[-120.220452,39.325839]]]},"properties":{"APN":"018500063000","ADDRESS":"12010 DONNER PASS ROAD"}},{"type":"Feature","geometry":{"type":"Polygon","coordinates":[[[-120.235413,39.329275],[-120.235413,39.329778],[-120.235625,39.32978],[-120.235625,39.329275],[-120.235413,39.329275]]]},"properties":{"APN":"018511009000","ADDRESS":"12742 PALISADE STREET"}},{"type":"Feature","geometry":{"type":"Polygon","coordinates":[[[-120.234989,39.329276],[-120.234989,39.329774],[-120.235201,39.329776],[-120.235201,39.329276],[-120.234989,39.329276]]]},"properties":{"APN":"018511014000","ADDRESS":"12718 PALISADE STREET"}},{"type":"Feature","geometry":{"type":"Polygon","coordinates":[[[-120.234267,39.328461],[-120.234263,39.328615],[-120.234263,39.328768],[-120.234484,39.328768],[-120.234484,39.328425],[-120.234333,39.328425],[-120.234321,39.328426],[-120.234309,39.328428],[-120.234298,39.328432],[-120.234288,39.328438],[-120.234279,39.328445],[-120.234272,39.328453],[-120.234267,39.328461]]]},"properties":{"APN":"018512005000","ADDRESS":"12680 LEE ROAD"}},{"type":"Feature","geometry":{"type":"Polygon","coordinates":[[[-120.235969,39.328424],[-120.235969,39.328768],[-120.23619,39.328768],[-120.23619,39.328479],[-120.236189,39.32847],[-120.236186,39.328461],[-120.23618,39.328452],[-120.236173,39.328444],[-120.236165,39.328437],[-120.236155,39.328432],[-120.236143,39.328428],[-120.236039,39.328424],[-120.235969,39.328424]]]},"properties":{"APN":"018512012000","ADDRESS":"12770 LEE ROAD"}},{"type":"Feature","geometry":{"type":"Polygon","coordinates":[[[-120.234484,39.328425],[-120.234484,39.328768],[-120.234696,39.328768],[-120.234696,39.328425],[-120.234484,39.328425]]]},"properties":{"APN":"018512021000","ADDRESS":"12692 LEE ROAD"}},{"type":"Feature","geometry":{"type":"Polygon","coordinates":[[[-120.235545,39.328768],[-120.235545,39.329111],[-120.235757,39.329111],[-120.235757,39.328768],[-120.235545,39.328768]]]},"properties":{"APN":"018512024000","ADDRESS":"12751 PALISADE STREET"}},{"type":"Feature","geometry":{"type":"Polygon","coordinates":[[[-120.234211,39.328235],[-120.234275,39.32825],[-120.234341,39.32826],[-120.234408,39.328263],[-120.234475,39.32826],[-120.234475,39.327917],[-120.234298,39.327917],[-120.234009,39.328075],[-120.234071,39.328143],[-120.234098,39.32817],[-120.23413,39.328194],[-120.234165,39.328215],[-120.234204,39.328232],[-120.234211,39.328235]]]},"properties":{"APN":"018514007000","ADDRESS":"12675 LEE ROAD"}},{"type":"Feature","geometry":{"type":"Polygon","coordinates":[[[-120.233826,39.327872],[-120.234009,39.328075],[-120.234298,39.327917],[-120.234116,39.327715],[-120.233826,39.327872]]]},"properties":{"APN":"018520012000","ADDRESS":"10268 THOMAS DRIVE"}},{"type":"Feature","geometry":{"type":"Polygon","coordinates":[[[-120.232868,39.327164],[-120.232753,39.327092],[-120.232629,39.327028],[-120.232529,39.326984],[-120.232331,39.327282],[-120.232584,39.327415],[-120.232868,39.327164]]]},"properties":{"APN":"018520016000","ADDRESS":"10185 THOMAS DRIVE"}},{"type":"Feature","geometry":{"type":"Polygon","coordinates":[[[-120.232832,39.326934],[-120.232965,39.327012],[-120.233217,39.326774],[-120.233017,39.326646],[-120.232794,39.326914],[-120.232832,39.326934]]]},"properties":{"APN":"018520030000","ADDRESS":"10186 THOMAS DRIVE"}},{"type":"Feature","geometry":{"type":"Polygon","coordinates":[[[-120.235672,39.327004],[-120.235924,39.327068],[-120.236084,39.326685],[-120.235832,39.326621],[-120.235672,39.327004]]]},"properties":{"APN":"018520040000","ADDRESS":"12779 SIERRA DRIVE"}},{"type":"Feature","geometry":{"type":"Polygon","coordinates":[[[-120.233739,39.326518],[-120.233906,39.32656],[-120.234066,39.326177],[-120.233777,39.326105],[-120.233615,39.326493],[-120.233653,39.326499],[-120.233739,39.326518]]]},"properties":{"APN":"018520048000","ADDRESS":"12684 RICHARDS BOULEVARD"}},{"type":"Feature","geometry":{"type":"Polygon","coordinates":[[[-120.222841,39.326158],[-120.22284,39.326333],[-120.22337,39.326335],[-120.223372,39.326161],[-120.222841,39.326158]]]},"properties":{"APN":"018540021000","ADDRESS":"10050 HIGHWAY ROAD"}},{"type":"Feature","geometry":{"type":"Polygon","coordinates":[[[-120.223651,39.325988],[-120.223648,39.326509],[-120.223895,39.32651],[-120.223899,39.325989],[-120.223651,39.325988]]]},"properties":{"APN":"018540024000","ADDRESS":"12121 SIERRA DRIVE EAST"}},{"type":"Feature","geometry":{"type":"Polygon","coordinates":[[[-120.224393,39.326156],[-120.22439,39.326513],[-120.224602,39.326513],[-120.224605,39.326156],[-120.224393,39.326156]]]},"properties":{"APN":"018540027000","ADDRESS":"12161 SIERRA DRIVE EAST"}},{"type":"Feature","geometry":{"type":"Polygon","coordinates":[[[-120.231953,39.32575],[-120.231899,39.326078],[-120.232066,39.32608],[-120.232108,39.326081],[-120.232132,39.325943],[-120.232081,39.325876],[-120.232113,39.325686],[-120.231969,39.325657],[-120.231953,39.32575]]]},"properties":{"APN":"018550019000","ADDRESS":"12572 RICHARDS BOULEVARD"}},{"type":"Feature","geometry":{"type":"Polygon","coordinates":[[[-120.229613,39.321956],[-120.229586,39.321973],[-120.229471,39.322048],[-120.229352,39.322119],[-120.229229,39.322185],[-120.229103,39.322247],[-120.229015,39.322285],[-120.228884,39.322342],[-120.228883,39.322343],[-120.228756,39.322388],[-120.228626,39.322429],[-120.228769,39.322431],[-120.229027,39.322435],[-120.229613,39.321956]]]},"properties":{"APN":"018560015000","ADDRESS":"UNKNOWN ADDRESS"}},{"type":"Feature","geometry":{"type":"Polygon","coordinates":[[[-120.205608,39.326184],[-120.205602,39.326623],[-120.206026,39.326626],[-120.206032,39.326188],[-120.205608,39.326184]]]},"properties":{"APN":"018570037000","ADDRESS":"11262 DONNER PASS ROAD"}},{"type":"Feature","geometry":{"type":"Polygon","coordinates":[[[-120.214389,39.329033],[-120.214406,39.329038],[-120.214425,39.32904],[-120.214444,39.32904],[-120.214462,39.329038],[-120.21448,39.329033],[-120.214496,39.329026],[-120.214511,39.329016],[-120.214523,39.329005],[-120.214532,39.328993],[-120.214578,39.328875],[-120.214628,39.328758],[-120.214678,39.328691],[-120.214874,39.328474],[-120.214637,39.32851],[-120.214279,39.328563],[-120.21428,39.328579],[-120.214447,39.328911],[-120.214389,39.329033]]]},"properties":{"APN":"018580029000","ADDRESS":"10235 DONNER TRAIL ROAD"}},{"type":"Feature","geometry":{"type":"Polygon","coordinates":[[[-120.21645,39.327976],[-120.216434,39.328163],[-120.216919,39.328165],[-120.216913,39.327918],[-120.216448,39.327916],[-120.216451,39.327962],[-120.21645,39.327976]]]},"properties":{"APN":"018580053000","ADDRESS":"11840 EDMUNDS DRIVE"}},{"type":"Feature","geometry":{"type":"Polygon","coordinates":[[[-120.208067,39.32827],[-120.208065,39.328545],[-120.20856,39.328547],[-120.208562,39.328273],[-120.208067,39.32827]]]},"properties":{"APN":"018590032000","ADDRESS":"11327 VALLEY ROAD"}},{"type":"Feature","geometry":{"type":"Polygon","coordinates":[[[-120.211712,39.327738],[-120.211712,39.327807],[-120.211959,39.327808],[-120.211962,39.327465],[-120.211714,39.327464],[-120.211712,39.327738]]]},"properties":{"APN":"018590047000","ADDRESS":"11525 RIDGE ROAD"}},{"type":"Feature","geometry":{"type":"Polygon","coordinates":[[[-120.211715,39.327326],[-120.211714,39.327464],[-120.211962,39.327465],[-120.212209,39.327466],[-120.212213,39.326917],[-120.212116,39.326916],[-120.211961,39.326916],[-120.211948,39.326916],[-120.211936,39.326916],[-120.211797,39.326915],[-120.211719,39.326914],[-120.211719,39.326917],[-120.211718,39.32692],[-120.211717,39.327052],[-120.211715,39.327326]]]},"properties":{"APN":"018600008000","ADDRESS":"11510 FOREST LANE"}},{"type":"Feature","geometry":{"type":"Polygon","coordinates":[[[-120.216088,39.327002],[-120.216083,39.327002],[-120.216083,39.327007],[-120.216043,39.327007],[-120.216043,39.327097],[-120.21614,39.327098],[-120.21614,39.327066],[-120.216176,39.327066],[-120.216177,39.327008],[-120.216141,39.327008],[-120.216141,39.327001],[-120.216136,39.327001],[-120.216136,39.326999],[-120.216088,39.326999],[-120.216088,39.327002]]]},"properties":{"APN":"018600023000","ADDRESS":"UNKNOWN ADDRESS"}},{"type":"Feature","geometry":{"type":"Polygon","coordinates":[[[-120.215949,39.327173],[-120.21599,39.327173],[-120.215991,39.327171],[-120.215997,39.327171],[-120.215997,39.327166],[-120.216042,39.327166],[-120.216043,39.327097],[-120.21595,39.327097],[-120.215935,39.327108],[-120.215936,39.327165],[-120.215943,39.327166],[-120.215943,39.32717],[-120.215949,39.327171],[-120.215949,39.327173]]]},"properties":{"APN":"018600031000","ADDRESS":"UNKNOWN ADDRESS"}},{"type":"Feature","geometry":{"type":"Polygon","coordinates":[[[-120.215984,39.327491],[-120.216032,39.327492],[-120.216032,39.327489],[-120.216037,39.327489],[-120.216038,39.327485],[-120.216073,39.327485],[-120.216075,39.327426],[-120.216038,39.327425],[-120.216038,39.327394],[-120.215938,39.327393],[-120.215936,39.327482],[-120.215978,39.327483],[-120.215978,39.327488],[-120.215983,39.327488],[-120.215984,39.327491]]]},"properties":{"APN":"018600046000","ADDRESS":"UNKNOWN ADDRESS"}},{"type":"Feature","geometry":{"type":"Polygon","coordinates":[[[-120.209558,39.327454],[-120.209556,39.327728],[-120.210051,39.32773],[-120.210053,39.327456],[-120.209558,39.327454]]]},"properties":{"APN":"018610006000","ADDRESS":"11391 RIDGE ROAD"}},{"type":"Feature","geometry":{"type":"Polygon","coordinates":[[[-120.210728,39.327047],[-120.210726,39.327322],[-120.21122,39.327324],[-120.211223,39.327049],[-120.210728,39.327047]]]},"properties":{"APN":"018610020000","ADDRESS":"10068 MEADOW WAY"}},{"type":"Feature","geometry":{"type":"Polygon","coordinates":[[[-120.209338,39.326217],[-120.209332,39.326903],[-120.209686,39.326905],[-120.209686,39.326891],[-120.209691,39.326219],[-120.209338,39.326217]]]},"properties":{"APN":"018610028000","ADDRESS":"11380 DONNER PASS ROAD"}},{"type":"Feature","geometry":{"type":"Polygon","coordinates":[[[-120.20289,39.32567],[-120.202886,39.325975],[-120.203027,39.325967],[-120.203031,39.325671],[-120.20289,39.32567]]]},"properties":{"APN":"018623004000","ADDRESS":"11053 DONNER PASS ROAD"}},{"type":"Feature","geometry":{"type":"Polygon","coordinates":[[[-120.204893,39.324367],[-120.204892,39.324505],[-120.20528,39.324508],[-120.205282,39.32437],[-120.204893,39.324367]]]},"properties":{"APN":"018625003000","ADDRESS":"10114 VISTA AVENUE"}},{"type":"Feature","geometry":{"type":"Polygon","coordinates":[[[-120.205885,39.324238],[-120.205881,39.32454],[-120.206089,39.324541],[-120.206219,39.324356],[-120.206275,39.32424],[-120.205885,39.324238]]]},"properties":{"APN":"018625007000","ADDRESS":"11265 TAHOE DRIVE"}},{"type":"Feature","geometry":{"type":"Polygon","coordinates":[[[-120.202114,39.32547],[-120.20213,39.325569],[-120.20225,39.325557],[-120.202233,39.325458],[-120.202114,39.32547]]]},"properties":{"APN":"018630015000","ADDRESS":"10053 LAKE AVENUE"}},{"type":"Feature","geometry":{"type":"Polygon","coordinates":[[[-120.202906,39.323391],[-120.202902,39.323693],[-120.203146,39.323695],[-120.20315,39.323393],[-120.202906,39.323391]]]},"properties":{"APN":"018640014000","ADDRESS":"11083 SPRING LANE"}},{"type":"Feature","geometry":{"type":"Polygon","coordinates":[[[-120.203821,39.323398],[-120.203817,39.3237],[-120.20407,39.323702],[-120.204074,39.3234],[-120.203821,39.323398]]]},"properties":{"APN":"018640017000","ADDRESS":"11125 SPRING LANE"}},{"type":"Feature","geometry":{"type":"Polygon","coordinates":[[[-120.201757,39.317028],[-120.201508,39.316927],[-120.200997,39.316721],[-120.200937,39.316657],[-120.20057,39.316891],[-120.200207,39.317129],[-120.199847,39.317371],[-120.199802,39.319186],[-120.201089,39.318765],[-120.20177,39.318556],[-120.202472,39.318395],[-120.202502,39.318389],[-120.204891,39.31797],[-120.204853,39.31784],[-120.204662,39.317873],[-120.204567,39.31789],[-120.20435,39.317928],[-120.204174,39.317959],[-120.20406,39.317979],[-120.203907,39.318006],[-120.203615,39.318057],[-120.202655,39.317995],[-120.202293,39.317723],[-120.202356,39.317663],[-120.202251,39.317594],[-120.202183,39.317643],[-120.202159,39.317525],[-120.202117,39.317319],[-120.202084,39.31716],[-120.202049,39.317146],[-120.201917,39.317092],[-120.201757,39.317028]]]},"properties":{"APN":"018660044000","ADDRESS":"11168 WEST RIVER STREET"}},{"type":"Feature","geometry":{"type":"Polygon","coordinates":[[[-120.214322,39.322922],[-120.215781,39.322937],[-120.217034,39.322992],[-120.217841,39.323073],[-120.218415,39.323024],[-120.218417,39.322998],[-120.218425,39.322907],[-120.218425,39.322903],[-120.218178,39.322889],[-120.217826,39.32287],[-120.217492,39.322848],[-120.217143,39.322829],[-120.216781,39.322806],[-120.216444,39.322784],[-120.216402,39.322785],[-120.216393,39.322785],[-120.216022,39.322787],[-120.215686,39.322789],[-120.21535,39.322791],[-120.215014,39.322793],[-120.214678,39.322795],[-120.21432,39.322797],[-120.214322,39.322922]]]},"properties":{"APN":"018660058000","ADDRESS":"UNKNOWN ADDRESS"}},{"type":"Feature","geometry":{"type":"Polygon","coordinates":[[[-120.213985,39.332279],[-120.213897,39.332748],[-120.21425,39.33274],[-120.214303,39.332272],[-120.213985,39.332279]]]},"properties":{"APN":"018670018000","ADDRESS":"11635 WHITE FIR TRAIL"}},{"type":"Feature","geometry":{"type":"Polygon","coordinates":[[[-120.215478,39.331502],[-120.215825,39.331604],[-120.215875,39.331502],[-120.215924,39.331401],[-120.215949,39.331348],[-120.21595,39.331347],[-120.215553,39.331231],[-120.215509,39.331438],[-120.215478,39.331502]]]},"properties":{"APN":"018680013000","ADDRESS":"10445 NORTHWOODS BOULEVARD"}},{"type":"Feature","geometry":{"type":"Polygon","coordinates":[[[-120.215106,39.329846],[-120.215112,39.33012],[-120.215264,39.330067],[-120.215318,39.330042],[-120.215377,39.330015],[-120.215365,39.32957],[-120.215128,39.329571],[-120.2151,39.329571],[-120.215106,39.329846]]]},"properties":{"APN":"018680025000","ADDRESS":"11707 BULL PINE TRAIL"}},{"type":"Feature","geometry":{"type":"Polygon","coordinates":[[[-120.203088,39.336862],[-120.204451,39.336854],[-120.2054,39.336848],[-120.207543,39.336835],[-120.207619,39.336834],[-120.207603,39.334264],[-120.207573,39.329601],[-120.207505,39.329601],[-120.206988,39.329607],[-120.206472,39.329613],[-120.205916,39.329619],[-120.205432,39.329625],[-120.204877,39.329631],[-120.204321,39.329637],[-120.203782,39.329643],[-120.203436,39.329647],[-120.203423,39.329647],[-120.203222,39.329649],[-120.202665,39.329655],[-120.202515,39.329657],[-120.202356,39.329659],[-120.202183,39.329661],[-120.202025,39.329663],[-120.201839,39.329665],[-120.201825,39.329665],[-120.198555,39.329701],[-120.198557,39.333299],[-120.197866,39.333306],[-120.197866,39.333311],[-120.197866,39.333331],[-120.197866,39.333509],[-120.197865,39.333637],[-120.197863,39.336169],[-120.197863,39.33691],[-120.19857,39.336899],[-120.198846,39.336897],[-120.199219,39.336894],[-120.199281,39.336893],[-120.199469,39.336892],[-120.199694,39.33689],[-120.200829,39.33688],[-120.200975,39.336879],[-120.201304,39.336877],[-120.201462,39.336875],[-120.201653,39.336874],[-120.202015,39.336871],[-120.202314,39.336868],[-120.202389,39.336868],[-120.202404,39.336868],[-120.202423,39.336867],[-120.202563,39.336866],[-120.202672,39.336865],[-120.202806,39.336864],[-120.202949,39.336863],[-120.202995,39.336863],[-120.203029,39.336863],[-120.203033,39.336862],[-120.203046,39.336862],[-120.203064,39.336862],[-120.203077,39.336862],[-120.203088,39.336862]]]},"properties":{"APN":"018010052000","ADDRESS":"11376 TROUT CREEK ROAD"}},{"type":"Feature","geometry":{"type":"Polygon","coordinates":[[[-120.214162,39.335562],[-120.214509,39.335741],[-120.214564,39.335682],[-120.214684,39.335586],[-120.214425,39.335355],[-120.214349,39.335408],[-120.214211,39.335503],[-120.214162,39.335562]]]},"properties":{"APN":"018021013000","ADDRESS":"12055 CAVERN WAY"}},{"type":"Feature","geometry":{"type":"Polygon","coordinates":[[[-120.212542,39.336307],[-120.21263,39.336601],[-120.212906,39.336524],[-120.212775,39.33624],[-120.212706,39.336265],[-120.212542,39.336307]]]},"properties":{"APN":"018021036000","ADDRESS":"11854 LAMPLIGHTER WAY"}},{"type":"Feature","geometry":{"type":"Polygon","coordinates":[[[-120.212978,39.335499],[-120.213316,39.335666],[-120.213371,39.335608],[-120.213454,39.335507],[-120.213111,39.335337],[-120.212978,39.335499]]]},"properties":{"APN":"018031002000","ADDRESS":"11923 LAMPLIGHTER WAY"}},{"type":"Feature","geometry":{"type":"Polygon","coordinates":[[[-120.213376,39.335013],[-120.21372,39.335182],[-120.213768,39.33513],[-120.213822,39.33508],[-120.213881,39.335035],[-120.213619,39.334812],[-120.213376,39.335013]]]},"properties":{"APN":"018031005000","ADDRESS":"11963 LAMPLIGHTER WAY"}},{"type":"Feature","geometry":{"type":"Polygon","coordinates":[[[-120.20748,39.340195],[-120.207642,39.340364],[-120.207642,39.340356],[-120.207641,39.340318],[-120.207641,39.340225],[-120.207637,39.339674],[-120.207557,39.339688],[-120.207144,39.33976],[-120.207106,39.339766],[-120.207306,39.339988],[-120.20748,39.340195]]]},"properties":{"APN":"018190008000","ADDRESS":"11796 EUER VALLEY ROAD"}},{"type":"Feature","geometry":{"type":"Polygon","coordinates":[[[-120.247352,39.335893],[-120.247352,39.336112],[-120.248059,39.336112],[-120.248059,39.335892],[-120.247352,39.335893]]]},"properties":{"APN":"018210009000","ADDRESS":"N/A"}},{"type":"Feature","geometry":{"type":"Polygon","coordinates":[[[-120.246645,39.335893],[-120.246645,39.336113],[-120.247175,39.336112],[-120.247175,39.335893],[-120.246645,39.335893]]]},"properties":{"APN":"018210011000","ADDRESS":"N/A"}},{"type":"Feature","geometry":{"type":"Polygon","coordinates":[[[-120.242581,39.336473],[-120.242581,39.336758],[-120.242782,39.336754],[-120.243029,39.336749],[-120.243277,39.336744],[-120.243524,39.33674],[-120.243772,39.336735],[-120.243995,39.33673],[-120.243995,39.336472],[-120.242581,39.336473]]]},"properties":{"APN":"018220003000","ADDRESS":"N/A"}},{"type":"Feature","geometry":{"type":"Polygon","coordinates":[[[-120.241079,39.336762],[-120.241079,39.336788],[-120.241297,39.336784],[-120.241545,39.336779],[-120.24204,39.336769],[-120.242287,39.336764],[-120.242453,39.336761],[-120.241079,39.336762]]]},"properties":{"APN":"018220004000","ADDRESS":"N/A"}},{"type":"Feature","geometry":{"type":"Polygon","coordinates":[[[-120.239575,39.335034],[-120.239575,39.335253],[-120.240989,39.335252],[-120.240988,39.335033],[-120.239575,39.335034]]]},"properties":{"APN":"018230020000","ADDRESS":"N/A"}},{"type":"Feature","geometry":{"type":"Polygon","coordinates":[[[-120.246643,39.334452],[-120.246643,39.334672],[-120.248057,39.334671],[-120.248057,39.334451],[-120.246643,39.334452]]]},"properties":{"APN":"018250006000","ADDRESS":"N/A"}},{"type":"Feature","geometry":{"type":"Polygon","coordinates":[[[-120.241075,39.33388],[-120.241076,39.334099],[-120.242489,39.334098],[-120.242489,39.333879],[-120.241075,39.33388]]]},"properties":{"APN":"018260011000","ADDRESS":"N/A"}},{"type":"Feature","geometry":{"type":"Polygon","coordinates":[[[-120.241074,39.332727],[-120.241074,39.332946],[-120.241163,39.332946],[-120.241162,39.332727],[-120.241074,39.332727]]]},"properties":{"APN":"018280006000","ADDRESS":"N/A"}},{"type":"Feature","geometry":{"type":"Polygon","coordinates":[[[-120.239218,39.331864],[-120.239218,39.332083],[-120.239483,39.332083],[-120.239483,39.331863],[-120.239218,39.331864]]]},"properties":{"APN":"018290019000","ADDRESS":"N/A"}},{"type":"Feature","geometry":{"type":"Polygon","coordinates":[[[-120.238069,39.331864],[-120.238069,39.332084],[-120.238864,39.332083],[-120.238864,39.331864],[-120.238069,39.331864]]]},"properties":{"APN":"018290021000","ADDRESS":"N/A"}},{"type":"Feature","geometry":{"type":"Polygon","coordinates":[[[-120.247342,39.330067],[-120.247194,39.330472],[-120.247475,39.330517],[-120.247598,39.330121],[-120.24747,39.330096],[-120.247342,39.330067]]]},"properties":{"APN":"018310044000","ADDRESS":"13514 OLYMPIC DRIVE"}},{"type":"Feature","geometry":{"type":"Polygon","coordinates":[[[-120.243016,39.330996],[-120.243016,39.331216],[-120.243105,39.331216],[-120.243104,39.330996],[-120.243016,39.330996]]]},"properties":{"APN":"018320018000","ADDRESS":"N/A"}},{"type":"Feature","geometry":{"type":"Polygon","coordinates":[[[-120.243104,39.330996],[-120.243105,39.331216],[-120.243193,39.331216],[-120.243193,39.330996],[-120.243104,39.330996]]]},"properties":{"APN":"018320019000","ADDRESS":"N/A"}},{"type":"Feature","geometry":{"type":"Polygon","coordinates":[[[-120.243635,39.330996],[-120.243635,39.331215],[-120.243723,39.331215],[-120.243723,39.330996],[-120.243635,39.330996]]]},"properties":{"APN":"018320021000","ADDRESS":"N/A"}},{"type":"Feature","geometry":{"type":"Polygon","coordinates":[[[-120.244076,39.330995],[-120.244077,39.331215],[-120.244872,39.331214],[-120.244872,39.330995],[-120.244076,39.330995]]]},"properties":{"APN":"018320023000","ADDRESS":"N/A"}},{"type":"Feature","geometry":{"type":"Polygon","coordinates":[[[-120.245048,39.330995],[-120.245048,39.331214],[-120.24549,39.331214],[-120.24549,39.331095],[-120.245189,39.331014],[-120.245129,39.330995],[-120.245048,39.330995]]]},"properties":{"APN":"018320025000","ADDRESS":"N/A"}},{"type":"Feature","geometry":{"type":"Polygon","coordinates":[[[-120.241602,39.330709],[-120.241602,39.330929],[-120.241779,39.330928],[-120.241779,39.330709],[-120.241602,39.330709]]]},"properties":{"APN":"018320039000","ADDRESS":"N/A"}},{"type":"Feature","geometry":{"type":"Polygon","coordinates":[[[-120.24275,39.33042],[-120.24275,39.33064],[-120.243192,39.330639],[-120.243192,39.33042],[-120.24275,39.33042]]]},"properties":{"APN":"018320043000","ADDRESS":"N/A"}},{"type":"Feature","geometry":{"type":"Polygon","coordinates":[[[-120.23957,39.33071],[-120.23957,39.33093],[-120.240984,39.330929],[-120.240983,39.330709],[-120.23957,39.33071]]]},"properties":{"APN":"018330010000","ADDRESS":"N/A"}},{"type":"Feature","geometry":{"type":"Polygon","coordinates":[[[-120.240276,39.330134],[-120.240276,39.330353],[-120.240364,39.330353],[-120.240364,39.330133],[-120.240276,39.330134]]]},"properties":{"APN":"018330019000","ADDRESS":"N/A"}},{"type":"Feature","geometry":{"type":"Polygon","coordinates":[[[-120.236335,39.329848],[-120.236335,39.330068],[-120.237978,39.330066],[-120.237978,39.329847],[-120.236335,39.329848]]]},"properties":{"APN":"018330028000","ADDRESS":"N/A"}},{"type":"Feature","geometry":{"type":"Polygon","coordinates":[[[-120.247829,39.329712],[-120.248001,39.329744],[-120.248084,39.329477],[-120.247912,39.329445],[-120.247829,39.329712]]]},"properties":{"APN":"018361003000","ADDRESS":"13534 MORAINE ROAD"}},{"type":"Feature","geometry":{"type":"Polygon","coordinates":[[[-120.247296,39.32787],[-120.24715,39.328269],[-120.24732,39.328307],[-120.247457,39.327933],[-120.247296,39.32787]]]},"properties":{"APN":"018364013000","ADDRESS":"13467 DONNER PASS ROAD"}},{"type":"Feature","geometry":{"type":"Polygon","coordinates":[[[-120.247097,39.327912],[-120.24698,39.328231],[-120.24715,39.328269],[-120.247296,39.32787],[-120.247097,39.327912]]]},"properties":{"APN":"018364014000","ADDRESS":"13457 DONNER PASS ROAD"}},{"type":"Feature","geometry":{"type":"Polygon","coordinates":[[[-120.243729,39.329686],[-120.243906,39.329739],[-120.243906,39.32933],[-120.243729,39.329314],[-120.243729,39.329686]]]},"properties":{"APN":"018371009000","ADDRESS":"13300 SIERRA DRIVE"}},{"type":"Feature","geometry":{"type":"Polygon","coordinates":[[[-120.243376,39.329566],[-120.243552,39.329629],[-120.243552,39.329298],[-120.243376,39.329284],[-120.243376,39.329566]]]},"properties":{"APN":"018371014000","ADDRESS":"13280 SIERRA DRIVE"}},{"type":"Feature","geometry":{"type":"Polygon","coordinates":[[[-120.228043,39.32179],[-120.22803,39.321814],[-120.228028,39.321886],[-120.228288,39.321889],[-120.228288,39.321873],[-120.228291,39.321845],[-120.228299,39.321818],[-120.228311,39.321792],[-120.228043,39.32179]]]},"properties":{"APN":"018850015000","ADDRESS":"12951 WINTER CAMP WAY"}},{"type":"Feature","geometry":{"type":"Polygon","coordinates":[[[-120.227593,39.321874],[-120.227592,39.321924],[-120.227592,39.321932],[-120.227595,39.321939],[-120.227599,39.321947],[-120.227605,39.321953],[-120.227612,39.321959],[-120.22762,39.321964],[-120.227629,39.321967],[-120.227639,39.321969],[-120.227649,39.32197],[-120.227742,39.321971],[-120.227771,39.321972],[-120.227771,39.321965],[-120.227797,39.321965],[-120.227805,39.321965],[-120.227814,39.321963],[-120.227821,39.321961],[-120.227823,39.321877],[-120.227593,39.321874]]]},"properties":{"APN":"018850020000","ADDRESS":"12912 ICE HOUSE LOOP"}},{"type":"Feature","geometry":{"type":"Polygon","coordinates":[[[-120.227142,39.321688],[-120.226929,39.321685],[-120.226927,39.321779],[-120.227134,39.321781],[-120.227136,39.321727],[-120.227137,39.321707],[-120.227142,39.321688]]]},"properties":{"APN":"018850029000","ADDRESS":"12913 ICE HOUSE LOOP"}},{"type":"Feature","geometry":{"type":"Polygon","coordinates":[[[-120.227135,39.322158],[-120.226919,39.322155],[-120.226917,39.322257],[-120.227132,39.32226],[-120.227135,39.322158]]]},"properties":{"APN":"018850034000","ADDRESS":"12875 ICE HOUSE LOOP"}},{"type":"Feature","geometry":{"type":"Polygon","coordinates":[[[-120.227269,39.322327],[-120.227271,39.322249],[-120.227309,39.32225],[-120.227313,39.322068],[-120.22774,39.322079],[-120.227742,39.321971],[-120.227649,39.32197],[-120.227639,39.321969],[-120.227629,39.321967],[-120.22762,39.321964],[-120.227612,39.321959],[-120.227605,39.321953],[-120.227599,39.321947],[-120.227595,39.321939],[-120.227592,39.321932],[-120.227592,39.321924],[-120.227593,39.321874],[-120.227594,39.321784],[-120.227596,39.321733],[-120.227594,39.321711],[-120.22759,39.32169],[-120.227582,39.321669],[-120.22757,39.321648],[-120.227555,39.321629],[-120.227531,39.321606],[-120.227502,39.321587],[-120.22747,39.321571],[-120.227435,39.32156],[-120.227398,39.321553],[-120.227361,39.321552],[-120.227325,39.321554],[-120.227289,39.321561],[-120.227256,39.321573],[-120.227231,39.321585],[-120.227209,39.321599],[-120.227189,39.321616],[-120.227169,39.321638],[-120.227153,39.321662],[-120.227142,39.321688],[-120.227137,39.321707],[-120.227136,39.321727],[-120.227134,39.321781],[-120.227132,39.321876],[-120.22713,39.32197],[-120.227137,39.322064],[-120.227135,39.322158],[-120.227132,39.32226],[-120.227131,39.322325],[-120.227269,39.322327]],[[-120.227485,39.321731],[-120.227485,39.321763],[-120.227483,39.321857],[-120.227482,39.321914],[-120.22748,39.321923],[-120.227478,39.321931],[-120.227473,39.321939],[-120.227468,39.321946],[-120.22746,39.321952],[-120.227452,39.321957],[-120.227443,39.321962],[-120.227433,39.321965],[-120.227422,39.321967],[-120.227411,39.321967],[-120.227319,39.321966],[-120.227308,39.321965],[-120.227297,39.321963],[-120.227287,39.321959],[-120.227278,39.321955],[-120.227269,39.321949],[-120.227263,39.321942],[-120.227257,39.321934],[-120.227253,39.321926],[-120.227251,39.321917],[-120.227249,39.321903],[-120.227245,39.321854],[-120.227245,39.321831],[-120.227246,39.32176],[-120.227247,39.321729],[-120.227249,39.321713],[-120.227254,39.321699],[-120.227262,39.321685],[-120.227273,39.321672],[-120.227287,39.321661],[-120.227302,39.321652],[-120.22732,39.321645],[-120.227339,39.32164],[-120.227358,39.321637],[-120.227378,39.321638],[-120.227397,39.32164],[-120.227416,39.321646],[-120.227433,39.321653],[-120.227448,39.321663],[-120.227461,39.321674],[-120.227472,39.321687],[-120.227479,39.321701],[-120.227484,39.321716],[-120.227485,39.321731]]]},"properties":{"APN":"018850042000","ADDRESS":"UNKNOWN ADDRESS"}},{"type":"Feature","geometry":{"type":"Polygon","coordinates":[[[-120.228054,39.321112],[-120.228054,39.321139],[-120.228054,39.321146],[-120.228056,39.321153],[-120.228059,39.321159],[-120.228065,39.321174],[-120.228069,39.321188],[-120.22807,39.321204],[-120.228071,39.321213],[-120.228074,39.321222],[-120.228079,39.321231],[-120.228086,39.321239],[-120.228094,39.321246],[-120.228104,39.321252],[-120.228115,39.321256],[-120.228127,39.321259],[-120.228139,39.321261],[-120.228151,39.32126],[-120.228163,39.321258],[-120.228175,39.321255],[-120.228223,39.321235],[-120.228268,39.321212],[-120.228075,39.321016],[-120.228067,39.321022],[-120.228061,39.321029],[-120.228056,39.321037],[-120.228052,39.321045],[-120.228051,39.321054],[-120.228051,39.321063],[-120.228054,39.321112]]]},"properties":{"APN":"018850053000","ADDRESS":"13049 SUMMER CAMP WAY"}},{"type":"Feature","geometry":{"type":"Polygon","coordinates":[[[-120.229709,39.321412],[-120.229717,39.321417],[-120.229727,39.321422],[-120.229737,39.321425],[-120.229747,39.321427],[-120.229758,39.321427],[-120.229769,39.321427],[-120.229779,39.321425],[-120.229789,39.321421],[-120.229798,39.321417],[-120.229807,39.321411],[-120.22984,39.321385],[-120.229976,39.321278],[-120.229879,39.321203],[-120.229661,39.321375],[-120.229709,39.321412]]]},"properties":{"APN":"018860001000","ADDRESS":"13111 SPLIT ROCK WAY"}},{"type":"Feature","geometry":{"type":"Polygon","coordinates":[[[-120.228652,39.319847],[-120.228463,39.320038],[-120.228572,39.320103],[-120.228761,39.319912],[-120.228652,39.319847]]]},"properties":{"APN":"018860039000","ADDRESS":"13008 LOOKOUT LANE EAST"}},{"type":"Feature","geometry":{"type":"Polygon","coordinates":[[[-120.229173,39.320024],[-120.229253,39.320071],[-120.229257,39.320073],[-120.229262,39.320075],[-120.229267,39.320076],[-120.229273,39.320077],[-120.229278,39.320076],[-120.229283,39.320076],[-120.229288,39.320074],[-120.229293,39.320072],[-120.229297,39.320069],[-120.229301,39.320066],[-120.229469,39.319897],[-120.229362,39.319833],[-120.229173,39.320024]]]},"properties":{"APN":"018860041000","ADDRESS":"13047 LOOKOUT LANE EAST"}},{"type":"Feature","geometry":{"type":"Polygon","coordinates":[[[-120.210474,39.320199],[-120.210455,39.320267],[-120.210443,39.320336],[-120.210439,39.320406],[-120.210443,39.320476],[-120.210476,39.320744],[-120.210476,39.320752],[-120.210836,39.320763],[-120.210806,39.320435],[-120.210802,39.320382],[-120.210828,39.320322],[-120.210474,39.320199]],[[-120.210486,39.3205],[-120.210482,39.320467],[-120.210562,39.320461],[-120.21059,39.320459],[-120.210609,39.320458],[-120.210608,39.320447],[-120.210575,39.320449],[-120.210574,39.320438],[-120.210573,39.320427],[-120.210606,39.320425],[-120.210604,39.320414],[-120.21057,39.320416],[-120.21049,39.320422],[-120.210486,39.320388],[-120.210498,39.320388],[-120.210494,39.320355],[-120.210646,39.320344],[-120.210646,39.320338],[-120.210713,39.320333],[-120.210714,39.320341],[-120.210743,39.320339],[-120.210748,39.320386],[-120.210732,39.320387],[-120.210736,39.320427],[-120.210724,39.320428],[-120.210728,39.320468],[-120.210744,39.320467],[-120.210749,39.320514],[-120.21075,39.320517],[-120.210762,39.320516],[-120.210767,39.320563],[-120.210751,39.320564],[-120.210756,39.320604],[-120.210743,39.320605],[-120.210748,39.320645],[-120.210764,39.320644],[-120.210769,39.32069],[-120.21074,39.320692],[-120.210741,39.320698],[-120.210674,39.320703],[-120.210673,39.320698],[-120.210599,39.320703],[-120.210521,39.320709],[-120.210517,39.320676],[-120.210506,39.320676],[-120.210502,39.320643],[-120.210582,39.320638],[-120.21061,39.320636],[-120.210629,39.320635],[-120.210628,39.320624],[-120.210595,39.320626],[-120.210593,39.320615],[-120.210592,39.320604],[-120.210625,39.320601],[-120.210624,39.32059],[-120.210589,39.320593],[-120.21051,39.320598],[-120.210506,39.320565],[-120.210517,39.320564],[-120.210514,39.320531],[-120.210501,39.320532],[-120.210497,39.320499],[-120.210486,39.3205]]]},"properties":{"APN":"018810070000","ADDRESS":"10592 BOULDERS ROAD"}},{"type":"Feature","geometry":{"type":"Polygon","coordinates":[[[-120.211653,39.321232],[-120.211664,39.321238],[-120.211683,39.321217],[-120.211694,39.321223],[-120.211684,39.321236],[-120.211668,39.321254],[-120.211624,39.321304],[-120.211659,39.321323],[-120.211665,39.321315],[-120.2117,39.321334],[-120.211707,39.321326],[-120.211839,39.321176],[-120.211837,39.321175],[-120.211787,39.321148],[-120.211778,39.321159],[-120.211736,39.321136],[-120.211653,39.321232]]]},"properties":{"APN":"018820026000","ADDRESS":"10844 CINNABAR WAY"}},{"type":"Feature","geometry":{"type":"Polygon","coordinates":[[[-120.211606,39.320557],[-120.211607,39.320579],[-120.211608,39.320641],[-120.211651,39.32064],[-120.21165,39.320631],[-120.211693,39.320631],[-120.211693,39.320621],[-120.211689,39.320438],[-120.211686,39.320438],[-120.211626,39.320439],[-120.211626,39.320452],[-120.211575,39.320452],[-120.211578,39.320569],[-120.211592,39.320568],[-120.211591,39.320543],[-120.211606,39.320543],[-120.211606,39.320557]]]},"properties":{"APN":"018820039000","ADDRESS":"10890 CINNABAR WAY"}},{"type":"Feature","geometry":{"type":"Polygon","coordinates":[[[-120.212226,39.321141],[-120.212274,39.321078],[-120.212252,39.321067],[-120.212247,39.321072],[-120.212216,39.321059],[-120.212221,39.321052],[-120.212107,39.321007],[-120.212073,39.321053],[-120.212053,39.321046],[-120.212024,39.321086],[-120.21212,39.321128],[-120.212131,39.321131],[-120.212146,39.32111],[-120.212226,39.321141]]]},"properties":{"APN":"018830004000","ADDRESS":"11612 DOLOMITE WAY"}},{"type":"Feature","geometry":{"type":"Polygon","coordinates":[[[-120.212087,39.320792],[-120.212065,39.320793],[-120.212062,39.320839],[-120.212172,39.320843],[-120.212183,39.320842],[-120.212184,39.320817],[-120.212274,39.320817],[-120.212281,39.320744],[-120.212254,39.320742],[-120.212253,39.320749],[-120.212217,39.320748],[-120.212218,39.32074],[-120.21209,39.320739],[-120.212087,39.320792]]]},"properties":{"APN":"018830008000","ADDRESS":"11592 DOLOMITE WAY"}},{"type":"Feature","geometry":{"type":"Polygon","coordinates":[[[-120.212081,39.320558],[-120.212059,39.320559],[-120.212055,39.320605],[-120.212165,39.320609],[-120.212177,39.320608],[-120.212178,39.320584],[-120.212268,39.320583],[-120.212274,39.32051],[-120.212248,39.320508],[-120.212247,39.320515],[-120.212211,39.320514],[-120.212212,39.320506],[-120.212084,39.320505],[-120.212081,39.320558]]]},"properties":{"APN":"018830012000","ADDRESS":"11574 DOLOMITE WAY"}},{"type":"Feature","geometry":{"type":"Polygon","coordinates":[[[-120.212612,39.321119],[-120.21262,39.321119],[-120.212704,39.32112],[-120.212705,39.321084],[-120.212686,39.321083],[-120.212687,39.321042],[-120.21258,39.321041],[-120.21258,39.321035],[-120.212542,39.321035],[-120.212542,39.32104],[-120.212513,39.32104],[-120.21251,39.321098],[-120.212612,39.3211],[-120.212612,39.321119]]]},"properties":{"APN":"018830047000","ADDRESS":"11595 DOLOMITE WAY"}},{"type":"Feature","geometry":{"type":"Polygon","coordinates":[[[-120.211941,39.320399],[-120.211987,39.321025],[-120.211868,39.321032],[-120.211878,39.321144],[-120.212181,39.321318],[-120.212222,39.321281],[-120.212256,39.32124],[-120.212282,39.321195],[-120.2123,39.321148],[-120.212315,39.321027],[-120.212324,39.320905],[-120.212326,39.320783],[-120.212323,39.320662],[-120.212313,39.32054],[-120.212306,39.32049],[-120.212292,39.320441],[-120.21227,39.320394],[-120.212241,39.320349],[-120.212206,39.320306],[-120.212164,39.320268],[-120.212117,39.320233],[-120.212066,39.320203],[-120.21201,39.320177],[-120.211934,39.320303],[-120.211941,39.320399]],[[-120.212107,39.321149],[-120.212187,39.321183],[-120.212142,39.321248],[-120.212121,39.321241],[-120.212123,39.321235],[-120.212093,39.321222],[-120.21209,39.321224],[-120.212088,39.321226],[-120.21205,39.32121],[-120.211976,39.321179],[-120.212008,39.321136],[-120.211987,39.321123],[-120.212014,39.321083],[-120.212024,39.321086],[-120.212053,39.321046],[-120.212073,39.321053],[-120.212107,39.321007],[-120.212221,39.321052],[-120.212216,39.321059],[-120.212247,39.321072],[-120.212252,39.321067],[-120.212274,39.321078],[-120.212226,39.321141],[-120.212146,39.32111],[-120.212131,39.321131],[-120.21212,39.321128],[-120.212107,39.321149]],[[-120.212201,39.320939],[-120.2122,39.320941],[-120.212156,39.32094],[-120.212072,39.320938],[-120.212076,39.320889],[-120.21205,39.320885],[-120.212051,39.32084],[-120.212062,39.320839],[-120.212065,39.320793],[-120.212087,39.320792],[-120.21209,39.320739],[-120.212218,39.32074],[-120.212217,39.320748],[-120.212253,39.320749],[-120.212254,39.320742],[-120.212281,39.320744],[-120.212274,39.320817],[-120.212184,39.320817],[-120.212183,39.320842],[-120.212172,39.320843],[-120.212172,39.320866],[-120.212264,39.320869],[-120.212261,39.320942],[-120.212238,39.320943],[-120.212236,39.320937],[-120.212202,39.320936],[-120.212201,39.320939]],[[-120.21215,39.320706],[-120.212066,39.320705],[-120.21207,39.320655],[-120.212043,39.320651],[-120.212045,39.320606],[-120.212055,39.320605],[-120.212059,39.320559],[-120.212081,39.320558],[-120.212084,39.320505],[-120.212212,39.320506],[-120.212211,39.320514],[-120.212247,39.320515],[-120.212248,39.320508],[-120.212274,39.32051],[-120.212268,39.320583],[-120.212178,39.320584],[-120.212177,39.320608],[-120.212165,39.320609],[-120.212166,39.320632],[-120.212258,39.320635],[-120.212255,39.320708],[-120.212232,39.320709],[-120.21223,39.320703],[-120.212196,39.320702],[-120.212195,39.320705],[-120.212194,39.320707],[-120.21215,39.320706]]]},"properties":{"APN":"018830050000","ADDRESS":"11574 DOLOMITE WAY"}},{"type":"Feature","geometry":{"type":"Polygon","coordinates":[[[-120.211941,39.320399],[-120.211987,39.321025],[-120.211868,39.321032],[-120.211878,39.321144],[-120.212181,39.321318],[-120.212222,39.321281],[-120.212256,39.32124],[-120.212282,39.321195],[-120.2123,39.321148],[-120.212315,39.321027],[-120.212324,39.320905],[-120.212326,39.320783],[-120.212323,39.320662],[-120.212313,39.32054],[-120.212306,39.32049],[-120.212292,39.320441],[-120.21227,39.320394],[-120.212241,39.320349],[-120.212206,39.320306],[-120.212164,39.320268],[-120.212117,39.320233],[-120.212066,39.320203],[-120.21201,39.320177],[-120.211934,39.320303],[-120.211941,39.320399]],[[-120.212107,39.321149],[-120.212187,39.321183],[-120.212142,39.321248],[-120.212121,39.321241],[-120.212123,39.321235],[-120.212093,39.321222],[-120.21209,39.321224],[-120.212088,39.321226],[-120.21205,39.32121],[-120.211976,39.321179],[-120.212008,39.321136],[-120.211987,39.321123],[-120.212014,39.321083],[-120.212024,39.321086],[-120.212053,39.321046],[-120.212073,39.321053],[-120.212107,39.321007],[-120.212221,39.321052],[-120.212216,39.321059],[-120.212247,39.321072],[-120.212252,39.321067],[-120.212274,39.321078],[-120.212226,39.321141],[-120.212146,39.32111],[-120.212131,39.321131],[-120.21212,39.321128],[-120.212107,39.321149]],[[-120.212201,39.320939],[-120.2122,39.320941],[-120.212156,39.32094],[-120.212072,39.320938],[-120.212076,39.320889],[-120.21205,39.320885],[-120.212051,39.32084],[-120.212062,39.320839],[-120.212065,39.320793],[-120.212087,39.320792],[-120.21209,39.320739],[-120.212218,39.32074],[-120.212217,39.320748],[-120.212253,39.320749],[-120.212254,39.320742],[-120.212281,39.320744],[-120.212274,39.320817],[-120.212184,39.320817],[-120.212183,39.320842],[-120.212172,39.320843],[-120.212172,39.320866],[-120.212264,39.320869],[-120.212261,39.320942],[-120.212238,39.320943],[-120.212236,39.320937],[-120.212202,39.320936],[-120.212201,39.320939]],[[-120.21215,39.320706],[-120.212066,39.320705],[-120.21207,39.320655],[-120.212043,39.320651],[-120.212045,39.320606],[-120.212055,39.320605],[-120.212059,39.320559],[-120.212081,39.320558],[-120.212084,39.320505],[-120.212212,39.320506],[-120.212211,39.320514],[-120.212247,39.320515],[-120.212248,39.320508],[-120.212274,39.32051],[-120.212268,39.320583],[-120.212178,39.320584],[-120.212177,39.320608],[-120.212165,39.320609],[-120.212166,39.320632],[-120.212258,39.320635],[-120.212255,39.320708],[-120.212232,39.320709],[-120.21223,39.320703],[-120.212196,39.320702],[-120.212195,39.320705],[-120.212194,39.320707],[-120.21215,39.320706]]]},"properties":{"APN":"018830050000","ADDRESS":"11592 DOLOMITE WAY"}},{"type":"Feature","geometry":{"type":"Polygon","coordinates":[[[-120.211941,39.320399],[-120.211987,39.321025],[-120.211868,39.321032],[-120.211878,39.321144],[-120.212181,39.321318],[-120.212222,39.321281],[-120.212256,39.32124],[-120.212282,39.321195],[-120.2123,39.321148],[-120.212315,39.321027],[-120.212324,39.320905],[-120.212326,39.320783],[-120.212323,39.320662],[-120.212313,39.32054],[-120.212306,39.32049],[-120.212292,39.320441],[-120.21227,39.320394],[-120.212241,39.320349],[-120.212206,39.320306],[-120.212164,39.320268],[-120.212117,39.320233],[-120.212066,39.320203],[-120.21201,39.320177],[-120.211934,39.320303],[-120.211941,39.320399]],[[-120.212107,39.321149],[-120.212187,39.321183],[-120.212142,39.321248],[-120.212121,39.321241],[-120.212123,39.321235],[-120.212093,39.321222],[-120.21209,39.321224],[-120.212088,39.321226],[-120.21205,39.32121],[-120.211976,39.321179],[-120.212008,39.321136],[-120.211987,39.321123],[-120.212014,39.321083],[-120.212024,39.321086],[-120.212053,39.321046],[-120.212073,39.321053],[-120.212107,39.321007],[-120.212221,39.321052],[-120.212216,39.321059],[-120.212247,39.321072],[-120.212252,39.321067],[-120.212274,39.321078],[-120.212226,39.321141],[-120.212146,39.32111],[-120.212131,39.321131],[-120.21212,39.321128],[-120.212107,39.321149]],[[-120.212201,39.320939],[-120.2122,39.320941],[-120.212156,39.32094],[-120.212072,39.320938],[-120.212076,39.320889],[-120.21205,39.320885],[-120.212051,39.32084],[-120.212062,39.320839],[-120.212065,39.320793],[-120.212087,39.320792],[-120.21209,39.320739],[-120.212218,39.32074],[-120.212217,39.320748],[-120.212253,39.320749],[-120.212254,39.320742],[-120.212281,39.320744],[-120.212274,39.320817],[-120.212184,39.320817],[-120.212183,39.320842],[-120.212172,39.320843],[-120.212172,39.320866],[-120.212264,39.320869],[-120.212261,39.320942],[-120.212238,39.320943],[-120.212236,39.320937],[-120.212202,39.320936],[-120.212201,39.320939]],[[-120.21215,39.320706],[-120.212066,39.320705],[-120.21207,39.320655],[-120.212043,39.320651],[-120.212045,39.320606],[-120.212055,39.320605],[-120.212059,39.320559],[-120.212081,39.320558],[-120.212084,39.320505],[-120.212212,39.320506],[-120.212211,39.320514],[-120.212247,39.320515],[-120.212248,39.320508],[-120.212274,39.32051],[-120.212268,39.320583],[-120.212178,39.320584],[-120.212177,39.320608],[-120.212165,39.320609],[-120.212166,39.320632],[-120.212258,39.320635],[-120.212255,39.320708],[-120.212232,39.320709],[-120.21223,39.320703],[-120.212196,39.320702],[-120.212195,39.320705],[-120.212194,39.320707],[-120.21215,39.320706]]]},"properties":{"APN":"018830050000","ADDRESS":"11612 DOLOMITE WAY"}},{"type":"Feature","geometry":{"type":"Polygon","coordinates":[[[-120.22966,39.321522],[-120.229754,39.321594],[-120.229664,39.321665],[-120.229579,39.321732],[-120.22974,39.321855],[-120.230099,39.321582],[-120.230091,39.321577],[-120.229961,39.321477],[-120.229954,39.321483],[-120.229924,39.321503],[-120.22989,39.32152],[-120.229854,39.321532],[-120.229815,39.321539],[-120.229776,39.321542],[-120.229736,39.32154],[-120.229697,39.321534],[-120.22966,39.321522]]]},"properties":{"APN":"018850047000","ADDRESS":"13112 SPLIT ROCK WAY"}},{"type":"Feature","geometry":{"type":"Polygon","coordinates":[[[-120.227467,39.321331],[-120.22747,39.321169],[-120.227446,39.321167],[-120.227423,39.321163],[-120.227401,39.321157],[-120.22738,39.321148],[-120.227243,39.321327],[-120.227467,39.321331]]]},"properties":{"APN":"018850068000","ADDRESS":"13305 COLD CREEK CIRCLE"}},{"type":"Feature","geometry":{"type":"Polygon","coordinates":[[[-120.22715,39.320817],[-120.227136,39.320853],[-120.227335,39.320892],[-120.227373,39.320816],[-120.227177,39.320719],[-120.22715,39.320817]]]},"properties":{"APN":"018850073000","ADDRESS":"13275 COLD CREEK CIRCLE"}},{"type":"Feature","geometry":{"type":"Polygon","coordinates":[[[-120.229825,39.319533],[-120.229243,39.319185],[-120.229209,39.319168],[-120.229172,39.319156],[-120.229133,39.319149],[-120.229093,39.319146],[-120.229053,39.319149],[-120.229014,39.319157],[-120.228978,39.31917],[-120.228945,39.319188],[-120.228939,39.319191],[-120.228934,39.319193],[-120.228928,39.319194],[-120.228921,39.319195],[-120.228915,39.319196],[-120.228909,39.319198],[-120.228903,39.319201],[-120.228898,39.319204],[-120.228893,39.319208],[-120.228023,39.320086],[-120.227983,39.320124],[-120.228122,39.320206],[-120.228271,39.320059],[-120.228356,39.319974],[-120.228524,39.319804],[-120.228527,39.319801],[-120.228532,39.319799],[-120.228536,39.319796],[-120.228541,39.319795],[-120.228547,39.319794],[-120.228552,39.319794],[-120.228557,39.319794],[-120.228563,39.319795],[-120.228568,39.319797],[-120.228572,39.319799],[-120.228652,39.319847],[-120.228761,39.319912],[-120.22887,39.319978],[-120.22898,39.320043],[-120.229089,39.320108],[-120.229169,39.320156],[-120.229253,39.320071],[-120.229173,39.320024],[-120.229064,39.319958],[-120.228954,39.319893],[-120.228845,39.319828],[-120.228736,39.319762],[-120.228656,39.319715],[-120.228652,39.319712],[-120.228649,39.319708],[-120.228646,39.319705],[-120.228644,39.319701],[-120.228643,39.319697],[-120.228643,39.319693],[-120.228643,39.319688],[-120.228645,39.319684],[-120.228647,39.319681],[-120.22865,39.319677],[-120.228818,39.319507],[-120.228902,39.319422],[-120.229047,39.319276],[-120.229055,39.319269],[-120.229064,39.319264],[-120.229073,39.31926],[-120.229084,39.319256],[-120.229095,39.319255],[-120.229107,39.319254],[-120.229118,39.319255],[-120.229129,39.319257],[-120.229139,39.319261],[-120.229149,39.319266],[-120.229198,39.319295],[-120.229308,39.319361],[-120.229417,39.319426],[-120.229526,39.319491],[-120.229635,39.319557],[-120.229715,39.319604],[-120.229825,39.319533]]]},"properties":{"APN":"018860054000","ADDRESS":"UNKNOWN ADDRESS"}},{"type":"Feature","geometry":{"type":"Polygon","coordinates":[[[-120.233698,39.328935],[-120.233698,39.328769],[-120.233698,39.328549],[-120.233698,39.328495],[-120.233641,39.328433],[-120.233483,39.328258],[-120.233325,39.328082],[-120.233167,39.327907],[-120.233008,39.327732],[-120.23285,39.327556],[-120.232584,39.327415],[-120.232331,39.327282],[-120.232065,39.327141],[-120.23204,39.327221],[-120.231834,39.327182],[-120.231628,39.327143],[-120.231422,39.327105],[-120.231529,39.326758],[-120.231323,39.326719],[-120.231215,39.327066],[-120.231009,39.327028],[-120.230803,39.326989],[-120.230597,39.32695],[-120.228858,39.326879],[-120.227241,39.327599],[-120.227953,39.328402],[-120.227935,39.328753],[-120.227887,39.329701],[-120.229264,39.329715],[-120.229237,39.328977],[-120.229238,39.328919],[-120.229247,39.328861],[-120.229264,39.328805],[-120.229288,39.32875],[-120.22932,39.328697],[-120.229358,39.328647],[-120.229403,39.328601],[-120.229454,39.328559],[-120.229511,39.328521],[-120.229572,39.328488],[-120.229637,39.32846],[-120.229685,39.32844],[-120.229731,39.328417],[-120.230051,39.328245],[-120.230121,39.32821],[-120.230195,39.32818],[-120.23027,39.328153],[-120.230348,39.328131],[-120.230399,39.328116],[-120.230447,39.328096],[-120.230491,39.328072],[-120.230517,39.32806],[-120.230545,39.328051],[-120.230575,39.328045],[-120.230605,39.328044],[-120.230635,39.328047],[-120.230664,39.328054],[-120.230691,39.328064],[-120.230735,39.328082],[-120.230781,39.328095],[-120.23083,39.328103],[-120.230879,39.328105],[-120.230928,39.328102],[-120.230976,39.328094],[-120.231018,39.328087],[-120.231061,39.328084],[-120.231105,39.328084],[-120.231148,39.328089],[-120.231397,39.32813],[-120.231446,39.32814],[-120.231494,39.328153],[-120.231528,39.328165],[-120.23158,39.328185],[-120.231627,39.328212],[-120.231668,39.328243],[-120.231703,39.328279],[-120.231731,39.328319],[-120.231857,39.328538],[-120.23187,39.328556],[-120.231887,39.328573],[-120.231907,39.328587],[-120.23193,39.328598],[-120.231955,39.328606],[-120.231981,39.328611],[-120.232008,39.328612],[-120.232035,39.32861],[-120.232061,39.328605],[-120.232085,39.328596],[-120.232107,39.328585],[-120.232127,39.32857],[-120.232143,39.328554],[-120.232155,39.328535],[-120.232164,39.328515],[-120.232172,39.328478],[-120.232175,39.32844],[-120.232171,39.328402],[-120.232162,39.328364],[-120.232114,39.328214],[-120.23209,39.328154],[-120.232058,39.328097],[-120.231966,39.327959],[-120.231953,39.327934],[-120.231946,39.327908],[-120.231944,39.327881],[-120.231948,39.327855],[-120.231957,39.327829],[-120.231972,39.327805],[-120.231992,39.327783],[-120.232017,39.327764],[-120.232045,39.327748],[-120.232076,39.327737],[-120.232109,39.327729],[-120.232143,39.327726],[-120.232178,39.327728],[-120.232211,39.327733],[-120.232243,39.327744],[-120.232321,39.327778],[-120.232394,39.327817],[-120.232464,39.327861],[-120.232528,39.327909],[-120.232587,39.327961],[-120.233645,39.328993],[-120.233687,39.329029],[-120.233733,39.32906],[-120.233821,39.329111],[-120.233873,39.329139],[-120.23393,39.329163],[-120.23399,39.32918],[-120.234052,39.329192],[-120.234051,39.329004],[-120.23405,39.329016],[-120.234046,39.329027],[-120.23404,39.329038],[-120.234031,39.329048],[-120.23402,39.329056],[-120.234007,39.329063],[-120.233993,39.329068],[-120.233978,39.329071],[-120.233963,39.329072],[-120.233948,39.329071],[-120.233933,39.329068],[-120.233893,39.329044],[-120.233698,39.328935]]]},"properties":{"APN":"018800024000","ADDRESS":"12534 SIERRA DRIVE"}},{"type":"Feature","geometry":{"type":"Polygon","coordinates":[[[-120.210625,39.320601],[-120.210592,39.320604],[-120.210593,39.320615],[-120.210743,39.320605],[-120.210756,39.320604],[-120.210751,39.320564],[-120.210767,39.320563],[-120.210762,39.320516],[-120.21075,39.320517],[-120.210514,39.320531],[-120.210517,39.320564],[-120.210506,39.320565],[-120.21051,39.320598],[-120.210589,39.320593],[-120.210624,39.32059],[-120.210625,39.320601]]]},"properties":{"APN":"018810007000","ADDRESS":"10592 BOULDERS ROAD"}},{"type":"Feature","geometry":{"type":"Polygon","coordinates":[[[-120.210131,39.31929],[-120.210143,39.319296],[-120.21016,39.319273],[-120.210172,39.319279],[-120.210163,39.319292],[-120.210149,39.319311],[-120.210109,39.319366],[-120.210147,39.319383],[-120.210153,39.319375],[-120.210191,39.319392],[-120.21023,39.319337],[-120.210267,39.319286],[-120.210272,39.319288],[-120.210306,39.319241],[-120.210298,39.319238],[-120.210312,39.319218],[-120.21026,39.319195],[-120.210252,39.319207],[-120.210206,39.319186],[-120.210131,39.31929]]]},"properties":{"APN":"018810052000","ADDRESS":"11411 DOLOMITE WAY"}},{"type":"Feature","geometry":{"type":"Polygon","coordinates":[[[-120.210701,39.319644],[-120.21074,39.319657],[-120.210736,39.319665],[-120.210775,39.319677],[-120.210786,39.319658],[-120.210799,39.319633],[-120.210812,39.319637],[-120.210799,39.319661],[-120.210813,39.319665],[-120.210869,39.319557],[-120.210874,39.319548],[-120.210826,39.319533],[-120.210832,39.319522],[-120.210777,39.319504],[-120.210766,39.319525],[-120.210759,39.319522],[-120.210733,39.319571],[-120.210738,39.319572],[-120.210713,39.31962],[-120.210701,39.319644]]]},"properties":{"APN":"018810065000","ADDRESS":"11455 DOLOMITE WAY"}},{"type":"Feature","geometry":{"type":"Polygon","coordinates":[[[-120.211839,39.32133],[-120.211851,39.321336],[-120.211869,39.321315],[-120.211881,39.321321],[-120.21187,39.321334],[-120.211855,39.321352],[-120.21181,39.321402],[-120.211846,39.321421],[-120.211852,39.321414],[-120.211887,39.321432],[-120.211931,39.321382],[-120.211972,39.321335],[-120.211976,39.321337],[-120.212014,39.321294],[-120.212007,39.32129],[-120.212023,39.321272],[-120.211974,39.321246],[-120.211965,39.321257],[-120.211922,39.321234],[-120.211839,39.32133]]]},"properties":{"APN":"018820024000","ADDRESS":"10844 CINNABAR WAY"}},{"type":"Feature","geometry":{"type":"Polygon","coordinates":[[[-120.211575,39.320452],[-120.211575,39.320443],[-120.211523,39.320444],[-120.211523,39.320431],[-120.211462,39.320432],[-120.211463,39.320454],[-120.211453,39.320454],[-120.211454,39.320507],[-120.211463,39.320506],[-120.211466,39.320625],[-120.211508,39.320624],[-120.211508,39.320633],[-120.211551,39.320632],[-120.21155,39.32057],[-120.211549,39.320543],[-120.211563,39.320543],[-120.211564,39.320569],[-120.211578,39.320569],[-120.211575,39.320452]]]},"properties":{"APN":"018820044000","ADDRESS":"10890 CINNABAR WAY"}},{"type":"Feature","geometry":{"type":"Polygon","coordinates":[[[-120.212087,39.320792],[-120.212065,39.320793],[-120.212062,39.320839],[-120.212172,39.320843],[-120.212183,39.320842],[-120.212184,39.320817],[-120.212274,39.320817],[-120.212281,39.320744],[-120.212254,39.320742],[-120.212253,39.320749],[-120.212217,39.320748],[-120.212218,39.32074],[-120.21209,39.320739],[-120.212087,39.320792]]]},"properties":{"APN":"018830006000","ADDRESS":"11592 DOLOMITE WAY"}},{"type":"Feature","geometry":{"type":"Polygon","coordinates":[[[-120.212539,39.320612],[-120.212561,39.320612],[-120.212561,39.320627],[-120.212604,39.320628],[-120.212604,39.320616],[-120.212697,39.320616],[-120.212699,39.320583],[-120.212723,39.320585],[-120.212724,39.32055],[-120.21271,39.32055],[-120.212631,39.320549],[-120.212633,39.320574],[-120.21254,39.320569],[-120.212539,39.320612]]]},"properties":{"APN":"018840008000","ADDRESS":"11567 DOLOMITE WAY"}},{"type":"Feature","geometry":{"type":"Polygon","coordinates":[[[-120.21293,39.320384],[-120.212929,39.320431],[-120.212908,39.320431],[-120.212908,39.320473],[-120.212917,39.320473],[-120.213013,39.320473],[-120.213013,39.320451],[-120.213094,39.320451],[-120.213095,39.32037],[-120.213041,39.32037],[-120.213041,39.320385],[-120.21293,39.320384]]]},"properties":{"APN":"018840026000","ADDRESS":"11651 MCCLINTOCK LOOP"}},{"type":"Feature","geometry":{"type":"Polygon","coordinates":[[[-120.228039,39.322508],[-120.22804,39.322518],[-120.228043,39.322527],[-120.228048,39.322535],[-120.228055,39.322543],[-120.228063,39.32255],[-120.228073,39.322555],[-120.228084,39.322559],[-120.228095,39.322562],[-120.228107,39.322563],[-120.228201,39.322563],[-120.228626,39.322429],[-120.228756,39.322388],[-120.228883,39.322343],[-120.228884,39.322342],[-120.228893,39.322338],[-120.228902,39.322332],[-120.228909,39.322325],[-120.228914,39.322318],[-120.228918,39.32231],[-120.228921,39.322302],[-120.228921,39.322293],[-120.22892,39.322285],[-120.228917,39.322276],[-120.228913,39.322269],[-120.228898,39.322247],[-120.228876,39.32222],[-120.228851,39.322195],[-120.228823,39.322172],[-120.228795,39.322196],[-120.228754,39.32217],[-120.228708,39.322149],[-120.228659,39.322133],[-120.228608,39.322123],[-120.228555,39.32212],[-120.228471,39.322119],[-120.228472,39.322086],[-120.228117,39.322082],[-120.228106,39.322082],[-120.228096,39.322084],[-120.228085,39.322087],[-120.228076,39.322092],[-120.228068,39.322097],[-120.228061,39.322103],[-120.228055,39.32211],[-120.22805,39.322118],[-120.228048,39.322126],[-120.228047,39.322135],[-120.228039,39.322508]]]},"properties":{"APN":"018850018000","ADDRESS":"12848 DEERFIELD DRIVE"}},{"type":"Feature","geometry":{"type":"Polygon","coordinates":[[[-120.227826,39.320473],[-120.228012,39.320584],[-120.228086,39.32051],[-120.2279,39.320398],[-120.227826,39.320473]]]},"properties":{"APN":"018850059000","ADDRESS":"13190 POND VIEW WAY"}},{"type":"Feature","geometry":{"type":"Polygon","coordinates":[[[-120.230508,39.320708],[-120.23029,39.320879],[-120.230363,39.320935],[-120.230367,39.320938],[-120.230372,39.32094],[-120.230377,39.320942],[-120.230382,39.320943],[-120.230388,39.320943],[-120.230393,39.320943],[-120.230398,39.320942],[-120.230403,39.32094],[-120.230408,39.320938],[-120.230412,39.320935],[-120.230606,39.320782],[-120.230508,39.320708]]]},"properties":{"APN":"018860015000","ADDRESS":"13135 LOOKOUT LANE WEST"}},{"type":"Feature","geometry":{"type":"Polygon","coordinates":[[[-120.230823,39.32046],[-120.230605,39.320632],[-120.230703,39.320706],[-120.230872,39.320573],[-120.23088,39.320566],[-120.230886,39.320557],[-120.23089,39.320549],[-120.230892,39.320539],[-120.230892,39.32053],[-120.230889,39.320521],[-120.230885,39.320512],[-120.230879,39.320504],[-120.230871,39.320497],[-120.230823,39.32046]]]},"properties":{"APN":"018860022000","ADDRESS":"13142 POND VIEW WAY WEST"}},{"type":"Feature","geometry":{"type":"Polygon","coordinates":[[[-120.230725,39.320385],[-120.230507,39.320556],[-120.230605,39.320632],[-120.230823,39.32046],[-120.230725,39.320385]]]},"properties":{"APN":"018860023000","ADDRESS":"13134 POND VIEW WAY WEST"}},{"type":"Feature","geometry":{"type":"Polygon","coordinates":[[[-120.228271,39.320059],[-120.228122,39.320206],[-120.228116,39.320213],[-120.228112,39.320221],[-120.228109,39.320229],[-120.228108,39.320237],[-120.228109,39.320246],[-120.228111,39.320254],[-120.228115,39.320262],[-120.22812,39.320269],[-120.228127,39.320276],[-120.228135,39.320281],[-120.228189,39.320314],[-120.228378,39.320123],[-120.228271,39.320059]]]},"properties":{"APN":"018860034000","ADDRESS":"12999 SPLIT ROCK WAY"}},{"type":"Feature","geometry":{"type":"Polygon","coordinates":[[[-120.228736,39.319762],[-120.228845,39.319828],[-120.229034,39.319637],[-120.228925,39.319571],[-120.228736,39.319762]]]},"properties":{"APN":"018860045000","ADDRESS":"13015 LOOKOUT LANE EAST"}},{"type":"Feature","geometry":{"type":"Polygon","coordinates":[[[-120.243922,39.329221],[-120.244099,39.329237],[-120.244216,39.328919],[-120.244046,39.328881],[-120.243922,39.329221]]]},"properties":{"APN":"018372006000","ADDRESS":"13311 SIERRA DRIVE"}},{"type":"Feature","geometry":{"type":"Polygon","coordinates":[[[-120.244216,39.328919],[-120.244386,39.328956],[-120.244483,39.328692],[-120.244313,39.328655],[-120.244216,39.328919]]]},"properties":{"APN":"018372021000","ADDRESS":"13330 MORAINE ROAD"}},{"type":"Feature","geometry":{"type":"Polygon","coordinates":[[[-120.244896,39.329069],[-120.245066,39.329107],[-120.245163,39.328843],[-120.244993,39.328805],[-120.244896,39.329069]]]},"properties":{"APN":"018372025000","ADDRESS":"13370 MORAINE ROAD"}},{"type":"Feature","geometry":{"type":"Polygon","coordinates":[[[-120.244624,39.32931],[-120.244797,39.32934],[-120.244896,39.329069],[-120.244726,39.329031],[-120.244624,39.32931]]]},"properties":{"APN":"018372031000","ADDRESS":"13351 SIERRA DRIVE"}},{"type":"Feature","geometry":{"type":"Polygon","coordinates":[[[-120.243208,39.329162],[-120.243387,39.329174],[-120.243512,39.328834],[-120.243536,39.328768],[-120.243366,39.32873],[-120.243208,39.329162]]]},"properties":{"APN":"018372035000","ADDRESS":"13273 SIERRA DRIVE"}},{"type":"Feature","geometry":{"type":"Polygon","coordinates":[[[-120.245212,39.328711],[-120.245382,39.328748],[-120.245479,39.328484],[-120.245309,39.328447],[-120.245212,39.328711]]]},"properties":{"APN":"018374002000","ADDRESS":"13381 MORAINE ROAD"}},{"type":"Feature","geometry":{"type":"Polygon","coordinates":[[[-120.237142,39.329275],[-120.237142,39.329787],[-120.237319,39.329786],[-120.237319,39.329274],[-120.237142,39.329275]]]},"properties":{"APN":"018382011000","ADDRESS":"12842 PALISADE STREET"}},{"type":"Feature","geometry":{"type":"Polygon","coordinates":[[[-120.204273,39.325379],[-120.20427,39.325626],[-120.204659,39.325629],[-120.204662,39.325382],[-120.204273,39.325379]]]},"properties":{"APN":"018622008000","ADDRESS":"10045 VISTA AVENUE"}},{"type":"Feature","geometry":{"type":"Polygon","coordinates":[[[-120.203814,39.325375],[-120.203812,39.325512],[-120.204201,39.325515],[-120.204203,39.325378],[-120.203814,39.325375]]]},"properties":{"APN":"018622009000","ADDRESS":"10046 SIERRA AVENUE"}},{"type":"Feature","geometry":{"type":"Polygon","coordinates":[[[-120.205355,39.324234],[-120.205351,39.324536],[-120.205615,39.324538],[-120.205705,39.324469],[-120.205708,39.324236],[-120.205355,39.324234]]]},"properties":{"APN":"018625013000","ADDRESS":"11245 TAHOE DRIVE"}},{"type":"Feature","geometry":{"type":"Polygon","coordinates":[[[-120.203823,39.324661],[-120.203821,39.324798],[-120.20421,39.324801],[-120.204212,39.324664],[-120.203823,39.324661]]]},"properties":{"APN":"018626012000","ADDRESS":"10094 SIERRA AVENUE"}},{"type":"Feature","geometry":{"type":"Polygon","coordinates":[[[-120.202055,39.325747],[-120.202103,39.326041],[-120.202532,39.326],[-120.202536,39.325699],[-120.202055,39.325747]]]},"properties":{"APN":"018630009000","ADDRESS":"10021 LAKE AVENUE"}},{"type":"Feature","geometry":{"type":"Polygon","coordinates":[[[-120.202055,39.325747],[-120.202103,39.326041],[-120.202532,39.326],[-120.202536,39.325699],[-120.202055,39.325747]]]},"properties":{"APN":"018630009000","ADDRESS":"11015 DONNER PASS ROAD"}},{"type":"Feature","geometry":{"type":"Polygon","coordinates":[[[-120.202053,39.324789],[-120.202048,39.325135],[-120.202119,39.325128],[-120.202123,39.324874],[-120.202125,39.324681],[-120.202128,39.324489],[-120.20213,39.324297],[-120.202133,39.324105],[-120.202135,39.323936],[-120.202064,39.323949],[-120.202058,39.324374],[-120.202053,39.324789]]]},"properties":{"APN":"018630021000","ADDRESS":"UNKNOWN ADDRESS"}},{"type":"Feature","geometry":{"type":"Polygon","coordinates":[[[-120.203159,39.324038],[-120.203158,39.324107],[-120.203229,39.324107],[-120.203232,39.32386],[-120.203161,39.32386],[-120.203159,39.324038]]]},"properties":{"APN":"018640012000","ADDRESS":"UNKNOWN ADDRESS"}},{"type":"Feature","geometry":{"type":"Polygon","coordinates":[[[-120.204558,39.323706],[-120.204795,39.323708],[-120.204896,39.323708],[-120.204898,39.323513],[-120.204561,39.323462],[-120.204558,39.323706]]]},"properties":{"APN":"018640021000","ADDRESS":"11175 SPRING LANE"}},{"type":"Feature","geometry":{"type":"Polygon","coordinates":[[[-120.215999,39.331869],[-120.2165,39.332016],[-120.217118,39.331991],[-120.217114,39.331936],[-120.216109,39.331641],[-120.215999,39.331869]]]},"properties":{"APN":"018680011000","ADDRESS":"10464 NORTHWOODS BOULEVARD"}},{"type":"Feature","geometry":{"type":"Polygon","coordinates":[[[-120.214972,39.330316],[-120.214971,39.330512],[-120.21543,39.330514],[-120.215433,39.33018],[-120.215356,39.330216],[-120.21517,39.330279],[-120.214972,39.330316]]]},"properties":{"APN":"018680019000","ADDRESS":"11706 BULL PINE TRAIL"}},{"type":"Feature","geometry":{"type":"Polygon","coordinates":[[[-120.214615,39.330148],[-120.214698,39.330156],[-120.214782,39.330159],[-120.214866,39.330157],[-120.214949,39.330149],[-120.215031,39.330137],[-120.215112,39.33012],[-120.215106,39.329846],[-120.214672,39.329843],[-120.214661,39.329879],[-120.214572,39.330073],[-120.214568,39.330081],[-120.214565,39.330091],[-120.214565,39.3301],[-120.214567,39.330109],[-120.214571,39.330118],[-120.214577,39.330126],[-120.214584,39.330133],[-120.214593,39.33014],[-120.214603,39.330144],[-120.214615,39.330148]]]},"properties":{"APN":"018680027000","ADDRESS":"11691 BULL PINE TRAIL"}},{"type":"Feature","geometry":{"type":"Polygon","coordinates":[[[-120.217844,39.322161],[-120.217826,39.32287],[-120.218178,39.322889],[-120.218196,39.32218],[-120.217844,39.322161]]]},"properties":{"APN":"018720011000","ADDRESS":"11870 DEERFIELD DRIVE"}},{"type":"Feature","geometry":{"type":"Polygon","coordinates":[[[-120.213661,39.322146],[-120.213665,39.322555],[-120.214001,39.322554],[-120.213997,39.322145],[-120.213661,39.322146]]]},"properties":{"APN":"018730009000","ADDRESS":"11636 DEERFIELD DRIVE"}},{"type":"Feature","geometry":{"type":"Polygon","coordinates":[[[-120.214031,39.321447],[-120.214031,39.321996],[-120.214385,39.321996],[-120.214384,39.321447],[-120.214128,39.321447],[-120.214031,39.321447]]]},"properties":{"APN":"018730019000","ADDRESS":"11659 DEERFIELD DRIVE"}},{"type":"Feature","geometry":{"type":"Polygon","coordinates":[[[-120.228936,39.322476],[-120.228938,39.322551],[-120.229009,39.322552],[-120.229005,39.322445],[-120.228936,39.322476]]]},"properties":{"APN":"018760016000","ADDRESS":"N/A"}},{"type":"Feature","geometry":{"type":"Polygon","coordinates":[[[-120.210014,39.320241],[-120.210057,39.320244],[-120.210056,39.320253],[-120.2101,39.320255],[-120.210106,39.320192],[-120.210109,39.320165],[-120.210123,39.320166],[-120.210121,39.320192],[-120.210135,39.320192],[-120.210147,39.320074],[-120.210148,39.320064],[-120.210095,39.320061],[-120.210097,39.320048],[-120.210035,39.320044],[-120.210034,39.320054],[-120.210014,39.320241]]]},"properties":{"APN":"018810027000","ADDRESS":"10601 BOULDERS ROAD"}},{"type":"Feature","geometry":{"type":"Polygon","coordinates":[[[-120.209888,39.31968],[-120.209881,39.319688],[-120.209925,39.319709],[-120.209916,39.31972],[-120.209968,39.319745],[-120.209975,39.319737],[-120.209977,39.319738],[-120.210103,39.319582],[-120.210067,39.319564],[-120.210073,39.319556],[-120.210037,39.319539],[-120.209994,39.319591],[-120.209975,39.319614],[-120.209963,39.319608],[-120.209981,39.319586],[-120.209969,39.319581],[-120.209888,39.31968]]]},"properties":{"APN":"018810047000","ADDRESS":"11420 DOLOMITE WAY"}},{"type":"Feature","geometry":{"type":"Polygon","coordinates":[[[-120.210979,39.32059],[-120.21098,39.320612],[-120.210983,39.320674],[-120.211026,39.320672],[-120.211025,39.320664],[-120.211068,39.320662],[-120.211068,39.320653],[-120.211059,39.32047],[-120.211056,39.32047],[-120.210996,39.320472],[-120.210996,39.320484],[-120.210945,39.320486],[-120.210951,39.320602],[-120.210965,39.320601],[-120.210964,39.320576],[-120.210978,39.320576],[-120.210979,39.32059]]]},"properties":{"APN":"018820006000","ADDRESS":"10885 CINNABAR WAY"}},{"type":"Feature","geometry":{"type":"Polygon","coordinates":[[[-120.211266,39.321171],[-120.211261,39.321139],[-120.21125,39.32114],[-120.211245,39.321107],[-120.211168,39.321114],[-120.211095,39.321121],[-120.211095,39.321117],[-120.211028,39.321123],[-120.211029,39.321129],[-120.211001,39.321132],[-120.211008,39.321177],[-120.211024,39.321175],[-120.21103,39.321215],[-120.211177,39.321202],[-120.211175,39.321191],[-120.211143,39.321194],[-120.211141,39.321183],[-120.21116,39.321181],[-120.211188,39.321179],[-120.211266,39.321171]]]},"properties":{"APN":"018820018000","ADDRESS":"10841 CINNABAR WAY"}},{"type":"Feature","geometry":{"type":"Polygon","coordinates":[[[-120.211693,39.320621],[-120.211735,39.320621],[-120.211735,39.320629],[-120.211778,39.320629],[-120.211776,39.320567],[-120.211775,39.32054],[-120.21179,39.32054],[-120.21179,39.320565],[-120.211804,39.320565],[-120.211802,39.320449],[-120.211801,39.320439],[-120.21175,39.32044],[-120.21175,39.320428],[-120.211689,39.320429],[-120.211689,39.320438],[-120.211693,39.320621]]]},"properties":{"APN":"018820038000","ADDRESS":"10890 CINNABAR WAY"}},{"type":"Feature","geometry":{"type":"Polygon","coordinates":[[[-120.211027,39.320041],[-120.211173,39.320066],[-120.211176,39.320055],[-120.211144,39.320049],[-120.211147,39.320038],[-120.211165,39.320042],[-120.211193,39.320046],[-120.21127,39.32006],[-120.21128,39.320027],[-120.211269,39.320025],[-120.211278,39.319993],[-120.211201,39.31998],[-120.211129,39.319968],[-120.21113,39.319963],[-120.211064,39.319952],[-120.211062,39.319959],[-120.211035,39.319954],[-120.211022,39.319999],[-120.211038,39.320001],[-120.211027,39.320041]]]},"properties":{"APN":"018820046000","ADDRESS":"10917 CINNABAR WAY"}},{"type":"Feature","geometry":{"type":"Polygon","coordinates":[[[-120.210994,39.320396],[-120.211062,39.320398],[-120.211062,39.320394],[-120.211128,39.320396],[-120.211214,39.320399],[-120.211216,39.320365],[-120.211227,39.320366],[-120.211229,39.320333],[-120.211149,39.32033],[-120.211114,39.320329],[-120.211115,39.320318],[-120.211148,39.320319],[-120.211148,39.320308],[-120.210999,39.320304],[-120.210986,39.320304],[-120.210984,39.320344],[-120.210968,39.320343],[-120.210966,39.320389],[-120.210995,39.32039],[-120.210994,39.320396]]]},"properties":{"APN":"018820051000","ADDRESS":"10903 CINNABAR WAY"}},{"type":"Feature","geometry":{"type":"Polygon","coordinates":[[[-120.212081,39.320558],[-120.212059,39.320559],[-120.212055,39.320605],[-120.212165,39.320609],[-120.212177,39.320608],[-120.212178,39.320584],[-120.212268,39.320583],[-120.212274,39.32051],[-120.212248,39.320508],[-120.212247,39.320515],[-120.212211,39.320514],[-120.212212,39.320506],[-120.212084,39.320505],[-120.212081,39.320558]]]},"properties":{"APN":"018830010000","ADDRESS":"11574 DOLOMITE WAY"}},{"type":"Feature","geometry":{"type":"Polygon","coordinates":[[[-120.211725,39.319911],[-120.211776,39.319924],[-120.211773,39.31993],[-120.211815,39.31994],[-120.211845,39.319866],[-120.211875,39.319874],[-120.211878,39.319866],[-120.211904,39.319805],[-120.211911,39.319786],[-120.211896,39.319782],[-120.211854,39.319772],[-120.211847,39.31979],[-120.211783,39.319774],[-120.211782,39.319774],[-120.211779,39.319781],[-120.211764,39.319818],[-120.211725,39.319911]]]},"properties":{"APN":"018830031000","ADDRESS":"11527 DOLOMITE WAY"}},{"type":"Feature","geometry":{"type":"Polygon","coordinates":[[[-120.211878,39.319866],[-120.211909,39.319874],[-120.211881,39.319942],[-120.21193,39.319954],[-120.211922,39.319973],[-120.211963,39.319984],[-120.211972,39.319963],[-120.211986,39.31993],[-120.212001,39.319891],[-120.212007,39.319893],[-120.212034,39.319828],[-120.211964,39.31981],[-120.211971,39.319793],[-120.211915,39.319779],[-120.211914,39.31978],[-120.211911,39.319786],[-120.211904,39.319805],[-120.211878,39.319866]]]},"properties":{"APN":"018830036000","ADDRESS":"11527 DOLOMITE WAY"}},{"type":"Feature","geometry":{"type":"Polygon","coordinates":[[[-120.212568,39.321475],[-120.212595,39.32144],[-120.212611,39.321447],[-120.212635,39.321416],[-120.212628,39.321413],[-120.212556,39.321379],[-120.212543,39.321396],[-120.212453,39.321354],[-120.212417,39.321405],[-120.212437,39.321414],[-120.212433,39.321418],[-120.212465,39.321433],[-120.212469,39.321428],[-120.212568,39.321475]]]},"properties":{"APN":"018830042000","ADDRESS":"11609 DOLOMITE WAY"}},{"type":"Feature","geometry":{"type":"Polygon","coordinates":[[[-120.212914,39.321149],[-120.212935,39.321145],[-120.212948,39.321191],[-120.213059,39.321173],[-120.213063,39.321187],[-120.213116,39.321178],[-120.213093,39.321098],[-120.213012,39.321112],[-120.213006,39.32109],[-120.212997,39.321091],[-120.212902,39.321108],[-120.212914,39.321149]]]},"properties":{"APN":"018840017000","ADDRESS":"11679 MCCLINTOCK LOOP"}},{"type":"Feature","geometry":{"type":"Polygon","coordinates":[[[-120.228768,39.321014],[-120.228997,39.32117],[-120.229046,39.321126],[-120.229053,39.321119],[-120.229058,39.321111],[-120.229062,39.321102],[-120.229063,39.321093],[-120.229063,39.321084],[-120.229061,39.321076],[-120.229057,39.321067],[-120.229051,39.32106],[-120.229043,39.321053],[-120.229007,39.321027],[-120.228969,39.321003],[-120.228927,39.320982],[-120.228909,39.320973],[-120.228901,39.320969],[-120.228891,39.320966],[-120.228881,39.320965],[-120.228871,39.320964],[-120.228861,39.320965],[-120.228851,39.320966],[-120.228832,39.320972],[-120.228813,39.32098],[-120.228797,39.32099],[-120.228782,39.321002],[-120.228768,39.321014]]]},"properties":{"APN":"018850005000","ADDRESS":"13011 WINTER CAMP WAY"}},{"type":"Feature","geometry":{"type":"Polygon","coordinates":[[[-120.228284,39.321434],[-120.228519,39.321594],[-120.228599,39.321523],[-120.228383,39.321375],[-120.228335,39.321406],[-120.228284,39.321434]]]},"properties":{"APN":"018850011000","ADDRESS":"12975 WINTER CAMP WAY"}},{"type":"Feature","geometry":{"type":"Polygon","coordinates":[[[-120.227572,39.321415],[-120.22747,39.321571],[-120.227502,39.321587],[-120.227531,39.321606],[-120.227555,39.321629],[-120.227737,39.321545],[-120.227718,39.321519],[-120.227704,39.32149],[-120.227696,39.321461],[-120.227695,39.32143],[-120.227572,39.321415]]]},"properties":{"APN":"018850024000","ADDRESS":"12934 ICE HOUSE LOOP"}},{"type":"Feature","geometry":{"type":"Polygon","coordinates":[[[-120.227134,39.321781],[-120.226927,39.321779],[-120.226925,39.321873],[-120.227132,39.321876],[-120.227134,39.321781]]]},"properties":{"APN":"018850030000","ADDRESS":"12905 ICE HOUSE LOOP"}},{"type":"Feature","geometry":{"type":"Polygon","coordinates":[[[-120.227246,39.32176],[-120.227485,39.321763],[-120.227485,39.321731],[-120.227484,39.321715],[-120.227479,39.3217],[-120.22747,39.321685],[-120.227459,39.321671],[-120.227444,39.32166],[-120.227427,39.32165],[-120.227409,39.321643],[-120.227389,39.321639],[-120.227368,39.321637],[-120.227347,39.321638],[-120.227327,39.321642],[-120.227308,39.321649],[-120.227291,39.321658],[-120.227276,39.321669],[-120.227264,39.321682],[-120.227255,39.321697],[-120.227249,39.321712],[-120.227247,39.321729],[-120.227246,39.32176]]]},"properties":{"APN":"018850036000","ADDRESS":"12922 ICE HOUSE LOOP"}},{"type":"Feature","geometry":{"type":"Polygon","coordinates":[[[-120.228361,39.321147],[-120.228442,39.321075],[-120.228288,39.320918],[-120.228241,39.320948],[-120.22819,39.320974],[-120.228361,39.321147]]]},"properties":{"APN":"018850051000","ADDRESS":"13061 SUMMER CAMP WAY"}},{"type":"Feature","geometry":{"type":"Polygon","coordinates":[[[-120.230312,39.320557],[-120.230094,39.320729],[-120.230192,39.320804],[-120.23041,39.320633],[-120.230312,39.320557]]]},"properties":{"APN":"018860017000","ADDRESS":"13119 LOOKOUT LANE WEST"}},{"type":"Feature","geometry":{"type":"Polygon","coordinates":[[[-120.230431,39.320159],[-120.230213,39.320331],[-120.230311,39.320406],[-120.230529,39.320234],[-120.230431,39.320159]]]},"properties":{"APN":"018860026000","ADDRESS":"13110 POND VIEW WAY WEST"}},{"type":"Feature","geometry":{"type":"Polygon","coordinates":[[[-120.228517,39.32051],[-120.228551,39.32053],[-120.228588,39.320554],[-120.228621,39.32058],[-120.228816,39.320384],[-120.228706,39.320319],[-120.228517,39.32051]]]},"properties":{"APN":"018860030000","ADDRESS":"13031 SPLIT ROCK WAY"}},{"type":"Feature","geometry":{"type":"Polygon","coordinates":[[[-120.228818,39.319507],[-120.228925,39.319571],[-120.229034,39.319637],[-120.229144,39.319702],[-120.229253,39.319767],[-120.229362,39.319833],[-120.229469,39.319897],[-120.229553,39.319812],[-120.229446,39.319748],[-120.229337,39.319682],[-120.229228,39.319617],[-120.229118,39.319552],[-120.229009,39.319486],[-120.228902,39.319422],[-120.228818,39.319507]]]},"properties":{"APN":"018860057000","ADDRESS":"UNKNOWN ADDRESS"}},{"type":"Feature","geometry":{"type":"Polygon","coordinates":[[[-120.228929,39.320652],[-120.228929,39.320667],[-120.228931,39.320681],[-120.228937,39.320695],[-120.228946,39.320709],[-120.228957,39.32072],[-120.228971,39.320731],[-120.228986,39.320739],[-120.229003,39.320745],[-120.229022,39.320749],[-120.229041,39.32075],[-120.229059,39.320749],[-120.229078,39.320745],[-120.229101,39.320737],[-120.229122,39.320727],[-120.229141,39.320714],[-120.23036,39.319754],[-120.230355,39.31973],[-120.230393,39.3197],[-120.230414,39.31968],[-120.230431,39.319657],[-120.230444,39.319633],[-120.23045,39.319608],[-120.230452,39.319582],[-120.230448,39.319556],[-120.230439,39.319531],[-120.230424,39.319507],[-120.230405,39.319486],[-120.230382,39.319468],[-120.230355,39.319452],[-120.230325,39.31944],[-120.230293,39.319432],[-120.23026,39.319429],[-120.230227,39.319429],[-120.230194,39.319434],[-120.230162,39.319443],[-120.230133,39.319455],[-120.230107,39.319471],[-120.230084,39.31949],[-120.230033,39.319542],[-120.230001,39.319542],[-120.228962,39.320589],[-120.22895,39.320604],[-120.22894,39.320619],[-120.228933,39.320635],[-120.228929,39.320652]]]},"properties":{"APN":"018860060000","ADDRESS":"13050 MEADOW CAMP LOOP"}},{"type":"Feature","geometry":{"type":"Polygon","coordinates":[[[-120.23693,39.32889],[-120.23693,39.329165],[-120.237107,39.329165],[-120.237106,39.32889],[-120.23693,39.32889]]]},"properties":{"APN":"018383012000","ADDRESS":"12829 PALISADE STREET"}},{"type":"Feature","geometry":{"type":"Polygon","coordinates":[[[-120.236753,39.328616],[-120.236753,39.32889],[-120.23693,39.32889],[-120.23693,39.328616],[-120.236753,39.328616]]]},"properties":{"APN":"018383026000","ADDRESS":"12820 DULZURA STREET"}},{"type":"Feature","geometry":{"type":"Polygon","coordinates":[[[-120.23799,39.328615],[-120.23799,39.32889],[-120.238167,39.32889],[-120.238167,39.328615],[-120.23799,39.328615]]]},"properties":{"APN":"018383032000","ADDRESS":"12890 DULZURA STREET"}},{"type":"Feature","geometry":{"type":"Polygon","coordinates":[[[-120.238882,39.328598],[-120.239058,39.328644],[-120.239058,39.32837],[-120.238881,39.328323],[-120.238882,39.328598]]]},"properties":{"APN":"018384003000","ADDRESS":"12941 DULZURA STREET"}},{"type":"Feature","geometry":{"type":"Polygon","coordinates":[[[-120.238705,39.328552],[-120.238882,39.328598],[-120.238881,39.328323],[-120.238705,39.328277],[-120.238705,39.328552]]]},"properties":{"APN":"018384004000","ADDRESS":"12931 DULZURA STREET"}},{"type":"Feature","geometry":{"type":"Polygon","coordinates":[[[-120.238705,39.328277],[-120.238881,39.328323],[-120.238881,39.328049],[-120.238704,39.328003],[-120.238705,39.328277]]]},"properties":{"APN":"018384029000","ADDRESS":"12948 SIERRA DRIVE"}},{"type":"Feature","geometry":{"type":"Polygon","coordinates":[[[-120.24187,39.327899],[-120.24204,39.327937],[-120.242234,39.327409],[-120.242064,39.327371],[-120.24187,39.327899]]]},"properties":{"APN":"018390018000","ADDRESS":"13182 DONNER PASS ROAD"}},{"type":"Feature","geometry":{"type":"Polygon","coordinates":[[[-120.242234,39.327909],[-120.242404,39.327946],[-120.242574,39.327484],[-120.242404,39.327447],[-120.242234,39.327909]]]},"properties":{"APN":"018390020000","ADDRESS":"13210 DONNER PASS ROAD"}},{"type":"Feature","geometry":{"type":"Polygon","coordinates":[[[-120.242759,39.327882],[-120.242929,39.32792],[-120.243048,39.327589],[-120.24288,39.327552],[-120.242796,39.327781],[-120.242759,39.327882]]]},"properties":{"APN":"018390030000","ADDRESS":"13236 DONNER PASS ROAD"}},{"type":"Feature","geometry":{"type":"Polygon","coordinates":[[[-120.237338,39.32742],[-120.237489,39.327491],[-120.237652,39.32726],[-120.237503,39.327184],[-120.237338,39.32742]]]},"properties":{"APN":"018400029000","ADDRESS":"12869 SIERRA DRIVE"}},{"type":"Feature","geometry":{"type":"Polygon","coordinates":[[[-120.221563,39.324293],[-120.221581,39.325445],[-120.222793,39.325358],[-120.223342,39.325274],[-120.223339,39.325252],[-120.223245,39.324501],[-120.222321,39.324356],[-120.221563,39.324293]]]},"properties":{"APN":"018500013000","ADDRESS":"12047 DONNER PASS ROAD"}},{"type":"Feature","geometry":{"type":"Polygon","coordinates":[[[-120.220452,39.325839],[-120.220438,39.325934],[-120.22061,39.325935],[-120.220618,39.325847],[-120.220452,39.325839]]]},"properties":{"APN":"018500061000","ADDRESS":"12010 DONNER PASS ROAD"}},{"type":"Feature","geometry":{"type":"Polygon","coordinates":[[[-120.234564,39.329276],[-120.234565,39.329769],[-120.234777,39.329772],[-120.234776,39.329276],[-120.234564,39.329276]]]},"properties":{"APN":"018511010000","ADDRESS":"12694 PALISADE STREET"}},{"type":"Feature","geometry":{"type":"Polygon","coordinates":[[[-120.235201,39.329276],[-120.235201,39.329776],[-120.235413,39.329778],[-120.235413,39.329275],[-120.235201,39.329276]]]},"properties":{"APN":"018511013000","ADDRESS":"12730 PALISADE STREET"}},{"type":"Feature","geometry":{"type":"Polygon","coordinates":[[[-120.233698,39.328549],[-120.233698,39.328769],[-120.234051,39.328768],[-120.234051,39.328549],[-120.233698,39.328549]]]},"properties":{"APN":"018513002000","ADDRESS":"10321 THOMAS DRIVE"}},{"type":"Feature","geometry":{"type":"Polygon","coordinates":[[[-120.234159,39.326624],[-120.234411,39.326687],[-120.234571,39.326304],[-120.234318,39.326241],[-120.234159,39.326624]]]},"properties":{"APN":"018520046000","ADDRESS":"12689 SIERRA DRIVE"}},{"type":"Feature","geometry":{"type":"Polygon","coordinates":[[[-120.231642,39.326074],[-120.231633,39.326441],[-120.231845,39.326444],[-120.231854,39.326077],[-120.231721,39.326075],[-120.231642,39.326074]]]},"properties":{"APN":"018520056000","ADDRESS":"12551 SIERRA DRIVE"}},{"type":"Feature","geometry":{"type":"Polygon","coordinates":[[[-120.232278,39.326083],[-120.23227,39.32645],[-120.232482,39.326453],[-120.23249,39.326086],[-120.232278,39.326083]]]},"properties":{"APN":"018520058000","ADDRESS":"12583 SIERRA DRIVE"}},{"type":"Feature","geometry":{"type":"Polygon","coordinates":[[[-120.232066,39.32608],[-120.232058,39.326447],[-120.23227,39.32645],[-120.232278,39.326083],[-120.232254,39.326083],[-120.232108,39.326081],[-120.232066,39.32608]]]},"properties":{"APN":"018520059000","ADDRESS":"12573 SIERRA DRIVE"}},{"type":"Feature","geometry":{"type":"Polygon","coordinates":[[[-120.230146,39.326562],[-120.230247,39.326911],[-120.230391,39.326912],[-120.230498,39.326565],[-120.230429,39.326555],[-120.230358,39.326549],[-120.230287,39.326549],[-120.230216,39.326553],[-120.230146,39.326562]]]},"properties":{"APN":"018531002000","ADDRESS":"12466 SIERRA DRIVE"}},{"type":"Feature","geometry":{"type":"Polygon","coordinates":[[[-120.228448,39.326028],[-120.22844,39.32634],[-120.228688,39.326317],[-120.228695,39.326032],[-120.22847,39.326029],[-120.228448,39.326028]]]},"properties":{"APN":"018534017000","ADDRESS":"12385 SIERRA DRIVE"}},{"type":"Feature","geometry":{"type":"Polygon","coordinates":[[[-120.230738,39.326427],[-120.230785,39.326429],[-120.230794,39.326062],[-120.230779,39.326062],[-120.230582,39.326059],[-120.230573,39.326409],[-120.230646,39.32642],[-120.230738,39.326427]]]},"properties":{"APN":"018534025000","ADDRESS":"12483 SIERRA DRIVE"}},{"type":"Feature","geometry":{"type":"Polygon","coordinates":[[[-120.22502,39.32668],[-120.225018,39.327023],[-120.22523,39.327024],[-120.225232,39.326681],[-120.22502,39.32668]]]},"properties":{"APN":"018540003000","ADDRESS":"12196 SIERRA DRIVE"}},{"type":"Feature","geometry":{"type":"Polygon","coordinates":[[[-120.224808,39.326679],[-120.224805,39.327022],[-120.225018,39.327023],[-120.22502,39.32668],[-120.224808,39.326679]]]},"properties":{"APN":"018540004000","ADDRESS":"12184 SIERRA DRIVE"}},{"type":"Feature","geometry":{"type":"Polygon","coordinates":[[[-120.224384,39.326677],[-120.224381,39.32702],[-120.224593,39.327021],[-120.224596,39.326678],[-120.224384,39.326677]]]},"properties":{"APN":"018540006000","ADDRESS":"12160 SIERRA DRIVE"}},{"type":"Feature","geometry":{"type":"Polygon","coordinates":[[[-120.223386,39.326673],[-120.223383,39.327016],[-120.223595,39.327017],[-120.223598,39.326674],[-120.223386,39.326673]]]},"properties":{"APN":"018540009000","ADDRESS":"12104 SIERRA DRIVE"}},{"type":"Feature","geometry":{"type":"Polygon","coordinates":[[[-120.224488,39.325775],[-120.224485,39.325953],[-120.224627,39.325954],[-120.22463,39.325776],[-120.224488,39.325775]]]},"properties":{"APN":"018540043000","ADDRESS":"UNKNOWN ADDRESS"}},{"type":"Feature","geometry":{"type":"Polygon","coordinates":[[[-120.229344,39.325299],[-120.229336,39.326041],[-120.229564,39.326044],[-120.229624,39.326045],[-120.229632,39.325332],[-120.229344,39.325299]]]},"properties":{"APN":"018550033000","ADDRESS":"12426 RICHARDS BOULEVARD"}},{"type":"Feature","geometry":{"type":"Polygon","coordinates":[[[-120.229921,39.32537],[-120.229913,39.326049],[-120.230094,39.326052],[-120.230202,39.326054],[-120.230209,39.325414],[-120.229921,39.32537]]]},"properties":{"APN":"018550035000","ADDRESS":"12460 RICHARDS BOULEVARD"}},{"type":"Feature","geometry":{"type":"Polygon","coordinates":[[[-120.21478,39.329122],[-120.214845,39.329143],[-120.214914,39.329158],[-120.214983,39.329167],[-120.215054,39.329171],[-120.215125,39.329169],[-120.215195,39.329162],[-120.215264,39.329149],[-120.215082,39.328975],[-120.214818,39.328831],[-120.2148,39.328869],[-120.21474,39.329033],[-120.214737,39.329047],[-120.214736,39.329061],[-120.214739,39.329075],[-120.214745,39.329089],[-120.214754,39.329102],[-120.214766,39.329113],[-120.21478,39.329122]]]},"properties":{"APN":"018580023000","ADDRESS":"10266 DONNER TRAIL ROAD"}},{"type":"Feature","geometry":{"type":"Polygon","coordinates":[[[-120.214818,39.328831],[-120.215082,39.328975],[-120.215377,39.328789],[-120.215024,39.328596],[-120.214851,39.328786],[-120.21482,39.328828],[-120.214818,39.328831]]]},"properties":{"APN":"018580024000","ADDRESS":"10236 DONNER TRAIL ROAD"}},{"type":"Feature","geometry":{"type":"Polygon","coordinates":[[[-120.211207,39.329109],[-120.211205,39.329383],[-120.211699,39.329386],[-120.211701,39.329125],[-120.211702,39.329111],[-120.211207,39.329109]]]},"properties":{"APN":"018590004000","ADDRESS":"11490 ROCKY LANE"}},{"type":"Feature","geometry":{"type":"Polygon","coordinates":[[[-120.211213,39.328285],[-120.211211,39.32856],[-120.211706,39.328562],[-120.211708,39.328315],[-120.211708,39.328287],[-120.211213,39.328285]]]},"properties":{"APN":"018590025000","ADDRESS":"11486 BROOK LANE"}},{"type":"Feature","geometry":{"type":"Polygon","coordinates":[[[-120.211711,39.327875],[-120.211709,39.32815],[-120.211956,39.328151],[-120.211959,39.327877],[-120.211711,39.327875]]]},"properties":{"APN":"018590043000","ADDRESS":"11521 BROOK LANE"}},{"type":"Feature","geometry":{"type":"Polygon","coordinates":[[[-120.215984,39.327491],[-120.216032,39.327492],[-120.216032,39.327489],[-120.216037,39.327489],[-120.216038,39.327485],[-120.216073,39.327485],[-120.216075,39.327426],[-120.216038,39.327425],[-120.216038,39.327394],[-120.215938,39.327393],[-120.215936,39.327482],[-120.215978,39.327483],[-120.215978,39.327488],[-120.215983,39.327488],[-120.215984,39.327491]]]},"properties":{"APN":"018600040000","ADDRESS":"UNKNOWN ADDRESS"}},{"type":"Feature","geometry":{"type":"Polygon","coordinates":[[[-120.21147,39.327051],[-120.211468,39.327325],[-120.211715,39.327326],[-120.211717,39.327052],[-120.21147,39.327051]]]},"properties":{"APN":"018610022000","ADDRESS":"11499 1/2 GLEN ROAD"}},{"type":"Feature","geometry":{"type":"Polygon","coordinates":[[[-120.21147,39.327051],[-120.211468,39.327325],[-120.211715,39.327326],[-120.211717,39.327052],[-120.21147,39.327051]]]},"properties":{"APN":"018610022000","ADDRESS":"11499 GLEN ROAD"}},{"type":"Feature","geometry":{"type":"Polygon","coordinates":[[[-120.211954,39.326228],[-120.211441,39.326224],[-120.211441,39.326227],[-120.211437,39.326732],[-120.211436,39.326913],[-120.211449,39.326913],[-120.211535,39.326914],[-120.211647,39.326914],[-120.211648,39.326914],[-120.211719,39.326914],[-120.211797,39.326915],[-120.211936,39.326916],[-120.211948,39.326916],[-120.211954,39.326228]]]},"properties":{"APN":"018610023000","ADDRESS":"11500 DONNER PASS ROAD"}},{"type":"Feature","geometry":{"type":"Polygon","coordinates":[[[-120.203819,39.324936],[-120.203818,39.325073],[-120.204206,39.325076],[-120.204208,39.324939],[-120.203819,39.324936]]]},"properties":{"APN":"018626011000","ADDRESS":"10074 SIERRA AVENUE"}},{"type":"Feature","geometry":{"type":"Polygon","coordinates":[[[-120.203229,39.324107],[-120.203221,39.324656],[-120.20361,39.324659],[-120.203617,39.32411],[-120.203229,39.324107]]]},"properties":{"APN":"018627007000","ADDRESS":"10105 SIERRA AVENUE"}},{"type":"Feature","geometry":{"type":"Polygon","coordinates":[[[-120.203229,39.324107],[-120.203221,39.324656],[-120.20361,39.324659],[-120.203617,39.32411],[-120.203229,39.324107]]]},"properties":{"APN":"018627007000","ADDRESS":"10115 SIERRA AVENUE"}},{"type":"Feature","geometry":{"type":"Polygon","coordinates":[[[-120.203229,39.324107],[-120.203221,39.324656],[-120.20361,39.324659],[-120.203617,39.32411],[-120.203229,39.324107]]]},"properties":{"APN":"018627007000","ADDRESS":"10125 SIERRA AVENUE"}},{"type":"Feature","geometry":{"type":"Polygon","coordinates":[[[-120.203229,39.324107],[-120.203221,39.324656],[-120.20361,39.324659],[-120.203617,39.32411],[-120.203229,39.324107]]]},"properties":{"APN":"018627007000","ADDRESS":"10135 SIERRA AVENUE"}},{"type":"Feature","geometry":{"type":"Polygon","coordinates":[[[-120.199316,39.32632],[-120.200157,39.326235],[-120.200036,39.3255],[-120.199194,39.325584],[-120.199316,39.32632]]]},"properties":{"APN":"018630003000","ADDRESS":"10879 DONNER PASS ROAD"}},{"type":"Feature","geometry":{"type":"Polygon","coordinates":[[[-120.200319,39.32406],[-120.200264,39.324086],[-120.200213,39.324117],[-120.200168,39.324153],[-120.20013,39.324194],[-120.200098,39.324237],[-120.200074,39.324284],[-120.200057,39.324333],[-120.200246,39.325479],[-120.200368,39.326214],[-120.20142,39.326109],[-120.201371,39.325815],[-120.201298,39.325376],[-120.201272,39.325212],[-120.201868,39.325153],[-120.201835,39.324954],[-120.201826,39.324902],[-120.201812,39.324813],[-120.201745,39.324405],[-120.201906,39.324389],[-120.202058,39.324374],[-120.202064,39.323949],[-120.202065,39.323898],[-120.201083,39.324071],[-120.201085,39.324031],[-120.200566,39.324015],[-120.200502,39.324017],[-120.200439,39.324025],[-120.200378,39.32404],[-120.200319,39.32406]]]},"properties":{"APN":"018630008000","ADDRESS":"10121 PINE AVENUE"}},{"type":"Feature","geometry":{"type":"Polygon","coordinates":[[[-120.204219,39.324088],[-120.204219,39.324115],[-120.20429,39.324116],[-120.204293,39.323869],[-120.204222,39.323868],[-120.204219,39.324088]]]},"properties":{"APN":"018640008000","ADDRESS":"UNKNOWN ADDRESS"}},{"type":"Feature","geometry":{"type":"Polygon","coordinates":[[[-120.202772,39.323857],[-120.20277,39.324035],[-120.203159,39.324038],[-120.203161,39.32386],[-120.202772,39.323857]]]},"properties":{"APN":"018640013000","ADDRESS":"11076 SPRING LANE"}},{"type":"Feature","geometry":{"type":"Polygon","coordinates":[[[-120.203393,39.323395],[-120.203389,39.323697],[-120.203587,39.323698],[-120.203591,39.323396],[-120.203393,39.323395]]]},"properties":{"APN":"018640016000","ADDRESS":"11107 SPRING LANE"}},{"type":"Feature","geometry":{"type":"Polygon","coordinates":[[[-120.204317,39.323425],[-120.204314,39.323704],[-120.204558,39.323706],[-120.204561,39.323462],[-120.204317,39.323425]]]},"properties":{"APN":"018640019000","ADDRESS":"11151 SPRING LANE"}},{"type":"Feature","geometry":{"type":"Polygon","coordinates":[[[-120.216218,39.331418],[-120.217096,39.331675],[-120.217079,39.331415],[-120.216327,39.331194],[-120.216218,39.331418]]]},"properties":{"APN":"018680009000","ADDRESS":"10426 NORTHWOODS BOULEVARD"}},{"type":"Feature","geometry":{"type":"Polygon","coordinates":[[[-120.215353,39.331759],[-120.2157,39.331861],[-120.215825,39.331604],[-120.215478,39.331502],[-120.215353,39.331759]]]},"properties":{"APN":"018680012000","ADDRESS":"10465 NORTHWOODS BOULEVARD"}},{"type":"Feature","geometry":{"type":"Polygon","coordinates":[[[-120.214709,39.329639],[-120.214672,39.329843],[-120.215106,39.329846],[-120.2151,39.329571],[-120.214711,39.329573],[-120.214709,39.329639]]]},"properties":{"APN":"018680026000","ADDRESS":"10300 DONNER TRAIL ROAD"}},{"type":"Feature","geometry":{"type":"Polygon","coordinates":[[[-120.217107,39.321497],[-120.216959,39.321528],[-120.216813,39.321566],[-120.216743,39.321583],[-120.216746,39.321593],[-120.216908,39.322122],[-120.217256,39.322035],[-120.217107,39.321497]]]},"properties":{"APN":"018720006000","ADDRESS":"11815 DEERFIELD DRIVE"}},{"type":"Feature","geometry":{"type":"Polygon","coordinates":[[[-120.215686,39.322175],[-120.215686,39.322789],[-120.216022,39.322787],[-120.216021,39.322222],[-120.215686,39.322175]]]},"properties":{"APN":"018730003000","ADDRESS":"11750 DEERFIELD DRIVE"}},{"type":"Feature","geometry":{"type":"Polygon","coordinates":[[[-120.216713,39.321591],[-120.216657,39.321595],[-120.216601,39.321593],[-120.216547,39.321584],[-120.216483,39.322136],[-120.216568,39.322144],[-120.216654,39.322146],[-120.21674,39.322143],[-120.216825,39.322135],[-120.216908,39.322122],[-120.216746,39.321593],[-120.216743,39.321583],[-120.216713,39.321591]]]},"properties":{"APN":"018730012000","ADDRESS":"11789 DEERFIELD DRIVE"}},{"type":"Feature","geometry":{"type":"Polygon","coordinates":[[[-120.21091,39.321572],[-120.210914,39.322504],[-120.211305,39.322563],[-120.211563,39.322562],[-120.21156,39.321993],[-120.211469,39.321949],[-120.211382,39.321901],[-120.211178,39.321761],[-120.210977,39.32162],[-120.21091,39.321572]]]},"properties":{"APN":"018750014000","ADDRESS":"11506 DEERFIELD DRIVE"}},{"type":"Feature","geometry":{"type":"Polygon","coordinates":[[[-120.227178,39.322406],[-120.227172,39.32263],[-120.227669,39.322634],[-120.227674,39.32241],[-120.227623,39.32241],[-120.227178,39.322406]]]},"properties":{"APN":"018760020000","ADDRESS":"UNKNOWN ADDRESS"}},{"type":"Feature","geometry":{"type":"Polygon","coordinates":[[[-120.245942,39.327915],[-120.24597,39.327919],[-120.245982,39.327867],[-120.246033,39.327874],[-120.246049,39.327805],[-120.245992,39.327798],[-120.245989,39.327797],[-120.245987,39.327807],[-120.245968,39.327805],[-120.245954,39.327863],[-120.245942,39.327915]]]},"properties":{"APN":"018780008000","ADDRESS":"13389 DONNER PASS ROAD"}},{"type":"Feature","geometry":{"type":"Polygon","coordinates":[[[-120.245225,39.328403],[-120.245274,39.328414],[-120.245302,39.328342],[-120.245288,39.328341],[-120.245306,39.328293],[-120.245268,39.328285],[-120.245225,39.328403]]]},"properties":{"APN":"018780016000","ADDRESS":"13372 DONNER PASS ROAD"}},{"type":"Feature","geometry":{"type":"Polygon","coordinates":[[[-120.212407,39.32905],[-120.212662,39.329086],[-120.212665,39.32867],[-120.212347,39.328651],[-120.212344,39.329036],[-120.212407,39.32905]]]},"properties":{"APN":"018580035000","ADDRESS":"11555 ROCKY LANE"}},{"type":"Feature","geometry":{"type":"Polygon","coordinates":[[[-120.212668,39.328303],[-120.212665,39.32867],[-120.212983,39.32867],[-120.212986,39.328253],[-120.212668,39.328303]]]},"properties":{"APN":"018580037000","ADDRESS":"11580 BROOK LANE"}},{"type":"Feature","geometry":{"type":"Polygon","coordinates":[[[-120.214901,39.327637],[-120.215046,39.327955],[-120.215168,39.327937],[-120.215194,39.327931],[-120.215219,39.327923],[-120.215242,39.327911],[-120.215262,39.327897],[-120.21528,39.327881],[-120.215294,39.327862],[-120.215304,39.327843],[-120.215355,39.327714],[-120.215361,39.327693],[-120.215362,39.327671],[-120.215359,39.32765],[-120.215352,39.327629],[-120.215341,39.327609],[-120.215326,39.32759],[-120.215187,39.327449],[-120.214901,39.327637]]]},"properties":{"APN":"018580044000","ADDRESS":"10155 DONNER TRAIL ROAD"}},{"type":"Feature","geometry":{"type":"Polygon","coordinates":[[[-120.210046,39.32828],[-120.210045,39.328417],[-120.21054,39.328419],[-120.210541,39.328282],[-120.210046,39.32828]]]},"properties":{"APN":"018590028000","ADDRESS":"11436 BROOK LANE"}},{"type":"Feature","geometry":{"type":"Polygon","coordinates":[[[-120.212209,39.327471],[-120.212207,39.32774],[-120.212552,39.327734],[-120.212888,39.327728],[-120.213241,39.327722],[-120.213246,39.327142],[-120.213005,39.327141],[-120.213007,39.326921],[-120.212872,39.32692],[-120.212654,39.326919],[-120.21248,39.326918],[-120.212315,39.326917],[-120.212302,39.326917],[-120.212213,39.326917],[-120.212209,39.327466],[-120.212209,39.327471]]]},"properties":{"APN":"018600007000","ADDRESS":"10051 DONNER TRAIL ROAD"}},{"type":"Feature","geometry":{"type":"Polygon","coordinates":[[[-120.215695,39.327172],[-120.215737,39.327172],[-120.215738,39.327169],[-120.215743,39.327169],[-120.215743,39.327164],[-120.215789,39.327165],[-120.21579,39.327096],[-120.215697,39.327095],[-120.215682,39.327106],[-120.215681,39.327117],[-120.215681,39.327163],[-120.215684,39.327163],[-120.215689,39.327164],[-120.21569,39.327169],[-120.215695,39.327169],[-120.215695,39.327172]]]},"properties":{"APN":"018600019000","ADDRESS":"UNKNOWN ADDRESS"}},{"type":"Feature","geometry":{"type":"Polygon","coordinates":[[[-120.215851,39.32749],[-120.215891,39.32749],[-120.215891,39.327487],[-120.215896,39.327487],[-120.215897,39.327482],[-120.215936,39.327482],[-120.215938,39.327393],[-120.215849,39.327391],[-120.215848,39.327423],[-120.215814,39.327423],[-120.215813,39.327481],[-120.215846,39.327481],[-120.215846,39.327487],[-120.215851,39.327487],[-120.215851,39.32749]]]},"properties":{"APN":"018600039000","ADDRESS":"UNKNOWN ADDRESS"}},{"type":"Feature","geometry":{"type":"Polygon","coordinates":[[[-120.215749,39.327368],[-120.215835,39.327369],[-120.215838,39.327369],[-120.215839,39.327323],[-120.21584,39.327286],[-120.215751,39.327285],[-120.21575,39.32732],[-120.215743,39.32732],[-120.215743,39.327325],[-120.215739,39.327325],[-120.215738,39.327357],[-120.215742,39.327358],[-120.215742,39.327361],[-120.215748,39.327361],[-120.215749,39.327368]]]},"properties":{"APN":"018600043000","ADDRESS":"UNKNOWN ADDRESS"}},{"type":"Feature","geometry":{"type":"Polygon","coordinates":[[[-120.203816,39.325238],[-120.203814,39.325375],[-120.204203,39.325378],[-120.204204,39.325241],[-120.203816,39.325238]]]},"properties":{"APN":"018622010000","ADDRESS":"10056 SIERRA AVENUE"}},{"type":"Feature","geometry":{"type":"Polygon","coordinates":[[[-120.206492,39.324253],[-120.206832,39.324329],[-120.206889,39.324128],[-120.20654,39.324086],[-120.206492,39.324253]]]},"properties":{"APN":"018624006000","ADDRESS":"11304 TAHOE DRIVE"}},{"type":"Feature","geometry":{"type":"Polygon","coordinates":[[[-120.204284,39.324527],[-120.204283,39.324665],[-120.204671,39.324668],[-120.204673,39.324531],[-120.204284,39.324527]]]},"properties":{"APN":"018626009000","ADDRESS":"10105 VISTA AVENUE"}},{"type":"Feature","geometry":{"type":"Polygon","coordinates":[[[-120.202765,39.324447],[-120.202762,39.324653],[-120.203151,39.324656],[-120.203153,39.32445],[-120.202765,39.324447]]]},"properties":{"APN":"018627004000","ADDRESS":"10106 LAKE AVENUE"}},{"type":"Feature","geometry":{"type":"Polygon","coordinates":[[[-120.201581,39.325794],[-120.20163,39.326089],[-120.201809,39.326071],[-120.20176,39.325777],[-120.201581,39.325794]]]},"properties":{"APN":"018630011000","ADDRESS":"10024 PINE AVENUE"}},{"type":"Feature","geometry":{"type":"Polygon","coordinates":[[[-120.202098,39.325373],[-120.202114,39.32547],[-120.202233,39.325458],[-120.202217,39.325361],[-120.202098,39.325373]]]},"properties":{"APN":"018630016000","ADDRESS":"10053 LAKE AVENUE"}},{"type":"Feature","geometry":{"type":"Polygon","coordinates":[[[-120.205536,39.323878],[-120.205532,39.32418],[-120.205709,39.324181],[-120.205713,39.323879],[-120.205536,39.323878]]]},"properties":{"APN":"018640004000","ADDRESS":"11214 SPRING LANE"}},{"type":"Feature","geometry":{"type":"Polygon","coordinates":[[[-120.203832,39.323988],[-120.203829,39.324181],[-120.204218,39.324184],[-120.204219,39.324115],[-120.204219,39.324088],[-120.204078,39.324086],[-120.203973,39.32399],[-120.203832,39.323988]]]},"properties":{"APN":"018640010000","ADDRESS":"10136 SIERRA AVENUE"}},{"type":"Feature","geometry":{"type":"Polygon","coordinates":[[[-120.200013,39.324065],[-120.200017,39.324091],[-120.200059,39.324049],[-120.200107,39.324012],[-120.200161,39.32398],[-120.200219,39.323953],[-120.200281,39.323932],[-120.200345,39.323916],[-120.200412,39.323907],[-120.200479,39.323904],[-120.200547,39.323907],[-120.20106,39.323932],[-120.201056,39.323908],[-120.200998,39.323553],[-120.199971,39.323812],[-120.200013,39.324065]]]},"properties":{"APN":"018650004000","ADDRESS":"10939 SPRING LANE"}},{"type":"Feature","geometry":{"type":"Polygon","coordinates":[[[-120.201367,39.323506],[-120.201423,39.323843],[-120.201657,39.323801],[-120.201604,39.323479],[-120.201367,39.323506]]]},"properties":{"APN":"018650012000","ADDRESS":"10999 SPRING LANE"}},{"type":"Feature","geometry":{"type":"Polygon","coordinates":[[[-120.216161,39.332863],[-120.216166,39.33318],[-120.216291,39.333178],[-120.216531,39.333176],[-120.216525,39.332816],[-120.216386,39.332848],[-120.216246,39.332861],[-120.216161,39.332863]]]},"properties":{"APN":"018670010000","ADDRESS":"11748 CEDAR TRAIL"}},{"type":"Feature","geometry":{"type":"Polygon","coordinates":[[[-120.214109,39.332908],[-120.21412,39.333491],[-120.214474,39.333487],[-120.214463,39.3329],[-120.214109,39.332908]]]},"properties":{"APN":"018670014000","ADDRESS":"11642 WHITE FIR TRAIL"}},{"type":"Feature","geometry":{"type":"Polygon","coordinates":[[[-120.213525,39.332659],[-120.213581,39.332687],[-120.213639,39.33271],[-120.213701,39.332728],[-120.213765,39.33274],[-120.213831,39.332747],[-120.213897,39.332748],[-120.213985,39.332279],[-120.213844,39.332283],[-120.213525,39.332659]]]},"properties":{"APN":"018670017000","ADDRESS":"11619 WHITE FIR TRAIL"}},{"type":"Feature","geometry":{"type":"Polygon","coordinates":[[[-120.216327,39.331194],[-120.217079,39.331415],[-120.217061,39.331154],[-120.216435,39.330971],[-120.216327,39.331194]]]},"properties":{"APN":"018680008000","ADDRESS":"10406 NORTHWOODS BOULEVARD"}},{"type":"Feature","geometry":{"type":"Polygon","coordinates":[[[-120.21595,39.331347],[-120.216016,39.331366],[-120.216141,39.33111],[-120.216075,39.33109],[-120.215612,39.330954],[-120.215553,39.331231],[-120.21595,39.331347]]]},"properties":{"APN":"018680014000","ADDRESS":"10421 NORTHWOODS BOULEVARD"}},{"type":"Feature","geometry":{"type":"Polygon","coordinates":[[[-120.216452,39.330214],[-120.216464,39.330215],[-120.216476,39.330215],[-120.216488,39.330213],[-120.216499,39.330209],[-120.216509,39.330204],[-120.216518,39.330198],[-120.216562,39.330135],[-120.216604,39.330072],[-120.216954,39.329564],[-120.216895,39.329565],[-120.216875,39.329565],[-120.216673,39.329565],[-120.216602,39.329566],[-120.216611,39.329815],[-120.216314,39.33011],[-120.216409,39.330192],[-120.216416,39.330198],[-120.216424,39.330204],[-120.216432,39.330208],[-120.216442,39.330212],[-120.216452,39.330214]]]},"properties":{"APN":"018680020000","ADDRESS":"11783 BULL PINE TRAIL"}},{"type":"Feature","geometry":{"type":"Polygon","coordinates":[[[-120.217492,39.322848],[-120.217826,39.32287],[-120.217844,39.322161],[-120.217756,39.322156],[-120.217611,39.322153],[-120.217508,39.322157],[-120.217492,39.322848]]]},"properties":{"APN":"018720003000","ADDRESS":"11848 DEERFIELD DRIVE"}},{"type":"Feature","geometry":{"type":"Polygon","coordinates":[[[-120.21535,39.322145],[-120.21535,39.322791],[-120.215686,39.322789],[-120.215686,39.322175],[-120.215619,39.322166],[-120.21535,39.322145]]]},"properties":{"APN":"018730004000","ADDRESS":"11726 DEERFIELD DRIVE"}},{"type":"Feature","geometry":{"type":"Polygon","coordinates":[[[-120.207956,39.318694],[-120.207953,39.319259],[-120.20802,39.319259],[-120.208021,39.319181],[-120.208942,39.319182],[-120.208942,39.318895],[-120.209059,39.318895],[-120.20906,39.318694],[-120.209578,39.318694],[-120.209469,39.318639],[-120.209436,39.318623],[-120.207616,39.318622],[-120.207616,39.318694],[-120.207956,39.318694]]]},"properties":{"APN":"018740019000","ADDRESS":"11359 DEERFIELD DRIVE"}},{"type":"Feature","geometry":{"type":"Polygon","coordinates":[[[-120.207956,39.318694],[-120.207953,39.319259],[-120.20802,39.319259],[-120.208021,39.319181],[-120.208942,39.319182],[-120.208942,39.318895],[-120.209059,39.318895],[-120.20906,39.318694],[-120.209578,39.318694],[-120.209469,39.318639],[-120.209436,39.318623],[-120.207616,39.318622],[-120.207616,39.318694],[-120.207956,39.318694]]]},"properties":{"APN":"018740019000","ADDRESS":"11363 DEERFIELD DRIVE"}},{"type":"Feature","geometry":{"type":"Polygon","coordinates":[[[-120.207956,39.318694],[-120.207953,39.319259],[-120.20802,39.319259],[-120.208021,39.319181],[-120.208942,39.319182],[-120.208942,39.318895],[-120.209059,39.318895],[-120.20906,39.318694],[-120.209578,39.318694],[-120.209469,39.318639],[-120.209436,39.318623],[-120.207616,39.318622],[-120.207616,39.318694],[-120.207956,39.318694]]]},"properties":{"APN":"018740019000","ADDRESS":"11367 DEERFIELD DRIVE"}},{"type":"Feature","geometry":{"type":"Polygon","coordinates":[[[-120.207956,39.318694],[-120.207953,39.319259],[-120.20802,39.319259],[-120.208021,39.319181],[-120.208942,39.319182],[-120.208942,39.318895],[-120.209059,39.318895],[-120.20906,39.318694],[-120.209578,39.318694],[-120.209469,39.318639],[-120.209436,39.318623],[-120.207616,39.318622],[-120.207616,39.318694],[-120.207956,39.318694]]]},"properties":{"APN":"018740019000","ADDRESS":"11371 DEERFIELD DRIVE"}},{"type":"Feature","geometry":{"type":"Polygon","coordinates":[[[-120.207956,39.318694],[-120.207953,39.319259],[-120.20802,39.319259],[-120.208021,39.319181],[-120.208942,39.319182],[-120.208942,39.318895],[-120.209059,39.318895],[-120.20906,39.318694],[-120.209578,39.318694],[-120.209469,39.318639],[-120.209436,39.318623],[-120.207616,39.318622],[-120.207616,39.318694],[-120.207956,39.318694]]]},"properties":{"APN":"018740019000","ADDRESS":"11373 DEERFIELD DRIVE"}},{"type":"Feature","geometry":{"type":"Polygon","coordinates":[[[-120.207956,39.318694],[-120.207953,39.319259],[-120.20802,39.319259],[-120.208021,39.319181],[-120.208942,39.319182],[-120.208942,39.318895],[-120.209059,39.318895],[-120.20906,39.318694],[-120.209578,39.318694],[-120.209469,39.318639],[-120.209436,39.318623],[-120.207616,39.318622],[-120.207616,39.318694],[-120.207956,39.318694]]]},"properties":{"APN":"018740019000","ADDRESS":"11375 DEERFIELD DRIVE"}},{"type":"Feature","geometry":{"type":"Polygon","coordinates":[[[-120.207956,39.318694],[-120.207953,39.319259],[-120.20802,39.319259],[-120.208021,39.319181],[-120.208942,39.319182],[-120.208942,39.318895],[-120.209059,39.318895],[-120.20906,39.318694],[-120.209578,39.318694],[-120.209469,39.318639],[-120.209436,39.318623],[-120.207616,39.318622],[-120.207616,39.318694],[-120.207956,39.318694]]]},"properties":{"APN":"018740019000","ADDRESS":"11377 DEERFIELD DRIVE"}},{"type":"Feature","geometry":{"type":"Polygon","coordinates":[[[-120.207956,39.318694],[-120.207953,39.319259],[-120.20802,39.319259],[-120.208021,39.319181],[-120.208942,39.319182],[-120.208942,39.318895],[-120.209059,39.318895],[-120.20906,39.318694],[-120.209578,39.318694],[-120.209469,39.318639],[-120.209436,39.318623],[-120.207616,39.318622],[-120.207616,39.318694],[-120.207956,39.318694]]]},"properties":{"APN":"018740019000","ADDRESS":"11379 DEERFIELD DRIVE"}},{"type":"Feature","geometry":{"type":"Polygon","coordinates":[[[-120.207956,39.318694],[-120.207953,39.319259],[-120.20802,39.319259],[-120.208021,39.319181],[-120.208942,39.319182],[-120.208942,39.318895],[-120.209059,39.318895],[-120.20906,39.318694],[-120.209578,39.318694],[-120.209469,39.318639],[-120.209436,39.318623],[-120.207616,39.318622],[-120.207616,39.318694],[-120.207956,39.318694]]]},"properties":{"APN":"018740019000","ADDRESS":"11383 DEERFIELD DRIVE"}},{"type":"Feature","geometry":{"type":"Polygon","coordinates":[[[-120.207956,39.318694],[-120.207953,39.319259],[-120.20802,39.319259],[-120.208021,39.319181],[-120.208942,39.319182],[-120.208942,39.318895],[-120.209059,39.318895],[-120.20906,39.318694],[-120.209578,39.318694],[-120.209469,39.318639],[-120.209436,39.318623],[-120.207616,39.318622],[-120.207616,39.318694],[-120.207956,39.318694]]]},"properties":{"APN":"018740019000","ADDRESS":"11387 DEERFIELD DRIVE"}},{"type":"Feature","geometry":{"type":"Polygon","coordinates":[[[-120.207956,39.318694],[-120.207953,39.319259],[-120.20802,39.319259],[-120.208021,39.319181],[-120.208942,39.319182],[-120.208942,39.318895],[-120.209059,39.318895],[-120.20906,39.318694],[-120.209578,39.318694],[-120.209469,39.318639],[-120.209436,39.318623],[-120.207616,39.318622],[-120.207616,39.318694],[-120.207956,39.318694]]]},"properties":{"APN":"018740019000","ADDRESS":"11391 DEERFIELD DRIVE"}},{"type":"Feature","geometry":{"type":"Polygon","coordinates":[[[-120.209236,39.321303],[-120.209229,39.321924],[-120.20992,39.321037],[-120.209477,39.320811],[-120.209151,39.32123],[-120.209236,39.321303]]]},"properties":{"APN":"018750018000","ADDRESS":"11382 DEERFIELD DRIVE"}},{"type":"Feature","geometry":{"type":"Polygon","coordinates":[[[-120.224559,39.322387],[-120.22455,39.322747],[-120.224904,39.322746],[-120.225052,39.322614],[-120.225372,39.32239],[-120.224559,39.322387]]]},"properties":{"APN":"018760010000","ADDRESS":"12225 DEERFIELD DRIVE"}},{"type":"Feature","geometry":{"type":"Polygon","coordinates":[[[-120.216952,39.329481],[-120.216954,39.329564],[-120.217015,39.329474],[-120.217228,39.329096],[-120.217742,39.327953],[-120.217923,39.327619],[-120.217995,39.327508],[-120.218212,39.327081],[-120.21833,39.326631],[-120.218353,39.326347],[-120.217462,39.32636],[-120.217452,39.325957],[-120.2172,39.325976],[-120.217263,39.326251],[-120.216722,39.326339],[-120.216718,39.326938],[-120.216888,39.326939],[-120.216894,39.327178],[-120.216904,39.327575],[-120.216913,39.327918],[-120.216919,39.328165],[-120.216924,39.328385],[-120.21693,39.328604],[-120.21694,39.329016],[-120.21694,39.329017],[-120.216944,39.329171],[-120.216952,39.329481]]]},"properties":{"APN":"018800009000","ADDRESS":"11798 DONNER PASS ROAD"}},{"type":"Feature","geometry":{"type":"Polygon","coordinates":[[[-120.210574,39.320438],[-120.210575,39.320449],[-120.210608,39.320447],[-120.210609,39.320458],[-120.21059,39.320459],[-120.210562,39.320461],[-120.210482,39.320467],[-120.210486,39.3205],[-120.210497,39.320499],[-120.210501,39.320532],[-120.210514,39.320531],[-120.21075,39.320517],[-120.210749,39.320514],[-120.210744,39.320467],[-120.210728,39.320468],[-120.210724,39.320428],[-120.210574,39.320438]]]},"properties":{"APN":"018810010000","ADDRESS":"10592 BOULDERS ROAD"}},{"type":"Feature","geometry":{"type":"Polygon","coordinates":[[[-120.209898,39.320638],[-120.209897,39.320648],[-120.209949,39.320649],[-120.209949,39.320662],[-120.210009,39.320663],[-120.21001,39.320654],[-120.210019,39.32047],[-120.209977,39.320468],[-120.209977,39.32046],[-120.209934,39.320459],[-120.209931,39.32052],[-120.20993,39.320548],[-120.209916,39.320547],[-120.209917,39.320522],[-120.209903,39.320521],[-120.209898,39.320638]]]},"properties":{"APN":"018810015000","ADDRESS":"10583 BOULDERS ROAD"}},{"type":"Feature","geometry":{"type":"Polygon","coordinates":[[[-120.209925,39.320255],[-120.209969,39.320257],[-120.20997,39.320248],[-120.210013,39.320251],[-120.210014,39.320241],[-120.210034,39.320054],[-120.210031,39.320054],[-120.209969,39.32005],[-120.209968,39.320063],[-120.209915,39.32006],[-120.209904,39.320179],[-120.209918,39.320179],[-120.209921,39.320153],[-120.209935,39.320154],[-120.209934,39.320169],[-120.209931,39.320192],[-120.209925,39.320255]]]},"properties":{"APN":"018810022000","ADDRESS":"10601 BOULDERS ROAD"}},{"type":"Feature","geometry":{"type":"Polygon","coordinates":[[[-120.210816,39.320183],[-120.210827,39.320187],[-120.210844,39.320149],[-120.210859,39.320153],[-120.210879,39.320108],[-120.210868,39.320105],[-120.210644,39.320044],[-120.210631,39.320075],[-120.21062,39.320072],[-120.210606,39.320103],[-120.210681,39.320124],[-120.210714,39.320133],[-120.210709,39.320143],[-120.210678,39.320135],[-120.210674,39.320145],[-120.210816,39.320183]]]},"properties":{"APN":"018810031000","ADDRESS":"10620 BOULDERS ROAD"}},{"type":"Feature","geometry":{"type":"Polygon","coordinates":[[[-120.210954,39.319941],[-120.210927,39.319933],[-120.21093,39.319927],[-120.210866,39.319909],[-120.210864,39.319915],[-120.210719,39.319876],[-120.210705,39.319908],[-120.210695,39.319905],[-120.210681,39.319936],[-120.210756,39.319957],[-120.210789,39.319966],[-120.210784,39.319976],[-120.210753,39.319968],[-120.210748,39.319978],[-120.21089,39.320016],[-120.210902,39.32002],[-120.210919,39.319982],[-120.210934,39.319986],[-120.210954,39.319941]]]},"properties":{"APN":"018810033000","ADDRESS":"10620 BOULDERS ROAD"}},{"type":"Feature","geometry":{"type":"Polygon","coordinates":[[[-120.210674,39.320145],[-120.210669,39.320156],[-120.2107,39.320164],[-120.210695,39.320174],[-120.210677,39.32017],[-120.210651,39.320162],[-120.210575,39.320142],[-120.210561,39.320173],[-120.210572,39.320176],[-120.210558,39.320208],[-120.210632,39.320228],[-120.210702,39.320247],[-120.210701,39.320251],[-120.210765,39.320268],[-120.210767,39.320262],[-120.210794,39.320269],[-120.210814,39.320225],[-120.210799,39.320221],[-120.210816,39.320183],[-120.210674,39.320145]]]},"properties":{"APN":"018810036000","ADDRESS":"10620 BOULDERS ROAD"}},{"type":"Feature","geometry":{"type":"Polygon","coordinates":[[[-120.210276,39.319418],[-120.21027,39.319425],[-120.210305,39.319444],[-120.210322,39.319424],[-120.210342,39.319401],[-120.210354,39.319408],[-120.210335,39.319429],[-120.210347,39.319435],[-120.210432,39.319339],[-120.210439,39.319331],[-120.210396,39.319308],[-120.210405,39.319298],[-120.210355,39.319271],[-120.210339,39.319289],[-120.210331,39.319285],[-120.210292,39.319328],[-120.210299,39.319332],[-120.210262,39.319375],[-120.21024,39.319399],[-120.210276,39.319418]]]},"properties":{"APN":"018810057000","ADDRESS":"11429 DOLOMITE WAY"}},{"type":"Feature","geometry":{"type":"Polygon","coordinates":[[[-120.211206,39.320583],[-120.211207,39.320605],[-120.21121,39.320667],[-120.211253,39.320665],[-120.211252,39.320656],[-120.211295,39.320655],[-120.211291,39.320594],[-120.211288,39.320537],[-120.211294,39.320537],[-120.211291,39.320484],[-120.211283,39.320485],[-120.211282,39.320463],[-120.211222,39.320464],[-120.211223,39.320477],[-120.211172,39.320479],[-120.211178,39.320595],[-120.211192,39.320594],[-120.211191,39.320569],[-120.211205,39.320568],[-120.211206,39.320583]]]},"properties":{"APN":"018820004000","ADDRESS":"10885 CINNABAR WAY"}},{"type":"Feature","geometry":{"type":"Polygon","coordinates":[[[-120.21152,39.321228],[-120.211555,39.321246],[-120.211549,39.321253],[-120.211584,39.321272],[-120.211628,39.321221],[-120.211647,39.321199],[-120.211659,39.321205],[-120.211641,39.321226],[-120.211653,39.321232],[-120.211736,39.321136],[-120.211743,39.321128],[-120.2117,39.321106],[-120.211709,39.321096],[-120.211659,39.32107],[-120.211643,39.321088],[-120.211635,39.321084],[-120.211598,39.321127],[-120.211605,39.32113],[-120.21152,39.321228]]]},"properties":{"APN":"018820021000","ADDRESS":"10844 CINNABAR WAY"}},{"type":"Feature","geometry":{"type":"Polygon","coordinates":[[[-120.211606,39.320557],[-120.211607,39.320579],[-120.211608,39.320641],[-120.211651,39.32064],[-120.21165,39.320631],[-120.211693,39.320631],[-120.211693,39.320621],[-120.211689,39.320438],[-120.211686,39.320438],[-120.211626,39.320439],[-120.211626,39.320452],[-120.211575,39.320452],[-120.211578,39.320569],[-120.211592,39.320568],[-120.211591,39.320543],[-120.211606,39.320543],[-120.211606,39.320557]]]},"properties":{"APN":"018820043000","ADDRESS":"10890 CINNABAR WAY"}},{"type":"Feature","geometry":{"type":"Polygon","coordinates":[[[-120.211641,39.320316],[-120.211644,39.320316],[-120.211701,39.320332],[-120.211706,39.32032],[-120.211754,39.320334],[-120.211805,39.320225],[-120.211791,39.320221],[-120.21178,39.320245],[-120.211767,39.320241],[-120.211773,39.320227],[-120.211783,39.320207],[-120.211809,39.320149],[-120.211769,39.320138],[-120.211765,39.320146],[-120.211725,39.320135],[-120.211721,39.320144],[-120.211641,39.320316]]]},"properties":{"APN":"018820054000","ADDRESS":"11530 DOLOMITE WAY"}},{"type":"Feature","geometry":{"type":"Polygon","coordinates":[[[-120.211596,39.32009],[-120.211556,39.320079],[-120.211552,39.320087],[-120.211512,39.320076],[-120.211486,39.320133],[-120.211461,39.320187],[-120.211456,39.320186],[-120.211433,39.320235],[-120.211441,39.320237],[-120.211432,39.320258],[-120.211487,39.320273],[-120.211493,39.320262],[-120.211541,39.320275],[-120.211591,39.320166],[-120.211578,39.320162],[-120.211567,39.320186],[-120.211554,39.320182],[-120.21156,39.320168],[-120.211569,39.320148],[-120.211596,39.32009]]]},"properties":{"APN":"018820056000","ADDRESS":"11530 DOLOMITE WAY"}},{"type":"Feature","geometry":{"type":"Polygon","coordinates":[[[-120.212249,39.321458],[-120.212306,39.321511],[-120.21228,39.321527],[-120.212347,39.321589],[-120.212358,39.321596],[-120.212401,39.32157],[-120.212387,39.321553],[-120.212434,39.321523],[-120.212359,39.321443],[-120.212352,39.321447],[-120.212329,39.321427],[-120.212334,39.321421],[-120.212319,39.321411],[-120.212249,39.321458]]]},"properties":{"APN":"018830017000","ADDRESS":"11623 DOLOMITE WAY"}},{"type":"Feature","geometry":{"type":"Polygon","coordinates":[[[-120.211134,39.319709],[-120.211147,39.319713],[-120.211158,39.319689],[-120.211172,39.319692],[-120.211165,39.319706],[-120.211156,39.319727],[-120.211129,39.319785],[-120.211169,39.319796],[-120.211173,39.319788],[-120.211213,39.319799],[-120.211217,39.31979],[-120.211298,39.319618],[-120.211296,39.319617],[-120.211239,39.319601],[-120.211233,39.319613],[-120.211184,39.319599],[-120.211134,39.319709]]]},"properties":{"APN":"018830022000","ADDRESS":"11491 DOLOMITE WAY"}},{"type":"Feature","geometry":{"type":"Polygon","coordinates":[[[-120.212622,39.320507],[-120.212619,39.320546],[-120.212631,39.320549],[-120.21271,39.32055],[-120.212711,39.320501],[-120.212688,39.3205],[-120.212689,39.320467],[-120.212624,39.320465],[-120.212624,39.320454],[-120.212594,39.320452],[-120.212591,39.320465],[-120.212553,39.320465],[-120.212552,39.320507],[-120.212622,39.320507]]]},"properties":{"APN":"018840005000","ADDRESS":"11567 DOLOMITE WAY"}},{"type":"Feature","geometry":{"type":"Polygon","coordinates":[[[-120.213453,39.320399],[-120.213453,39.320431],[-120.213577,39.320431],[-120.213576,39.320386],[-120.213555,39.320386],[-120.213555,39.320332],[-120.213414,39.320333],[-120.213414,39.320399],[-120.213453,39.320399]]]},"properties":{"APN":"018840036000","ADDRESS":"11640 MCCLINTOCK LOOP"}},{"type":"Feature","geometry":{"type":"Polygon","coordinates":[[[-120.227793,39.322365],[-120.227793,39.322339],[-120.22777,39.322306],[-120.227774,39.322106],[-120.227773,39.322101],[-120.227772,39.322097],[-120.227769,39.322093],[-120.227766,39.322089],[-120.227762,39.322085],[-120.227757,39.322083],[-120.227751,39.322081],[-120.227746,39.322079],[-120.22774,39.322079],[-120.227313,39.322068],[-120.227309,39.32225],[-120.227271,39.322249],[-120.227269,39.322327],[-120.227267,39.322348],[-120.227504,39.322353],[-120.227504,39.32236],[-120.227793,39.322365]]]},"properties":{"APN":"018850019000","ADDRESS":"12833 DEERFIELD DRIVE"}},{"type":"Feature","geometry":{"type":"Polygon","coordinates":[[[-120.227592,39.320751],[-120.227553,39.320798],[-120.227547,39.320808],[-120.227542,39.320819],[-120.22754,39.32083],[-120.227541,39.320842],[-120.227544,39.320853],[-120.227549,39.320863],[-120.227556,39.320873],[-120.227565,39.320882],[-120.227587,39.320901],[-120.227776,39.320824],[-120.227742,39.320783],[-120.227702,39.320744],[-120.227694,39.320738],[-120.227684,39.320733],[-120.227674,39.320729],[-120.227662,39.320727],[-120.227651,39.320726],[-120.227639,39.320727],[-120.227628,39.320729],[-120.227617,39.320733],[-120.227607,39.320738],[-120.227599,39.320744],[-120.227592,39.320751]]]},"properties":{"APN":"018850062000","ADDRESS":"13222 COLD CREEK CIRCLE"}},{"type":"Feature","geometry":{"type":"Polygon","coordinates":[[[-120.227091,39.321063],[-120.227305,39.321065],[-120.227303,39.321018],[-120.227307,39.320972],[-120.227093,39.320969],[-120.227091,39.321063]]]},"properties":{"APN":"018850071000","ADDRESS":"13287 COLD CREEK CIRCLE"}},{"type":"Feature","geometry":{"type":"Polygon","coordinates":[[[-120.227862,39.321065],[-120.227642,39.321067],[-120.227633,39.321089],[-120.227618,39.321109],[-120.2276,39.321128],[-120.22765,39.321163],[-120.227844,39.321164],[-120.227848,39.321155],[-120.227851,39.321145],[-120.227852,39.321136],[-120.227852,39.321098],[-120.227862,39.321065]]]},"properties":{"APN":"018850077000","ADDRESS":"13240 COLD CREEK CIRCLE"}},{"type":"Feature","geometry":{"type":"Polygon","coordinates":[[[-120.229976,39.321127],[-120.230194,39.320956],[-120.230096,39.32088],[-120.229878,39.321052],[-120.229976,39.321127]]]},"properties":{"APN":"018860009000","ADDRESS":"13112 LOOKOUT LANE WEST"}},{"type":"Feature","geometry":{"type":"Polygon","coordinates":[[[-120.230018,39.320332],[-120.2298,39.320503],[-120.229898,39.320578],[-120.230116,39.320407],[-120.230018,39.320332]]]},"properties":{"APN":"018860020000","ADDRESS":"13095 LOOKOUT LANE WEST"}},{"type":"Feature","geometry":{"type":"Polygon","coordinates":[[[-120.230627,39.32031],[-120.230409,39.320481],[-120.230507,39.320556],[-120.230725,39.320385],[-120.230627,39.32031]]]},"properties":{"APN":"018860024000","ADDRESS":"13126 POND VIEW WAY WEST"}},{"type":"Feature","geometry":{"type":"Polygon","coordinates":[[[-120.228488,39.320188],[-120.228299,39.320379],[-120.228408,39.320444],[-120.228597,39.320254],[-120.228488,39.320188]]]},"properties":{"APN":"018860032000","ADDRESS":"13015 SPLIT ROCK WAY"}},{"type":"Feature","geometry":{"type":"Polygon","coordinates":[[[-120.22898,39.320043],[-120.22879,39.320234],[-120.2289,39.320299],[-120.229089,39.320108],[-120.22898,39.320043]]]},"properties":{"APN":"018860036000","ADDRESS":"13032 LOOKOUT LANE EAST"}},{"type":"Feature","geometry":{"type":"Polygon","coordinates":[[[-120.210248,39.320475],[-120.210205,39.320474],[-120.210205,39.320466],[-120.210162,39.320464],[-120.21016,39.320526],[-120.210158,39.320554],[-120.210144,39.320553],[-120.210145,39.320528],[-120.210131,39.320527],[-120.210126,39.320644],[-120.210126,39.320654],[-120.210177,39.320655],[-120.210177,39.320668],[-120.210238,39.320669],[-120.210239,39.320647],[-120.210249,39.320647],[-120.210251,39.320595],[-120.210243,39.320594],[-120.210248,39.320475]]]},"properties":{"APN":"018810017000","ADDRESS":"10583 BOULDERS ROAD"}},{"type":"Feature","geometry":{"type":"Polygon","coordinates":[[[-120.209786,39.320648],[-120.209845,39.320649],[-120.209846,39.320637],[-120.209898,39.320638],[-120.209903,39.320521],[-120.209889,39.320521],[-120.209887,39.320547],[-120.209873,39.320546],[-120.209874,39.320531],[-120.209875,39.320509],[-120.209877,39.320447],[-120.209835,39.320446],[-120.209834,39.320455],[-120.209791,39.320454],[-120.209789,39.320515],[-120.209786,39.320573],[-120.209781,39.320573],[-120.209778,39.320625],[-120.209787,39.320626],[-120.209786,39.320648]]]},"properties":{"APN":"018810020000","ADDRESS":"10583 BOULDERS ROAD"}},{"type":"Feature","geometry":{"type":"Polygon","coordinates":[[[-120.21089,39.320016],[-120.210902,39.32002],[-120.210919,39.319982],[-120.210934,39.319986],[-120.210954,39.319941],[-120.210927,39.319933],[-120.21093,39.319927],[-120.210866,39.319909],[-120.210864,39.319915],[-120.210719,39.319876],[-120.210705,39.319908],[-120.210695,39.319905],[-120.210681,39.319936],[-120.210756,39.319957],[-120.210789,39.319966],[-120.210784,39.319976],[-120.210753,39.319968],[-120.210748,39.319978],[-120.21089,39.320016]]]},"properties":{"APN":"018810029000","ADDRESS":"10620 BOULDERS ROAD"}},{"type":"Feature","geometry":{"type":"Polygon","coordinates":[[[-120.210879,39.320108],[-120.210868,39.320105],[-120.210644,39.320044],[-120.210631,39.320075],[-120.21062,39.320072],[-120.210606,39.320103],[-120.210681,39.320124],[-120.210714,39.320133],[-120.210709,39.320143],[-120.210678,39.320135],[-120.210674,39.320145],[-120.210816,39.320183],[-120.210827,39.320187],[-120.210844,39.320149],[-120.210859,39.320153],[-120.210879,39.320108]]]},"properties":{"APN":"018810035000","ADDRESS":"10620 BOULDERS ROAD"}},{"type":"Feature","geometry":{"type":"Polygon","coordinates":[[[-120.209888,39.31968],[-120.209881,39.319688],[-120.209925,39.319709],[-120.209916,39.31972],[-120.209968,39.319745],[-120.209975,39.319737],[-120.209977,39.319738],[-120.210103,39.319582],[-120.210067,39.319564],[-120.210073,39.319556],[-120.210037,39.319539],[-120.209994,39.319591],[-120.209975,39.319614],[-120.209963,39.319608],[-120.209981,39.319586],[-120.209969,39.319581],[-120.209888,39.31968]]]},"properties":{"APN":"018810043000","ADDRESS":"11420 DOLOMITE WAY"}},{"type":"Feature","geometry":{"type":"Polygon","coordinates":[[[-120.209928,39.319202],[-120.209941,39.319207],[-120.209957,39.319185],[-120.20997,39.31919],[-120.20996,39.319203],[-120.209946,39.319223],[-120.209906,39.319278],[-120.209944,39.319295],[-120.20995,39.319287],[-120.209988,39.319303],[-120.209994,39.319295],[-120.210114,39.319132],[-120.210111,39.319131],[-120.210057,39.319107],[-120.210049,39.319118],[-120.210003,39.319098],[-120.209928,39.319202]]]},"properties":{"APN":"018810050000","ADDRESS":"11411 DOLOMITE WAY"}},{"type":"Feature","geometry":{"type":"Polygon","coordinates":[[[-120.210813,39.319665],[-120.210826,39.319669],[-120.210838,39.319645],[-120.210851,39.319649],[-120.210844,39.319663],[-120.210834,39.319683],[-120.210823,39.319703],[-120.210863,39.319715],[-120.210867,39.319707],[-120.210907,39.31972],[-120.210916,39.319701],[-120.210944,39.319648],[-120.210949,39.319649],[-120.210975,39.319601],[-120.210967,39.319598],[-120.210978,39.319578],[-120.210923,39.319561],[-120.210917,39.319572],[-120.210869,39.319557],[-120.210813,39.319665]]]},"properties":{"APN":"018810066000","ADDRESS":"11455 DOLOMITE WAY"}},{"type":"Feature","geometry":{"type":"Polygon","coordinates":[[[-120.21111,39.32066],[-120.211153,39.320659],[-120.211149,39.320597],[-120.211148,39.32057],[-120.211162,39.32057],[-120.211163,39.320595],[-120.211178,39.320595],[-120.211172,39.320479],[-120.211171,39.320469],[-120.21112,39.320471],[-120.211119,39.320458],[-120.211059,39.32046],[-120.211059,39.32047],[-120.211068,39.320653],[-120.21111,39.320651],[-120.21111,39.32066]]]},"properties":{"APN":"018820003000","ADDRESS":"10885 CINNABAR WAY"}},{"type":"Feature","geometry":{"type":"Polygon","coordinates":[[[-120.211178,39.320595],[-120.211172,39.320479],[-120.211171,39.320469],[-120.21112,39.320471],[-120.211119,39.320458],[-120.211059,39.32046],[-120.211059,39.32047],[-120.211068,39.320653],[-120.21111,39.320651],[-120.21111,39.32066],[-120.211153,39.320659],[-120.211149,39.320597],[-120.211148,39.32057],[-120.211162,39.32057],[-120.211163,39.320595],[-120.211178,39.320595]]]},"properties":{"APN":"018820007000","ADDRESS":"10885 CINNABAR WAY"}},{"type":"Feature","geometry":{"type":"Polygon","coordinates":[[[-120.211707,39.321326],[-120.211742,39.321344],[-120.211735,39.321351],[-120.211771,39.32137],[-120.211815,39.321319],[-120.211834,39.321297],[-120.211846,39.321303],[-120.211828,39.321324],[-120.211839,39.32133],[-120.211922,39.321234],[-120.211929,39.321226],[-120.211887,39.321204],[-120.211896,39.321194],[-120.211846,39.321168],[-120.211839,39.321176],[-120.211707,39.321326]]]},"properties":{"APN":"018820023000","ADDRESS":"10844 CINNABAR WAY"}},{"type":"Feature","geometry":{"type":"Polygon","coordinates":[[[-120.211832,39.320554],[-120.211833,39.320576],[-120.211835,39.320637],[-120.211877,39.320637],[-120.211877,39.320628],[-120.211919,39.320627],[-120.211918,39.320567],[-120.211917,39.320509],[-120.211922,39.320509],[-120.211921,39.320457],[-120.211912,39.320457],[-120.211912,39.320435],[-120.211853,39.320436],[-120.211853,39.320448],[-120.211802,39.320449],[-120.211804,39.320565],[-120.211819,39.320565],[-120.211818,39.320539],[-120.211832,39.320539],[-120.211832,39.320554]]]},"properties":{"APN":"018820041000","ADDRESS":"10890 CINNABAR WAY"}},{"type":"Feature","geometry":{"type":"Polygon","coordinates":[[[-120.211133,39.320149],[-120.211217,39.320163],[-120.211226,39.320131],[-120.211237,39.320133],[-120.211246,39.320101],[-120.211169,39.320087],[-120.211135,39.320082],[-120.211138,39.320071],[-120.21117,39.320076],[-120.211173,39.320066],[-120.211027,39.320041],[-120.211014,39.320038],[-120.211003,39.320078],[-120.210988,39.320075],[-120.210975,39.32012],[-120.211003,39.320125],[-120.211001,39.320131],[-120.211067,39.320142],[-120.211067,39.320141],[-120.211068,39.320138],[-120.211133,39.320149]]]},"properties":{"APN":"018820047000","ADDRESS":"10917 CINNABAR WAY"}},{"type":"Feature","geometry":{"type":"Polygon","coordinates":[[[-120.211722,39.321541],[-120.211731,39.321527],[-120.211658,39.321482],[-120.21158,39.321441],[-120.211498,39.321406],[-120.211456,39.321383],[-120.211419,39.321356],[-120.211388,39.321325],[-120.211363,39.321291],[-120.211345,39.321254],[-120.211334,39.321216],[-120.211331,39.321177],[-120.211331,39.321062],[-120.210881,39.321087],[-120.210819,39.321093],[-120.210817,39.321135],[-120.210752,39.321276],[-120.2112,39.321508],[-120.211249,39.32153],[-120.2113,39.321549],[-120.211354,39.321564],[-120.211409,39.321574],[-120.211513,39.321579],[-120.211618,39.321579],[-120.211673,39.321589],[-120.211722,39.321541]],[[-120.211028,39.321123],[-120.211095,39.321117],[-120.211095,39.321121],[-120.211168,39.321114],[-120.211245,39.321107],[-120.21125,39.32114],[-120.211261,39.321139],[-120.211266,39.321171],[-120.211188,39.321179],[-120.21116,39.321181],[-120.211141,39.321183],[-120.211143,39.321194],[-120.211175,39.321191],[-120.211177,39.321202],[-120.211179,39.321212],[-120.211146,39.321215],[-120.211148,39.321226],[-120.211182,39.321223],[-120.21126,39.321216],[-120.211265,39.321249],[-120.211254,39.32125],[-120.211259,39.321282],[-120.211174,39.32129],[-120.211109,39.321296],[-120.21111,39.321298],[-120.21111,39.3213],[-120.211043,39.321306],[-120.211042,39.3213],[-120.211014,39.321302],[-120.211008,39.321257],[-120.211023,39.321255],[-120.211017,39.321216],[-120.21103,39.321215],[-120.211024,39.321175],[-120.211008,39.321177],[-120.211001,39.321132],[-120.211029,39.321129],[-120.211028,39.321123]]]},"properties":{"APN":"018820064000","ADDRESS":"10841 CINNABAR WAY"}},{"type":"Feature","geometry":{"type":"Polygon","coordinates":[[[-120.212236,39.320937],[-120.212238,39.320943],[-120.212261,39.320942],[-120.212264,39.320869],[-120.212172,39.320866],[-120.212172,39.320843],[-120.212062,39.320839],[-120.212051,39.32084],[-120.21205,39.320885],[-120.212076,39.320889],[-120.212072,39.320938],[-120.212156,39.32094],[-120.2122,39.320941],[-120.212201,39.320939],[-120.212202,39.320936],[-120.212236,39.320937]]]},"properties":{"APN":"018830005000","ADDRESS":"11592 DOLOMITE WAY"}},{"type":"Feature","geometry":{"type":"Polygon","coordinates":[[[-120.21223,39.320703],[-120.212232,39.320709],[-120.212255,39.320708],[-120.212258,39.320635],[-120.212166,39.320632],[-120.212165,39.320609],[-120.212055,39.320605],[-120.212045,39.320606],[-120.212043,39.320651],[-120.21207,39.320655],[-120.212066,39.320705],[-120.21215,39.320706],[-120.212194,39.320707],[-120.212195,39.320705],[-120.212196,39.320702],[-120.21223,39.320703]]]},"properties":{"APN":"018830011000","ADDRESS":"11574 DOLOMITE WAY"}},{"type":"Feature","geometry":{"type":"Polygon","coordinates":[[[-120.211663,39.319733],[-120.211666,39.319726],[-120.211667,39.319725],[-120.21161,39.319711],[-120.211603,39.319729],[-120.211533,39.319711],[-120.211506,39.319776],[-120.211512,39.319778],[-120.211474,39.319869],[-120.211473,39.31987],[-120.211475,39.31987],[-120.211483,39.319872],[-120.211515,39.31988],[-120.211523,39.319861],[-120.211572,39.319873],[-120.2116,39.319805],[-120.21163,39.319813],[-120.211652,39.31976],[-120.211663,39.319733]]]},"properties":{"APN":"018830029000","ADDRESS":"11527 DOLOMITE WAY"}},{"type":"Feature","geometry":{"type":"Polygon","coordinates":[[[-120.211725,39.319911],[-120.211776,39.319924],[-120.211773,39.31993],[-120.211815,39.31994],[-120.211845,39.319866],[-120.211875,39.319874],[-120.211878,39.319866],[-120.211904,39.319805],[-120.211911,39.319786],[-120.211896,39.319782],[-120.211854,39.319772],[-120.211847,39.31979],[-120.211783,39.319774],[-120.211782,39.319774],[-120.211779,39.319781],[-120.211764,39.319818],[-120.211725,39.319911]]]},"properties":{"APN":"018830035000","ADDRESS":"11527 DOLOMITE WAY"}},{"type":"Feature","geometry":{"type":"Polygon","coordinates":[[[-120.212556,39.321379],[-120.212543,39.321396],[-120.212453,39.321354],[-120.212417,39.321405],[-120.212437,39.321414],[-120.212433,39.321418],[-120.212465,39.321433],[-120.212469,39.321428],[-120.212568,39.321475],[-120.212595,39.32144],[-120.212611,39.321447],[-120.212635,39.321416],[-120.212628,39.321413],[-120.212556,39.321379]]]},"properties":{"APN":"018830044000","ADDRESS":"11609 DOLOMITE WAY"}},{"type":"Feature","geometry":{"type":"Polygon","coordinates":[[[-120.212461,39.320994],[-120.212779,39.320994],[-120.212791,39.320994],[-120.21287,39.320992],[-120.212948,39.320985],[-120.213139,39.320951],[-120.21317,39.320947],[-120.213201,39.320946],[-120.213213,39.320946],[-120.213214,39.321152],[-120.213356,39.321152],[-120.213354,39.320698],[-120.213212,39.320698],[-120.213213,39.320836],[-120.213201,39.320836],[-120.213154,39.320838],[-120.213108,39.320844],[-120.212922,39.320865],[-120.212857,39.320873],[-120.212818,39.320876],[-120.212779,39.320876],[-120.21247,39.320876],[-120.212468,39.320918],[-120.212461,39.320994]]]},"properties":{"APN":"018840015000","ADDRESS":"UNKNOWN ADDRESS"}},{"type":"Feature","geometry":{"type":"Polygon","coordinates":[[[-120.213022,39.320708],[-120.213013,39.320708],[-120.212917,39.320708],[-120.212917,39.320749],[-120.212938,39.320749],[-120.212937,39.320796],[-120.213049,39.320796],[-120.213049,39.320811],[-120.213103,39.320811],[-120.213103,39.320731],[-120.213022,39.32073],[-120.213022,39.320708]]]},"properties":{"APN":"018840021000","ADDRESS":"11665 MCCLINTOCK LOOP"}},{"type":"Feature","geometry":{"type":"Polygon","coordinates":[[[-120.21293,39.320619],[-120.212929,39.320666],[-120.212908,39.320666],[-120.212908,39.320708],[-120.212917,39.320708],[-120.213013,39.320708],[-120.213013,39.320686],[-120.213094,39.320686],[-120.213095,39.320605],[-120.213041,39.320605],[-120.213041,39.32062],[-120.21293,39.320619]]]},"properties":{"APN":"018840024000","ADDRESS":"11665 MCCLINTOCK LOOP"}},{"type":"Feature","geometry":{"type":"Polygon","coordinates":[[[-120.213556,39.320585],[-120.213415,39.320585],[-120.213415,39.320651],[-120.213454,39.320651],[-120.213454,39.320684],[-120.213578,39.320683],[-120.213578,39.320638],[-120.213557,39.320638],[-120.213556,39.320585]]]},"properties":{"APN":"018840034000","ADDRESS":"11650 MCCLINTOCK LOOP"}},{"type":"Feature","geometry":{"type":"Polygon","coordinates":[[[-120.228043,39.32179],[-120.228311,39.321792],[-120.228328,39.32176],[-120.228351,39.32173],[-120.228087,39.321598],[-120.228075,39.321616],[-120.228066,39.321635],[-120.228061,39.321654],[-120.228059,39.321674],[-120.228056,39.321739],[-120.228052,39.321765],[-120.228043,39.32179]]]},"properties":{"APN":"018850014000","ADDRESS":"12957 WINTER CAMP WAY"}},{"type":"Feature","geometry":{"type":"Polygon","coordinates":[[[-120.227137,39.322064],[-120.226921,39.322061],[-120.226919,39.322155],[-120.227135,39.322158],[-120.227137,39.322064]]]},"properties":{"APN":"018850033000","ADDRESS":"12881 ICE HOUSE LOOP"}},{"type":"Feature","geometry":{"type":"Polygon","coordinates":[[[-120.228162,39.320433],[-120.228086,39.32051],[-120.228012,39.320584],[-120.227902,39.320696],[-120.227932,39.320733],[-120.22796,39.320772],[-120.228032,39.320709],[-120.228111,39.320638],[-120.228191,39.320567],[-120.228269,39.320497],[-120.228162,39.320433]]]},"properties":{"APN":"018850061000","ADDRESS":"13202 DEERFIELD DRIVE"}},{"type":"Feature","geometry":{"type":"Polygon","coordinates":[[[-120.227177,39.320719],[-120.227373,39.320816],[-120.227438,39.320737],[-120.227242,39.32064],[-120.227177,39.320719]]]},"properties":{"APN":"018850074000","ADDRESS":"13269 COLD CREEK CIRCLE"}},{"type":"Feature","geometry":{"type":"Polygon","coordinates":[[[-120.23041,39.320633],[-120.230192,39.320804],[-120.23029,39.320879],[-120.230508,39.320708],[-120.23041,39.320633]]]},"properties":{"APN":"018860016000","ADDRESS":"13127 LOOKOUT LANE WEST"}},{"type":"Feature","geometry":{"type":"Polygon","coordinates":[[[-120.229118,39.319552],[-120.229228,39.319617],[-120.229417,39.319426],[-120.229308,39.319361],[-120.229118,39.319552]]]},"properties":{"APN":"018860050000","ADDRESS":"13030 POND VIEW WAY EAST"}},{"type":"Feature","geometry":{"type":"Polygon","coordinates":[[[-120.228921,39.319195],[-120.228928,39.319194],[-120.228934,39.319193],[-120.228939,39.319191],[-120.228945,39.319188],[-120.228978,39.31917],[-120.229014,39.319157],[-120.229053,39.319149],[-120.229093,39.319146],[-120.229133,39.319149],[-120.229172,39.319156],[-120.229209,39.319168],[-120.229243,39.319185],[-120.229825,39.319533],[-120.229829,39.319535],[-120.229834,39.319537],[-120.22984,39.319538],[-120.229845,39.319539],[-120.22985,39.319538],[-120.229856,39.319537],[-120.229861,39.319536],[-120.229865,39.319534],[-120.22987,39.319531],[-120.229873,39.319528],[-120.229975,39.319425],[-120.230013,39.319393],[-120.230057,39.319366],[-120.230105,39.319345],[-120.230158,39.31933],[-120.230213,39.319323],[-120.230269,39.319322],[-120.230324,39.319328],[-120.230378,39.319341],[-120.230427,39.319361],[-120.230472,39.319387],[-120.230511,39.319418],[-120.230543,39.319454],[-120.230568,39.319493],[-120.230583,39.319535],[-120.23059,39.319578],[-120.230587,39.319621],[-120.230576,39.319664],[-120.230555,39.319704],[-120.230527,39.319741],[-120.230491,39.319775],[-120.230335,39.319898],[-120.230331,39.319901],[-120.230329,39.319905],[-120.230326,39.319908],[-120.230325,39.319913],[-120.230325,39.319917],[-120.230325,39.319921],[-120.230327,39.319925],[-120.230329,39.319929],[-120.230332,39.319932],[-120.230335,39.319936],[-120.230961,39.320415],[-120.230988,39.320441],[-120.231009,39.320469],[-120.231023,39.3205],[-120.231031,39.320532],[-120.231032,39.320565],[-120.231026,39.320597],[-120.231013,39.320629],[-120.230994,39.320658],[-120.230968,39.320684],[-120.229961,39.321477],[-120.230091,39.321577],[-120.230099,39.321582],[-120.231077,39.32078],[-120.231101,39.318787],[-120.228361,39.318759],[-120.227956,39.319493],[-120.227923,39.319544],[-120.227883,39.319592],[-120.227646,39.319845],[-120.22761,39.319886],[-120.227377,39.320168],[-120.227206,39.320348],[-120.22729,39.320379],[-120.227565,39.320477],[-120.227576,39.32048],[-120.227587,39.320482],[-120.227599,39.320482],[-120.22761,39.32048],[-120.227621,39.320478],[-120.227631,39.320473],[-120.227641,39.320468],[-120.227648,39.320461],[-120.227983,39.320124],[-120.228023,39.320086],[-120.228893,39.319208],[-120.228898,39.319204],[-120.228903,39.319201],[-120.228909,39.319198],[-120.228915,39.319196],[-120.228921,39.319195]]]},"properties":{"APN":"018860061000","ADDRESS":"13065 MEADOW CAMP LOOP"}},{"type":"Feature","geometry":{"type":"Polygon","coordinates":[[[-120.217519,39.321457],[-120.217555,39.322006],[-120.217607,39.322004],[-120.21777,39.322008],[-120.217872,39.322013],[-120.217921,39.321465],[-120.217819,39.32146],[-120.217594,39.321455],[-120.217519,39.321457]]]},"properties":{"APN":"018720008000","ADDRESS":"11849 DEERFIELD DRIVE"}},{"type":"Feature","geometry":{"type":"Polygon","coordinates":[[[-120.217921,39.321465],[-120.217872,39.322013],[-120.21819,39.32203],[-120.218239,39.321482],[-120.217921,39.321465]]]},"properties":{"APN":"018720009000","ADDRESS":"11869 DEERFIELD DRIVE"}},{"type":"Feature","geometry":{"type":"Polygon","coordinates":[[[-120.217921,39.321465],[-120.217872,39.322013],[-120.21819,39.32203],[-120.218239,39.321482],[-120.217921,39.321465]]]},"properties":{"APN":"018720009000","ADDRESS":"11869 DEERFIELD DRIVE"}},{"type":"Feature","geometry":{"type":"Polygon","coordinates":[[[-120.208138,39.320209],[-120.208821,39.32042],[-120.208979,39.32011],[-120.209464,39.320112],[-120.209463,39.320459],[-120.209392,39.320597],[-120.209466,39.320621],[-120.209538,39.320649],[-120.209622,39.320525],[-120.209622,39.319469],[-120.208937,39.319468],[-120.208936,39.319704],[-120.208383,39.319702],[-120.208383,39.319781],[-120.20799,39.319781],[-120.20804,39.319904],[-120.208138,39.320209]]]},"properties":{"APN":"018740015000","ADDRESS":"11411 DEERFIELD DRIVE"}},{"type":"Feature","geometry":{"type":"Polygon","coordinates":[[[-120.21217,39.322143],[-120.212172,39.32256],[-120.212429,39.322559],[-120.212427,39.322147],[-120.21217,39.322143]]]},"properties":{"APN":"018750011000","ADDRESS":"11552 DEERFIELD DRIVE"}},{"type":"Feature","geometry":{"type":"Polygon","coordinates":[[[-120.225944,39.323073],[-120.225845,39.323032],[-120.225743,39.322996],[-120.225638,39.322965],[-120.225531,39.32294],[-120.225422,39.32292],[-120.225312,39.322906],[-120.2252,39.322897],[-120.225088,39.322894],[-120.224771,39.322895],[-120.224689,39.323043],[-120.224468,39.323141],[-120.224073,39.32345],[-120.22501,39.323593],[-120.225116,39.323606],[-120.225222,39.323613],[-120.225329,39.323613],[-120.225435,39.323607],[-120.225541,39.323595],[-120.225645,39.323577],[-120.225747,39.323553],[-120.225847,39.323523],[-120.225943,39.323487],[-120.225937,39.323351],[-120.225944,39.323073]]]},"properties":{"APN":"018760017000","ADDRESS":"12260 DEERFIELD DRIVE"}},{"type":"Feature","geometry":{"type":"Polygon","coordinates":[[[-120.245942,39.327915],[-120.24597,39.327919],[-120.245982,39.327867],[-120.246033,39.327874],[-120.246049,39.327805],[-120.245992,39.327798],[-120.245989,39.327797],[-120.245987,39.327807],[-120.245968,39.327805],[-120.245954,39.327863],[-120.245942,39.327915]]]},"properties":{"APN":"018780015000","ADDRESS":"13403 DONNER PASS ROAD"}},{"type":"Feature","geometry":{"type":"Polygon","coordinates":[[[-120.24517,39.328391],[-120.245225,39.328403],[-120.245268,39.328285],[-120.245225,39.328275],[-120.245207,39.328321],[-120.245195,39.328319],[-120.24517,39.328391]]]},"properties":{"APN":"018780017000","ADDRESS":"13368 DONNER PASS ROAD"}},{"type":"Feature","geometry":{"type":"Polygon","coordinates":[[[-120.224851,39.329109],[-120.22478,39.328798],[-120.225274,39.32865],[-120.227241,39.327599],[-120.228858,39.326879],[-120.230597,39.32695],[-120.230391,39.326912],[-120.230247,39.326911],[-120.230146,39.326562],[-120.229801,39.326494],[-120.229164,39.326456],[-120.228647,39.326738],[-120.228438,39.326507],[-120.227361,39.326605],[-120.227385,39.326606],[-120.227408,39.32661],[-120.227431,39.326617],[-120.227452,39.326627],[-120.22747,39.326639],[-120.227485,39.326654],[-120.227496,39.32667],[-120.227504,39.326688],[-120.227508,39.326707],[-120.227508,39.326726],[-120.227503,39.326744],[-120.227495,39.326762],[-120.227482,39.326778],[-120.227467,39.326792],[-120.227448,39.326804],[-120.22729,39.326891],[-120.227056,39.326633],[-120.226562,39.326902],[-120.226366,39.326686],[-120.225444,39.326682],[-120.225468,39.326683],[-120.225491,39.326688],[-120.225513,39.326696],[-120.225532,39.326706],[-120.225549,39.326719],[-120.225564,39.326734],[-120.225574,39.32675],[-120.225582,39.326768],[-120.225585,39.326786],[-120.225584,39.326804],[-120.225579,39.326823],[-120.225571,39.32684],[-120.225558,39.326856],[-120.225543,39.32687],[-120.225525,39.326882],[-120.225263,39.327024],[-120.22523,39.327024],[-120.225018,39.327023],[-120.224805,39.327022],[-120.224593,39.327021],[-120.224381,39.32702],[-120.224169,39.32702],[-120.223957,39.327019],[-120.22396,39.326675],[-120.223853,39.326675],[-120.223628,39.32748],[-120.221977,39.328446],[-120.221509,39.329631],[-120.221605,39.329632],[-120.225455,39.329675],[-120.224851,39.329109]]]},"properties":{"APN":"018800003000","ADDRESS":"12340 SIERRA DRIVE"}},{"type":"Feature","geometry":{"type":"Polygon","coordinates":[[[-120.217388,39.329571],[-120.219485,39.329608],[-120.220236,39.328042],[-120.220321,39.327864],[-120.220515,39.327459],[-120.22059,39.327303],[-120.220734,39.327003],[-120.218528,39.326988],[-120.218406,39.327319],[-120.218241,39.327617],[-120.218399,39.327678],[-120.218162,39.328093],[-120.218095,39.328075],[-120.217567,39.329254],[-120.217388,39.329571]]]},"properties":{"APN":"018800014000","ADDRESS":"11827 SIERRA DRIVE"}},{"type":"Feature","geometry":{"type":"Polygon","coordinates":[[[-120.210645,39.320996],[-120.210712,39.321003],[-120.210713,39.320997],[-120.210741,39.321],[-120.210749,39.320954],[-120.210733,39.320953],[-120.21074,39.320913],[-120.210592,39.320897],[-120.21059,39.320908],[-120.210622,39.320912],[-120.21062,39.320923],[-120.210602,39.320921],[-120.210574,39.320918],[-120.210495,39.32091],[-120.210489,39.320942],[-120.210501,39.320943],[-120.210495,39.320976],[-120.210572,39.320984],[-120.210646,39.320992],[-120.210645,39.320996]]]},"properties":{"APN":"018810004000","ADDRESS":"10564 BOULDERS ROAD"}},{"type":"Feature","geometry":{"type":"Polygon","coordinates":[[[-120.210767,39.320563],[-120.210762,39.320516],[-120.21075,39.320517],[-120.210514,39.320531],[-120.210517,39.320564],[-120.210506,39.320565],[-120.21051,39.320598],[-120.210589,39.320593],[-120.210624,39.32059],[-120.210625,39.320601],[-120.210592,39.320604],[-120.210593,39.320615],[-120.210743,39.320605],[-120.210756,39.320604],[-120.210751,39.320564],[-120.210767,39.320563]]]},"properties":{"APN":"018810011000","ADDRESS":"10592 BOULDERS ROAD"}},{"type":"Feature","geometry":{"type":"Polygon","coordinates":[[[-120.209969,39.319581],[-120.209956,39.319575],[-120.209939,39.319596],[-120.209927,39.31959],[-120.209995,39.319507],[-120.209959,39.319489],[-120.209952,39.319496],[-120.209916,39.319478],[-120.209874,39.31953],[-120.209834,39.319579],[-120.20983,39.319577],[-120.209793,39.319621],[-120.2098,39.319625],[-120.209785,39.319644],[-120.209835,39.319669],[-120.209844,39.319658],[-120.209888,39.31968],[-120.209969,39.319581]]]},"properties":{"APN":"018810044000","ADDRESS":"11420 DOLOMITE WAY"}},{"type":"Feature","geometry":{"type":"Polygon","coordinates":[[[-120.209928,39.319202],[-120.209941,39.319207],[-120.209957,39.319185],[-120.20997,39.31919],[-120.20996,39.319203],[-120.209946,39.319223],[-120.209906,39.319278],[-120.209944,39.319295],[-120.20995,39.319287],[-120.209988,39.319303],[-120.209994,39.319295],[-120.210114,39.319132],[-120.210111,39.319131],[-120.210057,39.319107],[-120.210049,39.319118],[-120.210003,39.319098],[-120.209928,39.319202]]]},"properties":{"APN":"018810054000","ADDRESS":"11411 DOLOMITE WAY"}},{"type":"Feature","geometry":{"type":"Polygon","coordinates":[[[-120.210422,39.319507],[-120.210537,39.319379],[-120.210534,39.319378],[-120.210484,39.319351],[-120.210475,39.319361],[-120.210432,39.319339],[-120.210347,39.319435],[-120.210359,39.319441],[-120.210378,39.31942],[-120.210389,39.319426],[-120.210379,39.319439],[-120.210363,39.319457],[-120.210345,39.319477],[-120.210381,39.319496],[-120.210387,39.319488],[-120.210422,39.319507]]]},"properties":{"APN":"018810058000","ADDRESS":"11429 DOLOMITE WAY"}},{"type":"Feature","geometry":{"type":"Polygon","coordinates":[[[-120.210701,39.319644],[-120.21074,39.319657],[-120.210736,39.319665],[-120.210775,39.319677],[-120.210786,39.319658],[-120.210799,39.319633],[-120.210812,39.319637],[-120.210799,39.319661],[-120.210813,39.319665],[-120.210869,39.319557],[-120.210874,39.319548],[-120.210826,39.319533],[-120.210832,39.319522],[-120.210777,39.319504],[-120.210766,39.319525],[-120.210759,39.319522],[-120.210733,39.319571],[-120.210738,39.319572],[-120.210713,39.31962],[-120.210701,39.319644]]]},"properties":{"APN":"018810067000","ADDRESS":"11455 DOLOMITE WAY"}},{"type":"Feature","geometry":{"type":"Polygon","coordinates":[[[-120.210945,39.320486],[-120.210944,39.320476],[-120.210893,39.320478],[-120.210892,39.320465],[-120.210831,39.320467],[-120.210832,39.320489],[-120.210823,39.32049],[-120.210826,39.320542],[-120.210834,39.320542],[-120.21084,39.32066],[-120.210883,39.320659],[-120.210883,39.320667],[-120.210926,39.320666],[-120.210923,39.320604],[-120.210921,39.320577],[-120.210935,39.320577],[-120.210937,39.320602],[-120.210951,39.320602],[-120.210945,39.320486]]]},"properties":{"APN":"018820001000","ADDRESS":"10885 CINNABAR WAY"}},{"type":"Feature","geometry":{"type":"Polygon","coordinates":[[[-120.211859,39.321627],[-120.21187,39.32164],[-120.211877,39.32164],[-120.211897,39.32166],[-120.21189,39.321665],[-120.211961,39.321744],[-120.212014,39.321719],[-120.212027,39.321732],[-120.212078,39.321707],[-120.212021,39.321638],[-120.212017,39.321631],[-120.211984,39.321644],[-120.211937,39.321588],[-120.211859,39.321627]]]},"properties":{"APN":"018830016000","ADDRESS":"11637 DOLOMITE WAY"}},{"type":"Feature","geometry":{"type":"Polygon","coordinates":[[[-120.212126,39.321917],[-120.212233,39.321944],[-120.212342,39.321965],[-120.212452,39.321981],[-120.212564,39.321992],[-120.212676,39.321997],[-120.212789,39.321997],[-120.212788,39.321684],[-120.21231,39.321371],[-120.212269,39.321405],[-120.212224,39.321436],[-120.212176,39.321463],[-120.212124,39.321486],[-120.212069,39.321505],[-120.212004,39.321523],[-120.211944,39.321548],[-120.211888,39.321578],[-120.211837,39.321614],[-120.211794,39.321655],[-120.211826,39.321694],[-120.211852,39.321734],[-120.211883,39.321773],[-120.211923,39.32181],[-120.211967,39.321843],[-120.212016,39.321872],[-120.21207,39.321897],[-120.212126,39.321917]],[[-120.211961,39.321744],[-120.21189,39.321665],[-120.211897,39.32166],[-120.211877,39.32164],[-120.21187,39.32164],[-120.211859,39.321627],[-120.211937,39.321588],[-120.211984,39.321644],[-120.212017,39.321631],[-120.212021,39.321638],[-120.212047,39.321623],[-120.211998,39.321567],[-120.212078,39.321526],[-120.21209,39.321541],[-120.212086,39.321545],[-120.212105,39.321566],[-120.212112,39.321565],[-120.212174,39.321646],[-120.21212,39.321675],[-120.212132,39.321691],[-120.212086,39.321714],[-120.212078,39.321707],[-120.212027,39.321732],[-120.212014,39.321719],[-120.211961,39.321744]],[[-120.212306,39.321511],[-120.212249,39.321458],[-120.212319,39.321411],[-120.212334,39.321421],[-120.212329,39.321427],[-120.212352,39.321447],[-120.212359,39.321443],[-120.212434,39.321523],[-120.212387,39.321553],[-120.212401,39.32157],[-120.212358,39.321596],[-120.212347,39.321589],[-120.212304,39.321619],[-120.212287,39.321604],[-120.212236,39.321639],[-120.212155,39.321567],[-120.21216,39.321559],[-120.212139,39.32154],[-120.212134,39.321542],[-120.212118,39.321529],[-120.21219,39.321483],[-120.212247,39.321536],[-120.212272,39.32152],[-120.21228,39.321527],[-120.212306,39.321511]]]},"properties":{"APN":"018830049000","ADDRESS":"11629 DOLOMITE WAY"}},{"type":"Feature","geometry":{"type":"Polygon","coordinates":[[[-120.213139,39.320951],[-120.212948,39.320985],[-120.21287,39.320992],[-120.212791,39.320994],[-120.212788,39.321302],[-120.212831,39.321289],[-120.212912,39.321289],[-120.213204,39.321238],[-120.213438,39.321154],[-120.213356,39.321152],[-120.213214,39.321152],[-120.213213,39.320946],[-120.213201,39.320946],[-120.21317,39.320947],[-120.213139,39.320951]],[[-120.212893,39.321109],[-120.212881,39.321068],[-120.212902,39.321064],[-120.212889,39.321017],[-120.213,39.320999],[-120.212996,39.320984],[-120.213049,39.320975],[-120.213072,39.321055],[-120.212991,39.321069],[-120.212997,39.321091],[-120.213006,39.32109],[-120.213012,39.321112],[-120.213093,39.321098],[-120.213116,39.321178],[-120.213063,39.321187],[-120.213059,39.321173],[-120.212948,39.321191],[-120.212935,39.321145],[-120.212914,39.321149],[-120.212902,39.321108],[-120.212893,39.321109]]]},"properties":{"APN":"018840012000","ADDRESS":"11671 MCCLINTOCK LOOP"}},{"type":"Feature","geometry":{"type":"Polygon","coordinates":[[[-120.228917,39.32124],[-120.228997,39.32117],[-120.228768,39.321014],[-120.228688,39.321084],[-120.228917,39.32124]]]},"properties":{"APN":"018850006000","ADDRESS":"13005 WINTER CAMP WAY"}},{"type":"Feature","geometry":{"type":"Polygon","coordinates":[[[-120.228609,39.321155],[-120.228533,39.321222],[-120.228529,39.321226],[-120.228759,39.321382],[-120.228838,39.321311],[-120.228609,39.321155]]]},"properties":{"APN":"018850008000","ADDRESS":"12993 WINTER CAMP WAY"}},{"type":"Feature","geometry":{"type":"Polygon","coordinates":[[[-120.228492,39.321274],[-120.228463,39.321307],[-120.228679,39.321452],[-120.228759,39.321382],[-120.228529,39.321226],[-120.22852,39.321237],[-120.228492,39.321274]]]},"properties":{"APN":"018850009000","ADDRESS":"12987 WINTER CAMP WAY"}},{"type":"Feature","geometry":{"type":"Polygon","coordinates":[[[-120.227824,39.321821],[-120.227816,39.321787],[-120.227594,39.321784],[-120.227593,39.321874],[-120.227823,39.321877],[-120.227824,39.321821]]]},"properties":{"APN":"018850021000","ADDRESS":"12918 ICE HOUSE LOOP"}},{"type":"Feature","geometry":{"type":"Polygon","coordinates":[[[-120.227132,39.32226],[-120.226917,39.322257],[-120.226915,39.322343],[-120.227131,39.322346],[-120.227131,39.322325],[-120.227132,39.32226]]]},"properties":{"APN":"018850035000","ADDRESS":"12869 ICE HOUSE LOOP"}},{"type":"Feature","geometry":{"type":"Polygon","coordinates":[[[-120.228269,39.320497],[-120.228191,39.320567],[-120.228368,39.320687],[-120.228407,39.320652],[-120.228414,39.320645],[-120.228419,39.320637],[-120.228423,39.320629],[-120.228424,39.32062],[-120.228424,39.320612],[-120.228422,39.320603],[-120.228418,39.320595],[-120.228413,39.320587],[-120.228406,39.32058],[-120.228398,39.320574],[-120.228269,39.320497]]]},"properties":{"APN":"018850054000","ADDRESS":"13151 MEADOW CAMP LANE"}},{"type":"Feature","geometry":{"type":"Polygon","coordinates":[[[-120.230096,39.32088],[-120.229997,39.320805],[-120.22978,39.320977],[-120.229878,39.321052],[-120.230096,39.32088]]]},"properties":{"APN":"018860010000","ADDRESS":"13104 LOOKOUT LANE WEST"}},{"type":"Feature","geometry":{"type":"Polygon","coordinates":[[[-120.22887,39.319978],[-120.228681,39.320169],[-120.22879,39.320234],[-120.22898,39.320043],[-120.22887,39.319978]]]},"properties":{"APN":"018860037000","ADDRESS":"13024 LOOKOUT LANE EAST"}},{"type":"Feature","geometry":{"type":"Polygon","coordinates":[[[-120.230871,39.320497],[-120.230879,39.320504],[-120.230885,39.320512],[-120.230889,39.320521],[-120.230892,39.32053],[-120.230892,39.320539],[-120.23089,39.320549],[-120.230886,39.320557],[-120.23088,39.320566],[-120.230872,39.320573],[-120.230703,39.320706],[-120.230606,39.320782],[-120.230412,39.320935],[-120.230408,39.320938],[-120.230403,39.32094],[-120.230398,39.320942],[-120.230393,39.320943],[-120.230388,39.320943],[-120.230382,39.320943],[-120.230377,39.320942],[-120.230372,39.32094],[-120.230367,39.320938],[-120.230363,39.320935],[-120.23029,39.320879],[-120.230192,39.320804],[-120.230094,39.320729],[-120.229996,39.320654],[-120.229898,39.320578],[-120.2298,39.320503],[-120.229727,39.320447],[-120.229723,39.320444],[-120.22972,39.32044],[-120.229718,39.320435],[-120.229717,39.320431],[-120.229717,39.320426],[-120.229718,39.320422],[-120.22972,39.320417],[-120.229723,39.320413],[-120.229727,39.32041],[-120.229581,39.320524],[-120.229586,39.320521],[-120.229591,39.320519],[-120.229597,39.320517],[-120.229603,39.320516],[-120.229609,39.320516],[-120.229615,39.320517],[-120.22962,39.320518],[-120.229625,39.320521],[-120.22963,39.320524],[-120.229703,39.32058],[-120.229801,39.320655],[-120.229899,39.32073],[-120.229997,39.320805],[-120.230096,39.32088],[-120.230194,39.320956],[-120.230267,39.321011],[-120.23027,39.321015],[-120.230273,39.321019],[-120.230276,39.321023],[-120.230277,39.321028],[-120.230277,39.321033],[-120.230276,39.321037],[-120.230274,39.321042],[-120.230271,39.321046],[-120.230267,39.321049],[-120.230073,39.321202],[-120.229976,39.321278],[-120.22984,39.321385],[-120.229961,39.321477],[-120.230968,39.320684],[-120.230994,39.320658],[-120.231013,39.320629],[-120.231026,39.320597],[-120.231032,39.320565],[-120.231031,39.320532],[-120.231023,39.3205],[-120.231009,39.320469],[-120.230988,39.320441],[-120.230961,39.320415],[-120.230335,39.319936],[-120.23026,39.320028],[-120.230332,39.320084],[-120.230431,39.320159],[-120.230529,39.320234],[-120.230627,39.32031],[-120.230725,39.320385],[-120.230823,39.32046],[-120.230871,39.320497]]]},"properties":{"APN":"018860059000","ADDRESS":"UNKNOWN ADDRESS"}},{"type":"Feature","geometry":{"type":"Polygon","coordinates":[[[-120.211793,39.320368],[-120.211851,39.320384],[-120.21186,39.320363],[-120.211869,39.320366],[-120.211892,39.320316],[-120.211884,39.320314],[-120.211935,39.320203],[-120.211895,39.320192],[-120.211898,39.320184],[-120.211858,39.320173],[-120.211832,39.320231],[-120.21182,39.320256],[-120.211807,39.320252],[-120.211818,39.320228],[-120.211805,39.320225],[-120.211754,39.320334],[-120.21175,39.320343],[-120.211799,39.320356],[-120.211793,39.320368]]]},"properties":{"APN":"018820057000","ADDRESS":"11530 DOLOMITE WAY"}},{"type":"Feature","geometry":{"type":"Polygon","coordinates":[[[-120.211217,39.31979],[-120.211257,39.319801],[-120.211253,39.31981],[-120.211294,39.319821],[-120.211321,39.319763],[-120.211332,39.319737],[-120.211346,39.319741],[-120.211335,39.319765],[-120.211348,39.319769],[-120.211399,39.319659],[-120.211403,39.31965],[-120.211354,39.319636],[-120.21136,39.319624],[-120.211303,39.319608],[-120.211298,39.319618],[-120.211217,39.31979]]]},"properties":{"APN":"018830023000","ADDRESS":"11491 DOLOMITE WAY"}},{"type":"Feature","geometry":{"type":"Polygon","coordinates":[[[-120.211428,39.319859],[-120.211454,39.319801],[-120.211479,39.319747],[-120.211484,39.319749],[-120.211507,39.319699],[-120.211499,39.319697],[-120.211509,39.319676],[-120.211453,39.319661],[-120.211447,39.319672],[-120.211399,39.319659],[-120.211348,39.319769],[-120.211362,39.319772],[-120.211373,39.319748],[-120.211386,39.319752],[-120.21138,39.319766],[-120.21137,39.319787],[-120.211343,39.319845],[-120.211383,39.319856],[-120.211387,39.319848],[-120.211428,39.319859]]]},"properties":{"APN":"018830024000","ADDRESS":"11491 DOLOMITE WAY"}},{"type":"Feature","geometry":{"type":"Polygon","coordinates":[[[-120.211428,39.319859],[-120.211454,39.319801],[-120.211479,39.319747],[-120.211484,39.319749],[-120.211507,39.319699],[-120.211499,39.319697],[-120.211509,39.319676],[-120.211453,39.319661],[-120.211447,39.319672],[-120.211399,39.319659],[-120.211348,39.319769],[-120.211362,39.319772],[-120.211373,39.319748],[-120.211386,39.319752],[-120.21138,39.319766],[-120.21137,39.319787],[-120.211343,39.319845],[-120.211383,39.319856],[-120.211387,39.319848],[-120.211428,39.319859]]]},"properties":{"APN":"018830028000","ADDRESS":"11491 DOLOMITE WAY"}},{"type":"Feature","geometry":{"type":"Polygon","coordinates":[[[-120.212549,39.321376],[-120.212556,39.321379],[-120.212628,39.321413],[-120.212653,39.321382],[-120.212637,39.321374],[-120.212664,39.321339],[-120.212571,39.321296],[-120.212575,39.321291],[-120.212543,39.321276],[-120.212539,39.321281],[-120.212514,39.321269],[-120.212474,39.321319],[-120.212562,39.32136],[-120.212549,39.321376]]]},"properties":{"APN":"018830043000","ADDRESS":"11609 DOLOMITE WAY"}},{"type":"Feature","geometry":{"type":"Polygon","coordinates":[[[-120.21262,39.321119],[-120.212619,39.321139],[-120.212515,39.321137],[-120.212516,39.321195],[-120.212538,39.321195],[-120.212538,39.3212],[-120.212575,39.321201],[-120.212576,39.321195],[-120.212691,39.321197],[-120.212692,39.321156],[-120.212711,39.321156],[-120.212712,39.32112],[-120.212704,39.32112],[-120.21262,39.321119]]]},"properties":{"APN":"018830048000","ADDRESS":"11595 DOLOMITE WAY"}},{"type":"Feature","geometry":{"type":"Polygon","coordinates":[[[-120.212917,39.320473],[-120.212917,39.320514],[-120.212938,39.320514],[-120.212937,39.320561],[-120.213049,39.320562],[-120.213049,39.320576],[-120.213103,39.320577],[-120.213103,39.320496],[-120.213022,39.320496],[-120.213022,39.320474],[-120.213013,39.320473],[-120.212917,39.320473]]]},"properties":{"APN":"018840027000","ADDRESS":"11651 MCCLINTOCK LOOP"}},{"type":"Feature","geometry":{"type":"Polygon","coordinates":[[[-120.213535,39.320305],[-120.213535,39.320251],[-120.213556,39.320251],[-120.213556,39.320206],[-120.213432,39.320207],[-120.213432,39.320239],[-120.213394,39.32024],[-120.213394,39.320305],[-120.213535,39.320305]]]},"properties":{"APN":"018840037000","ADDRESS":"11638 MCCLINTOCK LOOP"}},{"type":"Feature","geometry":{"type":"Polygon","coordinates":[[[-120.227479,39.320688],[-120.227438,39.320737],[-120.227373,39.320816],[-120.227335,39.320892],[-120.227319,39.320931],[-120.227307,39.320972],[-120.227303,39.321018],[-120.227305,39.321065],[-120.227312,39.321083],[-120.227322,39.3211],[-120.227335,39.321115],[-120.227348,39.321127],[-120.227363,39.321138],[-120.22738,39.321148],[-120.227401,39.321157],[-120.227423,39.321163],[-120.227446,39.321167],[-120.22747,39.321169],[-120.227494,39.321168],[-120.227518,39.321165],[-120.22754,39.321159],[-120.227562,39.321151],[-120.227582,39.32114],[-120.2276,39.321128],[-120.227618,39.321109],[-120.227633,39.321089],[-120.227642,39.321067],[-120.227646,39.321037],[-120.227644,39.321007],[-120.227637,39.320978],[-120.227625,39.320951],[-120.227608,39.320925],[-120.227587,39.320901],[-120.227565,39.320882],[-120.227556,39.320873],[-120.227549,39.320863],[-120.227544,39.320853],[-120.227541,39.320842],[-120.22754,39.32083],[-120.227542,39.320819],[-120.227547,39.320808],[-120.227553,39.320798],[-120.227592,39.320751],[-120.227479,39.320688]]]},"properties":{"APN":"018850041000","ADDRESS":"UNKNOWN ADDRESS"}},{"type":"Feature","geometry":{"type":"Polygon","coordinates":[[[-120.229899,39.32073],[-120.229801,39.320655],[-120.229583,39.320826],[-120.229681,39.320901],[-120.229899,39.32073]]]},"properties":{"APN":"018860012000","ADDRESS":"13088 LOOKOUT LANE WEST"}},{"type":"Feature","geometry":{"type":"Polygon","coordinates":[[[-120.230332,39.320084],[-120.230114,39.320255],[-120.230213,39.320331],[-120.230431,39.320159],[-120.230332,39.320084]]]},"properties":{"APN":"018860027000","ADDRESS":"13102 POND VIEW WAY WEST"}},{"type":"Feature","geometry":{"type":"Polygon","coordinates":[[[-120.228597,39.320254],[-120.228408,39.320444],[-120.228517,39.32051],[-120.228706,39.320319],[-120.228597,39.320254]]]},"properties":{"APN":"018860031000","ADDRESS":"13023 SPLIT ROCK WAY"}},{"type":"Feature","geometry":{"type":"Polygon","coordinates":[[[-120.238976,39.32665],[-120.239109,39.326748],[-120.239313,39.326456],[-120.239157,39.326391],[-120.238976,39.32665]]]},"properties":{"APN":"018400011000","ADDRESS":"13002 DONNER PASS ROAD"}},{"type":"Feature","geometry":{"type":"Polygon","coordinates":[[[-120.237855,39.327663],[-120.238296,39.327779],[-120.238352,39.327699],[-120.238196,39.327588],[-120.238035,39.327482],[-120.237869,39.327381],[-120.237716,39.327598],[-120.237855,39.327663]]]},"properties":{"APN":"018400027000","ADDRESS":"12895 SIERRA DRIVE"}},{"type":"Feature","geometry":{"type":"Polygon","coordinates":[[[-120.247747,39.322882],[-120.248035,39.32285],[-120.248317,39.322893],[-120.248481,39.322851],[-120.248648,39.322814],[-120.248816,39.322781],[-120.248985,39.322752],[-120.249221,39.32257],[-120.248929,39.322187],[-120.248764,39.322294],[-120.248713,39.322324],[-120.248657,39.322349],[-120.248598,39.322368],[-120.248537,39.322383],[-120.248473,39.322391],[-120.248409,39.322394],[-120.247906,39.322391],[-120.247578,39.322411],[-120.247568,39.322412],[-120.246998,39.322489],[-120.246793,39.322531],[-120.246682,39.322567],[-120.246196,39.322748],[-120.246136,39.322767],[-120.246074,39.322781],[-120.24601,39.322789],[-120.245945,39.322791],[-120.245881,39.322788],[-120.245817,39.322779],[-120.245353,39.322693],[-120.24529,39.322681],[-120.245222,39.323159],[-120.245507,39.323209],[-120.24578,39.323296],[-120.246076,39.32326],[-120.246312,39.323156],[-120.246559,39.323022],[-120.246629,39.323013],[-120.246895,39.322954],[-120.247183,39.322924],[-120.247463,39.322891],[-120.247747,39.322882]]]},"properties":{"APN":"018410001000","ADDRESS":"N/A"}},{"type":"Feature","geometry":{"type":"Polygon","coordinates":[[[-120.252673,39.319321],[-120.25313,39.319317],[-120.253552,39.319377],[-120.254317,39.319495],[-120.254314,39.319177],[-120.254313,39.319083],[-120.254312,39.318958],[-120.254298,39.316575],[-120.252451,39.316555],[-120.251181,39.316542],[-120.250033,39.316529],[-120.247695,39.316504],[-120.245223,39.316477],[-120.242541,39.316448],[-120.240516,39.316426],[-120.238191,39.316401],[-120.236219,39.316379],[-120.23622,39.318855],[-120.236222,39.322477],[-120.237252,39.322483],[-120.237352,39.322351],[-120.237427,39.322277],[-120.238178,39.321596],[-120.238466,39.321377],[-120.238726,39.321233],[-120.238853,39.321173],[-120.239006,39.321114],[-120.239169,39.321076],[-120.239322,39.321062],[-120.239331,39.321061],[-120.23934,39.321059],[-120.239348,39.321055],[-120.239355,39.321051],[-120.239361,39.321046],[-120.239366,39.32104],[-120.23937,39.321033],[-120.239372,39.321027],[-120.23944,39.320671],[-120.240989,39.321028],[-120.242024,39.321266],[-120.243253,39.321294],[-120.244014,39.321997],[-120.244138,39.32205],[-120.245429,39.322161],[-120.245645,39.322142],[-120.248238,39.321792],[-120.248389,39.321745],[-120.249296,39.321327],[-120.250018,39.320994],[-120.250417,39.320684],[-120.25075,39.320425],[-120.251081,39.319339],[-120.251602,39.319435],[-120.25157,39.319542],[-120.252299,39.319676],[-120.252414,39.319388],[-120.252673,39.319321]]]},"properties":{"APN":"018440001000","ADDRESS":"N/A"}},{"type":"Feature","geometry":{"type":"Polygon","coordinates":[[[-120.247568,39.322412],[-120.247578,39.322411],[-120.247906,39.322391],[-120.248409,39.322394],[-120.248473,39.322391],[-120.248537,39.322383],[-120.248598,39.322368],[-120.248657,39.322349],[-120.248713,39.322324],[-120.248764,39.322294],[-120.248929,39.322187],[-120.249221,39.32257],[-120.249422,39.322402],[-120.249667,39.322287],[-120.249903,39.322172],[-120.249617,39.321797],[-120.249575,39.321692],[-120.249296,39.321327],[-120.248389,39.321745],[-120.248238,39.321792],[-120.245645,39.322142],[-120.245429,39.322161],[-120.245353,39.322693],[-120.245817,39.322779],[-120.245881,39.322788],[-120.245945,39.322791],[-120.24601,39.322789],[-120.246074,39.322781],[-120.246136,39.322767],[-120.246196,39.322748],[-120.246682,39.322567],[-120.246793,39.322531],[-120.246998,39.322489],[-120.247568,39.322412]]]},"properties":{"APN":"018460001000","ADDRESS":"N/A"}},{"type":"Feature","geometry":{"type":"Polygon","coordinates":[[[-120.216819,39.32578],[-120.216819,39.325796],[-120.218396,39.32568],[-120.220775,39.325506],[-120.221581,39.325445],[-120.221563,39.324293],[-120.221211,39.324263],[-120.219758,39.324344],[-120.216783,39.323978],[-120.216819,39.32578]]]},"properties":{"APN":"018500012000","ADDRESS":"11911 DONNER PASS ROAD"}},{"type":"Feature","geometry":{"type":"Polygon","coordinates":[[[-120.220271,39.325919],[-120.220438,39.325934],[-120.220452,39.325839],[-120.220277,39.32583],[-120.220271,39.325919]]]},"properties":{"APN":"018500062000","ADDRESS":"12010 DONNER PASS ROAD"}},{"type":"Feature","geometry":{"type":"Polygon","coordinates":[[[-120.234696,39.328768],[-120.234697,39.329111],[-120.234909,39.329111],[-120.234909,39.328768],[-120.234696,39.328768]]]},"properties":{"APN":"018512019000","ADDRESS":"12701 PALISADE STREET"}},{"type":"Feature","geometry":{"type":"Polygon","coordinates":[[[-120.235111,39.327522],[-120.235111,39.327917],[-120.235323,39.327917],[-120.235323,39.327472],[-120.235111,39.327522]]]},"properties":{"APN":"018520007000","ADDRESS":"12742 PARKER ROAD"}},{"type":"Feature","geometry":{"type":"Polygon","coordinates":[[[-120.234116,39.327715],[-120.234298,39.327917],[-120.234475,39.327917],[-120.234475,39.327574],[-120.234116,39.327574],[-120.234116,39.327715]]]},"properties":{"APN":"018520010000","ADDRESS":"12690 PARKER ROAD"}},{"type":"Feature","geometry":{"type":"Polygon","coordinates":[[[-120.232148,39.326874],[-120.232065,39.327141],[-120.232331,39.327282],[-120.232529,39.326984],[-120.232395,39.326936],[-120.232255,39.326897],[-120.232148,39.326874]]]},"properties":{"APN":"018520017000","ADDRESS":"10163 THOMAS DRIVE"}},{"type":"Feature","geometry":{"type":"Polygon","coordinates":[[[-120.23249,39.326086],[-120.232482,39.326453],[-120.232694,39.326456],[-120.232702,39.326089],[-120.23249,39.326086]]]},"properties":{"APN":"018520053000","ADDRESS":"12593 SIERRA DRIVE"}},{"type":"Feature","geometry":{"type":"Polygon","coordinates":[[[-120.230705,39.326603],[-120.230597,39.32695],[-120.230803,39.326989],[-120.230911,39.326642],[-120.230705,39.326603]]]},"properties":{"APN":"018531009000","ADDRESS":"12490 SIERRA DRIVE"}},{"type":"Feature","geometry":{"type":"Polygon","coordinates":[[[-120.226737,39.326004],[-120.226725,39.326497],[-120.226938,39.326477],[-120.226949,39.326007],[-120.226827,39.326005],[-120.226737,39.326004]]]},"properties":{"APN":"018534005000","ADDRESS":"12289 SIERRA DRIVE"}},{"type":"Feature","geometry":{"type":"Polygon","coordinates":[[[-120.227585,39.326016],[-120.227576,39.326419],[-120.227788,39.3264],[-120.227797,39.326019],[-120.227604,39.326016],[-120.227585,39.326016]]]},"properties":{"APN":"018534011000","ADDRESS":"12337 SIERRA DRIVE"}},{"type":"Feature","geometry":{"type":"Polygon","coordinates":[[[-120.230224,39.326353],[-120.230334,39.326366],[-120.230341,39.326056],[-120.230202,39.326054],[-120.230094,39.326052],[-120.230087,39.326345],[-120.230196,39.326352],[-120.230224,39.326353]]]},"properties":{"APN":"018534021000","ADDRESS":"12459 SIERRA DRIVE"}},{"type":"Feature","geometry":{"type":"Polygon","coordinates":[[[-120.224146,39.32599],[-120.224143,39.326511],[-120.22439,39.326513],[-120.224393,39.326156],[-120.224605,39.326156],[-120.224606,39.325992],[-120.224146,39.32599]]]},"properties":{"APN":"018540026000","ADDRESS":"12149 SIERRA DRIVE EAST"}},{"type":"Feature","geometry":{"type":"Polygon","coordinates":[[[-120.222875,39.322373],[-120.221532,39.322364],[-120.22282,39.322561],[-120.222875,39.322373]]]},"properties":{"APN":"018560021000","ADDRESS":"UNKNOWN ADDRESS"}},{"type":"Feature","geometry":{"type":"Polygon","coordinates":[[[-120.207009,39.327107],[-120.206869,39.327106],[-120.206867,39.327271],[-120.207007,39.327272],[-120.207009,39.327107]]]},"properties":{"APN":"018570065000","ADDRESS":"11292 DONNER PASS ROAD"}},{"type":"Feature","geometry":{"type":"Polygon","coordinates":[[[-120.215082,39.328975],[-120.215264,39.329149],[-120.215647,39.329049],[-120.215377,39.328789],[-120.215082,39.328975]]]},"properties":{"APN":"018580022000","ADDRESS":"11725 EDMUNDS DRIVE"}},{"type":"Feature","geometry":{"type":"Polygon","coordinates":[[[-120.214558,39.32819],[-120.214637,39.32851],[-120.214874,39.328474],[-120.215065,39.328264],[-120.215074,39.328252],[-120.21508,39.328239],[-120.215083,39.328226],[-120.215084,39.328212],[-120.215081,39.328198],[-120.215076,39.328185],[-120.215067,39.328173],[-120.215056,39.328162],[-120.215043,39.328152],[-120.215028,39.328144],[-120.215012,39.328139],[-120.214994,39.328136],[-120.214976,39.328135],[-120.214768,39.328164],[-120.214558,39.32819]]]},"properties":{"APN":"018580043000","ADDRESS":"10191 DONNER TRAIL ROAD"}},{"type":"Feature","geometry":{"type":"Polygon","coordinates":[[[-120.209796,39.32869],[-120.209794,39.328965],[-120.210041,39.328966],[-120.210043,39.328691],[-120.209796,39.32869]]]},"properties":{"APN":"018590017000","ADDRESS":"11392 VALLEY ROAD"}},{"type":"Feature","geometry":{"type":"Polygon","coordinates":[[[-120.207647,39.328268],[-120.207647,39.328543],[-120.208065,39.328545],[-120.208067,39.32827],[-120.207647,39.328268]]]},"properties":{"APN":"018590033000","ADDRESS":"11311 VALLEY ROAD"}},{"type":"Feature","geometry":{"type":"Polygon","coordinates":[[[-120.208565,39.327861],[-120.208563,39.328135],[-120.209058,39.328138],[-120.20906,39.327863],[-120.208565,39.327861]]]},"properties":{"APN":"018590037000","ADDRESS":"11352 RIDGE ROAD"}},{"type":"Feature","geometry":{"type":"Polygon","coordinates":[[[-120.215594,39.3272],[-120.215683,39.327201],[-120.215684,39.327163],[-120.215681,39.327163],[-120.215681,39.327117],[-120.215595,39.327116],[-120.215595,39.327123],[-120.215587,39.327123],[-120.215587,39.327128],[-120.215584,39.327128],[-120.215585,39.32716],[-120.215588,39.32716],[-120.215588,39.327165],[-120.215594,39.327165],[-120.215594,39.3272]]]},"properties":{"APN":"018600018000","ADDRESS":"UNKNOWN ADDRESS"}},{"type":"Feature","geometry":{"type":"Polygon","coordinates":[[[-120.215837,39.327173],[-120.215878,39.327173],[-120.215879,39.32717],[-120.215884,39.327171],[-120.215884,39.327165],[-120.215893,39.327165],[-120.215894,39.327108],[-120.215879,39.327096],[-120.21579,39.327096],[-120.215789,39.327165],[-120.215832,39.327165],[-120.215832,39.32717],[-120.215837,39.32717],[-120.215837,39.327173]]]},"properties":{"APN":"018600020000","ADDRESS":"UNKNOWN ADDRESS"}},{"type":"Feature","geometry":{"type":"Polygon","coordinates":[[[-120.216085,39.327171],[-120.21609,39.327171],[-120.21609,39.327174],[-120.216139,39.327175],[-120.216139,39.327172],[-120.216145,39.327173],[-120.216145,39.327166],[-120.216153,39.327166],[-120.216154,39.327109],[-120.21614,39.327098],[-120.216043,39.327097],[-120.216042,39.327166],[-120.216085,39.327166],[-120.216085,39.327171]]]},"properties":{"APN":"018600022000","ADDRESS":"UNKNOWN ADDRESS"}},{"type":"Feature","geometry":{"type":"Polygon","coordinates":[[[-120.215695,39.327172],[-120.215737,39.327172],[-120.215738,39.327169],[-120.215743,39.327169],[-120.215743,39.327164],[-120.215789,39.327165],[-120.21579,39.327096],[-120.215697,39.327095],[-120.215682,39.327106],[-120.215681,39.327117],[-120.215681,39.327163],[-120.215684,39.327163],[-120.215689,39.327164],[-120.21569,39.327169],[-120.215695,39.327169],[-120.215695,39.327172]]]},"properties":{"APN":"018600029000","ADDRESS":"UNKNOWN ADDRESS"}},{"type":"Feature","geometry":{"type":"Polygon","coordinates":[[[-120.215545,39.32709],[-120.21562,39.327091],[-120.21562,39.327063],[-120.215662,39.327063],[-120.215664,39.327005],[-120.215664,39.32699],[-120.215547,39.32699],[-120.215546,39.327023],[-120.215539,39.327023],[-120.215539,39.327028],[-120.215536,39.327028],[-120.215535,39.327059],[-120.215538,39.327059],[-120.215538,39.327063],[-120.215546,39.327063],[-120.215545,39.32709]]]},"properties":{"APN":"018600037000","ADDRESS":"UNKNOWN ADDRESS"}},{"type":"Feature","geometry":{"type":"Polygon","coordinates":[[[-120.209399,39.327453],[-120.209397,39.327727],[-120.209556,39.327728],[-120.209558,39.327454],[-120.209399,39.327453]]]},"properties":{"APN":"018610007000","ADDRESS":"11377 RIDGE ROAD"}},{"type":"Feature","geometry":{"type":"Polygon","coordinates":[[[-120.209561,39.327042],[-120.209559,39.327316],[-120.210054,39.327319],[-120.210055,39.327181],[-120.210056,39.327044],[-120.209561,39.327042]]]},"properties":{"APN":"018610017000","ADDRESS":"11390 FOREST LANE"}},{"type":"Feature","geometry":{"type":"Polygon","coordinates":[[[-120.202754,39.325229],[-120.202752,39.325421],[-120.203141,39.325425],[-120.203143,39.325232],[-120.202754,39.325229]]]},"properties":{"APN":"018623008000","ADDRESS":"11060 TAHOE DRIVE"}},{"type":"Feature","geometry":{"type":"Polygon","coordinates":[[[-120.206418,39.324414],[-120.206743,39.324523],[-120.20678,39.324441],[-120.206831,39.324331],[-120.206832,39.324329],[-120.206492,39.324253],[-120.206418,39.324414]]]},"properties":{"APN":"018624010000","ADDRESS":"11274 TAHOE DRIVE"}},{"type":"Feature","geometry":{"type":"Polygon","coordinates":[[[-120.204895,39.32423],[-120.204893,39.324367],[-120.205282,39.32437],[-120.205284,39.324233],[-120.204895,39.32423]]]},"properties":{"APN":"018625004000","ADDRESS":"10122 VISTA AVENUE"}},{"type":"Feature","geometry":{"type":"Polygon","coordinates":[[[-120.205713,39.323879],[-120.205709,39.324181],[-120.205974,39.324183],[-120.205978,39.323881],[-120.205713,39.323879]]]},"properties":{"APN":"018640003000","ADDRESS":"11228 SPRING LANE"}},{"type":"Feature","geometry":{"type":"Polygon","coordinates":[[[-120.201841,39.323452],[-120.201891,39.32376],[-120.202126,39.323718],[-120.202175,39.323715],[-120.202126,39.323419],[-120.201841,39.323452]]]},"properties":{"APN":"018650010000","ADDRESS":"11023 SPRING LANE"}},{"type":"Feature","geometry":{"type":"Polygon","coordinates":[[[-120.216525,39.332816],[-120.216531,39.333176],[-120.217042,39.333169],[-120.217198,39.333168],[-120.21715,39.33246],[-120.217114,39.332466],[-120.21708,39.332475],[-120.217049,39.332489],[-120.21702,39.332506],[-120.216992,39.332514],[-120.216966,39.332526],[-120.216941,39.33254],[-120.21692,39.332557],[-120.216869,39.332612],[-120.216811,39.332663],[-120.216747,39.332709],[-120.216678,39.33275],[-120.216603,39.332786],[-120.216525,39.332816]]]},"properties":{"APN":"018670009000","ADDRESS":"11778 CEDAR TRAIL"}},{"type":"Feature","geometry":{"type":"Polygon","coordinates":[[[-120.214994,39.332775],[-120.215004,39.332779],[-120.215015,39.33278],[-120.215025,39.332781],[-120.215036,39.332781],[-120.215046,39.332779],[-120.215056,39.332776],[-120.215116,39.332736],[-120.215179,39.332698],[-120.215244,39.332663],[-120.215299,39.332633],[-120.21535,39.332599],[-120.215396,39.332561],[-120.215437,39.33252],[-120.215472,39.332476],[-120.215417,39.332443],[-120.215012,39.332198],[-120.21494,39.332258],[-120.214994,39.332775]]]},"properties":{"APN":"018670021000","ADDRESS":"10537 NORTHWOODS BOULEVARD"}},{"type":"Feature","geometry":{"type":"Polygon","coordinates":[[[-120.215671,39.330678],[-120.2162,39.330833],[-120.216352,39.330519],[-120.215809,39.330516],[-120.215705,39.330516],[-120.215671,39.330678]]]},"properties":{"APN":"018680016000","ADDRESS":"10375 NORTHWOODS BOULEVARD"}},{"type":"Feature","geometry":{"type":"Polygon","coordinates":[[[-120.218196,39.32218],[-120.218178,39.322889],[-120.218425,39.322903],[-120.218433,39.322813],[-120.218437,39.322776],[-120.218465,39.322452],[-120.218488,39.322211],[-120.218488,39.3222],[-120.218488,39.322196],[-120.218196,39.32218]]]},"properties":{"APN":"018720002000","ADDRESS":"11880 DEERFIELD DRIVE"}},{"type":"Feature","geometry":{"type":"Polygon","coordinates":[[[-120.217316,39.321471],[-120.217281,39.321473],[-120.217107,39.321497],[-120.217256,39.322035],[-120.217392,39.322017],[-120.217555,39.322006],[-120.217519,39.321457],[-120.217316,39.321471]]]},"properties":{"APN":"018720007000","ADDRESS":"11831 DEERFIELD DRIVE"}},{"type":"Feature","geometry":{"type":"Polygon","coordinates":[[[-120.21617,39.322092],[-120.216483,39.322136],[-120.216547,39.321584],[-120.216234,39.321541],[-120.21617,39.322092]]]},"properties":{"APN":"018730013000","ADDRESS":"11773 DEERFIELD DRIVE"}},{"type":"Feature","geometry":{"type":"Polygon","coordinates":[[[-120.209733,39.319314],[-120.209734,39.318853],[-120.209735,39.31876],[-120.209578,39.318694],[-120.20906,39.318694],[-120.209059,39.318895],[-120.208942,39.318895],[-120.208942,39.319182],[-120.208021,39.319181],[-120.20802,39.319259],[-120.207953,39.319259],[-120.207764,39.319258],[-120.207716,39.319278],[-120.207746,39.319327],[-120.207771,39.319318],[-120.208015,39.319318],[-120.208014,39.319538],[-120.208383,39.319538],[-120.208383,39.319702],[-120.208936,39.319704],[-120.208937,39.319468],[-120.209622,39.319469],[-120.209622,39.320525],[-120.209538,39.320649],[-120.209635,39.320692],[-120.209727,39.320739],[-120.209731,39.319717],[-120.209732,39.319362],[-120.209733,39.319314]]]},"properties":{"APN":"018740014000","ADDRESS":"11399 DEERFIELD DRIVE"}},{"type":"Feature","geometry":{"type":"Polygon","coordinates":[[[-120.207868,39.319529],[-120.20799,39.319781],[-120.208383,39.319781],[-120.208383,39.319702],[-120.208383,39.319538],[-120.208014,39.319538],[-120.208015,39.319318],[-120.207771,39.319318],[-120.207746,39.319327],[-120.207868,39.319529]]]},"properties":{"APN":"018740017000","ADDRESS":"11321 DEERFIELD DRIVE"}},{"type":"Feature","geometry":{"type":"Polygon","coordinates":[[[-120.207868,39.319529],[-120.20799,39.319781],[-120.208383,39.319781],[-120.208383,39.319702],[-120.208383,39.319538],[-120.208014,39.319538],[-120.208015,39.319318],[-120.207771,39.319318],[-120.207746,39.319327],[-120.207868,39.319529]]]},"properties":{"APN":"018740017000","ADDRESS":"11325 DEERFIELD DRIVE"}},{"type":"Feature","geometry":{"type":"Polygon","coordinates":[[[-120.207868,39.319529],[-120.20799,39.319781],[-120.208383,39.319781],[-120.208383,39.319702],[-120.208383,39.319538],[-120.208014,39.319538],[-120.208015,39.319318],[-120.207771,39.319318],[-120.207746,39.319327],[-120.207868,39.319529]]]},"properties":{"APN":"018740017000","ADDRESS":"11329 DEERFIELD DRIVE"}},{"type":"Feature","geometry":{"type":"Polygon","coordinates":[[[-120.207868,39.319529],[-120.20799,39.319781],[-120.208383,39.319781],[-120.208383,39.319702],[-120.208383,39.319538],[-120.208014,39.319538],[-120.208015,39.319318],[-120.207771,39.319318],[-120.207746,39.319327],[-120.207868,39.319529]]]},"properties":{"APN":"018740017000","ADDRESS":"11333 DEERFIELD DRIVE"}},{"type":"Feature","geometry":{"type":"Polygon","coordinates":[[[-120.207868,39.319529],[-120.20799,39.319781],[-120.208383,39.319781],[-120.208383,39.319702],[-120.208383,39.319538],[-120.208014,39.319538],[-120.208015,39.319318],[-120.207771,39.319318],[-120.207746,39.319327],[-120.207868,39.319529]]]},"properties":{"APN":"018740017000","ADDRESS":"11337 DEERFIELD DRIVE"}},{"type":"Feature","geometry":{"type":"Polygon","coordinates":[[[-120.207868,39.319529],[-120.20799,39.319781],[-120.208383,39.319781],[-120.208383,39.319702],[-120.208383,39.319538],[-120.208014,39.319538],[-120.208015,39.319318],[-120.207771,39.319318],[-120.207746,39.319327],[-120.207868,39.319529]]]},"properties":{"APN":"018740017000","ADDRESS":"11339 DEERFIELD DRIVE"}},{"type":"Feature","geometry":{"type":"Polygon","coordinates":[[[-120.208256,39.322032],[-120.20879,39.32235],[-120.208873,39.321723],[-120.208867,39.321661],[-120.208852,39.3216],[-120.208828,39.32154],[-120.208796,39.321484],[-120.208755,39.32143],[-120.208708,39.32138],[-120.208653,39.321335],[-120.208592,39.321295],[-120.208525,39.32126],[-120.208455,39.321232],[-120.20838,39.32121],[-120.208302,39.321194],[-120.208241,39.321187],[-120.208256,39.322032]]]},"properties":{"APN":"018750004000","ADDRESS":"10278 STATE HIGHWAY 89  SOUTH"}},{"type":"Feature","geometry":{"type":"Polygon","coordinates":[[[-120.225372,39.32239],[-120.225052,39.322614],[-120.226571,39.322625],[-120.226562,39.323014],[-120.226632,39.323006],[-120.226642,39.322626],[-120.227172,39.32263],[-120.227178,39.322406],[-120.226432,39.3224],[-120.225372,39.32239]]]},"properties":{"APN":"018760007000","ADDRESS":"12315 DEERFIELD DRIVE"}},{"type":"Feature","geometry":{"type":"Polygon","coordinates":[[[-120.246255,39.327952],[-120.246283,39.327956],[-120.246295,39.327903],[-120.246298,39.327904],[-120.246308,39.327865],[-120.246312,39.327846],[-120.246309,39.327845],[-120.246289,39.327842],[-120.246292,39.327832],[-120.246289,39.327832],[-120.246232,39.327824],[-120.246216,39.327892],[-120.246267,39.3279],[-120.246255,39.327952]]]},"properties":{"APN":"018780005000","ADDRESS":"13397 DONNER PASS ROAD"}},{"type":"Feature","geometry":{"type":"Polygon","coordinates":[[[-120.246111,39.327919],[-120.246139,39.327923],[-120.246151,39.327871],[-120.246202,39.327878],[-120.246218,39.327809],[-120.246162,39.327802],[-120.246159,39.327801],[-120.246156,39.327811],[-120.246137,39.327809],[-120.246134,39.327808],[-120.246129,39.327827],[-120.24612,39.327867],[-120.246123,39.327867],[-120.246111,39.327919]]]},"properties":{"APN":"018780013000","ADDRESS":"13407 DONNER PASS ROAD"}},{"type":"Feature","geometry":{"type":"Polygon","coordinates":[[[-120.246072,39.327933],[-120.2461,39.327937],[-120.246109,39.3279],[-120.246112,39.327885],[-120.246113,39.327885],[-120.246116,39.327886],[-120.24612,39.327867],[-120.246129,39.327827],[-120.246126,39.327827],[-120.246107,39.327824],[-120.246109,39.327814],[-120.246106,39.327813],[-120.246049,39.327805],[-120.246033,39.327874],[-120.246085,39.327881],[-120.246072,39.327933]]]},"properties":{"APN":"018780014000","ADDRESS":"13405 DONNER PASS ROAD"}},{"type":"Feature","geometry":{"type":"Polygon","coordinates":[[[-120.245063,39.328355],[-120.245118,39.328368],[-120.245156,39.328259],[-120.245158,39.328248],[-120.245121,39.32824],[-120.245103,39.328285],[-120.245091,39.328284],[-120.245063,39.328355]]]},"properties":{"APN":"018780019000","ADDRESS":"13360 DONNER PASS ROAD"}},{"type":"Feature","geometry":{"type":"Polygon","coordinates":[[[-120.210645,39.320996],[-120.210712,39.321003],[-120.210713,39.320997],[-120.210741,39.321],[-120.210749,39.320954],[-120.210733,39.320953],[-120.21074,39.320913],[-120.210592,39.320897],[-120.21059,39.320908],[-120.210622,39.320912],[-120.21062,39.320923],[-120.210602,39.320921],[-120.210574,39.320918],[-120.210495,39.32091],[-120.210489,39.320942],[-120.210501,39.320943],[-120.210495,39.320976],[-120.210572,39.320984],[-120.210646,39.320992],[-120.210645,39.320996]]]},"properties":{"APN":"018810002000","ADDRESS":"10564 BOULDERS ROAD"}},{"type":"Feature","geometry":{"type":"Polygon","coordinates":[[[-120.209977,39.319738],[-120.210029,39.319764],[-120.210037,39.319753],[-120.210081,39.319774],[-120.210162,39.319675],[-120.21015,39.31967],[-120.210132,39.319691],[-120.21012,39.319685],[-120.21013,39.319673],[-120.210145,39.319654],[-120.210188,39.319602],[-120.210152,39.319584],[-120.210146,39.319591],[-120.210109,39.319573],[-120.210103,39.319582],[-120.209977,39.319738]]]},"properties":{"APN":"018810042000","ADDRESS":"11420 DOLOMITE WAY"}},{"type":"Feature","geometry":{"type":"Polygon","coordinates":[[[-120.210536,39.319535],[-120.210548,39.319541],[-120.210566,39.31952],[-120.210578,39.319527],[-120.210558,39.319549],[-120.210541,39.319569],[-120.210576,39.319588],[-120.210583,39.31958],[-120.210618,39.319599],[-120.210639,39.319575],[-120.210677,39.319532],[-120.210684,39.319536],[-120.210722,39.319492],[-120.210714,39.319488],[-120.21073,39.31947],[-120.21068,39.319443],[-120.210671,39.319453],[-120.210628,39.319431],[-120.210621,39.319439],[-120.210536,39.319535]]]},"properties":{"APN":"018810060000","ADDRESS":"11429 DOLOMITE WAY"}},{"type":"Feature","geometry":{"type":"Polygon","coordinates":[[[-120.209766,39.319733],[-120.209731,39.319717],[-120.209727,39.320739],[-120.210282,39.321025],[-120.210307,39.320987],[-120.210326,39.320947],[-120.210339,39.320905],[-120.210344,39.320862],[-120.210343,39.320819],[-120.210302,39.320487],[-120.210297,39.320423],[-120.209778,39.320393],[-120.209789,39.320283],[-120.210303,39.320313],[-120.210315,39.320246],[-120.21034,39.320168],[-120.210372,39.320092],[-120.210411,39.320018],[-120.21,39.319836],[-120.209779,39.319738],[-120.209766,39.319733]],[[-120.210248,39.320475],[-120.210243,39.320594],[-120.210251,39.320595],[-120.210249,39.320647],[-120.210239,39.320647],[-120.210238,39.320669],[-120.210177,39.320668],[-120.210177,39.320655],[-120.210126,39.320654],[-120.210126,39.320644],[-120.210074,39.320643],[-120.210074,39.320655],[-120.210013,39.320654],[-120.21001,39.320654],[-120.210009,39.320663],[-120.209949,39.320662],[-120.209949,39.320649],[-120.209897,39.320648],[-120.209898,39.320638],[-120.209846,39.320637],[-120.209845,39.320649],[-120.209786,39.320648],[-120.209787,39.320626],[-120.209778,39.320625],[-120.209781,39.320573],[-120.209786,39.320573],[-120.209789,39.320515],[-120.209791,39.320454],[-120.209834,39.320455],[-120.209835,39.320446],[-120.209877,39.320447],[-120.209875,39.320509],[-120.209874,39.320531],[-120.209873,39.320546],[-120.209887,39.320547],[-120.209889,39.320521],[-120.209903,39.320521],[-120.209917,39.320522],[-120.209916,39.320547],[-120.20993,39.320548],[-120.209931,39.32052],[-120.209934,39.320459],[-120.209977,39.32046],[-120.209977,39.320468],[-120.210019,39.32047],[-120.210019,39.32046],[-120.210062,39.320461],[-120.210063,39.320452],[-120.210106,39.320453],[-120.210103,39.320515],[-120.210102,39.320537],[-120.210101,39.320552],[-120.210116,39.320553],[-120.210117,39.320527],[-120.210131,39.320527],[-120.210145,39.320528],[-120.210144,39.320553],[-120.210158,39.320554],[-120.21016,39.320526],[-120.210162,39.320464],[-120.210205,39.320466],[-120.210205,39.320474],[-120.210248,39.320475]],[[-120.210014,39.320241],[-120.210013,39.320251],[-120.20997,39.320248],[-120.209969,39.320257],[-120.209925,39.320255],[-120.209931,39.320192],[-120.209934,39.320169],[-120.209935,39.320154],[-120.209921,39.320153],[-120.209918,39.320179],[-120.209904,39.320179],[-120.209889,39.320178],[-120.209892,39.320152],[-120.209877,39.320151],[-120.209874,39.320178],[-120.209868,39.320241],[-120.209825,39.320239],[-120.209825,39.32023],[-120.209782,39.320227],[-120.209794,39.320106],[-120.209785,39.320106],[-120.209791,39.320052],[-120.2098,39.320053],[-120.209803,39.32003],[-120.209865,39.320034],[-120.209864,39.320047],[-120.209916,39.32005],[-120.209915,39.32006],[-120.209968,39.320063],[-120.209969,39.32005],[-120.210031,39.320054],[-120.210034,39.320054],[-120.210035,39.320044],[-120.210097,39.320048],[-120.210095,39.320061],[-120.210148,39.320064],[-120.210147,39.320074],[-120.2102,39.320077],[-120.210201,39.320064],[-120.210261,39.320068],[-120.210259,39.32009],[-120.210268,39.320091],[-120.210262,39.320144],[-120.210257,39.320144],[-120.210251,39.320203],[-120.210245,39.320265],[-120.210201,39.320262],[-120.2102,39.320271],[-120.210157,39.320269],[-120.210163,39.320206],[-120.210165,39.320183],[-120.210167,39.320168],[-120.210152,39.320167],[-120.21015,39.320193],[-120.210135,39.320192],[-120.210121,39.320192],[-120.210123,39.320166],[-120.210109,39.320165],[-120.210106,39.320192],[-120.2101,39.320255],[-120.210056,39.320253],[-120.210057,39.320244],[-120.210014,39.320241]]]},"properties":{"APN":"018810071000","ADDRESS":"10583 BOULDERS ROAD"}},{"type":"Feature","geometry":{"type":"Polygon","coordinates":[[[-120.209766,39.319733],[-120.209731,39.319717],[-120.209727,39.320739],[-120.210282,39.321025],[-120.210307,39.320987],[-120.210326,39.320947],[-120.210339,39.320905],[-120.210344,39.320862],[-120.210343,39.320819],[-120.210302,39.320487],[-120.210297,39.320423],[-120.209778,39.320393],[-120.209789,39.320283],[-120.210303,39.320313],[-120.210315,39.320246],[-120.21034,39.320168],[-120.210372,39.320092],[-120.210411,39.320018],[-120.21,39.319836],[-120.209779,39.319738],[-120.209766,39.319733]],[[-120.210248,39.320475],[-120.210243,39.320594],[-120.210251,39.320595],[-120.210249,39.320647],[-120.210239,39.320647],[-120.210238,39.320669],[-120.210177,39.320668],[-120.210177,39.320655],[-120.210126,39.320654],[-120.210126,39.320644],[-120.210074,39.320643],[-120.210074,39.320655],[-120.210013,39.320654],[-120.21001,39.320654],[-120.210009,39.320663],[-120.209949,39.320662],[-120.209949,39.320649],[-120.209897,39.320648],[-120.209898,39.320638],[-120.209846,39.320637],[-120.209845,39.320649],[-120.209786,39.320648],[-120.209787,39.320626],[-120.209778,39.320625],[-120.209781,39.320573],[-120.209786,39.320573],[-120.209789,39.320515],[-120.209791,39.320454],[-120.209834,39.320455],[-120.209835,39.320446],[-120.209877,39.320447],[-120.209875,39.320509],[-120.209874,39.320531],[-120.209873,39.320546],[-120.209887,39.320547],[-120.209889,39.320521],[-120.209903,39.320521],[-120.209917,39.320522],[-120.209916,39.320547],[-120.20993,39.320548],[-120.209931,39.32052],[-120.209934,39.320459],[-120.209977,39.32046],[-120.209977,39.320468],[-120.210019,39.32047],[-120.210019,39.32046],[-120.210062,39.320461],[-120.210063,39.320452],[-120.210106,39.320453],[-120.210103,39.320515],[-120.210102,39.320537],[-120.210101,39.320552],[-120.210116,39.320553],[-120.210117,39.320527],[-120.210131,39.320527],[-120.210145,39.320528],[-120.210144,39.320553],[-120.210158,39.320554],[-120.21016,39.320526],[-120.210162,39.320464],[-120.210205,39.320466],[-120.210205,39.320474],[-120.210248,39.320475]],[[-120.210014,39.320241],[-120.210013,39.320251],[-120.20997,39.320248],[-120.209969,39.320257],[-120.209925,39.320255],[-120.209931,39.320192],[-120.209934,39.320169],[-120.209935,39.320154],[-120.209921,39.320153],[-120.209918,39.320179],[-120.209904,39.320179],[-120.209889,39.320178],[-120.209892,39.320152],[-120.209877,39.320151],[-120.209874,39.320178],[-120.209868,39.320241],[-120.209825,39.320239],[-120.209825,39.32023],[-120.209782,39.320227],[-120.209794,39.320106],[-120.209785,39.320106],[-120.209791,39.320052],[-120.2098,39.320053],[-120.209803,39.32003],[-120.209865,39.320034],[-120.209864,39.320047],[-120.209916,39.32005],[-120.209915,39.32006],[-120.209968,39.320063],[-120.209969,39.32005],[-120.210031,39.320054],[-120.210034,39.320054],[-120.210035,39.320044],[-120.210097,39.320048],[-120.210095,39.320061],[-120.210148,39.320064],[-120.210147,39.320074],[-120.2102,39.320077],[-120.210201,39.320064],[-120.210261,39.320068],[-120.210259,39.32009],[-120.210268,39.320091],[-120.210262,39.320144],[-120.210257,39.320144],[-120.210251,39.320203],[-120.210245,39.320265],[-120.210201,39.320262],[-120.2102,39.320271],[-120.210157,39.320269],[-120.210163,39.320206],[-120.210165,39.320183],[-120.210167,39.320168],[-120.210152,39.320167],[-120.21015,39.320193],[-120.210135,39.320192],[-120.210121,39.320192],[-120.210123,39.320166],[-120.210109,39.320165],[-120.210106,39.320192],[-120.2101,39.320255],[-120.210056,39.320253],[-120.210057,39.320244],[-120.210014,39.320241]]]},"properties":{"APN":"018810071000","ADDRESS":"10601 BOULDERS ROAD"}},{"type":"Feature","geometry":{"type":"Polygon","coordinates":[[[-120.237989,39.328124],[-120.237989,39.328231],[-120.238166,39.328231],[-120.238166,39.327861],[-120.238048,39.32783],[-120.238005,39.327934],[-120.237939,39.328],[-120.237989,39.328124]]]},"properties":{"APN":"018384025000","ADDRESS":"12904 SIERRA DRIVE"}},{"type":"Feature","geometry":{"type":"Polygon","coordinates":[[[-120.240866,39.327514],[-120.241044,39.327564],[-120.241218,39.327175],[-120.241052,39.327128],[-120.240866,39.327514]]]},"properties":{"APN":"018390012000","ADDRESS":"13130 DONNER PASS ROAD"}},{"type":"Feature","geometry":{"type":"Polygon","coordinates":[[[-120.238817,39.326532],[-120.238976,39.32665],[-120.239157,39.326391],[-120.238971,39.326312],[-120.238817,39.326532]]]},"properties":{"APN":"018400010000","ADDRESS":"12984 DONNER PASS ROAD"}},{"type":"Feature","geometry":{"type":"Polygon","coordinates":[[[-120.240514,39.327404],[-120.240689,39.327461],[-120.240887,39.327078],[-120.240724,39.327026],[-120.240514,39.327404]]]},"properties":{"APN":"018400020000","ADDRESS":"13108 DONNER PASS ROAD"}},{"type":"Feature","geometry":{"type":"Polygon","coordinates":[[[-120.236575,39.327282],[-120.236575,39.327573],[-120.236752,39.327573],[-120.236752,39.327292],[-120.236575,39.327282]]]},"properties":{"APN":"018400036000","ADDRESS":"12830 SIERRA DRIVE"}},{"type":"Feature","geometry":{"type":"Polygon","coordinates":[[[-120.242784,39.322558],[-120.243,39.322704],[-120.243502,39.322377],[-120.243556,39.322428],[-120.243601,39.322464],[-120.24365,39.322496],[-120.243705,39.322524],[-120.243762,39.322547],[-120.243823,39.322564],[-120.243886,39.322575],[-120.244348,39.322638],[-120.2445,39.32265],[-120.244653,39.322656],[-120.244806,39.322657],[-120.244959,39.322653],[-120.245059,39.322654],[-120.24529,39.322681],[-120.245353,39.322693],[-120.245429,39.322161],[-120.244138,39.32205],[-120.244014,39.321997],[-120.243253,39.321294],[-120.242024,39.321266],[-120.240989,39.321028],[-120.240636,39.321954],[-120.240903,39.322027],[-120.240971,39.322042],[-120.241225,39.322148],[-120.241514,39.322164],[-120.241828,39.322212],[-120.242097,39.322288],[-120.242382,39.322335],[-120.242676,39.322313],[-120.242805,39.322473],[-120.242784,39.322558]]]},"properties":{"APN":"018470001000","ADDRESS":"N/A"}},{"type":"Feature","geometry":{"type":"Polygon","coordinates":[[[-120.238853,39.321173],[-120.238726,39.321233],[-120.238466,39.321377],[-120.238178,39.321596],[-120.237427,39.322277],[-120.237535,39.322348],[-120.237822,39.322373],[-120.238153,39.322177],[-120.238533,39.321839],[-120.238813,39.321637],[-120.239077,39.321521],[-120.239403,39.321545],[-120.239569,39.32167],[-120.239844,39.321719],[-120.240126,39.321752],[-120.240377,39.321871],[-120.240636,39.321954],[-120.240989,39.321028],[-120.23944,39.320671],[-120.239372,39.321027],[-120.23937,39.321033],[-120.239366,39.32104],[-120.239361,39.321046],[-120.239355,39.321051],[-120.239348,39.321055],[-120.23934,39.321059],[-120.239331,39.321061],[-120.239322,39.321062],[-120.239169,39.321076],[-120.239006,39.321114],[-120.238853,39.321173]]]},"properties":{"APN":"018480001000","ADDRESS":"N/A"}},{"type":"Feature","geometry":{"type":"Polygon","coordinates":[[[-120.221854,39.325644],[-120.221852,39.32598],[-120.221865,39.32598],[-120.221897,39.32598],[-120.221966,39.32598],[-120.222027,39.325981],[-120.222061,39.325981],[-120.2221,39.325981],[-120.222127,39.325981],[-120.222185,39.325981],[-120.222243,39.325982],[-120.222294,39.325982],[-120.222296,39.325607],[-120.221854,39.32564],[-120.221854,39.325644]]]},"properties":{"APN":"018500049000","ADDRESS":"12030 DONNER PASS ROAD"}},{"type":"Feature","geometry":{"type":"Polygon","coordinates":[[[-120.235757,39.328768],[-120.235757,39.329111],[-120.235969,39.329111],[-120.235969,39.328768],[-120.235757,39.328768]]]},"properties":{"APN":"018512023000","ADDRESS":"12763 PALISADE STREET"}},{"type":"Feature","geometry":{"type":"Polygon","coordinates":[[[-120.234908,39.328425],[-120.234909,39.328768],[-120.235121,39.328768],[-120.23512,39.328425],[-120.234908,39.328425]]]},"properties":{"APN":"018512026000","ADDRESS":"12716 LEE ROAD"}},{"type":"Feature","geometry":{"type":"Polygon","coordinates":[[[-120.231529,39.326758],[-120.231422,39.327105],[-120.231628,39.327143],[-120.231736,39.326797],[-120.231529,39.326758]]]},"properties":{"APN":"018520020000","ADDRESS":"10125 THOMAS DRIVE"}},{"type":"Feature","geometry":{"type":"Polygon","coordinates":[[[-120.234283,39.327133],[-120.234283,39.327409],[-120.234562,39.327409],[-120.234562,39.327163],[-120.234283,39.327133]]]},"properties":{"APN":"018520023000","ADDRESS":"12699 PARKER ROAD"}},{"type":"Feature","geometry":{"type":"Polygon","coordinates":[[[-120.23542,39.326941],[-120.235672,39.327004],[-120.235832,39.326621],[-120.235579,39.326558],[-120.23542,39.326941]]]},"properties":{"APN":"018520041000","ADDRESS":"12765 SIERRA DRIVE"}},{"type":"Feature","geometry":{"type":"Polygon","coordinates":[[[-120.234663,39.326751],[-120.234915,39.326814],[-120.235075,39.326431],[-120.234823,39.326368],[-120.234663,39.326751]]]},"properties":{"APN":"018520044000","ADDRESS":"12742 RICHARDS BOULEVARD"}},{"type":"Feature","geometry":{"type":"Polygon","coordinates":[[[-120.231006,39.326065],[-120.230997,39.326432],[-120.231209,39.326435],[-120.231218,39.326068],[-120.231068,39.326066],[-120.231006,39.326065]]]},"properties":{"APN":"018534022000","ADDRESS":"12515 SIERRA DRIVE"}},{"type":"Feature","geometry":{"type":"Polygon","coordinates":[[[-120.229278,39.326297],[-120.229557,39.326313],[-120.229564,39.326044],[-120.229336,39.326041],[-120.229285,39.32604],[-120.229278,39.326297]]]},"properties":{"APN":"018534027000","ADDRESS":"12417 SIERRA DRIVE"}},{"type":"Feature","geometry":{"type":"Polygon","coordinates":[[[-120.22396,39.326675],[-120.223957,39.327019],[-120.224169,39.32702],[-120.224172,39.326676],[-120.22396,39.326675]]]},"properties":{"APN":"018540008000","ADDRESS":"12136 SIERRA DRIVE"}},{"type":"Feature","geometry":{"type":"Polygon","coordinates":[[[-120.226303,39.325999],[-120.226299,39.326521],[-120.226393,39.326521],[-120.22642,39.326521],[-120.226513,39.326516],[-120.226525,39.326001],[-120.226376,39.325999],[-120.226303,39.325999]]]},"properties":{"APN":"018540036000","ADDRESS":"12265 SIERRA DRIVE EAST"}},{"type":"Feature","geometry":{"type":"Polygon","coordinates":[[[-120.225054,39.32578],[-120.225051,39.325959],[-120.225192,39.32596],[-120.225195,39.325782],[-120.225054,39.32578]]]},"properties":{"APN":"018540039000","ADDRESS":"12166 RICHARDS BOULEVARD"}},{"type":"Feature","geometry":{"type":"Polygon","coordinates":[[[-120.232314,39.325726],[-120.232254,39.326083],[-120.232278,39.326083],[-120.23249,39.326086],[-120.232702,39.326089],[-120.232737,39.32609],[-120.232801,39.32591],[-120.23283,39.32583],[-120.232314,39.325726]]]},"properties":{"APN":"018550026000","ADDRESS":"12600 RICHARDS BOULEVARD"}},{"type":"Feature","geometry":{"type":"Polygon","coordinates":[[[-120.214214,39.329308],[-120.214091,39.329575],[-120.214499,39.329574],[-120.214501,39.329299],[-120.2145,39.329287],[-120.214497,39.329276],[-120.214492,39.329264],[-120.214484,39.329254],[-120.214475,39.329244],[-120.214464,39.329236],[-120.214405,39.329214],[-120.214344,39.329197],[-120.214214,39.329308]]]},"properties":{"APN":"018580006000","ADDRESS":"10287 DONNER TRAIL ROAD"}},{"type":"Feature","geometry":{"type":"Polygon","coordinates":[[[-120.215164,39.328441],[-120.215686,39.328595],[-120.215759,39.328354],[-120.215302,39.328285],[-120.215256,39.32834],[-120.215164,39.328441]]]},"properties":{"APN":"018580026000","ADDRESS":"10196 DONNER TRAIL ROAD"}},{"type":"Feature","geometry":{"type":"Polygon","coordinates":[[[-120.212662,39.329086],[-120.212721,39.32909],[-120.21298,39.329083],[-120.212983,39.32867],[-120.212665,39.32867],[-120.212662,39.329086]]]},"properties":{"APN":"018580034000","ADDRESS":"11573 ROCKY LANE"}},{"type":"Feature","geometry":{"type":"Polygon","coordinates":[[[-120.213592,39.328003],[-120.213946,39.328014],[-120.213948,39.327721],[-120.213595,39.327722],[-120.213592,39.328003]]]},"properties":{"APN":"018580048000","ADDRESS":"11629 BROOK LANE"}},{"type":"Feature","geometry":{"type":"Polygon","coordinates":[[[-120.212552,39.327734],[-120.212549,39.328148],[-120.212885,39.328103],[-120.212888,39.327728],[-120.212552,39.327734]]]},"properties":{"APN":"018580051000","ADDRESS":"11567 BROOK LANE"}},{"type":"Feature","geometry":{"type":"Polygon","coordinates":[[[-120.211959,39.327877],[-120.211956,39.328151],[-120.212204,39.328152],[-120.212206,39.327878],[-120.211959,39.327877]]]},"properties":{"APN":"018590044000","ADDRESS":"11535 BROOK LANE"}},{"type":"Feature","geometry":{"type":"Polygon","coordinates":[[[-120.213396,39.326923],[-120.213451,39.326923],[-120.213502,39.326923],[-120.213552,39.326923],[-120.213597,39.326924],[-120.213643,39.326924],[-120.213679,39.326924],[-120.213714,39.326924],[-120.21372,39.326221],[-120.212834,39.326235],[-120.212307,39.326231],[-120.212302,39.326917],[-120.212315,39.326917],[-120.21248,39.326918],[-120.212654,39.326919],[-120.212872,39.32692],[-120.213007,39.326921],[-120.213038,39.326921],[-120.213094,39.326921],[-120.213171,39.326921],[-120.213211,39.326922],[-120.213254,39.326922],[-120.213312,39.326922],[-120.213357,39.326922],[-120.213396,39.326923]]]},"properties":{"APN":"018600010000","ADDRESS":"10041 DONNER TRAIL ROAD"}},{"type":"Feature","geometry":{"type":"Polygon","coordinates":[[[-120.213396,39.326923],[-120.213451,39.326923],[-120.213502,39.326923],[-120.213552,39.326923],[-120.213597,39.326924],[-120.213643,39.326924],[-120.213679,39.326924],[-120.213714,39.326924],[-120.21372,39.326221],[-120.212834,39.326235],[-120.212307,39.326231],[-120.212302,39.326917],[-120.212315,39.326917],[-120.21248,39.326918],[-120.212654,39.326919],[-120.212872,39.32692],[-120.213007,39.326921],[-120.213038,39.326921],[-120.213094,39.326921],[-120.213171,39.326921],[-120.213211,39.326922],[-120.213254,39.326922],[-120.213312,39.326922],[-120.213357,39.326922],[-120.213396,39.326923]]]},"properties":{"APN":"018600010000","ADDRESS":"11570 DONNER PASS ROAD"}},{"type":"Feature","geometry":{"type":"Polygon","coordinates":[[[-120.215837,39.327173],[-120.215878,39.327173],[-120.215879,39.32717],[-120.215884,39.327171],[-120.215884,39.327165],[-120.215893,39.327165],[-120.215894,39.327108],[-120.215879,39.327096],[-120.21579,39.327096],[-120.215789,39.327165],[-120.215832,39.327165],[-120.215832,39.32717],[-120.215837,39.32717],[-120.215837,39.327173]]]},"properties":{"APN":"018600030000","ADDRESS":"UNKNOWN ADDRESS"}},{"type":"Feature","geometry":{"type":"Polygon","coordinates":[[[-120.210053,39.327456],[-120.210051,39.32773],[-120.210546,39.327733],[-120.210548,39.327458],[-120.210053,39.327456]]]},"properties":{"APN":"018610005000","ADDRESS":"10099 MEADOW WAY"}},{"type":"Feature","geometry":{"type":"Polygon","coordinates":[[[-120.206153,39.325345],[-120.205803,39.325506],[-120.205633,39.325563],[-120.205242,39.325651],[-120.204876,39.325683],[-120.204873,39.325958],[-120.20629,39.32597],[-120.206294,39.325603],[-120.206455,39.325513],[-120.206459,39.325142],[-120.206153,39.325345]]]},"properties":{"APN":"018621011000","ADDRESS":"11213 DONNER PASS ROAD"}},{"type":"Feature","geometry":{"type":"Polygon","coordinates":[[[-120.206153,39.325345],[-120.205803,39.325506],[-120.205633,39.325563],[-120.205242,39.325651],[-120.204876,39.325683],[-120.204873,39.325958],[-120.20629,39.32597],[-120.206294,39.325603],[-120.206455,39.325513],[-120.206459,39.325142],[-120.206153,39.325345]]]},"properties":{"APN":"018621011000","ADDRESS":"11213 DONNER PASS ROAD"}},{"type":"Feature","geometry":{"type":"Polygon","coordinates":[[[-120.206153,39.325345],[-120.205803,39.325506],[-120.205633,39.325563],[-120.205242,39.325651],[-120.204876,39.325683],[-120.204873,39.325958],[-120.20629,39.32597],[-120.206294,39.325603],[-120.206455,39.325513],[-120.206459,39.325142],[-120.206153,39.325345]]]},"properties":{"APN":"018621011000","ADDRESS":"11213 DONNER PASS ROAD"}},{"type":"Feature","geometry":{"type":"Polygon","coordinates":[[[-120.206153,39.325345],[-120.205803,39.325506],[-120.205633,39.325563],[-120.205242,39.325651],[-120.204876,39.325683],[-120.204873,39.325958],[-120.20629,39.32597],[-120.206294,39.325603],[-120.206455,39.325513],[-120.206459,39.325142],[-120.206153,39.325345]]]},"properties":{"APN":"018621011000","ADDRESS":"11213 DONNER PASS ROAD"}},{"type":"Feature","geometry":{"type":"Polygon","coordinates":[[[-120.20277,39.324035],[-120.202767,39.324241],[-120.203156,39.324244],[-120.203158,39.324107],[-120.203159,39.324038],[-120.20277,39.324035]]]},"properties":{"APN":"018627006000","ADDRESS":"10136 LAKE AVENUE"}},{"type":"Feature","geometry":{"type":"Polygon","coordinates":[[[-120.203219,39.324862],[-120.203216,39.325068],[-120.203605,39.325071],[-120.203607,39.324865],[-120.203219,39.324862]]]},"properties":{"APN":"018627008000","ADDRESS":"11083 TAHOE DRIVE"}},{"type":"Feature","geometry":{"type":"Polygon","coordinates":[[[-120.201745,39.324405],[-120.201812,39.324813],[-120.202045,39.324789],[-120.202053,39.324789],[-120.202058,39.324374],[-120.201906,39.324389],[-120.201745,39.324405]]]},"properties":{"APN":"018630020000","ADDRESS":"UNKNOWN ADDRESS"}},{"type":"Feature","geometry":{"type":"Polygon","coordinates":[[[-120.204898,39.323513],[-120.204896,39.323708],[-120.20603,39.323717],[-120.20603,39.323685],[-120.204898,39.323513]]]},"properties":{"APN":"018640022000","ADDRESS":"11185 SPRING LANE"}},{"type":"Feature","geometry":{"type":"Polygon","coordinates":[[[-120.202662,39.323389],[-120.202658,39.323691],[-120.202902,39.323693],[-120.202906,39.323391],[-120.202662,39.323389]]]},"properties":{"APN":"018650007000","ADDRESS":"11061 SPRING LANE"}},{"type":"Feature","geometry":{"type":"Polygon","coordinates":[[[-120.215657,39.332632],[-120.215705,39.332657],[-120.215758,39.332678],[-120.215814,39.332692],[-120.215871,39.332701],[-120.21593,39.332703],[-120.216169,39.332698],[-120.216288,39.332453],[-120.215786,39.332306],[-120.2157,39.332484],[-120.215649,39.332569],[-120.215644,39.332578],[-120.215641,39.332587],[-120.21564,39.332597],[-120.215641,39.332606],[-120.215644,39.332615],[-120.21565,39.332624],[-120.215657,39.332632]]]},"properties":{"APN":"018670026000","ADDRESS":"11731 CEDAR TRAIL"}},{"type":"Feature","geometry":{"type":"Polygon","coordinates":[[[-120.212337,39.329582],[-120.212324,39.330789],[-120.213368,39.33074],[-120.213847,39.330552],[-120.214021,39.330625],[-120.21429,39.330282],[-120.214227,39.330275],[-120.214254,39.330112],[-120.213963,39.330082],[-120.214,39.32982],[-120.214035,39.329576],[-120.213856,39.329576],[-120.213573,39.329577],[-120.21329,39.329578],[-120.212971,39.32958],[-120.212894,39.32958],[-120.212816,39.32958],[-120.212759,39.329581],[-120.212405,39.329582],[-120.212337,39.329582]]]},"properties":{"APN":"018680005000","ADDRESS":"10355 DONNER TRAIL ROAD"}},{"type":"Feature","geometry":{"type":"Polygon","coordinates":[[[-120.215788,39.329941],[-120.215929,39.329955],[-120.215966,39.329568],[-120.215896,39.329568],[-120.215648,39.329569],[-120.215646,39.329947],[-120.215788,39.329941]]]},"properties":{"APN":"018680023000","ADDRESS":"11747 BULL PINE TRAIL"}},{"type":"Feature","geometry":{"type":"Polygon","coordinates":[[[-120.215365,39.32957],[-120.215377,39.330015],[-120.215508,39.329972],[-120.215646,39.329947],[-120.215648,39.329569],[-120.215517,39.32957],[-120.215365,39.32957]]]},"properties":{"APN":"018680024000","ADDRESS":"11735 BULL PINE TRAIL"}},{"type":"Feature","geometry":{"type":"Polygon","coordinates":[[[-120.214,39.32982],[-120.214458,39.329829],[-120.214495,39.329655],[-120.214499,39.329574],[-120.214091,39.329575],[-120.214035,39.329576],[-120.214,39.32982]]]},"properties":{"APN":"018680029000","ADDRESS":"10301 DONNER TRAIL ROAD"}},{"type":"Feature","geometry":{"type":"Polygon","coordinates":[[[-120.21217,39.322143],[-120.212084,39.322135],[-120.211998,39.322123],[-120.211914,39.322107],[-120.211916,39.322561],[-120.212172,39.32256],[-120.21217,39.322143]]]},"properties":{"APN":"018750012000","ADDRESS":"11540 DEERFIELD DRIVE"}},{"type":"Feature","geometry":{"type":"Polygon","coordinates":[[[-120.208792,39.320921],[-120.209151,39.32123],[-120.209477,39.320811],[-120.209298,39.320746],[-120.208166,39.320401],[-120.20821,39.320709],[-120.208216,39.3208],[-120.208792,39.320921]],[[-120.20834,39.320776],[-120.20827,39.320775],[-120.208272,39.320693],[-120.208343,39.320676],[-120.20834,39.320776]]]},"properties":{"APN":"018750013000","ADDRESS":"11348 DEERFIELD DRIVE"}},{"type":"Feature","geometry":{"type":"Polygon","coordinates":[[[-120.208792,39.320921],[-120.209151,39.32123],[-120.209477,39.320811],[-120.209298,39.320746],[-120.208166,39.320401],[-120.20821,39.320709],[-120.208216,39.3208],[-120.208792,39.320921]],[[-120.20834,39.320776],[-120.20827,39.320775],[-120.208272,39.320693],[-120.208343,39.320676],[-120.20834,39.320776]]]},"properties":{"APN":"018750013000","ADDRESS":"11420 DEERFIELD DRIVE"}},{"type":"Feature","geometry":{"type":"Polygon","coordinates":[[[-120.245139,39.328409],[-120.245309,39.328447],[-120.24543,39.328117],[-120.24509,39.328041],[-120.244969,39.328371],[-120.245139,39.328409]],[[-120.245302,39.328342],[-120.245274,39.328414],[-120.245225,39.328403],[-120.24517,39.328391],[-120.245116,39.328378],[-120.245118,39.328368],[-120.245063,39.328355],[-120.245012,39.328343],[-120.245052,39.328225],[-120.245093,39.328233],[-120.245077,39.32828],[-120.245091,39.328284],[-120.245103,39.328285],[-120.245121,39.32824],[-120.245158,39.328248],[-120.245156,39.328259],[-120.245196,39.328269],[-120.245181,39.328316],[-120.245195,39.328319],[-120.245207,39.328321],[-120.245225,39.328275],[-120.245268,39.328285],[-120.245306,39.328293],[-120.245288,39.328341],[-120.245302,39.328342]]]},"properties":{"APN":"018780002000","ADDRESS":"13362 DONNER PASS ROAD"}},{"type":"Feature","geometry":{"type":"Polygon","coordinates":[[[-120.245116,39.328378],[-120.24517,39.328391],[-120.245195,39.328319],[-120.245181,39.328316],[-120.245196,39.328269],[-120.245156,39.328259],[-120.245118,39.328368],[-120.245116,39.328378]]]},"properties":{"APN":"018780018000","ADDRESS":"13364 DONNER PASS ROAD"}},{"type":"Feature","geometry":{"type":"Polygon","coordinates":[[[-120.209916,39.32005],[-120.209864,39.320047],[-120.209865,39.320034],[-120.209803,39.32003],[-120.2098,39.320053],[-120.209791,39.320052],[-120.209785,39.320106],[-120.209794,39.320106],[-120.209782,39.320227],[-120.209825,39.32023],[-120.209825,39.320239],[-120.209868,39.320241],[-120.209874,39.320178],[-120.209877,39.320151],[-120.209892,39.320152],[-120.209889,39.320178],[-120.209904,39.320179],[-120.209915,39.32006],[-120.209916,39.32005]]]},"properties":{"APN":"018810025000","ADDRESS":"10601 BOULDERS ROAD"}},{"type":"Feature","geometry":{"type":"Polygon","coordinates":[[[-120.210888,39.320058],[-120.210873,39.320054],[-120.21089,39.320016],[-120.210748,39.319978],[-120.210744,39.319989],[-120.210775,39.319997],[-120.21077,39.320007],[-120.21065,39.319975],[-120.210636,39.320006],[-120.210647,39.320009],[-120.210633,39.320041],[-120.210644,39.320044],[-120.210868,39.320105],[-120.210869,39.320103],[-120.210888,39.320058]]]},"properties":{"APN":"018810034000","ADDRESS":"10620 BOULDERS ROAD"}},{"type":"Feature","geometry":{"type":"Polygon","coordinates":[[[-120.210081,39.319774],[-120.210074,39.319783],[-120.210118,39.319804],[-120.21011,39.319815],[-120.210162,39.31984],[-120.210177,39.319822],[-120.210185,39.319826],[-120.210221,39.319781],[-120.210214,39.319777],[-120.210296,39.319677],[-120.21026,39.319659],[-120.210266,39.319651],[-120.21023,39.319634],[-120.210187,39.319686],[-120.210168,39.319709],[-120.210156,39.319703],[-120.210174,39.319681],[-120.210162,39.319675],[-120.210081,39.319774]]]},"properties":{"APN":"018810045000","ADDRESS":"11420 DOLOMITE WAY"}},{"type":"Feature","geometry":{"type":"Polygon","coordinates":[[[-120.210537,39.319379],[-120.210534,39.319378],[-120.210484,39.319351],[-120.210475,39.319361],[-120.210432,39.319339],[-120.210347,39.319435],[-120.210359,39.319441],[-120.210378,39.31942],[-120.210389,39.319426],[-120.210379,39.319439],[-120.210363,39.319457],[-120.210345,39.319477],[-120.210381,39.319496],[-120.210387,39.319488],[-120.210422,39.319507],[-120.210537,39.319379]]]},"properties":{"APN":"018810062000","ADDRESS":"11429 DOLOMITE WAY"}},{"type":"Feature","geometry":{"type":"Polygon","coordinates":[[[-120.210802,39.319734],[-120.210958,39.319773],[-120.211139,39.319356],[-120.210896,39.319288],[-120.210656,39.319213],[-120.21042,39.319132],[-120.210187,39.319045],[-120.209959,39.318952],[-120.209734,39.318853],[-120.209733,39.319314],[-120.209775,39.319254],[-120.210189,39.319434],[-120.210343,39.319514],[-120.210475,39.319595],[-120.21055,39.319639],[-120.21063,39.319677],[-120.210714,39.319708],[-120.210802,39.319734]],[[-120.210907,39.31972],[-120.210867,39.319707],[-120.210863,39.319715],[-120.210823,39.319703],[-120.210834,39.319683],[-120.210844,39.319663],[-120.210851,39.319649],[-120.210838,39.319645],[-120.210826,39.319669],[-120.210813,39.319665],[-120.210799,39.319661],[-120.210812,39.319637],[-120.210799,39.319633],[-120.210786,39.319658],[-120.210775,39.319677],[-120.210736,39.319665],[-120.21074,39.319657],[-120.210701,39.319644],[-120.210713,39.31962],[-120.210738,39.319572],[-120.210733,39.319571],[-120.210759,39.319522],[-120.210766,39.319525],[-120.210777,39.319504],[-120.210832,39.319522],[-120.210826,39.319533],[-120.210874,39.319548],[-120.210869,39.319557],[-120.210917,39.319572],[-120.210923,39.319561],[-120.210978,39.319578],[-120.210967,39.319598],[-120.210975,39.319601],[-120.210949,39.319649],[-120.210944,39.319648],[-120.210916,39.319701],[-120.210907,39.31972]],[[-120.210578,39.319527],[-120.210566,39.31952],[-120.210548,39.319541],[-120.210536,39.319535],[-120.210524,39.319529],[-120.210543,39.319508],[-120.210531,39.319502],[-120.21052,39.319514],[-120.210504,39.319532],[-120.210487,39.319552],[-120.210451,39.319533],[-120.210458,39.319526],[-120.210422,39.319507],[-120.210387,39.319488],[-120.210381,39.319496],[-120.210345,39.319477],[-120.210363,39.319457],[-120.210379,39.319439],[-120.210389,39.319426],[-120.210378,39.31942],[-120.210359,39.319441],[-120.210347,39.319435],[-120.210335,39.319429],[-120.210354,39.319408],[-120.210342,39.319401],[-120.210322,39.319424],[-120.210305,39.319444],[-120.21027,39.319425],[-120.210276,39.319418],[-120.21024,39.319399],[-120.210262,39.319375],[-120.210299,39.319332],[-120.210292,39.319328],[-120.210331,39.319285],[-120.210339,39.319289],[-120.210355,39.319271],[-120.210405,39.319298],[-120.210396,39.319308],[-120.210439,39.319331],[-120.210432,39.319339],[-120.210475,39.319361],[-120.210484,39.319351],[-120.210534,39.319378],[-120.210537,39.319379],[-120.210587,39.319406],[-120.210578,39.319416],[-120.210621,39.319439],[-120.210628,39.319431],[-120.210671,39.319453],[-120.21068,39.319443],[-120.21073,39.31947],[-120.210714,39.319488],[-120.210722,39.319492],[-120.210684,39.319536],[-120.210677,39.319532],[-120.210639,39.319575],[-120.210618,39.319599],[-120.210583,39.31958],[-120.210576,39.319588],[-120.210541,39.319569],[-120.210558,39.319549],[-120.210578,39.319527]],[[-120.21023,39.319337],[-120.210191,39.319392],[-120.210153,39.319375],[-120.210147,39.319383],[-120.210109,39.319366],[-120.210149,39.319311],[-120.210163,39.319292],[-120.210172,39.319279],[-120.21016,39.319273],[-120.210143,39.319296],[-120.210131,39.31929],[-120.210118,39.319285],[-120.210134,39.319262],[-120.210122,39.319256],[-120.210104,39.319281],[-120.210064,39.319336],[-120.210026,39.319319],[-120.210032,39.319311],[-120.209994,39.319295],[-120.209988,39.319303],[-120.20995,39.319287],[-120.209944,39.319295],[-120.209906,39.319278],[-120.209946,39.319223],[-120.20996,39.319203],[-120.20997,39.31919],[-120.209957,39.319185],[-120.209941,39.319207],[-120.209928,39.319202],[-120.209915,39.319196],[-120.209932,39.319174],[-120.209919,39.319168],[-120.209901,39.319192],[-120.209862,39.319247],[-120.209824,39.319231],[-120.209829,39.319223],[-120.209791,39.319206],[-120.209868,39.319101],[-120.20986,39.319097],[-120.209894,39.319051],[-120.209902,39.319054],[-120.209917,39.319034],[-120.209971,39.319058],[-120.209963,39.319069],[-120.210009,39.319089],[-120.210003,39.319098],[-120.210049,39.319118],[-120.210057,39.319107],[-120.210111,39.319131],[-120.210114,39.319132],[-120.21012,39.319123],[-120.210174,39.319147],[-120.210166,39.319158],[-120.210212,39.319178],[-120.210206,39.319186],[-120.210252,39.319207],[-120.21026,39.319195],[-120.210312,39.319218],[-120.210298,39.319238],[-120.210306,39.319241],[-120.210272,39.319288],[-120.210267,39.319286],[-120.21023,39.319337]]]},"properties":{"APN":"018810074000","ADDRESS":"11411 DOLOMITE WAY"}},{"type":"Feature","geometry":{"type":"Polygon","coordinates":[[[-120.210802,39.319734],[-120.210958,39.319773],[-120.211139,39.319356],[-120.210896,39.319288],[-120.210656,39.319213],[-120.21042,39.319132],[-120.210187,39.319045],[-120.209959,39.318952],[-120.209734,39.318853],[-120.209733,39.319314],[-120.209775,39.319254],[-120.210189,39.319434],[-120.210343,39.319514],[-120.210475,39.319595],[-120.21055,39.319639],[-120.21063,39.319677],[-120.210714,39.319708],[-120.210802,39.319734]],[[-120.210907,39.31972],[-120.210867,39.319707],[-120.210863,39.319715],[-120.210823,39.319703],[-120.210834,39.319683],[-120.210844,39.319663],[-120.210851,39.319649],[-120.210838,39.319645],[-120.210826,39.319669],[-120.210813,39.319665],[-120.210799,39.319661],[-120.210812,39.319637],[-120.210799,39.319633],[-120.210786,39.319658],[-120.210775,39.319677],[-120.210736,39.319665],[-120.21074,39.319657],[-120.210701,39.319644],[-120.210713,39.31962],[-120.210738,39.319572],[-120.210733,39.319571],[-120.210759,39.319522],[-120.210766,39.319525],[-120.210777,39.319504],[-120.210832,39.319522],[-120.210826,39.319533],[-120.210874,39.319548],[-120.210869,39.319557],[-120.210917,39.319572],[-120.210923,39.319561],[-120.210978,39.319578],[-120.210967,39.319598],[-120.210975,39.319601],[-120.210949,39.319649],[-120.210944,39.319648],[-120.210916,39.319701],[-120.210907,39.31972]],[[-120.210578,39.319527],[-120.210566,39.31952],[-120.210548,39.319541],[-120.210536,39.319535],[-120.210524,39.319529],[-120.210543,39.319508],[-120.210531,39.319502],[-120.21052,39.319514],[-120.210504,39.319532],[-120.210487,39.319552],[-120.210451,39.319533],[-120.210458,39.319526],[-120.210422,39.319507],[-120.210387,39.319488],[-120.210381,39.319496],[-120.210345,39.319477],[-120.210363,39.319457],[-120.210379,39.319439],[-120.210389,39.319426],[-120.210378,39.31942],[-120.210359,39.319441],[-120.210347,39.319435],[-120.210335,39.319429],[-120.210354,39.319408],[-120.210342,39.319401],[-120.210322,39.319424],[-120.210305,39.319444],[-120.21027,39.319425],[-120.210276,39.319418],[-120.21024,39.319399],[-120.210262,39.319375],[-120.210299,39.319332],[-120.210292,39.319328],[-120.210331,39.319285],[-120.210339,39.319289],[-120.210355,39.319271],[-120.210405,39.319298],[-120.210396,39.319308],[-120.210439,39.319331],[-120.210432,39.319339],[-120.210475,39.319361],[-120.210484,39.319351],[-120.210534,39.319378],[-120.210537,39.319379],[-120.210587,39.319406],[-120.210578,39.319416],[-120.210621,39.319439],[-120.210628,39.319431],[-120.210671,39.319453],[-120.21068,39.319443],[-120.21073,39.31947],[-120.210714,39.319488],[-120.210722,39.319492],[-120.210684,39.319536],[-120.210677,39.319532],[-120.210639,39.319575],[-120.210618,39.319599],[-120.210583,39.31958],[-120.210576,39.319588],[-120.210541,39.319569],[-120.210558,39.319549],[-120.210578,39.319527]],[[-120.21023,39.319337],[-120.210191,39.319392],[-120.210153,39.319375],[-120.210147,39.319383],[-120.210109,39.319366],[-120.210149,39.319311],[-120.210163,39.319292],[-120.210172,39.319279],[-120.21016,39.319273],[-120.210143,39.319296],[-120.210131,39.31929],[-120.210118,39.319285],[-120.210134,39.319262],[-120.210122,39.319256],[-120.210104,39.319281],[-120.210064,39.319336],[-120.210026,39.319319],[-120.210032,39.319311],[-120.209994,39.319295],[-120.209988,39.319303],[-120.20995,39.319287],[-120.209944,39.319295],[-120.209906,39.319278],[-120.209946,39.319223],[-120.20996,39.319203],[-120.20997,39.31919],[-120.209957,39.319185],[-120.209941,39.319207],[-120.209928,39.319202],[-120.209915,39.319196],[-120.209932,39.319174],[-120.209919,39.319168],[-120.209901,39.319192],[-120.209862,39.319247],[-120.209824,39.319231],[-120.209829,39.319223],[-120.209791,39.319206],[-120.209868,39.319101],[-120.20986,39.319097],[-120.209894,39.319051],[-120.209902,39.319054],[-120.209917,39.319034],[-120.209971,39.319058],[-120.209963,39.319069],[-120.210009,39.319089],[-120.210003,39.319098],[-120.210049,39.319118],[-120.210057,39.319107],[-120.210111,39.319131],[-120.210114,39.319132],[-120.21012,39.319123],[-120.210174,39.319147],[-120.210166,39.319158],[-120.210212,39.319178],[-120.210206,39.319186],[-120.210252,39.319207],[-120.21026,39.319195],[-120.210312,39.319218],[-120.210298,39.319238],[-120.210306,39.319241],[-120.210272,39.319288],[-120.210267,39.319286],[-120.21023,39.319337]]]},"properties":{"APN":"018810074000","ADDRESS":"11429 DOLOMITE WAY"}},{"type":"Feature","geometry":{"type":"Polygon","coordinates":[[[-120.210802,39.319734],[-120.210958,39.319773],[-120.211139,39.319356],[-120.210896,39.319288],[-120.210656,39.319213],[-120.21042,39.319132],[-120.210187,39.319045],[-120.209959,39.318952],[-120.209734,39.318853],[-120.209733,39.319314],[-120.209775,39.319254],[-120.210189,39.319434],[-120.210343,39.319514],[-120.210475,39.319595],[-120.21055,39.319639],[-120.21063,39.319677],[-120.210714,39.319708],[-120.210802,39.319734]],[[-120.210907,39.31972],[-120.210867,39.319707],[-120.210863,39.319715],[-120.210823,39.319703],[-120.210834,39.319683],[-120.210844,39.319663],[-120.210851,39.319649],[-120.210838,39.319645],[-120.210826,39.319669],[-120.210813,39.319665],[-120.210799,39.319661],[-120.210812,39.319637],[-120.210799,39.319633],[-120.210786,39.319658],[-120.210775,39.319677],[-120.210736,39.319665],[-120.21074,39.319657],[-120.210701,39.319644],[-120.210713,39.31962],[-120.210738,39.319572],[-120.210733,39.319571],[-120.210759,39.319522],[-120.210766,39.319525],[-120.210777,39.319504],[-120.210832,39.319522],[-120.210826,39.319533],[-120.210874,39.319548],[-120.210869,39.319557],[-120.210917,39.319572],[-120.210923,39.319561],[-120.210978,39.319578],[-120.210967,39.319598],[-120.210975,39.319601],[-120.210949,39.319649],[-120.210944,39.319648],[-120.210916,39.319701],[-120.210907,39.31972]],[[-120.210578,39.319527],[-120.210566,39.31952],[-120.210548,39.319541],[-120.210536,39.319535],[-120.210524,39.319529],[-120.210543,39.319508],[-120.210531,39.319502],[-120.21052,39.319514],[-120.210504,39.319532],[-120.210487,39.319552],[-120.210451,39.319533],[-120.210458,39.319526],[-120.210422,39.319507],[-120.210387,39.319488],[-120.210381,39.319496],[-120.210345,39.319477],[-120.210363,39.319457],[-120.210379,39.319439],[-120.210389,39.319426],[-120.210378,39.31942],[-120.210359,39.319441],[-120.210347,39.319435],[-120.210335,39.319429],[-120.210354,39.319408],[-120.210342,39.319401],[-120.210322,39.319424],[-120.210305,39.319444],[-120.21027,39.319425],[-120.210276,39.319418],[-120.21024,39.319399],[-120.210262,39.319375],[-120.210299,39.319332],[-120.210292,39.319328],[-120.210331,39.319285],[-120.210339,39.319289],[-120.210355,39.319271],[-120.210405,39.319298],[-120.210396,39.319308],[-120.210439,39.319331],[-120.210432,39.319339],[-120.210475,39.319361],[-120.210484,39.319351],[-120.210534,39.319378],[-120.210537,39.319379],[-120.210587,39.319406],[-120.210578,39.319416],[-120.210621,39.319439],[-120.210628,39.319431],[-120.210671,39.319453],[-120.21068,39.319443],[-120.21073,39.31947],[-120.210714,39.319488],[-120.210722,39.319492],[-120.210684,39.319536],[-120.210677,39.319532],[-120.210639,39.319575],[-120.210618,39.319599],[-120.210583,39.31958],[-120.210576,39.319588],[-120.210541,39.319569],[-120.210558,39.319549],[-120.210578,39.319527]],[[-120.21023,39.319337],[-120.210191,39.319392],[-120.210153,39.319375],[-120.210147,39.319383],[-120.210109,39.319366],[-120.210149,39.319311],[-120.210163,39.319292],[-120.210172,39.319279],[-120.21016,39.319273],[-120.210143,39.319296],[-120.210131,39.31929],[-120.210118,39.319285],[-120.210134,39.319262],[-120.210122,39.319256],[-120.210104,39.319281],[-120.210064,39.319336],[-120.210026,39.319319],[-120.210032,39.319311],[-120.209994,39.319295],[-120.209988,39.319303],[-120.20995,39.319287],[-120.209944,39.319295],[-120.209906,39.319278],[-120.209946,39.319223],[-120.20996,39.319203],[-120.20997,39.31919],[-120.209957,39.319185],[-120.209941,39.319207],[-120.209928,39.319202],[-120.209915,39.319196],[-120.209932,39.319174],[-120.209919,39.319168],[-120.209901,39.319192],[-120.209862,39.319247],[-120.209824,39.319231],[-120.209829,39.319223],[-120.209791,39.319206],[-120.209868,39.319101],[-120.20986,39.319097],[-120.209894,39.319051],[-120.209902,39.319054],[-120.209917,39.319034],[-120.209971,39.319058],[-120.209963,39.319069],[-120.210009,39.319089],[-120.210003,39.319098],[-120.210049,39.319118],[-120.210057,39.319107],[-120.210111,39.319131],[-120.210114,39.319132],[-120.21012,39.319123],[-120.210174,39.319147],[-120.210166,39.319158],[-120.210212,39.319178],[-120.210206,39.319186],[-120.210252,39.319207],[-120.21026,39.319195],[-120.210312,39.319218],[-120.210298,39.319238],[-120.210306,39.319241],[-120.210272,39.319288],[-120.210267,39.319286],[-120.21023,39.319337]]]},"properties":{"APN":"018810074000","ADDRESS":"11455 DOLOMITE WAY"}},{"type":"Feature","geometry":{"type":"Polygon","coordinates":[[[-120.210979,39.32059],[-120.21098,39.320612],[-120.210983,39.320674],[-120.211026,39.320672],[-120.211025,39.320664],[-120.211068,39.320662],[-120.211068,39.320653],[-120.211059,39.32047],[-120.211056,39.32047],[-120.210996,39.320472],[-120.210996,39.320484],[-120.210945,39.320486],[-120.210951,39.320602],[-120.210965,39.320601],[-120.210964,39.320576],[-120.210978,39.320576],[-120.210979,39.32059]]]},"properties":{"APN":"018820002000","ADDRESS":"10885 CINNABAR WAY"}},{"type":"Feature","geometry":{"type":"Polygon","coordinates":[[[-120.210971,39.321038],[-120.210971,39.321048],[-120.211023,39.321046],[-120.211023,39.321058],[-120.211083,39.321057],[-120.211083,39.321047],[-120.211074,39.320864],[-120.211033,39.320866],[-120.211032,39.320857],[-120.21099,39.320858],[-120.210993,39.32092],[-120.210994,39.320947],[-120.21098,39.320947],[-120.210979,39.320922],[-120.210965,39.320922],[-120.210971,39.321038]]]},"properties":{"APN":"018820011000","ADDRESS":"10863 CINNABAR WAY"}},{"type":"Feature","geometry":{"type":"Polygon","coordinates":[[[-120.222325,39.326668],[-120.222323,39.327012],[-120.222364,39.327012],[-120.222408,39.327012],[-120.222445,39.327012],[-120.222479,39.327012],[-120.222489,39.327012],[-120.222498,39.327012],[-120.222508,39.327012],[-120.222509,39.327012],[-120.222513,39.327012],[-120.222517,39.327012],[-120.222525,39.327012],[-120.222535,39.327012],[-120.222537,39.326669],[-120.222325,39.326668]]]},"properties":{"APN":"018540014000","ADDRESS":"12048 SIERRA DRIVE"}},{"type":"Feature","geometry":{"type":"Polygon","coordinates":[[[-120.22463,39.325776],[-120.224771,39.325777],[-120.224913,39.325779],[-120.225054,39.32578],[-120.225195,39.325782],[-120.225192,39.32596],[-120.225051,39.325959],[-120.22491,39.325957],[-120.224768,39.325956],[-120.224627,39.325954],[-120.224485,39.325953],[-120.224488,39.325775],[-120.224304,39.325796],[-120.224289,39.325837],[-120.224199,39.325959],[-120.224146,39.32599],[-120.224606,39.325992],[-120.224818,39.325993],[-120.22503,39.325994],[-120.225242,39.325995],[-120.225454,39.325995],[-120.225587,39.325996],[-120.22559,39.325558],[-120.225423,39.325584],[-120.224948,39.325722],[-120.224488,39.325775],[-120.22463,39.325776]]]},"properties":{"APN":"018540037000","ADDRESS":"12166 RICHARDS BOULEVARD"}},{"type":"Feature","geometry":{"type":"Polygon","coordinates":[[[-120.227901,39.325283],[-120.227893,39.32602],[-120.22801,39.326022],[-120.228181,39.326025],[-120.22819,39.325262],[-120.227901,39.325283]]]},"properties":{"APN":"018550028000","ADDRESS":"12356 RICHARDS BOULEVARD"}},{"type":"Feature","geometry":{"type":"Polygon","coordinates":[[[-120.230505,39.325463],[-120.23049,39.326058],[-120.230582,39.326059],[-120.230779,39.326062],[-120.230793,39.325517],[-120.230505,39.325463]]]},"properties":{"APN":"018550037000","ADDRESS":"12492 RICHARDS BOULEVARD"}},{"type":"Feature","geometry":{"type":"Polygon","coordinates":[[[-120.211612,39.325972],[-120.211612,39.32601],[-120.212819,39.326022],[-120.214372,39.325976],[-120.214372,39.325962],[-120.214325,39.323565],[-120.214117,39.323527],[-120.211643,39.323502],[-120.210582,39.323524],[-120.208506,39.32404],[-120.208171,39.324369],[-120.208165,39.325207],[-120.208163,39.325399],[-120.209541,39.325408],[-120.210035,39.325411],[-120.210388,39.325413],[-120.211017,39.325417],[-120.211016,39.325526],[-120.211617,39.325529],[-120.211612,39.325972]]]},"properties":{"APN":"018570022000","ADDRESS":"11603 DONNER PASS ROAD"}},{"type":"Feature","geometry":{"type":"Polygon","coordinates":[[[-120.211612,39.325972],[-120.211612,39.32601],[-120.212819,39.326022],[-120.214372,39.325976],[-120.214372,39.325962],[-120.214325,39.323565],[-120.214117,39.323527],[-120.211643,39.323502],[-120.210582,39.323524],[-120.208506,39.32404],[-120.208171,39.324369],[-120.208165,39.325207],[-120.208163,39.325399],[-120.209541,39.325408],[-120.210035,39.325411],[-120.210388,39.325413],[-120.211017,39.325417],[-120.211016,39.325526],[-120.211617,39.325529],[-120.211612,39.325972]]]},"properties":{"APN":"018570022000","ADDRESS":"11643 DONNER PASS ROAD"}},{"type":"Feature","geometry":{"type":"Polygon","coordinates":[[[-120.211612,39.325972],[-120.211612,39.32601],[-120.212819,39.326022],[-120.214372,39.325976],[-120.214372,39.325962],[-120.214325,39.323565],[-120.214117,39.323527],[-120.211643,39.323502],[-120.210582,39.323524],[-120.208506,39.32404],[-120.208171,39.324369],[-120.208165,39.325207],[-120.208163,39.325399],[-120.209541,39.325408],[-120.210035,39.325411],[-120.210388,39.325413],[-120.211017,39.325417],[-120.211016,39.325526],[-120.211617,39.325529],[-120.211612,39.325972]]]},"properties":{"APN":"018570022000","ADDRESS":"11695 DONNER PASS ROAD"}},{"type":"Feature","geometry":{"type":"Polygon","coordinates":[[[-120.207576,39.326973],[-120.207011,39.326968],[-120.207009,39.327107],[-120.207007,39.327272],[-120.207007,39.327296],[-120.207042,39.327297],[-120.207041,39.327365],[-120.207232,39.327367],[-120.207228,39.327628],[-120.207574,39.32763],[-120.207576,39.326973]]]},"properties":{"APN":"018570033000","ADDRESS":"11310 DONNER PASS ROAD"}},{"type":"Feature","geometry":{"type":"Polygon","coordinates":[[[-120.207505,39.328681],[-120.206937,39.328681],[-120.206936,39.329271],[-120.207573,39.329271],[-120.207573,39.329092],[-120.207573,39.328681],[-120.207505,39.328681]]]},"properties":{"APN":"018570061000","ADDRESS":"11280 VALLEY ROAD"}},{"type":"Feature","geometry":{"type":"Polygon","coordinates":[[[-120.213293,39.329199],[-120.21329,39.329578],[-120.213573,39.329577],[-120.213576,39.329127],[-120.21342,39.329165],[-120.213293,39.329199]]]},"properties":{"APN":"018580003000","ADDRESS":"11612 ROCKY LANE"}},{"type":"Feature","geometry":{"type":"Polygon","coordinates":[[[-120.215597,39.328651],[-120.215933,39.328974],[-120.215981,39.328958],[-120.216025,39.328937],[-120.216066,39.328911],[-120.2161,39.328881],[-120.216129,39.328847],[-120.216151,39.328811],[-120.216166,39.328772],[-120.216173,39.328732],[-120.216184,39.328598],[-120.215686,39.328595],[-120.215597,39.328651]]]},"properties":{"APN":"018580020000","ADDRESS":"11775 EDMUNDS DRIVE"}},{"type":"Feature","geometry":{"type":"Polygon","coordinates":[[[-120.211699,39.329386],[-120.211698,39.329585],[-120.212051,39.329583],[-120.212054,39.329148],[-120.211741,39.329125],[-120.211736,39.329125],[-120.211701,39.329125],[-120.211699,39.329386]]]},"properties":{"APN":"018590002000","ADDRESS":"11524 ROCKY LANE"}},{"type":"Feature","geometry":{"type":"Polygon","coordinates":[[[-120.207648,39.327856],[-120.207647,39.328131],[-120.208068,39.328133],[-120.20807,39.327858],[-120.207648,39.327856]]]},"properties":{"APN":"018590034000","ADDRESS":"11312 RIDGE ROAD"}},{"type":"Feature","geometry":{"type":"Polygon","coordinates":[[[-120.208317,39.32786],[-120.208315,39.328134],[-120.208563,39.328135],[-120.208565,39.327861],[-120.208317,39.32786]]]},"properties":{"APN":"018590036000","ADDRESS":"11336 RIDGE ROAD"}},{"type":"Feature","geometry":{"type":"Polygon","coordinates":[[[-120.215749,39.327368],[-120.215835,39.327369],[-120.215838,39.327369],[-120.215839,39.327323],[-120.21584,39.327286],[-120.215751,39.327285],[-120.21575,39.32732],[-120.215743,39.32732],[-120.215743,39.327325],[-120.215739,39.327325],[-120.215738,39.327357],[-120.215742,39.327358],[-120.215742,39.327361],[-120.215748,39.327361],[-120.215749,39.327368]]]},"properties":{"APN":"018600049000","ADDRESS":"UNKNOWN ADDRESS"}},{"type":"Feature","geometry":{"type":"Polygon","coordinates":[[[-120.211219,39.327461],[-120.211217,39.327736],[-120.211369,39.327737],[-120.211371,39.327462],[-120.211219,39.327461]]]},"properties":{"APN":"018610003000","ADDRESS":"11480 GLEN ROAD"}},{"type":"Feature","geometry":{"type":"Polygon","coordinates":[[[-120.203951,39.325678],[-120.203948,39.325953],[-120.204089,39.325954],[-120.204093,39.325679],[-120.203951,39.325678]]]},"properties":{"APN":"018622002000","ADDRESS":"11105 DONNER PASS ROAD"}},{"type":"Feature","geometry":{"type":"Polygon","coordinates":[[[-120.20381,39.325677],[-120.203806,39.325951],[-120.203948,39.325953],[-120.203951,39.325678],[-120.20381,39.325677]]]},"properties":{"APN":"018622003000","ADDRESS":"10020 SIERRA AVENUE"}},{"type":"Feature","geometry":{"type":"Polygon","coordinates":[[[-120.203031,39.325671],[-120.203027,39.325967],[-120.203169,39.325961],[-120.203173,39.325672],[-120.203031,39.325671]]]},"properties":{"APN":"018623003000","ADDRESS":"11061 DONNER PASS ROAD"}},{"type":"Feature","geometry":{"type":"Polygon","coordinates":[[[-120.202749,39.325614],[-120.202749,39.325669],[-120.20289,39.32567],[-120.203031,39.325671],[-120.203173,39.325672],[-120.203243,39.325672],[-120.203597,39.325675],[-120.203598,39.32562],[-120.203209,39.325617],[-120.203212,39.32537],[-120.203214,39.325233],[-120.203143,39.325232],[-120.203141,39.325425],[-120.203138,39.325617],[-120.202749,39.325614]]]},"properties":{"APN":"018623006000","ADDRESS":"N/A"}},{"type":"Feature","geometry":{"type":"Polygon","coordinates":[[[-120.205349,39.324673],[-120.205347,39.32481],[-120.205701,39.324813],[-120.205703,39.324675],[-120.205349,39.324673]]]},"properties":{"APN":"018625011000","ADDRESS":"11225 TAHOE DRIVE"}},{"type":"Feature","geometry":{"type":"Polygon","coordinates":[[[-120.203827,39.324387],[-120.203823,39.324661],[-120.204212,39.324664],[-120.204215,39.32439],[-120.203827,39.324387]]]},"properties":{"APN":"018626004000","ADDRESS":"10106 SIERRA AVENUE"}},{"type":"Feature","geometry":{"type":"Polygon","coordinates":[[[-120.203221,39.324656],[-120.203219,39.324862],[-120.203607,39.324865],[-120.20361,39.324659],[-120.203221,39.324656]]]},"properties":{"APN":"018627009000","ADDRESS":"10091 SIERRA AVENUE"}},{"type":"Feature","geometry":{"type":"Polygon","coordinates":[[[-120.20315,39.323393],[-120.203146,39.323695],[-120.203389,39.323697],[-120.203393,39.323395],[-120.20315,39.323393]]]},"properties":{"APN":"018640015000","ADDRESS":"11091 SPRING LANE"}},{"type":"Feature","geometry":{"type":"Polygon","coordinates":[[[-120.215014,39.322145],[-120.215014,39.322793],[-120.21535,39.322791],[-120.21535,39.322145],[-120.215014,39.322145]]]},"properties":{"APN":"018730005000","ADDRESS":"11708 DEERFIELD DRIVE"}},{"type":"Feature","geometry":{"type":"Polygon","coordinates":[[[-120.213325,39.322146],[-120.213329,39.322556],[-120.213665,39.322555],[-120.213661,39.322146],[-120.213325,39.322146]]]},"properties":{"APN":"018730010000","ADDRESS":"11618 DEERFIELD DRIVE"}},{"type":"Feature","geometry":{"type":"Polygon","coordinates":[[[-120.214738,39.321447],[-120.214738,39.321996],[-120.215092,39.321996],[-120.215091,39.321447],[-120.214738,39.321447]]]},"properties":{"APN":"018730017000","ADDRESS":"11695 DEERFIELD DRIVE"}},{"type":"Feature","geometry":{"type":"Polygon","coordinates":[[[-120.212692,39.322147],[-120.212427,39.322147],[-120.212429,39.322559],[-120.212694,39.322558],[-120.212692,39.322147]]]},"properties":{"APN":"018750010000","ADDRESS":"11566 DEERFIELD DRIVE"}},{"type":"Feature","geometry":{"type":"Polygon","coordinates":[[[-120.226571,39.322625],[-120.225052,39.322614],[-120.224904,39.322746],[-120.225087,39.322745],[-120.225206,39.322747],[-120.225325,39.322756],[-120.225443,39.32277],[-120.225559,39.32279],[-120.225674,39.322816],[-120.225786,39.322847],[-120.225895,39.322884],[-120.226002,39.322926],[-120.226076,39.322955],[-120.226153,39.322978],[-120.226232,39.322996],[-120.226314,39.323009],[-120.226396,39.323016],[-120.226479,39.323018],[-120.226562,39.323014],[-120.226571,39.322625]]]},"properties":{"APN":"018760008000","ADDRESS":"12277 DEERFIELD DRIVE"}},{"type":"Feature","geometry":{"type":"Polygon","coordinates":[[[-120.245775,39.327607],[-120.245773,39.327964],[-120.24647,39.328118],[-120.246575,39.327832],[-120.246655,39.327613],[-120.246535,39.327583],[-120.246564,39.327505],[-120.246366,39.327445],[-120.246346,39.327498],[-120.245777,39.327327],[-120.245775,39.327607]],[[-120.246311,39.327865],[-120.24633,39.327868],[-120.246333,39.327858],[-120.246336,39.327858],[-120.246392,39.327866],[-120.246449,39.327874],[-120.246452,39.327875],[-120.24645,39.327885],[-120.246469,39.327888],[-120.246455,39.327946],[-120.246443,39.327998],[-120.246415,39.327994],[-120.246428,39.327942],[-120.246376,39.327935],[-120.246325,39.327927],[-120.246313,39.32798],[-120.246285,39.327976],[-120.246297,39.327924],[-120.246294,39.327923],[-120.246298,39.327904],[-120.246295,39.327903],[-120.246283,39.327956],[-120.246255,39.327952],[-120.246267,39.3279],[-120.246216,39.327892],[-120.246232,39.327824],[-120.246289,39.327832],[-120.246292,39.327832],[-120.246289,39.327842],[-120.246309,39.327845],[-120.246312,39.327846],[-120.246308,39.327865],[-120.246311,39.327865]],[[-120.2461,39.327937],[-120.246072,39.327933],[-120.246085,39.327881],[-120.246033,39.327874],[-120.245982,39.327867],[-120.24597,39.327919],[-120.245942,39.327915],[-120.245954,39.327863],[-120.245968,39.327805],[-120.245987,39.327807],[-120.245989,39.327797],[-120.245992,39.327798],[-120.246049,39.327805],[-120.246106,39.327813],[-120.246109,39.327814],[-120.246107,39.327824],[-120.246126,39.327827],[-120.246129,39.327827],[-120.246134,39.327808],[-120.246137,39.327809],[-120.246156,39.327811],[-120.246159,39.327801],[-120.246162,39.327802],[-120.246218,39.327809],[-120.246202,39.327878],[-120.246151,39.327871],[-120.246139,39.327923],[-120.246111,39.327919],[-120.246123,39.327867],[-120.24612,39.327867],[-120.246116,39.327886],[-120.246113,39.327885],[-120.246112,39.327885],[-120.246109,39.3279],[-120.2461,39.327937]],[[-120.245897,39.327773],[-120.245883,39.327825],[-120.245863,39.327821],[-120.245851,39.327864],[-120.245786,39.327853],[-120.245798,39.32781],[-120.245792,39.327809],[-120.245812,39.327736],[-120.245903,39.327751],[-120.245899,39.327766],[-120.245904,39.327767],[-120.245902,39.327774],[-120.245897,39.327773]]]},"properties":{"APN":"018780001000","ADDRESS":"13447 DONNER PASS ROAD"}},{"type":"Feature","geometry":{"type":"Polygon","coordinates":[[[-120.246285,39.327976],[-120.246313,39.32798],[-120.246325,39.327927],[-120.246376,39.327935],[-120.246392,39.327866],[-120.246336,39.327858],[-120.246333,39.327858],[-120.24633,39.327868],[-120.246311,39.327865],[-120.246308,39.327865],[-120.246298,39.327904],[-120.246294,39.327923],[-120.246297,39.327924],[-120.246285,39.327976]]]},"properties":{"APN":"018780004000","ADDRESS":"13399 DONNER PASS ROAD"}},{"type":"Feature","geometry":{"type":"Polygon","coordinates":[[[-120.245012,39.328343],[-120.245063,39.328355],[-120.245091,39.328284],[-120.245077,39.32828],[-120.245093,39.328233],[-120.245052,39.328225],[-120.245012,39.328343]]]},"properties":{"APN":"018780020000","ADDRESS":"13356 DONNER PASS ROAD"}},{"type":"Feature","geometry":{"type":"Polygon","coordinates":[[[-120.21001,39.320654],[-120.210013,39.320654],[-120.210074,39.320655],[-120.210074,39.320643],[-120.210126,39.320644],[-120.210131,39.320527],[-120.210117,39.320527],[-120.210116,39.320553],[-120.210101,39.320552],[-120.210102,39.320537],[-120.210103,39.320515],[-120.210106,39.320453],[-120.210063,39.320452],[-120.210062,39.320461],[-120.210019,39.32046],[-120.210019,39.32047],[-120.21001,39.320654]]]},"properties":{"APN":"018810018000","ADDRESS":"10583 BOULDERS ROAD"}}]}